time,open,high,low,close,volume
1566547200,0.67542,0.6761,0.67502,0.67592,8491
1566561600,0.67593,0.67607,0.67357,0.67407,9810
1566576000,0.67407,0.67776,0.67393,0.67483,17157
1566590400,0.67484,0.67551,0.67458,0.67485,8342
1566777600,0.67358,0.67415,0.66892,0.67191,17041
1566792000,0.67191,0.675,0.67191,0.67322,21873
1566806400,0.67322,0.67637,0.67261,0.67602,18409
1566820800,0.67601,0.67699,0.67565,0.6764,12870
1566835200,0.6764,0.67878,0.67595,0.67819,14132
1566849600,0.67819,0.67827,0.67719,0.67756,6250
1566864000,0.67756,0.67796,0.6767,0.67699,5869
1566878400,0.67701,0.67766,0.67544,0.67584,12960
1566892800,0.67585,0.67606,0.67463,0.67508,11418
1566907200,0.67508,0.67719,0.67508,0.67673,9218
1566921600,0.67673,0.67675,0.67508,0.67526,11390
1566936000,0.67527,0.67583,0.67492,0.67519,4680
1566950400,0.67517,0.67568,0.67486,0.67506,7649
1566964800,0.67506,0.67621,0.67349,0.67382,11756
1566979200,0.6738,0.6752,0.67348,0.67435,8915
1566993600,0.67436,0.67485,0.67389,0.67466,7941
1567008000,0.67466,0.67503,0.67357,0.67434,10253
1567022400,0.67434,0.67465,0.67322,0.67329,4661
1567036800,0.67327,0.67439,0.67312,0.67417,9314
1567051200,0.67417,0.67417,0.67235,0.67246,12465
1567065600,0.67246,0.67445,0.67167,0.67439,11513
1567080000,0.67439,0.67529,0.67392,0.67436,8764
1567094400,0.67437,0.6744,0.67264,0.67313,9605
1567108800,0.67314,0.67339,0.67252,0.67287,4683
1567123200,0.67278,0.67359,0.67223,0.67232,8827
1567137600,0.67233,0.67256,0.67057,0.67159,11295
1567152000,0.67159,0.67242,0.67094,0.67181,9698
1567166400,0.67179,0.6731,0.67172,0.67231,7003
1567180800,0.67231,0.67399,0.67226,0.67263,9625
1567195200,0.67263,0.67386,0.67176,0.67357,5610
1567382400,0.67236,0.6734,0.67185,0.67196,12052
1567396800,0.67197,0.67345,0.67195,0.67257,10406
1567411200,0.67257,0.67313,0.6721,0.67235,6792
1567425600,0.67235,0.67274,0.67098,0.67119,5457
1567440000,0.67119,0.67296,0.67107,0.67162,4016
1567454400,0.67162,0.67216,0.67136,0.67149,1322
1567468800,0.67132,0.67186,0.67074,0.67091,7928
1567483200,0.67091,0.67117,0.66874,0.67104,12637
1567497600,0.67105,0.67267,0.67062,0.67251,10926
1567512000,0.67251,0.67342,0.67212,0.67304,6733
1567526400,0.67303,0.67599,0.67284,0.67559,9196
1567540800,0.67558,0.67635,0.67551,0.6762,4298
1567555200,0.67619,0.677,0.67543,0.67634,5792
1567569600,0.67634,0.67836,0.67611,0.67747,11304
1567584000,0.67747,0.6786,0.67703,0.67849,8607
1567598400,0.6785,0.6792,0.67824,0.67879,6630
1567612800,0.67879,0.68006,0.67818,0.67968,8123
1567627200,0.67967,0.67995,0.6793,0.6797,4716
1567641600,0.67953,0.68026,0.67935,0.67975,6250
1567656000,0.67974,0.68251,0.67974,0.68139,14989
1567670400,0.68139,0.68194,0.68068,0.68118,8706
1567684800,0.68118,0.68256,0.68095,0.68176,7473
1567699200,0.68175,0.68297,0.68077,0.68211,8725
1567713600,0.68212,0.6822,0.68138,0.68139,4101
1567728000,0.68139,0.6817,0.68093,0.68139,6464
1567742400,0.6814,0.68233,0.68067,0.68174,10617
1567756800,0.68173,0.6833,0.6816,0.68324,7796
1567771200,0.68324,0.68474,0.68295,0.68409,9070
1567785600,0.68408,0.68614,0.68408,0.68479,8378
1567800000,0.6848,0.68561,0.68442,0.68489,4514
1567987200,0.68369,0.68493,0.68369,0.6839,13910
1568001600,0.68391,0.68585,0.68384,0.68562,15675
1568016000,0.68563,0.68687,0.68535,0.68683,10250
1568030400,0.68683,0.68723,0.68643,0.68689,8324
1568044800,0.68688,0.68757,0.68654,0.68666,8401
1568059200,0.68667,0.68726,0.68609,0.68637,4614
1568073600,0.68589,0.68667,0.68585,0.686,15500
1568088000,0.686,0.68687,0.68502,0.68563,16410
1568102400,0.68563,0.68689,0.68521,0.68579,9554
1568116800,0.68579,0.68629,0.68524,0.68598,6927
1568131200,0.68599,0.68699,0.68487,0.68649,10008
1568145600,0.68648,0.68664,0.68568,0.68604,8112
1568160000,0.68604,0.68631,0.68497,0.68524,10755
1568174400,0.68524,0.68847,0.68484,0.68735,20765
1568188800,0.68734,0.68802,0.68624,0.68649,9734
1568203200,0.68649,0.6871,0.68605,0.68638,7604
1568217600,0.68639,0.68652,0.68556,0.68591,7146
1568232000,0.6859,0.68643,0.68577,0.6863,3940
1568246400,0.68626,0.68814,0.686,0.68724,13011
1568260800,0.68723,0.68871,0.68674,0.68817,20419
1568275200,0.68816,0.68872,0.68789,0.68807,7434
1568289600,0.68808,0.68837,0.68647,0.68671,10856
1568304000,0.6867,0.68945,0.68621,0.68739,22883
1568318400,0.68739,0.68811,0.68601,0.68644,7093
1568332800,0.68644,0.68685,0.68587,0.68665,17606
1568347200,0.68665,0.68745,0.68633,0.6873,16151
1568361600,0.6873,0.68769,0.68676,0.68761,9844
1568376000,0.6876,0.6882,0.68648,0.68734,6809
1568390400,0.68734,0.68904,0.68695,0.68831,9214
1568404800,0.68831,0.68864,0.68761,0.68761,4469
1568592000,0.68611,0.68833,0.68592,0.68731,19575
1568606400,0.68731,0.68795,0.68676,0.68769,18536
1568620800,0.68769,0.68828,0.68672,0.68823,7668
1568635200,0.68823,0.68837,0.68607,0.68621,6954
1568649600,0.68621,0.68665,0.68537,0.68635,10107
1568664000,0.68635,0.687,0.68592,0.68654,6201
1568678400,0.68648,0.68696,0.686,0.6862,22030
1568692800,0.68621,0.68636,0.68344,0.68356,29073
1568707200,0.68357,0.68454,0.68303,0.68366,10605
1568721600,0.68365,0.68443,0.68314,0.68396,5926
1568736000,0.68396,0.68624,0.68332,0.68622,14324
1568750400,0.68622,0.68679,0.68592,0.68658,5632
1568764800,0.68653,0.68689,0.68539,0.68561,18526
1568779200,0.68561,0.6857,0.68453,0.68456,18527
1568793600,0.68455,0.68513,0.68284,0.68342,10312
1568808000,0.68343,0.68472,0.68315,0.68458,5197
1568822400,0.68459,0.68517,0.68376,0.68497,6255
1568836800,0.68496,0.68577,0.68121,0.68288,17743
1568851200,0.68287,0.68313,0.6808,0.68102,16887
1568865600,0.68103,0.68142,0.67812,0.67861,27961
1568880000,0.67861,0.6797,0.678,0.67941,11038
1568894400,0.67941,0.6798,0.67865,0.67975,5684
1568908800,0.67976,0.68042,0.67929,0.68022,6521
1568923200,0.68022,0.68084,0.67907,0.6793,5021
1568937600,0.6793,0.67963,0.67783,0.67828,17803
1568952000,0.67828,0.67984,0.67812,0.67949,19155
1568966400,0.67949,0.68087,0.67911,0.67911,11736
1568980800,0.67911,0.67969,0.67834,0.67836,6968
1568995200,0.67837,0.67839,0.67652,0.67657,7552
1569009600,0.67658,0.67675,0.676,0.67633,6171
1569196800,0.67713,0.67729,0.67641,0.67684,14971
1569211200,0.67683,0.67813,0.67681,0.67772,15968
1569225600,0.67772,0.67792,0.67651,0.67682,13546
1569240000,0.67681,0.67734,0.6766,0.6767,5049
1569254400,0.6767,0.67771,0.67667,0.67686,6595
1569268800,0.67686,0.67758,0.67673,0.6772,3820
1569283200,0.67718,0.67788,0.67705,0.67737,15103
1569297600,0.67736,0.67863,0.6765,0.67751,17243
1569312000,0.67751,0.67835,0.67706,0.67796,8630
1569326400,0.67796,0.6806,0.67783,0.67965,7695
1569340800,0.67964,0.68049,0.67883,0.67995,8185
1569355200,0.67995,0.68026,0.67918,0.67986,5732
1569369600,0.6798,0.6802,0.67889,0.67925,15669
1569384000,0.67925,0.68037,0.67786,0.67831,30416
1569398400,0.67832,0.67875,0.67724,0.67783,10310
1569412800,0.67783,0.67821,0.67607,0.67626,4860
1569427200,0.67626,0.67629,0.67387,0.67486,7826
1569441600,0.67486,0.67573,0.67472,0.67496,3588
1569456000,0.67496,0.67604,0.6747,0.67497,15569
1569470400,0.67498,0.67642,0.6746,0.67632,26438
1569484800,0.67632,0.67632,0.67481,0.67588,12518
1569499200,0.67589,0.67806,0.67553,0.67737,7478
1569513600,0.67738,0.67772,0.67491,0.67492,9319
1569528000,0.67493,0.67547,0.67458,0.67477,5191
1569542400,0.67472,0.67541,0.67432,0.67521,11867
1569556800,0.67521,0.67633,0.67472,0.67573,21051
1569571200,0.67572,0.67631,0.67536,0.67611,11477
1569585600,0.67612,0.67659,0.67466,0.67597,6744
1569600000,0.67598,0.67791,0.67536,0.67594,12264
1569614400,0.67595,0.67676,0.67573,0.67642,3749
1569801600,0.67605,0.67653,0.67546,0.67569,5236
1569816000,0.67569,0.67703,0.67538,0.67562,11496
1569830400,0.67562,0.67579,0.67452,0.67514,7129
1569844800,0.67515,0.67597,0.67474,0.67509,6668
1569859200,0.67508,0.67639,0.67409,0.67472,10156
1569873600,0.67472,0.67532,0.67469,0.67497,3762
1569888000,0.67496,0.67594,0.67487,0.67549,5045
1569902400,0.67548,0.67761,0.67249,0.6732,17260
1569916800,0.6732,0.67321,0.66944,0.66981,10682
1569931200,0.66982,0.67081,0.66875,0.66881,10354
1569945600,0.66882,0.67053,0.66715,0.67038,18891
1569960000,0.67038,0.67057,0.66973,0.67036,5243
1569974400,0.67036,0.67136,0.66982,0.67104,7593
1569988800,0.67104,0.67185,0.671,0.67135,10431
1570003200,0.67134,0.67163,0.66819,0.66824,9889
1570017600,0.66824,0.66892,0.66705,0.66892,9827
1570032000,0.66893,0.67039,0.66873,0.66991,10085
1570046400,0.66991,0.67086,0.66985,0.67068,4666
1570060800,0.67055,0.67152,0.6703,0.67093,14167
1570075200,0.67094,0.67194,0.67078,0.67166,14383
1570089600,0.67167,0.67274,0.67021,0.67192,9416
1570104000,0.67192,0.67285,0.67123,0.67258,8078
1570118400,0.67257,0.67528,0.67199,0.67481,15142
1570132800,0.67481,0.67524,0.67392,0.67412,5119
1570147200,0.67412,0.67536,0.67384,0.67523,7309
1570161600,0.67523,0.67594,0.67472,0.67514,17189
1570176000,0.67514,0.67589,0.67491,0.67569,9620
1570190400,0.6757,0.6767,0.6744,0.67567,11802
1570204800,0.67567,0.67715,0.6755,0.67691,11002
1570219200,0.67691,0.67737,0.67648,0.67649,3957
1570406400,0.67524,0.6765,0.67518,0.6762,10358
1570420800,0.67619,0.67621,0.67472,0.67493,10080
1570435200,0.67493,0.67548,0.67326,0.67333,9552
1570449600,0.67332,0.67446,0.67318,0.67439,6775
1570464000,0.6744,0.67506,0.67335,0.67379,7580
1570478400,0.67377,0.67441,0.67294,0.67319,4658
1570492800,0.67305,0.67351,0.67283,0.67299,6932
1570507200,0.67298,0.67491,0.67287,0.67475,12139
1570521600,0.67475,0.67569,0.67437,0.67541,8202
1570536000,0.67542,0.67555,0.67361,0.67427,9497
1570550400,0.67428,0.6745,0.67229,0.67311,10069
1570564800,0.67311,0.67373,0.67242,0.67273,8860
1570579200,0.67265,0.67347,0.67223,0.67315,6219
1570593600,0.67317,0.67433,0.67311,0.67359,12065
1570608000,0.67359,0.67448,0.67306,0.67411,8876
1570622400,0.67411,0.67499,0.67403,0.67422,10003
1570636800,0.67423,0.67454,0.67257,0.67279,7847
1570651200,0.67279,0.67332,0.67228,0.67237,5251
1570665600,0.67224,0.67266,0.67101,0.6716,19247
1570680000,0.67161,0.67569,0.67129,0.67449,29007
1570694400,0.67449,0.67539,0.67421,0.67531,9469
1570708800,0.6753,0.67694,0.67508,0.67561,9118
1570723200,0.67561,0.67742,0.67475,0.67671,14758
1570737600,0.67671,0.6772,0.6759,0.67612,5615
1570752000,0.67599,0.67711,0.67529,0.67668,10320
1570766400,0.67668,0.67816,0.67616,0.67766,11984
1570780800,0.67766,0.67936,0.67708,0.67921,13030
1570795200,0.67921,0.68052,0.67881,0.67908,11597
1570809600,0.67908,0.68103,0.67893,0.68029,16418
1570824000,0.68027,0.6806,0.67886,0.67909,7971
1571011200,0.67868,0.68013,0.67789,0.67826,9402
1571025600,0.67825,0.67912,0.6771,0.67857,22251
1571040000,0.67858,0.67881,0.67602,0.6765,9551
1571054400,0.6765,0.67668,0.67515,0.67534,6967
1571068800,0.67535,0.67774,0.67509,0.6777,9137
1571083200,0.67772,0.67786,0.67717,0.67767,3967
1571097600,0.67729,0.67791,0.67642,0.67736,6975
1571112000,0.67736,0.67885,0.67703,0.67719,11003
1571126400,0.6772,0.67763,0.67627,0.6767,9660
1571140800,0.67669,0.67675,0.67478,0.67556,8022
1571155200,0.67557,0.67689,0.67423,0.67572,20250
1571169600,0.67572,0.67592,0.675,0.67566,6867
1571184000,0.67518,0.67554,0.67364,0.67391,11328
1571198400,0.67392,0.67402,0.67255,0.67318,13499
1571212800,0.67319,0.67459,0.67304,0.67431,10939
1571227200,0.67431,0.67434,0.67234,0.67289,9373
1571241600,0.6729,0.67653,0.67233,0.6762,8466
1571256000,0.6762,0.67641,0.6755,0.67591,5000
1571270400,0.67541,0.67897,0.67503,0.67861,9241
1571284800,0.6786,0.67914,0.67767,0.67844,9754
1571299200,0.67843,0.68059,0.67755,0.68044,8219
1571313600,0.68045,0.68329,0.68026,0.682,14959
1571328000,0.68201,0.68307,0.68153,0.68238,9037
1571342400,0.68238,0.68284,0.68194,0.68253,4679
1571356800,0.68248,0.68323,0.68211,0.68296,6078
1571371200,0.68296,0.68385,0.68233,0.68298,9885
1571385600,0.68299,0.68423,0.68279,0.6837,6605
1571400000,0.6837,0.6848,0.68327,0.68439,5795
1571414400,0.6844,0.68526,0.68383,0.68477,7153
1571428800,0.68477,0.68566,0.68467,0.68546,3966
1571616000,0.68449,0.68581,0.68395,0.68579,11771
1571630400,0.68579,0.68653,0.68551,0.68591,8925
1571644800,0.68592,0.68795,0.68573,0.68753,8683
1571659200,0.68754,0.68802,0.68737,0.68738,5385
1571673600,0.68738,0.68791,0.68616,0.68669,7575
1571688000,0.68669,0.68678,0.6862,0.68672,2965
1571702400,0.68661,0.68775,0.68622,0.68748,7046
1571716800,0.68748,0.68826,0.68625,0.68747,7782
1571731200,0.68748,0.68808,0.68583,0.68614,8727
1571745600,0.68615,0.68642,0.68502,0.68542,6200
1571760000,0.68542,0.68692,0.68535,0.68656,8466
1571774400,0.68656,0.68697,0.68502,0.68573,10897
1571788800,0.68548,0.68621,0.685,0.68589,8967
1571803200,0.6859,0.68602,0.68336,0.68423,10215
1571817600,0.68423,0.68484,0.68362,0.68413,9927
1571832000,0.68413,0.68496,0.68369,0.6849,7239
1571846400,0.68491,0.68494,0.68381,0.68468,7491
1571860800,0.68468,0.68571,0.68443,0.68538,4872
1571875200,0.68515,0.68543,0.68438,0.68465,5496
1571889600,0.68465,0.68575,0.68428,0.68428,7539
1571904000,0.68428,0.68482,0.68248,0.68291,10042
1571918400,0.68293,0.68445,0.68248,0.68415,8043
1571932800,0.68416,0.68416,0.68106,0.682,13060
1571947200,0.68199,0.68226,0.6816,0.68172,5023
1571961600,0.68161,0.68194,0.68105,0.68189,5644
1571976000,0.6819,0.68207,0.68089,0.68168,4863
1571990400,0.68168,0.68335,0.68168,0.68313,6954
1572004800,0.68312,0.68323,0.68215,0.68244,5447
1572019200,0.68245,0.68362,0.68197,0.68205,8614
1572033600,0.68205,0.6823,0.68177,0.68202,2922
1572220800,0.68222,0.68257,0.68156,0.68169,10913
1572235200,0.6817,0.68188,0.68106,0.68157,5540
1572249600,0.68157,0.68299,0.68131,0.68281,6865
1572264000,0.68282,0.68334,0.68212,0.68265,5879
1572278400,0.68266,0.68452,0.68243,0.68436,6517
1572292800,0.68437,0.68443,0.68362,0.68374,3190
1572307200,0.68376,0.68437,0.68352,0.68429,11051
1572321600,0.68429,0.6856,0.68422,0.68546,10012
1572336000,0.68547,0.68594,0.68452,0.68467,8374
1572350400,0.68466,0.68603,0.68426,0.68567,8071
1572364800,0.68568,0.68716,0.68552,0.68596,9281
1572379200,0.68597,0.6866,0.68585,0.68613,3262
1572393600,0.68619,0.68715,0.68484,0.68625,11926
1572408000,0.68624,0.68647,0.68553,0.68622,7809
1572422400,0.68621,0.68756,0.6861,0.68733,8411
1572436800,0.68732,0.68751,0.68531,0.68589,10118
1572451200,0.6859,0.68763,0.68557,0.68659,10203
1572465600,0.68662,0.69018,0.68489,0.68993,14710
1572480000,0.69005,0.69246,0.68965,0.69246,11663
1572494400,0.69245,0.69295,0.69173,0.69223,10408
1572508800,0.69223,0.6924,0.68878,0.6892,13927
1572523200,0.6892,0.69141,0.68889,0.69014,13824
1572537600,0.69013,0.69025,0.68848,0.68876,12760
1572552000,0.68876,0.68956,0.6883,0.68913,4318
1572566400,0.68916,0.69094,0.68837,0.69092,7561
1572580800,0.69092,0.69093,0.69009,0.69018,5731
1572595200,0.6902,0.69116,0.6892,0.68945,6683
1572609600,0.68946,0.69054,0.68897,0.68971,11120
1572624000,0.68976,0.69212,0.6897,0.69118,11663
1572638400,0.69117,0.69146,0.69054,0.69121,3261
1572825600,0.69131,0.69176,0.69032,0.69137,6842
1572840000,0.69136,0.69231,0.6913,0.69196,5428
1572854400,0.69195,0.69249,0.69089,0.6913,7990
1572868800,0.69131,0.69138,0.69033,0.69039,6022
1572883200,0.69039,0.69076,0.68934,0.68968,6336
1572897600,0.68968,0.68968,0.68769,0.68854,4669
1572912000,0.68806,0.68956,0.68763,0.68852,12178
1572926400,0.68851,0.6907,0.68779,0.69016,11691
1572940800,0.69017,0.69267,0.68999,0.69248,11624
1572955200,0.69249,0.69278,0.69081,0.69114,9119
1572969600,0.69115,0.69117,0.68836,0.68932,12324
1572984000,0.68933,0.68977,0.68898,0.68929,4836
1572998400,0.6894,0.6898,0.68859,0.68938,7195
1573012800,0.68939,0.69003,0.68909,0.68987,6173
1573027200,0.68986,0.69073,0.6884,0.69005,7743
1573041600,0.69006,0.69048,0.68949,0.69019,5605
1573056000,0.69018,0.69018,0.68687,0.68753,10084
1573070400,0.68753,0.68852,0.68718,0.68844,3594
1573084800,0.68821,0.68844,0.68653,0.68681,5777
1573099200,0.68681,0.68723,0.68614,0.68708,5955
1573113600,0.68708,0.69088,0.68701,0.69036,14290
1573128000,0.69036,0.69114,0.68913,0.68929,9241
1573142400,0.68929,0.69132,0.68819,0.69036,11995
1573156800,0.69037,0.69125,0.68964,0.68987,6375
1573171200,0.6895,0.69061,0.68795,0.68819,9550
1573185600,0.68819,0.68846,0.6875,0.6882,8881
1573200000,0.6882,0.68867,0.68678,0.68689,7391
1573214400,0.68689,0.68717,0.68616,0.6865,6848
1573228800,0.6865,0.6866,0.68474,0.68525,8490
1573243200,0.68526,0.68594,0.68511,0.68578,2487
1573430400,0.68545,0.68609,0.68515,0.68523,5524
1573444800,0.68523,0.68584,0.68481,0.68565,4575
1573459200,0.68565,0.68632,0.68486,0.6861,6899
1573473600,0.68609,0.68652,0.68491,0.68558,6027
1573488000,0.68558,0.68571,0.68467,0.68537,4217
1573502400,0.68538,0.68579,0.6849,0.68496,2986
1573516800,0.68482,0.68538,0.68413,0.68426,6029
1573531200,0.68427,0.68519,0.68316,0.68507,8598
1573545600,0.68508,0.6857,0.68356,0.68415,9230
1573560000,0.68415,0.68502,0.68337,0.68473,8622
1573574400,0.68474,0.68491,0.68312,0.68449,8545
1573588800,0.68449,0.68472,0.68385,0.68405,4949
1573603200,0.68389,0.68569,0.68302,0.68395,13848
1573617600,0.68394,0.68453,0.68332,0.68436,9489
1573632000,0.68437,0.68489,0.68254,0.68264,10284
1573646400,0.68264,0.68297,0.6821,0.68283,7181
1573660800,0.68283,0.68355,0.68228,0.68321,7709
1573675200,0.68321,0.68389,0.68287,0.68374,4168
1573689600,0.68368,0.68409,0.68017,0.68068,11216
1573704000,0.68068,0.68068,0.67952,0.68026,11506
1573718400,0.68026,0.68065,0.6792,0.6794,11559
1573732800,0.67941,0.67994,0.67763,0.67769,8189
1573747200,0.67769,0.67837,0.67694,0.67828,7820
1573761600,0.67827,0.67874,0.67791,0.67855,4547
1573776000,0.67841,0.67983,0.6783,0.67966,7818
1573790400,0.67966,0.67979,0.679,0.67903,5654
1573804800,0.67903,0.67976,0.67827,0.67873,6853
1573819200,0.67873,0.68051,0.67804,0.68049,7525
1573833600,0.6805,0.68161,0.68025,0.68137,7157
1573848000,0.68138,0.68219,0.68134,0.68198,2218
1574035200,0.68123,0.68196,0.68098,0.68169,7293
1574049600,0.6817,0.68194,0.68071,0.68099,5945
1574064000,0.68098,0.68196,0.68092,0.68122,6409
1574078400,0.68122,0.68154,0.67986,0.6803,5814
1574092800,0.6803,0.68221,0.68003,0.68199,7264
1574107200,0.68199,0.68201,0.68073,0.6808,2463
1574121600,0.68045,0.68107,0.67849,0.67914,6876
1574136000,0.67914,0.68007,0.6788,0.67992,6105
1574150400,0.67993,0.68132,0.67972,0.68118,6251
1574164800,0.68119,0.68325,0.68096,0.68283,5872
1574179200,0.68284,0.68345,0.68204,0.68278,7041
1574193600,0.68277,0.68286,0.68244,0.68286,2936
1574208000,0.68274,0.68308,0.68099,0.68136,9950
1574222400,0.68136,0.68211,0.68135,0.68149,4563
1574236800,0.68149,0.6822,0.68005,0.68109,8036
1574251200,0.6811,0.68157,0.68075,0.68117,5825
1574265600,0.68117,0.68211,0.67922,0.67948,7814
1574280000,0.67948,0.68013,0.67898,0.68008,5048
1574294400,0.67995,0.68033,0.67855,0.67881,9790
1574308800,0.67881,0.68039,0.6788,0.67979,13243
1574323200,0.6798,0.68077,0.67927,0.68033,9793
1574337600,0.68032,0.68138,0.68025,0.68038,7791
1574352000,0.68039,0.68047,0.67889,0.67891,8219
1574366400,0.67891,0.67894,0.6783,0.6787,3106
1574380800,0.67856,0.6795,0.67851,0.67932,7150
1574395200,0.67932,0.67936,0.67848,0.6785,5227
1574409600,0.6785,0.68032,0.67847,0.67914,10618
1574424000,0.67914,0.67948,0.67831,0.67932,6737
1574438400,0.67933,0.67941,0.67802,0.67817,7497
1574452800,0.67817,0.67868,0.6781,0.67833,2943
1574640000,0.67889,0.6799,0.67867,0.67977,5807
1574654400,0.67976,0.6799,0.67927,0.67965,5680
1574668800,0.67966,0.67973,0.67859,0.67885,6204
1574683200,0.67885,0.67926,0.67727,0.67819,5757
1574697600,0.6782,0.67822,0.67678,0.67711,6660
1574712000,0.6771,0.67789,0.67705,0.67769,3246
1574726400,0.67776,0.6786,0.67716,0.67775,7751
1574740800,0.67776,0.67835,0.6773,0.67831,6930
1574755200,0.67831,0.67953,0.67677,0.67792,10021
1574769600,0.67792,0.67849,0.67749,0.67799,6610
1574784000,0.67799,0.67889,0.67719,0.67868,8898
1574798400,0.67869,0.67898,0.67841,0.6787,3524
1574812800,0.6785,0.6789,0.67824,0.67873,5903
1574827200,0.67872,0.67909,0.67718,0.67746,6004
1574841600,0.67745,0.6785,0.67733,0.67837,6829
1574856000,0.67836,0.67888,0.67802,0.6784,6284
1574870400,0.6784,0.67851,0.67746,0.67766,6839
1574884800,0.67766,0.67812,0.67734,0.6774,3978
1574899200,0.6774,0.67776,0.67589,0.67703,8748
1574913600,0.67704,0.67705,0.67615,0.67653,4338
1574928000,0.67653,0.67687,0.67615,0.67632,5196
1574942400,0.67633,0.67724,0.67621,0.67699,4948
1574956800,0.67698,0.67712,0.67635,0.67653,2681
1574971200,0.67654,0.67694,0.67644,0.67688,3150
1574985600,0.67679,0.67712,0.67632,0.67663,6409
1575000000,0.67663,0.67769,0.67643,0.67749,5411
1575014400,0.67749,0.67793,0.67719,0.67768,4105
1575028800,0.67767,0.67781,0.6763,0.67631,4821
1575043200,0.67631,0.67675,0.6754,0.67635,8807
1575057600,0.67636,0.67656,0.67517,0.67551,1941
1575244800,0.67671,0.67743,0.67613,0.67723,7245
1575259200,0.67724,0.67776,0.67711,0.67758,5412
1575273600,0.67758,0.67869,0.67726,0.67849,5891
1575288000,0.67849,0.67951,0.67835,0.67939,6459
1575302400,0.6794,0.68223,0.67932,0.68155,11393
1575316800,0.68156,0.68258,0.6815,0.68187,4050
1575331200,0.68165,0.68242,0.68148,0.6817,7776
1575345600,0.6817,0.68474,0.68158,0.6844,8834
1575360000,0.68441,0.6861,0.68378,0.68591,6501
1575374400,0.6859,0.68618,0.68353,0.68369,9222
1575388800,0.6837,0.68485,0.68342,0.68419,9895
1575403200,0.68419,0.68479,0.68394,0.68476,3454
1575417600,0.68447,0.68534,0.683,0.68365,11871
1575432000,0.68366,0.68386,0.68212,0.68226,6737
1575446400,0.68225,0.68326,0.68128,0.6828,9286
1575460800,0.68281,0.6846,0.68236,0.68447,6891
1575475200,0.68448,0.68549,0.684,0.68523,10447
1575489600,0.68523,0.68534,0.68473,0.6848,3225
1575504000,0.68452,0.68547,0.68331,0.68462,10915
1575518400,0.68462,0.68493,0.68347,0.68399,5395
1575532800,0.68399,0.68477,0.68309,0.68331,6455
1575547200,0.68329,0.6834,0.6823,0.6824,5128
1575561600,0.68239,0.68364,0.68205,0.68349,5930
1575576000,0.6835,0.68371,0.68297,0.68313,3390
1575590400,0.68315,0.68402,0.683,0.6837,8083
1575604800,0.68369,0.68433,0.6836,0.68406,6113
1575619200,0.68405,0.68462,0.68393,0.68455,6027
1575633600,0.68454,0.6857,0.68331,0.68439,7665
1575648000,0.68439,0.68462,0.68232,0.684,9015
1575662400,0.68399,0.68414,0.68355,0.6841,2580
1575849600,0.68304,0.68381,0.68295,0.68327,6824
1575864000,0.68328,0.68352,0.6829,0.68329,4894
1575878400,0.6833,0.68355,0.68212,0.68249,5695
1575892800,0.6825,0.68288,0.682,0.68262,4563
1575907200,0.68263,0.68358,0.68233,0.68304,5503
1575921600,0.68303,0.68339,0.68258,0.68261,3637
1575936000,0.68259,0.6829,0.68178,0.68277,6213
1575950400,0.68278,0.68372,0.68221,0.68237,5302
1575964800,0.68236,0.68296,0.68104,0.68138,6085
1575979200,0.68138,0.68161,0.68,0.68101,8457
1575993600,0.68101,0.68152,0.68058,0.68106,7660
1576008000,0.68106,0.68162,0.68092,0.68121,4196
1576022400,0.68056,0.68155,0.68042,0.68154,12416
1576036800,0.68153,0.68178,0.68064,0.68173,6393
1576051200,0.68174,0.6831,0.68161,0.68298,5803
1576065600,0.68298,0.68467,0.68297,0.6844,6300
1576080000,0.6844,0.68671,0.68439,0.68639,7350
1576094400,0.68639,0.68891,0.686,0.68767,9884
1576108800,0.68741,0.6884,0.68673,0.68839,7773
1576123200,0.68838,0.6889,0.68802,0.68806,5066
1576137600,0.68805,0.68857,0.68778,0.6881,4563
1576152000,0.68811,0.68957,0.68807,0.68927,8885
1576166400,0.68926,0.69086,0.68867,0.6892,18490
1576180800,0.68921,0.69129,0.68868,0.69065,12172
1576195200,0.69277,0.69378,0.69108,0.69234,19263
1576209600,0.69233,0.69288,0.69181,0.69217,9451
1576224000,0.69217,0.69285,0.69127,0.69157,11602
1576238400,0.69158,0.69185,0.69049,0.69065,9060
1576252800,0.69066,0.6915,0.68635,0.68658,30567
1576267200,0.68659,0.68752,0.68651,0.68722,4571
1576454400,0.68819,0.68839,0.68696,0.68775,12681
1576468800,0.68777,0.6886,0.68692,0.68705,8933
1576483200,0.68704,0.68819,0.68681,0.68819,7726
1576497600,0.68819,0.68977,0.68814,0.68968,5759
1576512000,0.68967,0.68968,0.68853,0.68898,6982
1576526400,0.68897,0.6893,0.68826,0.68839,3601
1576540800,0.6882,0.68849,0.68633,0.68682,11412
1576555200,0.68682,0.68715,0.68611,0.68676,6940
1576569600,0.68677,0.68694,0.68433,0.68488,8350
1576584000,0.68488,0.68557,0.684,0.68403,8106
1576598400,0.68403,0.68568,0.6838,0.68509,7715
1576612800,0.68506,0.68605,0.68452,0.68512,4312
1576627200,0.68502,0.68558,0.6843,0.68442,6061
1576641600,0.68443,0.68502,0.68404,0.68502,5396
1576656000,0.68502,0.6853,0.68386,0.68487,7333
1576670400,0.68486,0.68589,0.68477,0.68494,5855
1576684800,0.68493,0.68642,0.68488,0.68552,7067
1576699200,0.68551,0.68561,0.68505,0.68528,4329
1576713600,0.68514,0.68804,0.68482,0.68703,10949
1576728000,0.68702,0.68813,0.68694,0.68785,4291
1576742400,0.68785,0.68833,0.68697,0.68741,5567
1576756800,0.68741,0.68767,0.6861,0.68638,6937
1576771200,0.68638,0.68882,0.68617,0.6882,9271
1576785600,0.68819,0.6888,0.68817,0.68846,4854
1576800000,0.68846,0.68978,0.68826,0.68976,5973
1576814400,0.68976,0.69004,0.68863,0.6889,6013
1576828800,0.68892,0.68971,0.6884,0.68918,5993
1576843200,0.68917,0.69006,0.68902,0.68984,6091
1576857600,0.68985,0.69065,0.68972,0.69008,7349
1576872000,0.69008,0.69041,0.68973,0.68983,3435
1577059200,0.68923,0.69108,0.68908,0.69083,7555
1577073600,0.69084,0.69125,0.69018,0.69051,7220
1577088000,0.69051,0.69188,0.69037,0.69164,6908
1577102400,0.69164,0.69285,0.6913,0.69166,6410
1577116800,0.69165,0.69201,0.6907,0.69187,6586
1577131200,0.69187,0.69238,0.69159,0.6922,4760
1577145600,0.69223,0.693,0.69124,0.69155,9302
1577160000,0.69154,0.69213,0.69122,0.69166,6530
1577174400,0.69165,0.69238,0.69157,0.69157,6198
1577188800,0.69157,0.69207,0.69123,0.69197,6167
1577203200,0.69197,0.69299,0.69177,0.69225,4906
1577347200,0.69297,0.69302,0.69257,0.69261,875
1577361600,0.69261,0.69315,0.69216,0.69307,2375
1577376000,0.69307,0.69398,0.69296,0.69392,2646
1577390400,0.69392,0.69495,0.69389,0.69463,3078
1577404800,0.69414,0.69507,0.69408,0.69485,8052
1577419200,0.69484,0.69551,0.6946,0.69523,8712
1577433600,0.69522,0.69589,0.69463,0.69582,8588
1577448000,0.69581,0.69782,0.69581,0.69714,8232
1577462400,0.69714,0.69857,0.69645,0.69753,9440
1577476800,0.69753,0.69869,0.69725,0.69794,5447
1577664000,0.69781,0.69922,0.69777,0.69909,7668
1577678400,0.69909,0.6999,0.69835,0.69931,13430
1577692800,0.6993,0.69968,0.69836,0.69958,7509
1577707200,0.6996,0.69994,0.69893,0.69982,6502
1577721600,0.69982,0.70042,0.69886,0.7,10390
1577736000,0.7,0.70025,0.69926,0.6994,4673
1577750400,0.69929,0.70061,0.69929,0.70053,8867
1577764800,0.70053,0.7007,0.70001,0.70066,9525
1577779200,0.70065,0.70122,0.70042,0.70105,6296
1577793600,0.70105,0.70247,0.7008,0.70241,5648
1577808000,0.70243,0.70317,0.70188,0.70239,12350
1577822400,0.70239,0.70247,0.7023,0.7023,15
1577952000,0.70003,0.70062,0.69958,0.69973,3479
1577966400,0.69973,0.69994,0.69827,0.69963,7870
1577980800,0.69963,0.70031,0.69783,0.69836,10081
1577995200,0.69836,0.69899,0.69791,0.69896,3985
1578009600,0.69873,0.69913,0.69729,0.69733,7447
1578024000,0.69734,0.69771,0.69577,0.69601,10421
1578038400,0.696,0.69638,0.69358,0.69367,9236
1578052800,0.69367,0.69555,0.693,0.6945,8156
1578067200,0.6945,0.6965,0.69435,0.69626,11233
1578081600,0.69627,0.69629,0.6944,0.69446,4915
1578268800,0.69374,0.69558,0.69324,0.69398,11758
1578283200,0.69398,0.69484,0.69366,0.69368,7745
1578297600,0.69369,0.69557,0.69326,0.69551,9819
1578312000,0.69551,0.69575,0.69421,0.69441,6995
1578326400,0.6944,0.69449,0.69251,0.69348,8334
1578340800,0.69349,0.69415,0.69314,0.69412,3324
1578355200,0.69377,0.69419,0.69267,0.69319,6851
1578369600,0.69319,0.69382,0.69118,0.69124,7294
1578384000,0.69124,0.69192,0.68894,0.68926,11776
1578398400,0.68926,0.68935,0.68649,0.68663,8254
1578412800,0.68663,0.68724,0.68588,0.68682,8567
1578427200,0.6868,0.68709,0.68612,0.68681,3749
1578441600,0.68633,0.68727,0.68498,0.68651,16887
1578456000,0.68651,0.68837,0.68642,0.68692,12805
1578470400,0.68693,0.68852,0.68691,0.68721,9887
1578484800,0.68722,0.68731,0.68575,0.68671,9559
1578499200,0.68672,0.6879,0.68489,0.68757,9541
1578513600,0.68756,0.68763,0.68645,0.6867,4357
1578528000,0.68651,0.68804,0.68626,0.68741,6001
1578542400,0.68741,0.68762,0.68663,0.6875,4684
1578556800,0.6875,0.68779,0.6854,0.68575,7295
1578571200,0.68576,0.68674,0.68547,0.68643,6645
1578585600,0.68643,0.68644,0.685,0.68518,6453
1578600000,0.68517,0.68581,0.68506,0.68578,3558
1578614400,0.68566,0.68714,0.68505,0.68547,8187
1578628800,0.68547,0.68796,0.68531,0.68785,5769
1578643200,0.68785,0.68823,0.687,0.68761,6871
1578657600,0.68761,0.68919,0.68731,0.6879,7675
1578672000,0.6879,0.69109,0.68763,0.69054,9006
1578686400,0.69053,0.69101,0.68978,0.68979,3036
1578873600,0.68954,0.69133,0.68935,0.69121,5502
1578888000,0.6912,0.69196,0.69087,0.69168,5624
1578902400,0.69168,0.69185,0.69046,0.69051,7650
1578916800,0.6905,0.69078,0.68946,0.69072,5628
1578931200,0.69071,0.69165,0.68945,0.69117,7870
1578945600,0.69117,0.69149,0.69016,0.6903,3284
1578960000,0.68995,0.6908,0.68849,0.68891,7413
1578974400,0.68892,0.69043,0.68873,0.6896,6266
1578988800,0.68961,0.69095,0.68904,0.69002,8556
1579003200,0.69003,0.69054,0.68933,0.69012,7349
1579017600,0.69012,0.69083,0.68964,0.69041,6823
1579032000,0.69041,0.69061,0.68972,0.69031,4345
1579046400,0.68988,0.69027,0.68911,0.68982,5311
1579060800,0.68982,0.69012,0.68929,0.68978,5624
1579075200,0.68979,0.69009,0.68819,0.68871,6045
1579089600,0.68872,0.68978,0.68771,0.68848,7344
1579104000,0.68848,0.69165,0.68847,0.69093,8620
1579118400,0.69093,0.69106,0.68986,0.69059,3406
1579132800,0.69008,0.6919,0.69008,0.691,7044
1579147200,0.69101,0.69109,0.69024,0.69064,4389
1579161600,0.69065,0.69202,0.69017,0.69193,6618
1579176000,0.69192,0.69335,0.6917,0.69224,6660
1579190400,0.69224,0.69261,0.68875,0.68919,9360
1579204800,0.68921,0.69007,0.6888,0.68962,4187
1579219200,0.68966,0.68996,0.68835,0.68918,5410
1579233600,0.68926,0.69042,0.68909,0.68974,4811
1579248000,0.68974,0.6911,0.68948,0.69074,6826
1579262400,0.69073,0.69097,0.68867,0.68877,7165
1579276800,0.68878,0.68934,0.68719,0.68781,6676
1579291200,0.68781,0.6879,0.68703,0.68731,2266
1579478400,0.68709,0.68827,0.68709,0.68811,4682
1579492800,0.68812,0.68863,0.68794,0.68853,4638
1579507200,0.68853,0.68884,0.68666,0.68707,5541
1579521600,0.68706,0.68711,0.68589,0.68612,4258
1579536000,0.68612,0.68727,0.6855,0.68699,3748
1579550400,0.68699,0.6877,0.6866,0.68745,3120
1579564800,0.68706,0.68803,0.68568,0.68597,6618
1579579200,0.68597,0.68674,0.68528,0.68603,6922
1579593600,0.68603,0.68657,0.6844,0.68544,7771
1579608000,0.68544,0.68756,0.68533,0.68671,6594
1579622400,0.68671,0.68705,0.68493,0.68514,8297
1579636800,0.68515,0.6853,0.68423,0.68444,4153
1579651200,0.68437,0.68477,0.68266,0.68317,6629
1579665600,0.68318,0.68441,0.68315,0.68417,6432
1579680000,0.68417,0.68445,0.68319,0.68433,7076
1579694400,0.68434,0.6856,0.68419,0.68479,5747
1579708800,0.68479,0.68544,0.68328,0.68381,8958
1579723200,0.6838,0.68456,0.68369,0.68436,2708
1579737600,0.68426,0.68785,0.68364,0.68719,8733
1579752000,0.68719,0.68786,0.68578,0.68603,6639
1579766400,0.68603,0.6876,0.68566,0.68705,8437
1579780800,0.68705,0.68769,0.68645,0.68661,7095
1579795200,0.68661,0.68695,0.68291,0.68393,13308
1579809600,0.68394,0.68493,0.68373,0.68476,4370
1579824000,0.68451,0.6851,0.68373,0.68426,5999
1579838400,0.68426,0.68501,0.68403,0.68462,4303
1579852800,0.68462,0.6857,0.68373,0.6838,7120
1579867200,0.6838,0.68501,0.68338,0.68448,5860
1579881600,0.68447,0.68472,0.68173,0.68237,10699
1579896000,0.68237,0.68273,0.68172,0.68238,3681
1580083200,0.68098,0.68182,0.68008,0.68089,13097
1580097600,0.68089,0.68091,0.6801,0.68066,7972
1580112000,0.68065,0.68066,0.67708,0.67762,7888
1580126400,0.67763,0.67778,0.67642,0.67721,8600
1580140800,0.67721,0.6774,0.67517,0.67594,10764
1580155200,0.67595,0.67625,0.67564,0.67595,4011
1580169600,0.6758,0.67618,0.67469,0.67524,7489
1580184000,0.67526,0.67648,0.67477,0.67632,6881
1580198400,0.67632,0.67632,0.67368,0.67467,7800
1580212800,0.67468,0.67581,0.67404,0.67544,7661
1580227200,0.67544,0.67575,0.67458,0.67479,7721
1580241600,0.67479,0.6763,0.67472,0.67623,3477
1580256000,0.67599,0.67725,0.67547,0.67632,8731
1580270400,0.67632,0.6777,0.67618,0.67704,5438
1580284800,0.67704,0.67708,0.67511,0.67526,6255
1580299200,0.67526,0.67553,0.67422,0.67443,5973
1580313600,0.67442,0.67497,0.6735,0.67474,8242
1580328000,0.67474,0.67627,0.67415,0.67515,5404
1580342400,0.67495,0.6755,0.6737,0.67434,8073
1580356800,0.67434,0.67456,0.67309,0.67363,9978
1580371200,0.67364,0.67395,0.67217,0.67313,9370
1580385600,0.67314,0.67341,0.67148,0.67186,7996
1580400000,0.67185,0.67193,0.66999,0.67062,10682
1580414400,0.67061,0.67232,0.67057,0.67219,7142
1580428800,0.67177,0.67296,0.67052,0.67143,7434
1580443200,0.67143,0.67237,0.67096,0.67199,7055
1580457600,0.672,0.672,0.66841,0.66886,7060
1580472000,0.66885,0.67037,0.66826,0.67027,6911
1580486400,0.67028,0.67059,0.66869,0.6697,11880
1580500800,0.6697,0.66976,0.66847,0.66857,6191
1580688000,0.6682,0.67051,0.6682,0.66983,10765
1580702400,0.66982,0.67044,0.66833,0.67026,7821
1580716800,0.67027,0.67067,0.66859,0.66974,8360
1580731200,0.66974,0.67041,0.66896,0.6696,7874
1580745600,0.6696,0.67068,0.66835,0.66879,8341
1580760000,0.66881,0.66924,0.66868,0.66918,3246
1580774400,0.66889,0.6696,0.66784,0.66931,7272
1580788800,0.66932,0.67247,0.66831,0.67153,11887
1580803200,0.67153,0.67318,0.67065,0.67086,9988
1580817600,0.67087,0.67247,0.67053,0.6721,7690
1580832000,0.67211,0.67381,0.67209,0.67353,7445
1580846400,0.67353,0.67416,0.67325,0.67388,3688
1580860800,0.67361,0.67436,0.67235,0.67434,8460
1580875200,0.67433,0.67448,0.67328,0.67363,7246
1580889600,0.67363,0.67739,0.6735,0.67709,11284
1580904000,0.67708,0.6772,0.67532,0.67697,9281
1580918400,0.67697,0.67714,0.67414,0.67444,9242
1580932800,0.67444,0.6747,0.67419,0.67458,2939
1580947200,0.67434,0.67624,0.67434,0.67529,7157
1580961600,0.67528,0.67648,0.67474,0.67585,6667
1580976000,0.67585,0.67611,0.67381,0.67416,7212
1580990400,0.67415,0.67583,0.67413,0.67544,5067
1581004800,0.67544,0.67547,0.67302,0.67376,7017
1581019200,0.67375,0.67394,0.67267,0.67302,3014
1581033600,0.67269,0.67364,0.67132,0.67172,5471
1581048000,0.67172,0.67234,0.67118,0.67174,5573
1581062400,0.67175,0.67239,0.6683,0.6683,7063
1581076800,0.6683,0.66872,0.66719,0.66745,7462
1581091200,0.66745,0.66893,0.66619,0.66765,8850
1581105600,0.66764,0.6681,0.66702,0.6673,3033
1581292800,0.66632,0.66901,0.66632,0.66885,9512
1581307200,0.66886,0.67059,0.66872,0.67029,6921
1581321600,0.67028,0.67073,0.6688,0.66937,7605
1581336000,0.66936,0.67,0.66827,0.6683,5714
1581350400,0.66829,0.66933,0.6672,0.66733,6625
1581364800,0.66734,0.66855,0.66728,0.66842,3178
1581379200,0.66829,0.67073,0.66806,0.67003,6245
1581393600,0.67003,0.67152,0.66966,0.6715,4750
1581408000,0.6715,0.67192,0.67045,0.67067,6634
1581422400,0.67066,0.67116,0.66993,0.67105,5375
1581436800,0.67106,0.67367,0.67087,0.6712,8059
1581451200,0.6712,0.67154,0.6708,0.67137,3751
1581465600,0.67117,0.67335,0.67117,0.67308,6491
1581480000,0.67307,0.67375,0.67268,0.67274,6235
1581494400,0.67274,0.6749,0.67234,0.67392,7585
1581508800,0.67391,0.67485,0.67386,0.67402,4157
1581523200,0.67401,0.67501,0.67333,0.67393,6537
1581537600,0.67393,0.67419,0.67334,0.6737,3019
1581552000,0.67353,0.67377,0.67068,0.67266,9205
1581566400,0.67265,0.6729,0.67137,0.67193,5275
1581580800,0.67193,0.67376,0.67116,0.67265,5794
1581595200,0.67265,0.6736,0.67213,0.67341,6090
1581609600,0.67342,0.67451,0.6723,0.67232,6198
1581624000,0.67233,0.67258,0.67169,0.67191,2211
1581638400,0.67159,0.67261,0.67096,0.67235,4331
1581652800,0.67236,0.67315,0.67164,0.67198,3037
1581667200,0.67198,0.67295,0.67167,0.67232,3757
1581681600,0.67232,0.67254,0.67102,0.67224,3879
1581696000,0.67223,0.67257,0.67118,0.67135,4733
1581710400,0.67135,0.67153,0.67092,0.67124,2188
1581897600,0.67195,0.67295,0.67145,0.67252,4315
1581912000,0.67253,0.67334,0.67225,0.67308,2301
1581926400,0.67309,0.67313,0.6721,0.67263,3406
1581940800,0.67262,0.67291,0.67142,0.67182,2800
1581955200,0.67183,0.67236,0.6713,0.67177,2482
1581969600,0.67178,0.67218,0.67114,0.67124,2313
1581984000,0.67129,0.67157,0.6688,0.66907,5926
1581998400,0.66906,0.6694,0.66842,0.66904,3004
1582012800,0.66904,0.66935,0.66735,0.66767,5068
1582027200,0.66767,0.66882,0.66748,0.66816,4988
1582041600,0.66817,0.66987,0.66756,0.66895,5279
1582056000,0.66895,0.66903,0.66835,0.66878,2208
1582070400,0.66832,0.66949,0.66832,0.66873,3687
1582084800,0.66873,0.67014,0.66873,0.66939,3011
1582099200,0.66939,0.67076,0.66907,0.67,4344
1582113600,0.67,0.67,0.66781,0.66811,3741
1582128000,0.66811,0.66832,0.66653,0.66701,5479
1582142400,0.667,0.66792,0.66696,0.6678,2929
1582156800,0.66683,0.66943,0.66409,0.66476,7095
1582171200,0.66472,0.66547,0.66304,0.66514,7473
1582185600,0.66515,0.66518,0.66218,0.66356,6988
1582200000,0.66355,0.66369,0.66154,0.66185,6059
1582214400,0.66185,0.66358,0.66102,0.66175,9070
1582228800,0.66175,0.66199,0.66125,0.66127,2463
1582243200,0.66134,0.66239,0.66101,0.66113,5100
1582257600,0.66113,0.66116,0.65917,0.66003,5435
1582272000,0.66004,0.66051,0.65858,0.65927,7769
1582286400,0.65926,0.66075,0.65917,0.66051,5372
1582300800,0.66051,0.66389,0.65974,0.66302,8906
1582315200,0.66303,0.66326,0.66227,0.66261,2750
1582502400,0.65864,0.66194,0.65863,0.66097,8641
1582516800,0.66099,0.6614,0.65973,0.65973,5493
1582531200,0.65972,0.66052,0.65867,0.65933,9772
1582545600,0.65934,0.66058,0.65875,0.65956,5906
1582560000,0.65956,0.66197,0.6595,0.66184,9782
1582574400,0.66183,0.66186,0.65966,0.66038,5545
1582588800,0.66006,0.66212,0.65991,0.6616,7870
1582603200,0.66161,0.66224,0.66082,0.66103,5711
1582617600,0.6611,0.66195,0.65956,0.65966,8347
1582632000,0.65966,0.66025,0.65875,0.65889,6452
1582646400,0.65889,0.66081,0.65862,0.6604,9748
1582660800,0.6604,0.66048,0.65946,0.66011,6666
1582675200,0.65973,0.66061,0.65881,0.65925,8010
1582689600,0.65926,0.66069,0.65892,0.65898,6276
1582704000,0.65899,0.659,0.65691,0.65753,9212
1582718400,0.65753,0.65798,0.65615,0.65636,9071
1582732800,0.65637,0.65778,0.6552,0.6554,10131
1582747200,0.6554,0.65596,0.65425,0.65446,5621
1582761600,0.65416,0.65561,0.65416,0.6548,10333
1582776000,0.6548,0.65618,0.65471,0.65543,6312
1582790400,0.65544,0.65778,0.65462,0.65718,9704
1582804800,0.65719,0.65813,0.65665,0.65764,8176
1582819200,0.65764,0.6592,0.65716,0.65817,15701
1582833600,0.65816,0.65899,0.65688,0.65688,7252
1582848000,0.65661,0.65852,0.65565,0.65593,10636
1582862400,0.65594,0.65646,0.6516,0.6523,13459
1582876800,0.6523,0.65455,0.65173,0.65276,17361
1582891200,0.65276,0.65303,0.64937,0.65027,13714
1582905600,0.65027,0.65115,0.6434,0.64902,22836
1582920000,0.64901,0.65331,0.64776,0.65045,16246
1583107200,0.64717,0.65286,0.64717,0.65167,10848
1583121600,0.65167,0.65465,0.65129,0.65213,8315
1583136000,0.65213,0.65684,0.65203,0.65486,13709
1583150400,0.65487,0.65596,0.65256,0.65437,14713
1583164800,0.65438,0.65511,0.65123,0.65331,18586
1583179200,0.65333,0.65467,0.65206,0.65419,7855
1583193600,0.65303,0.65491,0.65093,0.6513,7849
1583208000,0.65129,0.65663,0.65124,0.65417,11652
1583222400,0.65417,0.65639,0.65397,0.65611,8147
1583236800,0.65612,0.65747,0.65556,0.65724,9122
1583251200,0.65724,0.66457,0.65712,0.66091,23337
1583265600,0.66091,0.66123,0.65808,0.65835,12237
1583280000,0.658,0.66149,0.65771,0.65929,10110
1583294400,0.6593,0.66147,0.65926,0.65971,6494
1583308800,0.65971,0.66147,0.65907,0.66121,8400
1583323200,0.66122,0.66277,0.66112,0.66154,7011
1583337600,0.66153,0.66233,0.6603,0.66094,10684
1583352000,0.66095,0.66255,0.66094,0.66255,3971
1583366400,0.6621,0.66295,0.6607,0.66154,6764
1583380800,0.66154,0.66271,0.66115,0.66255,3886
1583395200,0.66255,0.66346,0.6622,0.66346,5061
1583409600,0.66346,0.66366,0.65981,0.66003,6711
1583424000,0.66002,0.66075,0.65838,0.65934,8680
1583438400,0.65934,0.66193,0.65886,0.66174,4909
1583452800,0.66107,0.66237,0.66001,0.66056,6791
1583467200,0.66057,0.66059,0.6585,0.65965,4812
1583481600,0.65965,0.66493,0.65954,0.66368,7869
1583496000,0.66369,0.66573,0.66227,0.66312,11774
1583510400,0.66312,0.66462,0.6625,0.66319,12864
1583524800,0.66319,0.66439,0.66274,0.66392,6265
1583712000,0.65958,0.66252,0.62995,0.64707,19852
1583726400,0.64707,0.6576,0.6452,0.65373,22324
1583740800,0.65373,0.661,0.65333,0.65881,17690
1583755200,0.65882,0.66324,0.65834,0.66055,16335
1583769600,0.66053,0.66846,0.65991,0.66044,24877
1583784000,0.66044,0.66082,0.65744,0.65864,12493
1583798400,0.65905,0.6613,0.65622,0.6566,17535
1583812800,0.65659,0.6589,0.65455,0.65491,10133
1583827200,0.65492,0.65807,0.65443,0.65743,14752
1583841600,0.65742,0.65743,0.65389,0.65417,14931
1583856000,0.65417,0.65453,0.64623,0.64816,17452
1583870400,0.64817,0.65032,0.6475,0.64865,11022
1583884800,0.64989,0.65134,0.64857,0.65055,12128
1583899200,0.65055,0.65181,0.64958,0.64985,11164
1583913600,0.64985,0.65356,0.64938,0.65236,13874
1583928000,0.65235,0.65394,0.6511,0.6534,13160
1583942400,0.65339,0.65366,0.64978,0.65114,15230
1583956800,0.65116,0.65164,0.6482,0.64866,11393
1583971200,0.64863,0.64923,0.64511,0.64592,23941
1583985600,0.64593,0.64717,0.64547,0.64609,19539
1584000000,0.64609,0.64631,0.64143,0.64154,14612
1584014400,0.64154,0.64241,0.63328,0.63541,22966
1584028800,0.63542,0.63854,0.6266,0.63568,34336
1584043200,0.63567,0.63629,0.62121,0.6309,18044
1584057600,0.62881,0.63256,0.62611,0.6305,17397
1584072000,0.63049,0.63229,0.62729,0.62958,15984
1584086400,0.62959,0.63135,0.62732,0.63021,18226
1584100800,0.63016,0.63129,0.62778,0.62869,18605
1584115200,0.62871,0.62914,0.61227,0.61709,34372
1584129600,0.61709,0.62415,0.61358,0.61764,12188
1584316800,0.62418,0.62798,0.60943,0.61272,20961
1584331200,0.6127,0.61826,0.61183,0.61665,14676
1584345600,0.61665,0.61846,0.61236,0.61683,23710
1584360000,0.61681,0.61813,0.60784,0.61194,23206
1584374400,0.61195,0.61663,0.61046,0.6131,29088
1584388800,0.61309,0.61416,0.60864,0.6103,14842
1584403200,0.61038,0.6149,0.60944,0.61226,17608
1584417600,0.61226,0.61381,0.6093,0.60948,10983
1584432000,0.6095,0.60973,0.60348,0.60401,19737
1584446400,0.60401,0.6048,0.59817,0.59988,24225
1584460800,0.59991,0.60239,0.59587,0.59964,24096
1584475200,0.59963,0.60239,0.59648,0.60114,12798
1584489600,0.60119,0.60198,0.59816,0.60066,14718
1584504000,0.60067,0.60285,0.60028,0.60119,8661
1584518400,0.6012,0.60125,0.59205,0.5954,19159
1584532800,0.59538,0.59644,0.58672,0.58799,23479
1584547200,0.588,0.59026,0.57014,0.57864,37933
1584561600,0.57863,0.58076,0.57437,0.57837,18194
1584576000,0.57793,0.58162,0.55062,0.55671,22779
1584590400,0.55668,0.56342,0.55137,0.56108,21943
1584604800,0.56107,0.57947,0.56073,0.57291,35237
1584619200,0.57291,0.58471,0.57059,0.58166,34008
1584633600,0.58167,0.59643,0.5797,0.58061,47310
1584648000,0.58063,0.58107,0.57174,0.57357,19734
1584662400,0.57362,0.58709,0.56631,0.58319,18099
1584676800,0.58318,0.59121,0.58114,0.58509,15711
1584691200,0.5851,0.59863,0.58474,0.59099,34803
1584705600,0.59098,0.59445,0.58246,0.58271,28956
1584720000,0.58273,0.58965,0.57804,0.58352,44839
1584734400,0.58349,0.58352,0.57462,0.57999,17962
1584921600,0.58026,0.58042,0.56992,0.5749,33769
1584936000,0.57489,0.57782,0.57306,0.57696,26955
1584950400,0.57697,0.58084,0.57382,0.57505,39166
1584964800,0.57504,0.58455,0.57222,0.58278,42829
1584979200,0.58279,0.58371,0.57382,0.57996,42528
1584993600,0.57995,0.58313,0.57772,0.58203,15981
1585008000,0.58156,0.5933,0.58123,0.59167,32036
1585022400,0.59167,0.5945,0.58867,0.59046,26277
1585036800,0.59043,0.59752,0.58991,0.59534,24898
1585051200,0.59534,0.59641,0.58645,0.59202,35619
1585065600,0.59206,0.5964,0.58887,0.58966,40799
1585080000,0.58966,0.59825,0.58928,0.59684,17854
1585094400,0.59526,0.59899,0.59348,0.59727,22947
1585108800,0.59728,0.60449,0.596,0.60361,23813
1585123200,0.60361,0.60733,0.60224,0.60517,25434
1585137600,0.60517,0.60517,0.59786,0.59814,27104
1585152000,0.59814,0.5983,0.59302,0.59667,38073
1585166400,0.59667,0.59694,0.59476,0.59559,15167
1585180800,0.59559,0.59587,0.58711,0.58772,24873
1585195200,0.58771,0.59353,0.587,0.59164,12359
1585209600,0.59165,0.59784,0.59108,0.59688,24747
1585224000,0.5969,0.60566,0.59636,0.60374,32081
1585238400,0.60374,0.60711,0.60094,0.60472,35636
1585252800,0.60473,0.60872,0.60415,0.60421,14754
1585267200,0.60373,0.61091,0.60348,0.60861,18990
1585281600,0.60861,0.61258,0.60789,0.61227,21671
1585296000,0.61226,0.61258,0.60478,0.60624,31452
1585310400,0.60625,0.60953,0.60223,0.60604,31070
1585324800,0.60604,0.61844,0.60532,0.6178,38417
1585339200,0.61783,0.62004,0.61599,0.61642,16401
1585526400,0.61455,0.6184,0.61126,0.61474,21423
1585540800,0.61474,0.61639,0.61252,0.61484,18090
1585555200,0.61485,0.61695,0.61127,0.61521,32761
1585569600,0.61521,0.61621,0.61115,0.61236,21599
1585584000,0.61236,0.61731,0.61195,0.61642,35397
1585598400,0.61641,0.61773,0.6145,0.61673,14883
1585612800,0.61666,0.61935,0.60708,0.61489,14568
1585627200,0.61489,0.62019,0.61433,0.61755,24549
1585641600,0.61753,0.62135,0.61439,0.61451,34247
1585656000,0.61455,0.61516,0.60815,0.61032,38351
1585670400,0.61032,0.61516,0.6089,0.61014,51678
1585684800,0.61013,0.61571,0.60824,0.61423,32772
1585699200,0.61339,0.61575,0.6108,0.61388,15640
1585713600,0.61389,0.61391,0.61116,0.61242,13038
1585728000,0.61243,0.6127,0.60519,0.60756,29093
1585742400,0.60755,0.60851,0.60473,0.60473,25404
1585756800,0.60472,0.61852,0.60385,0.60874,32953
1585771200,0.60874,0.60874,0.60631,0.60745,16444
1585785600,0.60615,0.60922,0.60615,0.60843,13207
1585800000,0.60841,0.60937,0.60631,0.608,12933
1585814400,0.608,0.6119,0.6074,0.60983,21006
1585828800,0.60982,0.61119,0.6032,0.60367,22350
1585843200,0.60368,0.60766,0.60069,0.6042,42583
1585857600,0.6042,0.60695,0.60271,0.6065,21057
1585872000,0.60553,0.6068,0.60453,0.60528,9373
1585886400,0.60527,0.60722,0.60499,0.60717,11297
1585900800,0.60717,0.60752,0.60133,0.60187,19398
1585915200,0.60187,0.60199,0.59799,0.59938,26871
1585929600,0.59939,0.60267,0.59893,0.59984,26306
1585944000,0.59984,0.60058,0.59888,0.59929,15859
1586131200,0.60076,0.60494,0.59891,0.60343,17255
1586145600,0.60343,0.60371,0.60058,0.60117,11784
1586160000,0.60117,0.6062,0.60112,0.60607,18895
1586174400,0.60606,0.60856,0.60546,0.60834,13582
1586188800,0.60835,0.6106,0.6065,0.60958,18681
1586203200,0.60957,0.60972,0.60804,0.60869,12187
1586217600,0.60849,0.61223,0.6075,0.6102,12759
1586232000,0.61021,0.61538,0.61004,0.61467,24505
1586246400,0.61466,0.61936,0.6132,0.61679,22064
1586260800,0.61679,0.62082,0.61652,0.61951,18335
1586275200,0.61952,0.62078,0.61649,0.61993,24789
1586289600,0.61994,0.62021,0.617,0.61716,14750
1586304000,0.61626,0.61769,0.6122,0.61344,18370
1586318400,0.61344,0.61496,0.61253,0.61329,21201
1586332800,0.61329,0.61517,0.61155,0.61369,25664
1586347200,0.6137,0.61897,0.6134,0.61833,17225
1586361600,0.61833,0.62391,0.61831,0.62258,20486
1586376000,0.62259,0.62459,0.62208,0.6232,9994
1586390400,0.62217,0.625,0.62216,0.62455,8592
1586404800,0.62455,0.62459,0.62084,0.62289,15784
1586419200,0.62289,0.62463,0.6195,0.62236,16365
1586433600,0.62235,0.62799,0.62198,0.62757,13039
1586448000,0.62759,0.63162,0.62718,0.63089,24468
1586462400,0.63089,0.63631,0.63079,0.63378,14976
1586476800,0.63348,0.63378,0.63126,0.63173,5149
1586491200,0.63175,0.63473,0.63132,0.63431,5523
1586505600,0.63431,0.63677,0.63349,0.63493,6343
1586520000,0.63494,0.63543,0.63369,0.63499,3388
1586534400,0.63499,0.63503,0.63421,0.6348,2033
1586548800,0.63481,0.63532,0.63447,0.63469,3057
1586736000,0.63427,0.63574,0.63255,0.63355,6684
1586750400,0.63354,0.63422,0.63305,0.63384,6181
1586764800,0.63384,0.63621,0.63333,0.63441,7354
1586779200,0.63441,0.63744,0.63312,0.63669,9128
1586793600,0.63668,0.63889,0.63596,0.63833,13683
1586808000,0.63833,0.64093,0.63812,0.63841,8917
1586822400,0.6385,0.6406,0.63735,0.63992,8708
1586836800,0.63992,0.64322,0.63959,0.64223,12424
1586851200,0.64223,0.64283,0.63862,0.63953,13987
1586865600,0.63952,0.64124,0.63742,0.6406,13257
1586880000,0.64059,0.64282,0.63946,0.64178,17530
1586894400,0.64175,0.64447,0.6415,0.64429,8493
1586908800,0.64333,0.64436,0.64236,0.6432,5412
1586923200,0.64321,0.6433,0.64028,0.64054,8659
1586937600,0.64053,0.6408,0.63238,0.63318,17069
1586952000,0.63319,0.6345,0.62841,0.62906,18654
1586966400,0.6291,0.63439,0.6285,0.6341,22581
1586980800,0.6341,0.63481,0.6312,0.63209,10677
1586995200,0.63122,0.63226,0.62848,0.62904,10607
1587009600,0.62905,0.63095,0.62638,0.62813,16297
1587024000,0.62812,0.63098,0.62713,0.63067,21585
1587038400,0.63067,0.63338,0.62839,0.63185,19625
1587052800,0.63185,0.63278,0.62712,0.62853,25250
1587067200,0.62852,0.63206,0.62822,0.63193,14113
1587081600,0.63181,0.63851,0.63169,0.63586,14729
1587096000,0.63584,0.63833,0.63531,0.63642,12485
1587110400,0.63641,0.6369,0.63142,0.6326,21735
1587124800,0.63261,0.6374,0.63191,0.63692,20786
1587139200,0.63692,0.63785,0.63378,0.63521,22030
1587153600,0.63522,0.63718,0.63458,0.63614,8936
1587340800,0.63583,0.63665,0.63361,0.63448,7659
1587355200,0.63448,0.63614,0.6336,0.63574,13486
1587369600,0.63573,0.63813,0.63387,0.63803,14892
1587384000,0.63803,0.63929,0.6348,0.63648,15611
1587398400,0.63647,0.63973,0.63551,0.63712,19493
1587412800,0.63713,0.63742,0.63326,0.63374,11706
1587427200,0.63348,0.63467,0.6315,0.63262,11301
1587441600,0.63263,0.63283,0.62831,0.6301,22093
1587456000,0.6301,0.63268,0.62878,0.62998,19341
1587470400,0.62998,0.63066,0.62599,0.62625,19924
1587484800,0.62626,0.63097,0.62534,0.62835,24290
1587499200,0.62834,0.63045,0.62773,0.62835,11152
1587513600,0.62749,0.63002,0.62749,0.62901,10006
1587528000,0.62907,0.63529,0.62847,0.62956,15498
1587542400,0.62955,0.63463,0.62954,0.63402,17875
1587556800,0.63403,0.63512,0.63139,0.63259,12729
1587571200,0.63259,0.63267,0.63022,0.63124,14902
1587585600,0.63123,0.63285,0.63109,0.6322,5665
1587600000,0.63173,0.6321,0.62829,0.62997,10575
1587614400,0.62997,0.63165,0.62972,0.63138,11282
1587628800,0.63139,0.63692,0.63127,0.63369,20114
1587643200,0.63368,0.63833,0.63365,0.63748,16444
1587657600,0.6375,0.6406,0.63667,0.63813,21197
1587672000,0.63813,0.63873,0.63658,0.63695,9883
1587686400,0.63637,0.63817,0.63515,0.63615,8925
1587700800,0.63616,0.63685,0.63509,0.63555,9163
1587715200,0.63555,0.63661,0.6337,0.63577,14141
1587729600,0.63578,0.63843,0.63564,0.63759,12498
1587744000,0.6376,0.63838,0.63603,0.63736,13272
1587758400,0.63735,0.63962,0.63686,0.63952,5172
1587945600,0.63762,0.64147,0.63762,0.64112,7751
1587960000,0.64112,0.64541,0.64095,0.64499,11778
1587974400,0.64498,0.64693,0.64439,0.64565,13034
1587988800,0.64564,0.64664,0.64465,0.64591,10132
1588003200,0.64592,0.64719,0.64486,0.6453,11587
1588017600,0.64529,0.64674,0.64518,0.64612,4293
1588032000,0.64606,0.647,0.64436,0.64604,10493
1588046400,0.64605,0.64624,0.64342,0.64428,13151
1588060800,0.64427,0.64902,0.64415,0.64825,15288
1588075200,0.64824,0.65141,0.64802,0.64995,14337
1588089600,0.64995,0.65032,0.64821,0.64964,15531
1588104000,0.64964,0.65106,0.6492,0.64931,6005
1588118400,0.64869,0.65195,0.64858,0.6519,8205
1588132800,0.6519,0.65369,0.65128,0.65301,9355
1588147200,0.65302,0.65473,0.65252,0.65264,11512
1588161600,0.65265,0.65297,0.65056,0.65252,11250
1588176000,0.65252,0.65398,0.6521,0.65351,13092
1588190400,0.65351,0.65544,0.65218,0.65535,9421
1588204800,0.65547,0.65583,0.65295,0.65374,7176
1588219200,0.65372,0.65648,0.65305,0.65637,15687
1588233600,0.65637,0.65698,0.6536,0.65441,12318
1588248000,0.6544,0.65585,0.65123,0.65202,14970
1588262400,0.65202,0.65645,0.64901,0.65237,33917
1588276800,0.65236,0.65295,0.65074,0.65087,10071
1588291200,0.65048,0.65108,0.64714,0.64818,9161
1588305600,0.64818,0.64839,0.64556,0.64646,14816
1588320000,0.64646,0.64717,0.64378,0.64556,12530
1588334400,0.64556,0.64569,0.64292,0.64418,8685
1588348800,0.64417,0.64535,0.64138,0.64227,14483
1588363200,0.64226,0.64244,0.64097,0.64197,5262
1588550400,0.64068,0.64118,0.63727,0.6377,10795
1588564800,0.6377,0.64051,0.6377,0.63887,16870
1588579200,0.63887,0.64232,0.6377,0.64137,15747
1588593600,0.64136,0.64332,0.63989,0.64054,10718
1588608000,0.64055,0.64198,0.63916,0.64128,16302
1588622400,0.64129,0.64348,0.64097,0.64247,7521
1588636800,0.64186,0.64474,0.64177,0.64449,5276
1588651200,0.64446,0.64541,0.6435,0.64465,9662
1588665600,0.64465,0.64624,0.64168,0.6423,15339
1588680000,0.6423,0.64531,0.64195,0.64453,15355
1588694400,0.64453,0.64762,0.64427,0.64498,16699
1588708800,0.64499,0.64592,0.64288,0.64329,6199
1588723200,0.64297,0.64433,0.64192,0.64221,7040
1588737600,0.64221,0.64386,0.64191,0.64359,7656
1588752000,0.6436,0.64514,0.64196,0.64251,10306
1588766400,0.64251,0.64476,0.64157,0.64446,10196
1588780800,0.64446,0.64529,0.64065,0.64174,17874
1588795200,0.64173,0.64234,0.63936,0.64039,6917
1588809600,0.63936,0.64087,0.63783,0.63985,12032
1588824000,0.63985,0.6424,0.63954,0.64173,12724
1588838400,0.64173,0.64739,0.64117,0.64556,14883
1588852800,0.64557,0.64688,0.64504,0.64538,11104
1588867200,0.64538,0.65061,0.64415,0.64922,15820
1588881600,0.64922,0.65017,0.64818,0.64948,5995
1588896000,0.64905,0.65318,0.64905,0.65263,8371
1588910400,0.65264,0.6548,0.65214,0.65323,11379
1588924800,0.65324,0.65381,0.65074,0.65178,8172
1588939200,0.65179,0.65375,0.6507,0.65146,10035
1588953600,0.65147,0.6545,0.65049,0.65366,16224
1588968000,0.65366,0.65366,0.65217,0.65298,3741
1589155200,0.65211,0.654,0.65141,0.65349,9626
1589169600,0.65349,0.65615,0.65313,0.65536,10733
1589184000,0.65536,0.65552,0.6501,0.65136,10531
1589198400,0.65136,0.6514,0.64639,0.64728,13259
1589212800,0.64728,0.64933,0.64564,0.6489,16848
1589227200,0.6489,0.64982,0.64763,0.64913,5585
1589241600,0.64853,0.64918,0.64321,0.64388,9077
1589256000,0.64389,0.64688,0.64331,0.64661,15632
1589270400,0.6466,0.64949,0.64603,0.64865,14965
1589284800,0.64864,0.65363,0.64823,0.65164,12977
1589299200,0.65165,0.65219,0.64956,0.65038,17155
1589313600,0.65038,0.65054,0.64677,0.64699,9179
1589328000,0.64648,0.64799,0.64511,0.64736,11310
1589342400,0.64737,0.64796,0.64505,0.64749,15413
1589356800,0.64747,0.64917,0.64676,0.64799,14643
1589371200,0.64799,0.65241,0.64758,0.65153,15151
1589385600,0.65153,0.65207,0.64417,0.64503,33539
1589400000,0.64503,0.64581,0.64383,0.64563,13024
1589414400,0.64511,0.64585,0.64433,0.64533,7143
1589428800,0.64533,0.64682,0.64204,0.64309,12322
1589443200,0.64309,0.64521,0.6425,0.64344,15039
1589457600,0.64344,0.64532,0.64034,0.64144,19550
1589472000,0.64145,0.64386,0.64099,0.64283,21624
1589486400,0.64284,0.64651,0.64222,0.64599,11241
1589500800,0.64581,0.64736,0.64551,0.64627,8026
1589515200,0.64627,0.6468,0.64462,0.64602,10534
1589529600,0.64603,0.64728,0.64459,0.64612,11152
1589544000,0.64613,0.64668,0.64176,0.64422,16956
1589558400,0.64422,0.64469,0.64021,0.64098,22282
1589572800,0.64099,0.6421,0.64097,0.64155,5495
1589760000,0.64162,0.64306,0.6409,0.6425,5741
1589774400,0.6425,0.64528,0.6424,0.64396,12121
1589788800,0.64396,0.64573,0.6425,0.64454,11495
1589803200,0.64454,0.64799,0.64366,0.6473,11184
1589817600,0.64729,0.65185,0.64711,0.65035,21900
1589832000,0.65035,0.65274,0.65032,0.6523,6228
1589846400,0.65212,0.65522,0.65138,0.65414,10395
1589860800,0.65414,0.65431,0.65097,0.65271,17810
1589875200,0.65269,0.65643,0.6511,0.65567,17478
1589889600,0.65568,0.65588,0.65274,0.65467,11273
1589904000,0.65467,0.65718,0.65337,0.65588,14963
1589918400,0.65587,0.65849,0.65276,0.65368,9524
1589932800,0.65323,0.65556,0.65252,0.65514,6163
1589947200,0.65515,0.65609,0.65409,0.65455,9535
1589961600,0.65455,0.65521,0.65277,0.65435,11859
1589976000,0.65434,0.6585,0.65416,0.65788,11572
1589990400,0.65788,0.66161,0.65746,0.65886,15776
1590004800,0.65887,0.66032,0.65856,0.66,7302
1590019200,0.65899,0.6598,0.65758,0.65775,7548
1590033600,0.65774,0.65777,0.65488,0.65649,13427
1590048000,0.65649,0.65755,0.65513,0.65713,9999
1590062400,0.65714,0.65953,0.65549,0.65867,12826
1590076800,0.65866,0.65981,0.6555,0.65583,24098
1590091200,0.65583,0.65764,0.65573,0.65681,7972
1590105600,0.65627,0.65723,0.65598,0.65664,6461
1590120000,0.65664,0.65715,0.65325,0.65418,12300
1590134400,0.65419,0.65438,0.65122,0.65188,13163
1590148800,0.65188,0.65393,0.65154,0.65167,12148
1590163200,0.65166,0.65298,0.65059,0.65282,14275
1590177600,0.65282,0.65396,0.6523,0.65346,4450
1590364800,0.653,0.65503,0.65288,0.65389,7473
1590379200,0.65392,0.65406,0.6522,0.65352,14470
1590393600,0.65352,0.65411,0.65197,0.65372,7837
1590408000,0.65373,0.65461,0.65341,0.65424,7149
1590422400,0.65424,0.65496,0.65379,0.6544,4983
1590436800,0.6544,0.65479,0.65428,0.65454,3867
1590451200,0.6539,0.65652,0.65377,0.65615,9314
1590465600,0.65613,0.6576,0.65558,0.65707,10760
1590480000,0.65708,0.66257,0.65681,0.66222,10930
1590494400,0.66224,0.66437,0.66096,0.6641,12804
1590508800,0.66411,0.66627,0.66377,0.66517,16501
1590523200,0.66517,0.66751,0.6647,0.66544,9251
1590537600,0.6647,0.66532,0.66322,0.66396,7420
1590552000,0.66396,0.66576,0.66308,0.66386,10701
1590566400,0.66386,0.6658,0.66355,0.66501,12265
1590580800,0.66501,0.66803,0.66156,0.66156,22660
1590595200,0.66157,0.66221,0.6567,0.65939,31906
1590609600,0.65938,0.66246,0.65841,0.66239,9653
1590624000,0.66159,0.66317,0.66118,0.66268,10867
1590638400,0.66269,0.66356,0.65881,0.66002,22832
1590652800,0.66003,0.66291,0.65938,0.66044,16882
1590667200,0.66045,0.66384,0.66011,0.66333,15380
1590681600,0.66332,0.66674,0.6632,0.66656,22587
1590696000,0.66656,0.66672,0.66286,0.6638,11950
1590710400,0.66321,0.66428,0.661,0.66303,11699
1590724800,0.66303,0.66496,0.66214,0.66493,16948
1590739200,0.66494,0.66654,0.66448,0.66483,14767
1590753600,0.66484,0.66832,0.66464,0.66613,14247
1590768000,0.66613,0.66623,0.66184,0.66412,31949
1590782400,0.66411,0.66732,0.66305,0.66675,21352
1590969600,0.66553,0.67012,0.66479,0.66897,13712
1590984000,0.66896,0.67424,0.66852,0.67241,15803
1590998400,0.6724,0.67723,0.67192,0.67363,18855
1591012800,0.67364,0.67434,0.67201,0.6726,13315
1591027200,0.6726,0.67928,0.67143,0.67831,22042
1591041600,0.67831,0.68034,0.67817,0.67971,8179
1591056000,0.67957,0.68128,0.67818,0.6798,11138
1591070400,0.67981,0.68011,0.67748,0.67897,15171
1591084800,0.67898,0.68433,0.67893,0.68432,17123
1591099200,0.68432,0.68691,0.6842,0.68571,16647
1591113600,0.68571,0.6895,0.68468,0.6883,21770
1591128000,0.68831,0.68975,0.6879,0.68972,9896
1591142400,0.68868,0.69603,0.68864,0.69524,11249
1591156800,0.69525,0.69833,0.69247,0.69329,21420
1591171200,0.6933,0.69452,0.68786,0.68895,19164
1591185600,0.68895,0.69079,0.68564,0.68836,19690
1591200000,0.68836,0.69573,0.68734,0.69381,35135
1591214400,0.69382,0.69397,0.69156,0.69218,9549
1591228800,0.69148,0.69328,0.68916,0.69049,9477
1591243200,0.69051,0.69124,0.68917,0.69031,14343
1591257600,0.69032,0.6916,0.68823,0.68988,14045
1591272000,0.68987,0.69347,0.6882,0.69149,22171
1591286400,0.69146,0.69876,0.69078,0.69295,34520
1591300800,0.69295,0.69574,0.69289,0.69428,17348
1591315200,0.69419,0.69552,0.6931,0.69342,10889
1591329600,0.69342,0.69791,0.69305,0.69748,16266
1591344000,0.69748,0.7013,0.69592,0.69747,19520
1591358400,0.69748,0.69916,0.69587,0.69736,21468
1591372800,0.69737,0.69968,0.69489,0.697,24379
1591387200,0.69701,0.69729,0.69564,0.6965,10725
1591574400,0.69601,0.70034,0.69601,0.69836,7867
1591588800,0.69837,0.69893,0.69656,0.69694,9266
1591603200,0.69694,0.70021,0.69616,0.69977,14896
1591617600,0.69976,0.69988,0.6975,0.69838,12504
1591632000,0.69839,0.70044,0.69647,0.69965,18524
1591646400,0.69965,0.70294,0.69951,0.70191,7238
1591660800,0.7016,0.70429,0.70109,0.70176,9966
1591675200,0.70176,0.70187,0.69841,0.69858,15014
1591689600,0.69858,0.7,0.68982,0.69154,21740
1591704000,0.69156,0.6952,0.6906,0.69341,19187
1591718400,0.69341,0.69777,0.69291,0.69631,20026
1591732800,0.69631,0.69713,0.69552,0.69631,7976
1591747200,0.69565,0.69602,0.69325,0.69413,9234
1591761600,0.69413,0.69768,0.69392,0.697,14799
1591776000,0.69699,0.70082,0.69678,0.69974,16299
1591790400,0.69973,0.70198,0.69859,0.70114,16296
1591804800,0.70113,0.70173,0.69884,0.70021,21409
1591819200,0.70022,0.70643,0.69792,0.69972,39295
1591833600,0.69895,0.70039,0.69637,0.69826,12374
1591848000,0.69826,0.69942,0.69201,0.69321,19489
1591862400,0.69321,0.69497,0.69057,0.69424,26299
1591876800,0.69422,0.69624,0.68906,0.69031,22859
1591891200,0.69032,0.69273,0.68673,0.68741,35530
1591905600,0.6874,0.68758,0.68393,0.68532,25436
1591920000,0.68415,0.6851,0.68062,0.68066,22047
1591934400,0.68065,0.68535,0.67996,0.68433,25508
1591948800,0.68433,0.69116,0.68386,0.68978,27339
1591963200,0.68979,0.69088,0.68714,0.688,21923
1591977600,0.68799,0.69098,0.68223,0.68365,44826
1591992000,0.68366,0.68726,0.68109,0.6872,30149
1592179200,0.68368,0.68459,0.68063,0.681,14709
1592193600,0.681,0.68447,0.68078,0.6822,14771
1592208000,0.6822,0.6824,0.67755,0.68201,21956
1592222400,0.68201,0.68396,0.67938,0.68243,15145
1592236800,0.6825,0.6875,0.68213,0.68741,22396
1592251200,0.68741,0.69243,0.68687,0.69195,15791
1592265600,0.69115,0.69666,0.69086,0.69488,11469
1592280000,0.69487,0.69759,0.69343,0.695,16346
1592294400,0.695,0.69592,0.68953,0.69238,17781
1592308800,0.69238,0.69558,0.6907,0.69436,12672
1592323200,0.69437,0.69457,0.68328,0.68924,27046
1592337600,0.68924,0.68961,0.68741,0.68884,12062
1592352000,0.68771,0.68965,0.68555,0.6874,10804
1592366400,0.6874,0.68814,0.68514,0.68727,10611
1592380800,0.68723,0.69216,0.68647,0.69011,14281
1592395200,0.6901,0.69047,0.68658,0.68919,15340
1592409600,0.68919,0.69189,0.68692,0.69032,18625
1592424000,0.69032,0.69127,0.68752,0.68831,10531
1592438400,0.68734,0.68957,0.68643,0.68725,9226
1592452800,0.68725,0.68867,0.6836,0.68768,14076
1592467200,0.68767,0.69015,0.68566,0.68942,14619
1592481600,0.68943,0.68995,0.68516,0.68571,15057
1592496000,0.6857,0.68673,0.68351,0.68414,14515
1592510400,0.68413,0.68541,0.68369,0.68518,7494
1592524800,0.68445,0.68658,0.68396,0.68465,9673
1592539200,0.68465,0.68636,0.68404,0.68552,9995
1592553600,0.68552,0.68771,0.68521,0.68629,10315
1592568000,0.68629,0.69107,0.68611,0.69032,9126
1592582400,0.69031,0.6904,0.68282,0.68564,16509
1592596800,0.68564,0.68566,0.68324,0.68338,11618
1592784000,0.68069,0.68327,0.68069,0.68274,10884
1592798400,0.68274,0.68739,0.68273,0.68686,10902
1592812800,0.68686,0.68871,0.68522,0.6885,11272
1592827200,0.68851,0.68925,0.68629,0.6881,7764
1592841600,0.68811,0.69217,0.6873,0.69175,10714
1592856000,0.69175,0.69195,0.69009,0.69094,5446
1592870400,0.69015,0.6934,0.69008,0.6921,6722
1592884800,0.69211,0.6929,0.68567,0.69073,16597
1592899200,0.69073,0.69369,0.68922,0.69196,12601
1592913600,0.69197,0.6973,0.69122,0.69664,10073
1592928000,0.69665,0.69739,0.69411,0.69414,11633
1592942400,0.69414,0.69454,0.69232,0.69275,6258
1592956800,0.6923,0.69555,0.6923,0.69467,6188
1592971200,0.69467,0.69613,0.69343,0.69403,11210
1592985600,0.69402,0.69472,0.69001,0.69184,9946
1593000000,0.69184,0.69221,0.68954,0.69125,11353
1593014400,0.69125,0.69177,0.68617,0.68898,18368
1593028800,0.68897,0.68923,0.68644,0.68685,10838
1593043200,0.68647,0.68715,0.68496,0.68665,6410
1593057600,0.68666,0.68737,0.68526,0.68637,10032
1593072000,0.68638,0.6885,0.68464,0.68807,12250
1593086400,0.68806,0.68879,0.68535,0.68688,11991
1593100800,0.68688,0.68816,0.68545,0.68751,15981
1593115200,0.68752,0.68919,0.68651,0.68862,7833
1593129600,0.68805,0.68945,0.68614,0.68764,6882
1593144000,0.68763,0.68944,0.68746,0.68889,6427
1593158400,0.6889,0.68915,0.68734,0.68864,8001
1593172800,0.68857,0.68885,0.6868,0.68703,7317
1593187200,0.68702,0.68749,0.68396,0.68676,13900
1593201600,0.68674,0.68744,0.68552,0.68601,8433
1593388800,0.68521,0.68735,0.68447,0.68733,5749
1593403200,0.68732,0.68859,0.68652,0.68716,7621
1593417600,0.68716,0.68899,0.68641,0.68732,11026
1593432000,0.68734,0.68812,0.68604,0.68675,8409
1593446400,0.68675,0.6869,0.68408,0.68521,12074
1593460800,0.68522,0.68674,0.68483,0.68671,5390
1593475200,0.68597,0.68763,0.68578,0.68619,5656
1593489600,0.6862,0.6885,0.68611,0.6882,5910
1593504000,0.68819,0.68821,0.68436,0.68478,10400
1593518400,0.68479,0.68638,0.68318,0.68618,8362
1593532800,0.68619,0.69112,0.68596,0.6889,14763
1593547200,0.68891,0.69082,0.68873,0.69044,7690
1593561600,0.68993,0.69082,0.6893,0.69076,4486
1593576000,0.69076,0.69162,0.68872,0.68899,7039
1593590400,0.68897,0.69202,0.68854,0.69121,8149
1593604800,0.69121,0.69149,0.6876,0.69079,10486
1593619200,0.6908,0.69427,0.69051,0.69177,13320
1593633600,0.69178,0.69212,0.69059,0.69139,6749
1593648000,0.6913,0.69206,0.69073,0.69135,6625
1593662400,0.69135,0.69264,0.69038,0.69204,8369
1593676800,0.69204,0.6936,0.69159,0.69304,10086
1593691200,0.69305,0.69426,0.69168,0.69206,10014
1593705600,0.69206,0.69514,0.69007,0.69174,14495
1593720000,0.69173,0.69269,0.69148,0.69253,4436
1593734400,0.69176,0.69249,0.69129,0.69199,3803
1593748800,0.69199,0.69304,0.69164,0.6925,6461
1593763200,0.6925,0.69402,0.69224,0.69348,8863
1593777600,0.69349,0.69405,0.69249,0.69383,7359
1593792000,0.69384,0.6942,0.69293,0.69399,5167
1593806400,0.694,0.69469,0.69279,0.69373,3801
1593993600,0.69245,0.69606,0.69245,0.69519,4495
1594008000,0.69521,0.69675,0.69501,0.69621,5976
1594022400,0.69621,0.69817,0.69596,0.69618,8538
1594036800,0.69618,0.69807,0.69499,0.69792,7223
1594051200,0.69792,0.69868,0.69664,0.69746,10157
1594065600,0.69746,0.6979,0.69687,0.69717,3566
1594080000,0.69686,0.69967,0.69643,0.69878,4592
1594094400,0.69877,0.69903,0.69544,0.69676,8849
1594108800,0.69676,0.69736,0.69235,0.69247,10600
1594123200,0.69246,0.69531,0.69212,0.69515,8897
1594137600,0.69514,0.69768,0.69454,0.69641,11418
1594152000,0.69641,0.69654,0.69381,0.69432,5543
1594166400,0.69399,0.69496,0.69314,0.69343,6333
1594180800,0.69344,0.69489,0.69332,0.69381,6526
1594195200,0.69382,0.69525,0.69264,0.69385,10067
1594209600,0.69385,0.69553,0.69286,0.69464,8467
1594224000,0.69466,0.69784,0.69451,0.69735,12393
1594238400,0.69736,0.69856,0.69674,0.69822,5623
1594252800,0.69773,0.6994,0.69773,0.69774,3970
1594267200,0.69773,0.69936,0.69682,0.69898,7809
1594281600,0.69897,0.70002,0.69766,0.69837,11194
1594296000,0.69836,0.69899,0.69717,0.69865,8230
1594310400,0.69865,0.6991,0.69491,0.69547,17825
1594324800,0.69546,0.69679,0.69529,0.69627,6737
1594339200,0.6956,0.69647,0.69342,0.69425,4360
1594353600,0.69425,0.69503,0.69337,0.69353,6280
1594368000,0.69353,0.69494,0.69229,0.69419,9449
1594382400,0.6942,0.69609,0.69376,0.69507,8141
1594396800,0.69508,0.69684,0.69338,0.69416,13400
1594411200,0.69416,0.69519,0.69374,0.69462,4410
1594598400,0.6946,0.69584,0.69391,0.69506,5358
1594612800,0.69506,0.69731,0.69506,0.69702,6961
1594627200,0.69702,0.69832,0.69563,0.69622,9290
1594641600,0.69622,0.69794,0.69576,0.69647,7944
1594656000,0.69646,0.69922,0.69632,0.69796,10070
1594670400,0.69797,0.6985,0.6938,0.69384,9587
1594684800,0.69383,0.69456,0.69254,0.69335,4607
1594699200,0.69336,0.69482,0.69283,0.69482,7211
1594713600,0.69481,0.69535,0.69203,0.69434,9457
1594728000,0.69434,0.69637,0.69401,0.69481,10345
1594742400,0.69481,0.6973,0.69335,0.69663,20213
1594756800,0.69664,0.69767,0.69613,0.69743,8333
1594771200,0.6966,0.7003,0.6966,0.69921,5716
1594785600,0.69922,0.70174,0.69875,0.69942,7082
1594800000,0.69941,0.70098,0.69879,0.7001,9391
1594814400,0.70011,0.70251,0.69953,0.70245,8288
1594828800,0.70247,0.70369,0.6993,0.69979,13366
1594843200,0.6998,0.70063,0.69938,0.7006,6295
1594857600,0.7,0.70101,0.69921,0.69946,4978
1594872000,0.69946,0.70104,0.69819,0.69923,7701
1594886400,0.69922,0.69982,0.69753,0.69819,9513
1594900800,0.69819,0.69879,0.69702,0.69818,8335
1594915200,0.69818,0.70118,0.69763,0.6987,12470
1594929600,0.69869,0.6989,0.69624,0.69713,6523
1594944000,0.69647,0.69837,0.69637,0.69798,4130
1594958400,0.69799,0.69893,0.69734,0.69844,5400
1594972800,0.69844,0.69925,0.69802,0.69915,6438
1594987200,0.69916,0.69919,0.69727,0.69752,5954
1595001600,0.69753,0.69987,0.69734,0.6995,7582
1595016000,0.69951,0.70042,0.69903,0.69945,4243
1595203200,0.6983,0.70032,0.6983,0.69893,3373
1595217600,0.69892,0.69908,0.6972,0.6987,5550
1595232000,0.69869,0.69976,0.69792,0.69955,8314
1595246400,0.69954,0.70049,0.69883,0.6992,6168
1595260800,0.69921,0.70151,0.69903,0.7005,7876
1595275200,0.7005,0.70164,0.70043,0.70158,3500
1595289600,0.70086,0.70339,0.70086,0.70236,3616
1595304000,0.70237,0.70339,0.70147,0.70181,6091
1595318400,0.70181,0.70585,0.70181,0.70542,8996
1595332800,0.70541,0.7101,0.70503,0.7093,8268
1595347200,0.70929,0.71196,0.70858,0.71177,12119
1595361600,0.71177,0.71462,0.71141,0.71218,7259
1595376000,0.71256,0.71441,0.71212,0.71249,4795
1595390400,0.71248,0.71404,0.71227,0.7137,5797
1595404800,0.71369,0.71671,0.7111,0.71252,13260
1595419200,0.71252,0.71815,0.71203,0.71678,11947
1595433600,0.71678,0.71679,0.71304,0.71433,12392
1595448000,0.71432,0.71462,0.71306,0.71408,5523
1595462400,0.7139,0.71474,0.71314,0.71366,3987
1595476800,0.71367,0.71529,0.7132,0.71482,7638
1595491200,0.71481,0.71609,0.71391,0.71485,9858
1595505600,0.71489,0.71513,0.70906,0.70908,8673
1595520000,0.70908,0.71368,0.70896,0.71249,14371
1595534400,0.71249,0.71278,0.70936,0.70954,11985
1595548800,0.70959,0.71212,0.70912,0.71201,4503
1595563200,0.71201,0.71246,0.7078,0.70839,8564
1595577600,0.70838,0.70969,0.7069,0.708,13324
1595592000,0.70801,0.70951,0.70629,0.70837,9360
1595606400,0.70837,0.71056,0.70732,0.70899,12281
1595620800,0.70898,0.7105,0.70812,0.71045,5585
1595808000,0.70836,0.7122,0.70836,0.71167,6539
1595822400,0.71168,0.71453,0.7111,0.71336,8958
1595836800,0.71336,0.71414,0.71184,0.71219,9922
1595851200,0.7122,0.71414,0.71183,0.7129,9532
1595865600,0.7129,0.71491,0.71223,0.71314,10520
1595880000,0.71313,0.71487,0.71313,0.71485,4482
1595894400,0.71424,0.7161,0.71424,0.71496,4845
1595908800,0.71496,0.71762,0.71282,0.71397,9112
1595923200,0.71397,0.71428,0.7112,0.71415,10541
1595937600,0.71416,0.71539,0.71265,0.71532,9223
1595952000,0.71531,0.71666,0.71392,0.71601,13555
1595966400,0.71601,0.71668,0.71518,0.71563,5571
1595980800,0.71497,0.71733,0.71497,0.71712,4173
1595995200,0.71711,0.71729,0.71482,0.71598,5672
1596009600,0.71598,0.71931,0.71565,0.71807,7925
1596024000,0.71807,0.71843,0.7163,0.71761,6966
1596038400,0.71762,0.7191,0.71571,0.71687,10518
1596052800,0.71686,0.71961,0.71568,0.71852,12402
1596067200,0.71778,0.71896,0.71704,0.71828,3990
1596081600,0.71828,0.71855,0.71697,0.71699,6087
1596096000,0.71698,0.71705,0.71276,0.71354,10314
1596110400,0.71354,0.71549,0.7132,0.71466,8547
1596124800,0.71469,0.71616,0.71198,0.7152,17605
1596139200,0.7152,0.71967,0.71502,0.71945,6708
1596153600,0.71873,0.7214,0.71814,0.72027,6494
1596168000,0.7203,0.72232,0.71913,0.72216,9381
1596182400,0.72217,0.72263,0.71882,0.71902,10835
1596196800,0.71902,0.71982,0.71749,0.71844,7907
1596211200,0.71845,0.71857,0.71338,0.71446,18088
1596225600,0.71446,0.71501,0.71324,0.71409,7163
1596412800,0.71239,0.71488,0.71176,0.71265,8341
1596427200,0.71265,0.71424,0.71173,0.71377,8711
1596441600,0.71377,0.71456,0.71009,0.71249,8770
1596456000,0.71246,0.71248,0.70888,0.70904,7477
1596470400,0.70903,0.71136,0.70755,0.71136,8781
1596484800,0.71135,0.71265,0.71123,0.7123,4667
1596499200,0.71172,0.71269,0.71053,0.71139,5357
1596513600,0.71139,0.71367,0.71102,0.71321,6400
1596528000,0.71324,0.71499,0.71153,0.71435,11188
1596542400,0.71436,0.71522,0.71155,0.71188,9991
1596556800,0.71187,0.71577,0.71144,0.71515,10836
1596571200,0.71515,0.71663,0.71442,0.71623,5167
1596585600,0.71538,0.71775,0.71529,0.71702,4900
1596600000,0.71702,0.71895,0.71679,0.71876,5932
1596614400,0.71877,0.72022,0.71728,0.71992,8305
1596628800,0.71995,0.72351,0.71956,0.72271,10980
1596643200,0.72272,0.72404,0.71968,0.72019,11880
1596657600,0.72019,0.72053,0.71868,0.71904,3507
1596672000,0.71896,0.72119,0.71859,0.72077,3672
1596686400,0.72075,0.72117,0.71826,0.72003,5963
1596700800,0.72003,0.72156,0.71767,0.71833,11256
1596715200,0.71834,0.7199,0.71733,0.71949,8830
1596729600,0.71949,0.72363,0.71878,0.72348,14477
1596744000,0.72348,0.72386,0.72259,0.72354,5774
1596758400,0.72298,0.72424,0.72185,0.72327,4365
1596772800,0.72326,0.72334,0.71938,0.72058,9371
1596787200,0.72058,0.72217,0.71959,0.72133,7967
1596801600,0.72132,0.72193,0.71971,0.72069,9365
1596816000,0.7207,0.72077,0.71525,0.71544,14278
1596830400,0.71545,0.71602,0.71438,0.71583,6345
1597017600,0.71572,0.71678,0.71462,0.71654,5073
1597032000,0.7165,0.71717,0.71576,0.7161,5136
1597046400,0.7161,0.71707,0.71461,0.71594,6396
1597060800,0.71593,0.71622,0.71392,0.71596,5295
1597075200,0.71595,0.71833,0.71535,0.71604,10036
1597089600,0.71604,0.71605,0.71452,0.71482,3982
1597104000,0.71425,0.71573,0.71425,0.71459,3379
1597118400,0.7146,0.71847,0.71447,0.71804,5239
1597132800,0.71803,0.71841,0.71536,0.71731,7936
1597147200,0.71731,0.71888,0.71715,0.71852,9555
1597161600,0.71852,0.71852,0.7152,0.71619,12518
1597176000,0.71621,0.71623,0.71342,0.71425,8778
1597190400,0.71366,0.71501,0.71287,0.71385,5295
1597204800,0.71385,0.71452,0.71083,0.71135,10186
1597219200,0.71135,0.71333,0.71093,0.71256,9666
1597233600,0.71255,0.715,0.71201,0.71466,8686
1597248000,0.71465,0.7175,0.71409,0.717,12793
1597262400,0.717,0.71734,0.71567,0.71613,5916
1597276800,0.71575,0.71837,0.71546,0.71736,4749
1597291200,0.71736,0.71872,0.71607,0.71629,6864
1597305600,0.71628,0.71722,0.71547,0.71669,8355
1597320000,0.7167,0.71784,0.71553,0.71693,7315
1597334400,0.71693,0.7181,0.71558,0.71618,10459
1597348800,0.71618,0.7164,0.71349,0.71486,6691
1597363200,0.71461,0.7153,0.7139,0.71393,3523
1597377600,0.71393,0.71505,0.71312,0.71461,4811
1597392000,0.71462,0.7162,0.71414,0.7147,6558
1597406400,0.71471,0.71573,0.71361,0.71528,6626
1597420800,0.71528,0.7174,0.71458,0.71719,9742
1597435200,0.71718,0.71743,0.71663,0.71715,3851
1597622400,0.71586,0.71955,0.71583,0.71951,3997
1597636800,0.71952,0.71952,0.7175,0.71752,4438
1597651200,0.71752,0.7186,0.71699,0.7179,5933
1597665600,0.71791,0.71986,0.7179,0.7194,6090
1597680000,0.7194,0.72267,0.71928,0.72106,7547
1597694400,0.72107,0.72204,0.72045,0.72138,3604
1597708800,0.72127,0.72252,0.72088,0.72252,3819
1597723200,0.72251,0.72295,0.7208,0.72231,5998
1597737600,0.72231,0.72373,0.72199,0.72352,8038
1597752000,0.72351,0.7257,0.7225,0.72502,7621
1597766400,0.72503,0.72638,0.72143,0.724,13406
1597780800,0.72399,0.72455,0.72352,0.72435,4279
1597795200,0.72322,0.7259,0.72322,0.7253,4927
1597809600,0.7253,0.7257,0.72312,0.72356,6552
1597824000,0.72355,0.72716,0.72333,0.72676,8979
1597838400,0.72676,0.72748,0.72545,0.72546,7171
1597852800,0.72546,0.72667,0.72223,0.72281,10438
1597867200,0.72281,0.72362,0.71784,0.71831,11428
1597881600,0.71765,0.7192,0.71765,0.71857,5223
1597896000,0.71857,0.71874,0.71647,0.7181,7517
1597910400,0.7181,0.71849,0.7144,0.71554,10043
1597924800,0.71553,0.71706,0.71467,0.71482,10159
1597939200,0.71483,0.71812,0.71349,0.71768,14596
1597953600,0.71769,0.72016,0.71746,0.7193,6873
1597968000,0.71878,0.72151,0.71814,0.72079,5737
1597982400,0.72078,0.72088,0.71925,0.71994,7759
1597996800,0.71994,0.72062,0.71693,0.71803,9699
1598011200,0.71803,0.7187,0.71538,0.71638,9578
1598025600,0.71636,0.71734,0.71386,0.71469,12175
1598040000,0.71469,0.71654,0.71432,0.71579,3945
1598227200,0.7146,0.71689,0.71446,0.7159,4042
1598241600,0.7159,0.71773,0.71578,0.71629,6727
1598256000,0.7163,0.71859,0.71597,0.71786,7079
1598270400,0.71786,0.72031,0.71773,0.71945,5977
1598284800,0.71945,0.71969,0.71649,0.71708,10815
1598299200,0.71708,0.71744,0.71532,0.71604,5705
1598313600,0.7156,0.71771,0.71547,0.71755,4829
1598328000,0.71753,0.71818,0.71639,0.71677,5801
1598342400,0.71677,0.71779,0.71494,0.71604,6062
1598356800,0.71604,0.71844,0.71597,0.71786,6430
1598371200,0.71787,0.71902,0.7166,0.71707,10919
1598385600,0.71708,0.71969,0.71706,0.71931,3350
1598400000,0.71917,0.72062,0.71882,0.71986,4013
1598414400,0.71986,0.7205,0.71865,0.71912,4440
1598428800,0.71912,0.721,0.71864,0.72058,6049
1598443200,0.72058,0.72103,0.71864,0.71958,6118
1598457600,0.71957,0.72367,0.71936,0.72318,8879
1598472000,0.72318,0.72388,0.72234,0.72349,5443
1598486400,0.72276,0.72488,0.7226,0.72412,3933
1598500800,0.72413,0.72498,0.72278,0.72378,4735
1598515200,0.72378,0.72622,0.72328,0.72523,5658
1598529600,0.72525,0.72598,0.72388,0.72538,6622
1598544000,0.72537,0.72897,0.72159,0.7241,27833
1598558400,0.7241,0.72662,0.72389,0.72562,10528
1598572800,0.72514,0.72698,0.72514,0.72614,4017
1598587200,0.72614,0.72926,0.72577,0.72926,7748
1598601600,0.72921,0.73154,0.72859,0.73139,11607
1598616000,0.73139,0.73488,0.73024,0.73324,10073
1598630400,0.73325,0.73559,0.73258,0.73436,15021
1598644800,0.73437,0.73647,0.73386,0.7364,5763
1598832000,0.73541,0.73803,0.73541,0.7355,4948
1598846400,0.73551,0.73711,0.73454,0.73479,7103
1598860800,0.73479,0.73576,0.73392,0.73574,7216
1598875200,0.73574,0.73703,0.73497,0.73618,6376
1598889600,0.73615,0.74026,0.73573,0.73892,12879
1598904000,0.73892,0.73925,0.73708,0.73769,6167
1598918400,0.73722,0.7391,0.73669,0.73733,4807
1598932800,0.73732,0.74127,0.73732,0.73969,13711
1598947200,0.73968,0.74127,0.73777,0.73842,11579
1598961600,0.73842,0.73904,0.73731,0.73866,8115
1598976000,0.73866,0.73927,0.73648,0.73764,16027
1598990400,0.73763,0.73775,0.73584,0.73731,7513
1599004800,0.73683,0.73809,0.73608,0.7362,4477
1599019200,0.7362,0.73636,0.73355,0.73548,6549
1599033600,0.73548,0.73652,0.73388,0.73411,7942
1599048000,0.7341,0.73492,0.73247,0.73341,8907
1599062400,0.73342,0.73348,0.73005,0.7326,14883
1599076800,0.7326,0.73385,0.7313,0.7336,9023
1599091200,0.7333,0.73365,0.73194,0.73209,3232
1599105600,0.73208,0.73296,0.73092,0.73142,6862
1599120000,0.73143,0.73186,0.72955,0.73153,8901
1599134400,0.73153,0.73157,0.72802,0.72953,9111
1599148800,0.72952,0.73103,0.72652,0.72666,22967
1599163200,0.72667,0.72802,0.72641,0.72723,13363
1599177600,0.72657,0.72749,0.72503,0.72684,5885
1599192000,0.72685,0.72778,0.72633,0.72716,5067
1599206400,0.72715,0.72921,0.72594,0.72895,7406
1599220800,0.72894,0.72955,0.72612,0.72661,10389
1599235200,0.72656,0.7281,0.72212,0.72805,24350
1599249600,0.72806,0.72977,0.72764,0.7284,13537
1599436800,0.72812,0.72973,0.72722,0.72857,7477
1599451200,0.72856,0.72933,0.728,0.72837,6740
1599465600,0.72836,0.7288,0.72691,0.72804,9903
1599480000,0.72805,0.72846,0.72716,0.72814,5740
1599494400,0.72812,0.72846,0.72761,0.72804,5628
1599508800,0.72805,0.72807,0.72744,0.72756,2491
1599523200,0.7274,0.72858,0.72732,0.72773,3359
1599537600,0.72773,0.72808,0.7271,0.72761,4026
1599552000,0.7276,0.73082,0.72656,0.7268,11666
1599566400,0.72679,0.72696,0.72329,0.72387,14961
1599580800,0.72383,0.72468,0.72152,0.72393,23626
1599595200,0.72394,0.72407,0.72096,0.72127,10524
1599609600,0.72079,0.72201,0.71912,0.72145,7560
1599624000,0.72146,0.72267,0.72065,0.72234,7641
1599638400,0.72233,0.72412,0.72047,0.72278,10553
1599652800,0.72278,0.72649,0.72223,0.72552,10748
1599667200,0.72551,0.72817,0.72521,0.7276,17243
1599681600,0.72761,0.72867,0.72684,0.72824,8673
1599696000,0.7277,0.72851,0.72631,0.72667,5195
1599710400,0.72665,0.72713,0.7261,0.72677,6249
1599724800,0.72677,0.72838,0.72646,0.72694,8557
1599739200,0.72694,0.72994,0.72641,0.72914,12219
1599753600,0.72915,0.73237,0.72699,0.72771,20081
1599768000,0.72773,0.72864,0.72467,0.7257,15700
1599782400,0.72642,0.72717,0.72473,0.72687,6285
1599796800,0.72688,0.72777,0.72635,0.72753,6098
1599811200,0.72754,0.72983,0.72738,0.72933,7336
1599825600,0.72933,0.73052,0.72846,0.72883,8525
1599840000,0.72882,0.72969,0.72695,0.72736,13931
1599854400,0.72737,0.72823,0.72578,0.72806,10953
1600041600,0.7271,0.72882,0.7268,0.72692,3516
1600056000,0.72693,0.72848,0.72681,0.72823,4600
1600070400,0.72823,0.72872,0.72698,0.72714,7063
1600084800,0.72715,0.72773,0.72632,0.72748,6370
1600099200,0.72749,0.73026,0.72749,0.72923,9910
1600113600,0.72923,0.72961,0.72826,0.72874,7177
1600128000,0.72832,0.72919,0.72682,0.72713,4202
1600142400,0.72714,0.73244,0.7266,0.73214,7558
1600156800,0.73215,0.73348,0.73083,0.73131,7228
1600171200,0.73132,0.73369,0.73124,0.73332,7451
1600185600,0.73332,0.73416,0.72913,0.7303,9970
1600200000,0.7303,0.73084,0.72964,0.73009,5922
1600214400,0.72989,0.73054,0.72875,0.72962,3094
1600228800,0.72962,0.73202,0.72872,0.73167,5033
1600243200,0.73167,0.73316,0.73062,0.73249,6678
1600257600,0.73248,0.73425,0.73225,0.73263,7100
1600272000,0.73263,0.73442,0.73137,0.73248,11089
1600286400,0.73248,0.73317,0.72773,0.73034,22273
1600300800,0.7299,0.73076,0.72689,0.72741,5085
1600315200,0.72742,0.73104,0.72552,0.72641,12407
1600329600,0.7264,0.72996,0.72531,0.72963,13851
1600344000,0.72963,0.73111,0.72837,0.7293,12294
1600358400,0.72929,0.73005,0.72773,0.72877,16427
1600372800,0.72876,0.73145,0.72857,0.73088,10763
1600387200,0.73024,0.73331,0.7302,0.7315,4912
1600401600,0.73151,0.7326,0.73058,0.73152,9422
1600416000,0.73153,0.73258,0.73072,0.73073,8229
1600430400,0.73072,0.7313,0.72816,0.7293,8078
1600444800,0.72929,0.73203,0.72855,0.73175,14578
1600459200,0.73177,0.73225,0.72867,0.72881,9806
1600646400,0.72946,0.73098,0.72852,0.73081,4043
1600660800,0.73082,0.73213,0.72994,0.73192,6601
1600675200,0.73192,0.73233,0.72705,0.72785,12452
1600689600,0.72784,0.72853,0.72359,0.7246,12143
1600704000,0.72458,0.72523,0.71982,0.72063,20714
1600718400,0.72063,0.72262,0.72029,0.72232,9513
1600732800,0.72148,0.72343,0.72032,0.72134,5409
1600747200,0.72133,0.72266,0.71903,0.72193,7735
1600761600,0.72192,0.72193,0.71773,0.7208,13274
1600776000,0.72079,0.72337,0.71991,0.72132,11081
1600790400,0.72133,0.72283,0.71547,0.71559,16544
1600804800,0.71559,0.71745,0.71535,0.71679,7261
1600819200,0.71607,0.71764,0.7133,0.7134,5414
1600833600,0.71342,0.71465,0.71146,0.71247,9704
1600848000,0.71246,0.71357,0.71114,0.71245,12978
1600862400,0.71244,0.71343,0.71023,0.7108,11060
1600876800,0.71081,0.71178,0.70868,0.71,17217
1600891200,0.70999,0.71003,0.70676,0.70717,14628
1600905600,0.70708,0.70791,0.70585,0.70718,4903
1600920000,0.70717,0.70803,0.70377,0.70392,6557
1600934400,0.70393,0.70537,0.70273,0.70479,12247
1600948800,0.70479,0.70531,0.70168,0.70218,11373
1600963200,0.70219,0.70559,0.70152,0.70541,22226
1600977600,0.70543,0.70715,0.7041,0.70448,14906
1600992000,0.70458,0.7057,0.70419,0.70509,3501
1601006400,0.7051,0.70672,0.70457,0.70665,4814
1601020800,0.70665,0.70859,0.70531,0.70684,10873
1601035200,0.70684,0.70696,0.70241,0.70335,12124
1601049600,0.70335,0.70403,0.70048,0.70157,16150
1601064000,0.70156,0.70334,0.70126,0.70292,9638
1601251200,0.70259,0.70523,0.70237,0.70328,4272
1601265600,0.70328,0.70622,0.70318,0.70597,5011
1601280000,0.70596,0.70606,0.70354,0.70418,9494
1601294400,0.70418,0.70734,0.70397,0.70592,9664
1601308800,0.70591,0.70732,0.70461,0.70626,15196
1601323200,0.70626,0.70732,0.70616,0.70711,8121
1601337600,0.70777,0.70952,0.70683,0.70855,4917
1601352000,0.70854,0.7087,0.70735,0.70832,4575
1601366400,0.70833,0.71074,0.70732,0.71074,9083
1601380800,0.71074,0.71372,0.71069,0.71241,8782
1601395200,0.71241,0.71334,0.71001,0.71191,15162
1601409600,0.71192,0.71367,0.7115,0.71297,10753
1601424000,0.71281,0.71487,0.71216,0.71332,3548
1601438400,0.71333,0.71455,0.71081,0.71151,6580
1601452800,0.71149,0.71323,0.70993,0.71166,10391
1601467200,0.71165,0.71383,0.71049,0.71346,9662
1601481600,0.71349,0.71728,0.71263,0.71697,18529
1601496000,0.71698,0.71744,0.715,0.71631,15888
1601510400,0.71533,0.71721,0.71533,0.71546,3771
1601524800,0.71546,0.71826,0.71542,0.71763,5821
1601539200,0.71763,0.71963,0.71742,0.71748,11376
1601553600,0.71748,0.72082,0.71742,0.71903,10538
1601568000,0.71903,0.71954,0.71607,0.71843,18821
1601582400,0.71844,0.71939,0.71698,0.71827,14778
1601596800,0.71787,0.71872,0.71632,0.71663,4174
1601611200,0.71664,0.7174,0.71327,0.714,6196
1601625600,0.71401,0.71742,0.71297,0.71474,18111
1601640000,0.71475,0.71666,0.71399,0.71475,11605
1601654400,0.71475,0.71719,0.71385,0.71582,20657
1601668800,0.71581,0.71632,0.71507,0.71621,14880
1601856000,0.71598,0.71909,0.71546,0.71812,4758
1601870400,0.71812,0.71889,0.71765,0.7181,5756
1601884800,0.71811,0.71827,0.71617,0.71797,7971
1601899200,0.71798,0.71852,0.71733,0.71808,7491
1601913600,0.71808,0.71923,0.7177,0.71851,10163
1601928000,0.71852,0.71856,0.71709,0.71812,6519
1601942400,0.71797,0.71936,0.71673,0.71914,3617
1601956800,0.71914,0.72077,0.71823,0.719,5264
1601971200,0.719,0.71911,0.71462,0.71595,8680
1601985600,0.71595,0.71685,0.71435,0.71612,8216
1602000000,0.71612,0.71683,0.7144,0.7152,13569
1602014400,0.71522,0.71547,0.70992,0.70998,16783
1602028800,0.71004,0.7115,0.7094,0.71061,4743
1602043200,0.7106,0.71244,0.70975,0.71224,4766
1602057600,0.71226,0.71449,0.71178,0.71364,8561
1602072000,0.71365,0.71451,0.712,0.71432,8024
1602086400,0.71431,0.71507,0.71311,0.71422,13366
1602100800,0.71421,0.71453,0.71321,0.71388,7598
1602115200,0.71335,0.71416,0.71288,0.713,3389
1602129600,0.713,0.71444,0.71222,0.71431,4844
1602144000,0.71431,0.71692,0.7143,0.71639,8539
1602158400,0.71635,0.71688,0.71544,0.71605,7909
1602172800,0.71605,0.71627,0.71458,0.716,12837
1602187200,0.71601,0.71671,0.71582,0.71663,5383
1602201600,0.7163,0.7175,0.71523,0.71718,3154
1602216000,0.71719,0.71862,0.71713,0.71771,7971
1602230400,0.7177,0.7192,0.71716,0.71894,8142
1602244800,0.71893,0.72126,0.71829,0.72103,7235
1602259200,0.72103,0.72389,0.72101,0.72319,11330
1602273600,0.72319,0.72419,0.7228,0.72397,4694
1602460800,0.72233,0.72328,0.7214,0.72184,3328
1602475200,0.72182,0.72319,0.72118,0.72272,4340
1602489600,0.72274,0.7234,0.72172,0.7218,7299
1602504000,0.72181,0.72215,0.72038,0.72141,7110
1602518400,0.72141,0.72169,0.72023,0.72143,9685
1602532800,0.72142,0.72143,0.7208,0.72098,7092
1602547200,0.72018,0.72101,0.71703,0.71807,6285
1602561600,0.71807,0.71826,0.7164,0.71825,10377
1602576000,0.71825,0.71976,0.71729,0.71972,11874
1602590400,0.71972,0.7202,0.71791,0.71791,10295
1602604800,0.71795,0.71799,0.71546,0.71589,14120
1602619200,0.71589,0.71603,0.71493,0.71595,8484
1602633600,0.71527,0.7173,0.71527,0.7167,4844
1602648000,0.71671,0.71734,0.71514,0.71684,10399
1602662400,0.71684,0.71808,0.71542,0.71752,9636
1602676800,0.71751,0.71898,0.71636,0.71838,11755
1602691200,0.71839,0.71886,0.71522,0.71631,11115
1602705600,0.71631,0.71682,0.71588,0.71609,7383
1602720000,0.71551,0.71677,0.71275,0.71371,6986
1602734400,0.71372,0.71477,0.71232,0.7134,11104
1602748800,0.7134,0.71375,0.70692,0.70695,13490
1602763200,0.70695,0.70874,0.70607,0.70664,12345
1602777600,0.70664,0.70871,0.70552,0.70848,15809
1602792000,0.70845,0.70956,0.70838,0.70941,6579
1602806400,0.70914,0.70968,0.70742,0.70798,5142
1602820800,0.70799,0.70877,0.70697,0.70699,10217
1602835200,0.70699,0.70939,0.70699,0.70824,11456
1602849600,0.70824,0.70953,0.7073,0.70829,11308
1602864000,0.70829,0.70915,0.70711,0.70853,11016
1602878400,0.70853,0.7087,0.7075,0.70758,6639
1603065600,0.70663,0.71069,0.70663,0.71025,4892
1603080000,0.71025,0.71075,0.70827,0.70847,7424
1603094400,0.70847,0.71006,0.70833,0.70997,10340
1603108800,0.70997,0.71138,0.70995,0.71022,8257
1603123200,0.71022,0.71053,0.70832,0.70862,11473
1603137600,0.70862,0.709,0.70575,0.70678,9615
1603152000,0.70642,0.70687,0.70449,0.70543,4796
1603166400,0.70542,0.70551,0.70372,0.70428,8054
1603180800,0.70428,0.70471,0.70303,0.70372,9944
1603195200,0.70373,0.70492,0.70199,0.70279,6954
1603209600,0.7028,0.70618,0.702,0.70604,12068
1603224000,0.70604,0.70716,0.70435,0.70471,8860
1603238400,0.70466,0.70643,0.70454,0.70617,5481
1603252800,0.70617,0.70821,0.70614,0.70796,9758
1603267200,0.70796,0.70909,0.70687,0.70713,11499
1603281600,0.70713,0.71087,0.70704,0.71045,10841
1603296000,0.71045,0.71361,0.70917,0.71288,16538
1603310400,0.71286,0.71316,0.7115,0.71155,9417
1603324800,0.71131,0.71181,0.70943,0.7104,7248
1603339200,0.71041,0.71072,0.70841,0.70916,8079
1603353600,0.70915,0.71165,0.70913,0.7102,11816
1603368000,0.71021,0.71073,0.7091,0.71026,8767
1603382400,0.71025,0.71161,0.70914,0.71154,11818
1603396800,0.71153,0.71242,0.71072,0.71157,5832
1603411200,0.71115,0.7138,0.71094,0.71221,5823
1603425600,0.7122,0.71273,0.71069,0.71121,7302
1603440000,0.71121,0.71469,0.7101,0.71434,9466
1603454400,0.71434,0.71573,0.71389,0.71418,7919
1603468800,0.71419,0.71442,0.71002,0.71183,8769
1603483200,0.71184,0.71431,0.7118,0.7136,3873
1603670400,0.71357,0.7141,0.71138,0.7119,10226
1603684800,0.7119,0.71264,0.71102,0.7112,7757
1603699200,0.71121,0.71406,0.71021,0.7136,11258
1603713600,0.71359,0.71456,0.71132,0.71259,9872
1603728000,0.71261,0.71291,0.7104,0.71203,11692
1603742400,0.71203,0.71333,0.71096,0.71163,5987
1603756800,0.71181,0.71311,0.71146,0.71241,6588
1603771200,0.7124,0.71372,0.7124,0.71332,8524
1603785600,0.71331,0.71409,0.71169,0.71237,10254
1603800000,0.71238,0.71383,0.7121,0.71267,8092
1603814400,0.71262,0.71461,0.71213,0.7142,8489
1603828800,0.7142,0.71423,0.71131,0.71221,3466
1603843200,0.71224,0.71356,0.71121,0.71315,9049
1603857600,0.71315,0.71563,0.71263,0.7151,7187
1603872000,0.71512,0.71544,0.71006,0.71052,12403
1603886400,0.71052,0.7106,0.7049,0.70589,12975
1603900800,0.7059,0.70691,0.70374,0.70569,14459
1603915200,0.70569,0.7062,0.70389,0.70473,6726
1603929600,0.70454,0.70666,0.7044,0.70643,9266
1603944000,0.70643,0.70676,0.70539,0.70654,5966
1603958400,0.70652,0.70751,0.70351,0.70371,14433
1603972800,0.70371,0.70483,0.70086,0.70286,17078
1603987200,0.70292,0.70467,0.70015,0.70135,14341
1604001600,0.70135,0.70402,0.70135,0.70296,7521
1604016000,0.70269,0.70547,0.70213,0.7051,8667
1604030400,0.7051,0.70536,0.70222,0.70259,10142
1604044800,0.70254,0.70461,0.70102,0.70412,15241
1604059200,0.70412,0.70713,0.70288,0.70549,14140
1604073600,0.70548,0.70564,0.70144,0.70183,16342
1604088000,0.70183,0.70314,0.70148,0.70249,6625
1604275200,0.7018,0.70249,0.69961,0.702,10919
1604289600,0.70201,0.70227,0.69948,0.7006,8787
1604304000,0.70059,0.70264,0.69901,0.70233,14044
1604318400,0.70233,0.70507,0.70227,0.70482,13164
1604332800,0.70481,0.70527,0.70349,0.70394,12131
1604347200,0.70394,0.70565,0.7035,0.70558,6350
1604361600,0.70519,0.70602,0.70431,0.70589,4384
1604376000,0.70589,0.70617,0.7027,0.7043,6351
1604390400,0.7043,0.71317,0.7036,0.71237,9785
1604404800,0.71237,0.71423,0.71121,0.71257,8035
1604419200,0.71258,0.71738,0.71258,0.71585,10751
1604433600,0.71586,0.71688,0.71355,0.71648,6044
1604448000,0.71579,0.72212,0.71234,0.71381,16065
1604462400,0.71394,0.71479,0.70476,0.71053,23837
1604476800,0.71054,0.71179,0.70584,0.70969,16692
1604491200,0.70969,0.71728,0.70878,0.71371,14454
1604505600,0.71372,0.7198,0.71232,0.71778,17879
1604520000,0.71779,0.7194,0.71686,0.71806,10667
1604534400,0.71724,0.71884,0.71588,0.71639,8253
1604548800,0.71638,0.71781,0.7144,0.71681,9475
1604563200,0.71684,0.72179,0.71642,0.72112,14052
1604577600,0.72112,0.72539,0.72021,0.72474,15117
1604592000,0.7247,0.72746,0.72309,0.72648,15994
1604606400,0.72649,0.72885,0.72608,0.72852,8639
1604620800,0.72768,0.72833,0.72493,0.72677,11653
1604635200,0.72673,0.72691,0.72483,0.7261,11675
1604649600,0.7261,0.72799,0.72451,0.72674,10113
1604664000,0.7267,0.72864,0.72444,0.72711,12184
1604678400,0.72711,0.72791,0.72379,0.72698,17341
1604692800,0.72697,0.72723,0.72558,0.72601,5490
1604880000,0.72715,0.72888,0.72672,0.7283,8371
1604894400,0.7283,0.72999,0.72782,0.72961,8406
1604908800,0.72959,0.72992,0.72671,0.72679,10603
1604923200,0.7268,0.73392,0.72658,0.7325,19660
1604937600,0.73248,0.73389,0.7267,0.72858,23358
1604952000,0.72857,0.72988,0.72678,0.72783,11147
1604966400,0.72764,0.72859,0.72657,0.72739,11013
1604980800,0.72739,0.72878,0.72716,0.72788,11059
1604995200,0.72788,0.72933,0.72733,0.72885,12687
1605009600,0.72886,0.72932,0.72517,0.72645,13968
1605024000,0.72642,0.72857,0.72543,0.72795,19760
1605038400,0.72796,0.72859,0.7268,0.72846,9466
1605052800,0.7279,0.72937,0.72746,0.72904,7800
1605067200,0.72904,0.73173,0.72833,0.7307,8942
1605081600,0.73068,0.73137,0.72837,0.72979,9763
1605096000,0.72979,0.7302,0.72628,0.7279,9073
1605110400,0.72791,0.72792,0.72592,0.72741,10223
1605124800,0.72742,0.72827,0.7271,0.72779,4191
1605139200,0.7276,0.7293,0.72736,0.72843,5556
1605153600,0.72842,0.72867,0.72668,0.727,6868
1605168000,0.727,0.72742,0.72456,0.72728,8603
1605182400,0.72729,0.72813,0.72472,0.72692,7062
1605196800,0.72693,0.72724,0.72357,0.72435,11530
1605211200,0.72435,0.72446,0.72226,0.723,7950
1605225600,0.72253,0.7241,0.72236,0.7226,5681
1605240000,0.7226,0.72341,0.72206,0.7231,4536
1605254400,0.7231,0.725,0.7227,0.725,6642
1605268800,0.72503,0.72631,0.72415,0.72531,6647
1605283200,0.72532,0.72688,0.72374,0.72681,9012
1605297600,0.72681,0.72724,0.72624,0.72681,4256
1605484800,0.72647,0.72972,0.72617,0.72917,8577
1605499200,0.72915,0.72971,0.72807,0.72839,5088
1605513600,0.72838,0.73039,0.72798,0.72877,6835
1605528000,0.72877,0.73088,0.72803,0.7296,12697
1605542400,0.7296,0.73259,0.72891,0.73169,10044
1605556800,0.73167,0.73211,0.73083,0.73206,4282
1605571200,0.73121,0.73288,0.73108,0.73142,5687
1605585600,0.73142,0.73247,0.73121,0.73171,4079
1605600000,0.73172,0.73388,0.73001,0.73274,7655
1605614400,0.73274,0.73327,0.73039,0.73102,8616
1605628800,0.73102,0.73102,0.7288,0.7302,9318
1605643200,0.7302,0.73078,0.72978,0.73009,4155
1605657600,0.72967,0.72989,0.72709,0.72776,7704
1605672000,0.72772,0.72955,0.72762,0.72931,5358
1605686400,0.72932,0.73273,0.72869,0.73225,8604
1605700800,0.73226,0.73272,0.72996,0.7301,9796
1605715200,0.7301,0.73275,0.72945,0.7322,9535
1605729600,0.7322,0.733,0.73003,0.73053,6439
1605744000,0.73013,0.73047,0.7283,0.72921,7692
1605758400,0.72921,0.72971,0.72872,0.72911,5331
1605772800,0.72911,0.72965,0.72643,0.72656,10143
1605787200,0.72655,0.72768,0.72536,0.72702,9393
1605801600,0.72703,0.72808,0.72573,0.72731,10361
1605816000,0.72731,0.72962,0.7273,0.72837,5949
1605830400,0.72816,0.72873,0.72651,0.7287,7590
1605844800,0.7287,0.72983,0.72769,0.72944,7558
1605859200,0.72943,0.73019,0.72804,0.72854,10067
1605873600,0.72852,0.73143,0.72845,0.73065,8859
1605888000,0.73066,0.73231,0.73039,0.73087,9421
1605902400,0.73087,0.73121,0.73009,0.73016,4012
1606089600,0.72995,0.7327,0.72983,0.7322,6271
1606104000,0.73221,0.7323,0.73103,0.73149,4305
1606118400,0.73148,0.73366,0.73057,0.73293,7624
1606132800,0.73293,0.73346,0.73146,0.7322,6975
1606147200,0.73221,0.73248,0.72644,0.72846,14029
1606161600,0.72846,0.72944,0.72766,0.72867,4229
1606176000,0.72839,0.73153,0.72822,0.73035,6758
1606190400,0.73036,0.73208,0.73013,0.73178,7077
1606204800,0.73179,0.73666,0.73169,0.73582,10213
1606219200,0.73581,0.73604,0.73235,0.73259,8583
1606233600,0.73258,0.7356,0.73102,0.73431,9632
1606248000,0.73431,0.73638,0.73425,0.73604,4713
1606262400,0.73581,0.73726,0.73539,0.73588,7308
1606276800,0.7359,0.73628,0.73335,0.73354,10290
1606291200,0.73355,0.73621,0.73243,0.73483,9656
1606305600,0.73489,0.73557,0.73348,0.73451,7145
1606320000,0.73451,0.73627,0.73242,0.73616,10013
1606334400,0.73616,0.73724,0.73536,0.73638,4809
1606348800,0.73552,0.73718,0.73552,0.7367,5734
1606363200,0.73669,0.73736,0.73548,0.73589,4964
1606377600,0.73589,0.73734,0.73555,0.73596,7631
1606392000,0.73596,0.73682,0.73527,0.73562,4988
1606406400,0.73563,0.7366,0.73531,0.73617,3993
1606420800,0.73617,0.73698,0.73542,0.73561,1727
1606435200,0.73516,0.73611,0.73513,0.73595,4053
1606449600,0.73594,0.73796,0.73523,0.73791,6784
1606464000,0.7379,0.73853,0.73705,0.73755,7831
1606478400,0.73755,0.7382,0.73629,0.73781,6981
1606492800,0.73782,0.73981,0.73782,0.73905,11874
1606507200,0.73904,0.73905,0.73749,0.73749,3359
1606694400,0.73797,0.74063,0.73797,0.74022,6666
1606708800,0.7402,0.74022,0.73824,0.73887,7892
1606723200,0.73886,0.73907,0.73686,0.73849,9926
1606737600,0.73848,0.73859,0.73715,0.738,7992
1606752000,0.738,0.73843,0.73463,0.7356,15701
1606766400,0.7356,0.73574,0.73383,0.73411,5610
1606780800,0.73368,0.73618,0.73368,0.73556,4805
1606795200,0.73556,0.73705,0.73515,0.73667,6546
1606809600,0.73667,0.73725,0.73488,0.73519,10527
1606824000,0.7352,0.73609,0.73423,0.73595,11613
1606838400,0.73594,0.73678,0.73409,0.73627,16483
1606852800,0.73628,0.73717,0.73592,0.73707,6336
1606867200,0.73626,0.73885,0.73617,0.73695,8172
1606881600,0.73696,0.73828,0.73628,0.73688,5815
1606896000,0.73689,0.73921,0.73659,0.73806,9154
1606910400,0.73806,0.73835,0.73505,0.73561,10294
1606924800,0.7356,0.74005,0.7351,0.73957,13063
1606939200,0.73957,0.7419,0.73906,0.74139,4875
1606953600,0.74128,0.74179,0.73971,0.74002,4095
1606968000,0.74002,0.74164,0.73981,0.74103,4913
1606982400,0.74103,0.74356,0.74082,0.74191,10145
1606996800,0.74191,0.74336,0.74128,0.74281,13353
1607011200,0.74281,0.74487,0.74256,0.74428,14850
1607025600,0.74427,0.74478,0.74295,0.74399,6833
1607040000,0.74345,0.74424,0.74256,0.74295,5989
1607054400,0.74299,0.74326,0.74218,0.74248,6674
1607068800,0.74249,0.74358,0.74132,0.74258,11836
1607083200,0.74257,0.74292,0.74093,0.74201,15456
1607097600,0.74202,0.74407,0.74176,0.74348,16515
1607112000,0.74349,0.74429,0.74224,0.74255,7184
1607299200,0.74286,0.74356,0.74232,0.74273,7350
1607313600,0.74273,0.74337,0.74261,0.74285,6370
1607328000,0.74284,0.74295,0.73715,0.7384,11532
1607342400,0.7384,0.74259,0.73775,0.74228,10478
1607356800,0.74226,0.74527,0.74209,0.74477,10391
1607371200,0.74476,0.74476,0.74166,0.74183,5696
1607385600,0.74154,0.74253,0.74092,0.74168,5188
1607400000,0.74167,0.74283,0.74157,0.74222,6377
1607414400,0.74222,0.74344,0.74032,0.74317,9951
1607428800,0.74316,0.74332,0.74092,0.74123,10345
1607443200,0.74125,0.74181,0.73983,0.74162,12493
1607457600,0.74162,0.74172,0.7402,0.74095,4298
1607472000,0.74022,0.74187,0.74022,0.74144,5263
1607486400,0.74144,0.74434,0.74112,0.7442,6938
1607500800,0.74419,0.74754,0.74419,0.7474,8635
1607515200,0.7474,0.74844,0.74663,0.74823,9242
1607529600,0.74822,0.74827,0.74336,0.74408,12517
1607544000,0.74407,0.74431,0.74225,0.744,8263
1607558400,0.74402,0.74528,0.74209,0.74526,5992
1607572800,0.74527,0.74786,0.74506,0.74701,7560
1607587200,0.74701,0.74936,0.74545,0.7486,8821
1607601600,0.74859,0.75134,0.74825,0.75002,10986
1607616000,0.75003,0.7532,0.74841,0.75274,17521
1607630400,0.75274,0.7539,0.75228,0.75375,6167
1607644800,0.75312,0.75641,0.75214,0.75589,6977
1607659200,0.75591,0.75711,0.75516,0.75554,5903
1607673600,0.75557,0.75677,0.75193,0.75284,10349
1607688000,0.75284,0.75411,0.75219,0.75351,13627
1607702400,0.75351,0.75436,0.75253,0.75296,10908
1607716800,0.75294,0.75383,0.75267,0.75316,4531
1607904000,0.75466,0.75577,0.75235,0.75336,5198
1607918400,0.75336,0.75458,0.75304,0.75437,4469
1607932800,0.75437,0.75733,0.75437,0.7558,9425
1607947200,0.7558,0.75769,0.75557,0.75755,9688
1607961600,0.75753,0.75772,0.75321,0.75451,13742
1607976000,0.7545,0.75474,0.75301,0.75314,5285
1607990400,0.75272,0.75453,0.7527,0.75344,6361
1608004800,0.75337,0.75382,0.75064,0.75205,9669
1608019200,0.75206,0.75313,0.75112,0.75264,7972
1608033600,0.75265,0.75386,0.75198,0.75356,7635
1608048000,0.75355,0.75641,0.75301,0.75639,8383
1608062400,0.75639,0.75707,0.75536,0.75558,4647
1608076800,0.75505,0.75576,0.75446,0.75478,4515
1608091200,0.75477,0.75631,0.7546,0.75518,7706
1608105600,0.75516,0.75778,0.75504,0.75776,7559
1608120000,0.75776,0.75776,0.75592,0.75593,6922
1608134400,0.75592,0.75664,0.75502,0.75622,9538
1608148800,0.75622,0.75771,0.75379,0.75766,9155
1608163200,0.757,0.75903,0.75661,0.75797,5185
1608177600,0.75796,0.75954,0.75759,0.75944,6614
1608192000,0.75944,0.76388,0.75899,0.76331,8100
1608206400,0.76333,0.76366,0.76214,0.76232,6665
1608220800,0.76235,0.76313,0.76132,0.76247,9361
1608235200,0.76248,0.76313,0.76155,0.76266,4126
1608249600,0.76205,0.7627,0.76061,0.76101,5191
1608264000,0.76101,0.76134,0.75818,0.7584,8001
1608278400,0.75842,0.76106,0.75839,0.75936,7434
1608292800,0.75936,0.76182,0.7593,0.76086,6328
1608307200,0.76086,0.76212,0.75931,0.76158,10081
1608321600,0.76158,0.76243,0.76085,0.76215,4340
1608508800,0.75823,0.76055,0.758,0.75865,8144
1608523200,0.75864,0.7593,0.7556,0.75628,13051
1608537600,0.75628,0.7565,0.74927,0.74967,13453
1608552000,0.74967,0.75282,0.74611,0.75212,18120
1608566400,0.75209,0.75788,0.75209,0.75768,16817
1608580800,0.7577,0.75982,0.75724,0.75815,8683
1608595200,0.75795,0.75901,0.75644,0.75695,6429
1608609600,0.75695,0.75746,0.75512,0.75587,9490
1608624000,0.75587,0.75677,0.75283,0.7529,9756
1608638400,0.75294,0.75683,0.75294,0.75519,8058
1608652800,0.7552,0.75577,0.75162,0.75306,12918
1608667200,0.75305,0.75342,0.75175,0.75251,5396
1608681600,0.75197,0.75539,0.75159,0.75378,7899
1608696000,0.75379,0.75547,0.75335,0.7548,9009
1608710400,0.7548,0.75753,0.75457,0.75661,8859
1608724800,0.75662,0.75724,0.75417,0.75624,7744
1608739200,0.75621,0.75908,0.75594,0.75733,12750
1608753600,0.75733,0.75845,0.7569,0.75772,4931
1608768000,0.75684,0.75935,0.75638,0.75861,5022
1608782400,0.75861,0.75952,0.75781,0.75849,5763
1608796800,0.7585,0.76021,0.7585,0.75938,6842
1608811200,0.75937,0.76058,0.75902,0.7599,5806
1608825600,0.75989,0.76039,0.75907,0.75981,5539
1609113600,0.75991,0.76136,0.75829,0.7603,6009
1609128000,0.7603,0.76147,0.76013,0.76132,4334
1609142400,0.76135,0.76217,0.7604,0.7611,5621
1609156800,0.76109,0.76114,0.75765,0.75873,7517
1609171200,0.75873,0.75987,0.75562,0.75708,7926
1609185600,0.75709,0.75811,0.75663,0.75796,3609
1609200000,0.75748,0.75959,0.75741,0.75908,4768
1609214400,0.75907,0.75984,0.75833,0.75957,4911
1609228800,0.75957,0.76066,0.75911,0.75973,5597
1609243200,0.75976,0.76102,0.75946,0.76099,6307
1609257600,0.761,0.7624,0.75977,0.76124,10467
1609272000,0.76125,0.76132,0.76051,0.76085,6377
1609286400,0.76046,0.76344,0.75959,0.76319,6947
1609300800,0.76322,0.76627,0.76322,0.76559,5413
1609315200,0.76558,0.76606,0.76442,0.76477,7008
1609329600,0.76475,0.76731,0.76475,0.76624,8734
1609344000,0.76622,0.76853,0.76621,0.76791,11902
1609358400,0.76789,0.76855,0.76739,0.76847,3994
1609372800,0.76829,0.77072,0.76719,0.77049,4561
1609387200,0.77047,0.77076,0.76867,0.77024,6490
1609401600,0.77023,0.7716,0.7695,0.77024,7482
1609416000,0.77023,0.77413,0.76989,0.77303,7909
1609430400,0.77302,0.77383,0.76889,0.76934,9328
1609444800,0.76936,0.76996,0.76936,0.76984,83
1609718400,0.76962,0.77163,0.76806,0.77157,9378
1609732800,0.77157,0.77204,0.7689,0.77063,9165
1609747200,0.77062,0.77391,0.77048,0.77318,10172
1609761600,0.77318,0.77398,0.77122,0.77172,9062
1609776000,0.77173,0.77217,0.76415,0.766,19924
1609790400,0.766,0.76704,0.76539,0.76652,8735
1609804800,0.76575,0.76829,0.76575,0.76743,8718
1609819200,0.76742,0.77125,0.76742,0.77096,11646
1609833600,0.77095,0.7724,0.7699,0.77138,12698
1609848000,0.77139,0.7721,0.76899,0.76909,11836
1609862400,0.76912,0.77646,0.76887,0.7764,18793
1609876800,0.77642,0.77768,0.77602,0.77603,6561
1609891200,0.77545,0.77714,0.77436,0.77533,13411
1609905600,0.77534,0.77782,0.77322,0.7771,15596
1609920000,0.7771,0.7809,0.77703,0.78068,14522
1609934400,0.78066,0.78192,0.77742,0.77773,13804
1609948800,0.77772,0.77976,0.77613,0.77955,22333
1609963200,0.77955,0.78102,0.77792,0.78044,17772
1609977600,0.7801,0.78165,0.77907,0.78009,8806
1609992000,0.78009,0.7802,0.77804,0.77804,8622
1610006400,0.77803,0.77933,0.77521,0.77522,15738
1610020800,0.77522,0.77576,0.77305,0.77418,13601
1610035200,0.77418,0.77633,0.77247,0.77454,18072
1610049600,0.77455,0.77725,0.77445,0.77661,7455
1610064000,0.77622,0.77724,0.77391,0.7752,8959
1610078400,0.77519,0.7776,0.77492,0.77693,12752
1610092800,0.77694,0.77881,0.7752,0.77797,14537
1610107200,0.77799,0.77941,0.77654,0.77911,13620
1610121600,0.77909,0.77979,0.77448,0.776,26419
1610136000,0.77601,0.77663,0.77274,0.77649,14744
1610323200,0.77511,0.77594,0.7704,0.77066,9249
1610337600,0.77065,0.77142,0.7692,0.76997,10532
1610352000,0.76998,0.77214,0.76922,0.771,13971
1610366400,0.771,0.77201,0.76757,0.76772,14015
1610380800,0.76773,0.77151,0.76653,0.77093,18091
1610395200,0.7709,0.77149,0.76943,0.76952,7008
1610409600,0.7691,0.77101,0.76885,0.77025,8510
1610424000,0.77024,0.77075,0.76859,0.77058,9731
1610438400,0.77058,0.774,0.77024,0.77368,10940
1610452800,0.77365,0.77375,0.76984,0.77054,11647
1610467200,0.77051,0.77365,0.76961,0.77327,17170
1610481600,0.77328,0.77765,0.77306,0.77732,8546
1610496000,0.77631,0.77805,0.77626,0.77705,5907
1610510400,0.77707,0.77734,0.77572,0.77611,10924
1610524800,0.7761,0.77786,0.77462,0.77512,9849
1610539200,0.77514,0.77529,0.77292,0.77324,10007
1610553600,0.77323,0.7754,0.77205,0.77442,15618
1610568000,0.77441,0.77542,0.773,0.77327,5867
1610582400,0.77265,0.77535,0.77265,0.77487,6008
1610596800,0.77488,0.77593,0.77277,0.77588,9989
1610611200,0.77587,0.77686,0.77421,0.77671,10450
1610625600,0.77672,0.77703,0.774,0.7742,12461
1610640000,0.7742,0.78046,0.77397,0.77971,12720
1610654400,0.77972,0.7799,0.77774,0.77784,7364
1610668800,0.77763,0.77877,0.77676,0.77689,7281
1610683200,0.7769,0.77748,0.77493,0.77533,8611
1610697600,0.77532,0.77574,0.77282,0.7743,9760
1610712000,0.7743,0.77512,0.77195,0.77197,9902
1610726400,0.77198,0.77277,0.76806,0.77199,17460
1610740800,0.77198,0.77203,0.77003,0.77011,6124
1610928000,0.77007,0.77097,0.76782,0.76981,7519
1610942400,0.76979,0.77034,0.76785,0.7689,8392
1610956800,0.7689,0.76946,0.76581,0.76638,11222
1610971200,0.76638,0.76872,0.7663,0.76854,8339
1610985600,0.76854,0.76877,0.76762,0.76808,7924
1611000000,0.76808,0.76854,0.76745,0.76771,4062
1611014400,0.76761,0.77092,0.76691,0.77036,7532
1611028800,0.77036,0.77182,0.77025,0.77086,9665
1611043200,0.77085,0.77243,0.7696,0.77057,10588
1611057600,0.77057,0.77194,0.77018,0.77155,11810
1611072000,0.77156,0.77231,0.76923,0.76976,14490
1611086400,0.76975,0.76986,0.76867,0.76972,5921
1611100800,0.76926,0.77139,0.76892,0.77086,6152
1611115200,0.77087,0.77274,0.77085,0.77242,7016
1611129600,0.77242,0.77404,0.77219,0.77316,9618
1611144000,0.77316,0.7735,0.77199,0.77332,10809
1611158400,0.77332,0.77599,0.77235,0.77351,15615
1611172800,0.77352,0.77481,0.7735,0.77449,5206
1611187200,0.7741,0.77722,0.77368,0.77646,6111
1611201600,0.77647,0.77764,0.77637,0.77742,8060
1611216000,0.77743,0.77743,0.77505,0.77725,13331
1611230400,0.77724,0.77813,0.77586,0.77591,11957
1611244800,0.77589,0.77746,0.77406,0.77476,14141
1611259200,0.77474,0.7768,0.77466,0.77641,5341
1611273600,0.77572,0.77689,0.77484,0.77503,6743
1611288000,0.77504,0.77539,0.77399,0.77446,6382
1611302400,0.77445,0.77447,0.77167,0.77233,11631
1611316800,0.77233,0.77265,0.77012,0.77087,10540
1611331200,0.77086,0.77303,0.77066,0.77146,16383
1611345600,0.77145,0.77193,0.77085,0.77118,6928
1611532800,0.77079,0.77255,0.77046,0.77149,6828
1611547200,0.7715,0.77431,0.7715,0.77424,7235
1611561600,0.77424,0.77466,0.77171,0.77216,11708
1611576000,0.77216,0.77352,0.77168,0.77275,10415
1611590400,0.77273,0.77326,0.76819,0.77062,20742
1611604800,0.77062,0.77129,0.76998,0.77115,9233
1611619200,0.77074,0.77188,0.77005,0.77134,4068
1611633600,0.77134,0.77164,0.76839,0.76878,5328
1611648000,0.76879,0.77008,0.7668,0.76944,11034
1611662400,0.76944,0.77387,0.76889,0.77356,9204
1611676800,0.77357,0.77535,0.77314,0.77435,13349
1611691200,0.77434,0.77519,0.77423,0.77468,4643
1611705600,0.77439,0.77628,0.77362,0.7743,5941
1611720000,0.77427,0.77444,0.77286,0.77433,5864
1611734400,0.77433,0.77447,0.77195,0.77243,9668
1611748800,0.77242,0.77327,0.76816,0.7687,12422
1611763200,0.7687,0.76985,0.76428,0.76974,22919
1611777600,0.76975,0.76998,0.76474,0.76615,20314
1611792000,0.76586,0.76641,0.76218,0.76463,10746
1611806400,0.76462,0.76499,0.76202,0.76359,9548
1611820800,0.76358,0.76358,0.75909,0.76061,16583
1611835200,0.76057,0.7639,0.7595,0.7638,16238
1611849600,0.76381,0.76791,0.76354,0.76785,23163
1611864000,0.76785,0.7697,0.76751,0.76768,10124
1611878400,0.76742,0.76814,0.7662,0.76626,6587
1611892800,0.76627,0.76653,0.76357,0.76452,9140
1611907200,0.7645,0.76624,0.76345,0.76447,17070
1611921600,0.76447,0.77001,0.76374,0.7691,19492
1611936000,0.76914,0.77031,0.76395,0.76422,25479
1611950400,0.7642,0.76522,0.76303,0.7641,15452
1612137600,0.76216,0.7643,0.76049,0.76361,11124
1612152000,0.7636,0.76613,0.7636,0.76574,9677
1612166400,0.76573,0.76618,0.76246,0.76381,17626
1612180800,0.76378,0.76409,0.76195,0.76244,14148
1612195200,0.76244,0.76333,0.76115,0.76254,20459
1612209600,0.76255,0.7645,0.76168,0.76217,10257
1612224000,0.76166,0.76526,0.7615,0.7651,7892
1612238400,0.76511,0.76608,0.76182,0.76304,9127
1612252800,0.76305,0.76371,0.76025,0.76179,12846
1612267200,0.7618,0.76219,0.75866,0.76016,12202
1612281600,0.76015,0.76048,0.75629,0.75841,17730
1612296000,0.75841,0.761,0.75825,0.76083,7737
1612310400,0.76045,0.7619,0.76007,0.76152,7421
1612324800,0.76153,0.76204,0.76084,0.76137,7169
1612339200,0.76137,0.76254,0.76006,0.76157,9866
1612353600,0.76159,0.76232,0.76076,0.76159,9767
1612368000,0.7616,0.76251,0.76062,0.76229,16268
1612382400,0.7623,0.76249,0.76142,0.76205,8406
1612396800,0.76154,0.7643,0.76141,0.764,6101
1612411200,0.764,0.76468,0.76187,0.76267,8085
1612425600,0.76267,0.76365,0.76191,0.76286,11298
1612440000,0.76287,0.76307,0.76065,0.76185,11905
1612454400,0.76184,0.76205,0.75873,0.75931,13447
1612468800,0.75931,0.76027,0.75914,0.75986,4902
1612483200,0.75961,0.76079,0.75889,0.75922,5300
1612497600,0.75924,0.76043,0.7582,0.76042,5921
1612512000,0.76042,0.76257,0.75991,0.76159,8457
1612526400,0.7616,0.76382,0.76005,0.76238,11915
1612540800,0.76238,0.76696,0.7622,0.7669,15769
1612555200,0.76689,0.7678,0.76633,0.76765,7744
1612742400,0.76655,0.76809,0.76623,0.76777,7808
1612756800,0.76776,0.76784,0.76672,0.76739,3827
1612771200,0.76737,0.76803,0.76572,0.76644,5542
1612785600,0.76645,0.76754,0.76504,0.76714,6185
1612800000,0.76713,0.77141,0.76685,0.77022,11500
1612814400,0.77021,0.77055,0.76963,0.77024,4343
1612828800,0.76952,0.77199,0.76952,0.77149,5263
1612843200,0.7715,0.77305,0.77147,0.77267,5394
1612857600,0.77267,0.77354,0.77053,0.77329,8892
1612872000,0.77325,0.77339,0.77071,0.77226,7225
1612886400,0.77227,0.77297,0.77081,0.77287,12046
1612900800,0.77285,0.77394,0.77211,0.77372,5664
1612915200,0.77341,0.77422,0.77241,0.77314,5043
1612929600,0.77313,0.77415,0.77302,0.77389,5220
1612944000,0.77389,0.77522,0.77192,0.77205,9407
1612958400,0.77206,0.77528,0.77182,0.77417,9828
1612972800,0.77417,0.77552,0.77209,0.77345,18581
1612987200,0.77345,0.77345,0.77165,0.77196,8961
1613001600,0.77155,0.77236,0.77118,0.77163,3517
1613016000,0.77163,0.77406,0.77161,0.77401,4745
1613030400,0.77401,0.77516,0.77327,0.7744,7047
1613044800,0.77441,0.77693,0.77354,0.77662,5867
1613059200,0.77663,0.77708,0.77433,0.77503,15009
1613073600,0.77503,0.77552,0.77438,0.77527,5733
1613088000,0.77493,0.77573,0.77442,0.77474,3268
1613102400,0.77471,0.77497,0.77345,0.77487,3648
1613116800,0.77488,0.77495,0.77191,0.77243,7574
1613131200,0.77243,0.77328,0.77173,0.77218,5934
1613145600,0.77218,0.77637,0.77183,0.77583,10354
1613160000,0.77583,0.77619,0.77515,0.77588,3975
1613347200,0.77594,0.7769,0.77578,0.77669,4211
1613361600,0.77669,0.7787,0.77658,0.77853,4944
1613376000,0.77853,0.77863,0.77698,0.77741,6796
1613390400,0.77739,0.77821,0.77673,0.77686,4950
1613404800,0.77685,0.77878,0.77671,0.77758,4922
1613419200,0.77843,0.77864,0.77739,0.77795,1639
1613433600,0.77779,0.78011,0.77773,0.77964,4910
1613448000,0.77964,0.78043,0.77754,0.77824,6277
1613462400,0.77823,0.77933,0.77736,0.77891,8792
1613476800,0.77891,0.78003,0.77526,0.77541,9236
1613491200,0.77541,0.7777,0.77438,0.77553,16549
1613505600,0.77552,0.77648,0.77519,0.77554,4914
1613520000,0.77525,0.77571,0.77297,0.77456,6132
1613534400,0.77457,0.77572,0.77434,0.77513,7745
1613548800,0.77515,0.77711,0.77387,0.77544,10374
1613563200,0.77544,0.77558,0.7725,0.77285,9725
1613577600,0.77284,0.77521,0.77235,0.7751,18375
1613592000,0.77509,0.77529,0.77444,0.77497,6507
1613606400,0.77483,0.77708,0.77451,0.77563,6314
1613620800,0.77562,0.77615,0.77466,0.77538,7913
1613635200,0.77539,0.77817,0.77452,0.77785,9841
1613649600,0.77784,0.77887,0.77688,0.77766,10175
1613664000,0.77767,0.77779,0.77302,0.77554,17236
1613678400,0.77553,0.77722,0.77523,0.77693,5694
1613692800,0.7767,0.77753,0.77603,0.77663,5631
1613707200,0.77663,0.77826,0.77567,0.77815,7443
1613721600,0.77813,0.78383,0.77813,0.78281,11324
1613736000,0.78281,0.78661,0.7822,0.78648,12967
1613750400,0.78648,0.78762,0.78485,0.78721,14275
1613764800,0.78718,0.78718,0.78567,0.78676,6773
1613952000,0.7869,0.79074,0.78652,0.78954,7394
1613966400,0.78955,0.78967,0.78713,0.78791,8399
1613980800,0.78791,0.78809,0.78544,0.78733,11867
1613995200,0.78732,0.78987,0.78727,0.7898,9708
1614009600,0.7898,0.79189,0.78843,0.79187,15140
1614024000,0.79187,0.79285,0.79116,0.79141,5392
1614038400,0.79102,0.7934,0.79102,0.79316,6118
1614052800,0.79315,0.79323,0.79078,0.79186,5451
1614067200,0.79185,0.7923,0.78943,0.7898,9985
1614081600,0.78979,0.79078,0.78893,0.78988,11477
1614096000,0.78987,0.79184,0.78795,0.7901,18639
1614110400,0.79009,0.79172,0.78996,0.79109,7527
1614124800,0.79092,0.79443,0.7902,0.79387,9054
1614139200,0.7939,0.79422,0.79033,0.79099,12258
1614153600,0.79099,0.7924,0.79046,0.79171,14524
1614168000,0.7917,0.79318,0.78943,0.79028,12005
1614182400,0.79027,0.79441,0.78994,0.79397,18020
1614196800,0.79398,0.79722,0.7935,0.79688,6675
1614211200,0.7964,0.79773,0.79561,0.79584,7037
1614225600,0.79585,0.79785,0.79519,0.79713,7382
1614240000,0.79714,0.8005,0.79704,0.80008,11358
1614254400,0.80008,0.80062,0.79727,0.79731,14769
1614268800,0.7973,0.79865,0.7915,0.79153,24518
1614283200,0.79151,0.79177,0.78578,0.78708,22693
1614297600,0.78719,0.78824,0.78223,0.78527,14360
1614312000,0.78528,0.78698,0.78189,0.78317,12934
1614326400,0.78317,0.78446,0.78039,0.78073,16455
1614340800,0.78072,0.7811,0.77298,0.77843,18309
1614355200,0.77843,0.77975,0.77101,0.77211,25745
1614369600,0.77212,0.77342,0.76912,0.77028,11954
1614556800,0.77052,0.77715,0.77052,0.77485,10224
1614571200,0.77484,0.77631,0.77382,0.77537,7731
1614585600,0.77536,0.77724,0.77273,0.77309,12787
1614600000,0.77308,0.7749,0.77208,0.77465,10979
1614614400,0.77465,0.7786,0.77433,0.77665,19644
1614628800,0.77667,0.77814,0.77572,0.77721,9680
1614643200,0.7769,0.77747,0.77466,0.77521,7129
1614657600,0.7752,0.77673,0.77361,0.7757,13430
1614672000,0.7757,0.77678,0.77348,0.77531,14969
1614686400,0.7753,0.78051,0.77483,0.77915,13622
1614700800,0.77915,0.78281,0.77893,0.78207,21216
1614715200,0.78208,0.78366,0.78188,0.78211,8341
1614729600,0.7814,0.78372,0.78114,0.78295,6497
1614744000,0.78296,0.78323,0.7813,0.78165,5650
1614758400,0.78165,0.78373,0.78098,0.78298,10985
1614772800,0.78297,0.78305,0.77796,0.779,12519
1614787200,0.77902,0.78112,0.77695,0.77986,23305
1614801600,0.77987,0.78101,0.77745,0.77745,11353
1614816000,0.77729,0.77879,0.77516,0.77879,8521
1614830400,0.77879,0.78056,0.77727,0.77976,9010
1614844800,0.77976,0.78141,0.77766,0.77786,13690
1614859200,0.77787,0.77951,0.77662,0.77915,12694
1614873600,0.77915,0.78108,0.7735,0.77436,27114
1614888000,0.77433,0.775,0.77078,0.77195,24456
1614902400,0.77216,0.77261,0.76868,0.76987,9714
1614916800,0.76987,0.77234,0.76918,0.77228,10321
1614931200,0.7723,0.77258,0.76594,0.76751,14739
1614945600,0.76751,0.76766,0.76205,0.76668,15602
1614960000,0.76669,0.77084,0.765,0.76712,31277
1614974400,0.76711,0.7699,0.76668,0.76805,12406
1615161600,0.769,0.77215,0.769,0.77084,8995
1615176000,0.77086,0.77117,0.76849,0.77074,12953
1615190400,0.77071,0.77133,0.76353,0.76459,15214
1615204800,0.76459,0.76716,0.76414,0.7669,13393
1615219200,0.7669,0.76845,0.76514,0.76699,23784
1615233600,0.76701,0.76789,0.76389,0.76446,10915
1615248000,0.76416,0.76587,0.76204,0.76246,8935
1615262400,0.76248,0.76662,0.76244,0.76616,12281
1615276800,0.76618,0.77057,0.76428,0.7704,13310
1615291200,0.77039,0.77182,0.76898,0.76983,11975
1615305600,0.76983,0.77135,0.76928,0.77018,15475
1615320000,0.7702,0.77249,0.77008,0.77198,6187
1615334400,0.77059,0.77182,0.76896,0.76899,6214
1615348800,0.76902,0.76912,0.76694,0.76769,6844
1615363200,0.7677,0.77102,0.76676,0.77093,9127
1615377600,0.77093,0.77286,0.76863,0.77257,11569
1615392000,0.77258,0.77446,0.77019,0.77198,17435
1615406400,0.77198,0.77398,0.77071,0.77355,9487
1615420800,0.77277,0.77403,0.77224,0.77336,4600
1615435200,0.77336,0.77514,0.77336,0.77479,6275
1615449600,0.7748,0.77834,0.77424,0.77756,9529
1615464000,0.77757,0.77825,0.77644,0.77702,11340
1615478400,0.77702,0.77773,0.77359,0.77729,13779
1615492800,0.77728,0.77929,0.77719,0.77848,7630
1615507200,0.77847,0.77999,0.77768,0.7792,5578
1615521600,0.77921,0.77939,0.77697,0.77758,7815
1615536000,0.77758,0.77774,0.77397,0.77454,12574
1615550400,0.77454,0.77595,0.77295,0.77394,10600
1615564800,0.77395,0.77744,0.77234,0.77601,17019
1615579200,0.77599,0.77658,0.77541,0.77551,5006
1615766400,0.77554,0.77748,0.77468,0.77573,8163
1615780800,0.77572,0.7763,0.77321,0.77322,7545
1615795200,0.77324,0.77583,0.77199,0.77479,10348
1615809600,0.7748,0.77514,0.77242,0.77297,10645
1615824000,0.773,0.77494,0.77048,0.77487,11012
1615838400,0.77487,0.77588,0.77457,0.77514,3027
1615852800,0.77512,0.77538,0.774,0.77469,4863
1615867200,0.77469,0.77553,0.77438,0.77495,6047
1615881600,0.77496,0.77515,0.77097,0.77203,8328
1615896000,0.77204,0.77551,0.77188,0.77407,10591
1615910400,0.77409,0.77566,0.77325,0.77462,10220
1615924800,0.77462,0.77528,0.77368,0.77408,3807
1615939200,0.77428,0.77465,0.7723,0.77316,4866
1615953600,0.77316,0.77372,0.77265,0.77266,4191
1615968000,0.77265,0.77384,0.77208,0.77292,6250
1615982400,0.77291,0.77365,0.77096,0.77201,9595
1615996800,0.77201,0.77308,0.76984,0.77015,9172
1616011200,0.7713,0.78094,0.77074,0.77955,16593
1616025600,0.77968,0.78349,0.77967,0.78241,7809
1616040000,0.78239,0.7834,0.78154,0.78224,7239
1616054400,0.78223,0.78484,0.77941,0.78107,14323
1616068800,0.78108,0.78169,0.77599,0.77741,15672
1616083200,0.77739,0.7803,0.77674,0.77915,13687
1616097600,0.77914,0.77917,0.77485,0.77548,8386
1616112000,0.77552,0.77625,0.77233,0.77432,6507
1616126400,0.77432,0.77535,0.77272,0.77464,8133
1616140800,0.77467,0.77713,0.77376,0.77496,10823
1616155200,0.77496,0.77627,0.77167,0.77261,15184
1616169600,0.7726,0.77556,0.77225,0.77482,14225
1616184000,0.77483,0.77523,0.77421,0.77449,3758
1616371200,0.77156,0.77336,0.77039,0.77166,6546
1616385600,0.77165,0.77314,0.77114,0.77246,5382
1616400000,0.77245,0.77296,0.77098,0.77271,9527
1616414400,0.77272,0.77468,0.77205,0.77376,9632
1616428800,0.77375,0.77541,0.77346,0.77508,8244
1616443200,0.77507,0.77556,0.77413,0.77431,3317
1616457600,0.77436,0.77461,0.77198,0.77255,5563
1616472000,0.77256,0.77257,0.76836,0.76871,6351
1616486400,0.76872,0.77004,0.76667,0.76686,9255
1616500800,0.76687,0.76846,0.76547,0.76771,10692
1616515200,0.76772,0.76859,0.765,0.76525,11315
1616529600,0.76524,0.76544,0.76158,0.7631,6691
1616544000,0.76292,0.76331,0.75981,0.76083,6017
1616558400,0.76079,0.76099,0.7588,0.75904,5968
1616572800,0.75905,0.76273,0.75822,0.76223,10030
1616587200,0.76222,0.7627,0.76009,0.76086,8402
1616601600,0.76086,0.76274,0.76031,0.76106,10700
1616616000,0.76108,0.76118,0.75774,0.7584,6425
1616630400,0.75843,0.76024,0.75806,0.75949,5307
1616644800,0.7595,0.76132,0.75902,0.75906,5379
1616659200,0.75906,0.76051,0.75824,0.76007,7915
1616673600,0.7601,0.76122,0.75805,0.75921,11044
1616688000,0.75917,0.76035,0.75624,0.75779,15462
1616702400,0.75778,0.75855,0.75706,0.75795,7142
1616716800,0.75796,0.76055,0.75788,0.7605,5224
1616731200,0.76051,0.7624,0.7601,0.76237,3968
1616745600,0.76237,0.76261,0.76121,0.76176,7757
1616760000,0.76175,0.76284,0.76055,0.76261,8157
1616774400,0.76261,0.76369,0.76198,0.76223,9246
1616788800,0.76227,0.76401,0.76142,0.76398,6006
1616976000,0.76317,0.76441,0.76199,0.76224,4013
1616990400,0.76224,0.76442,0.76202,0.76297,6075
1617004800,0.76297,0.7646,0.76142,0.76278,8547
1617019200,0.76277,0.76549,0.76275,0.76446,6675
1617033600,0.76444,0.76463,0.7624,0.76406,12142
1617048000,0.76407,0.76445,0.76278,0.76302,5887
1617062400,0.76266,0.76404,0.76266,0.76342,2804
1617076800,0.76343,0.76632,0.76306,0.76505,5007
1617091200,0.76506,0.76544,0.76241,0.76354,8493
1617105600,0.76353,0.76386,0.76,0.76077,8897
1617120000,0.76075,0.76216,0.75876,0.75924,14179
1617134400,0.75924,0.75967,0.75841,0.75955,5050
1617148800,0.75866,0.76188,0.75866,0.7608,3309
1617163200,0.76076,0.76153,0.75947,0.75999,5962
1617177600,0.76,0.76196,0.75873,0.76194,8186
1617192000,0.7619,0.76216,0.76045,0.76076,6724
1617206400,0.76075,0.76356,0.76016,0.76159,12697
1617220800,0.7616,0.76173,0.75888,0.75938,5770
1617235200,0.75922,0.75991,0.7578,0.75901,3628
1617249600,0.75902,0.75919,0.7539,0.75429,6329
1617264000,0.75429,0.75737,0.75312,0.75571,10193
1617278400,0.75572,0.75857,0.75557,0.75841,8457
1617292800,0.75842,0.76142,0.75842,0.76062,11687
1617307200,0.76061,0.7619,0.76061,0.76162,4849
1617321600,0.76133,0.76331,0.76128,0.76276,1790
1617336000,0.76275,0.76364,0.76261,0.76295,1646
1617350400,0.76295,0.76329,0.76118,0.76119,2247
1617364800,0.7612,0.76286,0.75981,0.76125,3457
1617379200,0.76125,0.76148,0.75961,0.76008,2760
1617393600,0.76012,0.76073,0.75903,0.76057,2775
1617580800,0.76021,0.76219,0.76011,0.76193,3134
1617595200,0.76193,0.76243,0.76118,0.76119,2916
1617609600,0.76118,0.76243,0.75975,0.76223,3667
1617624000,0.76223,0.76383,0.76159,0.7635,4759
1617638400,0.7635,0.76595,0.76319,0.7654,7819
1617652800,0.76539,0.76547,0.76479,0.76507,3517
1617667200,0.76434,0.766,0.76413,0.76536,2583
1617681600,0.76536,0.76583,0.76298,0.76379,5205
1617696000,0.76378,0.76551,0.76186,0.76264,7514
1617710400,0.76265,0.7642,0.76048,0.76357,7432
1617724800,0.76358,0.76624,0.76305,0.76608,9459
1617739200,0.7661,0.76675,0.76492,0.7663,5365
1617753600,0.76569,0.7672,0.76547,0.76695,3909
1617768000,0.76693,0.76762,0.76495,0.76551,6672
1617782400,0.7655,0.76624,0.76197,0.76354,8769
1617796800,0.76355,0.76372,0.76138,0.76161,8519
1617811200,0.76162,0.76448,0.7611,0.76172,11011
1617825600,0.76173,0.76212,0.75997,0.76117,5417
1617840000,0.76073,0.76165,0.76044,0.76114,2668
1617854400,0.76117,0.76275,0.76018,0.76273,4679
1617868800,0.76275,0.76474,0.76227,0.76283,6652
1617883200,0.76283,0.76468,0.76233,0.76442,7260
1617897600,0.76442,0.76594,0.7631,0.76509,12469
1617912000,0.76509,0.76555,0.76471,0.76536,4078
1617926400,0.76434,0.76604,0.76434,0.76584,3690
1617940800,0.76583,0.76587,0.76299,0.76315,5835
1617955200,0.76315,0.76316,0.75871,0.76169,9023
1617969600,0.76169,0.76402,0.76097,0.76164,8412
1617984000,0.76167,0.76308,0.76092,0.76238,10620
1617998400,0.76239,0.76272,0.76173,0.7618,3902
1618185600,0.76134,0.76271,0.76083,0.76154,3290
1618200000,0.76154,0.76154,0.75938,0.76029,8003
1618214400,0.76029,0.76196,0.75963,0.76156,7747
1618228800,0.76157,0.76347,0.76156,0.76304,6822
1618243200,0.76304,0.76347,0.7611,0.76251,8264
1618257600,0.76251,0.76257,0.76106,0.76214,3967
1618272000,0.76189,0.76295,0.76096,0.76109,3082
1618286400,0.7611,0.76148,0.75951,0.75978,7140
1618300800,0.75979,0.76213,0.75938,0.7616,8887
1618315200,0.76159,0.76206,0.75833,0.76116,10880
1618329600,0.76118,0.76354,0.76102,0.76308,11504
1618344000,0.76308,0.76476,0.76307,0.76432,4623
1618358400,0.76412,0.7652,0.76379,0.76389,3571
1618372800,0.7639,0.76672,0.76337,0.76626,7178
1618387200,0.76626,0.76917,0.76614,0.76886,8802
1618401600,0.76885,0.76948,0.76794,0.7684,7331
1618416000,0.7684,0.7737,0.76819,0.77335,11357
1618430400,0.77336,0.77337,0.77179,0.77219,5685
1618444800,0.77195,0.77388,0.77144,0.77385,3725
1618459200,0.77384,0.77441,0.77048,0.77071,6807
1618473600,0.77071,0.77583,0.7707,0.77537,8883
1618488000,0.77537,0.77602,0.7738,0.77435,8624
1618502400,0.77441,0.77573,0.77377,0.7749,11283
1618516800,0.7749,0.77564,0.77375,0.77501,5334
1618531200,0.77494,0.7754,0.77373,0.77379,3267
1618545600,0.77379,0.77394,0.77232,0.77376,7470
1618560000,0.77375,0.7746,0.77266,0.77409,8516
1618574400,0.77409,0.77582,0.77354,0.77449,7850
1618588800,0.77449,0.77453,0.7729,0.77348,7608
1618603200,0.77348,0.77363,0.77291,0.77331,3061
1618790400,0.77266,0.77316,0.77111,0.77133,3767
1618804800,0.77134,0.77372,0.77052,0.77347,5752
1618819200,0.77349,0.77837,0.7728,0.77778,9236
1618833600,0.77778,0.77824,0.77631,0.77746,7987
1618848000,0.77746,0.7776,0.77515,0.7756,9815
1618862400,0.77562,0.77598,0.77496,0.77567,4152
1618876800,0.77547,0.77714,0.77475,0.77673,3308
1618891200,0.77674,0.77997,0.77638,0.77967,7108
1618905600,0.77967,0.7815,0.77886,0.77933,9704
1618920000,0.77934,0.77948,0.77594,0.77703,8445
1618934400,0.77702,0.77826,0.77286,0.7732,12592
1618948800,0.7732,0.7733,0.77084,0.77234,5413
1618963200,0.77235,0.77353,0.77191,0.7724,3302
1618977600,0.7724,0.7732,0.77039,0.77089,6703
1618992000,0.77091,0.77258,0.76986,0.77121,8996
1619006400,0.77122,0.77294,0.77094,0.77172,7688
1619020800,0.77172,0.77614,0.77057,0.77487,11693
1619035200,0.77488,0.77562,0.77488,0.77503,3162
1619049600,0.77528,0.77637,0.77459,0.77578,2905
1619064000,0.77577,0.77627,0.77403,0.77425,6661
1619078400,0.77424,0.77614,0.77374,0.77388,8382
1619092800,0.77389,0.7753,0.77297,0.77357,8410
1619107200,0.77361,0.77378,0.77086,0.77231,12357
1619121600,0.77232,0.77236,0.76898,0.77063,12109
1619136000,0.77044,0.7713,0.76921,0.77103,3751
1619150400,0.77103,0.77356,0.77073,0.77337,6574
1619164800,0.77337,0.77438,0.77248,0.77341,7719
1619179200,0.77343,0.77437,0.77261,0.77398,6862
1619193600,0.77399,0.77442,0.77243,0.77394,10783
1619208000,0.77395,0.77595,0.7739,0.77478,4555
1619395200,0.77393,0.77605,0.77368,0.7756,3988
1619409600,0.77561,0.778,0.7755,0.77732,6883
1619424000,0.77733,0.77837,0.77643,0.7776,8626
1619438400,0.77761,0.77967,0.77742,0.77904,7242
1619452800,0.77903,0.78145,0.77846,0.78003,9059
1619467200,0.78004,0.7806,0.77966,0.78013,4616
1619481600,0.77946,0.78028,0.77884,0.77925,3403
1619496000,0.77924,0.77959,0.77792,0.77893,5574
1619510400,0.77894,0.77989,0.77692,0.77701,7552
1619524800,0.777,0.77864,0.77648,0.77757,7953
1619539200,0.77757,0.77792,0.7763,0.77662,9306
1619553600,0.77662,0.77715,0.77607,0.77675,4225
1619568000,0.77665,0.77698,0.77506,0.77535,3167
1619582400,0.77535,0.77598,0.77241,0.77431,6429
1619596800,0.77431,0.7749,0.7731,0.77445,7121
1619611200,0.77445,0.77522,0.77393,0.77464,6946
1619625600,0.77463,0.77732,0.77401,0.77661,9195
1619640000,0.77661,0.78001,0.77513,0.77915,12447
1619654400,0.77877,0.78071,0.77752,0.78044,3112
1619668800,0.78045,0.78171,0.77818,0.77868,6139
1619683200,0.77867,0.77964,0.77723,0.77767,8109
1619697600,0.77767,0.78015,0.77739,0.77929,8441
1619712000,0.77929,0.77938,0.77496,0.7763,13514
1619726400,0.7763,0.77762,0.77589,0.77636,3758
1619740800,0.77624,0.77833,0.77605,0.77774,3455
1619755200,0.77777,0.77827,0.77689,0.77786,5167
1619769600,0.77788,0.77793,0.77588,0.77678,6966
1619784000,0.77682,0.77723,0.77464,0.77572,8033
1619798400,0.77573,0.77636,0.77031,0.771,13822
1619812800,0.77099,0.77134,0.76952,0.77102,4881
1620000000,0.7714,0.77318,0.77118,0.77306,3159
1620014400,0.77308,0.7732,0.77132,0.7718,4639
1620028800,0.77181,0.77306,0.77052,0.77248,7210
1620043200,0.77248,0.77438,0.77171,0.77295,6877
1620057600,0.77295,0.77644,0.77294,0.77565,9758
1620072000,0.77565,0.77659,0.77562,0.7762,2910
1620086400,0.77585,0.77629,0.77466,0.77536,2543
1620100800,0.77535,0.77538,0.77343,0.77431,6108
1620115200,0.77431,0.7748,0.77106,0.77151,8164
1620129600,0.77149,0.77215,0.7696,0.77099,9574
1620144000,0.77098,0.77216,0.7674,0.76955,16460
1620158400,0.76954,0.77139,0.76945,0.77111,5982
1620172800,0.77031,0.77282,0.7703,0.77255,2917
1620187200,0.77255,0.77373,0.77229,0.77308,4134
1620201600,0.77309,0.77324,0.77033,0.77193,8176
1620216000,0.77193,0.77432,0.77186,0.77368,7524
1620230400,0.77367,0.77541,0.77262,0.77401,9577
1620244800,0.77401,0.77487,0.77379,0.77465,3167
1620259200,0.77448,0.77529,0.7741,0.77413,3957
1620273600,0.77413,0.7757,0.77002,0.77236,10809
1620288000,0.77236,0.7755,0.77228,0.77446,8712
1620302400,0.77447,0.77601,0.77375,0.77424,9134
1620316800,0.77425,0.77753,0.77378,0.77716,11768
1620331200,0.77715,0.77868,0.77702,0.77844,4996
1620345600,0.77801,0.77876,0.77765,0.77797,4124
1620360000,0.77799,0.7791,0.77722,0.77742,6866
1620374400,0.77741,0.77808,0.776,0.77752,6471
1620388800,0.77751,0.78338,0.77658,0.78191,9820
1620403200,0.78193,0.78618,0.77917,0.78432,14610
1620417600,0.78431,0.78514,0.78372,0.78426,4909
1620604800,0.78525,0.78617,0.78425,0.78479,4824
1620619200,0.7848,0.78524,0.7837,0.78455,6119
1620633600,0.78455,0.78737,0.7845,0.78707,9099
1620648000,0.78706,0.789,0.78675,0.78871,7160
1620662400,0.7887,0.78888,0.78605,0.78625,11434
1620676800,0.78626,0.7863,0.78266,0.78266,5002
1620691200,0.78312,0.78417,0.78222,0.78257,6024
1620705600,0.78258,0.78441,0.78207,0.78241,12224
1620720000,0.78241,0.7847,0.78206,0.78466,10148
1620734400,0.78467,0.78522,0.78301,0.78301,9020
1620748800,0.78301,0.78558,0.78191,0.78381,15875
1620763200,0.78381,0.78474,0.78344,0.78388,6328
1620777600,0.78412,0.78434,0.7818,0.78221,4814
1620792000,0.78222,0.78261,0.77847,0.77895,9682
1620806400,0.77898,0.78159,0.77889,0.78039,8809
1620820800,0.78039,0.78102,0.77541,0.77995,10423
1620835200,0.77994,0.78132,0.77202,0.7729,20671
1620849600,0.7729,0.77456,0.77185,0.77258,9974
1620864000,0.7724,0.77344,0.77165,0.773,5507
1620878400,0.77299,0.77454,0.7716,0.77245,11091
1620892800,0.77246,0.77362,0.76945,0.7706,11695
1620907200,0.77062,0.77225,0.76874,0.77184,11013
1620921600,0.77183,0.77406,0.77143,0.77264,15560
1620936000,0.77265,0.77352,0.77063,0.77278,10334
1620950400,0.77244,0.77315,0.7713,0.77204,4254
1620964800,0.77205,0.77325,0.77165,0.77251,10980
1620979200,0.77252,0.77457,0.77238,0.77434,9706
1620993600,0.77434,0.77624,0.77336,0.7757,9247
1621008000,0.77574,0.77802,0.77541,0.7776,11701
1621022400,0.77759,0.77866,0.77731,0.77818,4464
1621209600,0.77743,0.7783,0.77571,0.77594,3974
1621224000,0.77594,0.77649,0.77469,0.7751,9569
1621238400,0.77509,0.77662,0.77442,0.77598,8545
1621252800,0.77597,0.77615,0.77298,0.77374,7019
1621267200,0.77373,0.77704,0.77355,0.77684,13249
1621281600,0.77683,0.77728,0.77605,0.77689,4745
1621296000,0.77596,0.77787,0.77596,0.77761,3436
1621310400,0.77761,0.77962,0.77748,0.77864,7628
1621324800,0.77864,0.78127,0.77829,0.77999,8016
1621339200,0.77998,0.78089,0.77912,0.78044,5934
1621353600,0.78044,0.78057,0.77777,0.77955,11867
1621368000,0.77957,0.78045,0.77889,0.77895,5659
1621382400,0.77904,0.77966,0.77829,0.77908,4029
1621396800,0.77908,0.77939,0.77778,0.77838,11445
1621411200,0.77838,0.77921,0.77458,0.77547,10712
1621425600,0.77547,0.77627,0.77307,0.77336,9145
1621440000,0.77336,0.77622,0.77312,0.77561,17289
1621454400,0.77562,0.77611,0.77097,0.77247,13660
1621468800,0.77248,0.77369,0.77166,0.77347,5719
1621483200,0.77347,0.7749,0.77153,0.77482,8600
1621497600,0.77478,0.77627,0.77354,0.7741,8494
1621512000,0.77412,0.77644,0.77335,0.77592,7010
1621526400,0.77593,0.77806,0.77556,0.77677,10573
1621540800,0.77676,0.7777,0.77617,0.77722,4849
1621555200,0.77724,0.77771,0.77625,0.77669,4071
1621569600,0.77669,0.77686,0.77521,0.77556,7279
1621584000,0.77557,0.77602,0.77362,0.77527,8400
1621598400,0.77527,0.77818,0.77525,0.77779,7571
1621612800,0.77778,0.77818,0.77182,0.77199,11955
1621627200,0.77199,0.77374,0.77197,0.77292,4367
1621814400,0.77275,0.77357,0.77221,0.77252,3151
1621828800,0.77252,0.77289,0.77127,0.77277,5664
1621843200,0.77276,0.77434,0.77048,0.77182,7414
1621857600,0.7718,0.77371,0.77101,0.77363,6317
1621872000,0.77366,0.77544,0.77327,0.77433,7171
1621886400,0.77432,0.77568,0.77401,0.77515,2350
1621900800,0.77498,0.77557,0.77452,0.77538,2481
1621915200,0.77539,0.77603,0.77487,0.77587,5608
1621929600,0.77587,0.77755,0.77491,0.77659,9197
1621944000,0.77662,0.77712,0.77542,0.77574,6006
1621958400,0.77577,0.77689,0.7732,0.77445,11207
1621972800,0.77445,0.77586,0.77433,0.77521,4481
1621987200,0.7749,0.7759,0.77452,0.77513,2616
1622001600,0.77512,0.77952,0.77498,0.77909,7804
1622016000,0.77909,0.77933,0.77709,0.77765,7815
1622030400,0.77766,0.77824,0.77532,0.77585,7127
1622044800,0.77585,0.77619,0.77302,0.7742,9255
1622059200,0.77419,0.77474,0.77366,0.77399,3875
1622073600,0.77346,0.77437,0.77254,0.7733,3014
1622088000,0.77331,0.7742,0.77222,0.77399,5026
1622102400,0.77399,0.77547,0.77369,0.77389,7049
1622116800,0.77388,0.77549,0.77362,0.77379,8070
1622131200,0.7738,0.77566,0.77268,0.77309,10934
1622145600,0.77308,0.7746,0.77301,0.77403,3470
1622160000,0.77373,0.77434,0.7734,0.77388,2410
1622174400,0.77388,0.77463,0.77375,0.77414,3973
1622188800,0.77416,0.77462,0.77135,0.773,7680
1622203200,0.773,0.773,0.76764,0.76799,8502
1622217600,0.76799,0.77152,0.76796,0.77134,10735
1622232000,0.77133,0.77148,0.77039,0.7707,3945
1622419200,0.77095,0.77141,0.76997,0.77109,2262
1622433600,0.77112,0.7728,0.77088,0.77261,4603
1622448000,0.77262,0.77386,0.77206,0.77377,5835
1622462400,0.77376,0.77385,0.773,0.77349,4300
1622476800,0.77349,0.77405,0.77325,0.77371,3853
1622491200,0.77369,0.77397,0.77271,0.77282,4757
1622505600,0.77293,0.77472,0.77277,0.7747,1922
1622520000,0.7747,0.77675,0.77368,0.77441,5094
1622534400,0.7744,0.77671,0.77331,0.77415,7673
1622548800,0.77416,0.77481,0.77299,0.77398,6119
1622563200,0.77397,0.77685,0.7733,0.77572,10915
1622577600,0.77571,0.77635,0.77502,0.77502,2745
1622592000,0.77493,0.77686,0.77442,0.77604,2791
1622606400,0.77604,0.77723,0.77455,0.7746,3996
1622620800,0.7746,0.77499,0.7717,0.77199,8306
1622635200,0.77198,0.77402,0.77143,0.77359,7251
1622649600,0.77359,0.7755,0.77294,0.77491,6372
1622664000,0.77493,0.77548,0.7744,0.77506,3137
1622678400,0.77502,0.77529,0.77397,0.77509,1269
1622692800,0.77512,0.77522,0.77364,0.77385,3345
1622707200,0.77386,0.77397,0.7716,0.7729,6573
1622721600,0.77288,0.77409,0.76952,0.76954,9732
1622736000,0.76957,0.76992,0.76479,0.76513,12612
1622750400,0.76513,0.76598,0.76446,0.76593,3428
1622764800,0.76522,0.76654,0.76501,0.76582,2932
1622779200,0.76583,0.76638,0.76517,0.76599,4683
1622793600,0.76598,0.76702,0.76508,0.76618,6536
1622808000,0.76619,0.77184,0.76566,0.77147,8893
1622822400,0.77148,0.77433,0.7713,0.7739,10209
1622836800,0.7739,0.77443,0.77368,0.77422,2698
1623024000,0.77302,0.77479,0.77213,0.77376,1889
1623038400,0.77377,0.77422,0.77298,0.7738,4060
1623052800,0.77379,0.77537,0.77258,0.77502,7167
1623067200,0.77502,0.77636,0.77421,0.77608,5568
1623081600,0.77606,0.77648,0.77529,0.77626,6468
1623096000,0.77628,0.77637,0.77549,0.77549,1849
1623110400,0.77567,0.77627,0.77509,0.77527,2085
1623124800,0.77529,0.77576,0.77416,0.77428,3918
1623139200,0.77428,0.77533,0.77347,0.77454,5889
1623153600,0.77453,0.77553,0.7734,0.77396,7127
1623168000,0.77393,0.77518,0.77309,0.7737,8534
1623182400,0.77369,0.7743,0.77342,0.77358,2107
1623196800,0.77312,0.77424,0.77312,0.7742,1908
1623211200,0.77419,0.77433,0.77323,0.77379,2837
1623225600,0.77379,0.77519,0.77369,0.77463,4862
1623240000,0.77464,0.77525,0.7741,0.77463,5049
1623254400,0.77463,0.77613,0.77234,0.77297,7627
1623268800,0.77298,0.77377,0.77253,0.77312,2958
1623283200,0.77278,0.77301,0.77211,0.77226,1746
1623297600,0.77225,0.77361,0.77214,0.7732,3741
1623312000,0.7732,0.7742,0.77264,0.77386,6294
1623326400,0.77388,0.77524,0.77148,0.77491,9643
1623340800,0.77492,0.77628,0.77254,0.77559,12719
1623355200,0.77558,0.7759,0.77507,0.77509,3524
1623369600,0.77501,0.77566,0.77462,0.77507,1870
1623384000,0.77508,0.77544,0.77446,0.77515,2946
1623398400,0.77514,0.77748,0.77494,0.77604,6333
1623412800,0.77605,0.77651,0.77224,0.77277,8046
1623427200,0.77276,0.77318,0.76874,0.76992,9350
1623441600,0.76993,0.77061,0.76941,0.77017,2245
1623628800,0.7704,0.7709,0.7697,0.7697,1421
1623643200,0.76969,0.77115,0.76928,0.7711,3028
1623657600,0.7711,0.77145,0.77011,0.77081,6219
1623672000,0.7708,0.77224,0.77071,0.77177,6374
1623686400,0.77176,0.77251,0.77071,0.7708,7425
1623700800,0.77079,0.77131,0.77045,0.77108,2409
1623715200,0.77083,0.77158,0.77072,0.77109,2671
1623729600,0.77108,0.77122,0.76945,0.77101,4943
1623744000,0.771,0.77152,0.76896,0.76909,6615
1623758400,0.76908,0.76988,0.76842,0.76896,7614
1623772800,0.76892,0.76974,0.76734,0.76834,8943
1623787200,0.76834,0.76878,0.76793,0.76858,3620
1623801600,0.76832,0.76931,0.7679,0.76863,2163
1623816000,0.76863,0.76961,0.76851,0.76953,4482
1623830400,0.76954,0.77039,0.76871,0.77033,6911
1623844800,0.77032,0.77148,0.77007,0.77061,6403
1623859200,0.77061,0.77134,0.76997,0.77053,6766
1623873600,0.77052,0.77063,0.76058,0.76089,19302
1623888000,0.76055,0.76201,0.75966,0.76093,6661
1623902400,0.76092,0.76448,0.76087,0.76287,6581
1623916800,0.76286,0.76345,0.75917,0.75998,10943
1623931200,0.75997,0.76036,0.75603,0.75611,11699
1623945600,0.75611,0.75915,0.7539,0.75427,16430
1623960000,0.75427,0.75596,0.75422,0.75506,7396
1623974400,0.75497,0.75603,0.75441,0.75493,3967
1623988800,0.75492,0.756,0.75312,0.75328,5025
1624003200,0.75329,0.7547,0.75098,0.75391,11881
1624017600,0.75391,0.75498,0.74931,0.75095,12887
1624032000,0.75096,0.75107,0.7478,0.74958,18349
1624046400,0.74957,0.75103,0.7478,0.74784,6968
1624233600,0.74828,0.75104,0.74791,0.75063,4891
1624248000,0.75063,0.75213,0.74802,0.74928,10192
1624262400,0.74927,0.75067,0.74768,0.74979,12220
1624276800,0.7498,0.752,0.74937,0.75089,10486
1624291200,0.75089,0.75365,0.75068,0.75351,13449
1624305600,0.75352,0.75454,0.75338,0.75423,5075
1624320000,0.75293,0.75443,0.75206,0.75257,3219
1624334400,0.75256,0.75267,0.75107,0.75182,6041
1624348800,0.75183,0.75212,0.74942,0.74986,9837
1624363200,0.74985,0.75222,0.74932,0.75048,8605
1624377600,0.75047,0.75413,0.75006,0.75403,11856
1624392000,0.75403,0.75635,0.75383,0.75545,5216
1624406400,0.75496,0.75593,0.75438,0.7548,3734
1624420800,0.75481,0.75517,0.7537,0.75435,6573
1624435200,0.75435,0.75721,0.75377,0.75625,9903
1624449600,0.75626,0.75845,0.75581,0.75764,9824
1624464000,0.75767,0.75982,0.7573,0.75763,11287
1624478400,0.75764,0.7579,0.75658,0.75755,4259
1624492800,0.75711,0.75791,0.75691,0.75744,2909
1624507200,0.75744,0.75778,0.7566,0.7574,4697
1624521600,0.75741,0.75855,0.75647,0.75747,8240
1624536000,0.75746,0.75882,0.75681,0.75853,9568
1624550400,0.75853,0.75909,0.7568,0.75795,10558
1624564800,0.75795,0.75879,0.7579,0.75804,5024
1624579200,0.75802,0.75899,0.75788,0.7584,2993
1624593600,0.7584,0.75937,0.75839,0.75884,4714
1624608000,0.75885,0.7602,0.75869,0.75966,7535
1624622400,0.75965,0.76109,0.75857,0.76093,9058
1624636800,0.76091,0.76159,0.75898,0.75907,11105
1624651200,0.75908,0.75979,0.75814,0.75919,3460
1624838400,0.75767,0.75941,0.75751,0.75891,2763
1624852800,0.75891,0.75941,0.75761,0.75884,5087
1624867200,0.75885,0.76009,0.7576,0.75838,7400
1624881600,0.75836,0.75891,0.75563,0.75639,8527
1624896000,0.7564,0.75788,0.75538,0.7564,10814
1624910400,0.7564,0.75677,0.75616,0.75641,3466
1624924800,0.75643,0.75697,0.75562,0.75596,2189
1624939200,0.75596,0.75655,0.75485,0.75507,4882
1624953600,0.75508,0.7564,0.75263,0.75286,7599
1624968000,0.75286,0.75382,0.75066,0.75122,10462
1624982400,0.75121,0.75261,0.75095,0.7514,9836
1624996800,0.7514,0.7517,0.75076,0.75093,2362
1625011200,0.75093,0.75193,0.75075,0.75145,2619
1625025600,0.75146,0.75263,0.75101,0.75212,4804
1625040000,0.75211,0.75254,0.74957,0.74983,7947
1625054400,0.74983,0.75096,0.74924,0.75003,8520
1625068800,0.75002,0.75123,0.74912,0.74956,11805
1625083200,0.74956,0.75036,0.74935,0.74983,3930
1625097600,0.74947,0.75005,0.7484,0.74847,2573
1625112000,0.74848,0.74922,0.74842,0.74881,3695
1625126400,0.74881,0.7503,0.74752,0.74858,8383
1625140800,0.74857,0.7506,0.74772,0.75034,10346
1625155200,0.75036,0.7507,0.74614,0.74676,11351
1625169600,0.74673,0.7473,0.74595,0.74698,3807
1625184000,0.74651,0.7469,0.7462,0.7462,2524
1625198400,0.74621,0.74678,0.74594,0.74658,4238
1625212800,0.74658,0.74699,0.74495,0.74519,7090
1625227200,0.74516,0.74912,0.74431,0.74883,10990
1625241600,0.74881,0.75002,0.74787,0.74998,12105
1625256000,0.74996,0.75322,0.74968,0.75243,3522
1625443200,0.75185,0.7528,0.75114,0.75137,2823
1625457600,0.75137,0.75227,0.75081,0.75159,4312
1625472000,0.75159,0.75356,0.75091,0.75312,7088
1625486400,0.75311,0.75364,0.75237,0.75254,5579
1625500800,0.75254,0.75333,0.75167,0.75325,4676
1625515200,0.75324,0.75335,0.75242,0.75242,4737
1625529600,0.7527,0.75477,0.75268,0.75415,2837
1625544000,0.75412,0.75704,0.75382,0.7559,5733
1625558400,0.75591,0.75981,0.7559,0.75785,10234
1625572800,0.75785,0.75843,0.75632,0.75651,8878
1625587200,0.75651,0.75664,0.74798,0.74856,15865
1625601600,0.74857,0.74998,0.74836,0.74916,4179
1625616000,0.74917,0.7497,0.74822,0.74923,3632
1625630400,0.74924,0.74974,0.74828,0.74943,4253
1625644800,0.74941,0.7515,0.74938,0.75047,7590
1625659200,0.75046,0.7533,0.7504,0.75071,8043
1625673600,0.75069,0.75167,0.74618,0.74867,12764
1625688000,0.74867,0.75061,0.74772,0.74809,7894
1625702400,0.74851,0.74878,0.74653,0.74678,3254
1625716800,0.74679,0.74688,0.74539,0.74644,6557
1625731200,0.74642,0.74642,0.74245,0.74367,13842
1625745600,0.74368,0.74434,0.74156,0.74266,15834
1625760000,0.74266,0.74501,0.74214,0.74415,14235
1625774400,0.74415,0.74424,0.74196,0.74301,5520
1625788800,0.74263,0.74382,0.74198,0.74227,3586
1625803200,0.74227,0.74237,0.7409,0.74194,6692
1625817600,0.74194,0.74479,0.74164,0.7438,9804
1625832000,0.74379,0.74771,0.74358,0.74744,9076
1625846400,0.74743,0.7487,0.74651,0.74833,8417
1625860800,0.74832,0.74931,0.74824,0.74886,2365
1626048000,0.74823,0.74918,0.74752,0.74797,2963
1626062400,0.74796,0.74845,0.74674,0.74741,4564
1626076800,0.74742,0.74761,0.74602,0.74693,6558
1626091200,0.74693,0.7473,0.74475,0.74632,6567
1626105600,0.74632,0.74949,0.74595,0.74868,7893
1626120000,0.74868,0.74897,0.74698,0.74795,3191
1626134400,0.74786,0.74896,0.74751,0.74885,2018
1626148800,0.74885,0.75019,0.74804,0.749,4021
1626163200,0.749,0.74953,0.74755,0.74846,5860
1626177600,0.74846,0.74846,0.74269,0.74299,7400
1626192000,0.74299,0.74759,0.74255,0.74642,10903
1626206400,0.74641,0.74642,0.74414,0.74442,5212
1626220800,0.74429,0.7451,0.74354,0.74505,2645
1626235200,0.74506,0.74661,0.74467,0.74533,5855
1626249600,0.74533,0.74708,0.7438,0.74383,6769
1626264000,0.74383,0.74835,0.74302,0.74825,8245
1626278400,0.74825,0.74851,0.74641,0.74764,11722
1626292800,0.74764,0.7485,0.74729,0.7482,4204
1626307200,0.74796,0.74864,0.74687,0.74723,2847
1626321600,0.74726,0.74764,0.74523,0.746,5341
1626336000,0.74601,0.7484,0.746,0.74711,6884
1626350400,0.74711,0.74742,0.74333,0.74352,7402
1626364800,0.74352,0.7449,0.74218,0.74234,9314
1626379200,0.74235,0.74235,0.74098,0.74205,4908
1626393600,0.74202,0.74373,0.74164,0.7425,3014
1626408000,0.74249,0.74393,0.74138,0.74357,3830
1626422400,0.74358,0.74419,0.74216,0.74413,5765
1626436800,0.74412,0.74416,0.74068,0.74148,5992
1626451200,0.74147,0.74226,0.73974,0.74142,10415
1626465600,0.74143,0.74154,0.73912,0.73951,4427
1626652800,0.74,0.74022,0.73718,0.73776,3150
1626667200,0.73775,0.73882,0.73742,0.73842,3823
1626681600,0.73842,0.73883,0.73508,0.73559,7453
1626696000,0.73558,0.73673,0.73273,0.73473,10000
1626710400,0.73473,0.73678,0.73257,0.73296,16438
1626724800,0.73295,0.73453,0.7321,0.73442,7380
1626739200,0.73401,0.73468,0.73255,0.73381,2565
1626753600,0.73381,0.73563,0.73161,0.73233,5673
1626768000,0.73234,0.7333,0.73097,0.7326,8499
1626782400,0.73259,0.73338,0.73124,0.73171,9148
1626796800,0.7317,0.73321,0.72987,0.73279,11520
1626811200,0.7328,0.73346,0.73211,0.73286,3753
1626825600,0.73287,0.73396,0.73272,0.73344,2285
1626840000,0.73344,0.73354,0.73018,0.73047,4373
1626854400,0.73048,0.7321,0.72885,0.73185,7862
1626868800,0.73186,0.73204,0.73083,0.73186,6349
1626883200,0.73185,0.73593,0.73168,0.73493,8471
1626897600,0.73493,0.73617,0.73493,0.73571,2696
1626912000,0.73568,0.7358,0.73384,0.73446,1856
1626926400,0.73447,0.73642,0.73414,0.73593,2874
1626940800,0.73594,0.73787,0.73535,0.73734,5904
1626955200,0.73734,0.73865,0.73709,0.73821,8907
1626969600,0.73821,0.73966,0.73545,0.73714,11316
1626984000,0.73714,0.73879,0.73683,0.73807,3579
1626998400,0.73783,0.7396,0.7354,0.7384,1665
1627012800,0.73839,0.73887,0.73692,0.73692,2625
1627027200,0.73693,0.73749,0.73579,0.73696,6528
1627041600,0.73697,0.73873,0.7364,0.73839,6351
1627056000,0.73839,0.73862,0.73561,0.73685,7904
1627070400,0.73683,0.73721,0.7361,0.7362,4610
1627257600,0.73649,0.737,0.7349,0.73532,3418
1627272000,0.73533,0.73566,0.7345,0.73484,7286
1627286400,0.73484,0.73537,0.73297,0.73451,12042
1627300800,0.73451,0.73653,0.73423,0.73519,9453
1627315200,0.73521,0.73897,0.73499,0.73802,12990
1627329600,0.73801,0.73838,0.73762,0.73791,3941
1627344000,0.73766,0.73878,0.73766,0.73815,2224
1627358400,0.73814,0.73829,0.73698,0.73769,6629
1627372800,0.73771,0.73774,0.73361,0.7349,11806
1627387200,0.73488,0.73759,0.73471,0.73754,8520
1627401600,0.73755,0.73839,0.73447,0.73614,17343
1627416000,0.73613,0.73662,0.73549,0.73562,6795
1627430400,0.73541,0.73672,0.73536,0.73625,3251
1627444800,0.73625,0.7375,0.73514,0.73572,7617
1627459200,0.7357,0.73637,0.73379,0.73538,8813
1627473600,0.73537,0.73537,0.73288,0.73315,7978
1627488000,0.73316,0.73525,0.73224,0.73463,12736
1627502400,0.73465,0.73804,0.73157,0.73724,17093
1627516800,0.73655,0.73783,0.73616,0.73718,3049
1627531200,0.73719,0.7381,0.73584,0.73784,8680
1627545600,0.73784,0.74127,0.73754,0.74013,9798
1627560000,0.74013,0.74032,0.73862,0.73893,8959
1627574400,0.73893,0.74092,0.73763,0.7395,10717
1627588800,0.73949,0.74018,0.73914,0.73922,2688
1627603200,0.73908,0.74023,0.73857,0.73872,3250
1627617600,0.73873,0.7397,0.73794,0.73888,6173
1627632000,0.73887,0.74037,0.73746,0.73991,7321
1627646400,0.7399,0.74006,0.73603,0.7363,8513
1627660800,0.73629,0.73745,0.73415,0.73425,11591
1627675200,0.73425,0.7346,0.73302,0.73457,5360
1627862400,0.7333,0.73489,0.73327,0.73465,2820
1627876800,0.73465,0.73478,0.73282,0.73389,5418
1627891200,0.73388,0.73587,0.7336,0.73542,6611
1627905600,0.73541,0.73746,0.73516,0.73639,6470
1627920000,0.73639,0.73811,0.73552,0.73633,11364
1627934400,0.73634,0.73676,0.73562,0.73612,3713
1627948800,0.73607,0.73701,0.73569,0.73674,2248
1627963200,0.73675,0.74074,0.73566,0.73989,7185
1627977600,0.7399,0.74073,0.73841,0.73885,7949
1627992000,0.73885,0.73979,0.73754,0.73856,6119
1628006400,0.73857,0.73931,0.73602,0.73909,11902
1628020800,0.7391,0.73965,0.73863,0.73924,3312
1628035200,0.73912,0.73996,0.73874,0.73883,2384
1628049600,0.73884,0.74101,0.73873,0.74019,4052
1628064000,0.7402,0.74236,0.73914,0.74147,5823
1628078400,0.74148,0.74216,0.74042,0.74163,5858
1628092800,0.74163,0.74259,0.73692,0.73785,12034
1628107200,0.73784,0.73854,0.73775,0.73802,3375
1628121600,0.73793,0.73873,0.73729,0.73827,1733
1628136000,0.73826,0.73939,0.73756,0.73914,3751
1628150400,0.73916,0.7405,0.73828,0.74026,6098
1628164800,0.74027,0.74137,0.73962,0.7398,7888
1628179200,0.73979,0.7415,0.73904,0.74057,8839
1628193600,0.74055,0.74073,0.73983,0.74002,2872
1628208000,0.73995,0.74053,0.73892,0.73914,1600
1628222400,0.73915,0.73918,0.73787,0.73834,3422
1628236800,0.73835,0.73964,0.73823,0.7392,4866
1628251200,0.7392,0.74005,0.73708,0.7374,8108
1628265600,0.7374,0.73858,0.73456,0.73515,11784
1628280000,0.73514,0.7358,0.73497,0.73522,2645
1628467200,0.73488,0.73544,0.73273,0.73357,4006
1628481600,0.73358,0.73565,0.73358,0.7354,3551
1628496000,0.73539,0.73591,0.73349,0.73418,6599
1628510400,0.73417,0.7357,0.73383,0.73509,6746
1628524800,0.73509,0.73629,0.73307,0.73342,9372
1628539200,0.73342,0.73405,0.73274,0.73276,2486
1628553600,0.73274,0.73328,0.73248,0.73321,1981
1628568000,0.73322,0.73334,0.7315,0.73218,4471
1628582400,0.73219,0.73428,0.73214,0.73363,6374
1628596800,0.73362,0.73473,0.73267,0.73385,5782
1628611200,0.73386,0.7355,0.73321,0.73452,8488
1628625600,0.73453,0.73503,0.73438,0.73461,2259
1628640000,0.73452,0.73482,0.73391,0.73398,1480
1628654400,0.73398,0.73468,0.73339,0.73384,3098
1628668800,0.73384,0.73429,0.73224,0.73256,5199
1628683200,0.73255,0.73796,0.73235,0.73745,7086
1628697600,0.73744,0.7386,0.73664,0.73811,9688
1628712000,0.73811,0.73882,0.73702,0.73716,3497
1628726400,0.73709,0.73753,0.73657,0.73683,1606
1628740800,0.73683,0.73708,0.73615,0.73633,3302
1628755200,0.73633,0.73686,0.73535,0.73663,5068
1628769600,0.73661,0.73665,0.7345,0.73524,5261
1628784000,0.73524,0.73524,0.73339,0.7341,6956
1628798400,0.73408,0.73426,0.7331,0.73352,2636
1628812800,0.73338,0.7342,0.73287,0.73369,1567
1628827200,0.7337,0.73466,0.73325,0.73385,2829
1628841600,0.73385,0.73424,0.73333,0.73402,4191
1628856000,0.73403,0.73533,0.73389,0.73529,3517
1628870400,0.7353,0.73805,0.73475,0.73733,7298
1628884800,0.73733,0.73751,0.73669,0.73679,2450
1629072000,0.73623,0.73714,0.73532,0.73542,1841
1629086400,0.73543,0.736,0.73362,0.73425,3830
1629100800,0.73424,0.73433,0.73302,0.73395,4891
1629115200,0.73394,0.73409,0.73217,0.73254,5560
1629129600,0.73253,0.73411,0.73185,0.73335,9291
1629144000,0.73336,0.73402,0.7331,0.73341,1740
1629158400,0.73332,0.73401,0.73241,0.73251,1629
1629172800,0.73251,0.7326,0.73018,0.73086,5874
1629187200,0.73087,0.73127,0.72769,0.72954,8792
1629201600,0.72954,0.72961,0.72778,0.72794,7349
1629216000,0.72796,0.72814,0.72415,0.72423,11941
1629230400,0.72425,0.72555,0.7242,0.72524,3761
1629244800,0.72515,0.72575,0.72447,0.72514,2202
1629259200,0.72514,0.72687,0.72371,0.72646,5713
1629273600,0.72645,0.72659,0.72541,0.72575,4888
1629288000,0.72575,0.72575,0.72408,0.72482,5379
1629302400,0.72482,0.72517,0.72278,0.72341,7576
1629316800,0.72342,0.72631,0.72314,0.7235,8208
1629331200,0.72337,0.72413,0.72133,0.72142,3090
1629345600,0.72143,0.72331,0.71933,0.71941,5984
1629360000,0.71942,0.71967,0.71533,0.71558,10399
1629374400,0.71559,0.71732,0.71432,0.71692,8530
1629388800,0.71691,0.718,0.71504,0.71619,11945
1629403200,0.7162,0.71621,0.71415,0.71473,5852
1629417600,0.71468,0.71554,0.71426,0.71528,2586
1629432000,0.71527,0.71543,0.71252,0.71373,6014
1629446400,0.71373,0.71373,0.7105,0.71187,11120
1629460800,0.71185,0.71298,0.71062,0.71243,6635
1629475200,0.71244,0.71482,0.71187,0.71404,9490
1629489600,0.71405,0.71422,0.71313,0.71386,2487
1629676800,0.71218,0.71531,0.71111,0.71476,3754
1629691200,0.71475,0.71644,0.71475,0.71585,4918
1629705600,0.71585,0.71706,0.71475,0.71697,7038
1629720000,0.71695,0.71909,0.71675,0.71897,5373
1629734400,0.71897,0.72117,0.71816,0.72086,7556
1629748800,0.72087,0.72168,0.7208,0.72107,2156
1629763200,0.72097,0.72145,0.72,0.72003,1882
1629777600,0.72003,0.72216,0.71998,0.72194,3388
1629792000,0.72194,0.72374,0.72182,0.72216,6892
1629806400,0.72216,0.72487,0.72201,0.72436,5928
1629820800,0.72435,0.72701,0.72368,0.72541,8519
1629835200,0.72541,0.72568,0.72511,0.72565,1966
1629849600,0.72565,0.72593,0.72448,0.72496,2281
1629864000,0.72495,0.72567,0.72377,0.72412,4398
1629878400,0.72411,0.72604,0.72363,0.72565,5750
1629892800,0.72564,0.72636,0.72453,0.72461,4926
1629907200,0.72461,0.72691,0.72425,0.7267,7414
1629921600,0.7267,0.72793,0.72626,0.72744,2903
1629936000,0.72737,0.72788,0.72639,0.72708,2199
1629950400,0.72707,0.7272,0.72555,0.72617,3741
1629964800,0.72618,0.72667,0.72492,0.72549,6635
1629979200,0.72549,0.72667,0.72524,0.72553,5588
1629993600,0.72554,0.72631,0.72402,0.7246,10681
1630008000,0.7246,0.72479,0.72334,0.72361,3480
1630022400,0.72356,0.72436,0.72212,0.72266,2203
1630036800,0.72267,0.72425,0.7226,0.72418,3630
1630051200,0.72419,0.7256,0.72374,0.72524,5143
1630065600,0.72523,0.72585,0.72468,0.72499,4846
1630080000,0.725,0.73158,0.7234,0.73144,15322
1630094400,0.73145,0.73157,0.73063,0.7309,2462
1630281600,0.73028,0.73157,0.73028,0.73119,1826
1630296000,0.7312,0.73175,0.72957,0.7303,3807
1630310400,0.73031,0.73056,0.72836,0.72954,4981
1630324800,0.72954,0.7304,0.72867,0.72929,3909
1630339200,0.7293,0.73043,0.72869,0.72926,5545
1630353600,0.72927,0.72984,0.72908,0.72943,1553
1630368000,0.72937,0.73017,0.72872,0.7297,2475
1630382400,0.7297,0.73102,0.72872,0.73099,4816
1630396800,0.731,0.73406,0.73099,0.73267,6674
1630411200,0.73267,0.73352,0.73171,0.73233,7359
1630425600,0.73236,0.7325,0.73018,0.73105,10909
1630440000,0.73105,0.73197,0.73065,0.73132,3200
1630454400,0.7313,0.73229,0.73076,0.73101,2084
1630468800,0.73101,0.732,0.7307,0.7312,5102
1630483200,0.7312,0.73484,0.73105,0.73459,6468
1630497600,0.73459,0.73521,0.73319,0.73514,5949
1630512000,0.73517,0.73829,0.73439,0.73749,9084
1630526400,0.73749,0.73766,0.73632,0.73655,2590
1630540800,0.73638,0.73732,0.73575,0.7361,2058
1630555200,0.73609,0.73669,0.73549,0.73667,3769
1630569600,0.73667,0.73885,0.73656,0.7388,5848
1630584000,0.7388,0.73956,0.7381,0.73947,4380
1630598400,0.73948,0.74085,0.73892,0.74011,6841
1630612800,0.7401,0.7403,0.73965,0.74013,2814
1630627200,0.74005,0.74044,0.73928,0.74034,1932
1630641600,0.74035,0.74078,0.73948,0.74057,4515
1630656000,0.74058,0.74368,0.7404,0.74323,5486
1630670400,0.74324,0.74772,0.74282,0.74569,8373
1630684800,0.7457,0.74662,0.74309,0.7452,11548
1630699200,0.74519,0.74631,0.74465,0.7448,2492
1630886400,0.74477,0.74534,0.74321,0.7435,2395
1630900800,0.7435,0.74419,0.74274,0.74283,3877
1630915200,0.74284,0.7442,0.74262,0.7433,4747
1630929600,0.74331,0.74397,0.74255,0.74352,3578
1630944000,0.7435,0.74397,0.74282,0.74343,2997
1630958400,0.74343,0.74393,0.74288,0.74331,12995
1630972800,0.7433,0.74536,0.74327,0.74499,1839
1630987200,0.74495,0.74675,0.74303,0.74319,6086
1631001600,0.7432,0.74358,0.74033,0.74152,9525
1631016000,0.74151,0.74163,0.73898,0.73941,7539
1631030400,0.73941,0.73991,0.73738,0.73922,9564
1631044800,0.73921,0.73944,0.73824,0.7387,2960
1631059200,0.73855,0.73944,0.73803,0.7394,1738
1631073600,0.7394,0.74031,0.73831,0.7385,4001
1631088000,0.73851,0.73879,0.7348,0.73619,10066
1631102400,0.7362,0.73844,0.73596,0.73783,7447
1631116800,0.73782,0.73813,0.73441,0.73719,13665
1631131200,0.7372,0.738,0.73633,0.73654,4693
1631145600,0.73645,0.73683,0.73492,0.73535,2052
1631160000,0.73536,0.73653,0.73462,0.7352,4712
1631174400,0.7352,0.73822,0.73461,0.73767,9190
1631188800,0.73767,0.73858,0.73657,0.73799,9515
1631203200,0.73799,0.73935,0.73724,0.73793,11024
1631217600,0.73793,0.73869,0.73643,0.73679,5547
1631232000,0.73669,0.73762,0.73638,0.7368,2043
1631246400,0.7368,0.73859,0.73591,0.73837,5729
1631260800,0.73836,0.74089,0.73739,0.74074,7186
1631275200,0.74074,0.74084,0.73924,0.74006,6728
1631289600,0.74006,0.74022,0.736,0.73716,11239
1631304000,0.73716,0.73736,0.7347,0.73516,3758
1631491200,0.73494,0.73674,0.73473,0.73598,2329
1631505600,0.73598,0.7363,0.73412,0.73447,4536
1631520000,0.73448,0.73626,0.73353,0.73593,7772
1631534400,0.73594,0.73672,0.7345,0.73643,5233
1631548800,0.7364,0.73748,0.73552,0.73639,12059
1631563200,0.73639,0.73709,0.73532,0.73697,4819
1631577600,0.7369,0.73696,0.73577,0.73624,1918
1631592000,0.73624,0.73725,0.73407,0.73433,6326
1631606400,0.73434,0.73532,0.73295,0.73414,8197
1631620800,0.73413,0.7364,0.73234,0.73585,8988
1631635200,0.73585,0.73684,0.7323,0.73302,12355
1631649600,0.73303,0.7335,0.73125,0.73197,5061
1631664000,0.73186,0.73216,0.73111,0.73127,2013
1631678400,0.73126,0.73281,0.73003,0.7326,5206
1631692800,0.73261,0.7331,0.73063,0.73288,7665
1631707200,0.73289,0.73357,0.73138,0.73168,6959
1631721600,0.73168,0.73382,0.73146,0.73222,11034
1631736000,0.73221,0.7333,0.7322,0.73319,3150
1631750400,0.73311,0.73429,0.73279,0.73418,2138
1631764800,0.73418,0.7346,0.732,0.7323,4882
1631779200,0.73231,0.73263,0.73081,0.73166,7496
1631793600,0.73166,0.73218,0.73025,0.73052,7797
1631808000,0.73051,0.73067,0.72731,0.72866,10298
1631822400,0.72866,0.73008,0.72829,0.72921,3779
1631836800,0.72919,0.72959,0.72846,0.72862,2107
1631851200,0.72861,0.73016,0.72803,0.73013,5632
1631865600,0.73013,0.73207,0.73,0.73161,6601
1631880000,0.73163,0.73188,0.72979,0.73098,7032
1631894400,0.73098,0.7313,0.7265,0.72731,12436
1631908800,0.72732,0.72749,0.72609,0.72627,5352
1632096000,0.72607,0.72674,0.7258,0.72591,1911
1632110400,0.72591,0.72591,0.72256,0.72312,6304
1632124800,0.72313,0.72425,0.72266,0.72329,11760
1632139200,0.72328,0.72509,0.72193,0.72457,10558
1632153600,0.72456,0.72621,0.7237,0.72371,17439
1632168000,0.7237,0.7263,0.72335,0.72509,9842
1632182400,0.72501,0.72624,0.72336,0.72516,3388
1632196800,0.72516,0.72756,0.72483,0.72731,6885
1632211200,0.72732,0.72821,0.72631,0.72767,10264
1632225600,0.72767,0.72789,0.7243,0.72478,8533
1632240000,0.72479,0.72502,0.72209,0.72362,16088
1632254400,0.72362,0.72415,0.72265,0.72322,8376
1632268800,0.72307,0.72352,0.72202,0.72298,3424
1632283200,0.72298,0.72669,0.72286,0.72449,9327
1632297600,0.72448,0.72549,0.72371,0.72454,7859
1632312000,0.72455,0.72534,0.72408,0.72461,5655
1632326400,0.72461,0.72646,0.72353,0.72599,11406
1632340800,0.726,0.72954,0.72309,0.72366,20472
1632355200,0.72363,0.72408,0.72263,0.72301,2518
1632369600,0.72301,0.72428,0.7222,0.72427,5368
1632384000,0.72426,0.72737,0.72383,0.72724,9143
1632398400,0.72724,0.72962,0.72603,0.72951,12802
1632412800,0.7295,0.73118,0.72838,0.73027,12410
1632427200,0.73027,0.73146,0.72897,0.72951,4216
1632441600,0.72939,0.73156,0.72899,0.73094,2934
1632456000,0.73095,0.73103,0.72883,0.72948,5186
1632470400,0.72948,0.7298,0.72683,0.72801,8740
1632484800,0.72802,0.72808,0.72394,0.72394,8518
1632499200,0.72395,0.72648,0.72351,0.72585,12393
1632513600,0.72585,0.72615,0.72501,0.72595,3823
1632700800,0.72488,0.72771,0.72449,0.72756,3036
1632715200,0.72757,0.72894,0.72749,0.72811,5028
1632729600,0.72811,0.72865,0.72579,0.72611,8176
1632744000,0.72613,0.72714,0.72487,0.72652,10731
1632758400,0.72652,0.72903,0.72578,0.72853,12980
1632772800,0.72854,0.7293,0.7284,0.7285,4257
1632787200,0.72836,0.72882,0.7267,0.72705,2357
1632801600,0.72706,0.73069,0.72647,0.73068,5501
1632816000,0.73069,0.731,0.72614,0.72702,12714
1632830400,0.72704,0.72712,0.72293,0.72386,13110
1632844800,0.72386,0.72556,0.72286,0.7231,22188
1632859200,0.7231,0.72425,0.72247,0.72386,13136
1632873600,0.7232,0.72496,0.7232,0.72392,3652
1632888000,0.72393,0.72534,0.72264,0.72489,10261
1632902400,0.72489,0.72633,0.72352,0.72472,14907
1632916800,0.72473,0.72504,0.72042,0.72061,10779
1632931200,0.72062,0.72089,0.71779,0.7179,16899
1632945600,0.71791,0.71892,0.71694,0.71738,6804
1632960000,0.71736,0.71934,0.71703,0.71899,3287
1632974400,0.71899,0.72062,0.71839,0.72,6814
1632988800,0.72,0.72136,0.7188,0.72025,10338
1633003200,0.72025,0.72127,0.71863,0.72088,9480
1633017600,0.7209,0.72563,0.72,0.7212,23539
1633032000,0.7212,0.72364,0.72095,0.72236,11601
1633046400,0.72242,0.72398,0.72194,0.72264,3625
1633060800,0.72265,0.72282,0.72087,0.72132,7863
1633075200,0.72132,0.72296,0.71909,0.72283,14560
1633089600,0.72284,0.72606,0.7227,0.72568,12396
1633104000,0.72569,0.72743,0.72482,0.72688,21042
1633118400,0.72689,0.72757,0.72599,0.72604,6793
1633305600,0.7262,0.72819,0.72586,0.72651,3717
1633320000,0.72652,0.72714,0.72509,0.72704,6057
1633334400,0.72704,0.72746,0.72503,0.72624,10982
1633348800,0.72624,0.72958,0.72618,0.72916,10225
1633363200,0.72916,0.7303,0.72713,0.72846,16601
1633377600,0.72846,0.72907,0.72801,0.72878,8842
1633392000,0.72868,0.72932,0.72762,0.72775,3648
1633406400,0.72775,0.72794,0.7259,0.72643,8926
1633420800,0.72643,0.72795,0.7248,0.72782,10545
1633435200,0.72783,0.72866,0.72647,0.72815,7658
1633449600,0.72816,0.72975,0.72667,0.72937,14771
1633464000,0.72937,0.73001,0.72861,0.7289,4609
1633478400,0.72884,0.7292,0.72803,0.72837,3085
1633492800,0.72837,0.72909,0.72526,0.72578,9935
1633507200,0.72579,0.72673,0.72259,0.7231,13391
1633521600,0.72311,0.72632,0.72251,0.72545,12335
1633536000,0.72546,0.72666,0.72405,0.72486,17150
1633550400,0.72486,0.72755,0.72459,0.72728,8009
1633564800,0.72719,0.72847,0.72666,0.72827,4087
1633579200,0.72826,0.7289,0.72767,0.72789,6109
1633593600,0.72788,0.73013,0.72698,0.72879,10218
1633608000,0.7288,0.73115,0.72787,0.72898,8881
1633622400,0.72898,0.73235,0.7276,0.73117,12775
1633636800,0.73119,0.73187,0.73069,0.73107,4874
1633651200,0.73103,0.73199,0.73046,0.73197,3923
1633665600,0.73197,0.73229,0.72966,0.72967,7531
1633680000,0.72966,0.73006,0.72873,0.72935,10691
1633694400,0.72936,0.73372,0.72924,0.73262,10686
1633708800,0.73264,0.73298,0.72976,0.73062,18856
1633723200,0.73062,0.7314,0.72987,0.73081,5999
1633910400,0.73053,0.73184,0.72913,0.73143,4152
1633924800,0.73142,0.733,0.73135,0.73175,6906
1633939200,0.73176,0.73449,0.7315,0.73426,10660
1633953600,0.73426,0.73517,0.73302,0.73398,8352
1633968000,0.73397,0.73719,0.73385,0.73605,9398
1633982400,0.73606,0.73608,0.73416,0.73461,6080
1633996800,0.73455,0.7352,0.7333,0.73365,3694
1634011200,0.73367,0.73466,0.73313,0.73465,6190
1634025600,0.73465,0.73653,0.73431,0.73621,10119
1634040000,0.73622,0.73836,0.73565,0.73618,8325
1634054400,0.73621,0.73707,0.73459,0.73563,16841
1634068800,0.73563,0.7359,0.73476,0.73509,5660
1634083200,0.73497,0.73515,0.733,0.73387,3640
1634097600,0.73386,0.73438,0.73288,0.73387,5281
1634112000,0.73389,0.73612,0.73325,0.73601,9015
1634126400,0.73601,0.73608,0.73226,0.73277,10250
1634140800,0.73276,0.73775,0.73264,0.73731,14178
1634155200,0.73731,0.7381,0.7369,0.73785,7453
1634169600,0.73776,0.73935,0.73741,0.73884,2743
1634184000,0.73885,0.73901,0.73709,0.7387,4247
1634198400,0.7387,0.74169,0.73824,0.74117,6994
1634212800,0.74118,0.74189,0.74067,0.74157,8645
1634227200,0.74156,0.74259,0.74086,0.74117,9445
1634241600,0.74116,0.7418,0.74077,0.74148,3755
1634256000,0.74143,0.74209,0.74048,0.74139,2348
1634270400,0.74139,0.74238,0.74089,0.74215,5041
1634284800,0.74214,0.74391,0.74133,0.74172,7890
1634299200,0.74171,0.74222,0.74025,0.74029,7947
1634313600,0.74033,0.74274,0.74032,0.74147,13527
1634328000,0.74148,0.74218,0.7414,0.7419,4068
1634515200,0.74134,0.74361,0.74079,0.74098,4508
1634529600,0.74098,0.74199,0.73989,0.7401,6381
1634544000,0.7401,0.74074,0.73882,0.73892,9208
1634558400,0.73892,0.73973,0.73777,0.7384,9282
1634572800,0.73841,0.74181,0.73815,0.74137,10660
1634587200,0.74137,0.7418,0.74106,0.74111,3828
1634601600,0.74104,0.74264,0.74068,0.74253,2793
1634616000,0.74254,0.74556,0.74201,0.74523,6100
1634630400,0.74524,0.74754,0.74524,0.74676,9593
1634644800,0.74676,0.7474,0.74556,0.74597,8821
1634659200,0.74598,0.74827,0.74547,0.74801,11827
1634673600,0.74802,0.74846,0.74712,0.74736,3875
1634688000,0.74726,0.74761,0.74642,0.74733,2819
1634702400,0.74734,0.75033,0.74708,0.74968,6460
1634716800,0.74968,0.74978,0.74787,0.74882,8418
1634731200,0.74881,0.74959,0.748,0.74915,7465
1634745600,0.74916,0.75168,0.74871,0.75157,10006
1634760000,0.75158,0.75219,0.75052,0.75147,5064
1634774400,0.75137,0.75287,0.75051,0.75287,3085
1634788800,0.75287,0.75455,0.75015,0.75071,7691
1634803200,0.7507,0.75101,0.74801,0.74867,9237
1634817600,0.74866,0.74987,0.74767,0.74956,8335
1634832000,0.74957,0.75041,0.74731,0.7474,12657
1634846400,0.74739,0.74739,0.74575,0.74645,4823
1634860800,0.74646,0.74685,0.74528,0.74684,3588
1634875200,0.74684,0.74883,0.74664,0.74749,7508
1634889600,0.74748,0.75052,0.74699,0.75039,11221
1634904000,0.7504,0.75113,0.74923,0.74957,8315
1634918400,0.74953,0.75028,0.74533,0.74664,16952
1634932800,0.74665,0.74694,0.74553,0.7466,6469
1635120000,0.74642,0.74761,0.74602,0.74724,3255
1635134400,0.74725,0.74877,0.74636,0.74856,6601
1635148800,0.74856,0.75043,0.74771,0.7497,8221
1635163200,0.74971,0.74985,0.74773,0.74807,7842
1635177600,0.74806,0.74971,0.74744,0.74888,11210
1635192000,0.74889,0.74966,0.74889,0.749,3530
1635206400,0.74885,0.74994,0.74832,0.74961,2306
1635220800,0.74962,0.75166,0.7494,0.75138,6621
1635235200,0.75137,0.75143,0.74883,0.75028,8329
1635249600,0.75027,0.75246,0.74957,0.75209,6281
1635264000,0.7521,0.75214,0.74897,0.74965,10046
1635278400,0.74963,0.75083,0.74937,0.75009,3542
1635292800,0.75,0.75322,0.74941,0.75292,4064
1635307200,0.75292,0.75349,0.75161,0.75251,5442
1635321600,0.75251,0.7531,0.74875,0.74902,9245
1635336000,0.74901,0.75194,0.74864,0.75107,9116
1635350400,0.75106,0.75289,0.75022,0.75258,15914
1635364800,0.75258,0.75339,0.75127,0.7518,5156
1635379200,0.75168,0.75189,0.74927,0.74949,3642
1635393600,0.7495,0.75106,0.74787,0.75075,8362
1635408000,0.75074,0.75227,0.75027,0.75111,10532
1635422400,0.75111,0.75282,0.75051,0.75096,10833
1635436800,0.75096,0.75548,0.75059,0.75446,15629
1635451200,0.75445,0.75487,0.75347,0.75434,5959
1635465600,0.75427,0.75446,0.75258,0.75291,4214
1635480000,0.75292,0.75545,0.7523,0.75448,6656
1635494400,0.75449,0.75507,0.75324,0.75333,9253
1635508800,0.75334,0.75423,0.75167,0.75214,11270
1635523200,0.75214,0.75282,0.74995,0.75098,16274
1635537600,0.75098,0.75253,0.75091,0.75196,5918
1635724800,0.75097,0.75237,0.75044,0.7514,4540
1635739200,0.75138,0.75138,0.74987,0.75119,4968
1635753600,0.7512,0.75125,0.74852,0.7502,8613
1635768000,0.7502,0.75249,0.75001,0.75189,8459
1635782400,0.75188,0.75351,0.75132,0.75192,9407
1635796800,0.75192,0.75231,0.75045,0.75205,3824
1635811200,0.75203,0.75307,0.75164,0.75287,3633
1635825600,0.75288,0.75307,0.7484,0.74892,8410
1635840000,0.74891,0.74893,0.74596,0.7467,10261
1635854400,0.74669,0.74683,0.74508,0.74539,8775
1635868800,0.74539,0.74559,0.74195,0.74259,9585
1635883200,0.74259,0.74319,0.74229,0.74285,3247
1635897600,0.74288,0.74391,0.74254,0.7435,3171
1635912000,0.74351,0.74397,0.74245,0.74388,4274
1635926400,0.74387,0.74502,0.74379,0.74406,6889
1635940800,0.74407,0.74456,0.7426,0.7428,8458
1635955200,0.74279,0.74328,0.74132,0.74196,9145
1635969600,0.74197,0.74577,0.74114,0.74491,16017
1635984000,0.74486,0.74697,0.74469,0.74538,3793
1635998400,0.74539,0.74626,0.74305,0.74351,4535
1636012800,0.74347,0.74434,0.74192,0.74223,8817
1636027200,0.74222,0.74251,0.7399,0.74054,11330
1636041600,0.74052,0.74067,0.73819,0.73945,11932
1636056000,0.73946,0.74038,0.73927,0.73984,4560
1636070400,0.73985,0.74077,0.73828,0.73863,4779
1636084800,0.73862,0.73992,0.73777,0.73851,5301
1636099200,0.73851,0.73911,0.73715,0.7372,7816
1636113600,0.7372,0.73986,0.7359,0.73825,12974
1636128000,0.73826,0.74114,0.73803,0.73981,11349
1636142400,0.73981,0.74016,0.73919,0.73925,3780
1636329600,0.73948,0.7405,0.73854,0.73869,3434
1636344000,0.73868,0.74056,0.73855,0.74051,3783
1636358400,0.74052,0.74117,0.73833,0.74032,6148
1636372800,0.74033,0.74152,0.73941,0.74113,5893
1636387200,0.74113,0.74305,0.74078,0.74201,7630
1636401600,0.74202,0.74256,0.74174,0.74232,2888
1636416000,0.74228,0.74228,0.73962,0.73996,3296
1636430400,0.73997,0.74238,0.73893,0.74182,5340
1636444800,0.74183,0.74308,0.74141,0.74253,6201
1636459200,0.74254,0.74289,0.73941,0.74046,7079
1636473600,0.74047,0.74107,0.73598,0.73755,11701
1636488000,0.73754,0.73823,0.73704,0.73782,3673
1636502400,0.73784,0.73796,0.7364,0.73688,3175
1636516800,0.73688,0.73697,0.73518,0.73548,3452
1636531200,0.73547,0.73776,0.73533,0.73713,7245
1636545600,0.73713,0.73725,0.73399,0.73719,9797
1636560000,0.73719,0.73925,0.7347,0.73537,17077
1636574400,0.73537,0.73561,0.73232,0.73251,11405
1636588800,0.73249,0.73403,0.73144,0.73219,5609
1636603200,0.7322,0.7328,0.72942,0.73071,5865
1636617600,0.73072,0.73193,0.72863,0.72958,9454
1636632000,0.72958,0.73108,0.72887,0.73088,9127
1636646400,0.73087,0.73104,0.72896,0.72912,9303
1636660800,0.72913,0.72963,0.72867,0.72887,4631
1636675200,0.72879,0.72959,0.72793,0.72796,3769
1636689600,0.72796,0.72933,0.72757,0.72923,4001
1636704000,0.72923,0.73072,0.72886,0.72914,7565
1636718400,0.72914,0.7304,0.72896,0.73013,6431
1636732800,0.73013,0.73296,0.72954,0.73281,9663
1636747200,0.7328,0.73343,0.73262,0.73296,3390
1636934400,0.73211,0.73398,0.73211,0.73396,3168
1636948800,0.73397,0.73476,0.73355,0.73468,3845
1636963200,0.73467,0.73645,0.73427,0.73595,7968
1636977600,0.73594,0.73697,0.73576,0.73623,5774
1636992000,0.73624,0.73653,0.73484,0.73508,9998
1637006400,0.73507,0.73565,0.73421,0.73463,3607
1637020800,0.7346,0.73639,0.73412,0.73606,3595
1637035200,0.73606,0.73669,0.73365,0.73394,4679
1637049600,0.73395,0.73459,0.73316,0.73378,8012
1637064000,0.73377,0.7345,0.73277,0.7335,7874
1637078400,0.73349,0.73361,0.73011,0.73044,11424
1637092800,0.73045,0.7311,0.72914,0.72998,5247
1637107200,0.72984,0.73037,0.72805,0.72861,4465
1637121600,0.72859,0.72889,0.72614,0.72807,6449
1637136000,0.72807,0.73041,0.72747,0.728,8956
1637150400,0.72799,0.72977,0.72703,0.72797,7016
1637164800,0.72796,0.72818,0.72625,0.72687,9747
1637179200,0.72686,0.72717,0.72577,0.72647,5197
1637193600,0.72646,0.72694,0.72506,0.72558,3557
1637208000,0.72557,0.72768,0.72551,0.72768,6054
1637222400,0.72769,0.72922,0.72725,0.72835,7146
1637236800,0.72835,0.72908,0.72609,0.7261,7477
1637251200,0.72609,0.72821,0.72488,0.72751,11094
1637265600,0.72751,0.72774,0.72708,0.72754,3802
1637280000,0.72749,0.728,0.72666,0.72771,2737
1637294400,0.72773,0.72819,0.72679,0.72812,3974
1637308800,0.72812,0.72903,0.72404,0.72422,9088
1637323200,0.72422,0.72476,0.72261,0.72443,13155
1637337600,0.72442,0.72645,0.72369,0.72421,13600
1637352000,0.72422,0.7245,0.72283,0.72293,5449
1637539200,0.72306,0.72398,0.72262,0.72343,4732
1637553600,0.72344,0.72546,0.72319,0.72534,4744
1637568000,0.72532,0.72592,0.72429,0.72542,11076
1637582400,0.72543,0.72726,0.72526,0.72698,8940
1637596800,0.72697,0.72697,0.72275,0.72295,14863
1637611200,0.72295,0.72306,0.722,0.72226,4744
1637625600,0.72226,0.72354,0.72219,0.72315,2845
1637640000,0.72316,0.72328,0.72111,0.72142,4935
1637654400,0.72143,0.72315,0.72102,0.72239,13629
1637668800,0.72239,0.72311,0.72111,0.72161,10787
1637683200,0.72162,0.72292,0.72058,0.72166,14209
1637697600,0.72166,0.72292,0.72121,0.72253,6388
1637712000,0.72254,0.72266,0.72101,0.72205,4763
1637726400,0.72204,0.72252,0.71983,0.72142,5705
1637740800,0.72142,0.72268,0.72117,0.72161,10186
1637755200,0.72161,0.72243,0.71907,0.71939,10534
1637769600,0.7194,0.72014,0.71851,0.71882,16612
1637784000,0.71881,0.71989,0.71829,0.71933,5999
1637798400,0.71931,0.72084,0.7191,0.72005,3247
1637812800,0.72004,0.72063,0.71961,0.72002,3407
1637827200,0.72002,0.72074,0.71794,0.71887,5724
1637841600,0.71886,0.71897,0.71792,0.71826,5514
1637856000,0.71827,0.71921,0.71809,0.71851,4322
1637870400,0.71852,0.71899,0.71804,0.71862,9045
1637884800,0.71864,0.7189,0.71525,0.71552,5957
1637899200,0.71552,0.71561,0.71329,0.7143,7309
1637913600,0.71431,0.71474,0.71115,0.71264,17955
1637928000,0.71264,0.71554,0.71249,0.71434,15917
1637942400,0.71433,0.71498,0.71142,0.71271,16777
1637956800,0.71273,0.71327,0.71113,0.71121,4135
1638144000,0.71274,0.7144,0.71145,0.71411,6784
1638158400,0.71411,0.71462,0.71309,0.71384,7118
1638172800,0.71383,0.71529,0.71335,0.71478,10977
1638187200,0.71477,0.71588,0.71403,0.71448,9417
1638201600,0.71447,0.71488,0.71129,0.71271,11980
1638216000,0.71271,0.7142,0.71252,0.71418,4158
1638230400,0.71414,0.7152,0.71269,0.71484,3208
1638244800,0.71483,0.71539,0.71005,0.71023,7985
1638259200,0.71024,0.71269,0.70916,0.71245,15844
1638273600,0.71244,0.71516,0.71227,0.7151,10706
1638288000,0.71511,0.71696,0.70619,0.71014,25655
1638302400,0.71017,0.7131,0.70957,0.71276,10369
1638316800,0.7127,0.7141,0.7118,0.71339,6481
1638331200,0.7134,0.71706,0.71334,0.7167,6704
1638345600,0.71669,0.7172,0.71396,0.71527,12374
1638360000,0.71526,0.71613,0.71356,0.71578,10181
1638374400,0.71579,0.71719,0.7122,0.71222,15636
1638388800,0.71223,0.71265,0.70939,0.71047,10419
1638403200,0.71039,0.71163,0.70936,0.7116,5043
1638417600,0.71161,0.71187,0.70939,0.71019,6803
1638432000,0.71019,0.71132,0.70981,0.71083,10472
1638446400,0.71082,0.71098,0.70881,0.70923,13043
1638460800,0.70922,0.71135,0.70836,0.70937,20366
1638475200,0.70938,0.70962,0.70846,0.70911,9597
1638489600,0.70906,0.70951,0.70643,0.7071,4383
1638504000,0.70709,0.70817,0.70619,0.70797,5428
1638518400,0.70798,0.70818,0.70473,0.70517,8057
1638532800,0.70517,0.70891,0.70492,0.70636,11838
1638547200,0.70636,0.70642,0.70043,0.70072,22301
1638561600,0.70071,0.70117,0.69922,0.69946,10803
1638748800,0.69903,0.70241,0.69903,0.70205,5787
1638763200,0.70206,0.70258,0.70126,0.70146,5312
1638777600,0.70145,0.70402,0.7009,0.70242,11698
1638792000,0.70243,0.70449,0.70206,0.70438,11397
1638806400,0.7044,0.70536,0.70314,0.70444,18182
1638820800,0.70445,0.70518,0.70388,0.70506,7640
1638835200,0.70464,0.70552,0.70388,0.70536,3896
1638849600,0.70537,0.70838,0.70425,0.70808,7061
1638864000,0.70798,0.71006,0.70788,0.7095,11366
1638878400,0.70949,0.71112,0.70853,0.70979,10433
1638892800,0.70977,0.71219,0.70873,0.711,13311
1638907200,0.71103,0.7122,0.71017,0.71181,6565
1638921600,0.71151,0.71235,0.71135,0.71169,4053
1638936000,0.71169,0.7142,0.71169,0.71278,7967
1638950400,0.71277,0.71372,0.71163,0.7133,12975
1638964800,0.71329,0.71481,0.71168,0.71453,17997
1638979200,0.71454,0.7183,0.71388,0.7177,16211
1638993600,0.71769,0.71794,0.7168,0.71697,5432
1639008000,0.71671,0.71721,0.71571,0.71619,2968
1639022400,0.71618,0.71771,0.71583,0.71758,6129
1639036800,0.71757,0.71859,0.71554,0.71609,10650
1639051200,0.71609,0.71615,0.71348,0.71417,11926
1639065600,0.71418,0.71561,0.71404,0.71499,13558
1639080000,0.71499,0.71536,0.71433,0.71456,8310
1639094400,0.71444,0.71513,0.71311,0.71498,4315
1639108800,0.71499,0.71609,0.71408,0.71422,4987
1639123200,0.71421,0.71567,0.7142,0.71493,10130
1639137600,0.71494,0.71815,0.71452,0.71768,9455
1639152000,0.71767,0.71817,0.71551,0.71748,15542
1639166400,0.71747,0.71801,0.71656,0.71672,3840
1639353600,0.71633,0.71713,0.71498,0.7165,4030
1639368000,0.71651,0.71755,0.71633,0.71678,3973
1639382400,0.71678,0.71688,0.71354,0.71395,7371
1639396800,0.71397,0.7144,0.71259,0.71328,10494
1639411200,0.71329,0.71377,0.71097,0.71214,15712
1639425600,0.71213,0.7138,0.71197,0.71328,5018
1639440000,0.71229,0.71334,0.71057,0.71111,3704
1639454400,0.71111,0.71133,0.70892,0.71047,5965
1639468800,0.71046,0.71345,0.71036,0.71186,8698
1639483200,0.71186,0.71347,0.71103,0.71129,11760
1639497600,0.71128,0.71282,0.71006,0.71053,14893
1639512000,0.71052,0.71087,0.70986,0.71029,5712
1639526400,0.71004,0.71116,0.70959,0.71105,2843
1639540800,0.71104,0.71169,0.71015,0.71146,3936
1639555200,0.71145,0.71348,0.71137,0.71273,5885
1639569600,0.71274,0.71508,0.71212,0.71471,6132
1639584000,0.71471,0.71474,0.71089,0.71277,9770
1639598400,0.71277,0.71765,0.70912,0.71726,18093
1639612800,0.71714,0.71805,0.7154,0.71578,5171
1639627200,0.71579,0.71615,0.71447,0.71526,5189
1639641600,0.71526,0.72028,0.71522,0.72004,8583
1639656000,0.72004,0.72227,0.71952,0.72196,10140
1639670400,0.72196,0.72205,0.71784,0.71799,11778
1639684800,0.71798,0.71865,0.7167,0.71831,5517
1639699200,0.71825,0.71832,0.71679,0.71771,4167
1639713600,0.7177,0.71807,0.71519,0.71695,5436
1639728000,0.71695,0.71751,0.71575,0.71615,8630
1639742400,0.71614,0.71649,0.7148,0.7153,8386
1639756800,0.71532,0.71601,0.71354,0.71428,12198
1639771200,0.71428,0.71454,0.71218,0.71254,5818
1639958400,0.71271,0.71318,0.71081,0.71181,5151
1639972800,0.71181,0.71222,0.70967,0.71048,6067
1639987200,0.71046,0.71068,0.70814,0.70915,10056
1640001600,0.70914,0.71185,0.70914,0.71173,8023
1640016000,0.71173,0.71269,0.71055,0.71149,10802
1640030400,0.71149,0.71217,0.7108,0.71088,4144
1640044800,0.71086,0.7119,0.70979,0.71177,3765
1640059200,0.71175,0.71186,0.71066,0.71147,3562
1640073600,0.7115,0.71274,0.71083,0.71264,6236
1640088000,0.71264,0.71394,0.71261,0.71276,5735
1640102400,0.71277,0.71446,0.71254,0.71437,8318
1640116800,0.71438,0.71553,0.71414,0.71516,3298
1640131200,0.71518,0.7154,0.71402,0.71471,2725
1640145600,0.71472,0.71495,0.71198,0.71261,3335
1640160000,0.71261,0.71561,0.71216,0.71531,5222
1640174400,0.71532,0.71875,0.71525,0.71872,5997
1640188800,0.71872,0.72194,0.71843,0.72173,8289
1640203200,0.72173,0.7219,0.7209,0.72133,2948
1640217600,0.72128,0.72186,0.7193,0.72073,3141
1640232000,0.72073,0.72189,0.71952,0.72157,2113
1640246400,0.72157,0.7241,0.72132,0.72403,4099
1640260800,0.72402,0.72439,0.72212,0.72273,5363
1640275200,0.72274,0.72491,0.72199,0.72491,6587
1640289600,0.72492,0.72507,0.72408,0.72417,2117
1640304000,0.72416,0.72416,0.72276,0.72335,3801
1640318400,0.72334,0.72394,0.72254,0.7233,2837
1640332800,0.7233,0.72422,0.72322,0.72418,1005
1640347200,0.72418,0.72429,0.72312,0.72321,2366
1640361600,0.72321,0.72341,0.72205,0.72213,3022
1640563200,0.72251,0.72367,0.72173,0.72329,1867
1640577600,0.72331,0.72412,0.72259,0.72271,2119
1640592000,0.7227,0.72302,0.72047,0.7209,2868
1640606400,0.7209,0.72298,0.72084,0.72295,2809
1640620800,0.72294,0.72425,0.72267,0.72338,3904
1640635200,0.72338,0.72441,0.72318,0.72393,2028
1640649600,0.72388,0.72397,0.72255,0.72289,1947
1640664000,0.72287,0.72437,0.72278,0.72424,1741
1640678400,0.72424,0.72487,0.72345,0.72486,3055
1640692800,0.72487,0.72632,0.72446,0.72537,2368
1640707200,0.72536,0.72546,0.72181,0.72265,6007
1640721600,0.72265,0.72335,0.72191,0.72279,2882
1640736000,0.72262,0.7235,0.7212,0.72165,2661
1640750400,0.72166,0.72326,0.72154,0.72289,2726
1640764800,0.72288,0.72357,0.72149,0.72165,3788
1640779200,0.72165,0.72341,0.72152,0.72296,4608
1640793600,0.72295,0.72716,0.72286,0.72449,8257
1640808000,0.7245,0.72531,0.72445,0.72476,2353
1640822400,0.72471,0.72661,0.72408,0.7266,2506
1640836800,0.7266,0.72662,0.72475,0.72488,2042
1640851200,0.72489,0.72595,0.72428,0.7256,3897
1640865600,0.72559,0.72736,0.72538,0.72592,3901
1640880000,0.72592,0.72748,0.72467,0.7251,4723
1640894400,0.7251,0.72579,0.72439,0.72493,2291
1640908800,0.72489,0.72551,0.72424,0.72545,2138
1640923200,0.72545,0.72597,0.7247,0.72566,1906
1640937600,0.72567,0.72724,0.72537,0.72667,3055
1640952000,0.72668,0.7271,0.72431,0.7257,4310
1640966400,0.72568,0.72763,0.72502,0.72761,6533
1640980800,0.72761,0.72762,0.72741,0.72743,31
1641168000,0.72621,0.72762,0.72528,0.72548,2692
1641182400,0.72546,0.72554,0.72387,0.72448,3011
1641196800,0.72448,0.72625,0.72442,0.72545,3805
1641211200,0.72545,0.72595,0.72195,0.72217,4769
1641225600,0.72216,0.72216,0.71835,0.71956,8925
1641240000,0.71955,0.72,0.71832,0.71895,3217
1641254400,0.71884,0.72062,0.71842,0.71989,2828
1641268800,0.71991,0.72153,0.71944,0.72121,2925
1641283200,0.72125,0.72161,0.7201,0.72108,4436
1641297600,0.72108,0.72158,0.71842,0.72072,5720
1641312000,0.72073,0.72477,0.72039,0.72393,7978
1641326400,0.72393,0.72433,0.72303,0.72387,2714
1641340800,0.72379,0.72435,0.72293,0.7233,2673
1641355200,0.72329,0.72378,0.72223,0.72248,3339
1641369600,0.72248,0.72486,0.72238,0.72463,4707
1641384000,0.72463,0.72607,0.72451,0.72565,5903
1641398400,0.72564,0.72715,0.72548,0.72624,7767
1641412800,0.72626,0.72651,0.72146,0.72209,11175
1641427200,0.72202,0.72218,0.72042,0.72136,3139
1641441600,0.72138,0.72138,0.71691,0.71731,5121
1641456000,0.7173,0.71731,0.71448,0.71554,8619
1641470400,0.71554,0.71767,0.71544,0.71611,8697
1641484800,0.7161,0.71801,0.71484,0.71654,12462
1641499200,0.71654,0.71697,0.71584,0.7162,4702
1641513600,0.71616,0.71768,0.71532,0.71722,3257
1641528000,0.71721,0.71725,0.71564,0.71628,3548
1641542400,0.71627,0.71632,0.71418,0.71545,4867
1641556800,0.71544,0.71686,0.7129,0.71386,9685
1641571200,0.71384,0.71853,0.71377,0.71772,12567
1641585600,0.71771,0.71867,0.71755,0.71807,2949
1641772800,0.71699,0.71926,0.71698,0.71915,3454
1641787200,0.71915,0.71967,0.71872,0.7191,3342
1641801600,0.7191,0.72,0.7176,0.71883,6420
1641816000,0.71883,0.72016,0.71703,0.71706,7492
1641830400,0.71705,0.71731,0.71481,0.71652,11994
1641844800,0.71651,0.71767,0.71608,0.71735,5161
1641859200,0.71725,0.71882,0.71692,0.71764,3577
1641873600,0.71764,0.71953,0.71729,0.71897,4070
1641888000,0.71896,0.71923,0.71668,0.71834,7639
1641902400,0.71834,0.71872,0.71601,0.71641,5959
1641916800,0.71642,0.71999,0.71542,0.71965,14719
1641931200,0.71966,0.72125,0.71947,0.72092,3653
1641945600,0.72093,0.72156,0.72038,0.72083,3347
1641960000,0.72084,0.72187,0.72058,0.72166,3543
1641974400,0.72166,0.72222,0.71995,0.72108,5893
1641988800,0.72107,0.72518,0.72064,0.72486,9300
1642003200,0.72487,0.72847,0.72433,0.72829,13162
1642017600,0.72827,0.72917,0.72774,0.72834,4504
1642032000,0.72829,0.72866,0.72742,0.72755,3472
1642046400,0.72755,0.72916,0.72725,0.72805,3770
1642060800,0.72807,0.73134,0.72795,0.73089,7245
1642075200,0.7309,0.73124,0.72913,0.73055,7662
1642089600,0.73056,0.73119,0.72817,0.72887,12505
1642104000,0.72888,0.72932,0.72732,0.7279,5058
1642118400,0.7279,0.72825,0.72641,0.72668,4848
1642132800,0.72669,0.72869,0.72642,0.72859,5772
1642147200,0.72859,0.72927,0.72676,0.72709,8137
1642161600,0.72708,0.72731,0.72315,0.72368,9228
1642176000,0.72367,0.72523,0.72009,0.72014,17110
1642190400,0.72013,0.72163,0.71974,0.72155,5553
1642377600,0.72172,0.72194,0.71948,0.71958,5263
1642392000,0.71958,0.72145,0.71958,0.72029,4945
1642406400,0.7203,0.72217,0.71994,0.7215,8767
1642420800,0.7215,0.72286,0.72041,0.7212,7336
1642435200,0.7212,0.72184,0.72058,0.72132,8063
1642449600,0.72132,0.72141,0.72084,0.72086,1134
1642464000,0.72084,0.7227,0.7204,0.72244,3130
1642478400,0.72244,0.72254,0.71784,0.71907,9131
1642492800,0.71908,0.72037,0.71812,0.7188,12105
1642507200,0.71879,0.71953,0.71744,0.71868,9992
1642521600,0.71868,0.71943,0.71699,0.71735,16681
1642536000,0.71735,0.71885,0.71691,0.71849,6383
1642550400,0.71843,0.71924,0.7176,0.71858,4991
1642564800,0.71859,0.71949,0.71766,0.71894,7618
1642579200,0.71893,0.72017,0.71776,0.72012,10135
1642593600,0.72011,0.72258,0.71986,0.72229,8997
1642608000,0.7223,0.72374,0.7217,0.7229,14725
1642622400,0.72292,0.72316,0.72105,0.72113,6429
1642636800,0.72105,0.72558,0.72072,0.7237,6900
1642651200,0.72371,0.72401,0.72198,0.72239,7081
1642665600,0.72238,0.72417,0.72229,0.723,8908
1642680000,0.723,0.72614,0.72297,0.72571,8839
1642694400,0.72572,0.72756,0.7251,0.7258,12453
1642708800,0.72581,0.72586,0.72173,0.72247,7190
1642723200,0.72243,0.72281,0.71805,0.71986,8621
1642737600,0.71986,0.72049,0.71832,0.71941,10305
1642752000,0.71941,0.71984,0.71826,0.71879,11602
1642766400,0.71878,0.72125,0.71845,0.72107,11191
1642780800,0.72108,0.72138,0.71835,0.7189,21633
1642795200,0.71889,0.71934,0.71707,0.71742,9995
1642982400,0.71705,0.71867,0.71702,0.71815,4979
1642996800,0.71815,0.71866,0.71601,0.71638,5947
1643011200,0.71639,0.717,0.71468,0.71539,11807
1643025600,0.71539,0.7154,0.71075,0.71077,14217
1643040000,0.71078,0.7118,0.70897,0.711,27027
1643054400,0.71099,0.71474,0.71081,0.71442,15976
1643068800,0.71421,0.71748,0.7136,0.71519,9029
1643083200,0.71518,0.71526,0.71285,0.71428,8638
1643097600,0.71429,0.71535,0.71323,0.7149,13006
1643112000,0.71491,0.71497,0.71205,0.71304,10078
1643126400,0.71302,0.71542,0.71207,0.71438,21856
1643140800,0.71439,0.71687,0.71412,0.71506,9913
1643155200,0.71489,0.71604,0.71407,0.71591,5702
1643169600,0.71591,0.71646,0.71532,0.71604,5163
1643184000,0.71603,0.71696,0.71513,0.71682,8661
1643198400,0.71683,0.71761,0.7165,0.71681,7806
1643212800,0.7168,0.71703,0.71517,0.71692,14124
1643227200,0.71693,0.71804,0.70948,0.71147,33273
1643241600,0.71141,0.71204,0.70768,0.70811,7742
1643256000,0.70811,0.70862,0.70676,0.70725,10508
1643270400,0.70723,0.70937,0.70625,0.70913,14586
1643284800,0.70912,0.70986,0.70599,0.70782,14450
1643299200,0.70781,0.7088,0.70298,0.70333,19771
1643313600,0.70333,0.70395,0.70229,0.70332,10997
1643328000,0.70322,0.70411,0.70252,0.70407,5792
1643342400,0.70408,0.70449,0.70216,0.70368,8820
1643356800,0.70368,0.70412,0.69999,0.70001,12607
1643371200,0.70001,0.70044,0.69666,0.69991,17101
1643385600,0.6999,0.70073,0.69796,0.69865,21052
1643400000,0.69867,0.69966,0.6974,0.69948,8088
1643587200,0.69877,0.70111,0.69864,0.7009,4510
1643601600,0.7009,0.70225,0.70052,0.70202,4097
1643616000,0.70202,0.7057,0.70191,0.70514,9855
1643630400,0.70514,0.70689,0.70365,0.70665,10660
1643644800,0.70664,0.70758,0.70372,0.70613,16407
1643659200,0.70613,0.70739,0.70594,0.70664,6260
1643673600,0.70656,0.70706,0.70605,0.70622,3627
1643688000,0.70622,0.70724,0.70326,0.70654,8334
1643702400,0.70654,0.70926,0.70536,0.70798,9150
1643716800,0.70798,0.71079,0.70787,0.71021,9286
1643731200,0.71021,0.71169,0.70758,0.71109,18437
1643745600,0.7111,0.71295,0.71093,0.71284,5726
1643760000,0.71274,0.71442,0.71245,0.71338,4049
1643774400,0.71337,0.71453,0.7126,0.71329,4358
1643788800,0.7133,0.71417,0.71217,0.71406,7507
1643803200,0.71407,0.71581,0.71343,0.71348,8804
1643817600,0.71348,0.71458,0.71173,0.71365,15571
1643832000,0.71365,0.71474,0.71306,0.71359,5307
1643846400,0.71352,0.71352,0.71145,0.71215,4169
1643860800,0.71215,0.71293,0.71167,0.71238,4496
1643875200,0.71237,0.713,0.71136,0.71148,6996
1643889600,0.71148,0.71389,0.71087,0.71324,13382
1643904000,0.71325,0.71676,0.71307,0.714,22559
1643918400,0.71401,0.71452,0.71243,0.71385,6512
1643932800,0.7138,0.71471,0.71294,0.71336,4437
1643947200,0.71337,0.71507,0.71313,0.7141,4211
1643961600,0.7141,0.71411,0.7103,0.711,10450
1643976000,0.711,0.71109,0.70521,0.70544,16164
1643990400,0.70544,0.70762,0.70508,0.70669,18356
1644004800,0.70671,0.70817,0.70665,0.70765,5705
1644192000,0.70769,0.70843,0.70682,0.70771,4911
1644206400,0.70772,0.70907,0.70644,0.70832,5142
1644220800,0.70833,0.71051,0.70828,0.70954,9646
1644235200,0.70954,0.71128,0.70872,0.71088,8710
1644249600,0.71088,0.71217,0.70979,0.71069,11856
1644264000,0.71067,0.71295,0.71066,0.71219,3517
1644278400,0.71226,0.71371,0.71106,0.71359,4038
1644292800,0.71358,0.71372,0.71057,0.71121,4574
1644307200,0.71121,0.71369,0.71082,0.71345,8202
1644321600,0.71344,0.71345,0.71117,0.71239,7868
1644336000,0.71239,0.71365,0.712,0.71332,10236
1644350400,0.71331,0.71458,0.71267,0.71456,3973
1644364800,0.7145,0.71569,0.71408,0.71554,2902
1644379200,0.71552,0.71667,0.7152,0.71577,3724
1644393600,0.71578,0.71682,0.71444,0.71624,6660
1644408000,0.71624,0.71838,0.71619,0.71781,6906
1644422400,0.71781,0.71937,0.71763,0.7183,8925
1644436800,0.71829,0.71847,0.71766,0.71805,3131
1644451200,0.71795,0.71795,0.71655,0.71663,2949
1644465600,0.71663,0.71772,0.71598,0.71717,3537
1644480000,0.71716,0.71938,0.71679,0.71872,5920
1644494400,0.71873,0.72028,0.71462,0.71633,11834
1644508800,0.71631,0.72477,0.71503,0.72147,23152
1644523200,0.72146,0.72219,0.71522,0.71667,15007
1644537600,0.71654,0.71688,0.71321,0.71491,6398
1644552000,0.71489,0.71495,0.7111,0.71176,7095
1644566400,0.71176,0.71379,0.71076,0.71244,10344
1644580800,0.71244,0.71701,0.71175,0.71585,8805
1644595200,0.71584,0.71841,0.71565,0.71788,15932
1644609600,0.71789,0.71814,0.71206,0.71356,33206
1644796800,0.7129,0.71495,0.7124,0.71252,6836
1644811200,0.71252,0.7126,0.71145,0.71229,5870
1644825600,0.71228,0.71313,0.70853,0.70953,13366
1644840000,0.70953,0.71333,0.70906,0.71131,17511
1644854400,0.7113,0.71386,0.71098,0.71376,18608
1644868800,0.71377,0.71415,0.71084,0.7127,13497
1644883200,0.71261,0.71364,0.71208,0.71279,4509
1644897600,0.7128,0.71395,0.71029,0.71034,6328
1644912000,0.71033,0.71555,0.71007,0.71425,12678
1644926400,0.71427,0.71463,0.71297,0.71439,10838
1644940800,0.71439,0.71507,0.71134,0.71445,13813
1644955200,0.71444,0.71538,0.71408,0.71515,4172
1644969600,0.71503,0.71541,0.71427,0.71493,3071
1644984000,0.71492,0.71609,0.71474,0.71569,3598
1644998400,0.71568,0.71833,0.71567,0.71724,8449
1645012800,0.71725,0.71798,0.71591,0.7162,8331
1645027200,0.71621,0.71858,0.71563,0.71808,12061
1645041600,0.71807,0.7204,0.71706,0.7195,11584
1645056000,0.7194,0.72101,0.7191,0.72054,5756
1645070400,0.72054,0.72146,0.71486,0.71857,17373
1645084800,0.71858,0.72134,0.71795,0.71942,18532
1645099200,0.71941,0.72164,0.71916,0.72011,11572
1645113600,0.7201,0.72156,0.71867,0.7196,19663
1645128000,0.7196,0.72019,0.71818,0.71869,5918
1645142400,0.71861,0.72,0.71759,0.71932,5707
1645156800,0.71932,0.72081,0.71907,0.72015,6031
1645171200,0.72014,0.72269,0.71968,0.72141,9240
1645185600,0.72141,0.72177,0.71974,0.72058,11499
1645200000,0.72059,0.72085,0.71639,0.71674,19575
1645214400,0.71675,0.71904,0.71671,0.71775,6959
1645401600,0.71703,0.72016,0.71661,0.71965,7853
1645416000,0.71965,0.72205,0.71933,0.72118,7268
1645430400,0.72119,0.72216,0.72047,0.72146,9781
1645444800,0.72145,0.72158,0.71913,0.72042,12521
1645459200,0.72041,0.72191,0.71981,0.72058,12971
1645473600,0.72059,0.72087,0.71853,0.71884,3276
1645488000,0.71882,0.72004,0.71709,0.71906,8009
1645502400,0.71905,0.72109,0.71822,0.72045,8782
1645516800,0.72047,0.72178,0.7191,0.72069,16719
1645531200,0.7207,0.72325,0.72047,0.72146,15702
1645545600,0.72143,0.72326,0.72058,0.72173,16486
1645560000,0.72174,0.7226,0.72021,0.7217,13511
1645574400,0.72169,0.72354,0.72165,0.72334,6378
1645588800,0.72332,0.724,0.722,0.72305,6362
1645603200,0.72306,0.72666,0.72283,0.7264,9267
1645617600,0.7264,0.72829,0.72545,0.7282,9216
1645632000,0.7282,0.72827,0.72319,0.72433,16021
1645646400,0.72432,0.72434,0.72264,0.72309,8314
1645660800,0.72298,0.72316,0.72012,0.72137,8909
1645675200,0.72137,0.72154,0.71674,0.71929,28957
1645689600,0.7193,0.72,0.71707,0.71732,29760
1645704000,0.71731,0.71844,0.71504,0.7151,25577
1645718400,0.7151,0.71583,0.70936,0.71389,31065
1645732800,0.71388,0.71774,0.71344,0.71614,22216
1645747200,0.71613,0.71783,0.71388,0.7172,12295
1645761600,0.71719,0.72029,0.71654,0.71975,12620
1645776000,0.71976,0.72104,0.71831,0.71984,18264
1645790400,0.71985,0.72317,0.71862,0.72287,20163
1645804800,0.72287,0.72369,0.7206,0.7209,20516
1645819200,0.72091,0.7235,0.72091,0.72315,7906
1646006400,0.71758,0.71931,0.71693,0.71804,15563
1646020800,0.71805,0.71845,0.71667,0.71817,12418
1646035200,0.71816,0.72048,0.7181,0.71993,18299
1646049600,0.71992,0.72307,0.71987,0.72307,16533
1646064000,0.72307,0.72635,0.72282,0.7251,19508
1646078400,0.72509,0.72648,0.72432,0.72639,8580
1646092800,0.72632,0.72665,0.72516,0.72593,4181
1646107200,0.72593,0.72668,0.72459,0.72631,5282
1646121600,0.72632,0.72887,0.7262,0.72728,12073
1646136000,0.72728,0.72788,0.72595,0.72717,16172
1646150400,0.72717,0.72766,0.72411,0.72513,20737
1646164800,0.72513,0.72621,0.72371,0.72523,12215
1646179200,0.72482,0.72756,0.72473,0.72731,5064
1646193600,0.7273,0.72816,0.7263,0.72679,5793
1646208000,0.72679,0.72704,0.72426,0.72571,18742
1646222400,0.7257,0.72738,0.72518,0.72715,15101
1646236800,0.72714,0.72905,0.7246,0.72823,28054
1646251200,0.72822,0.73057,0.72822,0.72958,8970
1646265600,0.72955,0.72962,0.7282,0.72849,4490
1646280000,0.7285,0.73058,0.72753,0.73045,5463
1646294400,0.73045,0.73224,0.7292,0.72988,10778
1646308800,0.72989,0.73216,0.72947,0.73197,11758
1646323200,0.73197,0.73468,0.73008,0.73173,22623
1646337600,0.73173,0.73312,0.73128,0.73271,9942
1646352000,0.73267,0.73376,0.72995,0.73271,14329
1646366400,0.73271,0.73616,0.73225,0.73537,11451
1646380800,0.73538,0.73738,0.73436,0.735,12993
1646395200,0.73499,0.7367,0.73206,0.73387,17536
1646409600,0.73387,0.7375,0.73131,0.73724,21023
1646424000,0.73724,0.73798,0.73639,0.73731,9911
1646611200,0.73695,0.74401,0.73539,0.74254,13026
1646625600,0.74254,0.74254,0.73982,0.7415,13247
1646640000,0.7415,0.74288,0.73938,0.74024,20092
1646654400,0.74024,0.74135,0.73724,0.73732,24005
1646668800,0.73732,0.73759,0.73106,0.73167,28517
1646683200,0.73167,0.73332,0.73123,0.73132,12714
1646697600,0.73129,0.73449,0.73089,0.73368,6709
1646712000,0.73367,0.73472,0.72754,0.72824,12362
1646726400,0.72825,0.7295,0.72661,0.72913,24006
1646740800,0.72915,0.7304,0.72718,0.72819,18520
1646755200,0.72818,0.72943,0.72443,0.72778,31846
1646769600,0.72776,0.72859,0.72622,0.72707,17594
1646784000,0.72689,0.72827,0.72622,0.72758,6192
1646798400,0.72758,0.72855,0.72659,0.72746,8446
1646812800,0.72745,0.73233,0.72745,0.73228,14372
1646827200,0.73229,0.73362,0.73188,0.73265,13143
1646841600,0.73266,0.73357,0.73125,0.73199,22300
1646856000,0.73198,0.733,0.73119,0.73194,6581
1646870400,0.73187,0.73209,0.72866,0.72939,5603
1646884800,0.7294,0.73262,0.72919,0.73203,6763
1646899200,0.73204,0.73452,0.73166,0.73364,18102
1646913600,0.73364,0.73585,0.73267,0.7346,19754
1646928000,0.73459,0.73636,0.7333,0.7357,17008
1646942400,0.73569,0.73665,0.73533,0.73583,5713
1646956800,0.73559,0.73661,0.73361,0.73392,5031
1646971200,0.73392,0.73447,0.73274,0.73373,6036
1646985600,0.73372,0.73556,0.73114,0.7313,14307
1647000000,0.7313,0.73314,0.73051,0.73246,20066
1647014400,0.73248,0.73308,0.73002,0.73009,16744
1647028800,0.73009,0.73089,0.72814,0.72929,7418
1647216000,0.72887,0.72979,0.72668,0.72699,7463
1647230400,0.72699,0.72718,0.72442,0.72465,7819
1647244800,0.72464,0.72591,0.72332,0.72551,13238
1647259200,0.72552,0.72564,0.72266,0.7231,13733
1647273600,0.72311,0.72547,0.71994,0.71997,13365
1647288000,0.71996,0.72071,0.71853,0.719,6246
1647302400,0.71875,0.72052,0.71643,0.71706,7801
1647316800,0.71707,0.71914,0.71695,0.71811,8926
1647331200,0.7181,0.72032,0.71687,0.71871,16027
1647345600,0.71872,0.72232,0.71849,0.72218,11565
1647360000,0.72217,0.72265,0.71814,0.71857,14613
1647374400,0.71857,0.72004,0.71742,0.71934,4780
1647388800,0.71933,0.72012,0.71797,0.71996,6009
1647403200,0.71996,0.72271,0.71949,0.72244,5765
1647417600,0.72244,0.72345,0.72156,0.7229,12154
1647432000,0.7229,0.72678,0.72259,0.72641,11235
1647446400,0.72641,0.72739,0.72443,0.72461,16163
1647460800,0.72453,0.72959,0.7205,0.72878,25718
1647475200,0.72871,0.73196,0.72814,0.72929,10405
1647489600,0.72928,0.73188,0.72917,0.7311,9152
1647504000,0.7311,0.73333,0.73014,0.73312,12393
1647518400,0.73312,0.73482,0.73194,0.73466,14117
1647532800,0.73465,0.73922,0.73433,0.73903,11689
1647547200,0.73903,0.73903,0.737,0.73741,3795
1647561600,0.73736,0.73927,0.73713,0.73816,5634
1647576000,0.73815,0.73959,0.73701,0.73933,5155
1647590400,0.73933,0.74081,0.73706,0.73747,10693
1647604800,0.73748,0.73888,0.73595,0.73783,12458
1647619200,0.73784,0.74169,0.73784,0.74134,13282
1647633600,0.74135,0.74141,0.74005,0.74126,4325
1647820800,0.74021,0.74237,0.74,0.74161,5376
1647835200,0.74159,0.74159,0.73952,0.73986,5135
1647849600,0.73986,0.74062,0.73772,0.7382,9022
1647864000,0.7382,0.74194,0.73729,0.74065,9624
1647878400,0.74066,0.74201,0.73811,0.7395,18068
1647892800,0.7395,0.7402,0.73856,0.73947,6134
1647907200,0.7394,0.74016,0.73748,0.73748,5155
1647921600,0.73748,0.74078,0.73748,0.73901,8043
1647936000,0.73902,0.74187,0.73781,0.74157,9882
1647950400,0.74157,0.74472,0.74089,0.74465,11094
1647964800,0.74466,0.7452,0.74281,0.7449,11171
1647979200,0.74491,0.74705,0.74476,0.74637,4052
1647993600,0.74638,0.74758,0.74493,0.74608,6361
1648008000,0.74607,0.74758,0.7452,0.74615,8008
1648022400,0.74616,0.74806,0.74497,0.74755,9861
1648036800,0.74755,0.74809,0.74522,0.74583,11757
1648051200,0.74584,0.74983,0.74557,0.74966,12536
1648065600,0.74967,0.75063,0.74938,0.74968,4853
1648080000,0.74965,0.75008,0.74817,0.74927,7301
1648094400,0.74928,0.7496,0.74653,0.74829,7313
1648108800,0.74828,0.74847,0.74654,0.74783,11272
1648123200,0.74783,0.74998,0.7475,0.74942,14993
1648137600,0.7494,0.7527,0.74908,0.75044,16586
1648152000,0.75044,0.7518,0.75043,0.75095,4725
1648166400,0.75097,0.75234,0.75001,0.75226,7886
1648180800,0.75226,0.75272,0.75119,0.75245,8666
1648195200,0.75244,0.7536,0.7494,0.75065,10351
1648209600,0.75066,0.75244,0.75042,0.75085,10317
1648224000,0.75087,0.75285,0.7497,0.75149,16384
1648238400,0.7515,0.75265,0.7512,0.75122,5099
1648425600,0.75056,0.75229,0.75014,0.75046,4660
1648440000,0.75044,0.75318,0.74982,0.75216,12430
1648454400,0.75215,0.7539,0.7509,0.75288,14215
1648468800,0.75288,0.75297,0.75045,0.75051,13996
1648483200,0.7505,0.75054,0.74656,0.74926,18750
1648497600,0.74926,0.75001,0.74788,0.74913,7852
1648512000,0.74902,0.75065,0.74728,0.74735,5304
1648526400,0.74734,0.74943,0.74734,0.74806,10084
1648540800,0.74807,0.75179,0.7479,0.7481,12283
1648555200,0.74809,0.75113,0.7455,0.74812,22204
1648569600,0.74811,0.75105,0.74716,0.74874,22589
1648584000,0.74874,0.75156,0.74834,0.75079,7251
1648598400,0.75067,0.75233,0.75026,0.7509,4909
1648612800,0.75091,0.75293,0.75038,0.75237,11714
1648627200,0.75238,0.75344,0.75048,0.75126,14723
1648641600,0.75126,0.75298,0.75015,0.75175,12881
1648656000,0.75175,0.75357,0.7504,0.75155,15072
1648670400,0.75152,0.7516,0.75014,0.751,6371
1648684800,0.75095,0.75246,0.74931,0.75101,7000
1648699200,0.75101,0.75111,0.74797,0.74804,9884
1648713600,0.74804,0.74878,0.74696,0.74758,12832
1648728000,0.74757,0.74946,0.74704,0.74919,10955
1648742400,0.7492,0.7513,0.74851,0.74949,20228
1648756800,0.7495,0.74996,0.74804,0.7481,8393
1648771200,0.74804,0.74987,0.74772,0.74812,4551
1648785600,0.74813,0.74885,0.74728,0.74762,8400
1648800000,0.74763,0.75168,0.74716,0.75122,10844
1648814400,0.75123,0.75237,0.75075,0.75131,11692
1648828800,0.75131,0.75145,0.748,0.74863,15597
1648843200,0.74862,0.75033,0.74802,0.74944,6644
1649030400,0.74847,0.74963,0.74821,0.7492,3326
1649044800,0.74919,0.7515,0.7491,0.75091,6650
1649059200,0.75091,0.75217,0.75036,0.75133,8645
1649073600,0.75132,0.7518,0.75046,0.75157,8206
1649088000,0.75157,0.75556,0.75104,0.75389,10204
1649102400,0.75389,0.75512,0.75366,0.75451,4442
1649116800,0.75442,0.75472,0.7537,0.75413,3318
1649131200,0.75413,0.76034,0.75349,0.75978,7131
1649145600,0.75977,0.76385,0.75962,0.76375,11407
1649160000,0.76375,0.76382,0.76155,0.76349,8498
1649174400,0.76348,0.766,0.75841,0.75901,14723
1649188800,0.759,0.76005,0.75711,0.75753,7823
1649203200,0.75746,0.7592,0.75723,0.75774,3579
1649217600,0.75773,0.75816,0.75608,0.75749,7615
1649232000,0.7575,0.75923,0.7566,0.75805,10050
1649246400,0.75806,0.75867,0.75609,0.75645,8773
1649260800,0.75646,0.75692,0.75246,0.7531,11774
1649275200,0.7531,0.75558,0.74846,0.75092,17203
1649289600,0.75087,0.75181,0.74985,0.75058,4929
1649304000,0.75057,0.75102,0.7474,0.74778,8799
1649318400,0.74777,0.74927,0.74733,0.74756,11278
1649332800,0.74755,0.74919,0.74734,0.74777,8286
1649347200,0.74778,0.74905,0.7466,0.74688,14656
1649361600,0.74687,0.74846,0.74687,0.74791,8025
1649376000,0.74788,0.74858,0.74744,0.74779,3860
1649390400,0.74778,0.74826,0.74724,0.74768,7965
1649404800,0.74768,0.74917,0.74564,0.74627,10459
1649419200,0.74626,0.74693,0.74483,0.74492,7208
1649433600,0.74491,0.74625,0.74254,0.74592,14474
1649448000,0.74592,0.7461,0.74526,0.74583,6995
1649635200,0.74555,0.74642,0.74367,0.74385,3846
1649649600,0.74385,0.74503,0.74169,0.7446,10504
1649664000,0.74459,0.74502,0.74206,0.74318,12411
1649678400,0.74317,0.74598,0.74306,0.74373,9238
1649692800,0.74372,0.74404,0.74128,0.74169,13656
1649707200,0.74168,0.74307,0.74137,0.74177,6239
1649721600,0.74166,0.74225,0.7405,0.74073,4514
1649736000,0.74073,0.74297,0.73985,0.74257,8405
1649750400,0.74257,0.74386,0.7422,0.74291,11957
1649764800,0.74292,0.74816,0.7424,0.74781,13039
1649779200,0.74781,0.74927,0.74637,0.74752,20067
1649793600,0.7475,0.7477,0.74503,0.74523,9223
1649808000,0.74517,0.74591,0.74417,0.74443,3717
1649822400,0.74443,0.74739,0.74416,0.74477,10634
1649836800,0.74478,0.74557,0.74251,0.74264,13203
1649851200,0.74265,0.74329,0.74011,0.74068,11106
1649865600,0.74069,0.74452,0.73909,0.74393,18643
1649880000,0.74393,0.74538,0.74369,0.74527,8109
1649894400,0.7452,0.74651,0.74468,0.74541,5017
1649908800,0.74541,0.74676,0.74438,0.74573,8125
1649923200,0.74574,0.74657,0.74384,0.74487,9651
1649937600,0.74486,0.74521,0.74315,0.7433,12620
1649952000,0.74332,0.74378,0.73963,0.74116,19734
1649966400,0.74115,0.74233,0.74078,0.74159,5585
1649980800,0.74159,0.74173,0.7401,0.74033,1518
1649995200,0.74032,0.74055,0.7398,0.74024,1721
1650009600,0.74024,0.74111,0.7399,0.74091,5147
1650024000,0.7409,0.74106,0.7399,0.74034,4735
1650038400,0.74033,0.74046,0.739,0.73901,2455
1650240000,0.7389,0.74025,0.73815,0.73847,4734
1650254400,0.73847,0.73889,0.73502,0.73535,7994
1650268800,0.73535,0.737,0.73503,0.7363,7409
1650283200,0.7363,0.73748,0.73614,0.73704,6256
1650297600,0.73705,0.73775,0.73453,0.73503,11085
1650312000,0.73503,0.73569,0.73417,0.73491,5101
1650326400,0.7348,0.73675,0.7342,0.73536,4730
1650340800,0.73536,0.73755,0.73443,0.73724,8648
1650355200,0.73724,0.7399,0.73661,0.73886,12118
1650369600,0.73886,0.73886,0.73499,0.73588,9502
1650384000,0.73588,0.73871,0.73539,0.73764,14753
1650398400,0.73764,0.738,0.73653,0.73761,6731
1650412800,0.73751,0.74017,0.73713,0.73962,4831
1650427200,0.73963,0.74235,0.73715,0.74234,12359
1650441600,0.74233,0.74338,0.74091,0.74318,11598
1650456000,0.74317,0.74457,0.74145,0.74194,10484
1650470400,0.74194,0.74566,0.74192,0.74447,12366
1650484800,0.74448,0.74552,0.74367,0.74508,6881
1650499200,0.74496,0.74533,0.74272,0.74316,5062
1650513600,0.74317,0.74413,0.74199,0.74346,8463
1650528000,0.74347,0.74573,0.74324,0.74474,13282
1650542400,0.74475,0.74488,0.74241,0.74303,8138
1650556800,0.74301,0.74381,0.7366,0.73683,13460
1650571200,0.73684,0.73786,0.7364,0.7369,10526
1650585600,0.73686,0.73752,0.73551,0.73568,5666
1650600000,0.7357,0.73655,0.73306,0.73408,10599
1650614400,0.73409,0.73481,0.73023,0.73023,16252
1650628800,0.73022,0.73129,0.72961,0.73021,10792
1650643200,0.73019,0.73047,0.72395,0.72403,17788
1650657600,0.72402,0.72487,0.72338,0.72425,9250
1650844800,0.72466,0.72492,0.72121,0.72122,6222
1650859200,0.72125,0.72142,0.71631,0.71653,13292
1650873600,0.71654,0.72017,0.71491,0.71709,20982
1650888000,0.71708,0.71844,0.7143,0.71656,18604
1650902400,0.71659,0.71701,0.7134,0.71638,22961
1650916800,0.71635,0.71802,0.71565,0.71798,14180
1650931200,0.71796,0.71911,0.71685,0.71871,6344
1650945600,0.71871,0.72277,0.71752,0.72233,13486
1650960000,0.72234,0.72269,0.71781,0.72001,16394
1650974400,0.72002,0.72163,0.71855,0.71874,13021
1650988800,0.71875,0.71958,0.714,0.71566,19339
1651003200,0.71565,0.71582,0.71181,0.71218,10131
1651017600,0.71212,0.71474,0.71179,0.71324,5887
1651032000,0.71324,0.71826,0.71312,0.71821,15316
1651046400,0.7182,0.71898,0.71353,0.71479,18055
1651060800,0.71478,0.71607,0.71211,0.71232,15062
1651075200,0.71231,0.71488,0.71003,0.71409,25825
1651089600,0.7141,0.71447,0.71145,0.71265,14714
1651104000,0.71253,0.71274,0.71089,0.71168,5784
1651118400,0.71168,0.71242,0.70841,0.70964,14424
1651132800,0.70965,0.71612,0.70741,0.71335,23821
1651147200,0.71335,0.71395,0.7074,0.70748,19635
1651161600,0.70747,0.71024,0.7054,0.71004,25053
1651176000,0.71003,0.71101,0.7089,0.70984,9183
1651190400,0.70954,0.7132,0.70843,0.71241,4870
1651204800,0.71241,0.71449,0.71089,0.71438,11580
1651219200,0.71439,0.71642,0.71342,0.71452,17248
1651233600,0.71451,0.7179,0.71442,0.71673,13490
1651248000,0.71673,0.71674,0.70795,0.70829,23468
1651262400,0.70828,0.71031,0.70581,0.70591,11453
1651449600,0.70688,0.70812,0.70561,0.70606,8418
1651464000,0.70605,0.70647,0.70316,0.7037,11048
1651478400,0.70369,0.70611,0.7033,0.70567,16835
1651492800,0.70565,0.70756,0.70433,0.70448,11895
1651507200,0.70447,0.70687,0.70331,0.70382,24287
1651521600,0.70383,0.70542,0.70293,0.70519,13091
1651536000,0.70507,0.70924,0.70451,0.70912,5654
1651550400,0.70911,0.71466,0.70774,0.70992,15050
1651564800,0.70992,0.71271,0.70834,0.7098,20117
1651579200,0.7098,0.71259,0.70791,0.71154,13781
1651593600,0.71156,0.71207,0.70846,0.70897,18416
1651608000,0.70898,0.71036,0.70781,0.70934,12044
1651622400,0.70935,0.71063,0.70877,0.70986,4301
1651636800,0.70986,0.71179,0.70921,0.71058,9348
1651651200,0.71057,0.71222,0.70978,0.7118,12124
1651665600,0.71178,0.7145,0.71117,0.7143,8742
1651680000,0.71429,0.71503,0.71144,0.71498,15841
1651694400,0.71497,0.72643,0.7124,0.72545,43065
1651708800,0.72545,0.72585,0.72354,0.72391,6765
1651723200,0.72391,0.72651,0.72307,0.72342,14839
1651737600,0.72342,0.72487,0.72025,0.72168,18412
1651752000,0.72168,0.72253,0.71775,0.7184,18597
1651766400,0.71839,0.71873,0.70763,0.70871,35487
1651780800,0.70874,0.71155,0.7078,0.71127,23843
1651795200,0.71115,0.71314,0.70964,0.71225,7404
1651809600,0.71225,0.71242,0.70809,0.71093,18058
1651824000,0.71095,0.71131,0.70629,0.70875,25681
1651838400,0.70875,0.71344,0.70736,0.70764,24198
1651852800,0.70763,0.71162,0.70574,0.71013,47933
1651867200,0.71012,0.71046,0.7062,0.7069,22686
1652054400,0.70642,0.70672,0.7012,0.70122,10196
1652068800,0.7012,0.70278,0.70011,0.70073,16900
1652083200,0.70073,0.70185,0.69911,0.7,20650
1652097600,0.7,0.70271,0.69832,0.70203,20770
1652112000,0.70202,0.70217,0.6967,0.69902,30778
1652126400,0.69902,0.69942,0.69442,0.69478,15880
1652140800,0.69477,0.6962,0.69137,0.69201,7392
1652155200,0.69199,0.69714,0.69099,0.69674,16190
1652169600,0.69674,0.69853,0.69398,0.69647,20623
1652184000,0.69647,0.6976,0.69456,0.6963,17936
1652198400,0.69629,0.69806,0.69163,0.69218,40253
1652212800,0.6922,0.69574,0.69128,0.69375,24942
1652227200,0.69367,0.69462,0.69282,0.6941,5298
1652241600,0.69409,0.69631,0.6935,0.69618,11531
1652256000,0.69619,0.70067,0.69512,0.70031,16352
1652270400,0.70032,0.70198,0.69265,0.69315,22439
1652284800,0.69315,0.70526,0.69301,0.69548,48954
1652299200,0.69547,0.6962,0.69291,0.6939,27636
1652313600,0.69373,0.69439,0.69103,0.69375,9342
1652328000,0.69374,0.69522,0.68877,0.68893,19033
1652342400,0.68893,0.69024,0.68689,0.68715,29720
1652356800,0.68713,0.68867,0.68507,0.68722,23920
1652371200,0.68723,0.68922,0.68415,0.68608,45080
1652385600,0.68608,0.68617,0.68279,0.68542,24444
1652400000,0.6854,0.68832,0.68511,0.68758,6567
1652414400,0.68758,0.68913,0.68621,0.68853,15466
1652428800,0.68853,0.69037,0.68756,0.68874,19633
1652443200,0.68874,0.68947,0.6866,0.68857,13821
1652457600,0.68857,0.69307,0.68729,0.69234,23069
1652472000,0.69234,0.694,0.69007,0.69389,12781
1652659200,0.6921,0.69523,0.6921,0.69467,6374
1652673600,0.69467,0.6959,0.68712,0.68881,17346
1652688000,0.68882,0.69178,0.68775,0.6916,18428
1652702400,0.69159,0.69384,0.68982,0.69307,12955
1652716800,0.69307,0.69494,0.6916,0.69426,26886
1652731200,0.69422,0.69816,0.69419,0.69682,12768
1652745600,0.69676,0.699,0.69643,0.69778,5981
1652760000,0.69778,0.70104,0.69741,0.70028,12553
1652774400,0.70029,0.70353,0.69974,0.70332,17711
1652788800,0.70332,0.70397,0.70148,0.70334,16552
1652803200,0.70335,0.70349,0.69951,0.7016,19897
1652817600,0.70159,0.70322,0.6989,0.7028,22024
1652832000,0.70266,0.70456,0.70217,0.70336,4568
1652846400,0.70337,0.70389,0.69947,0.70048,13889
1652860800,0.70048,0.70363,0.69959,0.70047,17007
1652875200,0.70047,0.70283,0.70045,0.70168,13798
1652889600,0.70167,0.70208,0.69804,0.70011,28302
1652904000,0.70011,0.70015,0.69489,0.69512,18814
1652918400,0.69512,0.69752,0.69498,0.69638,11387
1652932800,0.69639,0.70224,0.69525,0.70095,22898
1652947200,0.70096,0.70158,0.69575,0.69819,29187
1652961600,0.69818,0.70133,0.69774,0.70114,25437
1652976000,0.70113,0.70684,0.701,0.70587,45475
1652990400,0.70588,0.70716,0.70457,0.70475,27884
1653004800,0.70465,0.70493,0.70194,0.70264,6945
1653019200,0.70263,0.70413,0.70013,0.70264,19565
1653033600,0.70265,0.70723,0.70241,0.70679,22156
1653048000,0.70678,0.70715,0.70498,0.70525,13563
1653062400,0.70526,0.70638,0.7014,0.70174,31799
1653076800,0.70173,0.70467,0.70032,0.70447,24682
1653264000,0.70442,0.70913,0.70392,0.70882,8532
1653278400,0.70883,0.70972,0.70789,0.70879,14380
1653292800,0.7088,0.7125,0.70839,0.71025,24022
1653307200,0.71025,0.71259,0.70986,0.71025,17344
1653321600,0.71025,0.71225,0.70941,0.71009,30441
1653336000,0.7101,0.71136,0.70861,0.71086,12548
1653350400,0.71076,0.71076,0.70738,0.70744,7336
1653364800,0.70743,0.70879,0.70647,0.70789,12175
1653379200,0.7079,0.71044,0.7061,0.70636,23818
1653393600,0.70636,0.7084,0.70629,0.70762,15722
1653408000,0.70762,0.70976,0.70557,0.70876,37433
1653422400,0.70875,0.71121,0.70781,0.71066,21291
1653436800,0.71077,0.7118,0.70866,0.70917,5940
1653451200,0.70918,0.71178,0.70807,0.71124,19361
1653465600,0.71123,0.71178,0.70761,0.70793,21395
1653480000,0.70794,0.70825,0.70345,0.7049,20818
1653494400,0.7049,0.70847,0.70385,0.70571,30208
1653508800,0.7057,0.70981,0.70519,0.7087,25102
1653523200,0.70864,0.71088,0.70795,0.71046,7089
1653537600,0.71046,0.71062,0.70656,0.70689,17163
1653552000,0.70688,0.7098,0.7056,0.7082,19934
1653566400,0.70821,0.71026,0.70706,0.7073,17145
1653580800,0.7073,0.70982,0.7071,0.70849,23852
1653595200,0.70848,0.70981,0.70818,0.7098,10142
1653609600,0.7096,0.71086,0.70884,0.70949,6191
1653624000,0.7095,0.71435,0.70931,0.71418,17013
1653638400,0.71419,0.71481,0.71228,0.7141,15659
1653652800,0.7141,0.71523,0.71342,0.71443,14123
1653667200,0.71441,0.71659,0.71394,0.71418,18380
1653681600,0.71417,0.7159,0.71404,0.71571,6598
1653868800,0.71573,0.71661,0.71508,0.71606,6542
1653883200,0.71606,0.71879,0.71585,0.71774,13599
1653897600,0.71774,0.71922,0.7171,0.71862,16579
1653912000,0.71863,0.71924,0.71723,0.71738,9483
1653926400,0.71739,0.71973,0.71737,0.71964,10081
1653940800,0.71963,0.7199,0.7195,0.7196,2018
1653955200,0.71955,0.72027,0.71696,0.71732,7528
1653969600,0.71731,0.71882,0.7161,0.71875,15826
1653984000,0.71874,0.71977,0.71732,0.71882,17154
1653998400,0.71882,0.7189,0.71487,0.71488,14719
1654012800,0.71489,0.71911,0.71489,0.71856,28350
1654027200,0.71855,0.71926,0.71697,0.71767,13802
1654041600,0.71752,0.71939,0.71678,0.71887,5072
1654056000,0.71887,0.7192,0.71571,0.71678,14497
1654070400,0.71678,0.7188,0.71628,0.71804,17424
1654084800,0.71803,0.72235,0.71793,0.72206,11799
1654099200,0.72205,0.72292,0.71545,0.71692,30092
1654113600,0.71691,0.71931,0.71686,0.71774,14433
1654128000,0.71764,0.71771,0.71623,0.71733,5945
1654142400,0.71733,0.71751,0.71575,0.71635,12721
1654156800,0.71633,0.7193,0.71398,0.71912,14588
1654171200,0.71912,0.72315,0.71864,0.72226,12125
1654185600,0.72226,0.72594,0.72116,0.72572,24123
1654200000,0.72571,0.72686,0.72501,0.72659,9040
1654214400,0.72652,0.7282,0.72607,0.72641,5875
1654228800,0.72641,0.72647,0.72522,0.72538,11256
1654243200,0.72538,0.72649,0.72468,0.72597,11920
1654257600,0.72598,0.72602,0.72163,0.72285,16252
1654272000,0.72286,0.72441,0.72007,0.7217,25651
1654286400,0.7217,0.72196,0.72015,0.72067,11695
1654473600,0.72092,0.72156,0.71965,0.71998,6061
1654488000,0.71997,0.72052,0.71865,0.71996,9867
1654502400,0.71996,0.72302,0.71935,0.72297,13137
1654516800,0.72298,0.72308,0.72119,0.72256,9063
1654531200,0.72255,0.72305,0.71897,0.7201,20411
1654545600,0.7201,0.72097,0.71859,0.71935,9903
1654560000,0.71925,0.71936,0.71716,0.71785,6061
1654574400,0.71785,0.72447,0.71585,0.7189,18847
1654588800,0.7189,0.72036,0.71647,0.71822,24502
1654603200,0.71822,0.71926,0.71562,0.71612,16028
1654617600,0.71611,0.72207,0.71579,0.72196,23808
1654632000,0.72197,0.72398,0.7213,0.72321,7991
1654646400,0.7231,0.72332,0.7217,0.72228,6026
1654660800,0.72228,0.72334,0.71932,0.71932,14561
1654675200,0.71932,0.72075,0.71755,0.71797,17584
1654689600,0.71797,0.72064,0.71747,0.72015,15510
1654704000,0.72016,0.72255,0.72002,0.72053,23862
1654718400,0.72052,0.72056,0.71858,0.71906,10442
1654732800,0.71891,0.71965,0.71741,0.718,5414
1654747200,0.718,0.71851,0.716,0.71807,14124
1654761600,0.71807,0.71928,0.71629,0.71889,17847
1654776000,0.7189,0.71934,0.71473,0.7157,22847
1654790400,0.71569,0.71602,0.71096,0.71198,30734
1654804800,0.71199,0.71276,0.70927,0.7096,11161
1654819200,0.70956,0.7102,0.70837,0.70984,5585
1654833600,0.70985,0.71061,0.7087,0.70983,11522
1654848000,0.70983,0.71372,0.70982,0.71301,21248
1654862400,0.713,0.71327,0.7069,0.70709,24474
1654876800,0.70708,0.70947,0.70365,0.70456,36087
1654891200,0.70455,0.70626,0.70383,0.7042,15678
1655078400,0.70366,0.70427,0.70078,0.70112,8853
1655092800,0.70113,0.70273,0.69997,0.70199,18462
1655107200,0.702,0.7033,0.69841,0.69852,26965
1655121600,0.69851,0.69901,0.69558,0.69831,23244
1655136000,0.6983,0.69909,0.69227,0.69371,32276
1655150400,0.69371,0.69568,0.69102,0.69252,23306
1655164800,0.69244,0.69517,0.69191,0.69452,9313
1655179200,0.69453,0.69694,0.69277,0.69487,23699
1655193600,0.69487,0.69692,0.69277,0.69318,24403
1655208000,0.69318,0.6938,0.68817,0.6901,26892
1655222400,0.6901,0.69085,0.68647,0.68691,36803
1655236800,0.6869,0.68901,0.68495,0.68712,20115
1655251200,0.68706,0.69009,0.68658,0.69004,10750
1655265600,0.69005,0.69173,0.68934,0.68985,17476
1655280000,0.68985,0.6936,0.68913,0.69321,28517
1655294400,0.69321,0.69518,0.69228,0.69274,23911
1655308800,0.69274,0.69582,0.69228,0.69455,25479
1655323200,0.69456,0.70233,0.69149,0.70013,46902
1655337600,0.70013,0.70343,0.69919,0.70167,9582
1655352000,0.70166,0.703,0.69999,0.70105,18304
1655366400,0.70104,0.70118,0.69494,0.69846,30993
1655380800,0.69845,0.69863,0.6948,0.69784,32135
1655395200,0.69785,0.70483,0.69425,0.70386,38498
1655409600,0.70386,0.70682,0.70308,0.70464,25277
1655424000,0.70456,0.70502,0.70162,0.70184,11193
1655438400,0.70185,0.7035,0.70125,0.7018,24707
1655452800,0.7018,0.70255,0.6971,0.69914,25305
1655467200,0.69912,0.70019,0.6967,0.6978,23306
1655481600,0.6978,0.6979,0.68964,0.69243,41784
1655496000,0.69244,0.69424,0.69233,0.69355,19626
1655683200,0.69155,0.69561,0.6915,0.69466,10296
1655697600,0.69465,0.69676,0.69256,0.69579,22257
1655712000,0.69579,0.69868,0.69515,0.69818,21783
1655726400,0.69817,0.6995,0.6977,0.69793,13150
1655740800,0.69794,0.69808,0.69605,0.69631,14659
1655755200,0.6963,0.69634,0.69411,0.69496,3541
1655769600,0.69494,0.69791,0.69468,0.69716,10357
1655784000,0.69718,0.69815,0.69551,0.6966,14645
1655798400,0.69661,0.69862,0.69492,0.69769,18493
1655812800,0.69769,0.6978,0.69338,0.69483,14270
1655827200,0.69484,0.6993,0.69477,0.69775,20048
1655841600,0.69776,0.69821,0.69661,0.6972,7712
1655856000,0.6971,0.6971,0.69375,0.69437,7441
1655870400,0.69437,0.69494,0.69149,0.69249,14633
1655884800,0.69248,0.69255,0.68805,0.68851,22282
1655899200,0.68851,0.69113,0.68839,0.69054,17225
1655913600,0.69055,0.69469,0.69034,0.69316,30148
1655928000,0.69316,0.69478,0.69231,0.69246,10641
1655942400,0.6924,0.69269,0.68984,0.69126,7949
1655956800,0.69126,0.69198,0.68822,0.68925,21894
1655971200,0.68924,0.69029,0.68681,0.68787,23600
1655985600,0.68787,0.69119,0.68783,0.69091,17144
1656000000,0.69091,0.69251,0.68781,0.68799,34560
1656014400,0.688,0.69064,0.6874,0.68928,12077
1656028800,0.68905,0.69078,0.68812,0.6901,7936
1656043200,0.6901,0.69154,0.68939,0.69123,14608
1656057600,0.69122,0.69182,0.68876,0.69045,18673
1656072000,0.69045,0.69184,0.68958,0.69127,13063
1656086400,0.69128,0.69567,0.68979,0.69469,30243
1656100800,0.6947,0.69494,0.69314,0.69416,7825
1656288000,0.69412,0.69578,0.69061,0.69116,9290
1656302400,0.69115,0.69399,0.69112,0.693,19146
1656316800,0.693,0.69446,0.69205,0.69391,19059
1656331200,0.69392,0.69397,0.69075,0.69217,14492
1656345600,0.69217,0.69475,0.69216,0.69333,23726
1656360000,0.69334,0.69343,0.69157,0.6922,10944
1656374400,0.69218,0.69306,0.69164,0.69261,6039
1656388800,0.69262,0.69372,0.69148,0.69271,17902
1656403200,0.69272,0.69636,0.69225,0.69586,21574
1656417600,0.69585,0.69614,0.69291,0.69347,15211
1656432000,0.69348,0.69443,0.69096,0.69214,27108
1656446400,0.69215,0.69244,0.69043,0.69056,12092
1656460800,0.69052,0.6919,0.68996,0.69008,7210
1656475200,0.69008,0.69183,0.68959,0.6907,15922
1656489600,0.69071,0.69107,0.68731,0.6877,21395
1656504000,0.6877,0.68988,0.68608,0.6885,19070
1656518400,0.68851,0.68931,0.68608,0.68712,32820
1656532800,0.68712,0.68883,0.68695,0.68781,9823
1656547200,0.68776,0.68826,0.68661,0.6871,6003
1656561600,0.68709,0.69025,0.68528,0.68934,15745
1656576000,0.68934,0.6896,0.68716,0.68859,20377
1656590400,0.68859,0.69001,0.68664,0.68916,17012
1656604800,0.68917,0.69183,0.68652,0.69111,28007
1656619200,0.69111,0.69146,0.68912,0.69025,13610
1656633600,0.69017,0.69023,0.68891,0.68898,7956
1656648000,0.68897,0.68929,0.68119,0.68214,23742
1656662400,0.68213,0.68361,0.67894,0.68085,21543
1656676800,0.68085,0.68175,0.67642,0.67676,19464
1656691200,0.67677,0.67997,0.67628,0.67839,35720
1656705600,0.67837,0.68276,0.67832,0.6814,10511
1656892800,0.68082,0.68273,0.68079,0.68174,9468
1656907200,0.68173,0.68177,0.67927,0.68141,17477
1656921600,0.68141,0.68616,0.68133,0.68525,14313
1656936000,0.68524,0.68878,0.68471,0.68745,11296
1656950400,0.68746,0.6876,0.68431,0.68662,10226
1656964800,0.68662,0.68671,0.68589,0.68633,2612
1656979200,0.68629,0.68893,0.6823,0.68839,8325
1656993600,0.68839,0.68939,0.68505,0.68636,19912
1657008000,0.68632,0.68765,0.67907,0.67918,23542
1657022400,0.67918,0.68047,0.67732,0.67842,20943
1657036800,0.67841,0.67879,0.67607,0.67632,29161
1657051200,0.67633,0.68029,0.67619,0.67982,11175
1657065600,0.67975,0.68052,0.67871,0.6805,7596
1657080000,0.6805,0.68181,0.67874,0.67903,19297
1657094400,0.67903,0.68198,0.67766,0.67974,23794
1657108800,0.67974,0.68195,0.67887,0.68128,22141
1657123200,0.68127,0.68251,0.6761,0.67723,36421
1657137600,0.67724,0.67973,0.6769,0.67792,18816
1657152000,0.67782,0.67874,0.67634,0.67834,7668
1657166400,0.67835,0.68196,0.67772,0.68175,19131
1657180800,0.68175,0.68322,0.68026,0.68255,19651
1657195200,0.68255,0.68476,0.68103,0.68182,17574
1657209600,0.68182,0.68425,0.68137,0.68352,19904
1657224000,0.68353,0.68475,0.68287,0.68412,8179
1657238400,0.684,0.68594,0.68351,0.68591,7119
1657252800,0.6859,0.68602,0.68121,0.68224,19961
1657267200,0.68224,0.68312,0.6801,0.68141,18630
1657281600,0.6814,0.68368,0.67907,0.68082,19682
1657296000,0.68083,0.68733,0.68074,0.68361,27602
1657310400,0.68361,0.68531,0.68302,0.68516,9565
1657497600,0.68434,0.68531,0.68347,0.68373,8791
1657512000,0.68373,0.68384,0.68145,0.68211,16709
1657526400,0.68212,0.68229,0.67986,0.68067,16079
1657540800,0.68066,0.68116,0.67368,0.67406,15969
1657555200,0.67406,0.67508,0.67135,0.67393,25544
1657569600,0.67393,0.67525,0.67255,0.67345,10201
1657584000,0.67342,0.67445,0.67242,0.673,6944
1657598400,0.673,0.674,0.67146,0.6724,23180
1657612800,0.67239,0.67341,0.67099,0.67179,21746
1657627200,0.67179,0.67466,0.6712,0.67454,17864
1657641600,0.67455,0.67778,0.67425,0.6771,23322
1657656000,0.67711,0.67736,0.67513,0.67576,9722
1657670400,0.67568,0.67588,0.67411,0.67471,8661
1657684800,0.67471,0.67779,0.6747,0.67718,21057
1657699200,0.67718,0.67847,0.67517,0.678,24220
1657713600,0.678,0.68018,0.67245,0.6746,26673
1657728000,0.67458,0.68026,0.67251,0.67837,52578
1657742400,0.67839,0.67916,0.67528,0.67562,21915
1657756800,0.67559,0.67583,0.67293,0.67369,10799
1657771200,0.67368,0.67846,0.67298,0.67693,21612
1657785600,0.67693,0.67874,0.67342,0.67381,32798
1657800000,0.67382,0.67526,0.67059,0.67071,30023
1657814400,0.67072,0.67517,0.66805,0.67181,51836
1657828800,0.67182,0.6759,0.67147,0.67485,20291
1657843200,0.67469,0.67592,0.67376,0.67407,9601
1657857600,0.67409,0.6764,0.67358,0.67379,22311
1657872000,0.67379,0.6741,0.67182,0.67354,26523
1657886400,0.67354,0.678,0.67341,0.67772,23877
1657900800,0.67773,0.68052,0.67538,0.67876,36673
1657915200,0.67875,0.67969,0.67853,0.67911,8640
1658102400,0.67887,0.68133,0.67874,0.68042,8241
1658116800,0.68043,0.68179,0.67972,0.68038,18293
1658131200,0.68039,0.68382,0.67922,0.68315,21020
1658145600,0.68314,0.68423,0.6814,0.68309,14500
1658160000,0.6831,0.68535,0.68204,0.68317,22644
1658174400,0.68317,0.68379,0.68065,0.68124,10687
1658188800,0.6812,0.6812,0.68018,0.68041,5150
1658203200,0.6804,0.6847,0.68016,0.68375,14086
1658217600,0.68376,0.68974,0.68341,0.68919,21840
1658232000,0.68919,0.69018,0.68808,0.68932,17753
1658246400,0.68931,0.69116,0.68889,0.69046,22718
1658260800,0.69046,0.69058,0.68897,0.68984,7333
1658275200,0.68968,0.69081,0.68919,0.69052,4119
1658289600,0.69053,0.6926,0.68929,0.69204,13759
1658304000,0.69203,0.69214,0.68978,0.69052,21979
1658318400,0.69054,0.69295,0.6891,0.69025,24098
1658332800,0.69026,0.69136,0.68777,0.6882,27355
1658347200,0.68821,0.68901,0.68721,0.6887,14092
1658361600,0.6886,0.68936,0.68786,0.68875,6688
1658376000,0.68874,0.69137,0.688,0.6913,14337
1658390400,0.69131,0.69156,0.68619,0.68666,18772
1658404800,0.68668,0.69074,0.6858,0.69022,21243
1658419200,0.69021,0.69068,0.68671,0.68953,33506
1658433600,0.68952,0.69348,0.68894,0.6934,10314
1658448000,0.69329,0.6937,0.69144,0.69182,6289
1658462400,0.69183,0.69283,0.68962,0.68973,13181
1658476800,0.68974,0.69239,0.68922,0.69144,19885
1658491200,0.69145,0.69463,0.69122,0.6938,18941
1658505600,0.69379,0.69763,0.69352,0.6945,30192
1658520000,0.69451,0.69479,0.69087,0.69236,13784
1658707200,0.69202,0.69238,0.68759,0.68833,7541
1658721600,0.68833,0.69123,0.68824,0.69082,15274
1658736000,0.69083,0.69436,0.68972,0.69367,16519
1658750400,0.69367,0.6964,0.69351,0.69543,14200
1658764800,0.69545,0.69645,0.69391,0.69571,21936
1658779200,0.6957,0.69623,0.69515,0.6956,7132
1658793600,0.69554,0.69604,0.6948,0.69523,5170
1658808000,0.69522,0.69821,0.69495,0.69586,14121
1658822400,0.69586,0.69704,0.69535,0.69559,13470
1658836800,0.69558,0.69608,0.69208,0.69347,15593
1658851200,0.69348,0.6959,0.69279,0.69402,21056
1658865600,0.69402,0.69451,0.69274,0.69349,8506
1658880000,0.69349,0.69568,0.69332,0.69487,5782
1658894400,0.69486,0.69538,0.69116,0.69351,14386
1658908800,0.69351,0.69436,0.69236,0.69396,15137
1658923200,0.69396,0.69546,0.69353,0.69377,12188
1658937600,0.69377,0.69399,0.69126,0.69214,16423
1658952000,0.69214,0.70115,0.69108,0.69938,29784
1658966400,0.69939,0.70015,0.69819,0.69839,5880
1658980800,0.6984,0.6997,0.69791,0.69864,16049
1658995200,0.69865,0.70127,0.69827,0.70022,17788
1659009600,0.70022,0.70042,0.69605,0.69845,23253
1659024000,0.69844,0.69941,0.69539,0.69609,29823
1659038400,0.69608,0.69934,0.69575,0.69927,8820
1659052800,0.69898,0.70036,0.69808,0.69978,6579
1659067200,0.69977,0.70174,0.6992,0.70026,13845
1659081600,0.70027,0.70308,0.69918,0.69958,20243
1659096000,0.69958,0.69982,0.69453,0.69488,19476
1659110400,0.69487,0.69844,0.69098,0.6977,31010
1659124800,0.69769,0.69973,0.69709,0.69916,6304
1659312000,0.69717,0.69868,0.69673,0.69827,7288
1659326400,0.69828,0.6999,0.69765,0.69861,12782
1659340800,0.69861,0.70348,0.69813,0.70257,14422
1659355200,0.70257,0.70461,0.70233,0.70268,13575
1659369600,0.70267,0.70455,0.70069,0.70332,27096
1659384000,0.70332,0.70334,0.70117,0.70252,8665
1659398400,0.70242,0.70312,0.70057,0.70189,9644
1659412800,0.70189,0.70207,0.69635,0.69694,21599
1659427200,0.69694,0.69749,0.69152,0.69198,23459
1659441600,0.69197,0.69417,0.6915,0.69277,15811
1659456000,0.6928,0.69653,0.69114,0.69495,31462
1659470400,0.69495,0.69497,0.69173,0.6918,13782
1659484800,0.69179,0.69245,0.68853,0.68922,9426
1659499200,0.68923,0.69353,0.68916,0.69283,17235
1659513600,0.69284,0.69393,0.69195,0.69289,17411
1659528000,0.69289,0.69457,0.69199,0.69366,15219
1659542400,0.69366,0.69408,0.69026,0.69377,28498
1659556800,0.69377,0.6955,0.69349,0.69488,8292
1659571200,0.69487,0.69516,0.69341,0.69471,6756
1659585600,0.69472,0.6962,0.69451,0.69585,12421
1659600000,0.69586,0.69747,0.69524,0.69711,16288
1659614400,0.69711,0.6989,0.69581,0.69632,16383
1659628800,0.69631,0.69738,0.69446,0.69643,23125
1659643200,0.69642,0.69819,0.69619,0.69664,7126
1659657600,0.69663,0.69694,0.69526,0.69535,5847
1659672000,0.69536,0.69702,0.69534,0.69637,11998
1659686400,0.69637,0.69738,0.69474,0.69503,13024
1659700800,0.69503,0.69555,0.68826,0.68861,17975
1659715200,0.68861,0.69158,0.68685,0.69124,31421
1659729600,0.69124,0.69183,0.69041,0.69096,9399
1659916800,0.69012,0.69098,0.6897,0.69081,7122
1659931200,0.69081,0.69343,0.69053,0.6934,10717
1659945600,0.69339,0.69702,0.6929,0.69584,12708
1659960000,0.69584,0.69911,0.69527,0.69908,10253
1659974400,0.69909,0.70083,0.69783,0.69852,14809
1659988800,0.69853,0.69891,0.6975,0.69825,8181
1660003200,0.69818,0.6992,0.69743,0.69779,4938
1660017600,0.6978,0.69926,0.6969,0.69782,9521
1660032000,0.69781,0.69833,0.69639,0.69825,12272
1660046400,0.69824,0.69935,0.6964,0.69735,12425
1660060800,0.69735,0.69856,0.69608,0.69621,17425
1660075200,0.69621,0.69649,0.69521,0.69616,5784
1660089600,0.69615,0.69649,0.69457,0.69503,5491
1660104000,0.69504,0.69642,0.69503,0.69563,7748
1660118400,0.69562,0.69753,0.6947,0.69742,11541
1660132800,0.69743,0.70664,0.69647,0.70503,20196
1660147200,0.70503,0.71073,0.70394,0.7099,34407
1660161600,0.70991,0.71081,0.70763,0.70774,9992
1660176000,0.70773,0.70868,0.70737,0.70767,6074
1660190400,0.70767,0.70788,0.70622,0.7066,10704
1660204800,0.7066,0.71079,0.70637,0.71057,16979
1660219200,0.71058,0.71272,0.70904,0.71228,20214
1660233600,0.71229,0.71359,0.71072,0.71169,27702
1660248000,0.7117,0.71201,0.70957,0.71059,10000
1660262400,0.7105,0.71084,0.70888,0.7093,6361
1660276800,0.7093,0.71187,0.70883,0.71172,10873
1660291200,0.7117,0.71269,0.71126,0.71181,14272
1660305600,0.7118,0.71183,0.70838,0.70975,15515
1660320000,0.70976,0.71137,0.70888,0.71106,27068
1660334400,0.71107,0.71273,0.71107,0.71209,4833
1660521600,0.71154,0.7124,0.71102,0.71194,5103
1660536000,0.71194,0.71232,0.70899,0.70904,12467
1660550400,0.70905,0.70938,0.70406,0.70437,14936
1660564800,0.70438,0.70448,0.70102,0.70187,18877
1660579200,0.70187,0.70448,0.70127,0.70351,16377
1660593600,0.70352,0.70371,0.70175,0.70217,5276
1660608000,0.70212,0.70234,0.69997,0.70041,6140
1660622400,0.70041,0.70377,0.70039,0.70319,11997
1660636800,0.7032,0.70391,0.69901,0.70083,16900
1660651200,0.70084,0.70103,0.69923,0.70012,16916
1660665600,0.70012,0.70234,0.69997,0.70108,18139
1660680000,0.70107,0.70309,0.70098,0.70244,5988
1660694400,0.70231,0.70236,0.70112,0.70158,5767
1660708800,0.70157,0.70254,0.69868,0.70117,16873
1660723200,0.70117,0.70239,0.69646,0.69674,18829
1660737600,0.69674,0.69722,0.69172,0.6931,19224
1660752000,0.6931,0.69421,0.691,0.69244,22088
1660766400,0.69245,0.69604,0.69215,0.69347,17240
1660780800,0.69341,0.6944,0.69269,0.69399,6140
1660795200,0.69398,0.69499,0.69166,0.69273,13627
1660809600,0.69273,0.69454,0.6898,0.69367,19659
1660824000,0.69366,0.69691,0.69357,0.69551,20773
1660838400,0.69552,0.69589,0.69088,0.69097,21994
1660852800,0.69097,0.69254,0.69055,0.69134,9804
1660867200,0.69121,0.69166,0.68965,0.69,6346
1660881600,0.68999,0.69181,0.6887,0.69078,13429
1660896000,0.69078,0.69187,0.68938,0.69083,19299
1660910400,0.69082,0.69143,0.68761,0.69052,17350
1660924800,0.69051,0.69063,0.68582,0.68755,19338
1660939200,0.68756,0.6881,0.68651,0.68719,6467
1661126400,0.687,0.68834,0.68598,0.68753,6912
1661140800,0.68753,0.69054,0.68743,0.68984,14200
1661155200,0.68983,0.69095,0.68797,0.69075,20015
1661169600,0.69076,0.69279,0.68911,0.69039,17596
1661184000,0.6904,0.69076,0.68614,0.68762,21205
1661198400,0.68761,0.68786,0.68646,0.68769,6239
1661212800,0.68757,0.68923,0.6872,0.6886,8716
1661227200,0.68861,0.68987,0.68855,0.68866,14256
1661241600,0.68865,0.68938,0.68552,0.68831,22284
1661256000,0.68831,0.68853,0.68641,0.68725,15797
1661270400,0.68726,0.69626,0.68696,0.69404,32376
1661284800,0.69403,0.69437,0.6917,0.69277,9540
1661299200,0.69274,0.693,0.69098,0.69128,7078
1661313600,0.69128,0.69199,0.68938,0.69118,14748
1661328000,0.69119,0.69263,0.68982,0.69212,15222
1661342400,0.69212,0.6928,0.68812,0.6888,18412
1661356800,0.68881,0.69183,0.68782,0.69027,24497
1661371200,0.69027,0.69124,0.69004,0.69087,7450
1661385600,0.69066,0.69259,0.69005,0.69224,6940
1661400000,0.69224,0.69617,0.69171,0.69558,14178
1661414400,0.69559,0.69903,0.69477,0.69846,19614
1661428800,0.69844,0.6988,0.69576,0.69637,17565
1661443200,0.69638,0.69817,0.69495,0.69686,23720
1661457600,0.69687,0.69806,0.69662,0.69779,9283
1661472000,0.69777,0.69809,0.69519,0.69535,5838
1661486400,0.69535,0.69697,0.69523,0.69543,12555
1661500800,0.69544,0.69654,0.69503,0.69631,16764
1661515200,0.69631,0.69958,0.69603,0.69916,18119
1661529600,0.69916,0.70081,0.68999,0.6906,47657
1661544000,0.6906,0.69075,0.68874,0.68895,11671
1661731200,0.68777,0.6885,0.68595,0.68616,9162
1661745600,0.68616,0.68727,0.68407,0.68429,15302
1661760000,0.6843,0.68642,0.684,0.68487,22932
1661774400,0.68485,0.69049,0.68484,0.6899,19239
1661788800,0.6899,0.69252,0.68821,0.69102,21142
1661803200,0.69103,0.69157,0.68961,0.69001,9746
1661817600,0.69001,0.69093,0.68915,0.69007,6790
1661832000,0.69006,0.69161,0.68723,0.68855,15528
1661846400,0.68855,0.69527,0.68843,0.69499,21792
1661860800,0.69498,0.69552,0.69095,0.69095,18331
1661875200,0.69098,0.69218,0.68533,0.68535,34993
1661889600,0.68536,0.68676,0.68447,0.6852,13242
1661904000,0.68516,0.68646,0.6849,0.68593,5245
1661918400,0.68593,0.6887,0.68518,0.68827,13240
1661932800,0.68828,0.69031,0.68681,0.68699,19400
1661947200,0.68698,0.68705,0.68402,0.68606,20955
1661961600,0.68605,0.68718,0.6843,0.68554,34185
1661976000,0.68553,0.68594,0.68344,0.68418,11558
1661990400,0.68415,0.68445,0.6806,0.68146,9092
1662004800,0.68145,0.68214,0.67912,0.6808,13940
1662019200,0.68078,0.68448,0.68044,0.68286,23025
1662033600,0.68286,0.68369,0.68083,0.68235,20471
1662048000,0.68236,0.68289,0.67702,0.67753,31921
1662062400,0.67753,0.67955,0.67732,0.6788,12840
1662076800,0.67869,0.67999,0.67811,0.67904,6243
1662091200,0.67903,0.67987,0.67786,0.67856,12123
1662105600,0.67857,0.68069,0.67793,0.68043,15990
1662120000,0.68042,0.68485,0.67992,0.68202,20921
1662134400,0.68201,0.68541,0.68016,0.68058,34195
1662148800,0.68059,0.68205,0.67941,0.68061,15567
1662336000,0.67805,0.6801,0.67772,0.67861,9108
1662350400,0.6786,0.67983,0.67724,0.67871,17212
1662364800,0.67871,0.67976,0.67719,0.67768,22329
1662379200,0.67767,0.68015,0.67754,0.67972,17484
1662393600,0.67972,0.68029,0.67868,0.67981,9201
1662408000,0.67982,0.68008,0.67958,0.67972,891
1662422400,0.67967,0.68314,0.67917,0.68292,7943
1662436800,0.68293,0.68314,0.67884,0.67997,16621
1662451200,0.67997,0.68131,0.67601,0.67698,24637
1662465600,0.67696,0.67859,0.67601,0.67602,17544
1662480000,0.67603,0.67666,0.673,0.67398,30113
1662494400,0.67397,0.67403,0.6727,0.67348,13390
1662508800,0.67343,0.67366,0.67093,0.67143,9455
1662523200,0.67142,0.67226,0.66982,0.6714,21462
1662537600,0.67143,0.67333,0.67046,0.67243,22441
1662552000,0.67244,0.67366,0.66983,0.67077,21812
1662566400,0.67077,0.67405,0.67023,0.67383,23938
1662580800,0.67382,0.67684,0.67378,0.6767,8884
1662595200,0.6767,0.67725,0.67392,0.67394,7070
1662609600,0.67395,0.675,0.67122,0.67315,18556
1662624000,0.67316,0.6764,0.67215,0.67319,22374
1662638400,0.67318,0.67584,0.67204,0.67318,26393
1662652800,0.67315,0.67547,0.67165,0.67334,37764
1662667200,0.67335,0.67605,0.67312,0.67492,13258
1662681600,0.6749,0.67922,0.67457,0.67836,5088
1662696000,0.67837,0.68335,0.67815,0.68314,15757
1662710400,0.68313,0.68763,0.68211,0.68726,23029
1662724800,0.68725,0.68728,0.68221,0.68435,21351
1662739200,0.68435,0.68545,0.68308,0.68475,24578
1662753600,0.68476,0.68476,0.68342,0.68445,5227
1662940800,0.68321,0.68512,0.68268,0.68421,7264
1662955200,0.6842,0.68503,0.68233,0.68279,9285
1662969600,0.68278,0.68871,0.68277,0.68823,19720
1662984000,0.68822,0.68847,0.68582,0.68776,18515
1662998400,0.68776,0.68957,0.68678,0.68935,19331
1663012800,0.68936,0.68987,0.68734,0.68862,7590
1663027200,0.68865,0.68984,0.68758,0.68892,5081
1663041600,0.68891,0.68937,0.68622,0.68706,9689
1663056000,0.68705,0.68979,0.68665,0.68967,15187
1663070400,0.68967,0.69152,0.67924,0.6794,23714
1663084800,0.67941,0.68151,0.67557,0.67597,32856
1663099200,0.67597,0.67673,0.67258,0.67307,10500
1663113600,0.67297,0.67472,0.67244,0.67406,7602
1663128000,0.67407,0.67468,0.67225,0.67344,13820
1663142400,0.67345,0.67418,0.67042,0.67284,24725
1663156800,0.67283,0.67427,0.67058,0.6724,25530
1663171200,0.6724,0.67594,0.6721,0.67522,27167
1663185600,0.67523,0.67542,0.67323,0.67454,9629
1663200000,0.67457,0.67614,0.6737,0.67447,4608
1663214400,0.67447,0.67693,0.6739,0.67567,10573
1663228800,0.67567,0.67617,0.67394,0.67522,14614
1663243200,0.67523,0.67527,0.67173,0.67403,19503
1663257600,0.67402,0.67488,0.67015,0.67165,27544
1663272000,0.67166,0.6728,0.66952,0.66977,10856
1663286400,0.66972,0.67066,0.66838,0.66991,4545
1663300800,0.66992,0.67232,0.66947,0.67193,10763
1663315200,0.67193,0.67197,0.66691,0.66739,18330
1663329600,0.6674,0.66964,0.66716,0.66716,17106
1663344000,0.66718,0.67114,0.66705,0.66937,30402
1663358400,0.66936,0.67225,0.66904,0.67163,8780
1663545600,0.67127,0.67332,0.67092,0.67228,6227
1663560000,0.67228,0.67268,0.66979,0.67102,10397
1663574400,0.67101,0.67104,0.66751,0.6676,14545
1663588800,0.6676,0.66905,0.66716,0.6682,14170
1663603200,0.6682,0.67137,0.66711,0.67129,19168
1663617600,0.67127,0.67277,0.67043,0.67242,5643
1663632000,0.67244,0.67464,0.67185,0.6722,6630
1663646400,0.67221,0.67328,0.67118,0.67178,10647
1663660800,0.67177,0.6732,0.66951,0.67072,15306
1663675200,0.67073,0.67164,0.66901,0.66955,16197
1663689600,0.66954,0.67055,0.66833,0.66924,22646
1663704000,0.66925,0.66968,0.66756,0.66878,9677
1663718400,0.66878,0.67024,0.66838,0.66897,5923
1663732800,0.66898,0.6691,0.66649,0.66673,10496
1663747200,0.66674,0.66828,0.66537,0.6665,24046
1663761600,0.6665,0.66774,0.66625,0.66701,15052
1663776000,0.667,0.66728,0.66505,0.66505,19672
1663790400,0.66506,0.67039,0.66205,0.66309,39878
1663804800,0.66301,0.66342,0.65881,0.65884,9050
1663819200,0.65885,0.66041,0.65819,0.66017,19771
1663833600,0.66019,0.66694,0.65729,0.66496,34360
1663848000,0.66496,0.667,0.6624,0.66597,28575
1663862400,0.66597,0.66605,0.66134,0.66427,32034
1663876800,0.66425,0.66511,0.66347,0.66415,9521
1663891200,0.66411,0.6654,0.66383,0.665,5499
1663905600,0.66499,0.66548,0.66091,0.66135,12460
1663920000,0.66135,0.66317,0.65785,0.65818,22751
1663934400,0.65818,0.65883,0.65582,0.65736,31499
1663948800,0.65735,0.659,0.65293,0.65386,34608
1663963200,0.65386,0.65421,0.65104,0.65277,14653
1664150400,0.65149,0.65366,0.64853,0.64909,13441
1664164800,0.6491,0.6533,0.64883,0.64911,29356
1664179200,0.64908,0.65319,0.64827,0.65204,36148
1664193600,0.65205,0.65246,0.64849,0.65101,28548
1664208000,0.65102,0.6523,0.64421,0.64529,39940
1664222400,0.64527,0.64713,0.64369,0.64546,16832
1664236800,0.64537,0.64927,0.64498,0.64904,11040
1664251200,0.64905,0.6494,0.64715,0.64837,19562
1664265600,0.64838,0.65119,0.64747,0.64866,26290
1664280000,0.64865,0.64991,0.64676,0.64687,23354
1664294400,0.64684,0.64851,0.64131,0.64222,39825
1664308800,0.64219,0.64347,0.64139,0.64328,14565
1664323200,0.6432,0.64437,0.64231,0.64338,8803
1664337600,0.64337,0.64382,0.63795,0.63849,25351
1664352000,0.63848,0.64019,0.63622,0.63869,33456
1664366400,0.6387,0.64429,0.63638,0.64258,51693
1664380800,0.64258,0.6521,0.64201,0.65128,41204
1664395200,0.65129,0.65299,0.651,0.65215,13798
1664409600,0.65206,0.65239,0.64866,0.64885,9744
1664424000,0.64884,0.65038,0.64699,0.6489,18375
1664438400,0.64889,0.64925,0.64346,0.64518,36692
1664452800,0.64516,0.65021,0.64515,0.64615,36663
1664467200,0.64614,0.65011,0.64472,0.64796,42624
1664481600,0.64794,0.64974,0.64634,0.64959,12903
1664496000,0.6496,0.65172,0.64803,0.65065,11096
1664510400,0.65064,0.65092,0.64778,0.64804,20535
1664524800,0.64804,0.65228,0.64752,0.65126,32539
1664539200,0.65127,0.65138,0.64499,0.64756,33182
1664553600,0.64757,0.64853,0.64177,0.64294,41567
1664568000,0.64295,0.64338,0.63902,0.63967,13598
1664755200,0.63998,0.64273,0.63998,0.64215,11063
1664769600,0.64216,0.6448,0.64187,0.64262,15630
1664784000,0.64261,0.64592,0.64225,0.64484,30965
1664798400,0.64484,0.64789,0.6435,0.64656,21113
1664812800,0.64656,0.65164,0.64624,0.65067,31956
1664827200,0.65066,0.65212,0.65001,0.65155,9761
1664841600,0.65154,0.65171,0.64959,0.64986,9510
1664856000,0.64985,0.65115,0.64485,0.64727,21058
1664870400,0.64727,0.65464,0.6464,0.65022,29912
1664884800,0.65022,0.65037,0.64504,0.64812,27206
1664899200,0.64812,0.65163,0.64616,0.64689,25535
1664913600,0.6469,0.65053,0.64599,0.65015,9014
1664928000,0.65011,0.65193,0.6489,0.64891,8964
1664942400,0.64888,0.65252,0.64715,0.64851,24278
1664956800,0.64851,0.65214,0.64697,0.64812,24304
1664971200,0.64812,0.64886,0.64323,0.64537,20556
1664985600,0.64536,0.64689,0.64158,0.64626,27053
1665000000,0.64628,0.65125,0.64623,0.64886,10064
1665014400,0.64887,0.65245,0.64724,0.65101,8099
1665028800,0.65101,0.65399,0.65019,0.65344,21389
1665043200,0.65345,0.65358,0.64744,0.64782,27829
1665057600,0.64781,0.64842,0.64523,0.64631,26216
1665072000,0.64631,0.64672,0.63883,0.64116,39249
1665086400,0.64117,0.64232,0.6399,0.64088,14881
1665100800,0.64076,0.64182,0.64025,0.64121,8607
1665115200,0.64122,0.64315,0.64022,0.64022,13902
1665129600,0.64023,0.64243,0.63842,0.64156,23293
1665144000,0.64157,0.64278,0.63694,0.63844,25408
1665158400,0.63844,0.64115,0.63719,0.63809,36254
1665172800,0.63809,0.63865,0.63534,0.6359,9488
1665360000,0.63626,0.63675,0.63415,0.63637,11336
1665374400,0.63638,0.63793,0.63214,0.63324,16378
1665388800,0.63324,0.63391,0.62869,0.62998,24376
1665403200,0.62999,0.63275,0.62998,0.6326,22224
1665417600,0.6326,0.63282,0.62737,0.62816,28732
1665432000,0.62815,0.63075,0.62758,0.62975,12923
1665446400,0.62979,0.63046,0.62798,0.63001,8656
1665460800,0.63001,0.63021,0.62464,0.62494,22108
1665475200,0.62494,0.6285,0.62486,0.62685,32388
1665489600,0.62684,0.63128,0.62484,0.62976,29524
1665504000,0.62975,0.6345,0.62615,0.63294,35767
1665518400,0.63296,0.63315,0.62571,0.62718,19662
1665532800,0.62713,0.62767,0.62534,0.62632,6901
1665547200,0.62631,0.62808,0.62393,0.62689,24427
1665561600,0.62688,0.62877,0.62544,0.62589,37304
1665576000,0.62588,0.62739,0.62344,0.6255,29578
1665590400,0.62551,0.62785,0.62383,0.62672,32188
1665604800,0.62672,0.62978,0.62634,0.62743,16480
1665619200,0.62746,0.62896,0.6269,0.62848,6747
1665633600,0.62848,0.62893,0.62665,0.62753,10869
1665648000,0.62753,0.62845,0.62641,0.62838,18590
1665662400,0.62835,0.62982,0.61693,0.62034,35126
1665676800,0.62032,0.62954,0.61745,0.62814,67920
1665691200,0.62813,0.63157,0.62808,0.62968,21827
1665705600,0.62963,0.63106,0.62863,0.63041,8751
1665720000,0.63042,0.63426,0.63037,0.63253,21122
1665734400,0.63252,0.6346,0.62946,0.62965,31127
1665748800,0.62965,0.63201,0.62689,0.63136,35012
1665763200,0.63137,0.63196,0.62062,0.62096,50766
1665777600,0.62097,0.62154,0.61932,0.62016,13382
1665964800,0.6206,0.6228,0.62016,0.62135,9978
1665979200,0.6214,0.62355,0.62094,0.62287,14200
1665993600,0.62286,0.6251,0.62256,0.62412,32704
1666008000,0.62411,0.62844,0.62394,0.62755,26506
1666022400,0.62754,0.63111,0.62689,0.62944,29130
1666036800,0.62945,0.63032,0.62806,0.62918,9468
1666051200,0.6291,0.63131,0.62834,0.62987,8533
1666065600,0.62988,0.63297,0.62763,0.6319,19120
1666080000,0.63192,0.63257,0.62784,0.62784,27205
1666094400,0.62783,0.63389,0.62748,0.63336,26176
1666108800,0.63336,0.63345,0.62647,0.62917,30007
1666123200,0.62916,0.63128,0.62775,0.63096,15062
1666137600,0.63078,0.63243,0.63031,0.63122,8912
1666152000,0.63123,0.63233,0.63065,0.63101,15765
1666166400,0.63101,0.63142,0.62849,0.62964,26745
1666180800,0.62964,0.63158,0.62715,0.62808,27356
1666195200,0.62806,0.63022,0.62563,0.62597,31317
1666209600,0.62596,0.62722,0.62503,0.6269,14278
1666224000,0.62671,0.62723,0.62521,0.62623,7950
1666238400,0.62623,0.62683,0.62275,0.62544,24095
1666252800,0.62543,0.62762,0.62468,0.62744,26192
1666267200,0.62745,0.63291,0.62741,0.6291,26539
1666281600,0.6291,0.63552,0.62901,0.63117,28801
1666296000,0.63116,0.63118,0.6266,0.6281,16755
1666310400,0.62795,0.62819,0.62634,0.62681,7634
1666324800,0.62682,0.62811,0.6256,0.62638,16906
1666339200,0.62638,0.62798,0.62452,0.62508,21921
1666353600,0.62509,0.62568,0.62092,0.62419,26392
1666368000,0.62417,0.63781,0.62413,0.63606,73686
1666382400,0.63605,0.63919,0.63488,0.63782,16269
1666569600,0.63967,0.64103,0.6354,0.63635,30983
1666584000,0.63636,0.63676,0.63228,0.63457,25614
1666598400,0.63457,0.63462,0.62836,0.62956,32744
1666612800,0.62956,0.63255,0.62715,0.62925,32264
1666627200,0.62926,0.63253,0.62774,0.62988,43606
1666641600,0.62988,0.63139,0.62921,0.63103,9433
1666656000,0.63105,0.63404,0.62966,0.63349,11023
1666670400,0.63349,0.63405,0.63117,0.63232,22916
1666684800,0.63231,0.63356,0.63157,0.63195,21587
1666699200,0.63195,0.63293,0.63027,0.63273,20042
1666713600,0.6327,0.64113,0.63268,0.63802,32579
1666728000,0.63801,0.63984,0.63763,0.63934,10915
1666742400,0.63879,0.64019,0.63622,0.63784,11142
1666756800,0.63785,0.64104,0.63722,0.64013,21453
1666771200,0.64012,0.64923,0.63956,0.64904,27893
1666785600,0.64903,0.6496,0.64529,0.64592,24984
1666800000,0.64591,0.65103,0.64508,0.64865,35048
1666814400,0.64864,0.64979,0.64762,0.64959,16231
1666828800,0.64954,0.6501,0.64551,0.64825,8852
1666843200,0.64825,0.65124,0.64742,0.65092,18946
1666857600,0.65093,0.65211,0.64658,0.64669,25504
1666872000,0.64669,0.64693,0.64248,0.64644,32373
1666886400,0.64645,0.65041,0.64497,0.64703,45229
1666900800,0.64704,0.64884,0.64468,0.64535,14849
1666915200,0.64526,0.6458,0.64414,0.64433,8855
1666929600,0.64434,0.64786,0.6443,0.64684,22380
1666944000,0.64683,0.64696,0.64059,0.64157,27380
1666958400,0.64158,0.64306,0.6399,0.64065,28208
1666972800,0.64064,0.64317,0.63882,0.6406,32605
1666987200,0.6406,0.64158,0.64011,0.64106,6105
1667174400,0.6398,0.6421,0.6396,0.64168,14455
1667188800,0.64167,0.6427,0.6409,0.64154,17788
1667203200,0.64154,0.64235,0.63859,0.6403,20153
1667217600,0.64029,0.64029,0.6368,0.63687,23945
1667232000,0.63686,0.64001,0.63673,0.63946,23999
1667246400,0.63947,0.63984,0.63848,0.6394,10100
1667260800,0.6394,0.64212,0.63935,0.64186,12750
1667275200,0.64187,0.64459,0.64065,0.64249,23532
1667289600,0.64248,0.64486,0.6404,0.64405,26786
1667304000,0.64406,0.64629,0.64275,0.64308,27385
1667318400,0.64308,0.64319,0.63762,0.63982,41258
1667332800,0.63981,0.64026,0.63868,0.63933,8982
1667347200,0.63934,0.64047,0.63835,0.64035,14406
1667361600,0.64036,0.64269,0.63938,0.64215,17337
1667376000,0.64214,0.64293,0.64015,0.64268,20133
1667390400,0.64268,0.6429,0.64006,0.64142,25149
1667404800,0.64141,0.64197,0.63976,0.64106,18833
1667419200,0.64105,0.64913,0.63468,0.63502,44186
1667433600,0.63505,0.63616,0.6324,0.63527,15605
1667448000,0.63526,0.6371,0.63519,0.63597,14705
1667462400,0.63597,0.63597,0.62839,0.62884,26969
1667476800,0.62885,0.63001,0.62713,0.62867,35580
1667491200,0.62886,0.63235,0.62829,0.62918,33260
1667505600,0.62919,0.63038,0.62826,0.62901,7897
1667520000,0.62886,0.63054,0.6284,0.6303,9501
1667534400,0.6303,0.6356,0.6299,0.63386,17497
1667548800,0.63385,0.63665,0.63308,0.63536,27162
1667563200,0.63534,0.64537,0.63434,0.64394,40560
1667577600,0.64394,0.6476,0.64224,0.64499,42706
1667592000,0.645,0.64819,0.6443,0.64672,13572
1667779200,0.64241,0.64479,0.64067,0.64252,17321
1667793600,0.64252,0.64429,0.64117,0.6427,18433
1667808000,0.64271,0.6476,0.64056,0.64617,28536
1667822400,0.64616,0.6483,0.64496,0.64723,27904
1667836800,0.64723,0.64898,0.64528,0.64723,33824
1667851200,0.64723,0.64826,0.64712,0.64777,9847
1667865600,0.64772,0.64896,0.64579,0.64686,10415
1667880000,0.64686,0.64732,0.64456,0.64486,12900
1667894400,0.64487,0.64816,0.64433,0.64797,23481
1667908800,0.64798,0.64852,0.64619,0.64726,20429
1667923200,0.64726,0.65503,0.64662,0.65291,29643
1667937600,0.6529,0.6535,0.6477,0.65027,23859
1667952000,0.65028,0.65157,0.64842,0.64849,13680
1667966400,0.6485,0.65172,0.64841,0.64911,20767
1667980800,0.64912,0.65213,0.64716,0.64781,30506
1667995200,0.6478,0.648,0.6447,0.64568,29933
1668009600,0.64569,0.64966,0.64302,0.64444,44023
1668024000,0.64445,0.64484,0.64135,0.64304,15694
1668038400,0.64295,0.64404,0.64214,0.6425,8742
1668052800,0.64249,0.64292,0.64107,0.64177,17221
1668067200,0.64177,0.6425,0.63904,0.64032,25990
1668081600,0.64031,0.65643,0.63854,0.65284,35758
1668096000,0.65286,0.65967,0.65125,0.65603,61894
1668110400,0.65605,0.66304,0.65603,0.6619,18115
1668124800,0.66167,0.66173,0.65769,0.65835,16112
1668139200,0.65835,0.66506,0.65831,0.66464,22936
1668153600,0.66463,0.66769,0.66284,0.66642,33430
1668168000,0.66642,0.66879,0.66514,0.66867,27685
1668182400,0.66866,0.67028,0.66505,0.66984,32955
1668196800,0.66985,0.67161,0.66971,0.67064,13542
1668384000,0.66987,0.67091,0.66683,0.66857,23930
1668398400,0.6686,0.66979,0.66633,0.66647,22554
1668412800,0.6665,0.671,0.66628,0.66787,29526
1668427200,0.66786,0.66973,0.66629,0.6692,26263
1668441600,0.66921,0.67153,0.66747,0.67049,34283
1668456000,0.67052,0.67228,0.66983,0.66991,11891
1668470400,0.66983,0.67026,0.66847,0.66901,10420
1668484800,0.66902,0.67097,0.66856,0.67063,16461
1668499200,0.67062,0.67639,0.67045,0.67624,28434
1668513600,0.67627,0.67968,0.67333,0.67543,35118
1668528000,0.67546,0.67886,0.67039,0.67798,50998
1668542400,0.67802,0.6781,0.67335,0.67572,45249
1668556800,0.67571,0.67706,0.67307,0.67396,19347
1668571200,0.67397,0.67686,0.67293,0.67661,27396
1668585600,0.67661,0.67849,0.67536,0.67802,30981
1668600000,0.67801,0.6792,0.67479,0.67558,27375
1668614400,0.67557,0.67734,0.672,0.67353,36322
1668628800,0.67352,0.67454,0.67186,0.67386,14111
1668643200,0.67369,0.67467,0.6723,0.67272,10421
1668657600,0.67271,0.67304,0.66962,0.67161,20251
1668672000,0.67162,0.67502,0.66874,0.66951,26479
1668686400,0.6695,0.66992,0.66349,0.66375,37226
1668700800,0.66374,0.66823,0.66333,0.66798,34478
1668715200,0.66796,0.66954,0.66767,0.66902,13726
1668729600,0.66834,0.67057,0.66729,0.66988,9671
1668744000,0.66988,0.6724,0.66986,0.67097,17544
1668758400,0.67097,0.67242,0.6692,0.67119,26423
1668772800,0.67119,0.67295,0.66954,0.66959,23828
1668787200,0.66958,0.66988,0.66604,0.66699,27181
1668801600,0.66698,0.6677,0.66669,0.66685,9760
1668988800,0.6665,0.66821,0.66498,0.66521,12515
1669003200,0.6652,0.66576,0.6636,0.6647,18823
1669017600,0.66471,0.6652,0.66041,0.66088,26460
1669032000,0.6609,0.66265,0.66078,0.66153,19833
1669046400,0.66153,0.6626,0.65839,0.65931,25606
1669060800,0.6593,0.66056,0.65908,0.66027,12277
1669075200,0.65988,0.66241,0.65988,0.66174,9563
1669089600,0.66174,0.66238,0.66046,0.66083,15307
1669104000,0.66083,0.66483,0.66034,0.66412,22840
1669118400,0.66411,0.66507,0.66294,0.6632,20305
1669132800,0.66321,0.66402,0.66186,0.66376,21574
1669147200,0.66375,0.66484,0.66339,0.66457,6886
1669161600,0.66453,0.66586,0.66348,0.66427,10742
1669176000,0.66427,0.66507,0.66332,0.66396,12947
1669190400,0.66395,0.66705,0.66374,0.66521,18114
1669204800,0.6652,0.66603,0.66364,0.66566,19216
1669219200,0.66566,0.67222,0.66542,0.6703,30453
1669233600,0.67029,0.67377,0.67008,0.67309,21533
1669248000,0.67304,0.67541,0.67208,0.67519,8550
1669262400,0.6752,0.67674,0.67482,0.67527,13111
1669276800,0.67528,0.6762,0.67353,0.67415,19137
1669291200,0.67415,0.67573,0.67303,0.67543,19531
1669305600,0.67543,0.67773,0.67543,0.6765,13553
1669320000,0.67651,0.67673,0.67614,0.67645,3299
1669334400,0.67637,0.67659,0.67505,0.67605,9885
1669348800,0.67605,0.67799,0.67576,0.67632,14408
1669363200,0.67631,0.67742,0.67289,0.67349,20332
1669377600,0.6735,0.67531,0.67253,0.67295,18928
1669392000,0.67296,0.67523,0.67198,0.67426,19667
1669406400,0.67426,0.67495,0.67395,0.67425,14098
1669593600,0.67207,0.67272,0.66654,0.66707,13458
1669608000,0.66708,0.66954,0.66645,0.66766,15534
1669622400,0.66767,0.67145,0.66708,0.66981,26057
1669636800,0.66981,0.67237,0.66813,0.66921,22989
1669651200,0.66921,0.67034,0.66753,0.66796,29874
1669665600,0.66795,0.66807,0.66411,0.66504,10800
1669680000,0.66495,0.66663,0.66394,0.66651,9933
1669694400,0.66652,0.67085,0.66611,0.67052,17206
1669708800,0.67052,0.67417,0.6689,0.67173,26735
1669723200,0.67174,0.6748,0.67105,0.67136,24321
1669737600,0.67138,0.67325,0.66801,0.66895,34571
1669752000,0.66895,0.66966,0.66805,0.66871,10677
1669766400,0.66866,0.66997,0.66692,0.66905,11957
1669780800,0.66906,0.67042,0.66817,0.66964,13062
1669795200,0.66963,0.67311,0.66914,0.67238,21199
1669809600,0.67239,0.67404,0.67125,0.67133,24850
1669824000,0.67131,0.67365,0.66758,0.67103,32720
1669838400,0.67103,0.68002,0.66976,0.67855,32427
1669852800,0.67844,0.68157,0.67794,0.68003,15583
1669867200,0.68001,0.68278,0.67926,0.68242,18444
1669881600,0.68242,0.68389,0.6791,0.6805,28003
1669896000,0.68051,0.68292,0.67928,0.68023,28105
1669910400,0.68023,0.68436,0.67819,0.68068,45958
1669924800,0.68068,0.68178,0.67946,0.68128,18027
1669939200,0.68118,0.68172,0.67933,0.68028,9762
1669953600,0.68029,0.68189,0.67956,0.68145,12669
1669968000,0.68144,0.68354,0.68078,0.68211,25095
1669982400,0.6821,0.68229,0.67417,0.67657,32053
1669996800,0.67658,0.68102,0.67517,0.67978,41473
1670011200,0.6798,0.68133,0.67912,0.6793,12468
1670198400,0.67896,0.68394,0.67773,0.68339,11563
1670212800,0.68338,0.685,0.6826,0.6834,12705
1670227200,0.6834,0.68341,0.67961,0.68146,21315
1670241600,0.68145,0.68182,0.67904,0.67931,20826
1670256000,0.67933,0.67947,0.67028,0.67068,33129
1670270400,0.67068,0.67148,0.66863,0.66961,12063
1670284800,0.66964,0.67286,0.66949,0.67195,9944
1670299200,0.67194,0.67367,0.67029,0.67319,19418
1670313600,0.6732,0.67329,0.67078,0.67143,23763
1670328000,0.67141,0.67435,0.67114,0.67211,20130
1670342400,0.67213,0.67333,0.66862,0.66893,30029
1670356800,0.66893,0.66927,0.668,0.66871,9695
1670371200,0.66863,0.67111,0.66841,0.67092,9155
1670385600,0.6709,0.67153,0.66851,0.66953,14345
1670400000,0.66955,0.67,0.66687,0.66738,25574
1670414400,0.66738,0.67147,0.66677,0.67099,24051
1670428800,0.67099,0.67346,0.67031,0.67331,38656
1670443200,0.67331,0.67412,0.67207,0.67223,12239
1670457600,0.67216,0.67273,0.66976,0.67068,10136
1670472000,0.67069,0.67196,0.67026,0.67139,15426
1670486400,0.67138,0.67375,0.67117,0.67161,19406
1670500800,0.67162,0.67693,0.67152,0.67613,18517
1670515200,0.67614,0.67801,0.67436,0.67627,25536
1670529600,0.67628,0.67748,0.67572,0.67696,10981
1670544000,0.67689,0.67992,0.6762,0.67943,9468
1670558400,0.67944,0.67967,0.67761,0.67802,15430
1670572800,0.67803,0.67848,0.67522,0.67586,17801
1670587200,0.67587,0.67966,0.67403,0.67727,22684
1670601600,0.67728,0.68127,0.67606,0.67995,31313
1670616000,0.67994,0.68052,0.67906,0.67962,7991
1670803200,0.67852,0.67969,0.67561,0.67612,11003
1670817600,0.67611,0.67812,0.67571,0.67721,13073
1670832000,0.67721,0.67947,0.67626,0.67917,22014
1670846400,0.67917,0.67931,0.67552,0.67623,15440
1670860800,0.67622,0.67666,0.6728,0.6741,23629
1670875200,0.67411,0.67509,0.67301,0.67467,11306
1670889600,0.67465,0.67614,0.67436,0.67604,8670
1670904000,0.67603,0.67738,0.67392,0.67624,14074
1670918400,0.67623,0.67843,0.67574,0.67647,19753
1670932800,0.67647,0.6877,0.67415,0.68649,32436
1670947200,0.68649,0.68924,0.68516,0.68536,50912
1670961600,0.68535,0.68665,0.68475,0.68537,19076
1670976000,0.68528,0.68573,0.68237,0.68303,10860
1670990400,0.68303,0.68462,0.68205,0.68418,10387
1671004800,0.68417,0.68755,0.68415,0.68681,22928
1671019200,0.68681,0.68803,0.68497,0.68603,24849
1671033600,0.68604,0.68713,0.68545,0.68611,27281
1671048000,0.68611,0.68807,0.68094,0.68618,47010
1671062400,0.68616,0.68688,0.68428,0.6847,10159
1671076800,0.68469,0.6849,0.68204,0.68306,13001
1671091200,0.68306,0.68338,0.67651,0.67723,24783
1671105600,0.67724,0.67746,0.67494,0.67603,26830
1671120000,0.67602,0.67765,0.66787,0.66797,40500
1671134400,0.66799,0.67073,0.66758,0.66982,12049
1671148800,0.66985,0.67113,0.66971,0.67056,9776
1671163200,0.67057,0.6735,0.66964,0.67024,14599
1671177600,0.67024,0.67185,0.66783,0.66844,21822
1671192000,0.66843,0.67017,0.66786,0.6691,20374
1671206400,0.66911,0.67078,0.66746,0.66914,33173
1671220800,0.66915,0.6701,0.66837,0.66868,12587
1671408000,0.67043,0.67174,0.66818,0.67167,10204
1671422400,0.67166,0.67232,0.66988,0.67059,13454
1671436800,0.67058,0.67318,0.66946,0.67176,20345
1671451200,0.67177,0.673,0.67023,0.67081,19576
1671465600,0.6708,0.67264,0.66936,0.67186,24911
1671480000,0.67188,0.67198,0.66934,0.66984,10688
1671494400,0.66983,0.67046,0.66869,0.66926,9224
1671508800,0.66926,0.67433,0.66284,0.66451,37988
1671523200,0.66452,0.66965,0.66414,0.66892,34388
1671537600,0.66892,0.66892,0.66323,0.66502,23479
1671552000,0.66502,0.66845,0.66381,0.66606,31926
1671566400,0.66606,0.66794,0.66546,0.66793,10214
1671580800,0.66785,0.66965,0.66707,0.66784,11593
1671595200,0.66784,0.66902,0.66556,0.66697,14754
1671609600,0.66695,0.66847,0.66632,0.66741,21692
1671624000,0.6674,0.67163,0.66716,0.6711,23445
1671638400,0.6711,0.67272,0.66879,0.66979,28986
1671652800,0.66979,0.67112,0.66912,0.67062,11540
1671667200,0.67049,0.67359,0.67001,0.67345,7482
1671681600,0.67344,0.67636,0.67322,0.67501,11507
1671696000,0.67499,0.67661,0.67369,0.6743,18731
1671710400,0.6743,0.67435,0.66994,0.67024,20938
1671724800,0.67023,0.67029,0.66564,0.6661,27549
1671739200,0.66609,0.66707,0.66493,0.66683,14559
1671753600,0.66682,0.66775,0.66594,0.66752,9133
1671768000,0.66752,0.6693,0.66737,0.66797,13926
1671782400,0.66797,0.67029,0.66789,0.66973,16253
1671796800,0.66974,0.67101,0.66756,0.66953,18250
1671811200,0.66952,0.67239,0.66719,0.67142,30211
1671825600,0.67143,0.67211,0.67014,0.67144,10422
1672041600,0.67203,0.67239,0.67116,0.67145,1237
1672056000,0.67145,0.67147,0.67134,0.6714,37
1672070400,0.67158,0.67264,0.67101,0.67147,2024
1672084800,0.67144,0.67264,0.67046,0.6725,1580
1672099200,0.67241,0.67553,0.67191,0.6751,8394
1672113600,0.67511,0.67591,0.67311,0.67587,9326
1672128000,0.67585,0.67749,0.67546,0.67611,14024
1672142400,0.6761,0.67612,0.67305,0.67332,15126
1672156800,0.67332,0.67602,0.67241,0.67349,22694
1672171200,0.6735,0.6743,0.67246,0.67329,10918
1672185600,0.67314,0.6739,0.67181,0.6732,9102
1672200000,0.6732,0.67522,0.67291,0.67514,13317
1672214400,0.67513,0.67715,0.675,0.67612,16751
1672228800,0.67611,0.68003,0.67596,0.67863,16095
1672243200,0.67864,0.67989,0.6744,0.67578,24779
1672257600,0.67579,0.67648,0.6733,0.67386,12818
1672272000,0.67375,0.67535,0.67325,0.67429,7491
1672286400,0.67428,0.67552,0.67359,0.67415,9223
1672300800,0.67415,0.67435,0.67211,0.67295,15800
1672315200,0.67296,0.67364,0.67097,0.67342,14809
1672329600,0.67343,0.67844,0.67343,0.67796,22740
1672344000,0.67797,0.67864,0.67757,0.6777,8354
1672358400,0.6776,0.6776,0.67517,0.67648,6729
1672372800,0.67648,0.6783,0.6761,0.67756,10134
1672387200,0.67753,0.67992,0.67699,0.67898,15139
1672401600,0.67898,0.68071,0.6781,0.67929,15388
1672416000,0.67929,0.68184,0.6757,0.68182,30443
1672430400,0.68185,0.68199,0.68027,0.68161,16048
1672617600,0.68018,0.68123,0.67883,0.68015,85
1672632000,0.68016,0.68016,0.6799,0.6799,110
1672646400,0.67991,0.68101,0.67922,0.67942,2310
1672660800,0.67942,0.68107,0.67929,0.68038,7394
1672675200,0.68037,0.68184,0.68037,0.68124,5355
1672689600,0.68125,0.68145,0.67953,0.67971,2322
1672704000,0.6797,0.68098,0.67718,0.67803,11115
1672718400,0.67804,0.68336,0.67773,0.67948,15706
1672732800,0.67948,0.68083,0.66932,0.67207,29722
1672747200,0.67208,0.67392,0.6687,0.67367,20769
1672761600,0.67366,0.67666,0.67207,0.67272,30030
1672776000,0.6727,0.67412,0.6719,0.67267,12689
1672790400,0.67256,0.67669,0.67161,0.67635,9219
1672804800,0.67635,0.68162,0.67627,0.68004,14609
1672819200,0.68004,0.68838,0.67895,0.687,26800
1672833600,0.687,0.6885,0.68522,0.6874,24228
1672848000,0.68739,0.68855,0.68335,0.68442,39774
1672862400,0.68443,0.68552,0.68181,0.68368,22682
1672876800,0.68355,0.68444,0.68206,0.68377,11306
1672891200,0.68377,0.68379,0.67999,0.68212,15499
1672905600,0.68213,0.68333,0.67994,0.68244,23175
1672920000,0.68243,0.6841,0.67719,0.67765,24546
1672934400,0.67765,0.67802,0.67342,0.67444,37709
1672948800,0.67443,0.67717,0.67416,0.67495,16937
1672963200,0.67497,0.67732,0.6749,0.67589,9309
1672977600,0.67588,0.67873,0.67481,0.67544,13985
1672992000,0.67545,0.67688,0.67309,0.67407,23361
1673006400,0.67408,0.679,0.67212,0.67876,32597
1673020800,0.67876,0.6869,0.67448,0.68679,51866
1673035200,0.68679,0.6886,0.68601,0.68755,13361
1673222400,0.68774,0.69088,0.68737,0.69021,13337
1673236800,0.69021,0.69367,0.68991,0.69335,14572
1673251200,0.69335,0.69457,0.69101,0.69252,25102
1673265600,0.69253,0.69441,0.69047,0.6932,24725
1673280000,0.6932,0.6949,0.69162,0.69361,27404
1673294400,0.6936,0.69386,0.69073,0.69112,15257
1673308800,0.69108,0.69271,0.69002,0.69237,10572
1673323200,0.69238,0.69259,0.68908,0.69111,18548
1673337600,0.69111,0.69149,0.68844,0.68987,27091
1673352000,0.68987,0.6902,0.68589,0.6873,22132
1673366400,0.6873,0.69082,0.68677,0.68837,39192
1673380800,0.68836,0.68949,0.68784,0.68918,8449
1673395200,0.68895,0.6913,0.68828,0.68895,10484
1673409600,0.68895,0.69246,0.68865,0.69158,13645
1673424000,0.69158,0.69205,0.68938,0.69111,22978
1673438400,0.6911,0.69149,0.68723,0.6897,20539
1673452800,0.68969,0.69089,0.68881,0.68929,23463
1673467200,0.68928,0.69119,0.68833,0.69053,10513
1673481600,0.69042,0.69199,0.69004,0.69157,11860
1673496000,0.69157,0.69235,0.69092,0.6916,11508
1673510400,0.69161,0.69192,0.68864,0.69118,18587
1673524800,0.6912,0.69832,0.68729,0.698,28787
1673539200,0.69802,0.69812,0.68856,0.69743,55661
1673553600,0.69743,0.69839,0.69603,0.69663,19489
1673568000,0.69658,0.69819,0.69577,0.69672,11889
1673582400,0.69672,0.69677,0.69436,0.69515,14774
1673596800,0.69515,0.69933,0.6951,0.69745,26517
1673611200,0.69746,0.69835,0.69183,0.69238,24886
1673625600,0.6924,0.69672,0.69144,0.69653,34562
1673640000,0.69653,0.69807,0.69576,0.69746,7925
1673827200,0.69681,0.70159,0.69667,0.70139,11530
1673841600,0.70139,0.70181,0.6977,0.6993,13800
1673856000,0.69931,0.69932,0.69398,0.6963,23322
1673870400,0.69632,0.69734,0.69528,0.69584,16899
1673884800,0.69584,0.69663,0.69501,0.69538,14273
1673899200,0.69537,0.69547,0.69479,0.69518,3187
1673913600,0.69519,0.69752,0.695,0.69664,9106
1673928000,0.69661,0.69772,0.69493,0.69655,15436
1673942400,0.69655,0.69738,0.69467,0.69496,21469
1673956800,0.69496,0.69612,0.69289,0.69461,25240
1673971200,0.69462,0.69929,0.69462,0.69843,33666
1673985600,0.6984,0.69963,0.69788,0.69884,9167
1674000000,0.69857,0.69921,0.69761,0.6992,7763
1674014400,0.6992,0.70015,0.69722,0.69949,27001
1674028800,0.69948,0.7035,0.69926,0.70242,30725
1674043200,0.70243,0.70544,0.70068,0.70412,27611
1674057600,0.7041,0.70625,0.69521,0.69591,44169
1674072000,0.69591,0.69628,0.69346,0.69403,12903
1674086400,0.69403,0.69469,0.68924,0.69003,12157
1674100800,0.69003,0.69147,0.68928,0.68966,15181
1674115200,0.68967,0.6906,0.68774,0.68827,21334
1674129600,0.68827,0.69034,0.68709,0.69032,24081
1674144000,0.69033,0.69182,0.68822,0.68985,28356
1674158400,0.68985,0.69217,0.68905,0.69087,14349
1674172800,0.69088,0.69229,0.69053,0.69203,7847
1674187200,0.69203,0.69319,0.69107,0.69236,12902
1674201600,0.69236,0.69468,0.69211,0.69311,19599
1674216000,0.69311,0.69369,0.69092,0.69124,21190
1674230400,0.69125,0.69655,0.69116,0.69562,25891
1674244800,0.69563,0.69727,0.69477,0.69674,10135
1674432000,0.69619,0.69934,0.69588,0.6985,8699
1674446400,0.6985,0.69933,0.69736,0.69777,12905
1674460800,0.69778,0.70115,0.69712,0.70069,21911
1674475200,0.7007,0.70135,0.69705,0.69753,20405
1674489600,0.69752,0.7039,0.69612,0.70251,30882
1674504000,0.70251,0.70368,0.70095,0.70272,11506
1674518400,0.70269,0.70443,0.70238,0.7043,6085
1674532800,0.70429,0.70441,0.70252,0.7037,9208
1674547200,0.7037,0.70482,0.70135,0.70186,22114
1674561600,0.70186,0.70297,0.70091,0.7015,20173
1674576000,0.70151,0.7057,0.69926,0.70443,32959
1674590400,0.70442,0.705,0.7038,0.70468,7939
1674604800,0.7045,0.70916,0.70314,0.70844,13807
1674619200,0.70845,0.71074,0.70844,0.71001,13755
1674633600,0.71002,0.71217,0.70906,0.70914,21500
1674648000,0.70915,0.70925,0.70611,0.7066,22793
1674662400,0.70661,0.70978,0.70621,0.70815,31969
1674676800,0.70815,0.71076,0.70812,0.71049,9423
1674691200,0.71042,0.71115,0.70912,0.71094,8246
1674705600,0.71094,0.71273,0.71028,0.71222,11185
1674720000,0.71223,0.71274,0.70947,0.71028,20341
1674734400,0.71028,0.71266,0.7097,0.71217,21467
1674748800,0.71218,0.71415,0.70783,0.70936,32996
1674763200,0.70937,0.71162,0.70922,0.7114,8735
1674777600,0.71122,0.71286,0.71063,0.71223,8016
1674792000,0.71224,0.71282,0.71019,0.71152,11049
1674806400,0.71151,0.71179,0.70935,0.71038,16362
1674820800,0.71038,0.71258,0.70978,0.7108,16664
1674835200,0.7108,0.71207,0.70815,0.71048,28122
1674849600,0.71048,0.71108,0.70983,0.71082,6778
1675036800,0.70975,0.71193,0.70949,0.71127,10039
1675051200,0.71126,0.71129,0.70821,0.70861,17267
1675065600,0.70859,0.70966,0.70676,0.70766,21516
1675080000,0.70767,0.70946,0.70688,0.70721,18568
1675094400,0.70722,0.70857,0.70643,0.70691,26699
1675108800,0.70691,0.70729,0.70502,0.70592,9791
1675123200,0.70584,0.7064,0.70373,0.70551,12246
1675137600,0.70551,0.70556,0.70246,0.70305,16317
1675152000,0.70307,0.70382,0.7003,0.70104,20334
1675166400,0.70104,0.70307,0.69829,0.70254,23491
1675180800,0.70253,0.70538,0.70144,0.70477,30994
1675195200,0.70478,0.70605,0.70478,0.70535,8108
1675209600,0.70534,0.70548,0.70458,0.705,7643
1675224000,0.70499,0.70737,0.70356,0.70654,11329
1675238400,0.70652,0.70826,0.70645,0.70679,17109
1675252800,0.7068,0.7092,0.70676,0.70849,16382
1675267200,0.70849,0.70885,0.70594,0.70657,28174
1675281600,0.70657,0.7144,0.70406,0.71354,43848
1675296000,0.71351,0.71566,0.71258,0.71415,11775
1675310400,0.71413,0.71494,0.71345,0.71464,13563
1675324800,0.71464,0.71557,0.71203,0.71302,21210
1675339200,0.71303,0.71407,0.71149,0.71231,28967
1675353600,0.71231,0.71434,0.70692,0.7077,42619
1675368000,0.7077,0.70913,0.70678,0.70755,17557
1675382400,0.70746,0.70795,0.70629,0.70633,9682
1675396800,0.70634,0.70674,0.70472,0.70623,13058
1675411200,0.70623,0.70714,0.70439,0.70584,20362
1675425600,0.70584,0.70665,0.69685,0.6977,27041
1675440000,0.69769,0.69945,0.69291,0.69448,47342
1675454400,0.69448,0.69455,0.69181,0.69214,15426
1675641600,0.68962,0.69284,0.68962,0.69169,13950
1675656000,0.69169,0.69475,0.69113,0.69467,14988
1675670400,0.69467,0.69476,0.68946,0.68947,20509
1675684800,0.68948,0.69148,0.68858,0.6889,18143
1675699200,0.68889,0.68963,0.68547,0.68701,26814
1675713600,0.687,0.68927,0.68663,0.6882,10652
1675728000,0.68816,0.6907,0.68792,0.69023,8709
1675742400,0.69024,0.69501,0.68991,0.69376,18026
1675756800,0.69375,0.6948,0.69093,0.69374,21123
1675771200,0.69375,0.69397,0.69007,0.69089,18489
1675785600,0.69088,0.69876,0.68848,0.69794,31113
1675800000,0.69794,0.69843,0.69023,0.69585,36994
1675814400,0.6957,0.69694,0.69439,0.6957,9022
1675828800,0.6957,0.69696,0.69486,0.69647,11725
1675843200,0.69647,0.69952,0.69629,0.69853,19753
1675857600,0.69853,0.69863,0.69529,0.69566,15609
1675872000,0.69566,0.6966,0.69261,0.69335,28291
1675886400,0.69335,0.69406,0.69179,0.69225,16190
1675900800,0.69228,0.69406,0.69201,0.69378,7744
1675915200,0.69377,0.69598,0.69368,0.69529,11187
1675929600,0.69529,0.69808,0.69517,0.69759,17651
1675944000,0.6976,0.70104,0.69711,0.70095,15326
1675958400,0.70095,0.70096,0.69429,0.69527,26482
1675972800,0.69526,0.69535,0.69268,0.69339,14559
1675987200,0.69339,0.69477,0.69295,0.69367,9631
1676001600,0.69366,0.69383,0.691,0.69241,14715
1676016000,0.6924,0.69592,0.6917,0.69318,29700
1676030400,0.69319,0.69465,0.69166,0.694,20012
1676044800,0.694,0.69482,0.69081,0.69157,27911
1676059200,0.69157,0.69228,0.69101,0.69187,8913
1676246400,0.69171,0.69177,0.68894,0.69079,10833
1676260800,0.69078,0.69136,0.69014,0.69089,14746
1676275200,0.69089,0.69327,0.69066,0.69191,18097
1676289600,0.69191,0.69477,0.69123,0.6932,12391
1676304000,0.69319,0.69696,0.69278,0.69659,21805
1676318400,0.6966,0.69726,0.69598,0.69654,8273
1676332800,0.69656,0.69703,0.69495,0.69542,8551
1676347200,0.69543,0.69746,0.69482,0.69673,13387
1676361600,0.69673,0.69751,0.69558,0.69697,18745
1676376000,0.69697,0.70282,0.6935,0.69934,28965
1676390400,0.69933,0.70026,0.69205,0.6973,57560
1676404800,0.69731,0.69937,0.697,0.69864,14932
1676419200,0.69858,0.69879,0.69741,0.69753,8414
1676433600,0.69753,0.69769,0.69276,0.6932,14810
1676448000,0.6932,0.69333,0.68921,0.69111,23697
1676462400,0.6911,0.6914,0.6873,0.68831,25931
1676476800,0.68831,0.68957,0.68639,0.68835,33359
1676491200,0.68835,0.69072,0.68771,0.69034,9596
1676505600,0.69023,0.69121,0.68671,0.6902,14473
1676520000,0.6902,0.6924,0.68999,0.69141,16007
1676534400,0.6914,0.69351,0.69022,0.69174,22533
1676548800,0.69174,0.69263,0.68709,0.68774,23740
1676563200,0.68773,0.69005,0.68391,0.68976,39649
1676577600,0.68976,0.69044,0.6873,0.68772,19858
1676592000,0.68757,0.6878,0.68506,0.68547,10843
1676606400,0.68546,0.68561,0.6832,0.68384,15979
1676620800,0.68384,0.68501,0.6821,0.68233,23690
1676635200,0.68233,0.68391,0.68107,0.68342,24635
1676649600,0.68341,0.68771,0.6831,0.68638,36238
1676664000,0.68638,0.68834,0.68611,0.68769,10997
1676851200,0.68689,0.68811,0.68616,0.68773,9894
1676865600,0.68772,0.69047,0.68769,0.69041,15321
1676880000,0.69041,0.69144,0.68934,0.68953,20286
1676894400,0.68953,0.69175,0.68932,0.69161,16162
1676908800,0.69161,0.69199,0.69107,0.69123,10608
1676923200,0.69123,0.69138,0.69086,0.69092,2942
1676937600,0.69075,0.69189,0.68929,0.69046,11998
1676952000,0.69046,0.69099,0.68892,0.68951,16033
1676966400,0.68951,0.68985,0.68675,0.68887,29061
1676980800,0.68886,0.68911,0.68641,0.68641,22771
1676995200,0.68641,0.68986,0.6852,0.68637,40073
1677009600,0.68638,0.68653,0.68466,0.68538,11471
1677024000,0.68529,0.68638,0.68318,0.68381,14874
1677038400,0.6838,0.68412,0.68264,0.68341,14472
1677052800,0.68342,0.68373,0.68103,0.68202,21793
1677067200,0.68201,0.68469,0.68142,0.68298,21564
1677081600,0.68297,0.68373,0.68077,0.68216,31605
1677096000,0.68217,0.68313,0.67938,0.68063,24431
1677110400,0.68044,0.68334,0.6798,0.68316,8203
1677124800,0.68316,0.68409,0.6818,0.68223,10795
1677139200,0.68223,0.68342,0.68137,0.68158,18787
1677153600,0.68158,0.6833,0.68051,0.68147,22375
1677168000,0.68146,0.68355,0.67806,0.67857,32534
1677182400,0.67858,0.68146,0.6783,0.6806,12179
1677196800,0.68052,0.68223,0.68016,0.68164,12345
1677211200,0.68163,0.68231,0.68076,0.68085,13717
1677225600,0.68086,0.6813,0.6777,0.67829,17924
1677240000,0.67829,0.67885,0.67261,0.67411,26145
1677254400,0.6741,0.67413,0.67176,0.67231,38244
1677268800,0.67232,0.67318,0.67202,0.67248,11839
1677456000,0.67265,0.67406,0.67233,0.67392,10376
1677470400,0.67391,0.67391,0.66984,0.66992,14082
1677484800,0.66991,0.67262,0.66972,0.67163,21151
1677499200,0.67162,0.67282,0.67007,0.67224,17696
1677513600,0.67223,0.67429,0.67124,0.67339,24634
1677528000,0.6734,0.67439,0.67329,0.67383,9798
1677542400,0.67368,0.67495,0.6732,0.67418,8841
1677556800,0.67419,0.67492,0.67186,0.67218,11312
1677571200,0.67219,0.67324,0.67029,0.67191,19989
1677585600,0.67192,0.67423,0.67192,0.67413,16530
1677600000,0.67411,0.67568,0.6721,0.67511,31896
1677614400,0.67511,0.67532,0.67233,0.67279,10406
1677628800,0.67278,0.67337,0.66941,0.67327,13368
1677643200,0.67328,0.67597,0.67287,0.67475,14395
1677657600,0.67476,0.67768,0.67462,0.67618,25721
1677672000,0.67619,0.67828,0.67528,0.67545,21918
1677686400,0.67544,0.67705,0.67238,0.67602,36270
1677700800,0.67603,0.67618,0.67445,0.67576,11467
1677715200,0.67572,0.67651,0.67272,0.67394,11892
1677729600,0.67394,0.67536,0.67301,0.67368,15038
1677744000,0.67368,0.67472,0.67242,0.67352,21730
1677758400,0.67351,0.67411,0.67056,0.67077,22953
1677772800,0.67078,0.67378,0.67074,0.67112,28471
1677787200,0.67112,0.67372,0.67076,0.67284,13428
1677801600,0.67282,0.67516,0.67238,0.67439,9589
1677816000,0.67439,0.67516,0.67361,0.67437,13557
1677830400,0.67438,0.67657,0.67431,0.67571,19536
1677844800,0.67572,0.67644,0.67446,0.67576,17761
1677859200,0.67576,0.67627,0.67311,0.67592,30399
1677873600,0.67591,0.67739,0.67538,0.67678,8938
1678060800,0.67533,0.67604,0.67405,0.67529,10186
1678075200,0.67529,0.67688,0.67463,0.67548,14460
1678089600,0.67548,0.67611,0.67301,0.67326,19255
1678104000,0.67326,0.67408,0.67155,0.67329,16391
1678118400,0.67328,0.67422,0.67269,0.67347,21055
1678132800,0.67346,0.6735,0.6719,0.67308,8750
1678147200,0.67286,0.67377,0.67207,0.67361,7195
1678161600,0.67362,0.67471,0.66919,0.671,18189
1678176000,0.67099,0.67175,0.66739,0.66744,23289
1678190400,0.66745,0.66775,0.66572,0.66582,18056
1678204800,0.66581,0.6661,0.65909,0.65961,44111
1678219200,0.65962,0.66005,0.65801,0.65869,13779
1678233600,0.65857,0.65949,0.65808,0.65873,9683
1678248000,0.65872,0.6594,0.65671,0.659,14837
1678262400,0.659,0.66065,0.65887,0.66009,17892
1678276800,0.66011,0.66079,0.659,0.65971,16077
1678291200,0.65969,0.66281,0.65895,0.65901,27933
1678305600,0.659,0.6594,0.65811,0.65877,8123
1678320000,0.65874,0.65945,0.65752,0.65807,6448
1678334400,0.65808,0.66176,0.65791,0.66068,8042
1678348800,0.6607,0.66213,0.66058,0.6609,12983
1678363200,0.66089,0.66278,0.66052,0.66271,18122
1678377600,0.66271,0.66353,0.66032,0.66074,25039
1678392000,0.66072,0.66129,0.65758,0.65889,16070
1678406400,0.65889,0.65916,0.65727,0.65816,10693
1678420800,0.65815,0.65999,0.65633,0.65872,19936
1678435200,0.65873,0.66017,0.65738,0.65853,23479
1678449600,0.65852,0.66321,0.65814,0.66089,30082
1678464000,0.66091,0.66392,0.65956,0.66148,59537
1678478400,0.66147,0.66189,0.65734,0.65813,22041
1678665600,0.66014,0.66456,0.65997,0.66086,27190
1678680000,0.66087,0.66715,0.66075,0.66616,28230
1678694400,0.66617,0.6678,0.66169,0.66225,40068
1678708800,0.66224,0.66779,0.66119,0.66665,61193
1678723200,0.66664,0.6716,0.66554,0.66732,48333
1678737600,0.66733,0.66791,0.66628,0.66645,18608
1678752000,0.66645,0.66663,0.66414,0.66461,14888
1678766400,0.66461,0.66532,0.66308,0.66528,17321
1678780800,0.66527,0.66713,0.66424,0.66455,33956
1678795200,0.66453,0.66951,0.66328,0.66815,43644
1678809600,0.66816,0.66843,0.66562,0.66715,31027
1678824000,0.66714,0.66921,0.66698,0.66795,15365
1678838400,0.66799,0.66916,0.66741,0.66846,10452
1678852800,0.66845,0.67106,0.66787,0.66803,16054
1678867200,0.66803,0.6691,0.6651,0.66517,26686
1678881600,0.66518,0.66617,0.66226,0.66226,50125
1678896000,0.66227,0.66391,0.65889,0.66053,44099
1678910400,0.66052,0.6627,0.65967,0.66124,27738
1678924800,0.66123,0.6642,0.66105,0.66319,19092
1678939200,0.66319,0.66452,0.66146,0.66396,18139
1678953600,0.66397,0.66611,0.66314,0.66439,26075
1678968000,0.6644,0.66551,0.66291,0.66478,35146
1678982400,0.66481,0.66672,0.66316,0.66419,41851
1678996800,0.66419,0.66595,0.66386,0.66524,12738
1679011200,0.66517,0.66907,0.66495,0.66817,10835
1679025600,0.66817,0.67147,0.66808,0.67076,13479
1679040000,0.67076,0.6724,0.66994,0.67035,20990
1679054400,0.67036,0.67074,0.66801,0.66873,22635
1679068800,0.66869,0.6708,0.66727,0.67065,28782
1679083200,0.67066,0.6713,0.66918,0.66918,12343
1679270400,0.67141,0.67291,0.66911,0.66996,15213
1679284800,0.66995,0.67106,0.66792,0.66895,17427
1679299200,0.66896,0.66959,0.66649,0.6676,35800
1679313600,0.6676,0.67222,0.66724,0.67185,23457
1679328000,0.67186,0.67259,0.67007,0.6715,21256
1679342400,0.6715,0.67203,0.67018,0.67157,7763
1679356800,0.67157,0.67258,0.66891,0.66984,11131
1679371200,0.66983,0.67026,0.66848,0.66904,10855
1679385600,0.66904,0.66963,0.6672,0.66822,18789
1679400000,0.66822,0.66879,0.66705,0.66778,17637
1679414400,0.66779,0.66795,0.66487,0.66563,19353
1679428800,0.66564,0.66703,0.66551,0.66692,5649
1679443200,0.6669,0.66893,0.66604,0.66851,8898
1679457600,0.66851,0.66988,0.66771,0.66947,9333
1679472000,0.66947,0.67018,0.6685,0.66956,14419
1679486400,0.66957,0.66984,0.66703,0.66757,13196
1679500800,0.66757,0.66888,0.66684,0.6672,14150
1679515200,0.66717,0.6758,0.66717,0.66821,41420
1679529600,0.66818,0.67171,0.66801,0.67131,10801
1679544000,0.6713,0.67453,0.6709,0.67341,14633
1679558400,0.67342,0.67543,0.67188,0.67257,20814
1679572800,0.67256,0.6726,0.66904,0.67124,20765
1679587200,0.67124,0.67241,0.66968,0.67029,20043
1679601600,0.6703,0.67054,0.66688,0.66861,20200
1679616000,0.66861,0.66861,0.66585,0.66715,12379
1679630400,0.66715,0.66889,0.6665,0.66856,12699
1679644800,0.66857,0.66934,0.664,0.66428,21481
1679659200,0.66428,0.66469,0.66241,0.66389,31561
1679673600,0.6639,0.66491,0.66318,0.66438,22937
1679688000,0.66439,0.66519,0.66386,0.66425,7717
1679875200,0.66505,0.66576,0.66353,0.66419,7813
1679889600,0.66419,0.66613,0.66376,0.66493,13025
1679904000,0.66492,0.66651,0.6634,0.66475,18482
1679918400,0.66474,0.66525,0.6633,0.66347,16068
1679932800,0.66346,0.66554,0.66338,0.66424,19873
1679947200,0.66425,0.66498,0.66379,0.66484,7656
1679961600,0.66484,0.66784,0.66437,0.66717,6060
1679976000,0.66718,0.66939,0.66704,0.66876,12118
1679990400,0.66875,0.66926,0.66694,0.66708,13592
1680004800,0.66708,0.66858,0.66678,0.66763,12949
1680019200,0.66763,0.67091,0.6673,0.67084,16836
1680033600,0.67083,0.67094,0.66955,0.67054,7076
1680048000,0.67052,0.67122,0.66862,0.66976,6951
1680062400,0.66977,0.67026,0.66911,0.67008,10441
1680076800,0.67009,0.6703,0.66605,0.6666,15439
1680091200,0.6666,0.66835,0.66639,0.6675,14794
1680105600,0.66751,0.6703,0.6664,0.66776,20035
1680120000,0.66775,0.66843,0.66742,0.66835,7827
1680134400,0.66832,0.6686,0.66703,0.66738,5703
1680148800,0.66739,0.66867,0.66605,0.6685,10465
1680163200,0.66851,0.67173,0.66849,0.67099,16154
1680177600,0.671,0.67113,0.66868,0.66967,13321
1680192000,0.66968,0.67094,0.66882,0.67053,18496
1680206400,0.67054,0.67116,0.66958,0.67107,6538
1680220800,0.67095,0.67251,0.67034,0.67186,5531
1680235200,0.67186,0.6737,0.67078,0.67099,12455
1680249600,0.67098,0.67156,0.66693,0.66864,18028
1680264000,0.66863,0.67009,0.66813,0.66984,16288
1680278400,0.66986,0.67176,0.66762,0.66984,20213
1680292800,0.66984,0.66989,0.66773,0.66849,6647
1680480000,0.6683,0.66858,0.665,0.66657,12481
1680494400,0.66656,0.66814,0.6661,0.66656,16559
1680508800,0.66655,0.66997,0.66567,0.6698,16426
1680523200,0.6698,0.67662,0.6698,0.67618,16789
1680537600,0.67617,0.67891,0.67579,0.6785,24626
1680552000,0.67851,0.6789,0.67729,0.67852,7966
1680566400,0.67821,0.67924,0.67738,0.67854,5288
1680580800,0.67855,0.67876,0.67575,0.67605,12401
1680595200,0.67605,0.67708,0.6734,0.67436,17913
1680609600,0.67433,0.67586,0.67197,0.67229,15121
1680624000,0.67229,0.67586,0.67206,0.67367,28631
1680638400,0.67367,0.67527,0.67349,0.67516,6866
1680652800,0.67513,0.67664,0.67504,0.67576,5078
1680667200,0.67576,0.67788,0.67419,0.67438,14631
1680681600,0.67438,0.67464,0.66934,0.66968,20320
1680696000,0.66968,0.67162,0.66759,0.67094,19194
1680710400,0.67093,0.67282,0.66988,0.67081,24365
1680724800,0.67081,0.67224,0.67029,0.67205,5853
1680739200,0.67192,0.67244,0.67051,0.67063,5148
1680753600,0.67063,0.67071,0.66931,0.66952,11115
1680768000,0.66951,0.67086,0.66864,0.66983,15385
1680782400,0.66983,0.67016,0.66669,0.66694,14257
1680796800,0.66694,0.66822,0.66522,0.66774,18225
1680811200,0.66775,0.66815,0.66684,0.66707,5082
1680825600,0.66707,0.66751,0.66662,0.66726,3611
1680840000,0.66725,0.66851,0.6672,0.6684,4092
1680854400,0.66839,0.66904,0.66755,0.66774,5553
1680868800,0.66773,0.66851,0.664,0.66724,8223
1680883200,0.66723,0.66771,0.66552,0.66628,6611
1680897600,0.66634,0.66705,0.6653,0.66609,6658
1681084800,0.66502,0.66736,0.66502,0.66584,4929
1681099200,0.66583,0.66648,0.66559,0.6659,7216
1681113600,0.6659,0.6673,0.66517,0.66673,8955
1681128000,0.66674,0.66792,0.66214,0.66226,11120
1681142400,0.66225,0.66342,0.66184,0.66325,12398
1681156800,0.66326,0.6642,0.66319,0.66413,4210
1681171200,0.66385,0.66565,0.66317,0.66557,3902
1681185600,0.66557,0.66733,0.66424,0.66672,11459
1681200000,0.66672,0.66788,0.66616,0.66676,12914
1681214400,0.66675,0.66709,0.66497,0.66557,11234
1681228800,0.66558,0.6669,0.66446,0.66457,13126
1681243200,0.66457,0.66563,0.66444,0.66528,4042
1681257600,0.66517,0.66599,0.66474,0.66561,4474
1681272000,0.66562,0.66759,0.66517,0.66733,7148
1681286400,0.66735,0.66745,0.665,0.66581,10244
1681300800,0.6658,0.67225,0.66532,0.67051,14344
1681315200,0.67051,0.67147,0.66749,0.66972,22601
1681329600,0.66971,0.67037,0.66877,0.66924,8488
1681344000,0.66911,0.66986,0.66853,0.66906,4282
1681358400,0.66905,0.67198,0.66843,0.67099,10797
1681372800,0.67098,0.6735,0.66944,0.67225,13678
1681387200,0.67224,0.67616,0.67205,0.67557,15703
1681401600,0.67557,0.67861,0.67519,0.67852,17811
1681416000,0.67852,0.67959,0.67828,0.67832,5634
1681430400,0.67821,0.67912,0.67778,0.67823,4715
1681444800,0.67823,0.67927,0.67752,0.67816,7553
1681459200,0.67817,0.6782,0.67619,0.67639,12281
1681473600,0.67638,0.68046,0.67515,0.67638,17234
1681488000,0.67639,0.67669,0.66942,0.6697,28588
1681502400,0.66969,0.67093,0.66965,0.67089,8190
1681689600,0.6699,0.67121,0.66936,0.66936,3430
1681704000,0.66937,0.67118,0.66897,0.67077,7196
1681718400,0.67077,0.67182,0.66911,0.6697,12082
1681732800,0.6697,0.67144,0.66908,0.66916,12340
1681747200,0.66916,0.67031,0.668,0.66923,19712
1681761600,0.66923,0.67049,0.66917,0.67009,4881
1681776000,0.66995,0.67022,0.66914,0.66998,3578
1681790400,0.66999,0.67238,0.66972,0.67161,11235
1681804800,0.6716,0.67394,0.6715,0.67358,12927
1681819200,0.67358,0.67465,0.67276,0.67283,11104
1681833600,0.67284,0.6736,0.6716,0.6729,17303
1681848000,0.6729,0.67295,0.6722,0.67267,5415
1681862400,0.67248,0.67394,0.67215,0.67366,3313
1681876800,0.67366,0.67405,0.67148,0.67299,7755
1681891200,0.673,0.67316,0.67032,0.67055,16340
1681905600,0.67054,0.67205,0.66892,0.67176,14324
1681920000,0.67176,0.67346,0.67134,0.67218,10581
1681934400,0.67219,0.67233,0.67113,0.67125,4906
1681948800,0.67119,0.67143,0.66993,0.67039,6119
1681963200,0.67037,0.67091,0.6696,0.67032,9456
1681977600,0.67032,0.67256,0.67028,0.67088,12370
1681992000,0.67087,0.67502,0.66982,0.6748,12934
1682006400,0.67481,0.67709,0.67411,0.675,14988
1682020800,0.67499,0.6754,0.67322,0.67412,5499
1682035200,0.67413,0.67447,0.67342,0.67413,3172
1682049600,0.67415,0.67421,0.67112,0.67134,7445
1682064000,0.67135,0.67168,0.66769,0.66872,13170
1682078400,0.66873,0.67058,0.66843,0.67015,10456
1682092800,0.67015,0.67079,0.66782,0.6689,18120
1682107200,0.66889,0.66998,0.66817,0.6692,5598
1682294400,0.669,0.66966,0.66812,0.66941,4067
1682308800,0.66942,0.66945,0.66712,0.66747,9819
1682323200,0.66747,0.66891,0.66648,0.66872,10931
1682337600,0.66873,0.66939,0.66768,0.66848,8952
1682352000,0.66847,0.66968,0.6673,0.66845,11126
1682366400,0.66846,0.66952,0.6684,0.6694,3972
1682380800,0.66933,0.67047,0.66902,0.66946,3142
1682395200,0.66946,0.67035,0.66729,0.66773,9643
1682409600,0.66773,0.66865,0.66514,0.66646,13908
1682424000,0.66647,0.66695,0.66502,0.66528,9075
1682438400,0.66529,0.66546,0.66183,0.6623,14048
1682452800,0.6623,0.6626,0.66135,0.66245,5889
1682467200,0.66244,0.66382,0.66223,0.66322,5813
1682481600,0.66323,0.66334,0.66017,0.66102,11334
1682496000,0.66102,0.66171,0.65997,0.66036,12384
1682510400,0.66037,0.66142,0.65943,0.66033,14863
1682524800,0.66031,0.66184,0.66013,0.66067,17070
1682539200,0.66068,0.66088,0.65907,0.66029,6902
1682553600,0.66017,0.66103,0.65966,0.66077,4762
1682568000,0.66076,0.66156,0.65989,0.66154,9139
1682582400,0.66153,0.66345,0.66135,0.66182,13099
1682596800,0.66182,0.66297,0.66024,0.66094,12065
1682611200,0.66096,0.66226,0.65945,0.66134,14094
1682625600,0.66134,0.66319,0.66129,0.6629,5396
1682640000,0.66279,0.66352,0.66157,0.6634,5018
1682654400,0.66339,0.66413,0.6614,0.66143,11505
1682668800,0.66143,0.66193,0.65777,0.65818,17022
1682683200,0.65818,0.65925,0.65725,0.65858,14933
1682697600,0.65857,0.66169,0.6581,0.66163,18675
1682712000,0.66162,0.6618,0.66085,0.66142,4355
1682899200,0.66089,0.66196,0.66066,0.6617,4883
1682913600,0.6617,0.66393,0.66121,0.66341,7336
1682928000,0.66341,0.66439,0.66321,0.66346,8848
1682942400,0.66345,0.66604,0.66324,0.66598,8387
1682956800,0.66599,0.66671,0.663,0.66349,13635
1682971200,0.66349,0.66365,0.66236,0.66294,4918
1682985600,0.66283,0.66316,0.66198,0.66211,3878
1683000000,0.66211,0.66972,0.66207,0.66928,12670
1683014400,0.66929,0.67162,0.66889,0.66936,17451
1683028800,0.66936,0.67036,0.66824,0.66841,9339
1683043200,0.66842,0.66923,0.66568,0.66695,18629
1683057600,0.66696,0.66721,0.66599,0.66621,5522
1683072000,0.66615,0.66723,0.66546,0.66673,4363
1683086400,0.66673,0.66755,0.66624,0.66636,7435
1683100800,0.66637,0.667,0.66544,0.66597,10456
1683115200,0.66596,0.66711,0.66484,0.66546,11381
1683129600,0.66547,0.66816,0.66521,0.66797,12133
1683144000,0.66797,0.67023,0.66616,0.66734,25874
1683158400,0.66723,0.66723,0.66394,0.66492,9858
1683172800,0.66493,0.6696,0.66463,0.66914,11824
1683187200,0.66914,0.66987,0.66584,0.66587,14941
1683201600,0.66586,0.66815,0.66577,0.66661,17338
1683216000,0.6666,0.66997,0.66535,0.6699,22248
1683230400,0.6699,0.67054,0.66893,0.66921,6522
1683244800,0.66919,0.67049,0.6691,0.67044,2889
1683259200,0.67045,0.67363,0.67031,0.67349,7664
1683273600,0.67348,0.67432,0.67229,0.67285,10197
1683288000,0.67285,0.6733,0.66881,0.67042,13298
1683302400,0.67043,0.67535,0.67035,0.67523,17078
1683316800,0.67524,0.6756,0.67454,0.67521,4305
1683504000,0.67474,0.67541,0.67409,0.67434,4444
1683518400,0.67433,0.67742,0.67391,0.67727,7497
1683532800,0.67726,0.67895,0.67699,0.67841,7641
1683547200,0.67842,0.67957,0.67816,0.67936,6920
1683561600,0.67936,0.68026,0.6786,0.67887,8412
1683576000,0.67888,0.67891,0.67757,0.67796,3579
1683590400,0.67794,0.6782,0.67743,0.67743,3533
1683604800,0.67744,0.67859,0.67692,0.67819,6581
1683619200,0.67819,0.67847,0.67551,0.67563,10388
1683633600,0.67564,0.67671,0.67504,0.67512,8099
1683648000,0.67511,0.6764,0.67456,0.67523,10518
1683662400,0.67523,0.67652,0.67522,0.67607,3684
1683676800,0.67607,0.67694,0.67579,0.67625,3163
1683691200,0.67626,0.67687,0.67607,0.67656,6301
1683705600,0.67656,0.67731,0.67488,0.67512,9485
1683720000,0.67513,0.68174,0.67432,0.68137,12985
1683734400,0.68137,0.68167,0.67533,0.67634,17869
1683748800,0.67634,0.6779,0.67451,0.67775,6046
1683763200,0.67765,0.67899,0.67739,0.67876,4386
1683777600,0.67877,0.67951,0.67661,0.6775,9187
1683792000,0.67751,0.67792,0.67212,0.6733,13530
1683806400,0.67333,0.6752,0.67289,0.67326,14314
1683820800,0.67325,0.67325,0.66882,0.66978,18713
1683835200,0.66978,0.67009,0.66883,0.67007,4840
1683849600,0.67006,0.67053,0.66975,0.67026,3859
1683864000,0.67025,0.67038,0.66845,0.6697,8774
1683878400,0.66969,0.67034,0.66821,0.66906,11773
1683892800,0.66907,0.6695,0.66724,0.66766,6877
1683907200,0.66766,0.66884,0.66392,0.66431,13596
1683921600,0.66431,0.66491,0.66354,0.66404,4909
1684108800,0.66441,0.66525,0.66407,0.66507,4084
1684123200,0.66507,0.66669,0.66488,0.66657,8533
1684137600,0.66657,0.66925,0.66656,0.66832,10581
1684152000,0.66831,0.6691,0.66767,0.66863,8061
1684166400,0.66862,0.67078,0.66748,0.67067,8865
1684180800,0.67067,0.67069,0.66975,0.66986,3476
1684195200,0.66965,0.67087,0.66888,0.67056,3937
1684209600,0.67057,0.67066,0.66792,0.66925,10048
1684224000,0.66925,0.66925,0.66642,0.6688,10100
1684238400,0.6688,0.66954,0.66645,0.66759,10374
1684252800,0.6676,0.66915,0.66504,0.66559,16354
1684267200,0.66559,0.66595,0.66513,0.66538,4384
1684281600,0.66537,0.66601,0.66517,0.66572,3924
1684296000,0.66573,0.66699,0.66437,0.66509,10119
1684310400,0.66509,0.66514,0.66282,0.66377,13261
1684324800,0.66378,0.66635,0.66347,0.66565,9510
1684339200,0.66564,0.66689,0.6639,0.66671,14602
1684353600,0.66671,0.66723,0.66577,0.66579,5442
1684368000,0.66583,0.66667,0.66538,0.66553,4364
1684382400,0.66553,0.66654,0.66283,0.66499,12620
1684396800,0.665,0.66561,0.66288,0.66316,12430
1684411200,0.66315,0.66452,0.66193,0.662,11566
1684425600,0.662,0.66235,0.66042,0.66081,15001
1684440000,0.6608,0.66242,0.66061,0.6622,5822
1684454400,0.66199,0.66349,0.66122,0.66291,6094
1684468800,0.66292,0.66406,0.66158,0.66329,10493
1684483200,0.66328,0.66558,0.66291,0.665,12521
1684497600,0.66501,0.66706,0.66455,0.66599,12002
1684512000,0.66597,0.66741,0.66469,0.66655,21068
1684526400,0.66656,0.66675,0.66438,0.66485,5545
1684713600,0.66399,0.66638,0.66399,0.66621,5163
1684728000,0.66622,0.66668,0.66422,0.66484,12769
1684742400,0.66483,0.66505,0.66264,0.66399,14064
1684756800,0.66398,0.66509,0.66321,0.664,10878
1684771200,0.664,0.66514,0.6634,0.66471,13178
1684785600,0.66469,0.66548,0.66447,0.66507,5011
1684800000,0.66499,0.6661,0.66455,0.66566,3655
1684814400,0.66565,0.66599,0.664,0.66507,9512
1684828800,0.66506,0.66593,0.662,0.66286,12914
1684843200,0.66285,0.66304,0.66095,0.66111,9503
1684857600,0.66112,0.66294,0.66107,0.66131,17019
1684872000,0.66132,0.66183,0.66065,0.6609,5463
1684886400,0.66088,0.66135,0.66063,0.66104,3142
1684900800,0.66105,0.66144,0.65847,0.65956,13221
1684915200,0.65957,0.66009,0.65662,0.65787,17210
1684929600,0.65787,0.65843,0.65599,0.65712,12788
1684944000,0.65711,0.65745,0.65289,0.65363,17209
1684958400,0.65364,0.65447,0.65313,0.65423,9242
1684972800,0.65425,0.65448,0.65362,0.65399,5510
1684987200,0.65399,0.65435,0.65221,0.65252,11249
1685001600,0.65251,0.65417,0.65213,0.65298,13433
1685016000,0.65297,0.65347,0.65143,0.6517,12869
1685030400,0.6517,0.65234,0.64978,0.64981,16493
1685044800,0.6498,0.65158,0.64976,0.65037,6679
1685059200,0.64993,0.65063,0.64896,0.64992,4614
1685073600,0.64993,0.65166,0.64965,0.65148,9587
1685088000,0.65149,0.65273,0.65106,0.65215,12669
1685102400,0.65216,0.65433,0.65177,0.65282,11945
1685116800,0.65282,0.65307,0.64971,0.65135,17166
1685131200,0.65135,0.652,0.65087,0.65169,3967
1685318400,0.65182,0.65295,0.65177,0.65277,3195
1685332800,0.65278,0.65435,0.6525,0.65384,7448
1685347200,0.65385,0.65533,0.65277,0.65422,8586
1685361600,0.65422,0.65455,0.65343,0.65405,5511
1685376000,0.65406,0.65416,0.65339,0.65375,2697
1685390400,0.65376,0.65394,0.65374,0.65384,704
1685404800,0.65379,0.65423,0.65259,0.65392,4376
1685419200,0.65392,0.65583,0.65092,0.65163,12322
1685433600,0.65162,0.6542,0.65021,0.65416,13820
1685448000,0.65416,0.65538,0.6533,0.65343,11699
1685462400,0.65343,0.65376,0.65071,0.65092,14747
1685476800,0.65091,0.65177,0.65023,0.65171,4867
1685491200,0.6516,0.65209,0.65094,0.65158,4279
1685505600,0.65159,0.65376,0.64891,0.64954,13159
1685520000,0.64954,0.64964,0.64741,0.64772,17505
1685534400,0.64772,0.64839,0.64712,0.64716,9583
1685548800,0.64715,0.64936,0.64574,0.64642,21283
1685563200,0.64643,0.65046,0.64621,0.65025,9864
1685577600,0.6501,0.65087,0.64917,0.64917,4131
1685592000,0.64917,0.65188,0.64836,0.65136,12799
1685606400,0.65137,0.65181,0.64853,0.65036,11792
1685620800,0.65037,0.65295,0.65001,0.65271,11281
1685635200,0.6527,0.65806,0.652,0.65774,14943
1685649600,0.65774,0.65804,0.65665,0.65716,3562
1685664000,0.65703,0.6583,0.65644,0.65748,2792
1685678400,0.65747,0.66154,0.65739,0.66058,7442
1685692800,0.66057,0.66295,0.66039,0.66277,8605
1685707200,0.66275,0.66377,0.66012,0.66211,11861
1685721600,0.66212,0.66342,0.66068,0.66114,15582
1685736000,0.66115,0.66134,0.66008,0.66038,3450
1685923200,0.66018,0.66046,0.65935,0.65962,3193
1685937600,0.65962,0.66071,0.65868,0.66027,6938
1685952000,0.66026,0.66088,0.65873,0.65938,8538
1685966400,0.65937,0.66021,0.65785,0.6601,5806
1685980800,0.66009,0.66365,0.66008,0.66217,13878
1685995200,0.66216,0.66222,0.66137,0.66167,4990
1686009600,0.66172,0.66193,0.66101,0.66126,2776
1686024000,0.66126,0.66722,0.66089,0.66641,8745
1686038400,0.66642,0.66843,0.6655,0.66558,13509
1686052800,0.66559,0.6666,0.66437,0.66509,7244
1686067200,0.66508,0.66775,0.66412,0.66717,11016
1686081600,0.66717,0.66768,0.66662,0.66704,3259
1686096000,0.66695,0.66887,0.6654,0.66812,3447
1686110400,0.6681,0.66859,0.66644,0.66789,7917
1686124800,0.6679,0.66895,0.6661,0.66893,8310
1686139200,0.66894,0.67049,0.66819,0.66869,7703
1686153600,0.66869,0.67164,0.66509,0.66543,15611
1686168000,0.66542,0.66573,0.66408,0.6651,5650
1686182400,0.66513,0.66646,0.66499,0.66633,3010
1686196800,0.66634,0.66717,0.66542,0.66612,6885
1686211200,0.66612,0.66894,0.66576,0.66865,8375
1686225600,0.66864,0.6704,0.66769,0.6696,8302
1686240000,0.6696,0.67172,0.66934,0.67137,11481
1686254400,0.67136,0.67148,0.67083,0.67133,3207
1686268800,0.67103,0.67161,0.67047,0.67103,3340
1686283200,0.67104,0.67131,0.66937,0.66959,5268
1686297600,0.66959,0.67232,0.66919,0.67148,8271
1686312000,0.67149,0.67388,0.67046,0.67344,7745
1686326400,0.67343,0.67498,0.67305,0.67404,10657
1686340800,0.67404,0.67427,0.67353,0.67412,2848
1686528000,0.67338,0.67473,0.67336,0.67433,2143
1686542400,0.67432,0.67449,0.67306,0.67383,4143
1686556800,0.67383,0.67724,0.67375,0.67711,6974
1686571200,0.6771,0.67724,0.67567,0.67611,6202
1686585600,0.67612,0.67614,0.674,0.67442,8627
1686600000,0.67443,0.67543,0.67427,0.67496,3068
1686614400,0.67481,0.67568,0.67436,0.67455,3035
1686628800,0.67456,0.67659,0.67371,0.67609,6710
1686643200,0.67608,0.67862,0.67578,0.67781,10452
1686657600,0.6778,0.67986,0.67585,0.67942,12002
1686672000,0.67941,0.68062,0.67652,0.67846,16083
1686686400,0.67846,0.67863,0.67548,0.67653,4219
1686700800,0.67637,0.67732,0.67597,0.67666,2781
1686715200,0.67668,0.67817,0.67642,0.67692,5406
1686729600,0.67693,0.6788,0.67624,0.67833,7905
1686744000,0.67832,0.68057,0.67823,0.68044,7371
1686758400,0.68043,0.68347,0.6803,0.68258,7845
1686772800,0.68257,0.68257,0.67546,0.67969,21865
1686787200,0.67963,0.68012,0.67888,0.67896,3443
1686801600,0.67896,0.68072,0.6765,0.68062,9427
1686816000,0.68062,0.6827,0.67962,0.68084,10203
1686830400,0.68084,0.68197,0.67864,0.6809,11114
1686844800,0.68089,0.68766,0.68059,0.68722,14261
1686859200,0.68721,0.68918,0.68697,0.68817,4326
1686873600,0.68813,0.68849,0.68753,0.68771,2843
1686888000,0.68771,0.68858,0.68661,0.68753,7337
1686902400,0.68752,0.68988,0.68682,0.68832,10924
1686916800,0.68831,0.68875,0.68667,0.68723,8869
1686931200,0.68723,0.688,0.68541,0.68682,15306
1686945600,0.68681,0.68787,0.68658,0.68739,4617
1687132800,0.68762,0.68815,0.68519,0.68548,3112
1687147200,0.68549,0.68585,0.68332,0.68472,7575
1687161600,0.68471,0.68773,0.68463,0.68649,10225
1687176000,0.68649,0.68678,0.68389,0.68493,7824
1687190400,0.68492,0.68511,0.68418,0.68433,5149
1687204800,0.68434,0.68487,0.68431,0.68482,1435
1687219200,0.68469,0.68541,0.68416,0.68466,3803
1687233600,0.68467,0.68518,0.67971,0.68003,10892
1687248000,0.68002,0.68111,0.67872,0.67926,11938
1687262400,0.67927,0.6798,0.67683,0.67743,8960
1687276800,0.67743,0.67772,0.67521,0.67767,14679
1687291200,0.67767,0.67895,0.6773,0.67863,5101
1687305600,0.6786,0.67927,0.67804,0.67806,3710
1687320000,0.67806,0.67987,0.67762,0.67925,8737
1687334400,0.67925,0.67943,0.67592,0.67605,12499
1687348800,0.67606,0.67735,0.6747,0.67553,11171
1687363200,0.67551,0.67929,0.674,0.67922,17513
1687377600,0.67922,0.68037,0.67871,0.67958,5545
1687392000,0.67948,0.68018,0.67875,0.67983,3476
1687406400,0.67984,0.68052,0.67613,0.67625,6764
1687420800,0.67626,0.67938,0.67559,0.67866,11888
1687435200,0.67866,0.67973,0.677,0.67701,12395
1687449600,0.67701,0.67729,0.67478,0.67503,15308
1687464000,0.67504,0.67609,0.67437,0.67555,4669
1687478400,0.6754,0.67666,0.67497,0.6763,4588
1687492800,0.67631,0.67648,0.66908,0.66939,15799
1687507200,0.66939,0.67069,0.66861,0.66877,15454
1687521600,0.66877,0.66965,0.66619,0.6674,9284
1687536000,0.66739,0.66866,0.66656,0.66804,13764
1687550400,0.66805,0.66851,0.6674,0.66745,3823
1687737600,0.66774,0.66832,0.66692,0.66775,4654
1687752000,0.66775,0.66929,0.66728,0.66835,9674
1687766400,0.66836,0.66838,0.66675,0.66694,10462
1687780800,0.66692,0.66839,0.66684,0.66763,6623
1687795200,0.66763,0.66827,0.66667,0.66798,9969
1687809600,0.66799,0.66822,0.66731,0.66736,3006
1687824000,0.66717,0.66852,0.6665,0.66771,4300
1687838400,0.6677,0.67196,0.66762,0.6715,10962
1687852800,0.67151,0.67198,0.66864,0.66872,10673
1687867200,0.66872,0.67055,0.66807,0.66966,9902
1687881600,0.66966,0.67136,0.66775,0.66838,15015
1687896000,0.66839,0.66903,0.66816,0.66846,3603
1687910400,0.66832,0.66883,0.6663,0.66679,4444
1687924800,0.66681,0.66734,0.66173,0.6643,13193
1687939200,0.6643,0.6651,0.66318,0.66332,10264
1687953600,0.66333,0.66437,0.66033,0.66047,8800
1687968000,0.66047,0.66223,0.6596,0.66165,15400
1687982400,0.66166,0.66184,0.65977,0.65993,4156
1687996800,0.66002,0.6604,0.65945,0.66004,3534
1688011200,0.66005,0.66262,0.66005,0.66087,10375
1688025600,0.66088,0.66287,0.66034,0.66191,8161
1688040000,0.66191,0.66394,0.66046,0.66097,8759
1688054400,0.66097,0.66339,0.65981,0.6626,14467
1688068800,0.6626,0.66272,0.66133,0.6616,4078
1688083200,0.66156,0.66204,0.66024,0.66077,3318
1688097600,0.6608,0.66328,0.66035,0.66271,10614
1688112000,0.66272,0.66368,0.66132,0.66169,9660
1688126400,0.66169,0.66507,0.66162,0.66433,8771
1688140800,0.66432,0.6668,0.66393,0.66679,15407
1688155200,0.66679,0.66705,0.66579,0.66585,4196
1688342400,0.66598,0.66638,0.66515,0.66529,2939
1688356800,0.66528,0.66729,0.66361,0.66701,8455
1688371200,0.667,0.66743,0.66385,0.66562,9456
1688385600,0.66561,0.66645,0.66451,0.66615,7116
1688400000,0.66614,0.66908,0.66585,0.66725,12029
1688414400,0.66723,0.66771,0.66689,0.66702,2132
1688428800,0.66688,0.66829,0.66636,0.66779,2909
1688443200,0.66778,0.66864,0.66423,0.66456,8942
1688457600,0.66456,0.66875,0.66406,0.66787,8565
1688472000,0.66788,0.66944,0.66777,0.66934,6100
1688486400,0.66934,0.67045,0.6689,0.66949,4956
1688500800,0.6695,0.66974,0.66894,0.66904,1459
1688515200,0.66887,0.66977,0.66845,0.6693,2932
1688529600,0.66931,0.66962,0.66784,0.66803,6416
1688544000,0.66802,0.66887,0.66638,0.66707,8591
1688558400,0.66708,0.66774,0.66571,0.66646,6834
1688572800,0.66646,0.66841,0.66583,0.66617,10921
1688587200,0.66617,0.66696,0.66523,0.66532,4253
1688601600,0.6653,0.66559,0.66496,0.6653,2101
1688616000,0.6653,0.6671,0.66325,0.66523,8151
1688630400,0.66524,0.66861,0.66484,0.66685,11129
1688644800,0.66684,0.66869,0.66309,0.66384,12942
1688659200,0.66385,0.66468,0.65982,0.66203,18178
1688673600,0.66204,0.66267,0.66183,0.66239,3605
1688688000,0.66238,0.66303,0.66195,0.66241,3157
1688702400,0.66242,0.66397,0.66239,0.66349,7648
1688716800,0.66349,0.66421,0.66243,0.66391,9891
1688731200,0.66392,0.66585,0.66219,0.66307,12360
1688745600,0.66306,0.66997,0.66188,0.66994,19945
1688760000,0.66993,0.66997,0.66835,0.66889,3891
1688947200,0.66804,0.66948,0.66796,0.6682,4170
1688961600,0.66819,0.66946,0.66607,0.66649,9438
1688976000,0.66649,0.66668,0.66399,0.66458,10341
1688990400,0.66458,0.66461,0.66227,0.66255,10539
1689004800,0.66256,0.66711,0.66256,0.66706,15214
1689019200,0.66706,0.66793,0.66705,0.66744,5053
1689033600,0.66724,0.669,0.66682,0.66854,3984
1689048000,0.66855,0.66911,0.66753,0.66883,11449
1689062400,0.66882,0.6694,0.66604,0.66643,15002
1689076800,0.66642,0.6677,0.66515,0.66543,11686
1689091200,0.66545,0.66686,0.665,0.66684,14621
1689105600,0.66684,0.66872,0.66663,0.66846,5272
1689120000,0.66833,0.67168,0.66799,0.67106,5492
1689134400,0.67107,0.67408,0.67099,0.67212,13674
1689148800,0.67213,0.67225,0.66819,0.66867,13470
1689163200,0.66867,0.67506,0.66828,0.6728,16408
1689177600,0.6728,0.67944,0.67269,0.67916,26414
1689192000,0.67916,0.67951,0.67832,0.67879,7760
1689206400,0.67862,0.67984,0.67797,0.6788,4101
1689220800,0.6788,0.68194,0.67843,0.68096,12871
1689235200,0.68095,0.68497,0.68039,0.68429,15935
1689249600,0.68428,0.68689,0.68373,0.68647,14629
1689264000,0.68646,0.68938,0.68628,0.6877,18038
1689278400,0.68772,0.68918,0.68742,0.68879,6114
1689292800,0.68855,0.68918,0.68767,0.68768,4338
1689307200,0.68769,0.68941,0.68748,0.68903,10552
1689321600,0.68902,0.6891,0.68608,0.68711,11486
1689336000,0.68712,0.68787,0.68539,0.68646,11318
1689350400,0.68646,0.68693,0.68396,0.6847,23012
1689364800,0.68471,0.68482,0.68296,0.68369,6001
1689552000,0.68303,0.68392,0.68288,0.68303,3452
1689566400,0.68303,0.68348,0.68055,0.68165,11185
1689580800,0.68165,0.6823,0.68032,0.68147,11362
1689595200,0.68148,0.68188,0.67939,0.67995,11491
1689609600,0.67996,0.6823,0.67867,0.68214,14207
1689624000,0.68214,0.6828,0.6814,0.6816,4003
1689638400,0.68158,0.68181,0.68065,0.68105,4794
1689652800,0.68106,0.68363,0.68067,0.68222,15211
1689667200,0.68221,0.68334,0.68045,0.68074,14884
1689681600,0.68075,0.6822,0.67883,0.6802,15929
1689696000,0.6802,0.68288,0.67894,0.68034,20732
1689710400,0.68032,0.68129,0.68011,0.681,4850
1689724800,0.68082,0.68192,0.68013,0.68049,5788
1689739200,0.68049,0.68096,0.67776,0.67842,14215
1689753600,0.67843,0.67981,0.67628,0.67654,17256
1689768000,0.67654,0.6775,0.67544,0.67683,13450
1689782400,0.67683,0.67872,0.67493,0.67659,19908
1689796800,0.67658,0.67771,0.67646,0.67692,6872
1689811200,0.67669,0.67874,0.67629,0.67843,4641
1689825600,0.67843,0.68389,0.67835,0.6831,16007
1689840000,0.68311,0.68343,0.68055,0.68302,14004
1689854400,0.68301,0.68458,0.68038,0.68123,13604
1689868800,0.68123,0.68175,0.67695,0.67726,20785
1689883200,0.67726,0.67869,0.67726,0.67779,6994
1689897600,0.67769,0.67811,0.67676,0.67738,4220
1689912000,0.67738,0.67826,0.67583,0.67777,12209
1689926400,0.67778,0.67868,0.67435,0.67454,15443
1689940800,0.67455,0.67546,0.67323,0.67331,12333
1689955200,0.6733,0.67417,0.67216,0.67364,14426
1689969600,0.67365,0.67371,0.67258,0.67301,3307
1690156800,0.67271,0.67323,0.67204,0.67291,3298
1690171200,0.67292,0.674,0.67142,0.673,10434
1690185600,0.67299,0.67422,0.67243,0.67302,14970
1690200000,0.67302,0.67553,0.67259,0.67339,11950
1690214400,0.67339,0.67511,0.67218,0.67489,19280
1690228800,0.67489,0.67532,0.67355,0.67387,5169
1690243200,0.67354,0.67402,0.67244,0.67316,5651
1690257600,0.67315,0.67706,0.6731,0.6757,13716
1690272000,0.67571,0.67779,0.67558,0.67766,15365
1690286400,0.67767,0.6777,0.67555,0.6772,9235
1690300800,0.6772,0.67919,0.67521,0.67813,13521
1690315200,0.67813,0.67937,0.67799,0.67906,5591
1690329600,0.67859,0.67917,0.67704,0.6776,4899
1690344000,0.67759,0.678,0.67282,0.6759,13315
1690358400,0.67591,0.67752,0.67584,0.67643,12239
1690372800,0.67643,0.67665,0.6734,0.67356,9642
1690387200,0.67357,0.67634,0.673,0.67518,14621
1690401600,0.67518,0.67826,0.67342,0.67591,25355
1690416000,0.67577,0.67712,0.67533,0.67703,4446
1690430400,0.67702,0.68203,0.67699,0.68107,12860
1690444800,0.68107,0.68179,0.67852,0.68115,15181
1690459200,0.68116,0.68151,0.67711,0.67786,16091
1690473600,0.67785,0.67793,0.67206,0.6735,23527
1690488000,0.67352,0.67484,0.66973,0.67065,13914
1690502400,0.67053,0.67126,0.6695,0.66966,5673
1690516800,0.66967,0.67069,0.66419,0.66508,21792
1690531200,0.66507,0.66695,0.66217,0.66417,19698
1690545600,0.66416,0.66845,0.66395,0.66634,13496
1690560000,0.66634,0.66749,0.66491,0.66613,15902
1690574400,0.66612,0.66623,0.66446,0.66456,5392
1690761600,0.66435,0.66684,0.66433,0.66663,5614
1690776000,0.66664,0.66808,0.66575,0.66743,13431
1690790400,0.66743,0.66995,0.667,0.66924,13984
1690804800,0.66923,0.67174,0.66911,0.67112,9142
1690819200,0.67112,0.67385,0.67024,0.67237,13322
1690833600,0.67237,0.67287,0.67129,0.67171,3695
1690848000,0.67162,0.67225,0.67104,0.67125,3923
1690862400,0.67126,0.67166,0.66566,0.66744,13115
1690876800,0.66744,0.66781,0.66246,0.66347,13051
1690891200,0.66347,0.66389,0.66046,0.66057,12913
1690905600,0.66058,0.66316,0.66035,0.66051,16848
1690920000,0.6605,0.66151,0.66012,0.66119,5027
1690934400,0.66113,0.66221,0.66052,0.66136,6254
1690948800,0.66136,0.66288,0.65777,0.65846,11195
1690963200,0.65846,0.65916,0.65644,0.6583,12802
1690977600,0.65829,0.65912,0.65616,0.6562,13153
1690992000,0.6562,0.6566,0.6526,0.65496,16224
1691006400,0.65498,0.65528,0.65357,0.65359,5155
1691020800,0.65351,0.65442,0.65304,0.65341,3954
1691035200,0.6534,0.65547,0.65254,0.65255,11302
1691049600,0.65255,0.65415,0.65133,0.65167,17335
1691064000,0.65169,0.65479,0.65166,0.65354,17656
1691078400,0.65353,0.65676,0.65244,0.65605,20123
1691092800,0.65605,0.65617,0.6541,0.65499,5543
1691107200,0.65481,0.65701,0.65362,0.657,4195
1691121600,0.657,0.65865,0.65573,0.65702,13123
1691136000,0.65703,0.65784,0.65531,0.65572,11061
1691150400,0.65572,0.65854,0.65446,0.65755,16629
1691164800,0.65753,0.66086,0.65727,0.66045,22214
1691179200,0.66046,0.66053,0.65616,0.65677,7886
1691366400,0.65716,0.65821,0.65671,0.65812,4247
1691380800,0.65812,0.6592,0.65693,0.65726,9499
1691395200,0.65727,0.65805,0.65569,0.65637,10644
1691409600,0.65638,0.65799,0.65544,0.65794,9353
1691424000,0.65795,0.65855,0.65552,0.65673,14083
1691438400,0.65673,0.65761,0.65644,0.6574,5069
1691452800,0.65727,0.65751,0.65653,0.65673,3164
1691467200,0.65672,0.6568,0.65354,0.65461,13829
1691481600,0.65462,0.65497,0.65154,0.6525,12786
1691496000,0.6525,0.65263,0.64985,0.65073,12835
1691510400,0.65074,0.65259,0.64956,0.65195,16402
1691524800,0.65195,0.65431,0.65192,0.65419,4985
1691539200,0.65413,0.65427,0.65282,0.65285,4335
1691553600,0.65285,0.65629,0.6527,0.65533,11612
1691568000,0.65534,0.65704,0.65507,0.65565,12388
1691582400,0.65565,0.65578,0.65263,0.65322,10235
1691596800,0.65323,0.65489,0.6519,0.65278,16508
1691611200,0.65278,0.65406,0.65275,0.65276,4752
1691625600,0.6527,0.65365,0.65226,0.65301,3010
1691640000,0.653,0.6545,0.65254,0.65376,7955
1691654400,0.65377,0.6562,0.65367,0.65508,11119
1691668800,0.65507,0.66157,0.65495,0.65847,16026
1691683200,0.65846,0.65874,0.65469,0.65496,25985
1691697600,0.65494,0.65506,0.65138,0.65143,11592
1691712000,0.65147,0.65216,0.65088,0.65208,3349
1691726400,0.65209,0.65327,0.65151,0.65203,9738
1691740800,0.65202,0.65317,0.65106,0.65216,12732
1691755200,0.65215,0.65309,0.6504,0.65053,14367
1691769600,0.65052,0.65245,0.64866,0.649,21191
1691784000,0.64899,0.64969,0.64851,0.64936,5253
1691971200,0.64914,0.64978,0.64764,0.64765,3951
1691985600,0.64765,0.64784,0.64558,0.64692,12495
1692000000,0.64692,0.64969,0.64674,0.64872,14231
1692014400,0.64873,0.65021,0.64711,0.64779,9954
1692028800,0.6478,0.65017,0.64531,0.64937,18979
1692043200,0.64936,0.64975,0.64775,0.64864,4393
1692057600,0.64832,0.64904,0.64747,0.64857,3105
1692072000,0.64859,0.65105,0.64618,0.65023,14012
1692086400,0.65024,0.6521,0.64613,0.6475,18246
1692100800,0.64751,0.64835,0.64551,0.64706,19347
1692115200,0.64705,0.64929,0.64646,0.6468,26920
1692129600,0.6468,0.647,0.64506,0.64535,7379
1692144000,0.64537,0.64585,0.64391,0.64405,4705
1692158400,0.64406,0.64592,0.64271,0.64512,14382
1692172800,0.64512,0.64796,0.64435,0.6472,15352
1692187200,0.6472,0.64734,0.64356,0.64359,10950
1692201600,0.64359,0.64678,0.64299,0.64322,20615
1692216000,0.64321,0.64434,0.64149,0.64229,12206
1692230400,0.64218,0.64247,0.63993,0.63993,5435
1692244800,0.63992,0.64039,0.63636,0.63916,16993
1692259200,0.63917,0.64078,0.63775,0.6395,13606
1692273600,0.63949,0.64496,0.63919,0.64365,17760
1692288000,0.64365,0.64463,0.64076,0.64188,21983
1692302400,0.64189,0.64196,0.63944,0.64023,8876
1692316800,0.64024,0.64186,0.63981,0.64142,5004
1692331200,0.64142,0.64282,0.63944,0.63976,11873
1692345600,0.63977,0.64152,0.63917,0.63973,14573
1692360000,0.63974,0.64048,0.63782,0.63862,12750
1692374400,0.63863,0.64144,0.63854,0.64131,18564
1692388800,0.64131,0.64169,0.64005,0.6403,5282
1692576000,0.6405,0.64174,0.64001,0.64086,3463
1692590400,0.64085,0.64145,0.63934,0.64023,10680
1692604800,0.64023,0.64105,0.6392,0.6398,13433
1692619200,0.63981,0.64206,0.6398,0.64128,12133
1692633600,0.64129,0.64191,0.63863,0.6405,17826
1692648000,0.64051,0.64193,0.64035,0.64127,5094
1692662400,0.64117,0.64174,0.64055,0.64101,4095
1692676800,0.64102,0.64279,0.64025,0.64163,10188
1692691200,0.64162,0.64466,0.64124,0.64368,14250
1692705600,0.64366,0.64569,0.64263,0.64271,11132
1692720000,0.64271,0.64366,0.64079,0.642,19183
1692734400,0.64199,0.64263,0.64151,0.64215,5305
1692748800,0.64211,0.64383,0.64197,0.64323,3254
1692763200,0.64322,0.64508,0.64309,0.64359,9737
1692777600,0.64358,0.64424,0.64152,0.64291,14222
1692792000,0.64293,0.6431,0.64101,0.64129,10268
1692806400,0.64129,0.64733,0.64122,0.64715,19414
1692820800,0.64715,0.64808,0.64658,0.64806,5106
1692835200,0.64784,0.64871,0.64707,0.6476,3802
1692849600,0.6476,0.64871,0.64666,0.64838,9640
1692864000,0.6484,0.64869,0.64557,0.64572,10567
1692878400,0.64571,0.64597,0.64258,0.64299,12410
1692892800,0.643,0.64471,0.64209,0.64241,20272
1692907200,0.64241,0.64282,0.64118,0.64154,5760
1692921600,0.64149,0.64198,0.64107,0.64145,3806
1692936000,0.64146,0.64189,0.64032,0.64032,8588
1692950400,0.64033,0.64259,0.64011,0.6424,11250
1692964800,0.6424,0.6431,0.64156,0.64258,8748
1692979200,0.64259,0.64405,0.63793,0.64049,31657
1692993600,0.6405,0.64254,0.64001,0.64026,6769
1693180800,0.64045,0.64246,0.64045,0.64205,3875
1693195200,0.64205,0.64386,0.64204,0.64283,10958
1693209600,0.64281,0.64345,0.64036,0.64082,9461
1693224000,0.64081,0.64237,0.64009,0.64213,7495
1693238400,0.64212,0.64296,0.64131,0.64276,11297
1693252800,0.64276,0.64286,0.64183,0.64277,4177
1693267200,0.64259,0.64329,0.64214,0.64248,3985
1693281600,0.64249,0.64532,0.64243,0.64428,7779
1693296000,0.64427,0.64532,0.64339,0.64354,10832
1693310400,0.64356,0.64536,0.64005,0.64033,12640
1693324800,0.64033,0.64676,0.64004,0.64604,24185
1693339200,0.64604,0.6486,0.64602,0.64796,6740
1693353600,0.64766,0.64813,0.64684,0.6477,3321
1693368000,0.6477,0.64779,0.64486,0.64715,11725
1693382400,0.64716,0.64805,0.64532,0.64583,13193
1693396800,0.64583,0.65162,0.64562,0.65082,15814
1693411200,0.65082,0.65212,0.64793,0.64825,18674
1693425600,0.64826,0.64884,0.64687,0.64748,4878
1693440000,0.64743,0.64858,0.64695,0.64853,3837
1693454400,0.64852,0.65069,0.648,0.6482,8888
1693468800,0.64819,0.64875,0.64697,0.64713,11096
1693483200,0.64713,0.64937,0.64621,0.6492,14868
1693497600,0.6492,0.64937,0.64602,0.64694,22213
1693512000,0.64695,0.64842,0.6469,0.64829,5086
1693526400,0.64809,0.6488,0.64733,0.64737,3157
1693540800,0.64738,0.64991,0.64636,0.6472,10161
1693555200,0.64719,0.64776,0.64451,0.64701,9490
1693569600,0.64701,0.65209,0.64672,0.65087,14957
1693584000,0.65088,0.65104,0.64376,0.64476,33236
1693598400,0.64477,0.64548,0.64446,0.64485,4650
1693785600,0.64439,0.64637,0.64403,0.64602,3064
1693800000,0.64601,0.6474,0.6452,0.64652,8406
1693814400,0.64652,0.64797,0.646,0.64621,8807
1693828800,0.64621,0.64703,0.64577,0.64595,5489
1693843200,0.64596,0.64654,0.64511,0.64587,5234
1693857600,0.64586,0.64622,0.64582,0.64598,1194
1693872000,0.64568,0.64637,0.64477,0.64503,3179
1693886400,0.64502,0.64522,0.64152,0.64246,11460
1693900800,0.64245,0.64275,0.63693,0.63762,17006
1693915200,0.63761,0.63842,0.63567,0.63797,13098
1693929600,0.63799,0.63866,0.63637,0.6383,21065
1693944000,0.63831,0.63844,0.63752,0.63778,4170
1693958400,0.63778,0.638,0.63625,0.63646,3052
1693972800,0.63646,0.63827,0.63564,0.63824,9043
1693987200,0.63825,0.64038,0.63775,0.63892,14701
1694001600,0.63892,0.64002,0.63803,0.63871,9158
1694016000,0.63871,0.64014,0.63625,0.63771,22609
1694030400,0.63771,0.63842,0.63736,0.63803,4544
1694044800,0.63777,0.63833,0.63708,0.63756,3223
1694059200,0.63755,0.63843,0.63613,0.63647,8291
1694073600,0.63646,0.6392,0.63642,0.63838,11701
1694088000,0.63839,0.63905,0.63698,0.6389,10849
1694102400,0.63891,0.63941,0.63656,0.63753,16661
1694116800,0.63754,0.63839,0.63737,0.63751,4333
1694131200,0.63743,0.63881,0.63725,0.63811,3374
1694145600,0.63811,0.6395,0.63663,0.63856,7949
1694160000,0.63855,0.64139,0.63855,0.63928,11171
1694174400,0.63928,0.64066,0.63869,0.63928,9653
1694188800,0.63928,0.64061,0.63744,0.63767,10737
1694203200,0.63768,0.6381,0.63696,0.63757,3063
1694390400,0.63843,0.64015,0.6373,0.63922,5032
1694404800,0.63921,0.64365,0.63909,0.64361,11494
1694419200,0.64361,0.64429,0.643,0.64346,10725
1694433600,0.64345,0.64401,0.64225,0.64347,7831
1694448000,0.64346,0.64485,0.64269,0.64344,11531
1694462400,0.64343,0.64356,0.64247,0.64299,3057
1694476800,0.64293,0.64323,0.64194,0.64204,3114
1694491200,0.64202,0.64385,0.6415,0.64265,8436
1694505600,0.64265,0.6439,0.64202,0.64272,9264
1694520000,0.64271,0.64286,0.64119,0.64147,7385
1694534400,0.64146,0.64268,0.64076,0.64186,9228
1694548800,0.64186,0.64272,0.64165,0.64267,4895
1694563200,0.64239,0.6432,0.64153,0.64214,3393
1694577600,0.64216,0.64279,0.63984,0.64086,9093
1694592000,0.64086,0.64157,0.63983,0.64119,10279
1694606400,0.64121,0.6422,0.63792,0.641,15572
1694620800,0.64101,0.64333,0.64037,0.64272,17025
1694635200,0.64271,0.6432,0.64114,0.64201,4722
1694649600,0.642,0.64474,0.64148,0.64462,3721
1694664000,0.64462,0.64523,0.64197,0.64379,8988
1694678400,0.64379,0.64471,0.64278,0.64331,8654
1694692800,0.64331,0.64499,0.6418,0.64399,17533
1694707200,0.64399,0.64585,0.64265,0.64474,20495
1694721600,0.64474,0.64483,0.64292,0.64397,4761
1694736000,0.64367,0.64469,0.64288,0.64413,4791
1694750400,0.64413,0.64726,0.64371,0.64714,8358
1694764800,0.64715,0.64721,0.64486,0.64495,10280
1694779200,0.64495,0.64602,0.64394,0.64396,9220
1694793600,0.64397,0.64565,0.64309,0.64363,17274
1694808000,0.64364,0.64376,0.64239,0.64301,4674
1694995200,0.64324,0.64428,0.64254,0.64397,2699
1695009600,0.64398,0.64465,0.64263,0.64436,6901
1695024000,0.64436,0.64481,0.64294,0.64371,9477
1695038400,0.64371,0.64408,0.64279,0.64291,7322
1695052800,0.64292,0.64443,0.64158,0.64372,12509
1695067200,0.64373,0.64407,0.64319,0.6436,3635
1695081600,0.64346,0.64469,0.6431,0.64354,3359
1695096000,0.64354,0.64384,0.64281,0.64369,6361
1695110400,0.64369,0.64579,0.64268,0.64498,8627
1695124800,0.64498,0.64729,0.64461,0.64696,7960
1695139200,0.64696,0.64707,0.64512,0.64543,12149
1695153600,0.64541,0.64592,0.64522,0.64531,3628
1695168000,0.64514,0.64646,0.64498,0.64557,3303
1695182400,0.64557,0.64578,0.64472,0.64496,6199
1695196800,0.64496,0.64651,0.64479,0.64649,10228
1695211200,0.64649,0.64874,0.64625,0.64847,7226
1695225600,0.64847,0.65104,0.64817,0.65095,10425
1695240000,0.65096,0.65096,0.64389,0.64467,20194
1695254400,0.64452,0.64515,0.64205,0.64232,5318
1695268800,0.64232,0.64261,0.64019,0.64051,8625
1695283200,0.64054,0.64216,0.64011,0.64053,11092
1695297600,0.64053,0.64091,0.63846,0.64007,13720
1695312000,0.64007,0.64269,0.63948,0.64169,15047
1695326400,0.6417,0.64311,0.64119,0.64142,4854
1695340800,0.64137,0.64179,0.6403,0.64103,3253
1695355200,0.64102,0.64264,0.64031,0.64245,7965
1695369600,0.64247,0.64393,0.64168,0.6437,13740
1695384000,0.64369,0.64602,0.64347,0.64563,9350
1695398400,0.64565,0.64643,0.64465,0.64483,13301
1695412800,0.64482,0.64508,0.64353,0.64391,5243
1695600000,0.64385,0.64457,0.64344,0.64428,3278
1695614400,0.64428,0.64442,0.64211,0.64264,6640
1695628800,0.64264,0.64279,0.64122,0.64143,7812
1695643200,0.64142,0.64346,0.64131,0.64234,8487
1695657600,0.64233,0.64291,0.64033,0.64178,13659
1695672000,0.64177,0.6426,0.64165,0.64226,3846
1695686400,0.64206,0.64245,0.64149,0.64179,3331
1695700800,0.64178,0.64295,0.64147,0.64166,7293
1695715200,0.64165,0.64187,0.63865,0.64063,12662
1695729600,0.64063,0.6418,0.63982,0.64163,10277
1695744000,0.64162,0.64205,0.63997,0.64055,15194
1695758400,0.64055,0.64094,0.63906,0.6396,5221
1695772800,0.63957,0.64018,0.63856,0.63899,3298
1695787200,0.63901,0.64082,0.63756,0.63821,9272
1695801600,0.6382,0.63846,0.637,0.63802,8514
1695816000,0.63802,0.6381,0.63606,0.63753,8930
1695830400,0.63752,0.63865,0.63528,0.63543,14995
1695844800,0.63542,0.63657,0.63304,0.63519,9945
1695859200,0.6352,0.63611,0.63438,0.63592,4771
1695873600,0.63593,0.63765,0.63582,0.63748,8032
1695888000,0.6375,0.63804,0.63629,0.63768,11209
1695902400,0.63767,0.64036,0.63696,0.6388,13170
1695916800,0.63879,0.64314,0.63862,0.64216,22234
1695931200,0.64217,0.64276,0.6415,0.64276,8048
1695945600,0.64242,0.64303,0.64167,0.64229,2802
1695960000,0.6423,0.646,0.64222,0.64564,6575
1695974400,0.64564,0.64853,0.64541,0.64808,10469
1695988800,0.64808,0.65001,0.6477,0.64924,11392
1696003200,0.64924,0.64934,0.64393,0.64396,19510
1696017600,0.64395,0.64405,0.64214,0.64332,8069
1696204800,0.642,0.64442,0.64199,0.64286,3877
1696219200,0.64286,0.64347,0.64037,0.64038,4838
1696233600,0.64038,0.64253,0.63934,0.64042,9042
1696248000,0.64042,0.64064,0.63888,0.63889,8218
1696262400,0.63889,0.63909,0.63624,0.63644,19633
1696276800,0.63644,0.63748,0.6362,0.63639,7314
1696291200,0.63628,0.6366,0.63528,0.63615,3745
1696305600,0.63615,0.63622,0.63134,0.63166,7970
1696320000,0.63164,0.63308,0.63046,0.63214,11167
1696334400,0.63214,0.63219,0.62937,0.63013,9999
1696348800,0.63014,0.63167,0.62856,0.62981,29033
1696363200,0.62981,0.63058,0.62846,0.63015,7855
1696377600,0.63021,0.6314,0.62965,0.63094,4068
1696392000,0.63094,0.63234,0.62856,0.63193,9585
1696406400,0.63194,0.63253,0.63007,0.63223,11625
1696420800,0.63224,0.63414,0.63142,0.63359,14202
1696435200,0.63359,0.634,0.63053,0.63295,21768
1696449600,0.63294,0.63327,0.63167,0.63236,7867
1696464000,0.6323,0.63456,0.63192,0.63433,3575
1696478400,0.63433,0.63768,0.63432,0.63715,7757
1696492800,0.63712,0.63713,0.63301,0.63315,9679
1696507200,0.63314,0.63501,0.63263,0.63421,11803
1696521600,0.63422,0.63594,0.63356,0.63574,21012
1696536000,0.63574,0.63728,0.63526,0.63694,5888
1696550400,0.63692,0.63734,0.63604,0.63671,2884
1696564800,0.63671,0.6381,0.63636,0.63668,6056
1696579200,0.63668,0.63697,0.6354,0.63632,9079
1696593600,0.63631,0.63662,0.63116,0.63248,16071
1696608000,0.63249,0.63942,0.63189,0.63784,30847
1696622400,0.63783,0.63994,0.63758,0.63823,5909
1696809600,0.63564,0.63793,0.63437,0.63793,6295
1696824000,0.63793,0.63802,0.63463,0.63474,6544
1696838400,0.63473,0.63621,0.6342,0.63586,11393
1696852800,0.63587,0.63678,0.63552,0.63663,8338
1696867200,0.63665,0.63853,0.63662,0.63767,12892
1696881600,0.63768,0.6414,0.6376,0.64093,5247
1696896000,0.64094,0.64265,0.64068,0.64164,3849
1696910400,0.64165,0.64322,0.6407,0.64088,8334
1696924800,0.64088,0.64255,0.63902,0.64193,15332
1696939200,0.64194,0.64203,0.63892,0.63988,12486
1696953600,0.63987,0.6431,0.63927,0.64263,16623
1696968000,0.64263,0.64311,0.64117,0.64298,7059
1696982400,0.64299,0.64443,0.64263,0.64379,2996
1696996800,0.64378,0.64418,0.64161,0.64192,7433
1697011200,0.64191,0.64335,0.64088,0.64219,12208
1697025600,0.64218,0.64252,0.63989,0.64212,12660
1697040000,0.64211,0.64264,0.63966,0.64026,17888
1697054400,0.64025,0.6414,0.63872,0.64127,7315
1697068800,0.64104,0.64205,0.64059,0.64163,2874
1697083200,0.64163,0.6426,0.64109,0.64218,6178
1697097600,0.64218,0.64299,0.64051,0.64125,9313
1697112000,0.64125,0.64128,0.63721,0.63826,12428
1697126400,0.63826,0.63855,0.63248,0.63269,19164
1697140800,0.63268,0.63276,0.63062,0.63127,8422
1697155200,0.63124,0.63229,0.63089,0.63204,3494
1697169600,0.63203,0.63334,0.63147,0.63156,5808
1697184000,0.63156,0.63306,0.63097,0.63211,9192
1697198400,0.6321,0.63282,0.63037,0.63248,10944
1697212800,0.63249,0.63271,0.62854,0.62931,18221
1697227200,0.6293,0.63008,0.62886,0.62951,5913
1697414400,0.62996,0.6312,0.62986,0.6302,3464
1697428800,0.63024,0.6326,0.63024,0.63216,5018
1697443200,0.63217,0.63314,0.63174,0.63257,9323
1697457600,0.63257,0.63328,0.63161,0.63297,8746
1697472000,0.63297,0.63412,0.6311,0.63412,11646
1697486400,0.63412,0.6344,0.63354,0.63413,4262
1697500800,0.63391,0.63587,0.63309,0.63527,4635
1697515200,0.63528,0.63662,0.63433,0.63529,6808
1697529600,0.6353,0.63622,0.6342,0.63434,8673
1697544000,0.63434,0.6365,0.63356,0.63403,12916
1697558400,0.63403,0.63787,0.63356,0.63704,17971
1697572800,0.63704,0.63705,0.63528,0.63651,6169
1697587200,0.63642,0.63661,0.63513,0.63523,2579
1697601600,0.63524,0.63807,0.63502,0.63764,7927
1697616000,0.63765,0.63924,0.63738,0.63811,10218
1697630400,0.6381,0.63836,0.63541,0.63598,9470
1697644800,0.63599,0.63634,0.63272,0.63337,15704
1697659200,0.63337,0.63536,0.63319,0.63355,8513
1697673600,0.63349,0.63378,0.63116,0.63165,5142
1697688000,0.63164,0.63204,0.6295,0.63014,7660
1697702400,0.63013,0.63101,0.62962,0.63037,10717
1697716800,0.63036,0.63238,0.62973,0.63187,10076
1697731200,0.63186,0.63557,0.63123,0.6346,25112
1697745600,0.63461,0.63557,0.63242,0.6327,13582
1697760000,0.63267,0.63279,0.63092,0.63133,3644
1697774400,0.63133,0.63237,0.63042,0.63142,6188
1697788800,0.63141,0.63191,0.62963,0.63119,10119
1697803200,0.6312,0.63161,0.62985,0.63088,8157
1697817600,0.63086,0.63249,0.63081,0.6318,14429
1697832000,0.63181,0.63239,0.63083,0.63123,7915
1698019200,0.63119,0.63211,0.63067,0.63112,3238
1698033600,0.63111,0.63165,0.63068,0.63099,4577
1698048000,0.63099,0.63184,0.63011,0.63058,7842
1698062400,0.63057,0.63202,0.6288,0.63103,10213
1698076800,0.63104,0.63431,0.63015,0.6343,14492
1698091200,0.63431,0.63478,0.6329,0.63342,5368
1698105600,0.63336,0.63434,0.63291,0.63419,3287
1698120000,0.6342,0.63609,0.63379,0.63577,7533
1698134400,0.63577,0.63781,0.63509,0.63647,11051
1698148800,0.63646,0.63651,0.63524,0.63611,8398
1698163200,0.63612,0.63647,0.63429,0.63465,16955
1698177600,0.63462,0.63591,0.63461,0.63544,4366
1698192000,0.63536,0.63915,0.63502,0.63908,5877
1698206400,0.63908,0.63987,0.63773,0.63851,6747
1698220800,0.63852,0.63863,0.63504,0.63522,9009
1698235200,0.63522,0.63524,0.63273,0.63382,9399
1698249600,0.63382,0.63429,0.63165,0.63188,15754
1698264000,0.63188,0.63208,0.63043,0.63078,7971
1698278400,0.63082,0.63099,0.6275,0.62786,5146
1698292800,0.62788,0.62935,0.62694,0.62763,8503
1698307200,0.62764,0.63122,0.62764,0.63086,10288
1698321600,0.63086,0.63213,0.62916,0.63207,11938
1698336000,0.63208,0.63283,0.63009,0.63018,18242
1698350400,0.63018,0.63299,0.63012,0.63204,7574
1698364800,0.63199,0.6339,0.63177,0.63339,3954
1698379200,0.63338,0.6344,0.63236,0.6343,6526
1698393600,0.6343,0.63509,0.63301,0.63495,7371
1698408000,0.63496,0.63577,0.63355,0.63496,9221
1698422400,0.63496,0.6367,0.63386,0.63396,17824
1698436800,0.63396,0.634,0.63301,0.6332,8351
1698624000,0.63363,0.63537,0.63317,0.63527,4543
1698638400,0.63528,0.63589,0.6348,0.63494,4627
1698652800,0.63495,0.63696,0.63487,0.63683,6476
1698667200,0.63685,0.63778,0.63644,0.63751,8916
1698681600,0.63752,0.63829,0.63605,0.63736,11908
1698696000,0.63736,0.63776,0.63676,0.63694,4739
1698710400,0.63687,0.63727,0.63575,0.63633,4774
1698724800,0.63632,0.6366,0.63405,0.63466,7596
1698739200,0.63467,0.63731,0.63452,0.63688,8261
1698753600,0.63688,0.63692,0.63305,0.63361,11182
1698768000,0.63358,0.63439,0.63136,0.63381,15783
1698782400,0.63381,0.63444,0.63302,0.6335,4614
1698796800,0.63357,0.63425,0.63171,0.63219,4445
1698811200,0.63218,0.63398,0.63183,0.63284,5062
1698825600,0.63285,0.63466,0.63285,0.6334,6204
1698840000,0.6334,0.6367,0.63324,0.63574,12278
1698854400,0.63575,0.63933,0.63542,0.63583,16491
1698868800,0.63578,0.63985,0.63532,0.6398,19808
1698883200,0.63978,0.64359,0.63964,0.64346,5347
1698897600,0.64345,0.64382,0.64208,0.6421,4625
1698912000,0.6421,0.64449,0.64163,0.64415,8933
1698926400,0.64415,0.64551,0.64301,0.64361,13130
1698940800,0.64361,0.64368,0.6412,0.64269,12515
1698955200,0.6427,0.64339,0.64246,0.64329,3642
1698969600,0.64331,0.64331,0.64187,0.64282,3786
1698984000,0.64282,0.64379,0.64267,0.64343,5036
1698998400,0.64344,0.64473,0.64328,0.64409,6424
1699012800,0.64408,0.65077,0.64394,0.65002,18978
1699027200,0.6501,0.65174,0.6478,0.65115,18855
1699041600,0.65116,0.65161,0.65075,0.65106,3174
1699228800,0.65087,0.65185,0.65039,0.65142,5048
1699243200,0.65144,0.65188,0.65034,0.65134,5516
1699257600,0.65133,0.65217,0.65037,0.6506,8088
1699272000,0.6506,0.65113,0.64947,0.6499,6704
1699286400,0.6499,0.65067,0.64923,0.64959,10518
1699300800,0.64959,0.64966,0.64843,0.64878,4060
1699315200,0.64877,0.64914,0.64709,0.64748,4139
1699329600,0.64746,0.64997,0.64294,0.64368,9541
1699344000,0.64367,0.64394,0.64193,0.64206,8317
1699358400,0.64205,0.64273,0.64083,0.6415,8152
1699372800,0.6415,0.64265,0.64029,0.64169,10834
1699387200,0.6417,0.64369,0.64162,0.64343,4352
1699401600,0.64329,0.64352,0.64214,0.64316,3918
1699416000,0.64317,0.64485,0.64291,0.643,5830
1699430400,0.64299,0.64432,0.64206,0.64225,8538
1699444800,0.64224,0.64341,0.64192,0.64257,6807
1699459200,0.64256,0.64347,0.64061,0.64112,13025
1699473600,0.64112,0.64168,0.63964,0.64017,4790
1699488000,0.63976,0.64162,0.63976,0.64134,4137
1699502400,0.64135,0.64162,0.64022,0.64081,5080
1699516800,0.64081,0.64204,0.63946,0.64054,7489
1699531200,0.64054,0.64147,0.63911,0.64114,7798
1699545600,0.64117,0.64274,0.64081,0.64115,10891
1699560000,0.64116,0.64125,0.63625,0.63654,14809
1699574400,0.63655,0.63683,0.63511,0.63619,5733
1699588800,0.63619,0.63632,0.63532,0.63575,4279
1699603200,0.63574,0.63661,0.63513,0.63578,7253
1699617600,0.63578,0.63643,0.63479,0.63621,8216
1699632000,0.63621,0.63627,0.63378,0.6356,13333
1699646400,0.63561,0.63618,0.63509,0.63591,3922
1699833600,0.63559,0.63676,0.63513,0.63603,4503
1699848000,0.63603,0.63642,0.63531,0.63627,3282
1699862400,0.63628,0.63842,0.63613,0.63747,6102
1699876800,0.63746,0.63788,0.63646,0.63668,5353
1699891200,0.63669,0.63904,0.6361,0.63827,9993
1699905600,0.63827,0.63854,0.63746,0.6375,2944
1699920000,0.63706,0.63829,0.63704,0.63771,3067
1699934400,0.6377,0.63798,0.63625,0.63652,3878
1699948800,0.63653,0.63785,0.63597,0.63756,6184
1699963200,0.63757,0.64453,0.63649,0.6441,12474
1699977600,0.64409,0.64959,0.64402,0.6494,20547
1699992000,0.64941,0.65116,0.64935,0.65063,4005
1700006400,0.6507,0.6507,0.64824,0.64905,5223
1700020800,0.64904,0.65042,0.64901,0.65007,5567
1700035200,0.65007,0.6515,0.64921,0.65059,9812
1700049600,0.65059,0.65407,0.6493,0.65078,12544
1700064000,0.65079,0.65308,0.64843,0.65176,15841
1700078400,0.65176,0.65179,0.65035,0.65071,4300
1700092800,0.65067,0.65161,0.64747,0.64805,6007
1700107200,0.64805,0.64811,0.64605,0.64744,6861
1700121600,0.64745,0.6503,0.64712,0.64956,9076
1700136000,0.64957,0.65079,0.64732,0.65066,10327
1700150400,0.65065,0.65068,0.64598,0.64736,17151
1700164800,0.64735,0.648,0.64618,0.64713,3857
1700179200,0.64707,0.64715,0.64582,0.64618,4282
1700193600,0.64617,0.64685,0.64567,0.64679,4274
1700208000,0.6468,0.64897,0.64517,0.64861,10094
1700222400,0.64861,0.65116,0.64852,0.6498,11207
1700236800,0.6498,0.65055,0.64865,0.65028,13899
1700251200,0.65028,0.65151,0.65018,0.65141,3887
1700438400,0.65057,0.65262,0.65,0.65195,5727
1700452800,0.65194,0.65621,0.65161,0.65448,9472
1700467200,0.65448,0.65619,0.65445,0.65617,11621
1700481600,0.65618,0.65622,0.65437,0.65479,8236
1700496000,0.65479,0.6561,0.65337,0.65483,10743
1700510400,0.65481,0.65641,0.65473,0.65558,5336
1700524800,0.65553,0.65765,0.65512,0.65682,6334
1700539200,0.65678,0.65859,0.65628,0.65686,7601
1700553600,0.65686,0.65818,0.65568,0.65578,11700
1700568000,0.65577,0.65848,0.65563,0.65686,8602
1700582400,0.65687,0.65885,0.65587,0.65604,13144
1700596800,0.65603,0.65603,0.65436,0.6555,5354
1700611200,0.65553,0.65688,0.65492,0.65534,4412
1700625600,0.65534,0.65592,0.65391,0.65405,5321
1700640000,0.65405,0.65576,0.65267,0.6553,9745
1700654400,0.6553,0.65682,0.65473,0.65517,11469
1700668800,0.65518,0.65536,0.65204,0.65391,16631
1700683200,0.65389,0.65447,0.65359,0.65416,3763
1700697600,0.65415,0.65533,0.65372,0.65519,4271
1700712000,0.6552,0.6563,0.65463,0.65624,4828
1700726400,0.65625,0.6574,0.65581,0.65616,9789
1700740800,0.65616,0.65697,0.65499,0.65569,6121
1700755200,0.6557,0.65645,0.65514,0.65596,4567
1700769600,0.65596,0.65602,0.65556,0.6558,848
1700784000,0.65577,0.65688,0.65518,0.65625,3960
1700798400,0.65626,0.6568,0.65489,0.6568,3980
1700812800,0.6568,0.65703,0.65547,0.65621,6852
1700827200,0.6562,0.65769,0.65603,0.65688,5708
1700841600,0.65689,0.65899,0.6566,0.65888,8026
1700856000,0.65886,0.659,0.65787,0.65822,2598
1701043200,0.65805,0.65938,0.65753,0.65867,4539
1701057600,0.65866,0.65872,0.65659,0.65745,6025
1701072000,0.65744,0.65997,0.65744,0.65955,7669
1701086400,0.65954,0.66133,0.65905,0.66001,8529
1701100800,0.66,0.66026,0.65859,0.65924,11321
1701115200,0.65925,0.66111,0.65902,0.66058,4074
1701129600,0.66053,0.66241,0.66008,0.66177,4993
1701144000,0.66176,0.6631,0.66117,0.66131,5247
1701158400,0.66131,0.66219,0.65954,0.66145,7805
1701172800,0.66145,0.66206,0.66055,0.662,7497
1701187200,0.66199,0.66649,0.66172,0.66466,19327
1701201600,0.66467,0.66538,0.6631,0.66476,5561
1701216000,0.66473,0.66755,0.6636,0.66565,8462
1701230400,0.66566,0.66588,0.66399,0.66436,6664
1701244800,0.66437,0.66438,0.66203,0.66255,10204
1701259200,0.66254,0.66298,0.66116,0.66144,12559
1701273600,0.66144,0.66351,0.66048,0.66202,16191
1701288000,0.66202,0.66331,0.66108,0.66162,4477
1701302400,0.66164,0.66276,0.66131,0.66194,5037
1701316800,0.66195,0.66476,0.66182,0.6638,6014
1701331200,0.6638,0.66495,0.66106,0.66123,9342
1701345600,0.66122,0.66192,0.65868,0.65902,13342
1701360000,0.65903,0.66337,0.657,0.6604,25538
1701374400,0.66041,0.66125,0.6599,0.66047,5513
1701388800,0.66043,0.66269,0.66015,0.66257,5304
1701403200,0.66256,0.66285,0.65996,0.66118,6746
1701417600,0.66118,0.66343,0.65986,0.66301,8652
1701432000,0.663,0.66305,0.66063,0.66102,8571
1701446400,0.66103,0.66722,0.6609,0.66706,25538
1701460800,0.66705,0.66748,0.6665,0.6674,6786
1701648000,0.66667,0.66894,0.66643,0.66752,7861
1701662400,0.66751,0.6679,0.66515,0.66561,7234
1701676800,0.6656,0.66627,0.66338,0.66514,10384
1701691200,0.66513,0.66559,0.66404,0.66444,9605
1701705600,0.66444,0.6645,0.66083,0.66195,18717
1701720000,0.66196,0.66204,0.66039,0.66183,4278
1701734400,0.66172,0.66208,0.66056,0.66107,5614
1701748800,0.66106,0.66129,0.65704,0.65823,8369
1701763200,0.65824,0.65843,0.65682,0.65756,11741
1701777600,0.65755,0.65785,0.65558,0.65584,10518
1701792000,0.65584,0.65785,0.65431,0.65567,22804
1701806400,0.65566,0.6559,0.65492,0.65513,5032
1701820800,0.65506,0.65881,0.65476,0.65865,7135
1701835200,0.65866,0.65965,0.65749,0.65875,5910
1701849600,0.65875,0.65954,0.65698,0.65727,9266
1701864000,0.65727,0.65863,0.65636,0.6585,10352
1701878400,0.65851,0.65902,0.65594,0.65598,13649
1701892800,0.65597,0.65655,0.65465,0.6547,4455
1701907200,0.65473,0.65577,0.65451,0.65496,4875
1701921600,0.65497,0.65517,0.65247,0.65335,7203
1701936000,0.65336,0.6571,0.65317,0.65701,10658
1701950400,0.65702,0.65895,0.65545,0.65822,11895
1701964800,0.65824,0.6619,0.65663,0.66078,19726
1701979200,0.66077,0.6609,0.65978,0.6601,5380
1701993600,0.65993,0.66089,0.65914,0.6604,6835
1702008000,0.66041,0.66187,0.66001,0.66125,7273
1702022400,0.66125,0.66158,0.66006,0.66057,10674
1702036800,0.66059,0.66131,0.65651,0.65858,16009
1702051200,0.65858,0.66004,0.65572,0.65747,24997
1702065600,0.65748,0.65814,0.65741,0.65763,5144
1702252800,0.65691,0.6582,0.65542,0.65557,6720
1702267200,0.65557,0.65619,0.65504,0.65586,5099
1702281600,0.65585,0.65665,0.65508,0.65563,8831
1702296000,0.65563,0.65659,0.65492,0.6561,7937
1702310400,0.65611,0.6568,0.65545,0.65561,10018
1702324800,0.65561,0.6571,0.65543,0.65666,4454
1702339200,0.6565,0.65808,0.65607,0.65753,4882
1702353600,0.65751,0.65969,0.65743,0.65955,4013
1702368000,0.65955,0.6599,0.6581,0.65909,7066
1702382400,0.65908,0.66111,0.6556,0.65584,13532
1702396800,0.65585,0.65735,0.65387,0.6549,15294
1702411200,0.65491,0.65611,0.65478,0.65583,5066
1702425600,0.65583,0.65663,0.65425,0.65634,3735
1702440000,0.65635,0.65639,0.65478,0.65568,3919
1702454400,0.65567,0.65592,0.65407,0.65539,7607
1702468800,0.65538,0.65754,0.65501,0.65744,7021
1702483200,0.65744,0.65841,0.65665,0.65752,9976
1702497600,0.65752,0.66723,0.65652,0.66602,26228
1702512000,0.66596,0.67071,0.66544,0.67039,9784
1702526400,0.6704,0.67276,0.66987,0.67165,9510
1702540800,0.67166,0.67253,0.66893,0.67092,13927
1702555200,0.67091,0.67204,0.66851,0.67047,15967
1702569600,0.67048,0.67188,0.6681,0.6711,18899
1702584000,0.67109,0.6711,0.66888,0.66972,5690
1702598400,0.66967,0.6704,0.66919,0.66966,5096
1702612800,0.66966,0.67235,0.66954,0.66964,5823
1702627200,0.66964,0.67219,0.66934,0.67203,9452
1702641600,0.67203,0.6725,0.66622,0.66707,10222
1702656000,0.66705,0.67275,0.66697,0.67086,16658
1702670400,0.67085,0.67162,0.6692,0.67009,6410
1702857600,0.66975,0.67101,0.66921,0.66985,4922
1702872000,0.66985,0.67186,0.66985,0.6712,5370
1702886400,0.67119,0.67344,0.67095,0.67286,8488
1702900800,0.67286,0.67324,0.67128,0.67257,8277
1702915200,0.67257,0.67267,0.66895,0.6702,11864
1702929600,0.67019,0.6706,0.66917,0.6705,3961
1702944000,0.67049,0.67158,0.66994,0.67108,4399
1702958400,0.67108,0.67266,0.67059,0.67165,7708
1702972800,0.67164,0.6732,0.67056,0.67301,9257
1702987200,0.67303,0.67455,0.67259,0.67416,7021
1703001600,0.67417,0.67737,0.67367,0.67605,11017
1703016000,0.67604,0.67637,0.67557,0.67606,3906
1703030400,0.67613,0.67654,0.67474,0.67636,4404
1703044800,0.67635,0.67756,0.67541,0.67685,5421
1703059200,0.67685,0.67762,0.67614,0.67657,8583
1703073600,0.67653,0.67713,0.67564,0.67695,7762
1703088000,0.67696,0.67781,0.67575,0.67657,10532
1703102400,0.67657,0.67685,0.67236,0.67286,7567
1703116800,0.67289,0.67465,0.67226,0.67459,4243
1703131200,0.6746,0.67526,0.67417,0.67511,4333
1703145600,0.67511,0.67517,0.67377,0.67478,7163
1703160000,0.67478,0.67902,0.67391,0.67775,10777
1703174400,0.67775,0.67963,0.67684,0.67794,18410
1703188800,0.67794,0.68026,0.67721,0.68007,6382
1703203200,0.67998,0.68011,0.6788,0.67897,4796
1703217600,0.67898,0.67905,0.67728,0.67741,5728
1703232000,0.67741,0.6797,0.67724,0.67914,8545
1703246400,0.67914,0.68148,0.67882,0.68138,9379
1703260800,0.68139,0.68239,0.67936,0.68035,14870
1703275200,0.68036,0.68062,0.67904,0.67984,5922
1703577600,0.6804,0.68046,0.67965,0.67977,1703
1703592000,0.67976,0.68175,0.67973,0.68138,4454
1703606400,0.68137,0.68187,0.68051,0.68127,5179
1703620800,0.68127,0.68257,0.68118,0.68248,2739
1703635200,0.68238,0.68282,0.68153,0.68271,3008
1703649600,0.6827,0.68392,0.68183,0.68274,4427
1703664000,0.68274,0.68368,0.68234,0.68322,5397
1703678400,0.68322,0.68428,0.68266,0.68332,4946
1703692800,0.68331,0.68502,0.68313,0.68442,8980
1703707200,0.68442,0.68507,0.68359,0.68459,4826
1703721600,0.6845,0.68693,0.68395,0.68691,3720
1703736000,0.68692,0.68701,0.68362,0.68452,4987
1703750400,0.68452,0.68524,0.68231,0.68287,6066
1703764800,0.68287,0.68463,0.68252,0.68255,6593
1703779200,0.68256,0.68639,0.68239,0.68451,10501
1703793600,0.68451,0.68452,0.68257,0.68283,4727
1703808000,0.68283,0.68434,0.68218,0.68409,4025
1703822400,0.68408,0.68453,0.68276,0.68419,4775
1703836800,0.68418,0.68449,0.68036,0.68038,4878
1703851200,0.68037,0.68049,0.67814,0.67825,6826
1703865600,0.67824,0.68376,0.67803,0.68341,13278
1703880000,0.68341,0.68341,0.68073,0.68102,5174
1704182400,0.68193,0.68329,0.68182,0.68205,5356
1704196800,0.68204,0.68233,0.67765,0.67789,10174
1704211200,0.67789,0.67898,0.67602,0.67723,15872
1704225600,0.67722,0.67727,0.67562,0.67599,5230
1704240000,0.67599,0.67699,0.67512,0.67556,4772
1704254400,0.67556,0.67697,0.67498,0.67634,5489
1704268800,0.67633,0.67691,0.67444,0.67484,8228
1704283200,0.67484,0.67506,0.67112,0.6714,8950
1704297600,0.67141,0.67383,0.67011,0.67193,18474
1704312000,0.67193,0.67364,0.67059,0.67297,10370
1704326400,0.67274,0.67351,0.67214,0.67292,4265
1704340800,0.67292,0.67456,0.672,0.67388,5507
1704355200,0.67387,0.6759,0.67387,0.6742,10211
1704369600,0.67419,0.67445,0.67079,0.67118,9290
1704384000,0.67118,0.67164,0.66956,0.67019,12969
1704398400,0.67019,0.67069,0.66974,0.67064,4301
1704412800,0.67061,0.67156,0.66999,0.67103,4254
1704427200,0.67102,0.67174,0.66918,0.67025,5490
1704441600,0.67024,0.67083,0.66811,0.66813,8458
1704456000,0.66813,0.66886,0.66395,0.66852,13526
1704470400,0.66853,0.6747,0.66821,0.67134,26305
1704484800,0.67133,0.67259,0.67042,0.67136,7099
1704672000,0.6713,0.67337,0.67098,0.67253,3859
1704686400,0.67252,0.67253,0.66932,0.66991,5512
1704700800,0.66992,0.67139,0.66809,0.66966,9979
1704715200,0.66967,0.66989,0.66766,0.66803,8959
1704729600,0.66803,0.67206,0.66788,0.67113,13143
1704744000,0.67113,0.67222,0.67044,0.67177,4568
1704758400,0.67177,0.67303,0.67145,0.67276,5027
1704772800,0.67277,0.67336,0.67066,0.67079,5148
1704787200,0.67079,0.67125,0.66941,0.6703,8629
1704801600,0.67031,0.67047,0.6687,0.66975,8266
1704816000,0.66975,0.67005,0.66762,0.66857,12371
1704830400,0.66857,0.66914,0.66764,0.66872,6696
1704844800,0.6686,0.66993,0.66793,0.66976,4934
1704859200,0.66975,0.67073,0.66958,0.6703,4920
1704873600,0.67029,0.67105,0.66899,0.67075,8335
1704888000,0.67074,0.67121,0.66942,0.66974,7117
1704902400,0.66975,0.67001,0.66851,0.66956,10341
1704916800,0.66956,0.67027,0.66896,0.66986,5277
1704931200,0.66969,0.67172,0.66933,0.67165,3848
1704945600,0.67166,0.67247,0.67111,0.67177,4384
1704960000,0.67178,0.67236,0.67062,0.67101,6745
1704974400,0.67101,0.67249,0.6661,0.66641,12498
1704988800,0.66644,0.66921,0.66462,0.66548,26098
1705003200,0.66547,0.66908,0.66534,0.66873,8420
1705017600,0.6686,0.6713,0.66818,0.67111,5335
1705032000,0.6711,0.67127,0.66946,0.66952,5852
1705046400,0.66952,0.67104,0.66911,0.66986,9694
1705060800,0.66985,0.67153,0.6677,0.67034,12377
1705075200,0.67036,0.67278,0.66813,0.66854,17153
1705089600,0.66853,0.66938,0.66819,0.66853,3719
1705276800,0.66811,0.66947,0.66798,0.66936,5761
1705291200,0.66937,0.67034,0.66834,0.66835,4658
1705305600,0.66834,0.66872,0.66551,0.66565,7125
1705320000,0.66563,0.66662,0.66508,0.66555,7124
1705334400,0.66556,0.66619,0.66492,0.66588,4383
1705348800,0.66588,0.66597,0.66559,0.66586,831
1705363200,0.66576,0.66605,0.66179,0.66317,6199
1705377600,0.66317,0.6632,0.66091,0.66113,6447
1705392000,0.66112,0.66319,0.65999,0.66039,10633
1705406400,0.66038,0.66166,0.65944,0.65979,11428
1705420800,0.65978,0.66085,0.65806,0.65814,20691
1705435200,0.65813,0.65879,0.65753,0.65838,5514
1705449600,0.65833,0.65922,0.65781,0.6591,4767
1705464000,0.65909,0.65936,0.65543,0.65591,6511
1705478400,0.65593,0.65612,0.6534,0.65518,12852
1705492800,0.65517,0.65647,0.65381,0.65446,10253
1705507200,0.65447,0.65454,0.65242,0.65387,15465
1705521600,0.65388,0.65514,0.65313,0.65503,5370
1705536000,0.65504,0.65611,0.6524,0.6558,5960
1705550400,0.65577,0.6566,0.65476,0.65561,6016
1705564800,0.6556,0.65667,0.65478,0.65625,9260
1705579200,0.65624,0.65738,0.65425,0.65439,9237
1705593600,0.65438,0.65674,0.65438,0.65559,16102
1705608000,0.6556,0.65737,0.65519,0.65736,5157
1705622400,0.65728,0.65872,0.65666,0.65826,5218
1705636800,0.65825,0.6588,0.65675,0.65701,4632
1705651200,0.65701,0.65979,0.65644,0.65979,8241
1705665600,0.65978,0.66004,0.65872,0.65892,6932
1705680000,0.65892,0.65925,0.65697,0.65901,14560
1705694400,0.65902,0.65982,0.65853,0.65965,4514
1705881600,0.65883,0.66128,0.65883,0.6603,5506
1705896000,0.66031,0.66053,0.65847,0.65874,6262
1705910400,0.65874,0.65938,0.65801,0.65866,8773
1705924800,0.65865,0.65971,0.65829,0.65892,8166
1705939200,0.65891,0.65951,0.65779,0.65836,10422
1705953600,0.65835,0.65835,0.65653,0.65677,4336
1705968000,0.6568,0.65922,0.65642,0.65889,4600
1705982400,0.65889,0.66077,0.658,0.66064,9584
1705996800,0.66065,0.66115,0.65828,0.65869,9836
1706011200,0.65868,0.65988,0.65747,0.65916,7358
1706025600,0.65914,0.65914,0.65507,0.65582,11604
1706040000,0.65583,0.65797,0.65574,0.65784,5042
1706054400,0.65785,0.65855,0.65728,0.65751,4833
1706068800,0.65751,0.65755,0.65651,0.65731,5357
1706083200,0.6573,0.66082,0.657,0.66002,9198
1706097600,0.66002,0.66182,0.65915,0.66158,8888
1706112000,0.66157,0.66201,0.65905,0.66061,17252
1706126400,0.6606,0.6607,0.65735,0.65762,7418
1706140800,0.65753,0.65794,0.65652,0.65738,4705
1706155200,0.65738,0.65801,0.65682,0.65728,5898
1706169600,0.65728,0.65872,0.65698,0.65857,8256
1706184000,0.65856,0.6606,0.65733,0.66049,11493
1706198400,0.66049,0.6609,0.65711,0.65765,19088
1706212800,0.65765,0.65862,0.65696,0.65848,6903
1706227200,0.65834,0.65903,0.65755,0.65863,4258
1706241600,0.65864,0.65959,0.65851,0.65917,4531
1706256000,0.65916,0.65916,0.6576,0.65896,8055
1706270400,0.65897,0.66088,0.65867,0.66033,9618
1706284800,0.66033,0.66059,0.65774,0.658,13332
1706299200,0.65799,0.65839,0.65756,0.6578,3918
1706486400,0.65721,0.65941,0.65684,0.65906,4692
1706500800,0.65906,0.6594,0.65833,0.65878,4853
1706515200,0.65878,0.66031,0.65865,0.65995,6538
1706529600,0.65994,0.6605,0.65938,0.65983,6567
1706544000,0.65982,0.65994,0.65805,0.65905,8213
1706558400,0.65905,0.66149,0.65874,0.66106,5116
1706572800,0.66099,0.66236,0.65944,0.66139,5334
1706587200,0.66139,0.66177,0.66055,0.66149,5003
1706601600,0.6615,0.66161,0.65945,0.66043,8628
1706616000,0.66042,0.66047,0.65836,0.65865,6484
1706630400,0.65864,0.6602,0.65742,0.65912,13914
1706644800,0.65912,0.6605,0.65894,0.66017,4249
1706659200,0.6601,0.66026,0.65701,0.65728,6053
1706673600,0.65726,0.6574,0.65584,0.65655,5970
1706688000,0.65654,0.65899,0.65599,0.65821,6801
1706702400,0.6582,0.65978,0.65736,0.65952,8675
1706716800,0.65953,0.66217,0.65921,0.65943,16705
1706731200,0.65942,0.66175,0.65504,0.65638,23736
1706745600,0.65635,0.65772,0.65586,0.65628,5319
1706760000,0.65627,0.6578,0.65362,0.65369,7510
1706774400,0.6537,0.65424,0.65179,0.65264,9031
1706788800,0.65265,0.65295,0.65073,0.65183,9666
1706803200,0.65184,0.65709,0.65148,0.65663,17547
1706817600,0.65662,0.6574,0.65602,0.65715,6402
1706832000,0.65712,0.65883,0.65682,0.65881,3414
1706846400,0.65882,0.65985,0.65867,0.65927,4541
1706860800,0.65926,0.6603,0.65857,0.66014,5930
1706875200,0.66013,0.66092,0.65397,0.65417,9877
1706889600,0.65416,0.65429,0.65014,0.65066,18480
1706904000,0.65065,0.65186,0.65055,0.65125,5551
1707091200,0.6509,0.6513,0.64851,0.65061,6608
1707105600,0.65061,0.65154,0.64965,0.65149,6086
1707120000,0.65149,0.65191,0.64962,0.64988,6444
1707134400,0.64987,0.65056,0.64844,0.64872,6073
1707148800,0.64873,0.64919,0.64679,0.6485,11230
1707163200,0.6485,0.64896,0.64768,0.6482,3518
1707177600,0.64813,0.64949,0.64773,0.64942,3525
1707192000,0.64943,0.65204,0.6486,0.65096,7623
1707206400,0.65095,0.65171,0.64928,0.64935,6474
1707220800,0.64934,0.65051,0.64864,0.64911,6104
1707235200,0.64911,0.65238,0.64896,0.6521,12948
1707249600,0.65209,0.65242,0.65135,0.65218,5706
1707264000,0.65215,0.65393,0.65171,0.65381,3951
1707278400,0.6538,0.65384,0.65239,0.65288,4663
1707292800,0.65287,0.65365,0.65198,0.65284,6212
1707307200,0.65284,0.65333,0.65162,0.65246,5740
1707321600,0.65247,0.65329,0.65162,0.65184,12292
1707336000,0.65184,0.65254,0.65148,0.65197,4749
1707350400,0.65186,0.6529,0.65163,0.6526,3373
1707364800,0.6526,0.65311,0.65165,0.65202,3778
1707379200,0.65203,0.65243,0.65048,0.65089,5446
1707393600,0.6509,0.65113,0.64809,0.64836,6070
1707408000,0.64833,0.64905,0.64795,0.64886,7830
1707422400,0.64885,0.64968,0.64852,0.64916,4478
1707436800,0.6491,0.64985,0.64865,0.6492,3127
1707451200,0.6492,0.6498,0.64891,0.64919,2813
1707465600,0.64921,0.65119,0.64911,0.65065,4998
1707480000,0.65064,0.65333,0.65038,0.65214,8474
1707494400,0.65213,0.65297,0.65123,0.65176,9750
1707508800,0.65177,0.65262,0.65176,0.65239,2553
1707696000,0.65182,0.65291,0.65045,0.65243,2492
1707710400,0.65242,0.65255,0.65145,0.6518,1960
1707724800,0.6518,0.65302,0.65115,0.65154,4317
1707739200,0.65155,0.65278,0.6514,0.65186,4339
1707753600,0.65186,0.65419,0.65184,0.65416,5994
1707768000,0.65416,0.65422,0.65245,0.65297,3442
1707782400,0.65278,0.65298,0.65224,0.65265,2123
1707796800,0.65265,0.65268,0.65128,0.65154,3096
1707811200,0.65154,0.65228,0.65087,0.65155,4809
1707825600,0.65156,0.65355,0.64631,0.64665,9192
1707840000,0.64666,0.6475,0.64522,0.64551,12985
1707854400,0.64551,0.64567,0.64419,0.64528,4526
1707868800,0.64517,0.64557,0.64457,0.64549,3826
1707883200,0.6455,0.64665,0.64521,0.64662,3231
1707897600,0.64663,0.64799,0.6466,0.64757,6229
1707912000,0.64756,0.64871,0.64713,0.64731,5891
1707926400,0.6473,0.64909,0.64717,0.64901,9394
1707940800,0.64901,0.64946,0.64866,0.64907,3933
1707955200,0.64894,0.65003,0.64768,0.64813,3668
1707969600,0.64812,0.649,0.64769,0.6487,2878
1707984000,0.6487,0.64998,0.64856,0.64945,4958
1707998400,0.64944,0.6527,0.64942,0.6518,7161
1708012800,0.65179,0.65286,0.65037,0.65091,11364
1708027200,0.6509,0.65243,0.65079,0.6524,4404
1708041600,0.65232,0.65274,0.65063,0.65133,2788
1708056000,0.65133,0.65191,0.65088,0.65175,3738
1708070400,0.65174,0.65285,0.65159,0.65223,5011
1708084800,0.65224,0.6529,0.64956,0.65056,6582
1708099200,0.65057,0.65389,0.64973,0.65387,11972
1708113600,0.65387,0.65438,0.65299,0.65318,4319
1708300800,0.65269,0.6551,0.65239,0.65394,4051
1708315200,0.65394,0.65437,0.65353,0.65421,3404
1708329600,0.6542,0.65467,0.65385,0.65394,4049
1708344000,0.65395,0.65401,0.65353,0.65373,2863
1708358400,0.65374,0.65395,0.65325,0.65361,2387
1708372800,0.65362,0.65406,0.65361,0.65391,1014
1708387200,0.65306,0.65379,0.65238,0.65281,4019
1708401600,0.6528,0.6532,0.65206,0.65293,3200
1708416000,0.65292,0.65535,0.6527,0.6553,4867
1708430400,0.6553,0.6574,0.65475,0.65718,6570
1708444800,0.65719,0.65782,0.65485,0.65543,9478
1708459200,0.65544,0.65547,0.6547,0.6548,4048
1708473600,0.65474,0.65558,0.65459,0.65552,3338
1708488000,0.65553,0.65722,0.65551,0.65685,4052
1708502400,0.65684,0.65688,0.65516,0.6553,5729
1708516800,0.65529,0.65589,0.65482,0.65524,5513
1708531200,0.65525,0.65569,0.65369,0.654,7700
1708545600,0.65401,0.65523,0.65324,0.65503,7278
1708560000,0.65496,0.656,0.65456,0.65509,3289
1708574400,0.65508,0.65628,0.65417,0.656,3666
1708588800,0.656,0.65941,0.65592,0.6582,7646
1708603200,0.65818,0.65866,0.65505,0.6552,6971
1708617600,0.6552,0.65606,0.65395,0.65505,10764
1708632000,0.65505,0.65567,0.65462,0.65563,3862
1708646400,0.65559,0.65732,0.65488,0.657,3486
1708660800,0.65701,0.65734,0.65642,0.65668,2871
1708675200,0.65668,0.65786,0.65502,0.65527,5052
1708689600,0.65527,0.65796,0.65524,0.65731,5232
1708704000,0.65731,0.65745,0.65533,0.65631,8458
1708718400,0.65631,0.65675,0.65576,0.6564,3201
1708905600,0.65608,0.65658,0.65484,0.65546,3418
1708920000,0.65546,0.6558,0.65495,0.65548,2735
1708934400,0.65548,0.65579,0.65404,0.65457,4292
1708948800,0.65458,0.65577,0.6545,0.65547,4333
1708963200,0.65548,0.65556,0.65324,0.65344,6730
1708977600,0.65344,0.65416,0.65301,0.65388,2916
1708992000,0.65365,0.65398,0.65297,0.65344,2910
1709006400,0.65345,0.65466,0.65242,0.65426,3236
1709020800,0.65428,0.6557,0.65414,0.65522,4913
1709035200,0.65522,0.65565,0.65433,0.65495,5757
1709049600,0.65494,0.65509,0.65306,0.65426,7592
1709064000,0.65427,0.65502,0.65389,0.65426,3088
1709078400,0.65416,0.65485,0.65306,0.65365,4339
1709092800,0.65364,0.65374,0.65112,0.65148,4385
1709107200,0.65148,0.65165,0.64899,0.64899,5403
1709121600,0.64898,0.65028,0.64895,0.64942,6597
1709136000,0.64943,0.64983,0.64876,0.64951,7349
1709150400,0.64951,0.64988,0.64897,0.64943,3513
1709164800,0.64932,0.65066,0.64898,0.6501,3279
1709179200,0.6501,0.6521,0.65003,0.65156,4405
1709193600,0.65155,0.65186,0.64988,0.65021,6751
1709208000,0.65021,0.65148,0.64861,0.65105,8493
1709222400,0.65104,0.653,0.64903,0.64934,10817
1709236800,0.64934,0.65005,0.64915,0.64963,3405
1709251200,0.64955,0.65068,0.64921,0.65056,3180
1709265600,0.65057,0.65133,0.6504,0.65084,2785
1709280000,0.65084,0.65135,0.64893,0.65001,5099
1709294400,0.65,0.65089,0.64919,0.64973,7180
1709308800,0.64973,0.6533,0.64888,0.65294,12167
1709323200,0.65294,0.65319,0.65235,0.65251,3799
1709510400,0.65232,0.65344,0.65193,0.6522,2937
1709524800,0.65219,0.6528,0.65153,0.65159,2771
1709539200,0.65158,0.65267,0.65145,0.65223,4662
1709553600,0.65222,0.65236,0.65084,0.6516,4132
1709568000,0.65162,0.65223,0.65117,0.65141,6327
1709582400,0.6514,0.65149,0.65067,0.65085,2446
1709596800,0.6508,0.65104,0.65031,0.65078,2711
1709611200,0.65077,0.65086,0.6489,0.64891,2992
1709625600,0.64892,0.64918,0.64767,0.64858,5501
1709640000,0.64859,0.64972,0.64847,0.64933,5037
1709654400,0.64934,0.65201,0.64907,0.65095,10952
1709668800,0.65095,0.65123,0.6499,0.65027,4258
1709683200,0.65025,0.6506,0.64919,0.64975,2980
1709697600,0.64975,0.65191,0.64961,0.65161,3244
1709712000,0.65161,0.65241,0.65116,0.65235,5531
1709726400,0.65235,0.65412,0.6519,0.65397,7342
1709740800,0.65397,0.65806,0.65397,0.65712,12815
1709755200,0.65713,0.65774,0.65605,0.65632,5784
1709769600,0.65625,0.65752,0.65593,0.65684,3840
1709784000,0.65684,0.65876,0.65631,0.6575,4171
1709798400,0.65748,0.65965,0.6573,0.65959,6555
1709812800,0.6596,0.66167,0.65958,0.66082,7838
1709827200,0.66083,0.66236,0.66005,0.66162,9808
1709841600,0.66163,0.66217,0.66152,0.66196,3359
1709856000,0.66183,0.66286,0.66123,0.66186,2974
1709870400,0.66186,0.66329,0.66132,0.66323,3523
1709884800,0.66323,0.66443,0.66253,0.66433,6678
1709899200,0.66432,0.66666,0.6619,0.66437,10825
1709913600,0.66436,0.66524,0.66205,0.66226,15762
1709928000,0.66226,0.66258,0.66151,0.66258,5436
1710115200,0.66234,0.66259,0.66147,0.66168,4574
1710129600,0.66167,0.66167,0.66061,0.6613,3584
1710144000,0.66131,0.66199,0.6605,0.66175,5811
1710158400,0.66175,0.66191,0.65989,0.66006,5474
1710172800,0.66007,0.66116,0.6596,0.6605,6778
1710187200,0.66051,0.66133,0.66027,0.66106,2621
1710201600,0.66104,0.66204,0.66085,0.66166,3150
1710216000,0.66165,0.66188,0.66097,0.66111,3721
1710230400,0.66111,0.66196,0.66078,0.66147,5372
1710244800,0.66146,0.66379,0.65828,0.6595,15363
1710259200,0.65954,0.66007,0.65864,0.65982,9931
1710273600,0.65981,0.66067,0.65965,0.6605,2402
1710288000,0.66052,0.66108,0.65995,0.6602,2637
1710302400,0.66021,0.66164,0.66021,0.66148,3445
1710316800,0.66147,0.66174,0.66026,0.66063,5916
1710331200,0.66063,0.66188,0.6603,0.66144,4872
1710345600,0.66145,0.66342,0.66114,0.66303,6741
1710360000,0.66301,0.66309,0.66155,0.66177,2389
1710374400,0.66201,0.66308,0.66199,0.6629,2813
1710388800,0.66289,0.66298,0.66089,0.66149,2996
1710403200,0.66151,0.66242,0.66118,0.66235,4588
1710417600,0.66235,0.66287,0.65958,0.65992,11164
1710432000,0.65991,0.66005,0.65687,0.65826,9180
1710446400,0.65827,0.65845,0.65664,0.65792,3664
1710460800,0.65789,0.65807,0.65627,0.65628,3283
1710475200,0.65629,0.65687,0.65567,0.65668,3066
1710489600,0.65667,0.6572,0.65513,0.65644,5605
1710504000,0.65643,0.65733,0.65578,0.65626,6337
1710518400,0.65626,0.65714,0.65547,0.65573,7232
1710532800,0.65574,0.65634,0.65549,0.65555,2093
1710720000,0.65579,0.65655,0.65531,0.65647,3000
1710734400,0.6565,0.65682,0.65613,0.65649,3438
1710748800,0.6565,0.6573,0.65597,0.65676,4159
1710763200,0.65676,0.6573,0.65619,0.65629,4295
1710777600,0.65629,0.65668,0.65501,0.65531,5343
1710792000,0.65532,0.65591,0.6552,0.65556,1703
1710806400,0.65559,0.65588,0.65399,0.65467,2854
1710820800,0.65466,0.65631,0.65154,0.65169,8967
1710835200,0.6517,0.65235,0.65032,0.65057,7313
1710849600,0.65058,0.65216,0.6505,0.65186,5952
1710864000,0.65186,0.65355,0.65171,0.65313,5084
1710878400,0.65313,0.65331,0.65275,0.65327,2533
1710892800,0.65309,0.65367,0.65186,0.65339,2898
1710907200,0.65338,0.65404,0.65245,0.65283,3017
1710921600,0.65282,0.65348,0.65109,0.65133,4472
1710936000,0.65133,0.65208,0.65112,0.65196,4135
1710950400,0.65195,0.65347,0.65185,0.65322,4201
1710964800,0.6531,0.65862,0.65305,0.65791,17799
1710979200,0.65795,0.66229,0.65795,0.6616,5894
1710993600,0.66162,0.66272,0.66133,0.66227,3612
1711008000,0.66228,0.66335,0.66011,0.66084,7812
1711022400,0.66084,0.66159,0.65803,0.65829,8231
1711036800,0.65827,0.65831,0.65603,0.65674,8111
1711051200,0.65675,0.65712,0.65659,0.65687,2809
1711065600,0.65687,0.65758,0.65485,0.65487,3551
1711080000,0.65488,0.65506,0.65215,0.65261,5621
1711094400,0.65261,0.65311,0.65094,0.65125,7252
1711108800,0.65126,0.65281,0.65095,0.65269,7165
1711123200,0.65269,0.65302,0.65135,0.65175,6176
1711137600,0.65174,0.65181,0.65098,0.65123,1798
1711324800,0.65126,0.65329,0.65093,0.65299,5554
1711339200,0.65298,0.6543,0.65226,0.65248,4945
1711353600,0.65247,0.65306,0.65158,0.65263,4979
1711368000,0.65263,0.65441,0.65258,0.65401,5200
1711382400,0.65401,0.65461,0.6535,0.65382,4423
1711396800,0.65383,0.65401,0.6531,0.65382,1708
1711411200,0.65384,0.65531,0.6535,0.65472,3406
1711425600,0.65472,0.65518,0.65307,0.65389,3601
1711440000,0.65389,0.65542,0.65348,0.65513,4881
1711454400,0.65513,0.65583,0.65392,0.65445,5383
1711468800,0.65443,0.65461,0.6532,0.65331,4887
1711483200,0.6533,0.65362,0.65296,0.65317,1600
1711497600,0.65316,0.65377,0.65106,0.65175,3586
1711512000,0.65176,0.65297,0.65125,0.65257,3943
1711526400,0.65257,0.65317,0.65148,0.65241,6303
1711540800,0.6524,0.65308,0.65127,0.65213,5319
1711555200,0.65212,0.65314,0.65174,0.65246,5056
1711569600,0.65245,0.65341,0.65236,0.65309,2093
1711584000,0.65296,0.65297,0.65145,0.65273,4028
1711598400,0.65273,0.65397,0.65228,0.65233,3900
1711612800,0.65232,0.65254,0.64846,0.64872,5511
1711627200,0.64871,0.65151,0.64866,0.6513,6697
1711641600,0.65129,0.65272,0.65095,0.65175,6621
1711656000,0.65174,0.65207,0.65098,0.65126,2200
1711670400,0.65128,0.65239,0.65088,0.65166,1961
1711684800,0.65165,0.65176,0.65062,0.65085,2621
1711699200,0.65085,0.65142,0.65044,0.65132,2704
1711713600,0.65127,0.65319,0.65073,0.65278,1644
1711728000,0.65278,0.65299,0.65189,0.65199,2814
1711742400,0.65198,0.65217,0.65043,0.65073,1350
1711929600,0.65151,0.65379,0.65134,0.65316,3322
1711944000,0.65315,0.65343,0.6517,0.65231,3167
1711958400,0.6523,0.65268,0.65141,0.65248,2522
1711972800,0.65249,0.65261,0.65065,0.65148,2638
1711987200,0.65148,0.65184,0.648,0.6483,6747
1712001600,0.64831,0.64879,0.64813,0.64878,2097
1712016000,0.64871,0.64921,0.64822,0.64908,2974
1712030400,0.64909,0.64979,0.64841,0.64886,3982
1712044800,0.64887,0.6508,0.64855,0.65046,5086
1712059200,0.65045,0.65102,0.64951,0.64977,4075
1712073600,0.64977,0.6523,0.64949,0.65099,8552
1712088000,0.651,0.65175,0.65082,0.6517,2138
1712102400,0.6517,0.65205,0.65074,0.65074,1875
1712116800,0.65073,0.65245,0.65032,0.65183,4055
1712131200,0.65184,0.65201,0.65021,0.65072,4169
1712145600,0.65072,0.65198,0.65046,0.65152,5792
1712160000,0.65151,0.65671,0.65107,0.65636,15331
1712174400,0.65635,0.65688,0.65595,0.65636,3941
1712188800,0.65625,0.65774,0.6559,0.65771,2106
1712203200,0.65771,0.65868,0.6573,0.65842,2881
1712217600,0.65842,0.6598,0.65831,0.65962,4407
1712232000,0.65961,0.66156,0.65944,0.66145,4671
1712246400,0.66145,0.6618,0.66083,0.66136,5285
1712260800,0.66136,0.66155,0.65786,0.65871,6425
1712275200,0.65864,0.65915,0.65814,0.65886,3259
1712289600,0.65886,0.65904,0.65613,0.65708,4833
1712304000,0.65709,0.65848,0.65689,0.65826,4807
1712318400,0.65826,0.6591,0.65498,0.65612,7979
1712332800,0.65613,0.65857,0.65485,0.65835,12556
1712347200,0.65833,0.65851,0.65766,0.65776,4071
1712534400,0.65663,0.65746,0.65586,0.65601,3116
1712548800,0.656,0.65881,0.65593,0.65782,6916
1712563200,0.65783,0.65872,0.65751,0.65793,5883
1712577600,0.65795,0.65922,0.65776,0.65916,4968
1712592000,0.65919,0.66091,0.65919,0.65998,9019
1712606400,0.65998,0.66072,0.6599,0.66031,2723
1712620800,0.66028,0.66078,0.65992,0.66042,1938
1712635200,0.66045,0.66115,0.65979,0.66077,4167
1712649600,0.66077,0.6611,0.65978,0.66106,4073
1712664000,0.66107,0.66348,0.66089,0.66311,4741
1712678400,0.66311,0.66435,0.66149,0.66181,9509
1712692800,0.6618,0.66281,0.66151,0.66269,3709
1712707200,0.66261,0.66304,0.66194,0.6626,1790
1712721600,0.6626,0.66289,0.66165,0.66203,4795
1712736000,0.66204,0.66275,0.66189,0.66256,4687
1712750400,0.66256,0.66266,0.65469,0.65546,10182
1712764800,0.65546,0.65551,0.64978,0.65062,19726
1712779200,0.65062,0.65217,0.64981,0.65109,10517
1712793600,0.65127,0.65127,0.65012,0.65073,3041
1712808000,0.65072,0.65208,0.65058,0.65176,5657
1712822400,0.65177,0.65292,0.65134,0.65207,7017
1712836800,0.65206,0.65466,0.65051,0.65443,10892
1712851200,0.65444,0.65521,0.65089,0.65234,14801
1712865600,0.65234,0.65449,0.652,0.65355,4772
1712880000,0.65348,0.65413,0.65325,0.65379,1991
1712894400,0.65384,0.65424,0.65253,0.65254,4424
1712908800,0.65256,0.65292,0.6508,0.65128,7242
1712923200,0.65129,0.65142,0.64744,0.64757,7721
1712937600,0.64758,0.64787,0.64606,0.6462,15693
1712952000,0.64621,0.64675,0.64553,0.64609,6421
1713139200,0.64605,0.64793,0.64597,0.64699,3947
1713153600,0.64699,0.64876,0.64585,0.64857,7204
1713168000,0.64856,0.64923,0.64752,0.64811,8282
1713182400,0.64812,0.64872,0.64628,0.64785,7469
1713196800,0.64787,0.64862,0.64529,0.64577,13283
1713211200,0.64576,0.64602,0.64368,0.64404,7106
1713225600,0.64402,0.64436,0.64236,0.64236,2873
1713240000,0.64235,0.64268,0.64073,0.64214,8097
1713254400,0.64213,0.64278,0.64111,0.64133,8879
1713268800,0.64132,0.64255,0.64086,0.64164,8512
1713283200,0.64165,0.64171,0.63946,0.64073,14695
1713297600,0.64074,0.64188,0.63884,0.63997,13034
1713312000,0.63999,0.64177,0.63973,0.64123,3415
1713326400,0.64124,0.64229,0.64086,0.64128,6947
1713340800,0.64127,0.64311,0.6402,0.64259,8028
1713355200,0.64259,0.64287,0.64175,0.64234,6071
1713369600,0.64233,0.64364,0.6408,0.64174,12699
1713384000,0.64175,0.64452,0.64164,0.64339,7936
1713398400,0.64325,0.64409,0.64235,0.6439,2206
1713412800,0.64391,0.64557,0.64302,0.64465,6601
1713427200,0.64464,0.64546,0.64402,0.64467,6505
1713441600,0.64468,0.64478,0.64325,0.64399,6754
1713456000,0.644,0.64452,0.64245,0.64279,12702
1713470400,0.64278,0.6428,0.64157,0.64188,6044
1713484800,0.64177,0.64245,0.64046,0.64058,2662
1713499200,0.64057,0.64086,0.63613,0.63992,20377
1713513600,0.63992,0.64241,0.63931,0.64146,10678
1713528000,0.64147,0.64257,0.6405,0.64201,7612
1713542400,0.642,0.64319,0.6407,0.64206,12583
1713556800,0.64206,0.64251,0.64125,0.64173,6369
1713744000,0.64065,0.64424,0.64065,0.64317,3338
1713758400,0.64317,0.64545,0.64314,0.64338,5409
1713772800,0.64339,0.64366,0.64253,0.64346,5743
1713787200,0.64345,0.64432,0.6432,0.64367,5037
1713801600,0.64368,0.64436,0.64232,0.6441,7806
1713816000,0.64411,0.6453,0.6441,0.64483,3097
1713830400,0.64473,0.64589,0.64445,0.64588,1764
1713844800,0.64588,0.64646,0.64498,0.64579,4823
1713859200,0.64579,0.64609,0.64433,0.64436,6739
1713873600,0.64436,0.64561,0.64399,0.6455,4929
1713888000,0.64551,0.6489,0.64498,0.64837,11722
1713902400,0.64837,0.64891,0.64825,0.64864,3076
1713916800,0.64832,0.64948,0.64739,0.64938,2102
1713931200,0.64938,0.65287,0.64925,0.6517,5679
1713945600,0.65171,0.65198,0.65006,0.65041,5285
1713960000,0.65041,0.65087,0.64954,0.64985,5385
1713974400,0.64985,0.65055,0.64824,0.64915,8742
1713988800,0.64915,0.65028,0.64896,0.64964,4232
1714003200,0.64951,0.65022,0.64876,0.64992,2448
1714017600,0.64993,0.65094,0.64908,0.65057,3234
1714032000,0.65058,0.65289,0.65042,0.6528,4467
1714046400,0.65281,0.6538,0.64912,0.64969,7830
1714060800,0.64973,0.65134,0.64845,0.6512,14887
1714075200,0.6512,0.6521,0.65093,0.65176,4670
1714089600,0.65171,0.6526,0.65153,0.65244,1979
1714104000,0.65243,0.65313,0.65174,0.65267,4724
1714118400,0.65267,0.65533,0.6526,0.65474,8330
1714132800,0.65474,0.65523,0.653,0.6543,9327
1714147200,0.65431,0.65485,0.65164,0.653,11406
1714161600,0.65297,0.65393,0.65289,0.6532,2468
1714348800,0.65179,0.65505,0.65179,0.65497,2163
1714363200,0.65498,0.65858,0.6545,0.65751,10190
1714377600,0.65751,0.65795,0.65487,0.65559,12665
1714392000,0.6556,0.65692,0.65531,0.6555,6028
1714406400,0.6555,0.65713,0.65453,0.65681,8013
1714420800,0.65682,0.6573,0.65585,0.6565,4176
1714435200,0.65639,0.65666,0.65533,0.65594,2202
1714449600,0.65595,0.65635,0.65294,0.65326,5028
1714464000,0.65324,0.65325,0.65132,0.65268,5958
1714478400,0.65269,0.65358,0.64968,0.64988,8871
1714492800,0.64992,0.65091,0.6481,0.64858,15769
1714507200,0.64859,0.64914,0.64721,0.64732,5355
1714521600,0.64724,0.64775,0.64647,0.64652,2894
1714536000,0.64651,0.64724,0.64645,0.64707,2976
1714550400,0.64706,0.64804,0.64692,0.64792,4038
1714564800,0.64793,0.64917,0.64773,0.64842,5525
1714579200,0.64842,0.64968,0.64823,0.64884,11635
1714593600,0.64885,0.65392,0.64807,0.6523,23088
1714608000,0.65224,0.6532,0.65131,0.65216,4811
1714622400,0.65215,0.65378,0.65149,0.65339,8555
1714636800,0.65339,0.65479,0.65315,0.65362,10212
1714651200,0.65362,0.65422,0.65191,0.65282,10315
1714665600,0.65283,0.65588,0.65162,0.65562,16132
1714680000,0.65561,0.65723,0.65538,0.65646,6742
1714694400,0.65634,0.65783,0.65599,0.65776,3426
1714708800,0.65775,0.65843,0.65698,0.65726,6612
1714723200,0.65725,0.65829,0.65672,0.65809,8123
1714737600,0.65809,0.66463,0.65767,0.66364,12432
1714752000,0.66364,0.66477,0.65995,0.66102,25923
1714766400,0.66103,0.66146,0.66048,0.66093,3741
1714953600,0.66164,0.66171,0.66013,0.66157,2841
1714968000,0.66158,0.66233,0.66098,0.66137,5227
1714982400,0.66135,0.6629,0.6609,0.66267,5156
1714996800,0.66267,0.66375,0.66225,0.66334,4236
1715011200,0.66335,0.66357,0.66187,0.66258,5682
1715025600,0.66258,0.66287,0.66191,0.66248,3368
1715040000,0.66235,0.66428,0.66189,0.66384,2944
1715054400,0.66382,0.66423,0.65965,0.6607,7073
1715068800,0.66071,0.66128,0.65859,0.6599,7555
1715083200,0.6599,0.66186,0.65916,0.66179,5485
1715097600,0.6618,0.66231,0.65994,0.66008,7704
1715112000,0.66007,0.66019,0.65875,0.65971,4113
1715126400,0.65967,0.65973,0.65804,0.65812,2319
1715140800,0.65813,0.65819,0.65683,0.65763,5210
1715155200,0.65763,0.65809,0.65636,0.65644,5348
1715169600,0.65645,0.65728,0.65572,0.65613,4565
1715184000,0.65612,0.65846,0.65611,0.6576,6595
1715198400,0.65761,0.65788,0.6574,0.65785,2493
1715212800,0.65778,0.65806,0.65683,0.65697,1921
1715227200,0.65698,0.65856,0.65689,0.65782,4727
1715241600,0.65784,0.658,0.65646,0.65752,5150
1715256000,0.65753,0.66068,0.65726,0.66017,6999
1715270400,0.66018,0.66116,0.65892,0.66081,8195
1715284800,0.66082,0.66202,0.66062,0.66188,2935
1715299200,0.66176,0.66219,0.66098,0.6611,2160
1715313600,0.66111,0.66172,0.65984,0.66061,4383
1715328000,0.6606,0.66161,0.66057,0.66076,5895
1715342400,0.66079,0.66122,0.66032,0.66083,5393
1715356800,0.66083,0.66216,0.65952,0.66061,9233
1715371200,0.6606,0.66086,0.66012,0.66022,2174
1715558400,0.65991,0.66058,0.65934,0.65944,2254
1715572800,0.65945,0.65996,0.6585,0.65939,5481
1715587200,0.65939,0.66088,0.65928,0.66072,4298
1715601600,0.66072,0.66238,0.66056,0.66217,3834
1715616000,0.66216,0.66278,0.66042,0.66068,6269
1715630400,0.66068,0.66092,0.66008,0.66065,2217
1715644800,0.66035,0.66112,0.66019,0.66041,2186
1715659200,0.66042,0.6608,0.65973,0.65988,4663
1715673600,0.65987,0.66079,0.65971,0.66024,4017
1715688000,0.66025,0.66215,0.65777,0.66168,7794
1715702400,0.66169,0.66269,0.66118,0.66198,11690
1715716800,0.66198,0.66267,0.66158,0.6626,2917
1715731200,0.66244,0.66299,0.66209,0.66255,2384
1715745600,0.66256,0.66502,0.66197,0.66408,5033
1715760000,0.66408,0.66474,0.66378,0.6645,6194
1715774400,0.66449,0.6678,0.66328,0.66607,10981
1715788800,0.66607,0.66864,0.66275,0.66857,16471
1715803200,0.6686,0.66941,0.66837,0.66922,5243
1715817600,0.66917,0.67133,0.66891,0.67113,3927
1715832000,0.67114,0.67114,0.66763,0.66858,8714
1715846400,0.66859,0.66889,0.66734,0.66792,7322
1715860800,0.66792,0.66814,0.66641,0.66658,6571
1715875200,0.66657,0.66817,0.66533,0.66775,8576
1715889600,0.66774,0.66822,0.66733,0.66772,3590
1715904000,0.66763,0.66827,0.66713,0.66721,2529
1715918400,0.66724,0.66755,0.66577,0.66617,5124
1715932800,0.66617,0.66759,0.66498,0.66536,6813
1715947200,0.66536,0.66622,0.66478,0.66614,4267
1715961600,0.66615,0.66917,0.66614,0.66848,9298
1715976000,0.66847,0.67003,0.66844,0.66935,3415
1716163200,0.66897,0.6704,0.66891,0.66995,3134
1716177600,0.66994,0.67085,0.66939,0.67058,6057
1716192000,0.67057,0.67078,0.66889,0.6692,6079
1716206400,0.6692,0.66958,0.66611,0.66642,5599
1716220800,0.66645,0.66811,0.66642,0.66741,9031
1716235200,0.6674,0.66787,0.66656,0.66658,3754
1716249600,0.66661,0.66741,0.66642,0.66705,1974
1716264000,0.66705,0.66744,0.66457,0.66564,6950
1716278400,0.66564,0.66686,0.66518,0.66645,5705
1716292800,0.66644,0.66782,0.66638,0.66704,5463
1716307200,0.66704,0.66779,0.66563,0.66635,12663
1716321600,0.66634,0.66673,0.66593,0.66636,3589
1716336000,0.6663,0.66711,0.66614,0.66675,1985
1716350400,0.66675,0.66845,0.6662,0.66671,6458
1716364800,0.6667,0.66737,0.66522,0.66603,6735
1716379200,0.66603,0.66661,0.66434,0.66447,7300
1716393600,0.66447,0.66555,0.6632,0.66389,10430
1716408000,0.66389,0.66421,0.6607,0.66186,9064
1716422400,0.66167,0.66239,0.661,0.66171,3280
1716436800,0.66171,0.66324,0.66141,0.66266,6131
1716451200,0.66265,0.66296,0.66167,0.66271,6665
1716465600,0.66271,0.6645,0.66257,0.66406,6103
1716480000,0.66407,0.66523,0.6616,0.66197,16272
1716494400,0.66197,0.66197,0.65967,0.66044,7761
1716508800,0.66039,0.6606,0.6594,0.66006,2454
1716523200,0.66006,0.66041,0.65914,0.66005,4290
1716537600,0.66006,0.66128,0.65935,0.66109,4842
1716552000,0.66108,0.66194,0.66065,0.66157,5714
1716566400,0.66158,0.66356,0.66123,0.66282,10032
1716580800,0.66282,0.66354,0.66257,0.66266,3529
1716768000,0.66214,0.66335,0.66214,0.66287,1937
1716782400,0.66286,0.66371,0.66262,0.66351,3924
1716796800,0.6635,0.66421,0.66309,0.66406,4483
1716811200,0.66406,0.66494,0.66399,0.66488,4159
1716825600,0.66489,0.66591,0.66483,0.66537,5526
1716840000,0.6654,0.66575,0.66538,0.66538,1027
1716854400,0.66529,0.66597,0.6651,0.66536,2190
1716868800,0.66536,0.66732,0.66532,0.66679,5865
1716883200,0.66678,0.66697,0.66545,0.66583,6491
1716897600,0.66583,0.66712,0.66554,0.66689,5509
1716912000,0.66686,0.6679,0.66507,0.66583,11244
1716926400,0.66582,0.66595,0.66416,0.66479,7133
1716940800,0.66467,0.66507,0.66378,0.6641,3220
1716955200,0.66409,0.66645,0.66395,0.6649,7262
1716969600,0.66491,0.66609,0.66413,0.66498,8274
1716984000,0.66499,0.66511,0.66258,0.66295,7821
1716998400,0.66296,0.66307,0.66112,0.66181,13165
1717012800,0.66181,0.6622,0.66088,0.66091,5538
1717027200,0.66091,0.66136,0.66051,0.66098,3849
1717041600,0.66098,0.66197,0.65994,0.66062,8359
1717056000,0.66061,0.66159,0.65899,0.66135,10942
1717070400,0.66135,0.66348,0.6607,0.66323,7610
1717084800,0.66323,0.66469,0.66272,0.66434,11267
1717099200,0.66435,0.6645,0.66259,0.66314,4208
1717113600,0.66307,0.66367,0.66242,0.66359,3049
1717128000,0.6636,0.6639,0.66259,0.66327,7672
1717142400,0.66326,0.66429,0.66275,0.66387,7387
1717156800,0.66386,0.66669,0.66357,0.66648,8946
1717171200,0.66647,0.66721,0.66323,0.66397,16815
1717185600,0.66396,0.66537,0.66389,0.66521,5917
1717372800,0.66469,0.66628,0.66454,0.66609,2816
1717387200,0.66609,0.66641,0.66437,0.6647,4710
1717401600,0.6647,0.66478,0.66319,0.66416,6045
1717416000,0.66417,0.6666,0.66341,0.66628,6117
1717430400,0.66629,0.66941,0.66595,0.66715,13602
1717444800,0.66714,0.66886,0.66628,0.66885,7324
1717459200,0.66852,0.66979,0.6674,0.66874,3068
1717473600,0.66874,0.66882,0.66746,0.66808,6537
1717488000,0.66807,0.66822,0.66458,0.66497,10256
1717502400,0.66498,0.66509,0.66301,0.66433,11368
1717516800,0.66434,0.66522,0.66336,0.66428,16377
1717531200,0.66429,0.66532,0.66397,0.66483,6641
1717545600,0.66466,0.66547,0.66412,0.66495,3026
1717560000,0.66494,0.66637,0.66426,0.66599,5909
1717574400,0.66598,0.66616,0.665,0.66509,7794
1717588800,0.66508,0.6651,0.66388,0.66486,7488
1717603200,0.66485,0.6654,0.66241,0.66415,16041
1717617600,0.66416,0.66527,0.66382,0.66462,3719
1717632000,0.66458,0.66664,0.66452,0.66645,2333
1717646400,0.66645,0.66826,0.66593,0.66607,6551
1717660800,0.66608,0.66621,0.66431,0.66497,6579
1717675200,0.66496,0.66533,0.66348,0.6638,7957
1717689600,0.6638,0.66623,0.66327,0.66605,12144
1717704000,0.66604,0.6672,0.66597,0.66649,4752
1717718400,0.66645,0.66694,0.66625,0.66651,1876
1717732800,0.66651,0.66771,0.66618,0.66742,4764
1717747200,0.6674,0.66802,0.66611,0.66653,6332
1717761600,0.66654,0.66695,0.66052,0.66065,11702
1717776000,0.66065,0.66131,0.65795,0.65886,17171
1717790400,0.65885,0.65889,0.65781,0.65805,6175
1717977600,0.65758,0.65839,0.6575,0.65783,3141
1717992000,0.65783,0.65921,0.65753,0.65896,4439
1718006400,0.65897,0.65971,0.65841,0.6585,7473
1718020800,0.65849,0.66007,0.65827,0.65904,7097
1718035200,0.65905,0.66099,0.65849,0.66043,8934
1718049600,0.66043,0.661,0.66008,0.66094,4145
1718064000,0.66091,0.66114,0.66006,0.66014,2577
1718078400,0.66014,0.66028,0.65903,0.65966,6406
1718092800,0.65968,0.66078,0.65964,0.65993,6670
1718107200,0.65994,0.66039,0.65878,0.66031,8635
1718121600,0.66032,0.66091,0.65887,0.66005,11169
1718136000,0.66006,0.66127,0.65984,0.66049,4412
1718150400,0.66046,0.66084,0.65964,0.65986,2566
1718164800,0.65987,0.6617,0.65979,0.66122,6568
1718179200,0.66123,0.66212,0.66069,0.66118,6418
1718193600,0.66118,0.66905,0.66057,0.66874,9702
1718208000,0.66874,0.67035,0.66796,0.67003,16314
1718222400,0.67002,0.67012,0.66545,0.66611,19039
1718236800,0.66607,0.66661,0.66555,0.66568,3043
1718251200,0.66568,0.66658,0.66458,0.66469,7207
1718265600,0.66468,0.66543,0.66386,0.66522,7715
1718280000,0.66521,0.66744,0.66398,0.66577,9666
1718294400,0.66578,0.66613,0.66252,0.66293,15972
1718308800,0.66293,0.66389,0.66293,0.66347,5652
1718323200,0.66331,0.66356,0.66199,0.6621,3015
1718337600,0.66209,0.66408,0.66209,0.66254,7832
1718352000,0.66255,0.66327,0.66089,0.66121,11379
1718366400,0.66121,0.66213,0.66006,0.66077,13399
1718380800,0.66076,0.66191,0.65907,0.66161,14534
1718395200,0.66161,0.66192,0.6604,0.66139,5206
1718582400,0.66055,0.66172,0.66037,0.66084,2956
1718596800,0.66084,0.66085,0.65982,0.66027,5448
1718611200,0.66028,0.66081,0.65903,0.66049,8678
1718625600,0.66048,0.66074,0.65845,0.65902,6915
1718640000,0.65901,0.66069,0.65877,0.66052,9276
1718654400,0.66053,0.66156,0.66049,0.66116,4413
1718668800,0.66098,0.66201,0.6605,0.66153,2903
1718683200,0.66153,0.66175,0.65992,0.66073,7349
1718697600,0.66073,0.66316,0.66058,0.66149,9953
1718712000,0.66149,0.66291,0.66083,0.66252,9513
1718726400,0.66252,0.66561,0.66243,0.66531,12960
1718740800,0.66531,0.66569,0.66479,0.66543,5423
1718755200,0.66537,0.66623,0.66512,0.66609,2602
1718769600,0.6661,0.66685,0.66588,0.66615,5837
1718784000,0.66615,0.66745,0.66609,0.66701,7032
1718798400,0.66699,0.66749,0.66643,0.66695,5252
1718812800,0.66697,0.66767,0.66665,0.66707,4752
1718827200,0.66707,0.66713,0.66682,0.66709,1269
1718841600,0.667,0.66753,0.66672,0.66715,2722
1718856000,0.66717,0.66766,0.66662,0.66703,5826
1718870400,0.66703,0.66784,0.66605,0.66665,7838
1718884800,0.66664,0.66769,0.6661,0.66631,7987
1718899200,0.66629,0.66731,0.66468,0.66527,11685
1718913600,0.66526,0.66643,0.66473,0.66541,7108
1718928000,0.66525,0.66624,0.6651,0.66545,2834
1718942400,0.66546,0.66672,0.66535,0.66665,4892
1718956800,0.66666,0.66687,0.6646,0.66525,8901
1718971200,0.66524,0.66688,0.66449,0.66603,8520
1718985600,0.66603,0.66612,0.66308,0.66408,15511
1719000000,0.66408,0.6645,0.66366,0.66405,5108
1719187200,0.66355,0.66408,0.66323,0.66375,3514
1719201600,0.66375,0.66388,0.66253,0.6637,7472
1719216000,0.66371,0.66559,0.66371,0.66521,7009
1719230400,0.66521,0.66549,0.6637,0.6645,7211
1719244800,0.66451,0.66668,0.66451,0.66539,10653
1719259200,0.66539,0.66611,0.66478,0.66554,5228
1719273600,0.66538,0.66564,0.66496,0.66527,2717
1719288000,0.66526,0.66641,0.66504,0.66604,7441
1719302400,0.66605,0.66719,0.66599,0.66627,6596
1719316800,0.66628,0.6663,0.66426,0.66458,7423
1719331200,0.66459,0.66494,0.66343,0.66376,10397
1719345600,0.66377,0.66497,0.66357,0.66452,3746
1719360000,0.6643,0.66483,0.66352,0.6642,3422
1719374400,0.66419,0.66802,0.66414,0.66772,8975
1719388800,0.66773,0.66878,0.66737,0.66747,7684
1719403200,0.66747,0.668,0.66512,0.6655,8793
1719417600,0.66549,0.66593,0.66395,0.66486,13156
1719432000,0.66485,0.66566,0.66445,0.66469,6037
1719446400,0.66457,0.66488,0.66392,0.66431,3374
1719460800,0.6643,0.66643,0.66427,0.66642,6866
1719475200,0.66643,0.66717,0.6658,0.66651,7342
1719489600,0.66654,0.66693,0.6647,0.6665,9901
1719504000,0.66651,0.66668,0.66424,0.66485,12558
1719518400,0.66485,0.66516,0.66422,0.6647,4584
1719532800,0.66461,0.66506,0.66388,0.66393,2760
1719547200,0.66392,0.66395,0.6619,0.6622,9937
1719561600,0.6622,0.66426,0.66198,0.66412,7072
1719576000,0.66413,0.66707,0.66389,0.66672,9674
1719590400,0.66671,0.66837,0.66593,0.66732,16977
1719604800,0.66731,0.66819,0.66624,0.66687,6404
1719792000,0.66796,0.66798,0.66639,0.66698,3989
1719806400,0.66697,0.6674,0.66636,0.66651,6276
1719820800,0.6665,0.6686,0.66632,0.66839,8442
1719835200,0.66838,0.66838,0.66553,0.66627,7462
1719849600,0.66626,0.66868,0.66432,0.66526,15140
1719864000,0.66525,0.66587,0.66475,0.66582,4617
1719878400,0.66569,0.66588,0.6647,0.66484,2499
1719892800,0.66484,0.66511,0.66331,0.66421,6283
1719907200,0.66422,0.66509,0.66376,0.66501,7826
1719921600,0.665,0.66597,0.66447,0.66542,6014
1719936000,0.66541,0.66698,0.66493,0.66564,15218
1719950400,0.66564,0.66698,0.66557,0.66668,3729
1719964800,0.66661,0.66736,0.66635,0.66687,2848
1719979200,0.66686,0.668,0.66644,0.66746,5296
1719993600,0.66746,0.66833,0.6668,0.66743,6053
1720008000,0.66743,0.66825,0.66686,0.66775,6607
1720022400,0.66775,0.67329,0.66771,0.67135,14328
1720036800,0.67134,0.67134,0.66993,0.67046,3269
1720051200,0.67041,0.67171,0.67012,0.67158,2642
1720065600,0.67157,0.67206,0.67099,0.67126,4935
1720080000,0.67125,0.67251,0.67103,0.67207,5404
1720094400,0.67207,0.67308,0.67177,0.6726,4718
1720108800,0.6726,0.67311,0.67233,0.67276,3782
1720123200,0.67277,0.67283,0.67252,0.67252,522
1720137600,0.67232,0.6735,0.67232,0.67318,2593
1720152000,0.67318,0.67381,0.67303,0.6733,5624
1720166400,0.6733,0.67358,0.67263,0.67346,5354
1720180800,0.67346,0.67517,0.67084,0.67351,8356
1720195200,0.6735,0.67466,0.67173,0.67392,16438
1720209600,0.67392,0.6752,0.67375,0.6748,4612
1720396800,0.67326,0.67482,0.6732,0.67394,3954
1720411200,0.67393,0.67602,0.67374,0.67522,6739
1720425600,0.67521,0.67523,0.67354,0.67357,7081
1720440000,0.67357,0.67491,0.67343,0.67481,5674
1720454400,0.67481,0.67505,0.67356,0.67405,9249
1720468800,0.67405,0.67434,0.67311,0.67357,3580
1720483200,0.67352,0.67468,0.67339,0.67364,2256
1720497600,0.67365,0.67436,0.67271,0.6741,5427
1720512000,0.67411,0.67468,0.67344,0.67352,5989
1720526400,0.67352,0.67428,0.67282,0.67317,5661
1720540800,0.67316,0.67446,0.67232,0.67367,13047
1720555200,0.67366,0.6743,0.67359,0.67398,4212
1720569600,0.67394,0.67438,0.67336,0.67345,2449
1720584000,0.67345,0.67455,0.67311,0.67445,6797
1720598400,0.67445,0.67496,0.67325,0.6739,6380
1720612800,0.67391,0.67454,0.67343,0.67439,4977
1720627200,0.67439,0.67514,0.6741,0.67456,9429
1720641600,0.67456,0.67478,0.67377,0.67454,4734
1720656000,0.67452,0.6754,0.67412,0.67499,2325
1720670400,0.67499,0.67626,0.67482,0.67568,3967
1720684800,0.67568,0.6762,0.67518,0.67589,4814
1720699200,0.67588,0.67978,0.67499,0.67895,8919
1720713600,0.67893,0.67975,0.67606,0.67636,23364
1720728000,0.67637,0.67661,0.67539,0.67582,7519
1720742400,0.67577,0.67717,0.67546,0.67583,7159
1720756800,0.67583,0.67709,0.67532,0.67684,7506
1720771200,0.67684,0.67768,0.67589,0.6776,7460
1720785600,0.6776,0.67787,0.67607,0.67739,9366
1720800000,0.67738,0.67929,0.67715,0.67877,14893
1720814400,0.67877,0.67894,0.67817,0.67824,3501
1721001600,0.67684,0.67767,0.67622,0.67668,4582
1721016000,0.67667,0.67775,0.67617,0.67741,4029
1721030400,0.6774,0.67879,0.67655,0.67842,5583
1721044800,0.67841,0.67871,0.67698,0.67747,5463
1721059200,0.67748,0.67817,0.67669,0.67701,11195
1721073600,0.67701,0.67702,0.67517,0.67589,6306
1721088000,0.67587,0.67634,0.67498,0.67498,2043
1721102400,0.675,0.67515,0.674,0.67413,4931
1721116800,0.67412,0.67452,0.67318,0.67377,6276
1721131200,0.67376,0.67472,0.67172,0.67229,7416
1721145600,0.67229,0.6726,0.67139,0.6725,10454
1721160000,0.6725,0.67356,0.67235,0.67328,3579
1721174400,0.67315,0.67341,0.67245,0.67304,3057
1721188800,0.67304,0.67407,0.67273,0.67363,4396
1721203200,0.67362,0.6753,0.67283,0.6752,9944
1721217600,0.6752,0.67538,0.67366,0.67381,8225
1721232000,0.6738,0.6743,0.67201,0.6725,12562
1721246400,0.67249,0.67293,0.67202,0.67286,4784
1721260800,0.67276,0.67307,0.6721,0.67213,3350
1721275200,0.67212,0.67398,0.67141,0.67365,7158
1721289600,0.67365,0.67427,0.67317,0.67355,8069
1721304000,0.67354,0.67391,0.67292,0.67337,6739
1721318400,0.67337,0.67399,0.67204,0.67249,12604
1721332800,0.67249,0.67253,0.66968,0.6705,6734
1721347200,0.67042,0.67077,0.66941,0.66991,3193
1721361600,0.66992,0.67055,0.66949,0.66986,5430
1721376000,0.66987,0.67065,0.66883,0.66902,6825
1721390400,0.66902,0.66962,0.66867,0.6689,5514
1721404800,0.6689,0.66949,0.6683,0.66866,10957
1721419200,0.66866,0.66876,0.66795,0.66828,4646
1721606400,0.6687,0.67013,0.66833,0.66893,3398
1721620800,0.66894,0.669,0.66619,0.66674,6270
1721635200,0.66674,0.66676,0.66602,0.66647,6676
1721649600,0.66646,0.66669,0.66428,0.66463,4516
1721664000,0.66463,0.66476,0.66304,0.66385,8291
1721678400,0.66385,0.6643,0.66385,0.66406,2763
1721692800,0.66406,0.66447,0.66315,0.6634,3655
1721707200,0.66339,0.6645,0.66306,0.66306,5031
1721721600,0.66305,0.66327,0.66204,0.66217,5330
1721736000,0.66217,0.66283,0.66182,0.66212,4988
1721750400,0.66211,0.6623,0.66108,0.66145,7206
1721764800,0.66144,0.6619,0.66105,0.66149,3197
1721779200,0.66142,0.66156,0.66064,0.66099,1753
1721793600,0.66101,0.66118,0.65825,0.65848,6489
1721808000,0.65849,0.66041,0.65842,0.65949,7654
1721822400,0.65949,0.66081,0.65891,0.66072,5672
1721836800,0.66071,0.66095,0.65927,0.65958,11125
1721851200,0.65957,0.6599,0.65769,0.65804,5035
1721865600,0.65787,0.65812,0.65562,0.6563,3572
1721880000,0.65632,0.65682,0.65398,0.65405,7433
1721894400,0.65405,0.65482,0.65227,0.65352,9800
1721908800,0.65351,0.6536,0.65116,0.65325,9951
1721923200,0.65326,0.65578,0.6529,0.6555,14793
1721937600,0.65551,0.65598,0.65328,0.65366,7333
1721952000,0.65363,0.65461,0.6534,0.65457,2789
1721966400,0.65457,0.65541,0.65422,0.65516,4820
1721980800,0.65517,0.65656,0.65503,0.65651,6806
1721995200,0.6565,0.65651,0.65507,0.6561,5667
1722009600,0.6561,0.65677,0.65497,0.65629,10667
1722024000,0.6563,0.65638,0.6547,0.65473,4865
1722211200,0.65471,0.65675,0.65461,0.65654,3033
1722225600,0.65655,0.65671,0.65465,0.65485,4356
1722240000,0.65486,0.6557,0.65401,0.65425,4647
1722254400,0.65424,0.6556,0.65369,0.65373,3586
1722268800,0.65372,0.65437,0.65233,0.65414,7916
1722283200,0.65415,0.65502,0.65382,0.65485,3233
1722297600,0.65474,0.65567,0.65423,0.65469,1965
1722312000,0.65468,0.6556,0.65322,0.65547,3938
1722326400,0.65546,0.65614,0.65467,0.65492,5017
1722340800,0.65493,0.65496,0.65335,0.65337,3079
1722355200,0.65337,0.65412,0.6528,0.65356,10830
1722369600,0.65357,0.6543,0.65312,0.65359,5661
1722384000,0.65344,0.65435,0.65292,0.6535,2998
1722398400,0.65351,0.65367,0.64795,0.64932,10258
1722412800,0.64931,0.6508,0.64787,0.6492,9272
1722427200,0.64918,0.65252,0.6486,0.65246,6498
1722441600,0.65245,0.65384,0.6523,0.65305,10091
1722456000,0.65305,0.65549,0.65155,0.65405,13167
1722470400,0.65397,0.65499,0.65369,0.65373,3179
1722484800,0.65371,0.65461,0.6523,0.65278,8277
1722499200,0.65279,0.65345,0.6514,0.6517,8889
1722513600,0.6517,0.65515,0.65131,0.6545,7434
1722528000,0.6545,0.65591,0.65056,0.65109,15286
1722542400,0.65108,0.65113,0.6488,0.64989,8193
1722556800,0.64973,0.65002,0.6486,0.64883,3891
1722571200,0.64884,0.65169,0.6486,0.65125,6838
1722585600,0.65126,0.65254,0.65068,0.65124,9562
1722600000,0.65124,0.65381,0.65004,0.65298,10644
1722614400,0.65296,0.65465,0.65103,0.65147,24108
1722628800,0.65147,0.65225,0.6506,0.65086,8937
1722816000,0.65079,0.65177,0.64815,0.64893,8717
1722830400,0.64893,0.65109,0.6482,0.64898,16207
1722844800,0.64897,0.64932,0.63449,0.6449,26963
1722859200,0.64489,0.6457,0.64345,0.6438,15583
1722873600,0.6438,0.65105,0.64373,0.64798,29676
1722888000,0.64798,0.65014,0.6479,0.64941,12785
1722902400,0.64934,0.65389,0.64894,0.65365,9959
1722916800,0.65366,0.65396,0.64904,0.65043,15677
1722931200,0.65044,0.65269,0.64913,0.64999,19274
1722945600,0.64999,0.64999,0.64716,0.64758,14162
1722960000,0.64757,0.65357,0.64743,0.65344,21371
1722974400,0.65342,0.65407,0.65156,0.65168,10301
1722988800,0.65168,0.65392,0.65087,0.65388,6472
1723003200,0.65388,0.65639,0.653,0.65561,14533
1723017600,0.65562,0.65627,0.65344,0.65584,13439
1723032000,0.65583,0.65738,0.65529,0.65632,8992
1723046400,0.65632,0.65644,0.65398,0.65434,13958
1723060800,0.65433,0.65447,0.65129,0.65189,10264
1723075200,0.65183,0.65252,0.65064,0.6517,5454
1723089600,0.65169,0.6565,0.65163,0.65546,10257
1723104000,0.65546,0.65645,0.6542,0.65555,10141
1723118400,0.65555,0.65638,0.6545,0.65485,9927
1723132800,0.65486,0.6585,0.65445,0.65768,16520
1723147200,0.65768,0.65928,0.65711,0.65914,7102
1723161600,0.65903,0.65937,0.65796,0.65836,3561
1723176000,0.65836,0.66036,0.65829,0.6588,7177
1723190400,0.65879,0.66042,0.65817,0.65899,8549
1723204800,0.65898,0.65911,0.65659,0.65721,6993
1723219200,0.6572,0.65861,0.65675,0.65737,12646
1723233600,0.65738,0.65791,0.65684,0.65705,4934
1723420800,0.65664,0.65828,0.65639,0.65771,2723
1723435200,0.6577,0.65868,0.65763,0.65831,3833
1723449600,0.65831,0.66013,0.65768,0.65958,5364
1723464000,0.65958,0.6602,0.65896,0.65923,4593
1723478400,0.65922,0.66042,0.65828,0.65844,10191
1723492800,0.65843,0.65912,0.6581,0.65847,3966
1723507200,0.65838,0.65871,0.65782,0.65833,1727
1723521600,0.65833,0.65996,0.65798,0.65942,4591
1723536000,0.65942,0.6608,0.65851,0.66022,4908
1723550400,0.6602,0.66103,0.65897,0.66065,7505
1723564800,0.66065,0.66254,0.65927,0.66235,11292
1723579200,0.66235,0.6637,0.66177,0.66329,5317
1723593600,0.6632,0.66412,0.66277,0.664,2713
1723608000,0.66398,0.6642,0.66175,0.66236,9104
1723622400,0.66237,0.66414,0.66221,0.66299,6466
1723636800,0.663,0.66413,0.66124,0.66222,7470
1723651200,0.66221,0.66342,0.66005,0.66056,13804
1723665600,0.66056,0.66066,0.65947,0.65953,4455
1723680000,0.65952,0.65997,0.65882,0.65885,2489
1723694400,0.65886,0.66264,0.65547,0.66239,8032
1723708800,0.66238,0.66243,0.66157,0.66157,3806
1723723200,0.66158,0.66327,0.66039,0.66067,6507
1723737600,0.66067,0.66337,0.65949,0.66229,12859
1723752000,0.66229,0.66232,0.66083,0.66097,2887
1723766400,0.66098,0.66146,0.66066,0.66135,2421
1723780800,0.66136,0.66269,0.66114,0.66251,3344
1723795200,0.66252,0.66361,0.66236,0.66313,4080
1723809600,0.66313,0.664,0.66221,0.66258,4719
1723824000,0.66258,0.66563,0.66228,0.6655,9059
1723838400,0.6655,0.66705,0.66539,0.66686,2987
1724025600,0.66627,0.6686,0.66393,0.66794,2771
1724040000,0.66794,0.66939,0.66764,0.66863,4826
1724054400,0.66863,0.66925,0.66766,0.66873,6112
1724068800,0.66873,0.66981,0.66827,0.66959,4609
1724083200,0.66958,0.67216,0.6692,0.67191,9637
1724097600,0.67191,0.67329,0.67167,0.67321,3448
1724112000,0.67311,0.67372,0.67232,0.67252,2232
1724126400,0.67253,0.67343,0.67125,0.67173,5502
1724140800,0.67173,0.67315,0.67127,0.67272,5472
1724155200,0.67272,0.6741,0.67269,0.67407,4773
1724169600,0.67408,0.67468,0.67336,0.67355,10484
1724184000,0.67355,0.67483,0.67327,0.67463,3466
1724198400,0.67454,0.67516,0.67419,0.67494,2018
1724212800,0.67494,0.67502,0.67384,0.67435,3980
1724227200,0.67434,0.67487,0.67312,0.67349,4922
1724241600,0.6735,0.6744,0.67343,0.67422,3995
1724256000,0.67423,0.67557,0.67299,0.67404,14518
1724270400,0.67406,0.67602,0.67372,0.67421,4180
1724284800,0.67421,0.67515,0.67405,0.67426,2125
1724299200,0.67427,0.67438,0.67268,0.67344,4018
1724313600,0.67344,0.67518,0.67327,0.67452,4536
1724328000,0.67452,0.67458,0.67232,0.67334,5737
1724342400,0.67335,0.67335,0.66983,0.67053,12261
1724356800,0.67053,0.67087,0.66962,0.67052,6467
1724371200,0.67047,0.67114,0.67007,0.67086,2017
1724385600,0.67086,0.6723,0.67076,0.6723,3527
1724400000,0.67231,0.67278,0.67166,0.67239,4910
1724414400,0.67237,0.67334,0.67229,0.67307,3871
1724428800,0.67306,0.67908,0.67223,0.67817,18746
1724443200,0.67816,0.67975,0.67805,0.67959,5710
1724630400,0.67869,0.67956,0.67844,0.67897,3389
1724644800,0.67896,0.67956,0.67742,0.67746,4553
1724659200,0.67746,0.67799,0.67697,0.67737,5587
1724673600,0.67735,0.67766,0.67658,0.67744,6706
1724688000,0.67743,0.67864,0.67693,0.67811,11374
1724702400,0.67812,0.67846,0.6769,0.67702,3744
1724716800,0.677,0.67746,0.67608,0.67621,1966
1724731200,0.67622,0.67848,0.67622,0.67831,4340
1724745600,0.67833,0.67902,0.67713,0.67759,5942
1724760000,0.67759,0.67864,0.67707,0.67721,5437
1724774400,0.67722,0.67832,0.67689,0.67762,9835
1724788800,0.67761,0.67947,0.67757,0.67922,3761
1724803200,0.67915,0.6795,0.67861,0.67884,2488
1724817600,0.67883,0.68121,0.67826,0.67938,6316
1724832000,0.67938,0.67984,0.67809,0.67961,6159
1724846400,0.67961,0.67973,0.67696,0.67744,5299
1724860800,0.67744,0.67946,0.67664,0.67747,11606
1724875200,0.67747,0.6784,0.67636,0.67837,5643
1724889600,0.67828,0.67995,0.67803,0.67985,2680
1724904000,0.67985,0.68059,0.67868,0.68029,5245
1724918400,0.68028,0.68118,0.67966,0.68057,7998
1724932800,0.68058,0.6823,0.67993,0.68015,8272
1724947200,0.68016,0.68096,0.67837,0.68026,11915
1724961600,0.68025,0.68097,0.67922,0.67966,6251
1724976000,0.67966,0.67987,0.67926,0.67981,2101
1724990400,0.67978,0.6808,0.67887,0.67991,5098
1725004800,0.67993,0.68155,0.6798,0.68064,5337
1725019200,0.68064,0.68084,0.67767,0.67838,5861
1725033600,0.67838,0.67915,0.67507,0.67573,15310
1725048000,0.67572,0.67697,0.67555,0.67638,4786
1725235200,0.67629,0.67777,0.67613,0.6774,2801
1725249600,0.67739,0.67767,0.67561,0.67601,5129
1725264000,0.67602,0.67846,0.67602,0.67818,5982
1725278400,0.67818,0.67848,0.67724,0.67791,3560
1725292800,0.67792,0.67939,0.67734,0.67898,4071
1725307200,0.67899,0.67938,0.67899,0.67906,773
1725321600,0.67902,0.67914,0.67794,0.6783,3313
1725336000,0.67831,0.67874,0.67313,0.67413,8513
1725350400,0.67414,0.67524,0.67295,0.67458,7512
1725364800,0.67458,0.67469,0.67285,0.67378,6189
1725379200,0.6738,0.67463,0.67114,0.67163,13392
1725393600,0.67163,0.67188,0.67071,0.67102,4907
1725408000,0.67096,0.67147,0.66848,0.6687,4510
1725422400,0.66868,0.6706,0.66868,0.67031,6916
1725436800,0.67031,0.67157,0.66959,0.67024,6938
1725451200,0.67025,0.67235,0.67025,0.6723,4529
1725465600,0.67231,0.67484,0.67174,0.6724,12734
1725480000,0.67239,0.67261,0.67105,0.67243,5442
1725494400,0.67216,0.6724,0.67128,0.67215,2641
1725508800,0.67216,0.67311,0.67177,0.67227,4211
1725523200,0.67228,0.67321,0.67129,0.67304,5421
1725537600,0.67304,0.67356,0.67177,0.67308,7128
1725552000,0.67309,0.67396,0.67182,0.67311,12609
1725566400,0.67309,0.67407,0.67282,0.67404,4688
1725580800,0.67397,0.67428,0.67362,0.674,2240
1725595200,0.67399,0.67403,0.67258,0.67316,3878
1725609600,0.67315,0.6737,0.67181,0.67341,6245
1725624000,0.67341,0.67664,0.67186,0.67486,8610
1725638400,0.67483,0.6751,0.66588,0.66662,23633
1725652800,0.6666,0.66786,0.66634,0.66674,6513
1725840000,0.66657,0.66751,0.66654,0.66673,3606
1725854400,0.66673,0.66881,0.66673,0.66749,5381
1725868800,0.66748,0.66749,0.66509,0.66541,4961
1725883200,0.6654,0.66623,0.66471,0.66506,4086
1725897600,0.66507,0.66697,0.66475,0.66688,8236
1725912000,0.66689,0.66721,0.66558,0.66587,4140
1725926400,0.6658,0.66649,0.66435,0.66492,2741
1725940800,0.66491,0.66652,0.66473,0.66639,4367
1725955200,0.66638,0.66723,0.6654,0.66566,5344
1725969600,0.66565,0.66758,0.66522,0.66637,4657
1725984000,0.66637,0.66657,0.66403,0.66509,10075
1725998400,0.66509,0.6661,0.66494,0.66515,3968
1726012800,0.66507,0.6656,0.6644,0.66473,2871
1726027200,0.66472,0.6659,0.66457,0.66525,6532
1726041600,0.66525,0.66681,0.66523,0.66587,6160
1726056000,0.66588,0.66731,0.66349,0.66533,9636
1726070400,0.66533,0.66606,0.66214,0.66563,17638
1726084800,0.66563,0.6675,0.66562,0.66747,6077
1726099200,0.66738,0.66816,0.667,0.66726,2581
1726113600,0.66726,0.66917,0.66703,0.66896,4952
1726128000,0.66897,0.66937,0.66556,0.66709,6430
1726142400,0.6671,0.66889,0.66705,0.66774,7288
1726156800,0.66774,0.67065,0.66711,0.67047,12961
1726171200,0.67047,0.67243,0.67042,0.67212,6660
1726185600,0.67206,0.67301,0.67186,0.67295,2821
1726200000,0.67296,0.67318,0.67197,0.67241,4620
1726214400,0.6724,0.67251,0.67101,0.67142,5712
1726228800,0.67143,0.67264,0.66915,0.67068,7134
1726243200,0.67069,0.67224,0.67027,0.67079,11951
1726257600,0.67078,0.67099,0.66992,0.67036,6112
1726444800,0.67027,0.67141,0.67012,0.67113,2372
1726459200,0.67112,0.67292,0.6705,0.67266,3652
1726473600,0.67266,0.67449,0.67195,0.67372,5865
1726488000,0.67374,0.6748,0.67344,0.67395,6432
1726502400,0.67395,0.67463,0.67307,0.67426,10282
1726516800,0.67427,0.67527,0.67377,0.67511,3255
1726531200,0.67508,0.67527,0.67417,0.67423,2333
1726545600,0.67425,0.67531,0.67407,0.67418,3671
1726560000,0.67419,0.6765,0.67412,0.67633,4932
1726574400,0.67634,0.67679,0.6745,0.67491,7472
1726588800,0.67492,0.67664,0.67446,0.67514,12003
1726603200,0.67514,0.67601,0.67434,0.67546,5035
1726617600,0.67544,0.67691,0.67524,0.67671,1889
1726632000,0.67671,0.67727,0.67485,0.67501,3900
1726646400,0.67501,0.67797,0.67498,0.67779,6272
1726660800,0.67779,0.67888,0.67734,0.67763,4471
1726675200,0.67762,0.67877,0.67555,0.67655,8560
1726689600,0.67654,0.68195,0.67415,0.67623,26436
1726704000,0.67603,0.67718,0.67414,0.67439,5979
1726718400,0.6744,0.67936,0.67368,0.67906,11543
1726732800,0.67907,0.68311,0.67907,0.6826,10176
1726747200,0.6826,0.68382,0.68056,0.68059,11101
1726761600,0.68058,0.68221,0.67853,0.68177,14849
1726776000,0.68176,0.68232,0.68096,0.68135,5083
1726790400,0.68117,0.68153,0.68037,0.68048,2497
1726804800,0.68048,0.68267,0.67996,0.68155,6501
1726819200,0.68156,0.6828,0.68044,0.68092,8704
1726833600,0.68092,0.68223,0.68017,0.68207,6139
1726848000,0.68206,0.68206,0.67821,0.68164,15779
1726862400,0.68164,0.68169,0.68024,0.68063,5567
1727049600,0.6797,0.68142,0.67954,0.68138,2051
1727064000,0.68135,0.68354,0.68101,0.68326,4067
1727078400,0.68326,0.68342,0.67995,0.68106,7902
1727092800,0.68107,0.68387,0.68105,0.68369,6856
1727107200,0.68369,0.68528,0.68308,0.68381,13351
1727121600,0.68381,0.68487,0.68342,0.68364,3910
1727136000,0.68357,0.68382,0.68249,0.68295,2296
1727150400,0.68295,0.68643,0.68295,0.68609,7660
1727164800,0.68612,0.68683,0.68134,0.6835,10886
1727179200,0.68348,0.68619,0.68329,0.6857,7867
1727193600,0.6857,0.68831,0.68568,0.68802,12537
1727208000,0.68802,0.68922,0.68752,0.68917,3911
1727222400,0.68912,0.69073,0.6889,0.6897,3367
1727236800,0.68971,0.69001,0.68801,0.68873,8390
1727251200,0.68873,0.68954,0.68721,0.68844,7597
1727265600,0.68843,0.68844,0.68633,0.68701,7266
1727280000,0.68701,0.68827,0.68253,0.68259,13980
1727294400,0.68259,0.68319,0.68173,0.68225,6889
1727308800,0.68221,0.68338,0.68182,0.68317,3185
1727323200,0.68316,0.68474,0.68279,0.68434,6132
1727337600,0.68434,0.68699,0.6841,0.68606,8791
1727352000,0.68608,0.6888,0.68607,0.68849,10798
1727366400,0.6885,0.69039,0.68618,0.68855,19556
1727380800,0.68854,0.69016,0.68842,0.68942,7708
1727395200,0.68917,0.68989,0.68794,0.68865,2957
1727409600,0.68864,0.68904,0.68712,0.68771,7346
1727424000,0.68772,0.689,0.68673,0.68854,12373
1727438400,0.68854,0.69287,0.68813,0.6924,8776
1727452800,0.69239,0.69365,0.69006,0.69089,15668
1727467200,0.6909,0.69123,0.68984,0.69004,6432
1727654400,0.69011,0.69233,0.68955,0.69215,3819
1727668800,0.69216,0.69358,0.69133,0.69309,9224
1727683200,0.6931,0.69406,0.69191,0.69252,9353
1727697600,0.69253,0.69282,0.6914,0.69272,7772
1727712000,0.69272,0.69407,0.69197,0.6938,14581
1727726400,0.6938,0.69414,0.68979,0.69125,10735
1727740800,0.69115,0.69191,0.6907,0.69118,3147
1727755200,0.69118,0.69338,0.69106,0.69284,6503
1727769600,0.69285,0.69325,0.68978,0.69065,9879
1727784000,0.69065,0.69143,0.68938,0.69079,9721
1727798400,0.6908,0.69124,0.68646,0.68721,22301
1727812800,0.68721,0.68981,0.68558,0.68828,9347
1727827200,0.68824,0.68859,0.68773,0.68815,3043
1727841600,0.68816,0.69149,0.68816,0.68893,8065
1727856000,0.68893,0.69037,0.68746,0.68939,11550
1727870400,0.68939,0.69027,0.68887,0.68934,8900
1727884800,0.68935,0.69,0.68774,0.68832,14873
1727899200,0.68833,0.68887,0.68783,0.68836,5546
1727913600,0.6883,0.68877,0.68726,0.68795,2904
1727928000,0.68794,0.68826,0.68587,0.68591,8418
1727942400,0.6859,0.68753,0.6848,0.68497,10486
1727956800,0.68498,0.68529,0.68343,0.68374,9246
1727971200,0.68373,0.68542,0.68291,0.68491,18602
1727985600,0.68493,0.68503,0.68388,0.68391,6228
1728000000,0.68377,0.68512,0.68321,0.68491,2428
1728014400,0.6849,0.68508,0.68386,0.68399,8376
1728028800,0.684,0.6849,0.68361,0.68406,6736
1728043200,0.68405,0.68446,0.67914,0.67931,9581
1728057600,0.67931,0.681,0.67847,0.6795,17191
1728072000,0.67951,0.68028,0.67914,0.67939,4415
1728259200,0.67873,0.68067,0.67866,0.67992,4174
1728273600,0.67993,0.68095,0.67958,0.68048,9749
1728288000,0.68047,0.68061,0.67842,0.67846,9054
1728302400,0.67846,0.67978,0.67767,0.67858,9167
1728316800,0.67856,0.67914,0.67558,0.67605,13348
1728331200,0.67606,0.67659,0.67425,0.67572,7660
1728345600,0.67562,0.67685,0.6749,0.67674,4034
1728360000,0.67674,0.67681,0.67142,0.67361,16578
1728374400,0.6736,0.67417,0.67181,0.67295,12150
1728388800,0.67297,0.67438,0.67201,0.67321,7372
1728403200,0.67321,0.67417,0.6721,0.67376,12951
1728417600,0.67376,0.67494,0.67278,0.67466,5755
1728432000,0.67441,0.67469,0.67347,0.67389,2650
1728446400,0.6739,0.67473,0.67221,0.67289,14637
1728460800,0.6729,0.67609,0.67229,0.67291,14407
1728475200,0.67291,0.67391,0.67166,0.67205,7623
1728489600,0.67205,0.67269,0.67072,0.67156,11256
1728504000,0.67157,0.67186,0.67104,0.67169,4792
1728518400,0.67166,0.67212,0.671,0.67156,2569
1728532800,0.67153,0.67393,0.67142,0.67378,9880
1728547200,0.67378,0.67415,0.67213,0.67222,8100
1728561600,0.67222,0.67371,0.66994,0.67319,10453
1728576000,0.6732,0.67388,0.67124,0.67174,18140
1728590400,0.67173,0.67414,0.67102,0.67398,7970
1728604800,0.67389,0.6744,0.67354,0.67402,2554
1728619200,0.67402,0.67486,0.67357,0.67417,3972
1728633600,0.67417,0.67441,0.67252,0.67375,5363
1728648000,0.67375,0.67496,0.67242,0.67319,7928
1728662400,0.67321,0.67582,0.67269,0.67567,10559
1728676800,0.67567,0.67584,0.67487,0.67494,2381
1728864000,0.6737,0.67429,0.67167,0.67331,4668
1728878400,0.67331,0.67441,0.67216,0.67362,11537
1728892800,0.67362,0.6743,0.67249,0.67269,7172
1728907200,0.67268,0.67327,0.67037,0.67045,5352
1728921600,0.67043,0.67367,0.67011,0.67235,10111
1728936000,0.67235,0.67254,0.67114,0.67239,4061
1728950400,0.67222,0.6728,0.67189,0.67269,2205
1728964800,0.67267,0.67319,0.67108,0.67125,6339
1728979200,0.67124,0.67166,0.67012,0.67143,8033
1728993600,0.67143,0.67191,0.67065,0.67161,7034
1729008000,0.6716,0.67252,0.67013,0.67054,12040
1729022400,0.67053,0.67053,0.66971,0.67022,4762
1729036800,0.67012,0.67041,0.66671,0.6679,3845
1729051200,0.66791,0.67,0.66759,0.66898,7806
1729065600,0.66897,0.66983,0.66827,0.66885,8800
1729080000,0.66886,0.66926,0.66726,0.66735,6178
1729094400,0.66734,0.66769,0.66575,0.66663,9660
1729108800,0.66664,0.6667,0.66615,0.66662,3175
1729123200,0.66643,0.66941,0.66584,0.66925,3445
1729137600,0.66926,0.67094,0.66809,0.66886,8182
1729152000,0.66887,0.66945,0.66713,0.66775,7036
1729166400,0.66776,0.67008,0.66773,0.66897,7933
1729180800,0.66895,0.67084,0.66817,0.66987,14148
1729195200,0.66988,0.67015,0.66921,0.66954,3260
1729209600,0.66946,0.67032,0.66924,0.66972,2529
1729224000,0.66971,0.67172,0.66971,0.67015,7844
1729238400,0.67016,0.6717,0.66973,0.67111,7590
1729252800,0.67112,0.67152,0.67059,0.67122,5954
1729267200,0.67123,0.67187,0.66972,0.67083,8622
1729281600,0.67082,0.67087,0.66989,0.67042,4617
1729468800,0.6703,0.67155,0.66949,0.67071,2745
1729483200,0.67071,0.67227,0.67023,0.67034,7831
1729497600,0.67035,0.67051,0.66813,0.66904,6123
1729512000,0.66904,0.66983,0.66792,0.66912,5390
1729526400,0.66912,0.66941,0.66543,0.66591,9289
1729540800,0.66591,0.66622,0.66522,0.66573,3329
1729555200,0.66566,0.66581,0.66498,0.66543,2237
1729569600,0.66542,0.66878,0.66538,0.66851,9067
1729584000,0.66855,0.66916,0.66777,0.66781,6112
1729598400,0.66781,0.66898,0.6677,0.66846,6183
1729612800,0.66845,0.66944,0.66751,0.66822,9424
1729627200,0.66823,0.66896,0.66777,0.66813,3103
1729641600,0.66805,0.6689,0.66685,0.66697,2712
1729656000,0.66697,0.66906,0.66617,0.66758,8846
1729670400,0.66759,0.66787,0.66576,0.66577,5895
1729684800,0.66577,0.66588,0.66285,0.66341,5394
1729699200,0.66341,0.66421,0.66245,0.66264,9069
1729713600,0.66263,0.66348,0.66133,0.66337,5772
1729728000,0.66321,0.66403,0.66286,0.66402,2510
1729742400,0.66402,0.66499,0.66354,0.66462,4655
1729756800,0.66462,0.66594,0.66408,0.66543,5744
1729771200,0.66542,0.66606,0.6644,0.66497,5606
1729785600,0.66497,0.66524,0.66202,0.66312,9753
1729800000,0.66311,0.66433,0.66306,0.66387,3526
1729814400,0.66367,0.66408,0.66277,0.66333,2005
1729828800,0.66332,0.66378,0.66166,0.66193,5304
1729843200,0.66193,0.663,0.66192,0.66269,5243
1729857600,0.66269,0.66459,0.66259,0.66444,4120
1729872000,0.66445,0.66455,0.66108,0.66118,8851
1729886400,0.66118,0.66119,0.66004,0.66021,4761
1730073600,0.66105,0.66105,0.65937,0.65977,4773
1730088000,0.65976,0.66006,0.65788,0.65884,4125
1730102400,0.65883,0.66057,0.65879,0.66004,5243
1730116800,0.66003,0.66095,0.65997,0.66047,5323
1730131200,0.66048,0.66065,0.65803,0.65821,7261
1730145600,0.6582,0.65857,0.65794,0.65821,2855
1730160000,0.65821,0.6584,0.6571,0.6578,4067
1730174400,0.6578,0.65833,0.65596,0.65635,5145
1730188800,0.65636,0.65802,0.65578,0.65733,5678
1730203200,0.65733,0.65744,0.65485,0.6557,6146
1730217600,0.65569,0.65717,0.65441,0.65542,12165
1730232000,0.65543,0.65605,0.65517,0.65579,3071
1730246400,0.6558,0.65699,0.65532,0.65642,4177
1730260800,0.65641,0.65647,0.65362,0.6541,5244
1730275200,0.65412,0.6583,0.6541,0.65764,6604
1730289600,0.65764,0.65903,0.65631,0.65877,10002
1730304000,0.65881,0.65953,0.6573,0.65776,10135
1730318400,0.65775,0.65836,0.65694,0.65717,4210
1730332800,0.65714,0.65743,0.65634,0.65654,3627
1730347200,0.65655,0.65762,0.6565,0.65741,6115
1730361600,0.6574,0.65782,0.65659,0.65678,6699
1730376000,0.65676,0.65759,0.65455,0.65479,9448
1730390400,0.65479,0.65675,0.65389,0.65663,13421
1730404800,0.65663,0.65835,0.6565,0.65782,5462
1730419200,0.65787,0.65827,0.65701,0.65758,4236
1730433600,0.65757,0.65812,0.65617,0.65646,4910
1730448000,0.65647,0.65688,0.65553,0.65651,4744
1730462400,0.65651,0.65904,0.65583,0.65802,11030
1730476800,0.65803,0.65848,0.65606,0.65613,11278
1730491200,0.65612,0.65648,0.65531,0.65559,5090
1730678400,0.66059,0.66089,0.65836,0.66016,5816
1730692800,0.66015,0.66182,0.65973,0.66104,7472
1730707200,0.66106,0.66113,0.65834,0.65929,6305
1730721600,0.6593,0.66052,0.65862,0.65948,6082
1730736000,0.65947,0.66102,0.65789,0.65916,12274
1730750400,0.65917,0.6592,0.6582,0.65834,7075
1730764800,0.65821,0.65919,0.6578,0.65903,3806
1730779200,0.65902,0.66001,0.65833,0.65965,6179
1730793600,0.65964,0.66192,0.65953,0.66162,5355
1730808000,0.66163,0.66299,0.66147,0.66257,5582
1730822400,0.66255,0.66408,0.66211,0.66331,11607
1730836800,0.66332,0.66386,0.6631,0.66369,4631
1730851200,0.66353,0.66436,0.65788,0.6592,14461
1730865600,0.65918,0.65948,0.65116,0.65471,26637
1730880000,0.65472,0.65937,0.65197,0.65852,20405
1730894400,0.65852,0.65955,0.65507,0.65559,14764
1730908800,0.65558,0.65793,0.65468,0.65683,18930
1730923200,0.65684,0.65926,0.65632,0.6569,7720
1730937600,0.65676,0.65831,0.65633,0.65811,6489
1730952000,0.65812,0.66271,0.6581,0.66224,9414
1730966400,0.66223,0.66369,0.66162,0.66286,10983
1730980800,0.66287,0.6663,0.66241,0.66623,11953
1730995200,0.66623,0.66869,0.66568,0.66762,14877
1731009600,0.66763,0.66842,0.6652,0.66778,13480
1731024000,0.66769,0.66797,0.66554,0.666,5293
1731038400,0.66601,0.66632,0.66444,0.66537,7344
1731052800,0.66536,0.66562,0.66216,0.6642,13096
1731067200,0.66422,0.66425,0.66042,0.66068,11409
1731081600,0.66069,0.66141,0.65574,0.65755,16103
1731096000,0.65756,0.65857,0.65669,0.65826,6747
1731283200,0.65753,0.65975,0.6573,0.65895,5565
1731297600,0.65894,0.65964,0.65838,0.65895,6525
1731312000,0.65895,0.65944,0.65736,0.65823,9587
1731326400,0.65822,0.6589,0.65648,0.65712,8427
1731340800,0.65713,0.65803,0.65643,0.65673,10342
1731355200,0.65672,0.65741,0.65618,0.65733,4075
1731369600,0.65731,0.65808,0.65599,0.65661,4660
1731384000,0.65662,0.65662,0.65487,0.65499,7948
1731398400,0.65498,0.65571,0.65361,0.65421,8991
1731412800,0.65422,0.65561,0.65337,0.65501,10617
1731427200,0.65502,0.65502,0.65132,0.65158,16480
1731441600,0.6516,0.65389,0.65153,0.65328,6428
1731456000,0.65329,0.65368,0.65151,0.6536,5961
1731470400,0.65361,0.65387,0.6528,0.6532,5122
1731484800,0.65319,0.65348,0.65171,0.65316,7786
1731499200,0.65315,0.65452,0.6517,0.65305,11497
1731513600,0.65305,0.65324,0.64795,0.64871,20619
1731528000,0.64874,0.64947,0.648,0.64854,5694
1731542400,0.6485,0.64959,0.6479,0.64834,5671
1731556800,0.64835,0.64835,0.64588,0.64633,7169
1731571200,0.64632,0.6479,0.64613,0.64632,9716
1731585600,0.64632,0.64769,0.64521,0.64638,13117
1731600000,0.64635,0.64875,0.64629,0.64769,17366
1731614400,0.6477,0.64788,0.64399,0.6454,9928
1731628800,0.64539,0.64565,0.64446,0.64532,5110
1731643200,0.64532,0.64677,0.6453,0.64618,5840
1731657600,0.64619,0.64748,0.64539,0.64654,9044
1731672000,0.64654,0.64804,0.64569,0.64622,11376
1731686400,0.64622,0.64672,0.6442,0.64621,18876
1731700800,0.64623,0.6465,0.64495,0.646,6333
1731888000,0.64595,0.64776,0.6456,0.6471,6038
1731902400,0.6471,0.64781,0.64611,0.64653,6039
1731916800,0.64652,0.64671,0.64496,0.64587,9712
1731931200,0.64587,0.64645,0.64469,0.6464,7536
1731945600,0.64639,0.65051,0.64619,0.65037,11226
1731960000,0.65037,0.65104,0.65016,0.65072,4927
1731974400,0.65061,0.65097,0.64953,0.65075,4223
1731988800,0.65074,0.6523,0.6502,0.65058,6943
1732003200,0.65058,0.6517,0.64816,0.64888,12552
1732017600,0.64887,0.65155,0.64876,0.65019,11577
1732032000,0.65018,0.6527,0.64968,0.652,14639
1732046400,0.65199,0.6533,0.65136,0.65316,4812
1732060800,0.65256,0.65435,0.65252,0.65348,4523
1732075200,0.65349,0.65374,0.65213,0.65219,4831
1732089600,0.65219,0.65311,0.65074,0.65107,8175
1732104000,0.65106,0.65136,0.64967,0.65018,6568
1732118400,0.65019,0.65028,0.64835,0.64975,10775
1732132800,0.64974,0.65054,0.64895,0.65049,5072
1732147200,0.65027,0.6518,0.65013,0.65142,4123
1732161600,0.65144,0.65229,0.65099,0.65105,5393
1732176000,0.65104,0.65211,0.65054,0.65084,11082
1732190400,0.65084,0.65291,0.65074,0.65251,9693
1732204800,0.65252,0.65318,0.64965,0.65159,17486
1732219200,0.6516,0.65195,0.65084,0.65095,5847
1732233600,0.65094,0.65206,0.65073,0.65152,4463
1732248000,0.65151,0.65192,0.64863,0.64888,7875
1732262400,0.64888,0.65178,0.64704,0.64875,15286
1732276800,0.64875,0.65076,0.6481,0.65024,12214
1732291200,0.65025,0.65075,0.6481,0.65007,15226
1732305600,0.65006,0.6505,0.64936,0.64999,4790
1732492800,0.65334,0.65487,0.65226,0.6535,6350
1732507200,0.65351,0.65387,0.65157,0.65194,6513
1732521600,0.65193,0.65224,0.64975,0.65144,9405
1732536000,0.65143,0.65267,0.64964,0.65242,9786
1732550400,0.65243,0.65255,0.64867,0.64906,13479
1732564800,0.64906,0.65052,0.64902,0.65034,5430
1732579200,0.65026,0.65058,0.6433,0.64667,12666
1732593600,0.64667,0.65012,0.64639,0.64883,8005
1732608000,0.64883,0.64963,0.64733,0.64845,10529
1732622400,0.64844,0.65067,0.64809,0.64822,10613
1732636800,0.64823,0.64832,0.64499,0.64542,15991
1732651200,0.64541,0.64727,0.64471,0.64727,7086
1732665600,0.64717,0.64842,0.64579,0.64717,7402
1732680000,0.64716,0.64823,0.64638,0.64719,6496
1732694400,0.6472,0.65,0.64718,0.64863,11100
1732708800,0.64863,0.64957,0.64724,0.64953,10159
1732723200,0.64953,0.64989,0.64787,0.64932,16359
1732737600,0.64931,0.6499,0.64912,0.64969,5338
1732752000,0.64954,0.65085,0.64899,0.65031,5042
1732766400,0.65032,0.65062,0.64833,0.64881,4763
1732780800,0.64881,0.64995,0.64765,0.64963,8563
1732795200,0.64964,0.65046,0.6492,0.64995,5806
1732809600,0.64996,0.65034,0.64895,0.65016,4794
1732824000,0.65016,0.65022,0.64989,0.64989,741
1732838400,0.64966,0.65147,0.64922,0.65067,5691
1732852800,0.65067,0.65228,0.6502,0.65141,6793
1732867200,0.6514,0.65272,0.65013,0.65071,8843
1732881600,0.65071,0.651,0.64959,0.65032,8583
1732896000,0.65033,0.65212,0.6495,0.65211,14279
1732910400,0.6521,0.65254,0.65136,0.65159,8080
1733097600,0.65102,0.65124,0.64915,0.65014,6759
1733112000,0.65014,0.65024,0.64896,0.64975,7825
1733126400,0.64972,0.65102,0.64877,0.64935,10815
1733140800,0.64935,0.64985,0.64665,0.64693,9774
1733155200,0.64692,0.64723,0.64422,0.64603,15532
1733169600,0.64604,0.64832,0.64581,0.64764,5567
1733184000,0.64753,0.64806,0.64629,0.64656,4766
1733198400,0.64655,0.64723,0.64542,0.64689,6295
1733212800,0.64688,0.65039,0.64658,0.64947,9093
1733227200,0.64951,0.64963,0.64771,0.64859,7936
1733241600,0.64859,0.6491,0.64601,0.64895,14111
1733256000,0.64896,0.64932,0.64777,0.64834,4795
1733270400,0.64827,0.64873,0.64523,0.64533,5032
1733284800,0.64532,0.64562,0.64073,0.64414,9666
1733299200,0.64415,0.64502,0.64158,0.6418,9580
1733313600,0.64181,0.642,0.63984,0.64068,8941
1733328000,0.64067,0.64399,0.64035,0.64386,13733
1733342400,0.64386,0.64425,0.64274,0.64288,6157
1733356800,0.64284,0.64339,0.64205,0.64278,3827
1733371200,0.64277,0.64375,0.64261,0.64361,4524
1733385600,0.64361,0.64521,0.64331,0.64376,6642
1733400000,0.64375,0.64457,0.64274,0.64421,8339
1733414400,0.6442,0.64522,0.64226,0.64372,11237
1733428800,0.64371,0.6454,0.64255,0.64531,4324
1733443200,0.64521,0.64545,0.64188,0.64225,3890
1733457600,0.64224,0.64407,0.64212,0.64314,6000
1733472000,0.64313,0.64313,0.64217,0.64255,6120
1733486400,0.64255,0.64438,0.64082,0.64336,10863
1733500800,0.64336,0.64351,0.63718,0.63778,16909
1733515200,0.63777,0.63916,0.63737,0.63906,4234
1733702400,0.63887,0.64008,0.63878,0.63955,3602
1733716800,0.63956,0.64026,0.63791,0.63845,4356
1733731200,0.63846,0.64457,0.63822,0.64387,9451
1733745600,0.64388,0.64659,0.64385,0.64635,7557
1733760000,0.64634,0.64706,0.6453,0.64539,10231
1733774400,0.6454,0.64549,0.64332,0.64395,4254
1733788800,0.64384,0.64409,0.6416,0.64232,4410
1733803200,0.64233,0.64315,0.63785,0.63955,10619
1733817600,0.63956,0.64024,0.63802,0.63933,7670
1733832000,0.63932,0.64016,0.63867,0.63932,6900
1733846400,0.63931,0.63987,0.63645,0.63725,9983
1733860800,0.63723,0.63833,0.63722,0.63778,3857
1733875200,0.6377,0.63813,0.63681,0.63798,3553
1733889600,0.63798,0.63884,0.63668,0.63709,4696
1733904000,0.63708,0.63739,0.63392,0.63459,11000
1733918400,0.63458,0.6376,0.63357,0.63674,10019
1733932800,0.63673,0.63769,0.63542,0.63642,12985
1733947200,0.63643,0.63753,0.63622,0.63674,5342
1733961600,0.63666,0.64128,0.63644,0.64102,5432
1733976000,0.64103,0.64193,0.64028,0.64162,5485
1733990400,0.64163,0.64286,0.64007,0.64138,8192
1734004800,0.64138,0.6418,0.63875,0.63971,10857
1734019200,0.63973,0.64021,0.63673,0.63791,15758
1734033600,0.63792,0.63808,0.63602,0.63674,6218
1734048000,0.63664,0.63712,0.63582,0.63616,4335
1734062400,0.63617,0.63674,0.63535,0.6363,4793
1734076800,0.63631,0.63716,0.6354,0.63656,6983
1734091200,0.63657,0.63827,0.63642,0.63799,6931
1734105600,0.63798,0.63798,0.63511,0.63565,9210
1734120000,0.63565,0.63603,0.63527,0.63588,4258
1734307200,0.6355,0.63724,0.6351,0.63712,5968
1734321600,0.63704,0.6382,0.63609,0.6374,8261
1734336000,0.63739,0.6377,0.63632,0.63643,7832
1734350400,0.63643,0.63649,0.63492,0.63593,4675
1734364800,0.63594,0.63761,0.63441,0.63713,9492
1734379200,0.63714,0.63744,0.63632,0.63699,3557
1734393600,0.63687,0.63767,0.63643,0.63725,3692
1734408000,0.63725,0.63745,0.63491,0.63494,3864
1734422400,0.63494,0.63562,0.63393,0.63411,5646
1734436800,0.6341,0.63512,0.63354,0.635,6752
1734451200,0.63499,0.6354,0.63317,0.63403,9598
1734465600,0.63402,0.63422,0.63308,0.6336,3740
1734480000,0.63354,0.63381,0.63243,0.63283,2945
1734494400,0.63284,0.63305,0.63091,0.63123,4151
1734508800,0.63122,0.63226,0.63044,0.6306,5403
1734523200,0.63061,0.63252,0.63061,0.63221,5345
1734537600,0.63221,0.63263,0.62984,0.6302,8171
1734552000,0.6302,0.63067,0.62135,0.62135,19609
1734566400,0.62136,0.62265,0.61981,0.62237,7689
1734580800,0.62238,0.62331,0.62138,0.62162,6052
1734595200,0.62161,0.62462,0.62143,0.62424,10466
1734609600,0.62425,0.62576,0.62385,0.62515,9126
1734624000,0.62516,0.62645,0.6246,0.62464,13582
1734638400,0.62463,0.62541,0.62363,0.62376,6434
1734652800,0.62361,0.62383,0.62192,0.62287,4741
1734667200,0.62286,0.62302,0.62142,0.62236,5118
1734681600,0.62237,0.62485,0.62208,0.62321,9590
1734696000,0.62322,0.62469,0.62242,0.6235,7906
1734710400,0.6235,0.62736,0.62286,0.62642,14381
1734724800,0.62643,0.62699,0.62491,0.62515,5908
1734912000,0.6255,0.62571,0.62433,0.62542,4115
1734926400,0.62541,0.62606,0.62468,0.62597,3584
1734940800,0.62597,0.62641,0.6246,0.62577,5051
1734955200,0.62576,0.62582,0.62276,0.62282,5800
1734969600,0.62283,0.62476,0.6218,0.62438,9833
1734984000,0.62439,0.62515,0.62429,0.62477,4870
1734998400,0.62467,0.62488,0.62315,0.62358,2770
1735012800,0.62359,0.62439,0.62238,0.62409,4078
1735027200,0.62409,0.62477,0.62347,0.62352,3407
1735041600,0.62352,0.62374,0.62259,0.62364,3629
1735056000,0.62363,0.62405,0.62254,0.62292,6411
1735200000,0.62359,0.62366,0.62218,0.62248,1958
1735214400,0.62249,0.62345,0.62215,0.62244,3602
1735228800,0.62243,0.62285,0.6215,0.62193,7504
1735243200,0.62192,0.62285,0.62185,0.622,4167
1735257600,0.62189,0.62255,0.62133,0.62193,2995
1735272000,0.62193,0.62206,0.6204,0.62044,3157
1735286400,0.62044,0.62252,0.62041,0.62087,4363
1735300800,0.62088,0.6225,0.62047,0.62187,4817
1735315200,0.62187,0.62203,0.61997,0.6206,9889
1735329600,0.6206,0.6219,0.62059,0.62146,5092
1735516800,0.6212,0.62332,0.62096,0.62306,2702
1735531200,0.62307,0.62458,0.62284,0.62417,3158
1735545600,0.62416,0.6246,0.622,0.62234,4450
1735560000,0.62233,0.62422,0.6215,0.62162,4700
1735574400,0.6216,0.62255,0.6201,0.62252,10503
1735588800,0.62251,0.62323,0.62185,0.62202,4353
1735603200,0.6219,0.62307,0.62098,0.62277,2795
1735617600,0.62278,0.62279,0.62099,0.62155,2699
1735632000,0.62154,0.62243,0.62069,0.62176,3852
1735646400,0.62177,0.62177,0.61905,0.61998,4925
1735660800,0.61999,0.62056,0.61783,0.61844,10989
1735804800,0.62038,0.62192,0.62001,0.62169,3511
1735819200,0.62169,0.62196,0.62019,0.62146,8108
1735833600,0.62145,0.62201,0.61958,0.62011,14567
1735848000,0.62012,0.6205,0.61914,0.62008,6078
1735862400,0.61986,0.62163,0.61949,0.62108,2863
1735876800,0.62107,0.62203,0.62079,0.62153,3543
1735891200,0.62154,0.62202,0.62014,0.62125,6957
1735905600,0.62124,0.62244,0.62112,0.6216,5109
1735920000,0.62161,0.62194,0.61972,0.62101,10781
1735934400,0.62102,0.62203,0.62077,0.62156,3956
1736121600,0.62107,0.6239,0.62042,0.62265,4133
1736136000,0.62264,0.62326,0.62182,0.62284,4572
1736150400,0.62283,0.62517,0.62235,0.62445,5965
1736164800,0.62446,0.63013,0.62337,0.62891,15543
1736179200,0.62892,0.62947,0.62356,0.62408,17124
1736193600,0.62408,0.62463,0.62338,0.62446,4584
1736208000,0.62435,0.62531,0.62365,0.62495,3604
1736222400,0.62496,0.6268,0.6246,0.62671,4497
1736236800,0.6267,0.62865,0.62629,0.6283,6861
1736251200,0.62831,0.62873,0.6271,0.6271,5948
1736265600,0.6271,0.62711,0.62365,0.62441,15361
1736280000,0.6244,0.62464,0.62272,0.62307,5124
1736294400,0.623,0.62412,0.62112,0.6222,4580
1736308800,0.62221,0.62345,0.62204,0.62319,3788
1736323200,0.6232,0.62353,0.62155,0.62201,6546
1736337600,0.62199,0.62209,0.61866,0.62033,12112
1736352000,0.62032,0.62161,0.61964,0.62056,12817
1736366400,0.62058,0.62184,0.6205,0.62151,6880
1736380800,0.62134,0.62151,0.6197,0.62005,3123
1736395200,0.62005,0.62072,0.61936,0.6199,3964
1736409600,0.61991,0.62004,0.61713,0.6191,8235
1736424000,0.6191,0.62035,0.61893,0.61968,5995
1736438400,0.61968,0.62009,0.61886,0.61945,5472
1736452800,0.61944,0.61988,0.61921,0.61944,1847
1736467200,0.6194,0.62052,0.61874,0.61992,3291
1736481600,0.61991,0.62001,0.6188,0.61913,3340
1736496000,0.61912,0.61965,0.61815,0.61822,5482
1736510400,0.61823,0.61905,0.61386,0.61528,9141
1736524800,0.61528,0.6171,0.61399,0.6154,19510
1736539200,0.61539,0.61556,0.61412,0.6143,6150
1736726400,0.61467,0.61617,0.6141,0.61577,4100
1736740800,0.61577,0.61621,0.61304,0.61385,5319
1736755200,0.61384,0.61559,0.61356,0.61369,8503
1736769600,0.61368,0.61575,0.61366,0.61492,8366
1736784000,0.61491,0.61599,0.6144,0.61596,11438
1736798400,0.61596,0.61729,0.61535,0.61723,4886
1736812800,0.61725,0.6202,0.61681,0.61885,5293
1736827200,0.61884,0.61919,0.61784,0.61827,4520
1736841600,0.61826,0.62065,0.61819,0.61893,7950
1736856000,0.61892,0.61947,0.61654,0.61735,8794
1736870400,0.61736,0.6198,0.61677,0.61825,14375
1736884800,0.61824,0.61931,0.6181,0.6193,4772
1736899200,0.61924,0.61949,0.61804,0.61862,2870
1736913600,0.61861,0.61948,0.61817,0.61866,3729
1736928000,0.61865,0.62109,0.61852,0.62056,6056
1736942400,0.62054,0.62458,0.61934,0.62424,8513
1736956800,0.62423,0.62448,0.62083,0.62196,14784
1736971200,0.62195,0.62301,0.62182,0.62254,3620
1736985600,0.62243,0.62451,0.62198,0.62225,5119
1737000000,0.62226,0.62249,0.61947,0.61981,6099
1737014400,0.6198,0.62191,0.6198,0.62128,6966
1737028800,0.62127,0.6215,0.61914,0.6206,7665
1737043200,0.6206,0.62283,0.61999,0.62164,14818
1737057600,0.62163,0.62192,0.62071,0.621,4977
1737072000,0.62091,0.62138,0.62052,0.62111,2959
1737086400,0.6211,0.62187,0.61945,0.62017,4959
1737100800,0.62016,0.62131,0.61953,0.62021,5765
1737115200,0.6202,0.62055,0.61736,0.61768,6964
1737129600,0.61767,0.62265,0.61638,0.62039,15109
1737144000,0.62038,0.62057,0.6191,0.61915,5030
1737331200,0.61964,0.62086,0.6189,0.62075,4071
1737345600,0.62074,0.62175,0.62036,0.6206,4352
1737360000,0.6206,0.62218,0.61962,0.61986,5646
1737374400,0.61985,0.62679,0.6198,0.62647,9805
1737388800,0.62646,0.62856,0.62308,0.62539,15531
1737403200,0.62537,0.62834,0.62502,0.62714,3053
1737417600,0.62704,0.62879,0.62073,0.62301,12859
1737432000,0.623,0.62593,0.623,0.62316,7502
1737446400,0.62315,0.62422,0.62238,0.62311,8215
1737460800,0.6231,0.62399,0.62137,0.62379,8347
1737475200,0.62379,0.6274,0.62338,0.62668,14601
1737489600,0.62666,0.62749,0.62623,0.62741,4795
1737504000,0.62731,0.62766,0.62543,0.62626,5797
1737518400,0.62625,0.62687,0.62592,0.62642,4647
1737532800,0.62641,0.62838,0.62522,0.62837,8437
1737547200,0.62836,0.62946,0.62747,0.62822,8029
1737561600,0.62821,0.62831,0.62631,0.62763,10003
1737576000,0.62762,0.62808,0.62702,0.62726,4321
1737590400,0.62721,0.6281,0.62659,0.62728,3736
1737604800,0.62727,0.62771,0.62668,0.62707,4501
1737619200,0.62706,0.62733,0.62548,0.62633,6182
1737633600,0.62632,0.62738,0.6259,0.62719,6905
1737648000,0.62718,0.6299,0.62542,0.62968,14126
1737662400,0.62967,0.62978,0.62822,0.62837,5087
1737676800,0.62835,0.6286,0.62778,0.62822,2825
1737691200,0.62821,0.63233,0.62821,0.6323,9887
1737705600,0.63231,0.63298,0.63113,0.63223,10648
1737720000,0.63222,0.63236,0.63025,0.63046,6794
1737734400,0.63045,0.63257,0.6301,0.63184,12091
1737748800,0.63183,0.63192,0.63096,0.63143,4358
1737936000,0.6301,0.63032,0.62852,0.62873,5047
1737950400,0.62872,0.63013,0.62821,0.62901,6258
1737964800,0.629,0.62966,0.62764,0.6292,10414
1737979200,0.62919,0.6307,0.62885,0.6292,11950
1737993600,0.62919,0.62934,0.62743,0.6276,12178
1738008000,0.6276,0.62951,0.62741,0.62912,5206
1738022400,0.62907,0.62923,0.62512,0.6257,8069
1738036800,0.62569,0.62639,0.6245,0.62522,6451
1738051200,0.62521,0.62574,0.62425,0.62529,7218
1738065600,0.62528,0.62565,0.6236,0.62385,6409
1738080000,0.62384,0.62539,0.62384,0.62471,9071
1738094400,0.6247,0.62556,0.62438,0.6251,4547
1738108800,0.62503,0.62547,0.62259,0.62311,3282
1738123200,0.6231,0.62453,0.62302,0.62452,3375
1738137600,0.62452,0.62489,0.62247,0.62254,5994
1738152000,0.62253,0.62296,0.62093,0.62128,6811
1738166400,0.62127,0.6235,0.62126,0.623,11123
1738180800,0.62299,0.62383,0.62127,0.62302,13824
1738195200,0.62294,0.62425,0.62251,0.62375,3069
1738209600,0.62374,0.62417,0.62184,0.62193,3418
1738224000,0.62192,0.62339,0.62144,0.62263,6134
1738238400,0.62262,0.62358,0.62205,0.62338,7692
1738252800,0.62333,0.62385,0.62239,0.62289,11519
1738267200,0.62293,0.62393,0.6198,0.62082,8349
1738281600,0.62071,0.62161,0.62008,0.62135,3902
1738296000,0.62134,0.62296,0.62119,0.62226,4135
1738310400,0.62225,0.62362,0.62187,0.6223,6443
1738324800,0.62228,0.62242,0.62094,0.62197,6902
1738339200,0.62196,0.62618,0.62098,0.62549,14900
1738353600,0.62548,0.62563,0.62065,0.62088,16746
1738540800,0.6155,0.61641,0.61126,0.61149,13657
1738555200,0.61147,0.61256,0.60867,0.61201,13205
1738569600,0.61199,0.61489,0.61189,0.61406,12647
1738584000,0.61406,0.61734,0.61357,0.61596,9902
1738598400,0.61595,0.6197,0.61396,0.61778,26239
1738612800,0.61775,0.62361,0.61707,0.62222,11941
1738627200,0.62221,0.62322,0.61986,0.62077,5759
1738641600,0.62076,0.62126,0.61697,0.61843,8633
1738656000,0.61842,0.62101,0.61839,0.62064,9549
1738670400,0.62063,0.62167,0.62038,0.62157,6780
1738684800,0.62156,0.62589,0.62156,0.62514,13497
1738699200,0.62513,0.62612,0.62494,0.6256,4595
1738713600,0.6255,0.62596,0.62419,0.62422,4709
1738728000,0.62422,0.62552,0.62395,0.62519,5599
1738742400,0.62518,0.62834,0.62481,0.62783,8906
1738756800,0.62782,0.62892,0.62751,0.6277,7125
1738771200,0.62769,0.6296,0.6274,0.62912,11408
1738785600,0.62911,0.62924,0.62818,0.62838,3950
1738800000,0.62835,0.62871,0.62783,0.62838,3469
1738814400,0.62836,0.62836,0.62607,0.62618,4439
1738828800,0.62617,0.62712,0.62546,0.62605,5419
1738843200,0.62604,0.62687,0.62568,0.62629,6907
1738857600,0.62628,0.62856,0.62597,0.62844,8317
1738872000,0.62843,0.62871,0.62784,0.62835,4611
1738886400,0.62807,0.62908,0.62709,0.6289,2735
1738900800,0.62889,0.62948,0.6278,0.6279,3256
1738915200,0.62789,0.62969,0.62775,0.62933,4532
1738929600,0.62932,0.62996,0.62647,0.62761,7860
1738944000,0.62759,0.62973,0.62522,0.62677,22283
1738958400,0.62676,0.62779,0.62659,0.62696,6008
1739145600,0.62436,0.6268,0.62371,0.6254,5097
1739160000,0.62539,0.62765,0.62533,0.62711,4095
1739174400,0.6271,0.62818,0.62664,0.62779,6200
1739188800,0.62778,0.62832,0.62675,0.62817,4804
1739203200,0.62816,0.62867,0.62726,0.62759,6624
1739217600,0.62758,0.62805,0.6274,0.62768,2942
1739232000,0.62754,0.62824,0.62635,0.62717,3537
1739246400,0.62716,0.6276,0.62596,0.62752,4224
1739260800,0.62751,0.6286,0.62728,0.6276,5742
1739275200,0.6276,0.6283,0.62686,0.6278,5593
1739289600,0.6278,0.62961,0.62775,0.62905,7291
1739304000,0.62904,0.6301,0.62856,0.6293,4444
1739318400,0.62927,0.63003,0.62875,0.63002,3308
1739332800,0.63001,0.63086,0.62874,0.62912,4770
1739347200,0.62911,0.62928,0.62757,0.62772,6084
1739361600,0.62772,0.62816,0.62373,0.6243,8327
1739376000,0.62429,0.63048,0.62343,0.63023,16618
1739390400,0.63022,0.63049,0.62763,0.62784,5852
1739404800,0.62783,0.62854,0.62734,0.62816,3305
1739419200,0.62815,0.62981,0.62752,0.62958,5542
1739433600,0.62957,0.62961,0.62633,0.62666,7054
1739448000,0.62665,0.62711,0.62542,0.62622,8087
1739462400,0.62621,0.63026,0.6254,0.62878,11346
1739476800,0.62877,0.6322,0.62691,0.63179,9442
1739491200,0.6317,0.63247,0.63095,0.63213,4030
1739505600,0.63212,0.6327,0.63151,0.63184,4445
1739520000,0.63183,0.63445,0.63174,0.63402,7312
1739534400,0.63401,0.63573,0.63313,0.63528,7412
1739548800,0.63527,0.6367,0.63517,0.63585,9382
1739563200,0.63584,0.63591,0.63537,0.63544,3446
1739750400,0.63454,0.63716,0.6345,0.63675,4405
1739764800,0.63674,0.63731,0.6358,0.63668,5926
1739779200,0.63667,0.63718,0.63565,0.63661,5936
1739793600,0.63659,0.6367,0.63592,0.63648,4040
1739808000,0.63647,0.63687,0.63623,0.63641,3267
1739822400,0.6364,0.63647,0.63538,0.63562,2066
1739836800,0.63555,0.63566,0.63348,0.63396,4017
1739851200,0.63395,0.63671,0.63335,0.63557,7138
1739865600,0.63556,0.6364,0.63485,0.636,5770
1739880000,0.63598,0.63618,0.63403,0.63424,5283
1739894400,0.63423,0.63554,0.63417,0.63452,7107
1739908800,0.63451,0.6354,0.63431,0.63524,3001
1739923200,0.63513,0.63545,0.63414,0.635,4204
1739937600,0.63499,0.63671,0.63446,0.63664,5137
1739952000,0.63663,0.63693,0.63555,0.63566,5769
1739966400,0.63565,0.63567,0.6344,0.63497,5225
1739980800,0.63496,0.6365,0.63359,0.63406,8848
1739995200,0.63405,0.63513,0.63365,0.63453,4746
1740009600,0.63441,0.63545,0.6327,0.63324,4707
1740024000,0.63325,0.63659,0.63302,0.6362,6907
1740038400,0.63619,0.63787,0.63607,0.63753,6203
1740052800,0.63752,0.6383,0.63673,0.63749,6807
1740067200,0.63748,0.64016,0.6371,0.63959,10869
1740081600,0.63958,0.64033,0.63937,0.64006,3676
1740096000,0.63991,0.64073,0.63901,0.63915,3828
1740110400,0.63914,0.64071,0.63864,0.63879,6429
1740124800,0.63878,0.63923,0.63807,0.63855,7745
1740139200,0.63854,0.63899,0.63791,0.63833,4894
1740153600,0.63832,0.63913,0.63694,0.63708,10462
1740168000,0.63707,0.63707,0.63511,0.63559,6479
1740355200,0.63581,0.63756,0.63581,0.63692,6646
1740369600,0.63691,0.63915,0.63673,0.63759,7773
1740384000,0.63758,0.63811,0.63601,0.63649,8779
1740398400,0.63648,0.63709,0.63597,0.63678,5778
1740412800,0.63677,0.63703,0.63433,0.63576,11859
1740427200,0.63575,0.63643,0.63442,0.63475,5150
1740441600,0.63477,0.63487,0.63356,0.63435,4165
1740456000,0.63434,0.63556,0.63408,0.63541,5685
1740470400,0.6354,0.63558,0.63313,0.63317,8112
1740484800,0.63316,0.63509,0.63252,0.6345,7274
1740499200,0.63448,0.63454,0.63214,0.63338,13373
1740513600,0.63338,0.63473,0.63338,0.63438,6726
1740528000,0.6343,0.63529,0.63289,0.63372,4459
1740542400,0.63372,0.63404,0.63194,0.63227,6369
1740556800,0.63226,0.63385,0.63212,0.6323,7593
1740571200,0.6323,0.63252,0.63042,0.63047,6373
1740585600,0.63046,0.63342,0.62988,0.63153,13316
1740600000,0.63152,0.63203,0.62951,0.63027,7491
1740614400,0.63023,0.63135,0.62959,0.6306,4929
1740628800,0.63059,0.6309,0.62847,0.6291,7642
1740643200,0.62911,0.63029,0.62909,0.63016,7770
1740657600,0.63015,0.63038,0.62647,0.62662,9478
1740672000,0.62661,0.62739,0.62433,0.62459,17293
1740686400,0.62458,0.62538,0.62315,0.62339,8260
1740700800,0.62336,0.62372,0.62201,0.62206,5374
1740715200,0.62205,0.62249,0.62093,0.62133,7203
1740729600,0.62132,0.62195,0.62081,0.62139,8253
1740744000,0.62138,0.62211,0.62105,0.62122,5639
1740758400,0.62121,0.62196,0.62044,0.62051,12827
1740772800,0.6205,0.62084,0.61919,0.62079,9358
1740960000,0.62137,0.62296,0.62071,0.62263,5824
1740974400,0.62262,0.62297,0.62098,0.62165,5927
1740988800,0.62164,0.62247,0.62079,0.62233,7346
1741003200,0.62231,0.62328,0.62195,0.62323,7308
1741017600,0.62323,0.62537,0.62317,0.62472,12695
1741032000,0.62472,0.62505,0.62031,0.62217,11397
1741046400,0.62211,0.62236,0.62044,0.62093,6896
1741060800,0.62092,0.62119,0.61863,0.62005,9957
1741075200,0.62004,0.62289,0.61974,0.62211,11430
1741089600,0.62209,0.62433,0.62162,0.62247,12032
1741104000,0.62246,0.62296,0.61956,0.62148,21070
1741118400,0.62147,0.62707,0.62135,0.62692,14098
1741132800,0.62679,0.62784,0.62493,0.62496,6708
1741147200,0.62494,0.62554,0.62333,0.62538,8982
1741161600,0.62537,0.629,0.62517,0.62835,11872
1741176000,0.62834,0.6294,0.62725,0.62938,12988
1741190400,0.62937,0.63237,0.62916,0.63228,23843
1741204800,0.63227,0.63415,0.63119,0.63354,9338
1741219200,0.63335,0.63523,0.63248,0.63507,5443
1741233600,0.63506,0.63559,0.63328,0.63369,7139
1741248000,0.63369,0.63482,0.63236,0.63322,12979
1741262400,0.63321,0.63445,0.63218,0.63318,13396
1741276800,0.63317,0.6363,0.63285,0.63384,21925
1741291200,0.63383,0.63453,0.63286,0.63314,10868
1741305600,0.63302,0.63367,0.63133,0.63189,4852
1741320000,0.63188,0.63205,0.62995,0.63006,6596
1741334400,0.63005,0.63209,0.62961,0.63128,9588
1741348800,0.63127,0.63131,0.6283,0.62848,13599
1741363200,0.62847,0.63159,0.62814,0.62922,23645
1741377600,0.62922,0.63119,0.62892,0.63067,10921
1741564800,0.63026,0.63183,0.62949,0.63162,6233
1741579200,0.63161,0.63192,0.63007,0.63158,6750
1741593600,0.63157,0.63288,0.63097,0.63256,11265
1741608000,0.63255,0.63303,0.63152,0.63163,13033
1741622400,0.63162,0.63163,0.62857,0.62858,14403
1741636800,0.62857,0.62867,0.62637,0.62767,9317
1741651200,0.62766,0.62842,0.62581,0.62722,7314
1741665600,0.62721,0.62874,0.62619,0.62668,10165
1741680000,0.62667,0.62963,0.62622,0.62905,12347
1741694400,0.62903,0.62974,0.62789,0.62935,12323
1741708800,0.62929,0.62955,0.62652,0.62859,20166
1741723200,0.62858,0.63108,0.62827,0.62918,10929
1741737600,0.62921,0.62986,0.62871,0.62909,4977
1741752000,0.62908,0.62967,0.62813,0.62919,6277
1741766400,0.62918,0.63002,0.62757,0.62877,10487
1741780800,0.62876,0.632,0.62771,0.6288,14768
1741795200,0.6288,0.63176,0.628,0.63078,12788
1741809600,0.63078,0.63221,0.63074,0.63183,5873
1741824000,0.63182,0.63327,0.63181,0.63219,4106
1741838400,0.63219,0.6327,0.62992,0.63053,5626
1741852800,0.63052,0.63052,0.62841,0.62897,9775
1741867200,0.62896,0.63008,0.62686,0.62777,11963
1741881600,0.62776,0.62965,0.62752,0.6276,13645
1741896000,0.6276,0.62877,0.62755,0.62829,5100
1741910400,0.62822,0.62921,0.6277,0.62873,5304
1741924800,0.62872,0.62955,0.62795,0.62942,6856
1741939200,0.62941,0.631,0.62928,0.63011,8173
1741953600,0.6301,0.63245,0.62973,0.63176,11936
1741968000,0.63173,0.63256,0.63117,0.63214,11275
1741982400,0.63213,0.63306,0.63193,0.63197,3525
1742169600,0.63247,0.63376,0.63213,0.63323,4347
1742184000,0.63321,0.63345,0.63205,0.63277,4311
1742198400,0.63276,0.63465,0.63247,0.63462,7084
1742212800,0.63461,0.63587,0.63412,0.63555,8320
1742227200,0.63554,0.63871,0.63547,0.63843,7636
1742241600,0.63842,0.63902,0.6379,0.63818,3517
1742256000,0.63818,0.63876,0.63785,0.63816,3871
1742270400,0.63815,0.63832,0.63665,0.63721,4152
1742284800,0.63719,0.63901,0.6366,0.63798,5798
1742299200,0.63797,0.63808,0.63546,0.63601,7414
1742313600,0.636,0.63628,0.63433,0.63611,9140
1742328000,0.63612,0.63635,0.6355,0.63585,3873
1742342400,0.63582,0.6364,0.63574,0.63601,2879
1742356800,0.636,0.63658,0.63547,0.63571,3435
1742371200,0.6357,0.63596,0.63207,0.63309,9497
1742385600,0.63308,0.63387,0.6322,0.63254,8810
1742400000,0.63252,0.6335,0.63206,0.63229,7240
1742414400,0.63231,0.63623,0.63191,0.63566,10795
1742428800,0.63567,0.63629,0.63279,0.63342,6139
1742443200,0.63341,0.63477,0.63333,0.63377,6038
1742457600,0.63376,0.63409,0.62898,0.62931,9161
1742472000,0.6293,0.62956,0.62706,0.62801,10314
1742486400,0.62798,0.63006,0.62791,0.62941,10222
1742500800,0.6294,0.63052,0.62933,0.62972,3732
1742515200,0.62963,0.63053,0.62941,0.62985,3217
1742529600,0.62984,0.63009,0.62838,0.62884,4306
1742544000,0.62883,0.62999,0.6283,0.62842,6956
1742558400,0.62841,0.62979,0.62704,0.62743,8468
1742572800,0.62744,0.62787,0.62573,0.62742,9777
1742587200,0.62741,0.62776,0.62647,0.6271,3049
1742774400,0.62719,0.62939,0.62711,0.62834,4556
1742788800,0.62833,0.62881,0.6272,0.62799,4307
1742803200,0.62798,0.62986,0.62796,0.62965,6615
1742817600,0.62964,0.63045,0.62793,0.62796,6756
1742832000,0.62795,0.62971,0.62666,0.62721,9038
1742846400,0.62721,0.62877,0.6269,0.62839,3752
1742860800,0.62786,0.62941,0.6278,0.62887,3081
1742875200,0.62886,0.62925,0.62825,0.62906,3768
1742889600,0.62905,0.62988,0.62778,0.62974,6240
1742904000,0.62973,0.63245,0.62965,0.63163,7434
1742918400,0.63158,0.63194,0.63023,0.63051,7418
1742932800,0.6305,0.63051,0.62954,0.63023,3164
1742947200,0.63022,0.63083,0.62778,0.63013,4812
1742961600,0.63012,0.63142,0.62968,0.63113,4805
1742976000,0.63112,0.63284,0.63112,0.6323,7232
1742990400,0.63229,0.63299,0.63057,0.63057,8151
1743004800,0.63053,0.63162,0.62876,0.62905,10447
1743019200,0.62905,0.62993,0.62828,0.62904,4561
1743033600,0.62912,0.62982,0.62784,0.6294,5091
1743048000,0.62939,0.63173,0.62933,0.6302,5565
1743062400,0.63018,0.63175,0.63002,0.63065,7708
1743076800,0.63064,0.63154,0.62948,0.63007,8426
1743091200,0.63006,0.63144,0.62937,0.62992,9715
1743105600,0.62992,0.63051,0.62967,0.62991,3696
1743120000,0.62983,0.63013,0.62893,0.62916,3590
1743134400,0.62915,0.6296,0.62801,0.62859,4371
1743148800,0.62858,0.62994,0.62838,0.62944,5816
1743163200,0.62943,0.63115,0.62883,0.63079,8054
1743177600,0.63078,0.63115,0.62831,0.62877,11334
1743192000,0.62876,0.629,0.62808,0.62829,3908
1743379200,0.62857,0.62895,0.62682,0.62862,5378
1743393600,0.62861,0.62996,0.62743,0.62782,7208
1743408000,0.62781,0.62894,0.62537,0.62569,8715
1743422400,0.62568,0.62589,0.62353,0.62355,6702
1743436800,0.62354,0.62469,0.62182,0.62404,11480
1743451200,0.62403,0.62527,0.62402,0.6247,4614
1743465600,0.62463,0.62463,0.62364,0.62407,3245
1743480000,0.62407,0.62682,0.62313,0.62678,7677
1743494400,0.62677,0.62679,0.62421,0.6256,8652
1743508800,0.6256,0.62615,0.62442,0.62523,8862
1743523200,0.62522,0.62824,0.62493,0.62711,12003
1743537600,0.62709,0.62808,0.62625,0.6278,5056
1743552000,0.62774,0.629,0.62737,0.6276,3734
1743566400,0.6276,0.63012,0.62726,0.62981,5166
1743580800,0.6298,0.63066,0.6291,0.63064,5844
1743595200,0.63063,0.63134,0.62969,0.63056,6556
1743609600,0.63055,0.6307,0.62913,0.62961,10460
1743624000,0.62961,0.63398,0.62558,0.62847,10225
1743638400,0.62855,0.62909,0.62253,0.62673,15637
1743652800,0.62674,0.62865,0.62641,0.62646,13628
1743667200,0.62645,0.634,0.62645,0.63353,16362
1743681600,0.63353,0.63656,0.63303,0.63611,18900
1743696000,0.63609,0.63884,0.63435,0.6349,21917
1743710400,0.63489,0.63491,0.63149,0.63258,8832
1743724800,0.63248,0.63311,0.63156,0.6324,6267
1743739200,0.63239,0.63251,0.6229,0.62325,12794
1743753600,0.62324,0.62523,0.62007,0.62054,16622
1743768000,0.62053,0.62069,0.60485,0.61148,33547
1743782400,0.61147,0.61382,0.60033,0.60069,37395
1743796800,0.6007,0.60624,0.59859,0.60425,24174
1743984000,0.59945,0.60091,0.59277,0.59995,24762
1743998400,0.59993,0.60285,0.59853,0.60137,24329
1744012800,0.60136,0.60586,0.59951,0.60007,31492
1744027200,0.60007,0.60882,0.59882,0.60797,30408
1744041600,0.60794,0.61262,0.59436,0.59488,42550
1744056000,0.59486,0.6005,0.59486,0.5986,20998
1744070400,0.5975,0.60171,0.59666,0.59931,8568
1744084800,0.5993,0.6061,0.59766,0.60591,16664
1744099200,0.6059,0.60741,0.60418,0.60632,21968
1744113600,0.60631,0.60712,0.60316,0.60578,21537
1744128000,0.60577,0.60844,0.59813,0.59822,32658
1744142400,0.59821,0.59918,0.59461,0.59525,24606
1744156800,0.59571,0.59635,0.59134,0.59596,11565
1744171200,0.59595,0.60021,0.59507,0.59753,22415
1744185600,0.59751,0.60276,0.59513,0.60088,29944
1744200000,0.60087,0.60461,0.59854,0.6026,27205
1744214400,0.60259,0.60576,0.5991,0.60241,26384
1744228800,0.60239,0.61748,0.60187,0.61486,27019
1744243200,0.61471,0.61703,0.61187,0.61265,10569
1744257600,0.61264,0.61866,0.6115,0.61845,16805
1744272000,0.61847,0.62029,0.6135,0.61529,22783
1744286400,0.61528,0.62096,0.61447,0.6181,23538
1744300800,0.61809,0.62478,0.61694,0.61972,35862
1744315200,0.61971,0.62485,0.61842,0.62248,27191
1744329600,0.62214,0.62425,0.62029,0.62135,14352
1744344000,0.62136,0.62581,0.61937,0.61946,25353
1744358400,0.61945,0.62281,0.61802,0.62176,28499
1744372800,0.62175,0.62688,0.62093,0.62597,26028
1744387200,0.62597,0.6287,0.62219,0.62534,32742
1744401600,0.62533,0.62998,0.62465,0.62887,16884
1744588800,0.63012,0.63133,0.62773,0.62906,9892
1744603200,0.62906,0.63078,0.62849,0.62958,14300
1744617600,0.62957,0.63414,0.62945,0.6336,12675
1744632000,0.63359,0.63419,0.62942,0.62955,12094
1744646400,0.62955,0.63334,0.62742,0.63075,24472
1744660800,0.63076,0.63403,0.6307,0.63252,10259
1744675200,0.63218,0.63325,0.63151,0.63268,4592
1744689600,0.63267,0.63766,0.63257,0.63688,8883
1744704000,0.63687,0.63734,0.63453,0.63496,13512
1744718400,0.63495,0.6374,0.63437,0.63705,12747
1744732800,0.63704,0.63823,0.63489,0.6352,17753
1744747200,0.63519,0.63569,0.63404,0.63445,7761
1744761600,0.63438,0.63468,0.63216,0.63338,6991
1744776000,0.63336,0.63569,0.63336,0.63519,9354
1744790400,0.63518,0.63762,0.63401,0.63667,14524
1744804800,0.63666,0.63777,0.6359,0.63614,13003
1744819200,0.63612,0.63908,0.6358,0.6383,15691
1744833600,0.63829,0.63853,0.63565,0.63713,11818
1744848000,0.63676,0.63757,0.63591,0.63606,5238
1744862400,0.63605,0.63644,0.63365,0.63381,8681
1744876800,0.6338,0.63573,0.63326,0.6354,9638
1744891200,0.63538,0.63815,0.63495,0.63809,10796
1744905600,0.63808,0.63902,0.63649,0.63839,16348
1744920000,0.63838,0.63931,0.63789,0.63903,6588
1744934400,0.63758,0.6392,0.63662,0.63865,3213
1744948800,0.63864,0.63874,0.63663,0.63808,27765
1744963200,0.63808,0.63814,0.63674,0.63684,18723
1744977600,0.63684,0.63766,0.63675,0.63729,27673
1744992000,0.6373,0.63742,0.6369,0.63732,9308
1745006400,0.63731,0.63756,0.63728,0.6374,4356
1745193600,0.63664,0.63991,0.63657,0.63852,6223
1745208000,0.63851,0.64259,0.63826,0.64167,8035
1745222400,0.64166,0.64353,0.64146,0.64288,9015
1745236800,0.64287,0.64369,0.64135,0.64295,8440
1745251200,0.64294,0.64332,0.64066,0.64119,12451
1745265600,0.64118,0.6422,0.64013,0.64176,5011
1745280000,0.64102,0.64215,0.64006,0.64079,5145
1745294400,0.64078,0.64382,0.64078,0.6431,9080
1745308800,0.64308,0.64384,0.64063,0.6408,11956
1745323200,0.64079,0.641,0.63854,0.63903,8810
1745337600,0.63902,0.64044,0.63763,0.6396,13799
1745352000,0.63959,0.64004,0.63604,0.63637,8617
1745366400,0.63673,0.6395,0.63484,0.6395,10524
1745380800,0.63949,0.64046,0.63784,0.63944,9243
1745395200,0.63944,0.64241,0.639,0.64116,10650
1745409600,0.64115,0.64196,0.64011,0.64164,8763
1745424000,0.64164,0.64342,0.63594,0.63688,22708
1745438400,0.63687,0.63745,0.63514,0.63591,9555
1745452800,0.63542,0.63709,0.63534,0.63639,4588
1745467200,0.63638,0.63684,0.63511,0.63584,7520
1745481600,0.63583,0.63881,0.6343,0.63762,10700
1745496000,0.6376,0.63889,0.6374,0.63809,9132
1745510400,0.63808,0.6407,0.63784,0.64066,13794
1745524800,0.64063,0.6412,0.63969,0.64101,5192
1745539200,0.63999,0.64132,0.63907,0.64021,3171
1745553600,0.6402,0.64199,0.6392,0.64053,7432
1745568000,0.64052,0.6414,0.63856,0.63894,10392
1745582400,0.63893,0.63907,0.6374,0.63802,8146
1745596800,0.63801,0.63996,0.63751,0.63949,9701
1745611200,0.63948,0.64035,0.63882,0.63958,5187
1745798400,0.63845,0.64044,0.63774,0.63864,3815
1745812800,0.63863,0.64022,0.6372,0.64019,5875
1745827200,0.64018,0.64052,0.63671,0.63793,8226
1745841600,0.63792,0.6405,0.63783,0.63944,7301
1745856000,0.63943,0.6429,0.63924,0.64174,13338
1745870400,0.64173,0.64342,0.64135,0.64309,4876
1745884800,0.6428,0.64325,0.64207,0.64271,3271
1745899200,0.6427,0.64486,0.6409,0.64118,7817
1745913600,0.64117,0.64315,0.64093,0.64179,8756
1745928000,0.64178,0.64197,0.63971,0.64105,7723
1745942400,0.64105,0.64109,0.63755,0.6385,12393
1745956800,0.63849,0.63914,0.6378,0.63813,4571
1745971200,0.63776,0.63909,0.63761,0.63826,2826
1745985600,0.63824,0.6413,0.63811,0.6413,6507
1746000000,0.64129,0.64169,0.63851,0.63892,7392
1746014400,0.63891,0.63976,0.63655,0.63716,8843
1746028800,0.63715,0.64018,0.63553,0.63941,16020
1746043200,0.6394,0.64126,0.63933,0.64006,7594
1746057600,0.63987,0.64143,0.63986,0.64126,3290
1746072000,0.64125,0.64264,0.63966,0.64,5935
1746086400,0.63999,0.64025,0.63826,0.63862,7775
1746100800,0.63861,0.63981,0.63736,0.63856,7496
1746115200,0.63852,0.63919,0.63649,0.63717,13204
1746129600,0.63716,0.63913,0.63701,0.63833,5237
1746144000,0.63713,0.64088,0.63706,0.6405,4584
1746158400,0.64049,0.64194,0.63989,0.64121,8196
1746172800,0.6412,0.64222,0.6404,0.64192,8536
1746187200,0.64191,0.64487,0.64128,0.64447,11586
1746201600,0.64445,0.6469,0.64402,0.64482,16398
1746216000,0.64481,0.64502,0.64376,0.6446,5629
1746403200,0.64465,0.64569,0.64336,0.64445,3615
1746417600,0.64445,0.64801,0.64444,0.64677,8234
1746432000,0.64676,0.64876,0.64634,0.64771,9459
1746446400,0.64772,0.64929,0.64771,0.64864,8657
1746460800,0.64864,0.64914,0.64624,0.64636,11323
1746475200,0.64634,0.64721,0.64611,0.64671,3638
1746489600,0.64579,0.64671,0.64433,0.64478,2834
1746504000,0.64477,0.64703,0.64421,0.64686,7711
1746518400,0.64685,0.64685,0.6443,0.64513,9336
1746532800,0.64512,0.64697,0.64371,0.64682,7970
1746547200,0.64681,0.64966,0.64623,0.64864,10965
1746561600,0.64863,0.65006,0.64844,0.64934,4979
1746576000,0.64908,0.65135,0.64882,0.64993,7959
1746590400,0.64992,0.6511,0.64762,0.6479,10249
1746604800,0.64788,0.6491,0.64715,0.64715,9095
1746619200,0.64714,0.64799,0.64633,0.64685,6293
1746633600,0.64684,0.64747,0.64499,0.64615,9847
1746648000,0.64614,0.64655,0.64207,0.6425,13533
1746662400,0.64225,0.64472,0.64215,0.64408,3323
1746676800,0.64409,0.64638,0.64392,0.6451,7710
1746691200,0.64509,0.64519,0.64018,0.64129,12485
1746705600,0.6413,0.64266,0.64064,0.64171,9620
1746720000,0.6417,0.64324,0.64024,0.64102,14131
1746734400,0.64101,0.64106,0.63943,0.64005,5469
1746748800,0.63961,0.64023,0.63865,0.63896,3442
1746763200,0.63895,0.64096,0.63701,0.64088,7987
1746777600,0.64087,0.64142,0.6396,0.64073,6537
1746792000,0.64071,0.64089,0.63929,0.6408,6990
1746806400,0.64079,0.64316,0.64079,0.64134,8650
1746820800,0.64134,0.64192,0.64069,0.64077,3579
1747008000,0.64125,0.64301,0.64104,0.64207,5369
1747022400,0.64206,0.64343,0.64145,0.64295,7825
1747036800,0.64295,0.64598,0.63915,0.64091,16933
1747051200,0.6409,0.6414,0.63817,0.63864,12583
1747065600,0.63863,0.63999,0.63579,0.63632,12312
1747080000,0.63632,0.63751,0.63559,0.63709,5116
1747094400,0.63623,0.63771,0.63623,0.63638,3277
1747108800,0.63637,0.6413,0.63605,0.64109,7943
1747123200,0.64109,0.64186,0.64002,0.64048,8869
1747137600,0.64047,0.64294,0.64024,0.64293,8109
1747152000,0.64292,0.64755,0.64182,0.64728,13917
1747166400,0.64727,0.64779,0.64696,0.64701,4163
1747180800,0.64628,0.6477,0.64628,0.64715,3293
1747195200,0.64714,0.6486,0.64674,0.647,7521
1747209600,0.647,0.65002,0.64642,0.649,10468
1747224000,0.64899,0.64973,0.64607,0.64661,10693
1747238400,0.6466,0.64662,0.64226,0.64335,13817
1747252800,0.64334,0.64382,0.64217,0.64267,5582
1747267200,0.64245,0.64352,0.64204,0.6432,3394
1747281600,0.64317,0.64566,0.643,0.64306,7934
1747296000,0.64305,0.6442,0.64139,0.642,8637
1747310400,0.64201,0.64216,0.64008,0.6415,7916
1747324800,0.6415,0.64215,0.63898,0.64023,11856
1747339200,0.64022,0.64083,0.6398,0.64059,3784
1747353600,0.63962,0.64096,0.63938,0.63972,2891
1747368000,0.63971,0.64288,0.63965,0.64246,6065
1747382400,0.64245,0.64352,0.6419,0.6427,6758
1747396800,0.64269,0.64279,0.64075,0.64134,5323
1747411200,0.64133,0.64169,0.63871,0.63982,9662
1747425600,0.63984,0.64066,0.63966,0.64039,3549
1747612800,0.6397,0.64138,0.63942,0.6413,3652
1747627200,0.64129,0.64207,0.64019,0.64054,5358
1747641600,0.64053,0.64338,0.63975,0.64331,7588
1747656000,0.64329,0.64512,0.64305,0.64388,7563
1747670400,0.64388,0.64642,0.64352,0.64552,9241
1747684800,0.64551,0.64584,0.64473,0.64565,2953
1747699200,0.64552,0.64579,0.64453,0.6446,2107
1747713600,0.64459,0.64504,0.64222,0.64242,6259
1747728000,0.64242,0.64371,0.64072,0.64176,9614
1747742400,0.64176,0.64198,0.63911,0.63965,5407
1747756800,0.63964,0.64171,0.63938,0.64167,8508
1747771200,0.64166,0.64233,0.64113,0.64232,3853
1747785600,0.64201,0.64394,0.64174,0.64382,3169
1747800000,0.64384,0.64529,0.64291,0.64506,6523
1747814400,0.64505,0.64583,0.64346,0.64391,9210
1747828800,0.6439,0.64539,0.64348,0.64443,7940
1747843200,0.64444,0.64685,0.64362,0.64632,10009
1747857600,0.64631,0.64664,0.64303,0.64346,8313
1747872000,0.64294,0.64431,0.64287,0.64391,3402
1747886400,0.6439,0.64523,0.64263,0.64509,6553
1747900800,0.64508,0.64578,0.64344,0.64364,8566
1747915200,0.64363,0.64365,0.6414,0.6421,8080
1747929600,0.64209,0.64265,0.64068,0.64091,10447
1747944000,0.64091,0.64157,0.64066,0.6409,4462
1747958400,0.64103,0.64172,0.64076,0.64172,2368
1747972800,0.64171,0.64378,0.64148,0.64338,4620
1747987200,0.64337,0.64557,0.64271,0.64529,6414
1748001600,0.64529,0.64693,0.64291,0.6458,12618
1748016000,0.64579,0.64887,0.64445,0.6487,13108
1748030400,0.64869,0.64986,0.64863,0.64947,4204
1748217600,0.64843,0.65068,0.64824,0.65044,4580
1748232000,0.65043,0.65366,0.65023,0.65207,7272
1748246400,0.65206,0.653,0.6508,0.65116,6589
1748260800,0.65115,0.65119,0.65005,0.6502,4297
1748275200,0.65018,0.65076,0.64881,0.64888,3601
1748289600,0.64887,0.64896,0.64818,0.64881,1085
1748304000,0.64842,0.6493,0.64791,0.64917,2993
1748318400,0.64916,0.64945,0.64695,0.64708,5659
1748332800,0.64708,0.64874,0.64446,0.64482,10073
1748347200,0.64481,0.64559,0.64412,0.64545,6604
1748361600,0.64544,0.646,0.64341,0.64421,8493
1748376000,0.6442,0.64465,0.64383,0.64429,3503
1748390400,0.64393,0.64524,0.64392,0.64479,2362
1748404800,0.64478,0.64522,0.6425,0.64256,8956
1748419200,0.64256,0.64485,0.64247,0.64461,7251
1748433600,0.64462,0.64477,0.64203,0.64209,6058
1748448000,0.64208,0.64276,0.64092,0.64215,10600
1748462400,0.64214,0.64289,0.64208,0.64262,3979
1748476800,0.64241,0.64347,0.64093,0.64197,9431
1748491200,0.64196,0.64306,0.64066,0.64295,9648
1748505600,0.64294,0.64489,0.64161,0.6436,8760
1748520000,0.64359,0.64562,0.64313,0.64551,8286
1748534400,0.6455,0.64593,0.64294,0.64478,12149
1748548800,0.64477,0.64521,0.64413,0.64424,4098
1748563200,0.64362,0.64517,0.64344,0.64455,3918
1748577600,0.64454,0.64502,0.64209,0.64294,7974
1748592000,0.64293,0.64395,0.64069,0.64143,7682
1748606400,0.64142,0.64287,0.64111,0.64218,8360
1748620800,0.64217,0.64395,0.64075,0.6424,14209
1748635200,0.64239,0.64469,0.64238,0.64321,5289
1748822400,0.64321,0.6458,0.64307,0.64553,3687
1748836800,0.64552,0.64722,0.64438,0.64546,6538
1748851200,0.64545,0.64884,0.64524,0.6477,8221
1748865600,0.64769,0.64886,0.64762,0.64876,6418
1748880000,0.64875,0.64995,0.64707,0.64855,10815
1748894400,0.64854,0.6498,0.64803,0.64975,3775
1748908800,0.64867,0.6499,0.64864,0.64922,2871
1748923200,0.64921,0.64944,0.64626,0.64659,6564
1748937600,0.64658,0.64676,0.64498,0.64546,8007
1748952000,0.64545,0.64639,0.64475,0.64515,6467
1748966400,0.64514,0.64712,0.64462,0.64586,9611
1748980800,0.64586,0.64695,0.64585,0.64636,3030
1748995200,0.64484,0.6466,0.64481,0.64598,2501
1749009600,0.64597,0.64794,0.64527,0.64555,6853
1749024000,0.64554,0.64755,0.64499,0.64739,6860
1749038400,0.64738,0.64932,0.64706,0.64917,6288
1749052800,0.64916,0.65034,0.64869,0.65026,9267
1749067200,0.65026,0.6504,0.64905,0.64935,2948
1749081600,0.64857,0.65027,0.64854,0.65009,2639
1749096000,0.65007,0.65084,0.64851,0.64923,5828
1749110400,0.64923,0.65078,0.64869,0.65043,5567
1749124800,0.65044,0.65252,0.65036,0.65172,7774
1749139200,0.6517,0.65371,0.65098,0.65134,14495
1749153600,0.65133,0.65173,0.65025,0.65057,4949
1749168000,0.65051,0.65161,0.65018,0.65091,2499
1749182400,0.6509,0.65129,0.64919,0.65031,4940
1749196800,0.6503,0.65035,0.64864,0.64889,5633
1749211200,0.64888,0.65058,0.6481,0.64919,8227
1749225600,0.64918,0.65026,0.64788,0.64878,12937
1749240000,0.64877,0.64988,0.64877,0.64916,3870
1749427200,0.64945,0.65034,0.64933,0.64981,2396
1749441600,0.6498,0.65175,0.64978,0.65136,4686
1749456000,0.65135,0.65332,0.65086,0.65264,5148
1749470400,0.65263,0.6531,0.65089,0.65119,5221
1749484800,0.65118,0.65259,0.65053,0.65217,6761
1749499200,0.65216,0.65263,0.65144,0.65151,2542
1749513600,0.6511,0.65212,0.65105,0.65171,2412
1749528000,0.6517,0.65291,0.65006,0.65204,6921
1749542400,0.65205,0.65238,0.64892,0.65139,10944
1749556800,0.65138,0.65224,0.65083,0.65159,6965
1749571200,0.65158,0.65324,0.65148,0.65205,7719
1749585600,0.65204,0.65244,0.65144,0.65219,3522
1749600000,0.65186,0.65286,0.6512,0.65131,2970
1749614400,0.65131,0.65199,0.64964,0.65105,5519
1749628800,0.65104,0.65177,0.65069,0.65092,5694
1749643200,0.65091,0.65451,0.64999,0.65281,8754
1749657600,0.6528,0.65294,0.65084,0.65214,9990
1749672000,0.65213,0.65289,0.64952,0.65008,6055
1749686400,0.64958,0.65102,0.64958,0.65025,3719
1749700800,0.65022,0.65081,0.64832,0.64938,7070
1749715200,0.64937,0.65044,0.64765,0.65009,9246
1749729600,0.65008,0.65328,0.6494,0.65259,10473
1749744000,0.65258,0.65299,0.65156,0.65269,10772
1749758400,0.65268,0.65307,0.65213,0.65288,3467
1749772800,0.65308,0.65321,0.64676,0.64764,8677
1749787200,0.64763,0.64968,0.64554,0.64691,13126
1749801600,0.6469,0.64956,0.64654,0.64884,12658
1749816000,0.64884,0.64913,0.64617,0.64782,11300
1749830400,0.64781,0.65187,0.64676,0.65124,12045
1749844800,0.65124,0.65126,0.6482,0.6486,7334
1750032000,0.64845,0.64957,0.64776,0.64899,4531
1750046400,0.64898,0.64898,0.64658,0.64803,7993
1750060800,0.64802,0.6515,0.64802,0.65119,8396
1750075200,0.65117,0.65281,0.65097,0.65267,6419
1750089600,0.65265,0.65513,0.65246,0.65448,11198
1750104000,0.65449,0.65458,0.65211,0.65231,4267
1750118400,0.65197,0.65252,0.6502,0.65127,5493
1750132800,0.65128,0.65366,0.65089,0.65342,7866
1750147200,0.65341,0.65431,0.6526,0.65329,8122
1750161600,0.6533,0.65414,0.65193,0.65211,7214
1750176000,0.65211,0.65372,0.64912,0.64926,11935
1750190400,0.64925,0.64967,0.64652,0.64748,8544
1750204800,0.64697,0.64873,0.64676,0.64819,4345
1750219200,0.64818,0.65048,0.648,0.65031,6373
1750233600,0.6503,0.65127,0.64924,0.64971,7221
1750248000,0.6497,0.65052,0.64862,0.64987,6616
1750262400,0.64986,0.65233,0.64933,0.65141,11242
1750276800,0.6514,0.65365,0.64933,0.65081,15349
1750291200,0.6501,0.65099,0.64952,0.64971,3281
1750305600,0.6497,0.64976,0.64746,0.64881,8303
1750320000,0.64881,0.64883,0.64596,0.64744,8938
1750334400,0.64743,0.64783,0.64567,0.64616,7094
1750348800,0.64615,0.64695,0.6445,0.64518,7137
1750363200,0.64518,0.64799,0.64518,0.6479,2312
1750377600,0.64624,0.64934,0.64624,0.64862,3156
1750392000,0.64861,0.64943,0.64735,0.64913,5590
1750406400,0.64912,0.64935,0.64719,0.64869,6812
1750420800,0.64868,0.64948,0.64811,0.64889,6196
1750435200,0.64891,0.64903,0.64514,0.64579,10489
1750449600,0.64579,0.64597,0.64474,0.64507,4413
1750636800,0.64265,0.64481,0.64141,0.64358,5429
1750651200,0.64357,0.64417,0.63971,0.64041,8014
1750665600,0.6404,0.64267,0.64004,0.64018,8907
1750680000,0.64017,0.64023,0.63718,0.63904,10581
1750694400,0.63903,0.64386,0.63845,0.64206,15547
1750708800,0.64206,0.64625,0.64179,0.64575,7885
1750723200,0.64556,0.64859,0.64554,0.64795,6377
1750737600,0.64794,0.64972,0.64743,0.64952,7282
1750752000,0.64951,0.65128,0.64871,0.65023,10889
1750766400,0.65022,0.6515,0.64998,0.65028,6834
1750780800,0.65028,0.65184,0.64859,0.65046,12376
1750795200,0.65044,0.6509,0.64875,0.64889,3715
1750809600,0.6488,0.64998,0.64871,0.64974,2845
1750824000,0.64973,0.65071,0.64882,0.64986,6536
1750838400,0.64985,0.6506,0.64918,0.64965,6706
1750852800,0.64964,0.64986,0.64879,0.64909,5916
1750867200,0.64908,0.6503,0.64837,0.65018,8484
1750881600,0.65017,0.65143,0.64969,0.65111,4603
1750896000,0.65078,0.65235,0.65038,0.65193,2541
1750910400,0.65192,0.65355,0.65095,0.65219,6323
1750924800,0.65218,0.65493,0.65176,0.65439,8263
1750939200,0.65438,0.65446,0.65282,0.65402,9084
1750953600,0.65401,0.65619,0.65349,0.65547,13290
1750968000,0.65545,0.6563,0.6544,0.65446,5430
1750982400,0.65438,0.65542,0.65412,0.65537,2921
1750996800,0.65535,0.65603,0.65412,0.65414,6139
1751011200,0.65413,0.65599,0.6539,0.65504,7086
1751025600,0.65504,0.65507,0.65283,0.65444,8059
1751040000,0.65443,0.65471,0.65221,0.6534,10461
1751054400,0.65339,0.65349,0.65075,0.65286,7776
1751241600,0.65342,0.65374,0.65265,0.65292,3072
1751256000,0.65291,0.65439,0.65268,0.65424,5696
1751270400,0.65423,0.6552,0.65308,0.65371,7232
1751284800,0.6537,0.65392,0.6522,0.65309,5458
1751299200,0.65308,0.65719,0.65299,0.65718,10749
1751313600,0.65717,0.65822,0.65674,0.65805,4298
1751328000,0.65797,0.65828,0.65724,0.65751,2038
1751342400,0.6575,0.65754,0.65532,0.65719,5016
1751356800,0.6572,0.65894,0.65702,0.65863,6922
1751371200,0.65862,0.65889,0.65717,0.65728,6727
1751385600,0.65727,0.65797,0.65609,0.65665,13742
1751400000,0.65664,0.65828,0.6565,0.65816,4609
1751414400,0.65748,0.65819,0.65748,0.6581,2055
1751428800,0.65809,0.65826,0.65642,0.65798,5002
1751443200,0.65797,0.65801,0.65589,0.65631,6631
1751457600,0.6563,0.65706,0.65425,0.65502,8200
1751472000,0.65501,0.65743,0.65449,0.65733,11865
1751486400,0.65732,0.65879,0.65731,0.65843,4130
1751500800,0.65803,0.65868,0.65747,0.65789,2515
1751515200,0.65789,0.65799,0.65644,0.65692,4438
1751529600,0.65692,0.65833,0.65617,0.6577,5300
1751544000,0.65769,0.65787,0.65363,0.65454,8237
1751558400,0.65453,0.6579,0.65401,0.65707,14044
1751572800,0.65704,0.65727,0.65654,0.65699,1468
1751587200,0.65679,0.65776,0.65653,0.65753,2157
1751601600,0.65752,0.65782,0.65622,0.65706,5217
1751616000,0.65705,0.65778,0.6548,0.65576,6738
1751630400,0.65575,0.65609,0.65493,0.65502,5728
1751644800,0.65501,0.65544,0.65453,0.65495,5743
1751659200,0.65494,0.65538,0.65462,0.65503,14698
1751846400,0.65554,0.65555,0.65351,0.6539,3091
1751860800,0.65389,0.65389,0.65023,0.65036,6699
1751875200,0.65035,0.65143,0.649,0.64904,8021
1751889600,0.64905,0.65037,0.64854,0.65015,6173
1751904000,0.65014,0.6518,0.64884,0.64902,9790
1751918400,0.64901,0.65019,0.64847,0.64889,6992
1751932800,0.64875,0.6515,0.64875,0.65119,3116
1751947200,0.65118,0.65568,0.65056,0.65395,7323
1751961600,0.65394,0.65459,0.65257,0.65409,10026
1751976000,0.65408,0.6547,0.65316,0.65416,6773
1751990400,0.65415,0.65419,0.65072,0.65244,13168
1752004800,0.65243,0.65332,0.65229,0.65282,7620
1752019200,0.65231,0.65305,0.65187,0.65261,2950
1752033600,0.6526,0.6539,0.65089,0.65352,8521
1752048000,0.65351,0.6544,0.65197,0.65295,9100
1752062400,0.65295,0.65352,0.65137,0.65329,6091
1752076800,0.65328,0.65473,0.65261,0.65323,9478
1752091200,0.65322,0.65417,0.65312,0.65344,3539
1752105600,0.65274,0.65478,0.65258,0.65431,2735
1752120000,0.6543,0.65507,0.65374,0.65441,4128
1752134400,0.6544,0.65621,0.65423,0.6556,5212
1752148800,0.65559,0.6565,0.65438,0.65505,4999
1752163200,0.65504,0.6576,0.65411,0.65728,9575
1752177600,0.65727,0.65906,0.65719,0.65886,3435
1752192000,0.65817,0.65942,0.65557,0.65666,5210
1752206400,0.65666,0.65936,0.65591,0.65754,7142
1752220800,0.65753,0.65901,0.65698,0.65717,6824
1752235200,0.65716,0.65897,0.65692,0.65787,6251
1752249600,0.65786,0.65896,0.65691,0.65784,10625
1752264000,0.65783,0.65835,0.65709,0.65767,4455
1752451200,0.65607,0.65868,0.65606,0.65806,3656
1752465600,0.65805,0.65831,0.65574,0.6561,5748
1752480000,0.65609,0.65746,0.65546,0.65654,5796
1752494400,0.65652,0.65727,0.65536,0.65573,4736
1752508800,0.65572,0.65656,0.65444,0.65466,7748
1752523200,0.65467,0.65498,0.65418,0.65438,2505
1752537600,0.65439,0.65527,0.65385,0.65481,2350
1752552000,0.65481,0.65543,0.65384,0.65431,5103
1752566400,0.65431,0.65711,0.65415,0.6565,5885
1752580800,0.65648,0.6575,0.6558,0.65706,7068
1752595200,0.65705,0.65724,0.65071,0.65086,14098
1752609600,0.65085,0.65196,0.65076,0.65125,4158
1752624000,0.65106,0.65334,0.65106,0.65259,2673
1752638400,0.65261,0.65317,0.65169,0.65257,3977
1752652800,0.65256,0.65286,0.65191,0.65209,5375
1752667200,0.65209,0.65275,0.65141,0.65174,5580
1752681600,0.65173,0.65538,0.64947,0.65247,20219
1752696000,0.65247,0.6536,0.65181,0.65268,5690
1752710400,0.65213,0.65302,0.65083,0.65131,2515
1752724800,0.6513,0.652,0.64722,0.64899,6897
1752739200,0.64899,0.64947,0.64609,0.64719,7080
1752753600,0.64718,0.64733,0.64536,0.64684,6053
1752768000,0.64683,0.64878,0.64615,0.64816,7867
1752782400,0.64815,0.64913,0.64814,0.64872,2938
1752796800,0.64767,0.65081,0.64767,0.65053,2254
1752811200,0.65052,0.65099,0.64971,0.64984,3770
1752825600,0.64983,0.65195,0.6497,0.65175,4692
1752840000,0.65174,0.65316,0.65159,0.65312,4259
1752854400,0.65311,0.65398,0.65109,0.65116,7644
1752868800,0.65116,0.65124,0.65017,0.65049,3693
1753056000,0.65146,0.65174,0.65012,0.65046,3054
1753070400,0.65045,0.65116,0.64972,0.6508,3738
1753084800,0.65079,0.65187,0.65055,0.6516,5127
1753099200,0.65159,0.6527,0.65079,0.65217,4457
1753113600,0.65216,0.65366,0.65146,0.65308,6343
1753128000,0.65307,0.65316,0.65218,0.65228,2317
1753142400,0.65192,0.65296,0.65157,0.65173,1931
1753156800,0.65172,0.65254,0.65127,0.65164,3792
1753171200,0.65164,0.65182,0.65033,0.651,4917
1753185600,0.65099,0.65282,0.65094,0.65255,4604
1753200000,0.65254,0.65572,0.65222,0.6552,10273
1753214400,0.65519,0.6554,0.65462,0.65532,3388
1753228800,0.655,0.65585,0.65433,0.65567,3189
1753243200,0.65565,0.65678,0.65533,0.65664,5161
1753257600,0.65663,0.65835,0.65608,0.65823,5594
1753272000,0.65822,0.66,0.65794,0.65876,5513
1753286400,0.65875,0.65947,0.65788,0.65823,10125
1753300800,0.65822,0.66019,0.65805,0.66019,4069
1753315200,0.65984,0.6604,0.65956,0.66002,2364
1753329600,0.66002,0.66188,0.66,0.66183,5793
1753344000,0.66183,0.66244,0.66071,0.66196,6104
1753358400,0.66195,0.66195,0.66035,0.6605,6126
1753372800,0.66049,0.66154,0.65918,0.65957,10892
1753387200,0.65956,0.66013,0.65855,0.65869,2865
1753401600,0.65872,0.65977,0.65849,0.65938,2174
1753416000,0.65937,0.65956,0.65659,0.65706,4872
1753430400,0.65705,0.65828,0.65632,0.65676,6821
1753444800,0.65675,0.6568,0.65554,0.65586,5441
1753459200,0.65585,0.65658,0.65502,0.65597,11693
1753473600,0.65596,0.65654,0.65586,0.65639,2923
1753660800,0.65726,0.65804,0.65686,0.65802,3274
1753675200,0.65802,0.65851,0.65618,0.65658,4812
1753689600,0.65657,0.65669,0.65152,0.65218,8550
1753704000,0.65217,0.65332,0.65196,0.65331,7999
1753718400,0.65331,0.6536,0.65124,0.65159,9680
1753732800,0.65157,0.65215,0.65123,0.6519,3424
1753747200,0.65147,0.65247,0.65108,0.65128,2088
1753761600,0.65127,0.65292,0.65123,0.65228,4791
1753776000,0.65227,0.65279,0.6498,0.65136,7437
1753790400,0.65135,0.65189,0.64953,0.64975,6230
1753804800,0.64976,0.65127,0.64962,0.65093,10733
1753819200,0.65092,0.65179,0.65084,0.65097,4062
1753833600,0.65085,0.65253,0.65084,0.65248,2531
1753848000,0.65247,0.65281,0.65017,0.65104,6796
1753862400,0.65103,0.65162,0.64959,0.65006,6245
1753876800,0.65005,0.65026,0.64649,0.64661,7574
1753891200,0.6466,0.64662,0.6448,0.64555,10386
1753905600,0.64554,0.64708,0.64253,0.6433,14227
1753920000,0.64326,0.64491,0.64306,0.64421,3630
1753934400,0.64421,0.64677,0.64326,0.64673,6873
1753948800,0.64672,0.64756,0.64532,0.6457,7778
1753963200,0.64568,0.64573,0.6435,0.64387,6923
1753977600,0.64386,0.64425,0.64261,0.64313,10821
1753992000,0.64312,0.64338,0.64232,0.64248,4848
1754006400,0.64244,0.64337,0.64206,0.64307,4069
1754020800,0.64306,0.64393,0.64242,0.64351,5875
1754035200,0.6435,0.64386,0.64218,0.64224,6420
1754049600,0.64223,0.64858,0.64183,0.64807,10699
1754064000,0.64802,0.64925,0.64514,0.64534,23106
1754078400,0.64534,0.64751,0.64366,0.64725,8925
1754265600,0.64625,0.64749,0.64606,0.6473,4074
1754280000,0.64729,0.64856,0.64672,0.64814,6256
1754294400,0.64813,0.64848,0.64686,0.64773,7009
1754308800,0.64772,0.64872,0.64691,0.64803,5779
1754323200,0.64803,0.64889,0.64604,0.64636,10297
1754337600,0.64635,0.64694,0.64585,0.64679,3808
1754352000,0.64661,0.64786,0.64619,0.64716,2796
1754366400,0.64715,0.64729,0.64528,0.64636,4757
1754380800,0.64635,0.6471,0.64489,0.64523,6579
1754395200,0.64521,0.64672,0.64508,0.64646,6136
1754409600,0.64647,0.64773,0.6454,0.64742,12046
1754424000,0.64743,0.64777,0.64647,0.6472,3739
1754438400,0.6471,0.6481,0.64593,0.64761,2407
1754452800,0.6476,0.64939,0.64709,0.64925,3707
1754467200,0.64924,0.64949,0.64834,0.64903,4565
1754481600,0.64903,0.65071,0.64899,0.65028,5151
1754496000,0.65028,0.65071,0.64879,0.64977,9565
1754510400,0.64978,0.6508,0.64963,0.65014,4098
1754524800,0.64997,0.65053,0.64956,0.64958,2234
1754539200,0.64958,0.65167,0.64951,0.6516,4318
1754553600,0.65159,0.65404,0.65106,0.65302,5613
1754568000,0.65303,0.65318,0.65166,0.65242,6964
1754582400,0.65242,0.65293,0.64887,0.65,11080
1754596800,0.64999,0.65248,0.64942,0.65233,5948
1754611200,0.65117,0.65271,0.65112,0.65207,2389
1754625600,0.65206,0.65237,0.65107,0.65211,3604
1754640000,0.65212,0.65341,0.65155,0.65187,5216
1754654400,0.65187,0.65259,0.65136,0.65161,4617
1754668800,0.6516,0.65302,0.65159,0.65243,6789
1754683200,0.65242,0.65316,0.65179,0.65185,3174
1754870400,0.65203,0.65229,0.6513,0.65155,1998
1754884800,0.65154,0.65276,0.65131,0.65236,3666
1754899200,0.65235,0.65278,0.65129,0.65203,4349
1754913600,0.65202,0.65222,0.65008,0.65058,4501
1754928000,0.65059,0.65158,0.65005,0.65114,6876
1754942400,0.65113,0.65153,0.65063,0.65133,3034
1754956800,0.6507,0.65207,0.6507,0.65169,1777
1754971200,0.65169,0.65249,0.6499,0.65143,4153
1754985600,0.65143,0.65162,0.6489,0.64921,6893
1755000000,0.6492,0.65114,0.64811,0.65045,7991
1755014400,0.65045,0.65398,0.64898,0.65304,15377
1755028800,0.65304,0.65335,0.65254,0.65285,3552
1755043200,0.65236,0.65305,0.65222,0.65245,1886
1755057600,0.65246,0.65334,0.65157,0.65308,3640
1755072000,0.65309,0.65541,0.65268,0.65498,5330
1755086400,0.65499,0.65618,0.65414,0.65443,5064
1755100800,0.65442,0.65573,0.65412,0.65427,7273
1755115200,0.65426,0.65456,0.65381,0.65448,2376
1755129600,0.65393,0.65543,0.65393,0.65523,2114
1755144000,0.65524,0.6568,0.65454,0.65502,4741
1755158400,0.65501,0.65524,0.65245,0.65248,6496
1755172800,0.65247,0.65326,0.65018,0.65048,7700
1755187200,0.65048,0.65061,0.64819,0.64871,11085
1755201600,0.6487,0.64984,0.6487,0.6496,3540
1755216000,0.64952,0.64998,0.64887,0.64972,1784
1755230400,0.64973,0.65041,0.64872,0.65001,3544
1755244800,0.64999,0.65141,0.64988,0.65087,4286
1755259200,0.65087,0.65183,0.65036,0.65151,4829
1755273600,0.65152,0.6522,0.65087,0.65107,8279
1755288000,0.65106,0.65106,0.65022,0.65074,2802
1755475200,0.65078,0.65168,0.65056,0.65125,1774
1755489600,0.65124,0.65213,0.65112,0.65198,2941
1755504000,0.65197,0.65235,0.65053,0.65147,4618
1755518400,0.65149,0.65168,0.65048,0.65068,3946
1755532800,0.65068,0.65073,0.64807,0.64885,5669
1755547200,0.64883,0.64948,0.64878,0.64918,2106
1755561600,0.64918,0.64966,0.64887,0.64933,1946
1755576000,0.64933,0.64949,0.64839,0.64882,4364
1755590400,0.64883,0.64954,0.64765,0.64835,5416
1755604800,0.64834,0.64947,0.64833,0.64838,4624
1755619200,0.64837,0.64843,0.64549,0.64559,8116
1755633600,0.6456,0.64592,0.64489,0.64525,3019
1755648000,0.64524,0.64557,0.64449,0.64502,2454
1755662400,0.64502,0.64535,0.64284,0.64432,6921
1755676800,0.64431,0.64485,0.64248,0.64331,6185
1755691200,0.64331,0.64476,0.64299,0.64429,4648
1755705600,0.64427,0.64434,0.6423,0.64341,8100
1755720000,0.6434,0.64383,0.64287,0.64339,3655
1755734400,0.64286,0.6436,0.64239,0.64269,2248
1755748800,0.64268,0.64342,0.64181,0.64192,4431
1755763200,0.64194,0.64267,0.64137,0.64234,5018
1755777600,0.64233,0.64315,0.6418,0.64194,5124
1755792000,0.64195,0.64311,0.64146,0.64213,10421
1755806400,0.64214,0.64286,0.64188,0.6419,3299
1755820800,0.64185,0.64289,0.64155,0.6424,2335
1755835200,0.6424,0.64293,0.6417,0.64183,3976
1755849600,0.64182,0.64311,0.64143,0.64296,4040
1755864000,0.64295,0.64306,0.64149,0.64209,4255
1755878400,0.64209,0.65002,0.64205,0.64875,15544
1755892800,0.64875,0.64973,0.64841,0.64908,4254
1756080000,0.64877,0.64936,0.64791,0.64828,2326
1756094400,0.64829,0.64913,0.6471,0.64893,3764
1756108800,0.6489,0.65042,0.64852,0.6495,5034
1756123200,0.64949,0.64988,0.64857,0.64912,3876
1756137600,0.64913,0.65035,0.64882,0.64957,7307
1756152000,0.64956,0.64959,0.64771,0.64817,3365
1756166400,0.64767,0.64929,0.64766,0.64895,4400
1756180800,0.64893,0.64922,0.64703,0.64789,5271
1756195200,0.64789,0.64842,0.64694,0.64759,6198
1756209600,0.64758,0.64927,0.64758,0.64854,4917
1756224000,0.64853,0.64999,0.64798,0.64953,7038
1756238400,0.64953,0.6497,0.64913,0.6494,2743
1756252800,0.64869,0.64965,0.64866,0.64922,1520
1756267200,0.64923,0.65036,0.6483,0.64839,4615
1756281600,0.64839,0.64898,0.6464,0.647,5033
1756296000,0.647,0.64735,0.64617,0.64709,5244
1756310400,0.64708,0.65092,0.64686,0.65081,8227
1756324800,0.65081,0.65122,0.65038,0.65064,3672
1756339200,0.65023,0.65144,0.65013,0.65117,1775
1756353600,0.65116,0.65212,0.65089,0.65101,3827
1756368000,0.651,0.65194,0.65049,0.65185,4879
1756382400,0.65187,0.65335,0.65171,0.65278,6191
1756396800,0.65277,0.65359,0.65186,0.65338,9022
1756411200,0.65339,0.65368,0.6529,0.6531,2141
1756425600,0.65247,0.6535,0.65238,0.65348,1905
1756440000,0.65349,0.65414,0.65275,0.65386,4344
1756454400,0.65387,0.65397,0.6527,0.6535,4766
1756468800,0.65351,0.65357,0.65221,0.65283,4967
1756483200,0.65283,0.65479,0.6524,0.65454,8301
1756497600,0.65454,0.65459,0.6535,0.65379,2768
1756684800,0.6544,0.65478,0.65369,0.65467,1657
1756699200,0.65466,0.65482,0.65344,0.65423,4533
1756713600,0.65423,0.65566,0.65342,0.65561,5164
1756728000,0.6556,0.65592,0.65479,0.65514,3902
1756742400,0.65515,0.65577,0.65486,0.6553,4089
1756756800,0.65529,0.65546,0.6551,0.65535,788
1756771200,0.65453,0.65577,0.65452,0.6552,2082
1756785600,0.6552,0.65526,0.65351,0.65366,4084
1756800000,0.65367,0.65427,0.64995,0.65129,7707
1756814400,0.65129,0.65143,0.64821,0.64862,9675
1756828800,0.64863,0.65241,0.64831,0.65199,12160
1756843200,0.65198,0.65219,0.65116,0.65201,3751
1756857600,0.65112,0.65202,0.65037,0.65141,1947
1756872000,0.65141,0.65246,0.65117,0.65203,4427
1756886400,0.65202,0.65284,0.65015,0.65243,6533
1756900800,0.65245,0.65399,0.65224,0.65399,6110
1756915200,0.65398,0.65509,0.6533,0.65502,10574
1756929600,0.65503,0.65535,0.65386,0.65419,3866
1756944000,0.65341,0.6549,0.65341,0.65461,2381
1756958400,0.65461,0.65478,0.65273,0.65276,4781
1756972800,0.65276,0.65276,0.652,0.65265,5100
1756987200,0.65265,0.65271,0.65083,0.65199,5510
1757001600,0.652,0.65261,0.65006,0.65096,9332
1757016000,0.65096,0.65182,0.65086,0.65176,2846
1757030400,0.65022,0.65258,0.65022,0.65258,2133
1757044800,0.65259,0.65307,0.65247,0.65269,2702
1757059200,0.65268,0.65466,0.65263,0.65436,4127
1757073600,0.65437,0.65715,0.65397,0.65711,7674
1757088000,0.65711,0.65879,0.65506,0.65628,15402
1757102400,0.65629,0.65629,0.65492,0.65543,5148
1757289600,0.65498,0.65562,0.65454,0.65551,2731
1757304000,0.65552,0.65667,0.65513,0.65619,5574
1757318400,0.6562,0.65873,0.65606,0.65836,5273
1757332800,0.65835,0.65957,0.65793,0.6595,4649
1757347200,0.6595,0.65978,0.65803,0.65845,6954
1757361600,0.65844,0.65949,0.65802,0.65912,2646
1757376000,0.65848,0.6599,0.65848,0.65951,1759
1757390400,0.6595,0.66059,0.65906,0.66058,3867
1757404800,0.66057,0.6614,0.65981,0.66118,6669
1757419200,0.66119,0.66189,0.65953,0.65971,5034
1757433600,0.6597,0.66119,0.65843,0.65897,11095
1757448000,0.65898,0.65911,0.65815,0.65837,2941
1757462400,0.65836,0.65876,0.65808,0.65872,2280
1757476800,0.65873,0.6612,0.65794,0.66119,4936
1757491200,0.66119,0.66146,0.65939,0.65996,6732
1757505600,0.65994,0.66238,0.65993,0.6611,6914
1757520000,0.66112,0.66348,0.66051,0.66187,9173
1757534400,0.66186,0.66241,0.66109,0.6612,2958
1757548800,0.66137,0.66205,0.66095,0.66099,1731
1757563200,0.66098,0.66191,0.6607,0.66092,3247
1757577600,0.66092,0.66132,0.66007,0.66081,5468
1757592000,0.66079,0.66235,0.65882,0.66219,8488
1757606400,0.66219,0.66637,0.6619,0.66588,11776
1757620800,0.66588,0.66641,0.66562,0.66616,3673
1757635200,0.66574,0.66673,0.66574,0.66668,2279
1757649600,0.66669,0.66681,0.66548,0.66571,4225
1757664000,0.66572,0.66649,0.66428,0.66448,5877
1757678400,0.66449,0.66531,0.663,0.66382,6215
1757692800,0.6638,0.66475,0.66314,0.6642,8039
1757707200,0.66419,0.66525,0.66418,0.66469,3233
1757894400,0.66312,0.66507,0.66312,0.66505,1966
1757908800,0.66506,0.66652,0.6649,0.66634,3519
1757923200,0.66636,0.66659,0.66513,0.66587,5087
1757937600,0.66588,0.66679,0.66532,0.66653,4718
1757952000,0.66652,0.66712,0.66526,0.66648,7145
1757966400,0.66648,0.6674,0.66639,0.66694,3389
1757980800,0.66662,0.66757,0.66635,0.66672,1731
1757995200,0.66673,0.66728,0.66597,0.66609,3664
1758009600,0.66609,0.66716,0.66591,0.66619,5697
1758024000,0.66618,0.66757,0.66609,0.66672,7332
1758038400,0.66672,0.66847,0.66639,0.66822,10777
1758052800,0.66823,0.66875,0.66791,0.66848,3156
1758067200,0.66788,0.6689,0.66746,0.66819,1963
1758081600,0.6682,0.66839,0.66716,0.66748,3373
1758096000,0.66748,0.66773,0.66654,0.66704,4468
1758110400,0.66703,0.66805,0.66663,0.66794,4359
1758124800,0.66792,0.66823,0.66611,0.66628,6357
1758139200,0.66627,0.67062,0.66404,0.66517,26269
1758153600,0.66435,0.66576,0.6643,0.66497,3600
1758168000,0.66498,0.66529,0.66281,0.663,6608
1758182400,0.663,0.66462,0.66151,0.66376,8862
1758196800,0.66376,0.66592,0.66303,0.66303,9037
1758211200,0.66303,0.66315,0.66062,0.66177,15121
1758225600,0.66177,0.6622,0.66093,0.66097,3635
1758240000,0.66111,0.66188,0.66059,0.66111,2428
1758254400,0.66112,0.66156,0.65986,0.66032,6227
1758268800,0.66032,0.66115,0.65871,0.66064,9432
1758283200,0.66064,0.66104,0.65852,0.65872,6768
1758297600,0.65873,0.65994,0.65871,0.65948,10590
1758312000,0.65948,0.65969,0.65892,0.65899,2998
1758499200,0.65852,0.65964,0.65812,0.65841,3069
1758513600,0.6584,0.65957,0.65797,0.65941,4655
1758528000,0.6594,0.6596,0.65742,0.65935,6697
1758542400,0.65935,0.6599,0.65915,0.65972,4594
1758556800,0.65972,0.65989,0.6577,0.65922,7609
1758571200,0.65923,0.66017,0.65923,0.65981,2338
1758585600,0.65957,0.66007,0.65922,0.65959,1561
1758600000,0.6596,0.65965,0.65805,0.65825,4017
1758614400,0.65823,0.66,0.65805,0.65983,6697
1758628800,0.65985,0.66107,0.65978,0.66073,5128
1758643200,0.66074,0.66146,0.65931,0.66015,10673
1758657600,0.66016,0.66052,0.65925,0.65979,5560
1758672000,0.65908,0.66018,0.65908,0.65938,2253
1758686400,0.65938,0.66222,0.65882,0.66192,5982
1758700800,0.66191,0.66272,0.66068,0.66121,6629
1758715200,0.66121,0.6615,0.65903,0.65931,5933
1758729600,0.65931,0.65958,0.6574,0.65756,10982
1758744000,0.65757,0.6584,0.65754,0.65822,3530
1758758400,0.65779,0.65932,0.65777,0.65923,2294
1758772800,0.65922,0.65998,0.65836,0.65969,3698
1758787200,0.65968,0.66001,0.65844,0.65976,6562
1758801600,0.65977,0.6603,0.65546,0.65597,8576
1758816000,0.65597,0.65625,0.65407,0.65421,13877
1758830400,0.65421,0.65425,0.65251,0.65393,5141
1758844800,0.65263,0.65422,0.65263,0.65368,3783
1758859200,0.65369,0.65437,0.6532,0.6541,3877
1758873600,0.6541,0.65432,0.65255,0.6531,5984
1758888000,0.65307,0.65394,0.65198,0.65374,7105
1758902400,0.65373,0.65486,0.65321,0.6548,12275
1758916800,0.65481,0.65507,0.65448,0.65451,3019
1759104000,0.65457,0.6557,0.65453,0.65558,1987
1759118400,0.65557,0.65726,0.65469,0.65702,4422
1759132800,0.65701,0.65725,0.65622,0.65686,5999
1759147200,0.65686,0.65714,0.65588,0.65673,5799
1759161600,0.65672,0.65793,0.65618,0.65749,9304
1759176000,0.6575,0.65803,0.65732,0.65755,2342
1759190400,0.65725,0.65799,0.65704,0.65778,2135
1759204800,0.65777,0.66078,0.65742,0.66056,6826
1759219200,0.66057,0.6613,0.65746,0.66089,11714
1759233600,0.66088,0.66153,0.66026,0.66116,6935
1759248000,0.66116,0.66276,0.66072,0.66187,11396
1759262400,0.66187,0.66208,0.66109,0.66125,3813
1759276800,0.66064,0.66175,0.66016,0.66037,2828
1759291200,0.66036,0.66044,0.65887,0.66027,4207
1759305600,0.66027,0.66191,0.65979,0.66136,9630
1759320000,0.66136,0.66282,0.6605,0.66189,11242
1759334400,0.6619,0.66221,0.65984,0.66078,14209
1759348800,0.66079,0.66198,0.66072,0.66113,3343
1759363200,0.66104,0.66149,0.66057,0.66062,2080
1759377600,0.66065,0.66206,0.66016,0.66165,3644
1759392000,0.66166,0.66237,0.66108,0.66202,6307
1759406400,0.66202,0.66214,0.65984,0.66014,5794
1759420800,0.66015,0.6606,0.65762,0.65929,10501
1759435200,0.65928,0.6599,0.65907,0.65949,2401
1759449600,0.65894,0.6602,0.65894,0.66001,1557
1759464000,0.66,0.66031,0.659,0.65902,3032
1759478400,0.65901,0.66082,0.65881,0.66058,5374
1759492800,0.66059,0.66069,0.65987,0.66058,4526
1759507200,0.66057,0.66133,0.65984,0.66081,10437
1759521600,0.66082,0.66087,0.65943,0.66013,3658
1759708800,0.65816,0.65977,0.65812,0.65974,4221
1759723200,0.65974,0.66128,0.6592,0.66021,4211
1759737600,0.66021,0.6617,0.65916,0.65986,9850
1759752000,0.65986,0.66097,0.65891,0.66092,7185
1759766400,0.66091,0.66198,0.66063,0.66164,7508
1759780800,0.66165,0.66196,0.6614,0.66173,2443
1759795200,0.66138,0.66198,0.66072,0.66082,2326
1759809600,0.66083,0.66236,0.66034,0.66106,3375
1759824000,0.66106,0.66116,0.65848,0.65898,5648
1759838400,0.65897,0.65962,0.65802,0.65862,5042
1759852800,0.65862,0.65964,0.65832,0.65849,10239
1759867200,0.65848,0.65911,0.65779,0.65802,4631
1759881600,0.65812,0.65851,0.65737,0.65753,1997
1759896000,0.65752,0.65791,0.65574,0.65629,6751
1759910400,0.65628,0.6569,0.65557,0.65598,6754
1759924800,0.65599,0.65802,0.65585,0.65788,5924
1759939200,0.65787,0.65878,0.65745,0.65787,8327
1759953600,0.65787,0.65882,0.6576,0.65864,3802
1759968000,0.6579,0.65946,0.65788,0.65931,1984
1759982400,0.6593,0.66084,0.65891,0.66058,4131
1759996800,0.66057,0.66094,0.65688,0.65802,8784
1760011200,0.65802,0.66092,0.65802,0.66053,7693
1760025600,0.66053,0.66117,0.65454,0.65476,16773
1760040000,0.65476,0.6555,0.65394,0.65541,6042
1760054400,0.65524,0.65665,0.65504,0.65653,2861
1760068800,0.65654,0.6572,0.65629,0.65658,3826
1760083200,0.65657,0.65681,0.65447,0.65566,7854
1760097600,0.65567,0.65585,0.65491,0.65542,6211
1760112000,0.65543,0.65546,0.64799,0.64831,24175
1760126400,0.6483,0.64913,0.64725,0.64764,8724
1760313600,0.65038,0.6514,0.64905,0.65138,6732
1760328000,0.65137,0.6532,0.65127,0.65218,6350
1760342400,0.65219,0.65275,0.65112,0.65203,8705
1760356800,0.65202,0.65239,0.65051,0.6508,7498
1760371200,0.65078,0.65238,0.65042,0.65231,11790
1760385600,0.65232,0.65239,0.65128,0.65133,3090
1760400000,0.65075,0.65204,0.65064,0.65178,3296
1760414400,0.65178,0.65188,0.64751,0.64796,7824
1760428800,0.64796,0.64796,0.64482,0.64572,12903
1760443200,0.64572,0.64598,0.64396,0.64461,8313
1760457600,0.64461,0.64962,0.64457,0.6491,15078
1760472000,0.6491,0.64942,0.64777,0.64847,7032
1760486400,0.64807,0.64952,0.64799,0.64952,3150
1760500800,0.64951,0.65176,0.64918,0.65135,6207
1760515200,0.65135,0.65226,0.65101,0.65169,6555
1760529600,0.65168,0.65223,0.65066,0.65077,6011
1760544000,0.65078,0.65221,0.65031,0.65125,13341
1760558400,0.65126,0.65126,0.64879,0.65113,7458
1760572800,0.649,0.65149,0.6479,0.64881,4641
1760587200,0.6488,0.65044,0.64812,0.64898,7285
1760601600,0.64898,0.65122,0.64882,0.65058,8130
1760616000,0.65057,0.651,0.64952,0.64997,6596
1760630400,0.64996,0.65068,0.64727,0.64896,15601
1760644800,0.64897,0.64955,0.64704,0.64864,10571
1760659200,0.64802,0.64889,0.64744,0.64831,2991
1760673600,0.6483,0.64912,0.64616,0.64733,6210
1760688000,0.64734,0.64786,0.64428,0.64587,14001
1760702400,0.64586,0.65017,0.64575,0.64741,14857
1760716800,0.64741,0.64901,0.64705,0.64839,16700
1760731200,0.64838,0.65006,0.64817,0.6494,6372
1760918400,0.64885,0.6505,0.64864,0.65048,3127
1760932800,0.65047,0.65141,0.64991,0.65018,4895
1760947200,0.65017,0.65078,0.64909,0.64964,6754
1760961600,0.64963,0.65006,0.64838,0.64917,6528
1760976000,0.64916,0.65205,0.64895,0.65133,8751
1760990400,0.65133,0.65167,0.65113,0.65125,2693
1761004800,0.65108,0.65243,0.65093,0.65232,1770
1761019200,0.65232,0.65232,0.64994,0.65027,4526
1761033600,0.65027,0.65033,0.64757,0.64846,9104
1761048000,0.64846,0.64971,0.64797,0.64944,7795
1761062400,0.64943,0.65028,0.64721,0.64907,12290
1761076800,0.64906,0.64914,0.64849,0.64869,4110
1761091200,0.64861,0.64941,0.64845,0.64848,2911
1761105600,0.64847,0.65012,0.64823,0.6499,4178
1761120000,0.64989,0.65114,0.64922,0.64942,7451
1761134400,0.64941,0.64958,0.6481,0.64878,6792
1761148800,0.64877,0.65016,0.64783,0.64942,13811
1761163200,0.64943,0.64954,0.64776,0.64882,7538
1761177600,0.64842,0.64913,0.64825,0.64912,2067
1761192000,0.64913,0.64945,0.64781,0.64845,4185
1761206400,0.64844,0.65113,0.64837,0.65077,5961
1761220800,0.65078,0.65118,0.64975,0.65042,5094
1761235200,0.65041,0.65168,0.65033,0.65108,9471
1761249600,0.65107,0.65171,0.65059,0.65114,3156
1761264000,0.65063,0.65165,0.65051,0.65129,1751
1761278400,0.65128,0.65141,0.64957,0.65012,3378
1761292800,0.65009,0.6508,0.64926,0.6495,5766
1761307200,0.6495,0.65281,0.6492,0.6517,7917
1761321600,0.6517,0.65211,0.64929,0.65086,12146
1761336000,0.65086,0.65127,0.65077,0.65104,2811
1761523200,0.6537,0.6543,0.65277,0.65336,4836
1761537600,0.65335,0.65381,0.6528,0.65366,3243
1761552000,0.65368,0.65583,0.65325,0.65565,7170
1761566400,0.65565,0.65588,0.6544,0.65486,6747
1761580800,0.65487,0.65561,0.65429,0.65548,7366
1761595200,0.65547,0.65575,0.65502,0.65548,3118
1761609600,0.65545,0.65619,0.65528,0.65565,3009
1761624000,0.65565,0.65634,0.65529,0.6556,4302
1761638400,0.65559,0.65561,0.65437,0.65555,6377
1761652800,0.65557,0.65595,0.65503,0.65586,5237
1761667200,0.65585,0.6589,0.65583,0.65879,7471
1761681600,0.6588,0.65899,0.65806,0.65807,2310
1761696000,0.65824,0.66064,0.65776,0.65942,5795
1761710400,0.6594,0.66035,0.65882,0.66002,3525
1761724800,0.66002,0.66168,0.65907,0.65987,6771
1761739200,0.65988,0.66075,0.65858,0.66026,6730
1761753600,0.66027,0.66151,0.65952,0.66112,7186
1761768000,0.66113,0.66132,0.65562,0.65718,20623
1761782400,0.65708,0.65885,0.65672,0.65844,4902
1761796800,0.65844,0.65968,0.65731,0.65907,11211
1761811200,0.65908,0.65942,0.65675,0.65678,10738
1761825600,0.65679,0.65714,0.65319,0.65466,10804
1761840000,0.65467,0.65578,0.65428,0.65547,12174
1761854400,0.65546,0.65553,0.65458,0.65517,4971
1761868800,0.65514,0.65591,0.6549,0.65524,3610
1761883200,0.65524,0.65569,0.65395,0.65404,3921
1761897600,0.65403,0.65437,0.65325,0.65405,5868
1761912000,0.65405,0.65469,0.65323,0.6546,5981
1761926400,0.65459,0.65521,0.65328,0.65373,9601
1761940800,0.65373,0.65461,0.65368,0.65406,2755
1762128000,0.65429,0.65484,0.65368,0.65428,2261
1762142400,0.65427,0.65617,0.65407,0.65579,3067
1762156800,0.65578,0.65593,0.65461,0.65462,4530
1762171200,0.65461,0.6551,0.65368,0.65384,3603
1762185600,0.65383,0.65422,0.65169,0.65369,6835
1762200000,0.65369,0.65402,0.65342,0.65373,2265
1762214400,0.6533,0.65393,0.65284,0.65334,3053
1762228800,0.65335,0.65357,0.65103,0.65111,5650
1762243200,0.65112,0.65192,0.64934,0.64942,6733
1762257600,0.64941,0.6504,0.64903,0.64916,4815
1762272000,0.64916,0.65033,0.64802,0.64911,7636
1762286400,0.64911,0.64918,0.64815,0.64874,3648
1762300800,0.64878,0.64928,0.6458,0.64664,4390
1762315200,0.64666,0.64983,0.64662,0.64895,5545
1762329600,0.64894,0.64951,0.64803,0.64809,5135
1762344000,0.6481,0.64865,0.64731,0.64848,4837
1762358400,0.64847,0.65121,0.64818,0.65055,9705
1762372800,0.65055,0.65101,0.65013,0.65058,2367
1762387200,0.65057,0.65106,0.64962,0.65096,3009
1762401600,0.65097,0.65171,0.65043,0.6507,2885
1762416000,0.65067,0.65167,0.65034,0.65127,5040
1762430400,0.65128,0.65178,0.65053,0.65082,5129
1762444800,0.65081,0.65088,0.64625,0.64769,15620
1762459200,0.6477,0.64884,0.64708,0.6479,5420
1762473600,0.64794,0.64857,0.64696,0.6477,3349
1762488000,0.64769,0.64825,0.64668,0.64787,4133
1762502400,0.64788,0.649,0.64773,0.64818,4519
1762516800,0.64817,0.64924,0.64753,0.64866,7053
1762531200,0.64866,0.64892,0.64676,0.64831,15553
1762545600,0.64832,0.64982,0.64816,0.6494,5833
1762732800,0.64951,0.65213,0.64887,0.65166,3395
1762747200,0.65165,0.65288,0.65117,0.65262,3419
1762761600,0.65262,0.65384,0.65227,0.65363,4204
1762776000,0.65362,0.65373,0.65256,0.65284,3898
1762790400,0.65283,0.65388,0.65139,0.65373,7272
1762804800,0.65373,0.65394,0.65351,0.65351,2105
1762819200,0.65308,0.65359,0.65276,0.65301,2165
1762833600,0.653,0.65321,0.65171,0.65171,3529
1762848000,0.6517,0.65245,0.65142,0.6518,4545
1762862400,0.6518,0.65373,0.65171,0.65345,3810
1762876800,0.65345,0.65371,0.65199,0.65303,7727
1762891200,0.65302,0.65332,0.65264,0.65271,2535
1762905600,0.65207,0.65309,0.65189,0.65226,2300
1762920000,0.65226,0.65302,0.65153,0.65284,3415
1762934400,0.65283,0.65436,0.6528,0.65322,4619
1762948800,0.65323,0.65438,0.65297,0.65365,3989
1762963200,0.65365,0.65439,0.65304,0.65418,9067
1762977600,0.65419,0.65495,0.65383,0.65398,2748
1762992000,0.65395,0.65625,0.65306,0.65569,4920
1763006400,0.6557,0.65645,0.65518,0.65565,3729
1763020800,0.65565,0.65795,0.65546,0.65722,5472
1763035200,0.65723,0.65723,0.65478,0.65524,5410
1763049600,0.65525,0.65575,0.65383,0.65483,14322
1763064000,0.65482,0.65498,0.65232,0.6529,7884
1763078400,0.65273,0.65425,0.65232,0.65396,3308
1763092800,0.65398,0.65487,0.65295,0.65378,4543
1763107200,0.65378,0.65391,0.65171,0.65205,7635
1763121600,0.65204,0.65292,0.6503,0.65231,8395
1763136000,0.65231,0.65507,0.6519,0.65414,15208
1763150400,0.65413,0.65418,0.65326,0.65358,7297
1763337600,0.65318,0.65352,0.65176,0.65181,3402
1763352000,0.6518,0.6524,0.65111,0.65219,3762
1763366400,0.65218,0.65367,0.65175,0.65193,4989
1763380800,0.65192,0.65242,0.65064,0.65096,6108
1763395200,0.65095,0.65169,0.64999,0.65087,12990
1763409600,0.65088,0.65089,0.64812,0.64926,7653
1763424000,0.64911,0.64978,0.64821,0.649,3572
1763438400,0.64899,0.64968,0.64642,0.64809,6390
1763452800,0.64808,0.64986,0.64737,0.64952,7308
1763467200,0.64951,0.65114,0.64911,0.65054,7321
1763481600,0.65052,0.65106,0.64818,0.65088,20578
1763496000,0.65089,0.65177,0.65056,0.65068,8381
1763510400,0.65048,0.65107,0.64899,0.64916,3888
1763524800,0.64917,0.64976,0.64757,0.64888,5951
1763539200,0.64889,0.64967,0.64762,0.64861,6982
1763553600,0.64861,0.64919,0.64807,0.64834,6876
1763568000,0.64833,0.64922,0.64504,0.64594,17239
1763582400,0.64593,0.64799,0.64571,0.6479,8629
1763596800,0.64735,0.64904,0.64731,0.6479,3746
1763611200,0.64789,0.64882,0.64733,0.64782,5227
1763625600,0.64781,0.64825,0.64702,0.6482,6597
1763640000,0.64822,0.65007,0.64673,0.64901,9456
1763654400,0.64901,0.65018,0.64354,0.64445,23786
1763668800,0.64445,0.64601,0.64386,0.64396,12586
1763683200,0.64401,0.64569,0.64367,0.6453,4273
1763697600,0.64531,0.64567,0.64405,0.64459,5389
1763712000,0.64458,0.64532,0.64329,0.64357,9272
1763726400,0.64357,0.64524,0.64206,0.64487,11751
1763740800,0.64488,0.64599,0.64223,0.64538,21514
1763755200,0.64539,0.64592,0.64452,0.64556,8655
1763942400,0.64571,0.6465,0.64482,0.64527,2737
1763956800,0.64528,0.64642,0.64511,0.64618,4360
1763971200,0.64621,0.64665,0.64415,0.64458,5567
1763985600,0.64458,0.64588,0.64432,0.64533,5848
1764000000,0.64532,0.64604,0.64442,0.64586,11025
1764014400,0.64586,0.64677,0.64583,0.64634,3233
1764028800,0.64567,0.64683,0.64567,0.64624,2734
1764043200,0.64625,0.64663,0.64508,0.64572,4063
1764057600,0.64571,0.64607,0.64477,0.64578,5998
1764072000,0.64578,0.6469,0.64442,0.64605,8914
1764086400,0.64604,0.64749,0.6435,0.64711,17830
1764100800,0.64712,0.64746,0.64656,0.64694,5640
1764115200,0.64644,0.64948,0.64641,0.64897,5774
1764129600,0.64896,0.65072,0.64883,0.6505,5106
1764144000,0.6505,0.65113,0.64904,0.64987,6899
1764158400,0.64986,0.65038,0.64831,0.64899,8918
1764172800,0.64898,0.6516,0.64871,0.65139,10274
1764187200,0.65138,0.65203,0.65116,0.65179,3864
1764201600,0.6516,0.65308,0.65158,0.65306,2770
1764216000,0.65307,0.6539,0.65259,0.65325,3721
1764230400,0.65326,0.65334,0.65207,0.6523,4776
1764244800,0.6523,0.65285,0.65216,0.6526,3764
1764259200,0.65261,0.65332,0.65225,0.65308,2688
1764273600,0.65307,0.65324,0.65287,0.65321,841
1764288000,0.65308,0.65402,0.65277,0.6534,2930
1764302400,0.6534,0.65402,0.65245,0.65288,17446
1764316800,0.65289,0.6529,0.65196,0.6524,26996
1764331200,0.65239,0.65359,0.652,0.65349,26935
1764345600,0.65347,0.65584,0.65309,0.65506,7855
1764360000,0.65507,0.65542,0.65441,0.65487,18033
1764547200,0.65376,0.65562,0.65357,0.65515,5254
1764561600,0.65516,0.65521,0.65368,0.65407,5110
1764576000,0.65407,0.65538,0.6538,0.65489,8666
1764590400,0.6549,0.65657,0.65438,0.65593,7394
1764604800,0.65592,0.65636,0.65456,0.65518,11178
1764619200,0.65518,0.65529,0.65397,0.65432,3830
1764633600,0.65422,0.65451,0.65357,0.65445,2504
1764648000,0.65444,0.65542,0.65426,0.65524,3001
1764662400,0.65523,0.65577,0.65448,0.65474,4619
1764676800,0.65475,0.65621,0.65428,0.65621,5041
1764691200,0.6562,0.65701,0.65526,0.65543,11623
1764705600,0.65543,0.65662,0.65526,0.65638,4203
1764720000,0.65608,0.65752,0.65517,0.65735,4125
1764734400,0.65737,0.65832,0.65701,0.65822,3736
1764748800,0.65822,0.65856,0.65733,0.65808,5683
1764763200,0.65809,0.65943,0.65806,0.65898,5909
1764777600,0.65897,0.6599,0.6574,0.65954,13114
1764792000,0.65954,0.66013,0.6593,0.66007,2388
1764806400,0.65959,0.66098,0.65958,0.66058,3200
1764820800,0.66058,0.66141,0.66013,0.66105,4720
1764835200,0.66104,0.66185,0.66046,0.6615,6926
1764849600,0.6615,0.66167,0.66024,0.66071,6899
1764864000,0.66071,0.66232,0.66055,0.66152,10999
1764878400,0.66152,0.66172,0.66072,0.66081,4350
1764892800,0.66089,0.66146,0.66046,0.66128,2129
1764907200,0.66129,0.66221,0.66098,0.66214,2840
1764921600,0.66213,0.66336,0.66195,0.66301,4788
1764936000,0.66302,0.66432,0.66249,0.66406,5487
1764950400,0.66406,0.66481,0.66259,0.6639,10764
1764964800,0.66389,0.66415,0.66347,0.66379,4002
1765152000,0.66322,0.66451,0.6627,0.66422,3618
1765166400,0.66421,0.66476,0.66391,0.66446,2879
1765180800,0.66447,0.66482,0.66331,0.66353,5103
1765195200,0.66352,0.6643,0.66318,0.66362,5296
1765209600,0.66362,0.66403,0.66136,0.66275,9765
1765224000,0.66275,0.66287,0.66181,0.66235,3094
1765238400,0.66209,0.66271,0.6617,0.66251,2457
1765252800,0.6625,0.66478,0.6608,0.66426,6474
1765267200,0.66426,0.66476,0.66329,0.66443,5904
1765281600,0.66442,0.66447,0.66305,0.66376,6402
1765296000,0.66376,0.66534,0.6634,0.66377,11639
1765310400,0.66376,0.66407,0.6633,0.66391,3369
1765324800,0.66363,0.66461,0.66316,0.66321,3096
1765339200,0.66321,0.6642,0.66281,0.66414,3815
1765353600,0.66413,0.66531,0.66411,0.66483,6094
1765368000,0.66484,0.66517,0.66357,0.66414,6882
1765382400,0.66413,0.66445,0.66286,0.66426,10727
1765396800,0.66426,0.66844,0.66314,0.66759,18043
1765411200,0.66741,0.6678,0.66587,0.66688,5643
1765425600,0.66688,0.66724,0.66283,0.66341,7593
1765440000,0.6634,0.6651,0.66258,0.66508,8247
1765454400,0.66507,0.66666,0.66473,0.66636,8145
1765468800,0.66636,0.6675,0.66554,0.6669,15395
1765483200,0.66689,0.66724,0.66607,0.6664,4990
1765497600,0.66628,0.66736,0.6657,0.66662,4260
1765512000,0.66662,0.66687,0.6659,0.66666,3726
1765526400,0.66666,0.66763,0.666,0.66687,7036
1765540800,0.66686,0.66689,0.666,0.66626,6842
1765555200,0.66626,0.66696,0.66318,0.66522,18538
1765569600,0.66521,0.66578,0.66467,0.66506,7260
1765756800,0.66391,0.66528,0.66322,0.66526,5119
1765771200,0.66525,0.66543,0.664,0.66447,6290
1765785600,0.66446,0.66525,0.66409,0.66478,6853
1765800000,0.66477,0.66557,0.66408,0.66492,5518
1765814400,0.66491,0.66543,0.66346,0.66371,14900
1765828800,0.6637,0.66422,0.66313,0.66392,4267
1765843200,0.66368,0.66472,0.66174,0.66214,5490
1765857600,0.66214,0.66396,0.66188,0.66317,6220
1765872000,0.66316,0.66431,0.66279,0.66337,5931
1765886400,0.66338,0.66604,0.66311,0.66453,9294
1765900800,0.66452,0.66588,0.66282,0.66336,17278
1765915200,0.66336,0.66392,0.66202,0.66318,7484
1765929600,0.66288,0.66341,0.66184,0.66322,4268
1765944000,0.66321,0.66325,0.66127,0.66185,5868
1765958400,0.66184,0.66225,0.66114,0.66137,7462
1765972800,0.66136,0.66236,0.66116,0.66223,6069
1765987200,0.66223,0.66279,0.66029,0.66066,14603
1766001600,0.66065,0.66119,0.65981,0.66045,5915
1766016000,0.66042,0.66053,0.65934,0.65987,3971
1766030400,0.65987,0.6605,0.65918,0.66043,5410
1766044800,0.66042,0.66115,0.6602,0.66041,5832
1766059200,0.6604,0.66299,0.66025,0.66219,8831
1766073600,0.66218,0.663,0.66023,0.66129,16475
1766088000,0.66128,0.66194,0.66094,0.66117,5924
1766102400,0.66079,0.66215,0.66079,0.66116,3607
1766116800,0.66114,0.66153,0.66031,0.66033,4591
1766131200,0.66032,0.66093,0.65995,0.66076,6151
1766145600,0.66077,0.66099,0.65999,0.66097,5403
1766160000,0.66097,0.66242,0.66058,0.66142,9271
1766174400,0.66142,0.66196,0.66069,0.66073,3169
1766361600,0.66085,0.66222,0.66039,0.662,4313
1766376000,0.66201,0.66282,0.66196,0.66247,3244
1766390400,0.66246,0.66408,0.66246,0.66387,4798
1766404800,0.66386,0.66492,0.66378,0.66455,5167
1766419200,0.66454,0.66597,0.66429,0.6656,7619
1766433600,0.66559,0.66578,0.66509,0.66576,2804
1766448000,0.66535,0.66657,0.66529,0.66625,2979
1766462400,0.66624,0.66698,0.66624,0.6665,4638
1766476800,0.66651,0.66926,0.6664,0.6692,6210
1766491200,0.66919,0.66996,0.66848,0.66851,6496
1766505600,0.66852,0.66946,0.6675,0.66881,9931
1766520000,0.6688,0.67017,0.66871,0.67014,2884
1766534400,0.66976,0.67107,0.66969,0.67102,3194
1766548800,0.67102,0.67127,0.67018,0.67112,3556
1766563200,0.67111,0.67167,0.67046,0.67118,4408
1766577600,0.67118,0.67132,0.66995,0.67053,4851
1766592000,0.67052,0.67141,0.67018,0.67062,6596
1766606400,0.67063,0.67063,0.67045,0.67046,44
1766736000,0.67017,0.67037,0.66965,0.66971,2101
1766750400,0.6697,0.6717,0.66964,0.67156,4916
1766764800,0.67157,0.67238,0.67046,0.67082,12111
1766779200,0.67081,0.67144,0.67075,0.67115,5837
1766966400,0.66957,0.67214,0.66956,0.67184,4734
1766980800,0.67183,0.67267,0.67142,0.67146,4332
1766995200,0.67146,0.67209,0.66925,0.66987,7142
1767009600,0.66987,0.6705,0.66823,0.66928,6569
1767024000,0.66928,0.67024,0.66844,0.66878,11151
1767038400,0.66879,0.66967,0.66862,0.66924,3340
1767052800,0.66924,0.67036,0.66891,0.67034,2880
1767067200,0.67033,0.67142,0.66962,0.6713,3832
1767081600,0.67129,0.6717,0.67016,0.67037,4558
1767096000,0.67036,0.67113,0.66916,0.66933,5504
1767110400,0.66934,0.67028,0.66871,0.67023,8421
1767124800,0.67022,0.67031,0.66921,0.66949,3070
1767139200,0.66911,0.67006,0.66908,0.66936,2654
1767153600,0.66935,0.66978,0.66873,0.66892,4117
1767168000,0.66891,0.66897,0.66795,0.66825,5278
1767182400,0.66826,0.66892,0.66751,0.66825,6320
1767196800,0.66824,0.66829,0.6659,0.66709,10162
1767211200,0.6671,0.66732,0.66676,0.66707,1106
1767340800,0.66952,0.67063,0.66931,0.6698,3474
1767355200,0.66981,0.66992,0.66858,0.66872,5062
1767369600,0.66872,0.66962,0.66788,0.66841,13416
1767384000,0.66841,0.66971,0.66765,0.66929,5618
1767571200,0.66802,0.66923,0.66746,0.66807,6398
1767585600,0.66806,0.66869,0.66643,0.66748,6352
1767600000,0.66747,0.66816,0.66701,0.66748,6946
1767614400,0.66749,0.66878,0.66622,0.66766,8119
1767628800,0.66765,0.67182,0.66763,0.67114,13278
1767643200,0.67115,0.67168,0.67102,0.67137,3501
1767657600,0.67105,0.67156,0.67025,0.67149,3489
1767672000,0.67148,0.6731,0.67128,0.67262,4848
1767686400,0.67262,0.67384,0.67157,0.67161,7287
1767700800,0.6716,0.67268,0.67113,0.67261,6869
1767715200,0.6726,0.67357,0.67192,0.67348,11472
1767729600,0.67348,0.6741,0.67302,0.6738,3507
1767744000,0.67343,0.67508,0.67164,0.67467,6703
1767758400,0.67466,0.67658,0.6742,0.67518,5250
1767772800,0.67518,0.67555,0.67341,0.67373,6182
1767787200,0.67373,0.67406,0.67268,0.67385,6528
1767801600,0.67385,0.67454,0.67209,0.67281,11809
1767816000,0.67281,0.67329,0.67177,0.67198,4085
1767830400,0.67203,0.67247,0.67159,0.67234,2804
1767844800,0.67236,0.67237,0.67,0.67029,5684
1767859200,0.67029,0.67034,0.66884,0.66922,7414
1767873600,0.66923,0.66998,0.66885,0.66918,5860
1767888000,0.66917,0.67002,0.66809,0.66943,12066
1767902400,0.66942,0.67005,0.66877,0.66996,3938
1767916800,0.66975,0.67032,0.66877,0.6692,3123
1767931200,0.6692,0.66977,0.66905,0.66941,4395
1767945600,0.6694,0.66958,0.66754,0.668,5361
1767960000,0.66801,0.67025,0.66692,0.66891,9144
1767974400,0.6689,0.66938,0.66628,0.66807,16944
1767988800,0.66806,0.66904,0.66801,0.66856,3383
1768176000,0.66746,0.67058,0.66746,0.66976,5759
1768190400,0.66976,0.67008,0.66917,0.6698,4908
1768204800,0.66979,0.67113,0.6695,0.67058,6327
1768219200,0.67059,0.67171,0.67025,0.67148,6401
1768233600,0.67148,0.67216,0.67024,0.67131,10469
1768248000,0.67131,0.67145,0.67089,0.67089,2910
1768262400,0.67083,0.67138,0.67058,0.67101,3214
1768276800,0.67102,0.67159,0.67063,0.67088,4075
1768291200,0.67087,0.67093,0.66981,0.67051,4977
1768305600,0.6705,0.67259,0.66965,0.67083,7944
1768320000,0.67083,0.67138,0.66722,0.66802,14859
1768334400,0.66802,0.66845,0.66767,0.66801,5670
1768348800,0.66804,0.66877,0.66764,0.66815,3113
1768363200,0.66816,0.66997,0.66813,0.66939,4742
1768377600,0.66938,0.67016,0.66858,0.66951,6278
1768392000,0.66952,0.66955,0.66747,0.66786,7948
1768406400,0.66786,0.66889,0.6672,0.66733,15010
1768420800,0.66732,0.66853,0.66725,0.6679,6402
1768435200,0.66766,0.6685,0.66748,0.66798,4481
1768449600,0.66799,0.66806,0.66665,0.66759,4837
1768464000,0.6676,0.66983,0.66752,0.66947,6392
1768478400,0.66946,0.67002,0.66753,0.66769,6345
1768492800,0.6677,0.6709,0.66737,0.6704,10881
1768507200,0.67039,0.67079,0.6695,0.66995,4416
1768521600,0.66954,0.67035,0.66954,0.66967,3109
1768536000,0.66966,0.67064,0.66945,0.67007,3529
1768550400,0.67006,0.67047,0.66951,0.6701,4503
1768564800,0.67011,0.67087,0.66903,0.66936,5571
1768579200,0.66935,0.66944,0.66702,0.66803,13052
1768593600,0.66803,0.66854,0.66791,0.66817,3377
1768780800,0.667,0.66944,0.66679,0.66823,6544
1768795200,0.66824,0.67002,0.66774,0.6695,4839
1768809600,0.66949,0.66981,0.66877,0.6696,6693
1768824000,0.6696,0.67072,0.66959,0.67046,4684
1768838400,0.67047,0.67158,0.67013,0.67156,4899
1768852800,0.67155,0.67164,0.67115,0.67146,747
1768867200,0.67079,0.67145,0.67059,0.67107,3420
1768881600,0.67106,0.67402,0.67079,0.67352,4996
1768896000,0.67351,0.67463,0.6723,0.67273,11453
1768910400,0.67273,0.67381,0.67246,0.67294,11467
1768924800,0.67295,0.67449,0.67259,0.67385,16815
1768939200,0.67385,0.67417,0.67301,0.67357,7178
1768953600,0.67281,0.67429,0.67275,0.6742,3434
1768968000,0.67421,0.67423,0.67259,0.67354,4981
1768982400,0.67355,0.67573,0.67345,0.67465,6719
1768996800,0.67465,0.67724,0.67427,0.67703,7951
1769011200,0.67702,0.6777,0.67522,0.67586,18663
1769025600,0.67585,0.67639,0.67534,0.67623,10332
1769040000,0.67582,0.67982,0.6753,0.67964,5951
1769054400,0.67965,0.68097,0.67903,0.68042,4718
1769068800,0.68041,0.68105,0.67963,0.68012,6332
1769083200,0.68013,0.68146,0.6795,0.6814,7303
1769097600,0.68139,0.68399,0.68098,0.68393,10823
1769112000,0.68393,0.68436,0.68366,0.6841,3259
1769126400,0.68385,0.68524,0.68376,0.68441,3586
1769140800,0.6844,0.68498,0.68357,0.68483,4248
1769155200,0.68482,0.68532,0.6837,0.68391,8412
1769169600,0.6839,0.68663,0.68335,0.68492,6895
1769184000,0.68493,0.68903,0.68476,0.68818,11667
1769198400,0.68817,0.68981,0.68726,0.68967,7901
1769385600,0.69222,0.69301,0.69055,0.69189,9990
1769400000,0.69186,0.69278,0.69087,0.69137,7322
1769414400,0.69136,0.69262,0.69077,0.69212,9652
1769428800,0.69213,0.69267,0.69061,0.69167,7204
1769443200,0.69166,0.69401,0.69142,0.69337,11639
1769457600,0.69336,0.69373,0.69159,0.69171,6330
1769472000,0.69128,0.6919,0.69064,0.69167,4263
1769486400,0.69166,0.69277,0.69054,0.69124,5665
1769500800,0.69122,0.69278,0.69006,0.69267,7763
1769515200,0.69266,0.69518,0.69197,0.6944,10749
1769529600,0.69439,0.69813,0.69418,0.69776,16505
1769544000,0.69775,0.70153,0.69717,0.70122,11640
1769558400,0.7012,0.70213,0.69826,0.69852,10532
1769572800,0.69852,0.70025,0.69794,0.70023,8421
1769587200,0.70025,0.70189,0.69892,0.70014,13294
1769601600,0.70015,0.70135,0.69912,0.69955,10760
1769616000,0.69956,0.70072,0.69762,0.69998,20678
1769630400,0.69997,0.70421,0.69782,0.70418,15204
1769644800,0.70417,0.70487,0.70206,0.70273,8519
1769659200,0.70271,0.70934,0.70201,0.70872,11658
1769673600,0.70871,0.70878,0.70517,0.70553,12580
1769688000,0.70553,0.707,0.70262,0.70646,13432
1769702400,0.70648,0.70817,0.69665,0.7018,43043
1769716800,0.70178,0.70533,0.70137,0.70496,13552
1769731200,0.70495,0.70544,0.70042,0.70051,12101
1769745600,0.7005,0.7008,0.69766,0.69988,16782
1769760000,0.69987,0.70108,0.69674,0.69755,18602
1769774400,0.69752,0.70312,0.69748,0.69901,19513
1769788800,0.69903,0.70256,0.69666,0.69714,33554
1769803200,0.69712,0.69857,0.69392,0.69626,22449
