time,open,high,low,close,volume
1566547200,1.10692,1.1074,1.10653,1.10675,8102
1566561600,1.10674,1.10731,1.10516,1.10634,13374
1566576000,1.10633,1.11475,1.10527,1.11384,26538
1566590400,1.11384,1.11531,1.11333,1.11411,12075
1566777600,1.11498,1.11638,1.11358,1.11432,8979
1566792000,1.11431,1.11481,1.11319,1.11431,9676
1566806400,1.11431,1.11529,1.11106,1.11145,21314
1566820800,1.11145,1.11242,1.11063,1.11113,15237
1566835200,1.11114,1.11242,1.1107,1.11096,19275
1566849600,1.11097,1.11097,1.10941,1.10988,7477
1566864000,1.10994,1.11054,1.10982,1.1103399999999999,3041
1566878400,1.11035,1.1107,1.10978,1.10983,5615
1566892800,1.10983,1.1116,1.10979,1.1113,14147
1566907200,1.1113,1.11151,1.11,1.11086,14008
1566921600,1.11087,1.11091,1.10856,1.10965,16018
1566936000,1.10966,1.10966,1.10871,1.10897,4915
1566950400,1.10889,1.10942,1.10859,1.10879,4318
1566964800,1.10879,1.10901,1.10842,1.10868,4212
1566979200,1.10868,1.10978,1.10825,1.10888,11516
1566993600,1.10887,1.10975,1.108,1.10815,12546
1567008000,1.10816,1.1086,1.10732,1.10786,14264
1567022400,1.10787,1.10856,1.10746,1.10778,6832
1567036800,1.10766,1.10868,1.10766,1.10852,4338
1567051200,1.1085099999999999,1.10873,1.108,1.1081,3280
1567065600,1.10811,1.10858,1.10746,1.10763,13030
1567080000,1.10762,1.10819,1.10689,1.10704,12839
1567094400,1.10706,1.10931,1.10499,1.10529,16856
1567108800,1.10529,1.10584,1.10419,1.10562,7706
1567123200,1.10562,1.10604,1.10516,1.10538,3313
1567137600,1.10537,1.1054,1.10422,1.10447,3732
1567152000,1.10446,1.10516,1.1033,1.10378,12876
1567166400,1.10378,1.10458,1.10339,1.10381,11495
1567180800,1.10381,1.10494,1.09846,1.09874,17488
1567195200,1.09874,1.09944,1.09631,1.09867,10192
1567382400,1.09893,1.09965,1.09821,1.09875,4375
1567396800,1.09875,1.09931,1.09845,1.09878,3984
1567411200,1.09878,1.09924,1.09698,1.09726,8686
1567425600,1.09727,1.09752,1.09578,1.09655,9740
1567440000,1.09656,1.09755,1.09601,1.09733,5744
1567454400,1.09735,1.09743,1.0962,1.0966,3811
1567468800,1.0966,1.09718,1.09513,1.09536,3817
1567483200,1.09536,1.09537,1.09307,1.09406,6540
1567497600,1.09404,1.09513,1.09327,1.0949,15202
1567512000,1.09489,1.09489,1.09259,1.09398,13355
1567526400,1.09398,1.09788,1.09284,1.097,18159
1567540800,1.097,1.09754,1.09647,1.09726,4864
1567555200,1.09726,1.09793,1.09683,1.09741,3493
1567569600,1.09741,1.0979700000000001,1.09722,1.09748,4379
1567584000,1.09747,1.10128,1.09728,1.1007,12715
1567598400,1.1007,1.10233,1.10033,1.10163,12681
1567612800,1.10164,1.10329,1.10098,1.1025800000000001,13303
1567627200,1.1025800000000001,1.10384,1.1022,1.10344,7399
1567641600,1.10352,1.10374,1.10306,1.10341,2572
1567656000,1.10342,1.10391,1.10244,1.10267,6574
1567670400,1.1026799999999999,1.10443,1.10166,1.10374,11826
1567684800,1.10374,1.10671,1.10354,1.10596,15127
1567699200,1.10597,1.10847,1.10351,1.10409,16910
1567713600,1.1041,1.10432,1.1032,1.10341,4289
1567728000,1.10338,1.10384,1.10296,1.10301,3048
1567742400,1.10301,1.10381,1.10299,1.10376,3084
1567756800,1.10375,1.10514,1.1036,1.10368,11268
1567771200,1.10371,1.10465,1.10201,1.10399,16115
1567785600,1.104,1.10571,1.10269,1.1035,15255
1567800000,1.1035,1.10393,1.10232,1.10246,7125
1567987200,1.10248,1.10274,1.10154,1.10174,3677
1568001600,1.10175,1.10294,1.10154,1.10272,4458
1568016000,1.10272,1.10369,1.10224,1.10336,11102
1568030400,1.10336,1.1059,1.1021,1.10432,16438
1568044800,1.10433,1.1068,1.1042,1.10596,16714
1568059200,1.10596,1.10603,1.10447,1.10461,4979
1568073600,1.10456,1.10525,1.10425,1.10428,5894
1568088000,1.10428,1.10471,1.10403,1.10427,4092
1568102400,1.10428,1.10595,1.10364,1.10383,12333
1568116800,1.10383,1.10468,1.10325,1.10399,12170
1568131200,1.10399,1.10519,1.10305,1.10409,16783
1568145600,1.10409,1.1048499999999999,1.1036,1.1042399999999999,6501
1568160000,1.10432,1.10551,1.10355,1.10468,5749
1568174400,1.10468,1.10554,1.10436,1.10526,3996
1568188800,1.10525,1.10534,1.1023,1.10255,9898
1568203200,1.10256,1.10276,1.09965,1.10007,14093
1568217600,1.10006,1.10082,1.09851,1.10071,13584
1568232000,1.1007,1.10139,1.10044,1.101,5128
1568246400,1.10094,1.10141,1.10073,1.10106,3860
1568260800,1.10106,1.10151,1.1008499999999999,1.10139,3625
1568275200,1.10138,1.10324,1.10054,1.1026799999999999,11117
1568289600,1.1026799999999999,1.10693,1.09266,1.09458,43402
1568304000,1.09458,1.10794,1.09401,1.10677,55435
1568318400,1.10677,1.10871,1.10615,1.10634,9790
1568332800,1.10638,1.1066799999999999,1.10553,1.10641,4161
1568347200,1.1064,1.10731,1.10627,1.10693,3373
1568361600,1.10693,1.1109499999999999,1.10677,1.10921,24369
1568376000,1.10923,1.11065,1.10791,1.10875,18907
1568390400,1.10874,1.10882,1.10609,1.10759,18582
1568404800,1.10758,1.10798,1.10666,1.1072,8215
1568592000,1.10721,1.10863,1.1068500000000001,1.10756,6766
1568606400,1.10757,1.10795,1.107,1.10731,4489
1568620800,1.1073,1.10821,1.1058,1.10593,13767
1568635200,1.10592,1.10693,1.10248,1.10267,17569
1568649600,1.10266,1.1027,1.09931,1.10025,19154
1568664000,1.1002399999999999,1.10112,1.09941,1.10037,9106
1568678400,1.10032,1.10116,1.09964,1.10089,11094
1568692800,1.10089,1.10135,1.1001,1.10128,6670
1568707200,1.10127,1.10226,1.09901,1.10143,17805
1568721600,1.10143,1.10322,1.10066,1.10267,16683
1568736000,1.10267,1.10712,1.10206,1.10694,29218
1568750400,1.10694,1.10745,1.10648,1.10719,7692
1568764800,1.10707,1.10756,1.10682,1.10699,3573
1568779200,1.10699,1.10717,1.10642,1.10642,3716
1568793600,1.10643,1.10686,1.10408,1.10417,13812
1568808000,1.10416,1.10575,1.10365,1.1056300000000001,14070
1568822400,1.1056300000000001,1.10683,1.10511,1.10631,14440
1568836800,1.10632,1.10677,1.1013600000000001,1.10291,31958
1568851200,1.10294,1.10352,1.10228,1.10253,4566
1568865600,1.10253,1.10396,1.10241,1.1039,8926
1568880000,1.1039,1.10645,1.10349,1.10587,19595
1568894400,1.10587,1.10734,1.10559,1.10669,18929
1568908800,1.10669,1.10698,1.10384,1.10454,16666
1568923200,1.10454,1.10618,1.10396,1.10401,11429
1568937600,1.10403,1.10518,1.10395,1.10504,4350
1568952000,1.10504,1.10596,1.10501,1.10581,4607
1568966400,1.10581,1.10676,1.10459,1.10473,13400
1568980800,1.10474,1.10541,1.10188,1.10256,14256
1568995200,1.10256,1.10262,1.09962,1.10073,19790
1569009600,1.10074,1.10218,1.10055,1.10186,14070
1569196800,1.1013600000000001,1.10198,1.10073,1.10169,3745
1569211200,1.10169,1.1025,1.10158,1.10226,4375
1569225600,1.10226,1.10253,1.09659,1.09774,21414
1569240000,1.09774,1.09957,1.09664,1.09863,17131
1569254400,1.09863,1.09998,1.09795,1.09872,16554
1569268800,1.09871,1.0998,1.09857,1.09927,6585
1569283200,1.09931,1.09978,1.09892,1.09914,3504
1569297600,1.09914,1.09935,1.09866,1.099,4448
1569312000,1.099,1.09961,1.09837,1.09939,12964
1569326400,1.09939,1.10086,1.0987,1.10065,13400
1569340800,1.10065,1.10187,1.09939,1.10142,21093
1569355200,1.10144,1.1024,1.09984,1.10199,15671
1569369600,1.10208,1.10229,1.10066,1.10073,6465
1569384000,1.10074,1.10097,1.09954,1.09956,7321
1569398400,1.09957,1.10029,1.09924,1.10016,12057
1569412800,1.10016,1.1005,1.09771,1.09863,10253
1569427200,1.09861,1.09883,1.09396,1.0943100000000001,16693
1569441600,1.0943100000000001,1.09487,1.09374,1.0942,6605
1569456000,1.0941,1.09549,1.09408,1.09516,4838
1569470400,1.09515,1.0965,1.09513,1.0962,4840
1569484800,1.09619,1.0962,1.09329,1.09393,11626
1569499200,1.09393,1.09557,1.09224,1.09473,20037
1569513600,1.09473,1.09673,1.09217,1.09254,22943
1569528000,1.09255,1.09336,1.09086,1.09195,10046
1569542400,1.0919,1.0923,1.09044,1.09162,4683
1569556800,1.09162,1.09256,1.09116,1.09215,4683
1569571200,1.09216,1.09286,1.09067,1.09235,13054
1569585600,1.09234,1.09486,1.092,1.09371,13434
1569600000,1.0937000000000001,1.09586,1.09264,1.0944,21351
1569614400,1.0944,1.09477,1.09379,1.09408,7317
1569801600,1.09407,1.0946,1.09355,1.09366,3248
1569816000,1.09366,1.09372,1.09298,1.09362,3603
1569830400,1.09363,1.09478,1.09306,1.09334,10279
1569844800,1.09334,1.09344,1.08847,1.08985,15961
1569859200,1.08984,1.09141,1.08911,1.0903,17898
1569873600,1.0903,1.09059,1.08932,1.0899,6046
1569888000,1.08964,1.09007,1.08948,1.08961,2829
1569902400,1.08962,1.08971,1.08856,1.0890900000000001,4726
1569916800,1.0891,1.08955,1.0879,1.08934,14471
1569931200,1.08932,1.09078,1.0889199999999999,1.08955,14655
1569945600,1.08955,1.09428,1.08843,1.09377,33482
1569960000,1.09378,1.094,1.09249,1.09317,9463
1569974400,1.0930900000000001,1.09414,1.09272,1.09389,5968
1569988800,1.09389,1.094,1.09314,1.09333,4452
1570003200,1.09334,1.09369,1.0904,1.09052,13917
1570017600,1.09052,1.09348,1.09044,1.09306,17801
1570032000,1.09307,1.09591,1.09291,1.09581,20460
1570046400,1.0958,1.09636,1.09547,1.0959,7993
1570060800,1.09619,1.09648,1.09584,1.09603,3239
1570075200,1.09604,1.09615,1.09548,1.0958,3678
1570089600,1.09581,1.0973600000000001,1.09407,1.09631,15823
1570104000,1.09633,1.09704,1.09448,1.09618,18068
1570118400,1.09617,1.09992,1.09524,1.09827,31514
1570132800,1.09826,1.09869,1.09632,1.09633,9369
1570147200,1.0963,1.0979,1.09629,1.0979,4366
1570161600,1.09789,1.09837,1.09705,1.09706,3971
1570176000,1.09706,1.09782,1.09642,1.09735,10723
1570190400,1.09734,1.09981,1.09569,1.09646,24086
1570204800,1.09645,1.09868,1.09589,1.09839,22908
1570219200,1.09839,1.09857,1.09723,1.09775,7964
1570406400,1.09807,1.09879,1.09723,1.09878,3596
1570420800,1.09877,1.09899,1.09778,1.09798,3877
1570435200,1.09798,1.09838,1.09617,1.0964,12412
1570449600,1.09639,1.09981,1.09633,1.09977,13756
1570464000,1.09978,1.10006,1.09782,1.09826,14250
1570478400,1.09826,1.09847,1.09689,1.09701,10041
1570492800,1.09693,1.09742,1.09645,1.09687,2895
1570507200,1.09687,1.09782,1.09661,1.09762,4861
1570521600,1.09762,1.09917,1.09735,1.09905,14582
1570536000,1.09904,1.09959,1.09824,1.09843,19584
1570550400,1.09844,1.09865,1.09449,1.09526,22194
1570564800,1.09525,1.09624,1.09408,1.09555,18291
1570579200,1.09549,1.09611,1.09495,1.09577,4010
1570593600,1.09576,1.09655,1.09574,1.09621,3343
1570608000,1.09622,1.09898,1.09555,1.09839,15820
1570622400,1.09839,1.099,1.09715,1.09748,16910
1570636800,1.0975,1.09836,1.09701,1.09729,14346
1570651200,1.0973,1.09818,1.09677,1.09706,8516
1570665600,1.09703,1.09895,1.09689,1.09816,8081
1570680000,1.09815,1.09933,1.09796,1.0986,7696
1570694400,1.0986,1.10195,1.09831,1.10173,17868
1570708800,1.10173,1.10338,1.10134,1.10231,20743
1570723200,1.10231,1.10278,1.1002,1.10163,27715
1570737600,1.10162,1.10222,1.10028,1.10054,10061
1570752000,1.10049,1.10137,1.10039,1.10058,4606
1570766400,1.10059,1.10195,1.10058,1.10159,4450
1570780800,1.10158,1.10226,1.10006,1.10094,16785
1570795200,1.10094,1.1062400000000001,1.10072,1.10456,31165
1570809600,1.10456,1.10626,1.10254,1.10504,32520
1570824000,1.10503,1.10515,1.10324,1.10349,11326
1571011200,1.10333,1.10385,1.1024,1.10278,4240
1571025600,1.10278,1.10353,1.10244,1.10309,4164
1571040000,1.10309,1.10334,1.10124,1.10297,13754
1571054400,1.10295,1.10427,1.10241,1.10243,12029
1571068800,1.10242,1.10306,1.10175,1.10294,13245
1571083200,1.10294,1.10325,1.10227,1.1025800000000001,3682
1571097600,1.10255,1.10291,1.10214,1.10253,5874
1571112000,1.10254,1.10332,1.10248,1.10284,4431
1571126400,1.10285,1.1046,1.10126,1.10261,20438
1571140800,1.1026,1.10265,1.0995,1.10051,21315
1571155200,1.10051,1.10445,1.09912,1.10226,36025
1571169600,1.10227,1.10379,1.10168,1.10317,6857
1571184000,1.10282,1.10354,1.10265,1.10317,4039
1571198400,1.10316,1.10322,1.10236,1.10301,4446
1571212800,1.10301,1.10598,1.10291,1.1036,24630
1571227200,1.10359,1.10487,1.10223,1.10397,31527
1571241600,1.10397,1.10855,1.10387,1.10808,24055
1571256000,1.10809,1.10811,1.10645,1.10718,7248
1571270400,1.10709,1.10846,1.10709,1.10824,3427
1571284800,1.10825,1.10842,1.10745,1.10756,3653
1571299200,1.10755,1.10927,1.1065,1.10896,15337
1571313600,1.10897,1.11398,1.10896,1.11171,40315
1571328000,1.11171,1.11322,1.11102,1.1126,18391
1571342400,1.1126,1.11287,1.11202,1.1124,4958
1571356800,1.11234,1.11287,1.11227,1.11281,4066
1571371200,1.11281,1.11308,1.1121,1.11216,4746
1571385600,1.11217,1.11313,1.1114600000000001,1.11276,11322
1571400000,1.11275,1.115,1.11245,1.11473,12709
1571414400,1.11473,1.11594,1.1135,1.11581,17911
1571428800,1.11581,1.11712,1.11561,1.117,8240
1571616000,1.11606,1.11632,1.11488,1.11619,6128
1571630400,1.1162,1.11621,1.11541,1.11573,3590
1571644800,1.11573,1.11793,1.1149499999999999,1.11666,12928
1571659200,1.11665,1.11736,1.11599,1.11608,10521
1571673600,1.11608,1.11627,1.11384,1.11514,14935
1571688000,1.11514,1.11534,1.11448,1.11496,5672
1571702400,1.11491,1.11541,1.11445,1.11539,2965
1571716800,1.11539,1.11567,1.11473,1.11526,2723
1571731200,1.11527,1.11567,1.11331,1.11409,10627
1571745600,1.1141,1.11481,1.11229,1.11266,13879
1571760000,1.11267,1.11458,1.1125099999999999,1.11405,13731
1571774400,1.11404,1.11539,1.11176,1.11242,15591
1571788800,1.11247,1.1131199999999999,1.11229,1.11259,4185
1571803200,1.11259,1.11267,1.11157,1.11205,3856
1571817600,1.11206,1.11286,1.11177,1.1118,11864
1571832000,1.11181,1.1125,1.1106,1.11225,11627
1571846400,1.11225,1.11244,1.11116,1.1120700000000001,10596
1571860800,1.11208,1.11402,1.11187,1.11299,5778
1571875200,1.11303,1.11332,1.11289,1.11315,2586
1571889600,1.11315,1.11418,1.11314,1.11342,3986
1571904000,1.11343,1.11627,1.11239,1.11321,18471
1571918400,1.11321,1.11535,1.112,1.11492,14396
1571932800,1.11493,1.11516,1.1093,1.11066,21516
1571947200,1.11066,1.1111,1.10993,1.11044,5593
1571961600,1.11033,1.11066,1.11006,1.11015,3102
1571976000,1.11016,1.11051,1.11005,1.1102,2571
1571990400,1.1102,1.11226,1.11009,1.1120700000000001,9945
1572004800,1.11206,1.11229,1.10956,1.10997,9460
1572019200,1.10997,1.11051,1.10733,1.10735,13489
1572033600,1.10735,1.10825,1.10728,1.10785,4763
1572220800,1.10791,1.10842,1.1077,1.10782,2201
1572235200,1.10781,1.10877,1.1076,1.10877,2526
1572249600,1.10877,1.10969,1.10855,1.10914,10220
1572264000,1.10914,1.11065,1.10842,1.10941,10413
1572278400,1.10941,1.11029,1.10862,1.11021,9709
1572292800,1.11021,1.11031,1.10959,1.10993,4195
1572307200,1.10992,1.11006,1.10913,1.10942,3220
1572321600,1.10941,1.11023,1.10923,1.10941,3326
1572336000,1.1094,1.10944,1.1077,1.10773,9574
1572350400,1.10773,1.10983,1.10734,1.10966,13239
1572364800,1.10966,1.11184,1.1095,1.1108,15301
1572379200,1.11079,1.11147,1.11048,1.11116,4075
1572393600,1.11117,1.1114,1.11064,1.111,3544
1572408000,1.11099,1.11124,1.11063,1.11097,2192
1572422400,1.11097,1.11233,1.11096,1.11116,11018
1572436800,1.11116,1.11269,1.1102,1.11075,16428
1572451200,1.11076,1.11255,1.11056,1.11158,14134
1572465600,1.11159,1.11531,1.10798,1.11515,21098
1572480000,1.11529,1.11697,1.11518,1.11662,5517
1572494400,1.11662,1.11704,1.11605,1.11612,4163
1572508800,1.11611,1.11756,1.11572,1.11633,16462
1572523200,1.11633,1.11747,1.11416,1.11482,19220
1572537600,1.11483,1.11587,1.11313,1.11458,17823
1572552000,1.11457,1.1154,1.11403,1.11516,5222
1572566400,1.1151200000000001,1.11665,1.11485,1.11653,3634
1572580800,1.11653,1.11663,1.11608,1.11639,3176
1572595200,1.1164,1.11686,1.11477,1.11494,7756
1572609600,1.1149499999999999,1.11577,1.1128,1.11469,15270
1572624000,1.11477,1.11717,1.11477,1.1161699999999999,16116
1572638400,1.11618,1.11698,1.1158,1.1158,4356
1572825600,1.1169,1.1169,1.11595,1.1167,2720
1572840000,1.11671,1.11736,1.11651,1.11676,2677
1572854400,1.11676,1.11752,1.11491,1.11649,11510
1572868800,1.11649,1.11702,1.11521,1.11559,9843
1572883200,1.11559,1.11569,1.11399,1.11411,9974
1572897600,1.11411,1.11427,1.11246,1.11282,5212
1572912000,1.11271,1.11311,1.11212,1.11253,5978
1572926400,1.11255,1.11282,1.11124,1.11279,4132
1572940800,1.11278,1.114,1.11241,1.11291,11438
1572955200,1.11293,1.11313,1.10951,1.10991,14391
1572969600,1.10992,1.10996,1.10638,1.10676,18122
1572984000,1.10676,1.10752,1.10634,1.10735,6696
1572998400,1.1074,1.10757,1.10665,1.10752,4407
1573012800,1.10751,1.10798,1.10696,1.10758,3573
1573027200,1.10758,1.10927,1.1072,1.10911,10816
1573041600,1.10913,1.10922,1.10769,1.10878,9517
1573056000,1.10879,1.10884,1.10646,1.10659,13438
1573070400,1.10659,1.10733,1.10649,1.10664,6143
1573084800,1.10664,1.10719,1.10633,1.10644,4518
1573099200,1.10644,1.10655,1.10548,1.1060699999999999,4279
1573113600,1.10606,1.10837,1.10579,1.10776,16651
1573128000,1.10777,1.10916,1.10652,1.10671,17429
1573142400,1.1067,1.10693,1.10358,1.10407,18486
1573156800,1.10406,1.10536,1.10382,1.10499,9336
1573171200,1.10492,1.10532,1.10456,1.10515,5090
1573185600,1.10515,1.10543,1.10467,1.10522,3273
1573200000,1.10522,1.10553,1.10379,1.10383,10326
1573214400,1.10383,1.10478,1.1025800000000001,1.10304,12570
1573228800,1.10304,1.10328,1.10166,1.10198,12791
1573243200,1.10199,1.10244,1.10182,1.10193,3731
1573430400,1.1022,1.10236,1.10163,1.10182,3012
1573444800,1.10182,1.10254,1.10169,1.10251,2742
1573459200,1.10253,1.10332,1.10208,1.10295,8305
1573473600,1.10295,1.10429,1.10255,1.10383,9088
1573488000,1.10382,1.10413,1.10307,1.10388,8313
1573502400,1.10387,1.10392,1.10311,1.10329,3327
1573516800,1.10321,1.10378,1.10279,1.10281,3910
1573531200,1.10281,1.1036,1.10263,1.10347,3398
1573545600,1.10347,1.10385,1.10187,1.10324,9923
1573560000,1.10323,1.10366,1.10109,1.10201,9810
1573574400,1.10202,1.10226,1.1002399999999999,1.10106,13829
1573588800,1.10106,1.10147,1.1005,1.10087,7430
1573603200,1.10056,1.10141,1.10056,1.10104,7183
1573617600,1.10103,1.1016,1.10081,1.1015,4231
1573632000,1.1015,1.10184,1.0999,1.10149,10914
1573646400,1.1015,1.10202,1.09996,1.1007500000000001,13185
1573660800,1.10074,1.10155,1.09953,1.0999,14081
1573675200,1.09989,1.1009,1.0998,1.10068,7779
1573689600,1.10055,1.10109,1.10022,1.1004,5459
1573704000,1.10039,1.10056,1.09949,1.09984,5131
1573718400,1.09984,1.10156,1.09939,1.10009,12838
1573732800,1.10009,1.10041,1.0989,1.09983,10136
1573747200,1.09984,1.10206,1.09925,1.10177,13543
1573761600,1.10177,1.10274,1.10155,1.10205,6023
1573776000,1.10201,1.10269,1.10184,1.1025,5264
1573790400,1.1025,1.10296,1.10214,1.10217,3143
1573804800,1.10218,1.10254,1.10144,1.1019,8490
1573819200,1.10191,1.10431,1.10185,1.10418,9850
1573833600,1.10419,1.10547,1.10374,1.10537,12304
1573848000,1.10537,1.10568,1.10506,1.10521,4413
1574035200,1.10489,1.10587,1.1048,1.10575,3752
1574049600,1.10575,1.10644,1.10575,1.10611,4253
1574064000,1.10611,1.10678,1.1054599999999999,1.10618,11118
1574078400,1.10617,1.1067,1.10538,1.10562,10281
1574092800,1.1056300000000001,1.10899,1.10553,1.10814,11944
1574107200,1.10815,1.1083,1.10711,1.1072,4917
1574121600,1.10711,1.10741,1.10625,1.10695,4135
1574136000,1.10695,1.10785,1.1069,1.10751,3228
1574150400,1.10752,1.10814,1.10644,1.10682,9297
1574164800,1.10682,1.10814,1.10654,1.10775,8032
1574179200,1.10772,1.10838,1.10719,1.10803,11234
1574193600,1.10802,1.10828,1.10757,1.10778,4516
1574208000,1.10767,1.10799,1.10703,1.10723,6835
1574222400,1.10722,1.10772,1.10699,1.1074,3756
1574236800,1.1074,1.10741,1.10556,1.10636,10285
1574251200,1.10635,1.10688,1.10528,1.10638,9073
1574265600,1.10637,1.10812,1.1058,1.10666,15730
1574280000,1.10666,1.10748,1.10627,1.10721,10066
1574294400,1.10723,1.10793,1.10719,1.10771,5046
1574308800,1.10771,1.10787,1.10739,1.10757,4787
1574323200,1.10757,1.10888,1.10705,1.10863,10638
1574337600,1.10862,1.10969,1.10753,1.10758,11843
1574352000,1.10757,1.10822,1.10605,1.10625,13100
1574366400,1.1062400000000001,1.10626,1.10521,1.10585,5201
1574380800,1.10579,1.10658,1.10534,1.1064,3616
1574395200,1.1064,1.10671,1.10617,1.1066,2034
1574409600,1.1066,1.10874,1.1047,1.1060699999999999,18447
1574424000,1.1060699999999999,1.10675,1.1051,1.1058,9869
1574438400,1.10581,1.10596,1.1022,1.10236,11203
1574452800,1.10236,1.1029,1.10143,1.10159,5726
1574640000,1.10153,1.10246,1.10153,1.10233,3999
1574654400,1.10234,1.10299,1.10184,1.10293,3750
1574668800,1.1029,1.1032,1.10102,1.10133,10335
1574683200,1.10133,1.10186,1.10054,1.10164,6513
1574697600,1.10164,1.10248,1.10033,1.10057,11818
1574712000,1.10055,1.10135,1.10044,1.10116,4426
1574726400,1.10129,1.1015,1.10066,1.10119,6086
1574740800,1.1012,1.10165,1.10088,1.10147,4208
1574755200,1.10148,1.10198,1.1011,1.10142,9207
1574769600,1.10142,1.10247,1.10135,1.10172,8272
1574784000,1.10173,1.10218,1.1007,1.10199,12760
1574798400,1.102,1.10254,1.10172,1.10218,4663
1574812800,1.1021,1.10241,1.10151,1.10161,3641
1574827200,1.10159,1.10179,1.10081,1.10094,2640
1574841600,1.10095,1.1014,1.10026,1.10091,8026
1574856000,1.10091,1.10134,1.09984,1.10021,10796
1574870400,1.10021,1.10057,1.09922,1.1,12543
1574884800,1.1,1.10073,1.09968,1.09987,5693
1574899200,1.09999,1.10108,1.09978,1.10071,5177
1574913600,1.1007,1.10081,1.1004,1.10068,2244
1574928000,1.10069,1.10178,1.10054,1.10138,7084
1574942400,1.10139,1.10152,1.10003,1.10082,7509
1574956800,1.10081,1.10099,1.1002,1.10079,4070
1574971200,1.10078,1.10108,1.1006,1.10063,6321
1574985600,1.10079,1.10123,1.10079,1.10115,2706
1575000000,1.10114,1.10126,1.10089,1.10101,2643
1575014400,1.10102,1.10134,1.10019,1.10044,5908
1575028800,1.10045,1.1007,1.09811,1.09925,8374
1575043200,1.09924,1.10282,1.09899,1.10164,15457
1575057600,1.1016,1.10248,1.10153,1.10174,9932
1575244800,1.1022,1.10242,1.10151,1.10181,3711
1575259200,1.10182,1.10211,1.10166,1.1019,2695
1575273600,1.10191,1.10226,1.10109,1.10142,8713
1575288000,1.10141,1.10366,1.10029,1.10325,9984
1575302400,1.10326,1.10903,1.10325,1.10748,22455
1575316800,1.10748,1.10848,1.10701,1.10783,5524
1575331200,1.10775,1.10823,1.10713,1.10722,4090
1575345600,1.10722,1.1078000000000001,1.10712,1.10731,3051
1575360000,1.10732,1.10867,1.1072,1.10836,8490
1575374400,1.10836,1.1086,1.10659,1.10724,12817
1575388800,1.10723,1.10934,1.10698,1.10882,15931
1575403200,1.10882,1.10906,1.1078999999999999,1.10814,4486
1575417600,1.1078999999999999,1.10842,1.10766,1.10791,5023
1575432000,1.10792,1.10811,1.10736,1.10752,3232
1575446400,1.10751,1.10878,1.10666,1.10724,12865
1575460800,1.10724,1.11077,1.10672,1.11071,13342
1575475200,1.1107,1.11161,1.10681,1.10777,18590
1575489600,1.10777,1.10804,1.10671,1.10772,4891
1575504000,1.10788,1.10853,1.10773,1.1084,3900
1575518400,1.1084,1.10867,1.1081,1.10831,2449
1575532800,1.10831,1.1093,1.10792,1.1092,8008
1575547200,1.10921,1.11007,1.10844,1.10927,9299
1575561600,1.10926,1.11079,1.10903,1.11045,11432
1575576000,1.11046,1.11079,1.1096,1.11039,5533
1575590400,1.11044,1.1107,1.11029,1.11065,2704
1575604800,1.11065,1.11089,1.11059,1.11063,2177
1575619200,1.11062,1.11096,1.10951,1.10965,6355
1575633600,1.10964,1.11013,1.1068500000000001,1.1078000000000001,13956
1575648000,1.1078000000000001,1.1078999999999999,1.10397,1.10548,14285
1575662400,1.10548,1.10623,1.10503,1.10603,4692
1575849600,1.1056300000000001,1.10604,1.10541,1.10571,3298
1575864000,1.10571,1.10597,1.10532,1.10588,2053
1575878400,1.10588,1.10691,1.10583,1.10653,6395
1575892800,1.10652,1.10779,1.10609,1.10751,6603
1575907200,1.10751,1.10767,1.10549,1.10566,7880
1575921600,1.10566,1.10657,1.10553,1.10638,2843
1575936000,1.10629,1.10682,1.10626,1.10676,2793
1575950400,1.10676,1.10708,1.10655,1.10669,2452
1575964800,1.10669,1.1078000000000001,1.1065,1.10768,6085
1575979200,1.10769,1.10845,1.10697,1.10784,8927
1575993600,1.10785,1.10965,1.10739,1.10864,13076
1576008000,1.10864,1.10975,1.10845,1.10931,4855
1576022400,1.10897,1.10958,1.10881,1.10952,4879
1576036800,1.10951,1.10954,1.1088,1.10892,2198
1576051200,1.10892,1.109,1.10793,1.10836,7668
1576065600,1.10835,1.10905,1.10702,1.10853,9603
1576080000,1.10853,1.10975,1.10829,1.10923,10692
1576094400,1.10924,1.11447,1.10878,1.11296,17372
1576108800,1.1128,1.11401,1.1128,1.11397,3668
1576123200,1.11398,1.11441,1.11372,1.11398,2857
1576137600,1.11397,1.11416,1.11247,1.11275,7562
1576152000,1.11275,1.11542,1.11266,1.11384,16297
1576166400,1.11385,1.11483,1.11079,1.11101,25480
1576180800,1.11101,1.11348,1.11029,1.11309,14744
1576195200,1.11669,1.11995,1.11589,1.11767,24693
1576209600,1.11767,1.11811,1.117,1.11745,7150
1576224000,1.11744,1.11818,1.11628,1.11801,20569
1576238400,1.11802,1.1186,1.11664,1.11696,15641
1576252800,1.11696,1.11728,1.1112,1.11155,37597
1576267200,1.11155,1.11226,1.11118,1.11172,6809
1576454400,1.11272,1.11305,1.11225,1.11279,5207
1576468800,1.1128,1.11365,1.1128,1.11348,2987
1576483200,1.11348,1.11505,1.1126,1.11346,13806
1576497600,1.11347,1.11546,1.11334,1.11534,8864
1576512000,1.11534,1.11581,1.11349,1.11427,9285
1576526400,1.11427,1.1148,1.11411,1.11437,3974
1576540800,1.11424,1.11474,1.1134,1.11391,5750
1576555200,1.11391,1.11492,1.1139000000000001,1.11472,2790
1576569600,1.11473,1.11519,1.11292,1.11498,11733
1576584000,1.11498,1.11746,1.11444,1.1146,14585
1576598400,1.1146,1.11578,1.11457,1.11516,11549
1576612800,1.11516,1.11537,1.11456,1.11504,3390
1576627200,1.1149,1.11541,1.11388,1.11407,4102
1576641600,1.11408,1.11421,1.11292,1.11349,3996
1576656000,1.11349,1.11426,1.11262,1.1132900000000001,9272
1576670400,1.1133,1.11365,1.11103,1.11172,9065
1576684800,1.11172,1.11341,1.11113,1.1118,10219
1576699200,1.1118,1.11204,1.11125,1.1113,3719
1576713600,1.11114,1.11247,1.11114,1.11234,3726
1576728000,1.11234,1.11324,1.11228,1.11266,2438
1576742400,1.11267,1.11391,1.11242,1.11364,6892
1576756800,1.11363,1.11442,1.11098,1.11149,12390
1576771200,1.11149,1.11305,1.11072,1.11249,12468
1576785600,1.1125,1.11293,1.11172,1.11199,3585
1576800000,1.11197,1.11246,1.11158,1.11183,3422
1576814400,1.11183,1.11201,1.11135,1.11194,2566
1576828800,1.11194,1.11235,1.11147,1.1120700000000001,7076
1576843200,1.1120700000000001,1.1122,1.10859,1.1091199999999999,10581
1576857600,1.10911,1.10916,1.10675,1.10683,9056
1576872000,1.10684,1.10785,1.10662,1.10753,4167
1577059200,1.10768,1.10811,1.10728,1.10783,3824
1577073600,1.10783,1.10831,1.10746,1.1082,2427
1577088000,1.1082,1.10886,1.10802,1.10834,7049
1577102400,1.10834,1.10881,1.10698,1.108,9089
1577116800,1.108,1.10958,1.10765,1.10908,8673
1577131200,1.10908,1.10946,1.10869,1.10891,3344
1577145600,1.10882,1.10938,1.10868,1.10877,3743
1577160000,1.10878,1.10896,1.1085099999999999,1.10894,2585
1577174400,1.10893,1.10897,1.10749,1.10749,7108
1577188800,1.10749,1.1085099999999999,1.10689,1.10782,6792
1577203200,1.10781,1.10933,1.10774,1.10845,4443
1577347200,1.1090200000000001,1.1096300000000001,1.109,1.10915,2013
1577361600,1.10916,1.10999,1.10821,1.1098,4583
1577376000,1.10979,1.11049,1.10898,1.11025,4482
1577390400,1.11025,1.11087,1.10952,1.10962,3533
1577404800,1.10949,1.11097,1.10941,1.11091,6418
1577419200,1.11091,1.1122,1.11081,1.11206,4447
1577433600,1.11206,1.11417,1.11174,1.11385,11304
1577448000,1.11386,1.11592,1.11364,1.11533,10465
1577462400,1.11534,1.11842,1.11518,1.11835,10556
1577476800,1.11835,1.11881,1.11706,1.11753,5631
1577664000,1.11718,1.11951,1.11711,1.11945,4509
1577678400,1.11945,1.12107,1.11914,1.12026,4804
1577692800,1.12026,1.12057,1.11898,1.11992,9928
1577707200,1.11992,1.12023,1.11814,1.11948,9561
1577721600,1.11947,1.12207,1.11884,1.12105,13531
1577736000,1.12104,1.12121,1.11963,1.11989,4305
1577750400,1.11969,1.12136,1.11969,1.12125,3743
1577764800,1.12126,1.12145,1.11986,1.12068,3435
1577779200,1.12068,1.12173,1.12028,1.12135,6779
1577793600,1.12135,1.12389,1.12085,1.12378,9584
1577808000,1.1238,1.12391,1.12161,1.12288,16635
1577822400,1.12288,1.12288,1.12259,1.1226,77
1577952000,1.12098,1.1214,1.1201,1.1203,4801
1577966400,1.12031,1.12038,1.11829,1.11963,8911
1577980800,1.11962,1.1203,1.11634,1.11698,16151
1577995200,1.11698,1.11735,1.11636,1.11722,6014
1578009600,1.11699,1.11783,1.11683,1.11735,2932
1578024000,1.11735,1.11773,1.11642,1.11662,6364
1578038400,1.11661,1.11715,1.11399,1.114,11822
1578052800,1.11401,1.11487,1.11248,1.11381,11232
1578067200,1.1138,1.11798,1.11352,1.1172,14220
1578081600,1.1172,1.11731,1.11515,1.11557,6959
1578268800,1.11643,1.11683,1.11588,1.11627,5438
1578283200,1.11627,1.11709,1.11604,1.11622,3597
1578297600,1.11623,1.11935,1.1157,1.11932,9653
1578312000,1.11932,1.12054,1.11897,1.11975,9144
1578326400,1.11976,1.12001,1.11808,1.11949,9555
1578340800,1.11949,1.11989,1.11878,1.11966,3936
1578355200,1.1196,1.1197300000000001,1.1189,1.11933,3399
1578369600,1.11932,1.11942,1.11827,1.11829,2648
1578384000,1.1183,1.11897,1.11724,1.11844,10808
1578398400,1.11845,1.1186,1.11547,1.11561,10351
1578412800,1.11558,1.11621,1.11334,1.11424,11188
1578427200,1.11423,1.11521,1.11413,1.11517,4088
1578441600,1.11481,1.1168,1.11437,1.11555,13407
1578456000,1.1155599999999999,1.11613,1.1145,1.11491,7458
1578470400,1.11491,1.11548,1.11252,1.11384,12792
1578484800,1.11383,1.11384,1.1111,1.11199,11113
1578499200,1.11198,1.11307,1.11088,1.11179,12748
1578513600,1.11179,1.11179,1.11014,1.11032,5166
1578528000,1.11031,1.11192,1.11031,1.11172,3918
1578542400,1.11172,1.11188,1.11125,1.11182,2204
1578556800,1.11182,1.11203,1.10984,1.10992,9564
1578571200,1.10991,1.11173,1.10965,1.11148,8162
1578585600,1.11148,1.11148,1.10923,1.11045,8253
1578600000,1.11046,1.11098,1.11033,1.11062,3327
1578614400,1.11021,1.11093,1.1102,1.11041,2607
1578628800,1.11042,1.1111,1.11035,1.11088,2125
1578643200,1.11089,1.1111,1.1091,1.10962,6249
1578657600,1.10962,1.11135,1.1085,1.10966,9548
1578672000,1.10966,1.1129,1.10861,1.11223,11138
1578686400,1.11222,1.11231,1.11162,1.11164,2794
1578873600,1.11166,1.11213,1.11122,1.11212,2184
1578888000,1.11211,1.11317,1.11199,1.11296,2148
1578902400,1.11295,1.1136,1.1114600000000001,1.1115,7432
1578916800,1.1115,1.11283,1.11125,1.11186,6428
1578931200,1.11186,1.11468,1.11175,1.11397,8030
1578945600,1.11398,1.11447,1.1132900000000001,1.11349,2842
1578960000,1.11295,1.11421,1.11295,1.1137,3681
1578974400,1.1137,1.11388,1.11352,1.11369,2467
1578988800,1.11367,1.11444,1.11303,1.11313,7102
1579003200,1.11313,1.11352,1.11049,1.11101,9787
1579017600,1.11101,1.11327,1.11042,1.1131,9277
1579032000,1.1131,1.11347,1.11244,1.11261,3943
1579046400,1.11245,1.1131,1.11245,1.11295,2148
1579060800,1.11296,1.11345,1.11269,1.11338,2304
1579075200,1.11338,1.11367,1.11183,1.11282,6296
1579089600,1.11281,1.11548,1.11249,1.1149,8676
1579104000,1.1149,1.11633,1.11431,1.11573,9037
1579118400,1.11573,1.11595,1.1148,1.11494,3155
1579132800,1.11491,1.1158,1.11488,1.11535,3746
1579147200,1.11536,1.11548,1.11496,1.11497,1979
1579161600,1.11497,1.11636,1.11444,1.11532,7182
1579176000,1.11532,1.11725,1.11499,1.11513,8797
1579190400,1.1151200000000001,1.11602,1.11278,1.11345,11272
1579204800,1.11345,1.1138,1.11316,1.11355,2928
1579219200,1.11337,1.11392,1.11337,1.11369,3235
1579233600,1.11368,1.11424,1.11308,1.11364,2696
1579248000,1.11364,1.11411,1.11247,1.11274,6299
1579262400,1.11275,1.11281,1.10979,1.11003,9164
1579276800,1.11004,1.11061,1.10861,1.1091,8509
1579291200,1.10909,1.10945,1.1088,1.10881,2984
1579478400,1.10887,1.10985,1.10887,1.10961,3428
1579492800,1.10961,1.10988,1.10938,1.10978,2001
1579507200,1.10978,1.11023,1.1082,1.10895,6077
1579521600,1.10894,1.10904,1.10803,1.10834,4077
1579536000,1.10834,1.10867,1.10765,1.10833,3792
1579550400,1.10833,1.10977,1.10822,1.10934,4069
1579564800,1.10927,1.10977,1.10886,1.10904,2395
1579579200,1.10904,1.10992,1.10904,1.10951,2445
1579593600,1.10952,1.1097299999999999,1.10854,1.10903,7188
1579608000,1.10903,1.11179,1.10899,1.11135,8247
1579622400,1.11135,1.11137,1.10888,1.10916,7754
1579636800,1.10917,1.10951,1.10809,1.10817,3963
1579651200,1.1081,1.10867,1.10775,1.10817,3129
1579665600,1.10817,1.10855,1.10771,1.10843,2279
1579680000,1.10842,1.10927,1.10748,1.10907,7025
1579694400,1.10907,1.10946,1.1077,1.10896,7283
1579708800,1.10897,1.10982,1.107,1.10855,10734
1579723200,1.10856,1.1095,1.10838,1.10943,3604
1579737600,1.1091199999999999,1.10995,1.10796,1.10892,3867
1579752000,1.1089,1.1091199999999999,1.10808,1.10829,2750
1579766400,1.1083,1.10921,1.10789,1.1084100000000001,7078
1579780800,1.10842,1.1108500000000001,1.10801,1.10865,10596
1579795200,1.10866,1.1090200000000001,1.10361,1.10507,17105
1579809600,1.10508,1.10587,1.1048,1.10576,3887
1579824000,1.10513,1.10569,1.10506,1.10538,2482
1579838400,1.10537,1.10538,1.10462,1.10487,2053
1579852800,1.10487,1.10615,1.10336,1.10358,11018
1579867200,1.10358,1.10396,1.10261,1.10387,6890
1579881600,1.10388,1.10397,1.10196,1.1027,10397
1579896000,1.10271,1.10328,1.10217,1.1026799999999999,4683
1580083200,1.1026799999999999,1.10347,1.10237,1.10336,7395
1580097600,1.10336,1.10356,1.10266,1.10307,1821
1580112000,1.10308,1.10374,1.10149,1.1020699999999999,9203
1580126400,1.1020699999999999,1.10315,1.10182,1.10271,6803
1580140800,1.10271,1.1032,1.10096,1.10151,9947
1580155200,1.10152,1.10202,1.10127,1.10191,3363
1580169600,1.10172,1.10251,1.10162,1.10198,3086
1580184000,1.10198,1.1023,1.10176,1.10216,1712
1580198400,1.10217,1.10234,1.10126,1.10166,7452
1580212800,1.10166,1.10224,1.1002,1.10053,7280
1580227200,1.10053,1.10106,1.09977,1.10089,8205
1580241600,1.10087,1.10228,1.10087,1.10214,3361
1580256000,1.10219,1.10275,1.10159,1.10165,3273
1580270400,1.10164,1.10169,1.10111,1.1014599999999999,1778
1580284800,1.10148,1.10164,1.09944,1.1002,6485
1580299200,1.10021,1.1004,1.09922,1.09924,5283
1580313600,1.09924,1.10097,1.09924,1.10048,8168
1580328000,1.10048,1.1020699999999999,1.09983,1.10098,5682
1580342400,1.10066,1.1018,1.10065,1.10109,3198
1580356800,1.10111,1.10172,1.1011,1.10133,2120
1580371200,1.10133,1.10212,1.10067,1.10189,6580
1580385600,1.10188,1.10318,1.10113,1.10253,8889
1580400000,1.10253,1.1038000000000001,1.1015,1.10376,11150
1580414400,1.10375,1.10392,1.10285,1.10311,5529
1580428800,1.103,1.10352,1.10265,1.1029,2826
1580443200,1.1029,1.10331,1.10213,1.10215,2261
1580457600,1.10214,1.1034,1.10169,1.1028,6082
1580472000,1.10283,1.10556,1.10225,1.10549,9515
1580486400,1.1055,1.10903,1.10486,1.10827,14739
1580500800,1.10827,1.10955,1.10778,1.10943,7546
1580688000,1.10895,1.10929,1.10798,1.10829,5438
1580702400,1.1083,1.10847,1.108,1.10842,3214
1580716800,1.1084100000000001,1.10862,1.10589,1.10726,8737
1580731200,1.10726,1.10741,1.10582,1.1063,8142
1580745600,1.10627,1.10662,1.10354,1.10585,13270
1580760000,1.10586,1.10653,1.10569,1.10608,4999
1580774400,1.10556,1.10641,1.10556,1.106,2974
1580788800,1.10601,1.10634,1.10555,1.10583,2955
1580803200,1.10584,1.10635,1.10488,1.10556,10193
1580817600,1.10555,1.1058,1.10429,1.10443,8164
1580832000,1.10442,1.10483,1.10327,1.10371,10195
1580846400,1.10369,1.10456,1.10364,1.10443,3119
1580860800,1.10439,1.10456,1.10396,1.10402,3263
1580875200,1.10402,1.10408,1.10335,1.10377,2160
1580889600,1.10377,1.10478,1.10213,1.1025800000000001,10486
1580904000,1.10257,1.10297,1.10078,1.10122,9664
1580918400,1.10122,1.10142,1.0996299999999999,1.10009,10877
1580932800,1.1001,1.1003,1.09935,1.09985,3397
1580947200,1.09979,1.10005,1.09942,1.09981,2434
1580961600,1.09981,1.09997,1.0994,1.09997,2227
1580976000,1.09997,1.10138,1.09938,1.09988,8134
1580990400,1.09988,1.10056,1.09954,1.1001400000000001,6208
1581004800,1.1001400000000001,1.1001400000000001,1.09643,1.09749,11036
1581019200,1.09749,1.09823,1.09706,1.09806,3681
1581033600,1.09808,1.0983,1.09775,1.09829,2625
1581048000,1.09829,1.09848,1.09791,1.09806,2629
1581062400,1.09807,1.09824,1.09533,1.09542,8340
1581076800,1.09543,1.09708,1.09477,1.09581,9694
1581091200,1.0958,1.09764,1.09419,1.09427,13398
1581105600,1.09426,1.09493,1.09422,1.09435,4415
1581292800,1.09414,1.09533,1.09414,1.09505,3160
1581307200,1.09505,1.09576,1.09501,1.09554,3448
1581321600,1.09554,1.09574,1.09447,1.09497,6646
1581336000,1.09498,1.0955,1.09298,1.09326,7274
1581350400,1.09326,1.09382,1.0909200000000001,1.09103,8810
1581364800,1.09103,1.09166,1.09077,1.09105,3906
1581379200,1.09087,1.0915300000000001,1.09079,1.09139,3103
1581393600,1.09139,1.09171,1.09079,1.09124,2308
1581408000,1.09123,1.09158,1.09056,1.09137,6045
1581422400,1.0913599999999999,1.09206,1.08912,1.09036,8023
1581436800,1.09036,1.0924800000000001,1.09016,1.09218,11970
1581451200,1.09218,1.09233,1.0915300000000001,1.09156,3729
1581465600,1.09144,1.09209,1.09118,1.09183,3210
1581480000,1.09183,1.09198,1.09097,1.09107,2228
1581494400,1.09108,1.09256,1.09021,1.09204,8096
1581508800,1.09203,1.09217,1.09047,1.09051,5902
1581523200,1.09052,1.09104,1.08766,1.08788,11168
1581537600,1.08788,1.0881,1.08653,1.0873599999999999,4667
1581552000,1.08716,1.08764,1.08694,1.08729,4429
1581566400,1.08728,1.08738,1.0865,1.08716,2119
1581580800,1.08716,1.08888,1.08696,1.08829,5712
1581595200,1.0883,1.08877,1.0853,1.08548,9794
1581609600,1.08549,1.08618,1.0834,1.08424,10602
1581624000,1.08424,1.08455,1.08379,1.08388,3954
1581638400,1.08377,1.08417,1.08272,1.08362,3115
1581652800,1.08362,1.08373,1.08307,1.08371,1889
1581667200,1.0836999999999999,1.08501,1.08321,1.0845,5326
1581681600,1.08449,1.08597,1.08325,1.08551,7979
1581696000,1.08551,1.08612,1.08328,1.08434,8466
1581710400,1.08433,1.08463,1.08286,1.083,3844
1581897600,1.08405,1.08417,1.08335,1.08366,3608
1581912000,1.08366,1.08413,1.08361,1.08396,1983
1581926400,1.08396,1.08509,1.0834,1.08441,4715
1581940800,1.08442,1.0848200000000001,1.08321,1.08361,4312
1581955200,1.0836,1.08413,1.0829,1.08322,4168
1581969600,1.08322,1.08359,1.083,1.08337,3082
1581984000,1.08311,1.08378,1.08229,1.08276,3704
1581998400,1.08274,1.08339,1.08234,1.08312,1992
1582012800,1.08311,1.08373,1.08246,1.08272,6605
1582027200,1.08273,1.08369,1.07933,1.08022,9789
1582041600,1.08022,1.08258,1.07854,1.08043,10460
1582056000,1.08042,1.08043,1.07897,1.0791,3894
1582070400,1.0789900000000001,1.08037,1.0789900000000001,1.0802,3899
1582084800,1.0802100000000001,1.08029,1.07943,1.07955,2015
1582099200,1.07954,1.08079,1.07914,1.08031,5710
1582113600,1.08031,1.0806,1.07845,1.07935,7170
1582128000,1.07934,1.07988,1.07822,1.07918,10845
1582142400,1.07918,1.08117,1.07901,1.0807,5477
1582156800,1.08073,1.08152,1.07976,1.08001,4159
1582171200,1.08002,1.08022,1.07917,1.07966,3290
1582185600,1.07967,1.08061,1.07778,1.07998,8024
1582200000,1.07998,1.0805,1.07857,1.08046,9432
1582214400,1.08046,1.08211,1.07829,1.0793,14182
1582228800,1.07932,1.0796999999999999,1.07829,1.07831,4000
1582243200,1.07845,1.07937,1.07836,1.07928,3246
1582257600,1.07928,1.07948,1.07877,1.07931,2952
1582272000,1.0793,1.082,1.07896,1.08098,10796
1582286400,1.08099,1.08124,1.07953,1.08092,8810
1582300800,1.08091,1.08636,1.08012,1.08575,15901
1582315200,1.08576,1.08616,1.0846,1.08463,4672
1582502400,1.0822,1.08424,1.08218,1.08282,7128
1582516800,1.08282,1.08299,1.08148,1.0815,2626
1582531200,1.08149,1.08419,1.0805,1.08157,12261
1582545600,1.08157,1.08281,1.0813,1.08147,10566
1582560000,1.08147,1.08718,1.08141,1.08708,18216
1582574400,1.08709,1.08721,1.08412,1.08532,8810
1582588800,1.08499,1.08597,1.08442,1.08584,5101
1582603200,1.08585,1.08676,1.08508,1.08512,3127
1582617600,1.08511,1.08661,1.08476,1.08505,11098
1582632000,1.08505,1.08505,1.08301,1.0841,10527
1582646400,1.0841,1.08827,1.08319,1.08827,19269
1582660800,1.08827,1.08902,1.08719,1.08806,11585
1582675200,1.08758,1.0883099999999999,1.08673,1.08738,4519
1582689600,1.08738,1.08784,1.08625,1.0876,4595
1582704000,1.0876,1.08977,1.08655,1.0889,11952
1582718400,1.08889,1.09086,1.08562,1.08654,16635
1582732800,1.08655,1.08943,1.0855,1.0878700000000001,16166
1582747200,1.08788,1.08998,1.08747,1.08801,8937
1582761600,1.08799,1.09131,1.08732,1.09012,5301
1582776000,1.09012,1.09147,1.09011,1.0907499999999999,4447
1582790400,1.0907499999999999,1.09478,1.09056,1.09351,14360
1582804800,1.09352,1.09777,1.09328,1.09766,17873
1582819200,1.09766,1.10066,1.09628,1.09796,27296
1582833600,1.09796,1.10035,1.0977999999999999,1.09999,12351
1582848000,1.10037,1.10053,1.09859,1.0988,5730
1582862400,1.0988,1.10043,1.09822,1.10002,7218
1582876800,1.10002,1.10531,1.09914,1.10446,18220
1582891200,1.10445,1.10449,1.09685,1.09868,22324
1582905600,1.09868,1.10088,1.09509,1.1001,32302
1582920000,1.10012,1.10461,1.09903,1.10261,18211
1583107200,1.10396,1.10737,1.10362,1.10565,9796
1583121600,1.10566,1.10635,1.10418,1.10432,8734
1583136000,1.10432,1.10933,1.10384,1.10796,21953
1583150400,1.10796,1.11646,1.10773,1.11217,25922
1583164800,1.1122,1.11848,1.11078,1.11797,32605
1583179200,1.11796,1.11835,1.11236,1.11317,10943
1583193600,1.11262,1.11477,1.11202,1.11321,5878
1583208000,1.11321,1.11555,1.11286,1.11449,6836
1583222400,1.1145,1.11511,1.11001,1.11259,15845
1583236800,1.11259,1.11389,1.10951,1.11191,23516
1583251200,1.11191,1.12135,1.11155,1.11587,37090
1583265600,1.11587,1.11951,1.11584,1.11699,17554
1583280000,1.11694,1.1185100000000001,1.1162,1.11664,5658
1583294400,1.11664,1.1171,1.11552,1.11568,4530
1583308800,1.11568,1.11874,1.11432,1.11567,16552
1583323200,1.11567,1.11669,1.11096,1.11254,19105
1583337600,1.11253,1.11454,1.10954,1.11236,24803
1583352000,1.11235,1.11423,1.11233,1.11349,7223
1583366400,1.11324,1.11426,1.11305,1.11368,4794
1583380800,1.11368,1.11435,1.11339,1.11345,2745
1583395200,1.11344,1.1174,1.11196,1.11733,12233
1583409600,1.11733,1.11999,1.11564,1.11866,18150
1583424000,1.11867,1.12168,1.1167,1.12138,23616
1583438400,1.1214,1.12448,1.1192,1.12365,11781
1583452800,1.12364,1.12463,1.1211,1.12454,6248
1583467200,1.12454,1.12488,1.1226099999999999,1.12282,5310
1583481600,1.12283,1.12954,1.1219,1.12939,19501
1583496000,1.12939,1.13406,1.1293,1.13225,34703
1583510400,1.13226,1.13548,1.1287,1.13053,38298
1583524800,1.1305399999999999,1.13256,1.12858,1.1287,20232
1583712000,1.13473,1.1495,1.13397,1.14275,21654
1583726400,1.14275,1.14603,1.13709,1.13816,26019
1583740800,1.13816,1.14756,1.13654,1.13914,36284
1583755200,1.13911,1.14845,1.13754,1.14012,39869
1583769600,1.14008,1.14789,1.13994,1.14628,43263
1583784000,1.14628,1.14729,1.1427100000000001,1.14483,20121
1583798400,1.14432,1.14578,1.13717,1.14067,15645
1583812800,1.14067,1.14143,1.13318,1.13415,15242
1583827200,1.13414,1.14012,1.13375,1.1351,38035
1583841600,1.13509,1.1394199999999999,1.1335899999999999,1.13721,38148
1583856000,1.13719,1.13859,1.12962,1.13162,44579
1583870400,1.13159,1.13309,1.12747,1.12836,23372
1583884800,1.12866,1.13283,1.12866,1.13238,11292
1583899200,1.13238,1.13516,1.13158,1.13507,9400
1583913600,1.13506,1.13666,1.13014,1.13038,31207
1583928000,1.13038,1.13518,1.13037,1.1345,27928
1583942400,1.1345,1.13485,1.12573,1.12845,32978
1583956800,1.12845,1.12879,1.12498,1.12592,17014
1583971200,1.12604,1.13337,1.1254,1.1319,14564
1583985600,1.1319,1.13316,1.12854,1.12931,14487
1584000000,1.1293199999999999,1.13198,1.12372,1.1244399999999999,27270
1584014400,1.12442,1.1301700000000001,1.1197300000000001,1.12389,41858
1584028800,1.12389,1.12389,1.10549,1.11854,60395
1584043200,1.11854,1.12263,1.11596,1.11655,22768
1584057600,1.11669,1.11884,1.1152,1.11864,21533
1584072000,1.11864,1.1221,1.11763,1.12021,28782
1584086400,1.12023,1.12144,1.1161,1.11651,36485
1584100800,1.11653,1.11863,1.11031,1.11236,38737
1584115200,1.11235,1.11336,1.1055,1.10805,45787
1584129600,1.10804,1.11171,1.10572,1.1096,21636
1584316800,1.11885,1.11983,1.10848,1.11015,43021
1584331200,1.11014,1.11341,1.10882,1.11185,23206
1584345600,1.11186,1.12369,1.11167,1.11928,58868
1584360000,1.11929,1.12085,1.11099,1.1149,57093
1584374400,1.11488,1.11777,1.10943,1.11589,43883
1584388800,1.11588,1.11864,1.11511,1.1176,19429
1584403200,1.11756,1.11791,1.11582,1.11691,29539
1584417600,1.11691,1.1189,1.11652,1.11684,27864
1584432000,1.11684,1.11745,1.10916,1.10927,41892
1584446400,1.10928,1.10947,1.09731,1.0995,38279
1584460800,1.09947,1.10151,1.09546,1.09883,47242
1584475200,1.09883,1.10202,1.09799,1.10053,15766
1584489600,1.10054,1.10225,1.09848,1.10004,26213
1584504000,1.10003,1.10452,1.09988,1.10392,23486
1584518400,1.10392,1.10392,1.0955300000000001,1.09951,51733
1584532800,1.09951,1.10176,1.08947,1.09082,51039
1584547200,1.09083,1.09282,1.08017,1.08476,48207
1584561600,1.08475,1.09191,1.08199,1.09114,27708
1584576000,1.09118,1.09818,1.08858,1.09087,33219
1584590400,1.09087,1.09183,1.08773,1.09011,21222
1584604800,1.09011,1.09476,1.08131,1.08235,48769
1584619200,1.08235,1.08395,1.07258,1.08035,59746
1584633600,1.08036,1.08182,1.0655000000000001,1.06839,61737
1584648000,1.06837,1.07057,1.06539,1.0663,23495
1584662400,1.0658,1.07437,1.06526,1.07193,29759
1584676800,1.07191,1.07686,1.0708199999999999,1.07527,54505
1584691200,1.07527,1.0831,1.0714299999999999,1.0721,60763
1584705600,1.07209,1.07608,1.06775,1.06928,45815
1584720000,1.06926,1.07495,1.06531,1.06665,49627
1584734400,1.06667,1.07015,1.06376,1.06934,29059
1584921600,1.06941,1.07205,1.06356,1.07171,40643
1584936000,1.07164,1.07558,1.07114,1.07498,40549
1584950400,1.07498,1.07683,1.06739,1.06835,45058
1584964800,1.06835,1.08073,1.06662,1.07936,55486
1584979200,1.07931,1.08282,1.07235,1.07509,42906
1584993600,1.0751,1.07541,1.07198,1.07251,19161
1585008000,1.07229,1.08226,1.07229,1.07935,28601
1585022400,1.07936,1.08179,1.07755,1.07789,30653
1585036800,1.07786,1.08659,1.07773,1.08536,43455
1585051200,1.08538,1.08881,1.07878,1.08121,61507
1585065600,1.08119,1.0821,1.0753,1.07562,54160
1585080000,1.07565,1.07985,1.07458,1.07793,19460
1585094400,1.07805,1.08153,1.07602,1.08064,30238
1585108800,1.0806499999999999,1.08237,1.0792,1.08162,37171
1585123200,1.08163,1.08495,1.07926,1.0843099999999999,53270
1585137600,1.0843099999999999,1.0848,1.07972,1.07987,54527
1585152000,1.07987,1.08691,1.07849,1.08603,46185
1585166400,1.08606,1.08941,1.08563,1.08837,19783
1585180800,1.08825,1.09335,1.087,1.09065,16493
1585195200,1.09066,1.0919699999999999,1.08918,1.09088,14427
1585209600,1.09087,1.09509,1.08966,1.09462,43208
1585224000,1.09461,1.09898,1.09274,1.09749,57306
1585238400,1.0975,1.10448,1.0953,1.10239,52216
1585252800,1.10239,1.10585,1.10178,1.10287,19745
1585267200,1.1029,1.1059,1.10216,1.10306,17123
1585281600,1.10304,1.10866,1.10279,1.10727,17870
1585296000,1.10726,1.1074,1.09933,1.1002,42962
1585310400,1.1002,1.10314,1.09533,1.09819,45227
1585324800,1.09819,1.11021,1.09792,1.10982,51749
1585339200,1.10981,1.11473,1.1091,1.11351,25798
1585526400,1.11159,1.1144,1.10897,1.11047,13612
1585540800,1.11046,1.11172,1.10686,1.10809,15562
1585555200,1.10809,1.1106,1.106,1.10917,36693
1585569600,1.10916,1.10959,1.10126,1.10153,29676
1585584000,1.10153,1.1046,1.10099,1.10195,37853
1585598400,1.10194,1.10555,1.10114,1.10442,15210
1585612800,1.10431,1.10534,1.09836,1.10128,13112
1585627200,1.10128,1.10331,1.10004,1.1016,18036
1585641600,1.10162,1.1025,1.09783,1.09788,29955
1585656000,1.09789,1.0990199999999999,1.09267,1.0971899999999999,40062
1585670400,1.09717,1.10272,1.09427,1.09708,57659
1585684800,1.09709,1.10371,1.09649,1.10355,28505
1585699200,1.1029,1.10383,1.1022,1.10312,8699
1585713600,1.10312,1.10328,1.10056,1.10163,13629
1585728000,1.10163,1.1033,1.0930900000000001,1.09568,33140
1585742400,1.09569,1.09593,1.09165,1.093,30386
1585756800,1.093,1.09421,1.09167,1.09252,31238
1585771200,1.09252,1.09698,1.09026,1.0961400000000001,19593
1585785600,1.09626,1.09673,1.09384,1.09427,7371
1585800000,1.09426,1.09592,1.093,1.0944099999999999,7907
1585814400,1.0944,1.09645,1.09146,1.09188,21675
1585828800,1.09188,1.09399,1.08748,1.08795,31453
1585843200,1.08795,1.09004,1.08369,1.08416,49290
1585857600,1.08417,1.08664,1.08205,1.08556,20560
1585872000,1.08525,1.08636,1.08329,1.08421,6350
1585886400,1.08422,1.0855299999999999,1.08367,1.08436,8832
1585900800,1.08436,1.08512,1.07871,1.07982,23436
1585915200,1.07983,1.08159,1.07752,1.07763,33312
1585929600,1.07764,1.08093,1.07727,1.07869,29952
1585944000,1.07871,1.08283,1.0782,1.08072,13140
1586131200,1.08096,1.08231,1.07986,1.08142,16402
1586145600,1.08141,1.08233,1.08055,1.08144,11624
1586160000,1.08146,1.08355,1.07831,1.07931,22699
1586174400,1.07928,1.08179,1.07795,1.0792,22600
1586188800,1.0792,1.08179,1.07683,1.08019,24104
1586203200,1.08019,1.08058,1.07827,1.07927,13397
1586217600,1.07894,1.0802100000000001,1.07833,1.07937,8204
1586232000,1.07937,1.08301,1.07908,1.0826,10327
1586246400,1.08261,1.0878700000000001,1.08206,1.0868,22560
1586260800,1.0868,1.09173,1.08574,1.09052,24802
1586275200,1.0905,1.09265,1.08762,1.08964,29218
1586289600,1.08964,1.09099,1.08889,1.08912,12179
1586304000,1.0890900000000001,1.09019,1.08669,1.08677,10314
1586318400,1.08677,1.08792,1.08586,1.08674,10062
1586332800,1.08674,1.08878,1.08299,1.0852,25044
1586347200,1.08531,1.08847,1.08531,1.08728,19940
1586361600,1.08728,1.08883,1.08509,1.08635,25130
1586376000,1.08634,1.08727,1.08502,1.08541,9357
1586390400,1.08509,1.08803,1.08509,1.08717,6352
1586404800,1.08718,1.08771,1.08533,1.08651,10486
1586419200,1.08651,1.08822,1.08409,1.08692,17162
1586433600,1.08691,1.09102,1.08496,1.09042,21284
1586448000,1.09041,1.09456,1.08948,1.0936,34614
1586462400,1.09359,1.09517,1.09199,1.09291,18456
1586476800,1.09289,1.09351,1.0919,1.09227,8058
1586491200,1.09227,1.0944099999999999,1.092,1.09376,15401
1586505600,1.09378,1.09521,1.09274,1.09421,12137
1586520000,1.09421,1.09481,1.0936,1.09428,7487
1586534400,1.09428,1.09523,1.09415,1.09481,9860
1586548800,1.09481,1.09483,1.09306,1.09322,7222
1586736000,1.09473,1.09473,1.09283,1.09299,10029
1586750400,1.09298,1.09422,1.0925,1.09366,9295
1586764800,1.09367,1.09679,1.09271,1.09312,14018
1586779200,1.09312,1.09388,1.09032,1.09225,13992
1586793600,1.09225,1.09234,1.08926,1.0917,16185
1586808000,1.09169,1.0924,1.09057,1.09085,8526
1586822400,1.09098,1.09277,1.09007,1.09231,6916
1586836800,1.09232,1.09487,1.09168,1.09436,10913
1586851200,1.09436,1.09474,1.09151,1.09229,15881
1586865600,1.09229,1.09761,1.09199,1.0971,18940
1586880000,1.0971,1.09842,1.09549,1.09649,23791
1586894400,1.09648,1.09872,1.0964,1.09818,12241
1586908800,1.09778,1.09908,1.09778,1.0985800000000001,4580
1586923200,1.0985800000000001,1.09872,1.09734,1.09752,5144
1586937600,1.09752,1.09761,1.09204,1.09325,16101
1586952000,1.09324,1.09389,1.08564,1.08606,21561
1586966400,1.08605,1.09307,1.08592,1.09169,26702
1586980800,1.09168,1.09387,1.09091,1.09113,10557
1586995200,1.09061,1.09111,1.08815,1.08859,6798
1587009600,1.0886,1.08923,1.08645,1.08792,10354
1587024000,1.08791,1.09049,1.08645,1.08878,19280
1587038400,1.08878,1.0901,1.0853,1.08894,26397
1587052800,1.08894,1.08948,1.08165,1.08337,30136
1587067200,1.08337,1.08516,1.08301,1.08382,13365
1587081600,1.08363,1.0867499999999999,1.08348,1.08629,10768
1587096000,1.08628,1.08786,1.08618,1.08706,8157
1587110400,1.08705,1.08727,1.08173,1.08291,19652
1587124800,1.08291,1.08735,1.0812,1.08643,23961
1587139200,1.08643,1.08927,1.08593,1.08674,26569
1587153600,1.08673,1.0885,1.08642,1.08712,12035
1587340800,1.08722,1.08773,1.08564,1.08605,6322
1587355200,1.08605,1.08722,1.0858,1.0871,6500
1587369600,1.0871,1.08795,1.0841,1.08791,14504
1587384000,1.08791,1.08972,1.08498,1.08627,17604
1587398400,1.08627,1.08872,1.08501,1.08703,19357
1587412800,1.08705,1.08731,1.08552,1.08617,9334
1587427200,1.08583,1.08701,1.08535,1.0856,5506
1587441600,1.08561,1.08595,1.08257,1.08328,9894
1587456000,1.08328,1.08472,1.08202,1.08369,15509
1587470400,1.08369,1.08533,1.0823,1.08292,19761
1587484800,1.08292,1.08803,1.08165,1.08442,29827
1587499200,1.08442,1.08659,1.08415,1.08567,10893
1587513600,1.08536,1.08626,1.08491,1.0855,3665
1587528000,1.0855,1.0861,1.08449,1.08463,6768
1587542400,1.08464,1.08735,1.08453,1.08598,15676
1587556800,1.08599,1.08852,1.08574,1.08687,15234
1587571200,1.08687,1.0872,1.08101,1.08157,18570
1587585600,1.08157,1.08258,1.08033,1.08227,7075
1587600000,1.08198,1.08241,1.08047,1.08112,4570
1587614400,1.08112,1.0822,1.0808,1.08155,4858
1587628800,1.08154,1.08343,1.07842,1.07962,20465
1587643200,1.07961,1.07994,1.07561,1.07883,22914
1587657600,1.07883,1.0847,1.07808,1.08136,30638
1587672000,1.08137,1.0814300000000001,1.07618,1.07747,17203
1587686400,1.07711,1.0784799999999999,1.07613,1.07663,6088
1587700800,1.07663,1.07746,1.07633,1.07714,5468
1587715200,1.07714,1.07714,1.0727,1.07559,16583
1587729600,1.07559,1.081,1.07497,1.0803,19367
1587744000,1.0803,1.08198,1.07844,1.07882,22021
1587758400,1.07882,1.08298,1.07846,1.08215,9231
1587945600,1.08216,1.08225,1.08112,1.08181,4365
1587960000,1.08182,1.08432,1.08172,1.08384,9545
1587974400,1.08385,1.08593,1.08329,1.08498,15171
1587988800,1.08498,1.08603,1.08339,1.08511,15748
1588003200,1.08512,1.08575,1.08165,1.08214,16102
1588017600,1.08214,1.08344,1.08206,1.08292,6024
1588032000,1.08263,1.08361,1.08201,1.0833,5368
1588046400,1.08329,1.08344,1.08169,1.08217,5243
1588060800,1.08217,1.08583,1.08095,1.08503,15853
1588075200,1.08502,1.08885,1.08442,1.08702,18976
1588089600,1.08703,1.08748,1.08246,1.08316,19091
1588104000,1.08317,1.084,1.08177,1.08194,7433
1588118400,1.08177,1.08422,1.08177,1.08416,3566
1588132800,1.08416,1.08545,1.08392,1.08498,6093
1588147200,1.08499,1.08742,1.08393,1.08662,14978
1588161600,1.08662,1.08728,1.08396,1.08572,14849
1588176000,1.08574,1.08682,1.08427,1.08478,18284
1588190400,1.08477,1.08856,1.08468,1.08725,15848
1588204800,1.08748,1.08788,1.08513,1.0859,4240
1588219200,1.0859,1.08716,1.08546,1.08598,5617
1588233600,1.08598,1.08913,1.08534,1.08858,15823
1588248000,1.08858,1.08882,1.08591,1.0876,22706
1588262400,1.08759,1.09728,1.08329,1.09371,43749
1588276800,1.09371,1.09635,1.09358,1.09512,13970
1588291200,1.09509,1.09559,1.09344,1.09457,7128
1588305600,1.09456,1.09498,1.09366,1.09493,6110
1588320000,1.0949200000000001,1.0979700000000001,1.0944099999999999,1.09763,13320
1588334400,1.09763,1.099,1.09709,1.09806,12021
1588348800,1.09807,1.10188,1.0971899999999999,1.09874,21745
1588363200,1.09875,1.09888,1.09729,1.09787,9078
1588550400,1.0979,1.0979,1.09462,1.09472,6661
1588564800,1.09472,1.09552,1.0935,1.09363,5768
1588579200,1.09363,1.09491,1.09236,1.09448,17784
1588593600,1.09447,1.09453,1.09253,1.09347,14956
1588608000,1.09348,1.09379,1.08957,1.09004,18175
1588622400,1.09004,1.09096,1.08955,1.0903100000000001,7503
1588636800,1.09025,1.09132,1.09,1.09106,2553
1588651200,1.09108,1.0916,1.08994,1.09066,3138
1588665600,1.09067,1.09259,1.08416,1.08457,19663
1588680000,1.08456,1.08567,1.08258,1.08416,21099
1588694400,1.08415,1.08873,1.0834,1.08402,21127
1588708800,1.08402,1.08577,1.0834,1.08373,7285
1588723200,1.08399,1.08451,1.08345,1.08371,4527
1588737600,1.08372,1.08422,1.08322,1.08407,5022
1588752000,1.08406,1.0841,1.07915,1.08019,15436
1588766400,1.0802,1.08196,1.07818,1.08125,15038
1588780800,1.0812599999999999,1.08268,1.079,1.08075,20096
1588795200,1.08075,1.08131,1.07906,1.07955,7919
1588809600,1.07903,1.08025,1.07903,1.07937,4109
1588824000,1.07938,1.08045,1.07934,1.0799,3890
1588838400,1.0799,1.08163,1.07861,1.0793,17340
1588852800,1.0793,1.08013,1.07764,1.07944,18648
1588867200,1.07942,1.0818699999999999,1.0766499999999999,1.08125,23771
1588881600,1.08125,1.08338,1.08122,1.08315,10112
1588896000,1.0832,1.08496,1.08229,1.08479,4567
1588910400,1.08479,1.08547,1.08416,1.08432,6574
1588924800,1.08432,1.08462,1.08193,1.08344,9022
1588939200,1.08344,1.08523,1.0825,1.08359,14569
1588953600,1.0836,1.08756,1.08151,1.08466,19549
1588968000,1.08466,1.08535,1.08327,1.08369,6379
1589155200,1.08234,1.08461,1.08224,1.08456,5260
1589169600,1.08454,1.08505,1.08411,1.08468,4541
1589184000,1.08467,1.08475,1.08086,1.08178,11788
1589198400,1.08178,1.08298,1.08102,1.08202,15469
1589212800,1.08202,1.0844,1.08027,1.0808200000000001,21262
1589227200,1.08081,1.08175,1.07995,1.08054,7661
1589241600,1.08024,1.08107,1.07843,1.07924,5020
1589256000,1.07924,1.08088,1.07879,1.08047,5680
1589270400,1.08046,1.08276,1.08002,1.08201,13648
1589284800,1.08201,1.08646,1.0812599999999999,1.08596,17914
1589299200,1.08595,1.08855,1.08479,1.08508,22203
1589313600,1.08508,1.08583,1.08468,1.08483,7838
1589328000,1.0847,1.08572,1.08447,1.08549,3550
1589342400,1.08549,1.08569,1.0844,1.08494,5970
1589356800,1.08494,1.08557,1.08307,1.08424,11325
1589371200,1.08424,1.08812,1.0835,1.08793,15475
1589385600,1.08792,1.08965,1.08197,1.08221,29603
1589400000,1.08222,1.08238,1.08116,1.08186,9341
1589414400,1.08167,1.0824,1.08154,1.08215,2775
1589428800,1.08214,1.08218,1.08051,1.08095,4501
1589443200,1.08094,1.0820400000000001,1.07959,1.08101,11630
1589457600,1.08101,1.08129,1.07748,1.07889,17289
1589472000,1.07888,1.08163,1.0781,1.07825,21802
1589486400,1.07825,1.08044,1.07801,1.08039,10011
1589500800,1.08028,1.08079,1.07996,1.08053,3589
1589515200,1.08054,1.08072,1.07985,1.08054,5013
1589529600,1.08053,1.08196,1.07932,1.08113,10526
1589544000,1.08115,1.08401,1.07889,1.08297,18715
1589558400,1.08296,1.08512,1.0804,1.08068,21751
1589572800,1.08069,1.0822,1.08046,1.08165,6569
1589760000,1.08148,1.08234,1.08035,1.0817,3578
1589774400,1.0817,1.0827,1.08145,1.08205,3649
1589788800,1.0820400000000001,1.08286,1.08023,1.08095,8558
1589803200,1.08094,1.08439,1.07997,1.08376,10834
1589817600,1.08377,1.092,1.08368,1.0909200000000001,29046
1589832000,1.09091,1.09271,1.09051,1.09129,9564
1589846400,1.09156,1.09237,1.09113,1.09191,4835
1589860800,1.09192,1.092,1.09021,1.09096,4922
1589875200,1.09095,1.09535,1.09076,1.09515,16982
1589889600,1.09514,1.0976,1.0942,1.09507,15294
1589904000,1.09506,1.09508,1.09242,1.09294,17736
1589918400,1.09294,1.0954,1.09187,1.09229,7657
1589932800,1.09199,1.09396,1.09187,1.09382,2742
1589947200,1.09383,1.09468,1.09356,1.09411,4278
1589961600,1.09411,1.09601,1.09379,1.09422,11776
1589976000,1.09423,1.09668,1.09381,1.0965,14214
1589990400,1.09651,1.0999,1.09621,1.09757,20226
1590004800,1.09756,1.09923,1.09729,1.09777,8173
1590019200,1.09813,1.09817,1.09681,1.09684,2311
1590033600,1.09683,1.09688,1.09566,1.09607,4064
1590048000,1.09606,1.0979,1.09524,1.09722,10308
1590062400,1.09722,1.10084,1.09603,1.09955,15733
1590076800,1.09955,1.09955,1.09371,1.09549,20661
1590091200,1.0955,1.09687,1.09416,1.0949,6716
1590105600,1.0945,1.09536,1.0945,1.09476,3080
1590120000,1.09476,1.09515,1.09271,1.09295,6461
1590134400,1.09294,1.09322,1.08961,1.08993,11500
1590148800,1.08993,1.09133,1.08872,1.08983,12470
1590163200,1.08982,1.09046,1.08854,1.08881,12690
1590177600,1.0888,1.09058,1.08877,1.0899,5669
1590364800,1.08917,1.09087,1.08917,1.09016,2842
1590379200,1.09016,1.09025,1.08871,1.08906,4475
1590393600,1.08907,1.08933,1.08705,1.08891,6845
1590408000,1.0889199999999999,1.09145,1.08885,1.09043,6995
1590422400,1.09043,1.09102,1.08899,1.08933,6580
1590436800,1.08933,1.08995,1.08924,1.08956,4499
1590451200,1.08954,1.09104,1.08913,1.09098,3114
1590465600,1.09099,1.0922,1.09078,1.09194,5096
1590480000,1.09193,1.09598,1.09146,1.09575,12150
1590494400,1.09574,1.09802,1.09516,1.09707,15085
1590508800,1.09707,1.09918,1.09641,1.09764,19764
1590523200,1.09762,1.09958,1.09705,1.09821,7557
1590537600,1.09804,1.0985,1.09678,1.097,3883
1590552000,1.09701,1.09751,1.09536,1.0955,6981
1590566400,1.09548,1.09792,1.09511,1.09567,13902
1590580800,1.09566,1.10308,1.09339,1.09982,38267
1590595200,1.09982,1.10166,1.09552,1.09749,32215
1590609600,1.09748,1.10092,1.09685,1.10088,10085
1590624000,1.10015,1.10267,1.10008,1.10233,5123
1590638400,1.10234,1.10353,1.10056,1.1008,8508
1590652800,1.10081,1.10307,1.09917,1.09993,19208
1590667200,1.09991,1.10296,1.09922,1.10216,21109
1590681600,1.10214,1.10827,1.10214,1.10821,28226
1590696000,1.1082,1.10936,1.1067,1.10769,11363
1590710400,1.10731,1.10813,1.10687,1.10766,5926
1590724800,1.10767,1.11003,1.10741,1.10994,6839
1590739200,1.10995,1.11199,1.10894,1.11171,20160
1590753600,1.11171,1.11453,1.11126,1.11297,22335
1590768000,1.11297,1.1133,1.10895,1.10979,38772
1590782400,1.10979,1.11091,1.1081,1.1103399999999999,16901
1590969600,1.11147,1.11262,1.11023,1.11217,7002
1590984000,1.11216,1.11403,1.11165,1.11335,9166
1590998400,1.11335,1.1154,1.11162,1.11396,22270
1591012800,1.11397,1.11413,1.11005,1.11103,17949
1591027200,1.11101,1.11405,1.1103399999999999,1.11299,22145
1591041600,1.11299,1.11366,1.11224,1.11336,6433
1591056000,1.1134,1.11386,1.11239,1.11318,5224
1591070400,1.11318,1.11332,1.11188,1.11257,5958
1591084800,1.11256,1.11713,1.11152,1.11704,24002
1591099200,1.11705,1.11878,1.11547,1.1165,26630
1591113600,1.1165,1.1196,1.11634,1.1173899999999999,27510
1591128000,1.1173899999999999,1.11813,1.11611,1.11686,10516
1591142400,1.11653,1.12015,1.11653,1.11928,6635
1591156800,1.11929,1.1211,1.11827,1.12033,11389
1591171200,1.12032,1.12276,1.1191,1.12108,22837
1591185600,1.12106,1.1227,1.1184,1.11915,24118
1591200000,1.11914,1.12515,1.11865,1.12367,35952
1591214400,1.12366,1.12578,1.12318,1.12331,10340
1591228800,1.1232,1.1238,1.12135,1.12221,5139
1591243200,1.12222,1.12247,1.12112,1.12155,6862
1591257600,1.12154,1.12213,1.11945,1.1207,14935
1591272000,1.12067,1.1272199999999999,1.11953,1.12376,36231
1591286400,1.12374,1.13625,1.12264,1.1329,47588
1591300800,1.1329,1.13621,1.13262,1.13351,15518
1591315200,1.13368,1.1344400000000001,1.13311,1.13325,6156
1591329600,1.13325,1.13552,1.1326,1.13465,8322
1591344000,1.13466,1.13838,1.13263,1.13324,23089
1591358400,1.13324,1.13435,1.12825,1.12955,32137
1591372800,1.1295600000000001,1.1324,1.12827,1.12906,37822
1591387200,1.12906,1.12995,1.12782,1.12921,10891
1591574400,1.12974,1.13199,1.12929,1.12978,5940
1591588800,1.12978,1.12995,1.1285,1.12888,7349
1591603200,1.12888,1.13157,1.12811,1.13002,16552
1591617600,1.13002,1.13067,1.12684,1.12939,19451
1591632000,1.12939,1.13187,1.12852,1.12912,26189
1591646400,1.12912,1.13087,1.12891,1.12937,8834
1591660800,1.12897,1.13151,1.12892,1.13042,5018
1591675200,1.13041,1.1304400000000001,1.1284,1.12854,8804
1591689600,1.12855,1.12962,1.12409,1.12616,22296
1591704000,1.12616,1.13025,1.12553,1.12997,22114
1591718400,1.12996,1.1363699999999999,1.12967,1.13427,32395
1591732800,1.13426,1.13482,1.13312,1.1338,9057
1591747200,1.13365,1.13448,1.13315,1.13395,4513
1591761600,1.13396,1.13461,1.13379,1.13428,5465
1591776000,1.13428,1.13757,1.13416,1.13692,20119
1591790400,1.1369,1.13895,1.13482,1.13803,21550
1591804800,1.13801,1.13855,1.13421,1.13511,25158
1591819200,1.13512,1.14224,1.13199,1.13746,42719
1591833600,1.1373,1.13889,1.13638,1.13866,7122
1591848000,1.13865,1.13953,1.13437,1.13511,14204
1591862400,1.13512,1.13909,1.13252,1.13897,30998
1591876800,1.13897,1.14014,1.13363,1.1356600000000001,28854
1591891200,1.13567,1.1403699999999999,1.13506,1.13617,40051
1591905600,1.13618,1.13618,1.12887,1.1297,28372
1591920000,1.12903,1.13012,1.12805,1.1283,10103
1591934400,1.12829,1.1298,1.12765,1.1297,15492
1591948800,1.1297,1.13406,1.1293199999999999,1.13248,25576
1591963200,1.13249,1.13275,1.12925,1.13052,25234
1591977600,1.13053,1.1323,1.12334,1.12361,40489
1591992000,1.12361,1.1262,1.12125,1.12558,21645
1592179200,1.12368,1.12604,1.12256,1.12455,11360
1592193600,1.12453,1.12677,1.1243,1.12598,12471
1592208000,1.126,1.12669,1.1226099999999999,1.12658,26872
1592222400,1.12658,1.12671,1.12398,1.12468,18501
1592236800,1.1247,1.1293199999999999,1.12432,1.12848,27603
1592251200,1.12847,1.13318,1.12815,1.13217,17057
1592265600,1.13152,1.13392,1.13152,1.1333,6059
1592280000,1.13329,1.1347800000000001,1.13268,1.13321,10496
1592294400,1.13321,1.13526,1.13144,1.13355,20543
1592308800,1.13354,1.13405,1.12939,1.13009,18660
1592323200,1.1301,1.13022,1.12269,1.12677,35078
1592337600,1.12677,1.12717,1.1256,1.12619,10307
1592352000,1.12595,1.12725,1.12525,1.12667,6822
1592366400,1.12667,1.12724,1.12543,1.12707,9666
1592380800,1.12707,1.12934,1.12501,1.12569,17758
1592395200,1.12567,1.12596,1.1222,1.12363,20794
1592409600,1.12365,1.12478,1.12061,1.12303,25605
1592424000,1.12302,1.12452,1.12281,1.12414,10026
1592438400,1.12398,1.12493,1.1237,1.12405,5395
1592452800,1.12406,1.12606,1.12243,1.12547,10522
1592467200,1.12546,1.12594,1.12293,1.12486,16697
1592481600,1.12485,1.12607,1.12136,1.12267,21924
1592496000,1.12267,1.1232,1.11918,1.11927,20390
1592510400,1.11927,1.12123,1.11848,1.12039,8742
1592524800,1.12023,1.12126,1.11978,1.1203,4332
1592539200,1.1203,1.12154,1.11982,1.12126,6424
1592553600,1.12127,1.1221,1.12028,1.12155,11067
1592568000,1.12153,1.12536,1.11936,1.1237300000000001,17881
1592582400,1.12374,1.12417,1.11676,1.11918,29101
1592596800,1.11919,1.11931,1.11713,1.11757,10908
1592784000,1.11804,1.1187,1.11676,1.11794,5459
1592798400,1.11794,1.12032,1.11793,1.12026,6869
1592812800,1.12026,1.12245,1.11874,1.12238,14571
1592827200,1.12237,1.1226,1.12025,1.12201,14060
1592841600,1.1219999999999999,1.12693,1.1219999999999999,1.12603,18358
1592856000,1.12603,1.12655,1.12522,1.12603,6181
1592870400,1.12581,1.12803,1.12578,1.12663,4658
1592884800,1.12664,1.12756,1.12323,1.12608,16836
1592899200,1.12609,1.13052,1.12559,1.12897,16926
1592913600,1.12897,1.13327,1.12817,1.13291,17661
1592928000,1.13291,1.1348,1.13062,1.13079,18302
1592942400,1.1308,1.13203,1.13012,1.1307800000000001,9375
1592956800,1.13061,1.13214,1.13061,1.13168,3874
1592971200,1.13169,1.1325,1.13083,1.13138,5922
1592985600,1.13138,1.13246,1.12863,1.13005,12365
1593000000,1.13005,1.13104,1.12677,1.12728,16558
1593014400,1.12728,1.12817,1.12565,1.12777,21910
1593028800,1.12774,1.12801,1.12476,1.12489,9544
1593043200,1.12498,1.12578,1.1245,1.12551,4411
1593057600,1.12551,1.1259000000000001,1.12392,1.12479,6734
1593072000,1.12479,1.12528,1.12232,1.12288,15782
1593086400,1.12289,1.1234,1.11897,1.12105,18044
1593100800,1.12105,1.12308,1.12024,1.12266,20035
1593115200,1.12266,1.12297,1.12135,1.1217,7669
1593129600,1.12141,1.12231,1.12074,1.12151,3956
1593144000,1.12152,1.12257,1.12131,1.12229,4136
1593158400,1.1223,1.12387,1.12042,1.12384,10075
1593172800,1.12384,1.12386,1.12059,1.12181,11190
1593187200,1.12182,1.12341,1.11944,1.12288,16377
1593201600,1.12288,1.12378,1.12158,1.12171,6775
1593388800,1.12157,1.12289,1.12148,1.12287,3804
1593403200,1.12289,1.12462,1.12283,1.12411,5624
1593417600,1.1241,1.12662,1.12398,1.1253199999999999,11298
1593432000,1.1253199999999999,1.12872,1.12487,1.12853,12117
1593446400,1.12853,1.12859,1.12239,1.12268,16286
1593460800,1.12266,1.12417,1.12186,1.12414,6197
1593475200,1.12317,1.12511,1.12311,1.1237300000000001,3428
1593489600,1.12374,1.12488,1.12355,1.12379,4088
1593504000,1.12378,1.12394,1.12033,1.12176,10955
1593518400,1.12178,1.12189,1.11901,1.12084,12921
1593532800,1.12085,1.12612,1.12027,1.12425,23961
1593547200,1.12425,1.1251,1.12254,1.12326,8871
1593561600,1.12316,1.12356,1.12268,1.123,2826
1593576000,1.123,1.12399,1.12145,1.12173,4876
1593590400,1.12173,1.12441,1.1215,1.12304,9024
1593604800,1.12305,1.12331,1.11841,1.12171,15202
1593619200,1.1217,1.12745,1.12132,1.12636,18548
1593633600,1.12636,1.12663,1.12425,1.125,6645
1593648000,1.1249500000000001,1.12555,1.12465,1.1251,3516
1593662400,1.12509,1.12661,1.12481,1.12643,4952
1593676800,1.12642,1.1302,1.12609,1.12963,10722
1593691200,1.12963,1.12978,1.12629,1.1263,14264
1593705600,1.12633,1.1280999999999999,1.12227,1.12279,20082
1593720000,1.1228,1.12407,1.12263,1.12385,4907
1593734400,1.12314,1.12413,1.12314,1.12393,2270
1593748800,1.12392,1.12485,1.12274,1.12282,5122
1593763200,1.12282,1.12462,1.12235,1.12329,9858
1593777600,1.12329,1.12364,1.12185,1.12286,9648
1593792000,1.12287,1.12475,1.1225,1.1241,8676
1593806400,1.1241,1.12507,1.1234,1.12395,16144
1593993600,1.1239,1.12664,1.1239,1.12635,3814
1594008000,1.12635,1.12918,1.12605,1.1291,6239
1594022400,1.1291,1.1302,1.12804,1.12896,12114
1594036800,1.12897,1.13291,1.1282,1.1329,13924
1594051200,1.1329,1.13448,1.13019,1.13057,15189
1594065600,1.13058,1.13184,1.13049,1.13077,5558
1594080000,1.13075,1.13318,1.1304,1.13257,4512
1594094400,1.13257,1.13273,1.13056,1.13108,6931
1594108800,1.13108,1.13153,1.12624,1.12638,11978
1594123200,1.12639,1.12999,1.1258,1.12974,12673
1594137600,1.12974,1.13062,1.12707,1.1289500000000001,16202
1594152000,1.12896,1.12977,1.12679,1.12735,7412
1594166400,1.12718,1.12819,1.12643,1.12683,4525
1594180800,1.12683,1.12798,1.12676,1.12757,4852
1594195200,1.12757,1.12935,1.12616,1.1278,11402
1594209600,1.1278,1.12947,1.12652,1.12876,12833
1594224000,1.12874,1.13512,1.12867,1.13353,21417
1594238400,1.13353,1.13416,1.1327,1.13287,7804
1594252800,1.13274,1.1346,1.1327,1.1333,4248
1594267200,1.13329,1.137,1.13269,1.13642,7712
1594281600,1.13643,1.13672,1.13245,1.13286,13799
1594296000,1.13288,1.13479,1.13157,1.1343,14492
1594310400,1.13429,1.13476,1.12847,1.12899,26576
1594324800,1.12899,1.1296599999999999,1.12795,1.12837,6739
1594339200,1.1280999999999999,1.1289500000000001,1.12701,1.12747,3255
1594353600,1.12747,1.12777,1.12673,1.12704,4870
1594368000,1.12704,1.1290499999999999,1.1254,1.12849,13594
1594382400,1.12848,1.12998,1.12729,1.12924,12467
1594396800,1.12924,1.13241,1.12924,1.1299,18519
1594411200,1.1299,1.13053,1.12938,1.12975,5951
1594598400,1.1301700000000001,1.13166,1.13012,1.13135,3552
1594612800,1.13137,1.13296,1.13134,1.13217,5569
1594627200,1.13219,1.13355,1.13002,1.13079,12412
1594641600,1.13081,1.13377,1.13035,1.13249,13194
1594656000,1.13248,1.13742,1.13244,1.13668,16775
1594670400,1.13668,1.1374,1.13406,1.13416,10642
1594684800,1.13413,1.13496,1.13392,1.13442,4474
1594699200,1.13443,1.1347800000000001,1.13345,1.13442,5805
1594713600,1.13442,1.13579,1.13244,1.13498,12322
1594728000,1.135,1.13806,1.13466,1.13711,16884
1594742400,1.13712,1.1408,1.13606,1.14025,26422
1594756800,1.14025,1.14046,1.13861,1.13988,8667
1594771200,1.13989,1.14223,1.13892,1.1412200000000001,5897
1594785600,1.14123,1.14204,1.13933,1.13944,6372
1594800000,1.13945,1.14438,1.13904,1.14363,13460
1594814400,1.14362,1.14471,1.14249,1.14344,14122
1594828800,1.14344,1.14514,1.14007,1.14066,19762
1594843200,1.14065,1.14123,1.1402,1.14104,6212
1594857600,1.14083,1.14179,1.14059,1.14141,2888
1594872000,1.1414,1.14161,1.13995,1.14054,5792
1594886400,1.14053,1.14148,1.13849,1.13923,13222
1594900800,1.13924,1.1424,1.13774,1.14103,16703
1594915200,1.141,1.14411,1.13987,1.14086,18526
1594929600,1.14086,1.14094,1.13697,1.13812,9617
1594944000,1.13828,1.13925,1.13745,1.13841,4236
1594958400,1.13841,1.1393,1.13768,1.13866,4977
1594972800,1.13866,1.14168,1.13773,1.14154,9356
1594987200,1.14155,1.14296,1.14087,1.1418300000000001,11431
1595001600,1.14182,1.14419,1.14154,1.14346,13655
1595016000,1.14348,1.14429,1.14223,1.14259,6837
1595203200,1.14168,1.14449,1.14105,1.14216,5606
1595217600,1.14215,1.14418,1.14118,1.14418,7071
1595232000,1.14416,1.1467,1.1435,1.14568,16890
1595246400,1.14568,1.14636,1.1414900000000001,1.14177,15731
1595260800,1.14176,1.14477,1.14016,1.14379,17637
1595275200,1.14379,1.14481,1.14328,1.14465,5445
1595289600,1.14438,1.14633,1.1440299999999999,1.14547,3621
1595304000,1.14547,1.1469,1.14222,1.14299,8345
1595318400,1.14299,1.14661,1.14273,1.14426,14823
1595332800,1.14425,1.14596,1.14292,1.14381,14562
1595347200,1.14382,1.15168,1.14243,1.15155,20935
1595361600,1.15155,1.15391,1.15119,1.15275,9673
1595376000,1.15263,1.15417,1.15249,1.15304,5052
1595390400,1.15303,1.15463,1.15286,1.15384,6241
1595404800,1.15383,1.15448,1.15061,1.15214,20054
1595419200,1.15216,1.15994,1.1516,1.15951,22652
1595433600,1.15951,1.16007,1.15701,1.15765,22646
1595448000,1.15765,1.15814,1.15621,1.15692,7383
1595462400,1.1565699999999999,1.15749,1.15635,1.15668,3726
1595476800,1.15668,1.15831,1.15635,1.15796,6098
1595491200,1.15794,1.15977,1.15697,1.15876,14241
1595505600,1.15877,1.1594,1.1541,1.15414,16848
1595520000,1.15414,1.16261,1.15396,1.16196,23393
1595534400,1.16197,1.16238,1.15879,1.15962,13820
1595548800,1.159,1.16155,1.1589800000000001,1.16132,4549
1595563200,1.16131,1.1620300000000001,1.15942,1.15974,7788
1595577600,1.15973,1.16207,1.15895,1.15995,18490
1595592000,1.1599599999999999,1.1616900000000001,1.15805,1.1614,16895
1595606400,1.16139,1.16378,1.15972,1.16345,21702
1595620800,1.16342,1.16573,1.16336,1.16535,8004
1595808000,1.1639599999999999,1.16976,1.1639599999999999,1.16879,8699
1595822400,1.16878,1.17244,1.16844,1.17045,12792
1595836800,1.17044,1.1716199999999999,1.16888,1.16947,15523
1595851200,1.16947,1.17637,1.1681300000000001,1.17386,19570
1595865600,1.17386,1.1780599999999999,1.17272,1.17441,20920
1595880000,1.17441,1.1764000000000001,1.17416,1.17503,7398
1595894400,1.17455,1.17722,1.17437,1.17655,6215
1595908800,1.17655,1.1773,1.17135,1.17305,12653
1595923200,1.17304,1.17399,1.1697899999999999,1.17204,16881
1595937600,1.17205,1.17423,1.16994,1.17323,17626
1595952000,1.17322,1.17415,1.17074,1.17341,23058
1595966400,1.17341,1.17364,1.17115,1.17154,8026
1595980800,1.17126,1.17248,1.17117,1.17208,4135
1595995200,1.17208,1.17332,1.17145,1.17289,7060
1596009600,1.17289,1.17694,1.17238,1.175,13894
1596024000,1.1750099999999999,1.17539,1.17178,1.17427,16070
1596038400,1.17429,1.17777,1.17413,1.17729,19257
1596052800,1.17727,1.18058,1.1753,1.17886,22419
1596067200,1.17848,1.17925,1.17716,1.17789,4373
1596081600,1.17789,1.17843,1.1764999999999999,1.17677,6927
1596096000,1.17677,1.17685,1.1739600000000001,1.1741,16949
1596110400,1.17412,1.17782,1.17302,1.17763,15010
1596124800,1.17766,1.18091,1.17732,1.1803,30995
1596139200,1.1803,1.18476,1.1801300000000001,1.18458,12405
1596153600,1.18441,1.18878,1.18353,1.18653,9959
1596168000,1.18655,1.19042,1.18611,1.1897,13541
1596182400,1.18969,1.19081,1.18514,1.1857,18940
1596196800,1.1857,1.18616,1.1826699999999999,1.1843,17373
1596211200,1.1843,1.18505,1.17607,1.17905,32776
1596225600,1.17905,1.18046,1.1768399999999999,1.17755,12151
1596412800,1.17698,1.17961,1.17395,1.17525,9215
1596427200,1.17526,1.17815,1.17441,1.17749,10224
1596441600,1.17748,1.17842,1.1748,1.17784,15887
1596456000,1.17784,1.17789,1.17054,1.17068,15827
1596470400,1.17069,1.17512,1.1695,1.17484,19695
1596484800,1.17484,1.17672,1.17462,1.17618,8369
1596499200,1.1761300000000001,1.1764999999999999,1.17513,1.17529,3721
1596513600,1.17531,1.17739,1.17526,1.17731,5477
1596528000,1.17733,1.18019,1.17631,1.17917,17199
1596542400,1.1791800000000001,1.18056,1.1721300000000001,1.17275,18823
1596556800,1.17275,1.1777,1.17204,1.1777,21090
1596571200,1.1777,1.18024,1.17739,1.18014,8043
1596585600,1.17943,1.18143,1.17919,1.18085,4551
1596600000,1.18085,1.18208,1.18041,1.18161,5590
1596614400,1.1816200000000001,1.1840600000000001,1.17985,1.18396,14926
1596628800,1.18401,1.18803,1.18308,1.1877,19438
1596643200,1.18771,1.19041,1.18622,1.18725,24541
1596657600,1.18726,1.18781,1.18537,1.18632,6541
1596672000,1.18591,1.18851,1.18591,1.18778,4321
1596686400,1.18777,1.18831,1.1862,1.18784,6828
1596700800,1.18784,1.19153,1.18374,1.1841599999999999,21948
1596715200,1.1841599999999999,1.18696,1.18311,1.18482,18725
1596729600,1.1848,1.18897,1.1817199999999999,1.18794,26539
1596744000,1.18794,1.18929,1.18622,1.18757,10585
1596758400,1.18691,1.18822,1.18672,1.18733,3440
1596772800,1.18732,1.18737,1.18189,1.18344,10449
1596787200,1.18346,1.18499,1.18203,1.1832,14202
1596801600,1.1832,1.18449,1.18009,1.18302,20809
1596816000,1.18305,1.18325,1.17545,1.17685,27432
1596830400,1.1768399999999999,1.17881,1.17657,1.17839,8611
1597017600,1.17854,1.17946,1.17724,1.17931,3651
1597032000,1.1793,1.17976,1.1789100000000001,1.17901,4286
1597046400,1.17901,1.17999,1.17515,1.17716,12590
1597060800,1.17716,1.17747,1.17398,1.17669,12852
1597075200,1.17669,1.17911,1.17459,1.17526,18821
1597089600,1.17527,1.17559,1.17348,1.17353,7033
1597104000,1.17338,1.17423,1.17212,1.1724,3845
1597118400,1.1724,1.17542,1.17225,1.17515,4885
1597132800,1.17514,1.17738,1.17219,1.17716,17418
1597147200,1.17715,1.18073,1.17705,1.17967,21646
1597161600,1.17967,1.17967,1.17561,1.17704,24904
1597176000,1.17705,1.1771,1.17275,1.17385,12732
1597190400,1.17363,1.17452,1.17251,1.1733,5522
1597204800,1.1733,1.17403,1.17104,1.17136,10975
1597219200,1.17136,1.17598,1.17114,1.17469,15628
1597233600,1.17469,1.17948,1.17436,1.17899,18842
1597248000,1.17899,1.1816200000000001,1.1771099999999999,1.17908,23451
1597262400,1.17908,1.17964,1.17819,1.17841,8349
1597276800,1.17832,1.1810100000000001,1.17794,1.18059,4041
1597291200,1.18059,1.18164,1.17997,1.18003,7240
1597305600,1.17999,1.18405,1.17997,1.18375,15346
1597320000,1.18375,1.18525,1.1822300000000001,1.18481,17815
1597334400,1.18482,1.18634,1.18124,1.18165,19534
1597348800,1.18165,1.18202,1.1792799999999999,1.18136,9393
1597363200,1.18126,1.18199,1.18064,1.18087,4021
1597377600,1.18089,1.18177,1.18007,1.18125,5368
1597392000,1.18125,1.1826,1.17899,1.18153,13098
1597406400,1.18154,1.1829399999999999,1.17809,1.18177,15692
1597420800,1.18177,1.1848,1.18098,1.18446,17926
1597435200,1.18444,1.18496,1.18332,1.18407,6233
1597622400,1.18378,1.18523,1.18296,1.1846700000000001,3259
1597636800,1.1846700000000001,1.18669,1.18426,1.18558,5054
1597651200,1.18558,1.18672,1.18279,1.18374,11754
1597665600,1.18373,1.1863,1.18331,1.18563,13205
1597680000,1.18564,1.18802,1.18506,1.1867,14140
1597694400,1.18671,1.18733,1.18595,1.18692,5042
1597708800,1.18676,1.18911,1.1861,1.18899,4341
1597723200,1.18898,1.18958,1.18823,1.18911,6848
1597737600,1.18911,1.1914500000000001,1.18818,1.19096,16503
1597752000,1.19095,1.19441,1.18965,1.19355,16266
1597766400,1.19356,1.19649,1.19171,1.19353,23098
1597780800,1.19353,1.1938,1.19276,1.19301,6502
1597795200,1.19269,1.19509,1.19269,1.19469,6517
1597809600,1.19468,1.1952,1.1927,1.19303,7140
1597824000,1.1930399999999999,1.19468,1.19215,1.19396,13032
1597838400,1.19398,1.195,1.19248,1.19301,15587
1597852800,1.19301,1.19481,1.18641,1.18768,25017
1597867200,1.18768,1.18933,1.18295,1.18375,23118
1597881600,1.18361,1.18524,1.18361,1.18439,6976
1597896000,1.18439,1.18527,1.18305,1.18471,10741
1597910400,1.1847,1.18679,1.18114,1.18359,20907
1597924800,1.18356,1.18557,1.1820599999999999,1.18298,21099
1597939200,1.18299,1.18645,1.1801300000000001,1.18535,27741
1597953600,1.18533,1.1862300000000001,1.1848,1.18603,10808
1597968000,1.18585,1.18762,1.18513,1.18736,5987
1597982400,1.18736,1.18774,1.18621,1.18762,7758
1597996800,1.18763,1.18822,1.17984,1.1812,21365
1598011200,1.1812,1.18176,1.17595,1.17843,24119
1598025600,1.17843,1.17868,1.17534,1.17716,24786
1598040000,1.17716,1.17978,1.17689,1.17941,7587
1598227200,1.1789399999999999,1.18058,1.17892,1.17941,4440
1598241600,1.17943,1.18057,1.17839,1.17936,5250
1598256000,1.17937,1.18242,1.17902,1.18212,10888
1598270400,1.18213,1.18489,1.18208,1.18414,12470
1598284800,1.18415,1.18442,1.17907,1.17988,17677
1598299200,1.17987,1.18048,1.17835,1.17862,6980
1598313600,1.17883,1.17998,1.17834,1.1797900000000001,4245
1598328000,1.17978,1.18141,1.17956,1.18098,5585
1598342400,1.18097,1.18342,1.17971,1.18229,12765
1598356800,1.1823,1.18419,1.1803,1.18157,14682
1598371200,1.18158,1.18429,1.18043,1.1811099999999999,22284
1598385600,1.1811099999999999,1.18367,1.18104,1.1832799999999999,7020
1598400000,1.18325,1.18384,1.1826699999999999,1.18279,3135
1598414400,1.1828,1.18342,1.18093,1.18112,4927
1598428800,1.18113,1.18245,1.17999,1.1813500000000001,12475
1598443200,1.18134,1.18248,1.17715,1.17878,14350
1598457600,1.17878,1.18348,1.17804,1.18315,19029
1598472000,1.18316,1.18385,1.18141,1.18292,7997
1598486400,1.18264,1.18443,1.18264,1.18386,4551
1598500800,1.18387,1.18491,1.18235,1.18319,6228
1598515200,1.1832,1.18394,1.18158,1.18333,13023
1598529600,1.18333,1.18397,1.17934,1.18319,15112
1598544000,1.18322,1.1901,1.17616,1.17966,47819
1598558400,1.17965,1.18343,1.17922,1.18209,14139
1598572800,1.18171,1.18241,1.18102,1.18164,4011
1598587200,1.18164,1.18738,1.1814,1.18727,9370
1598601600,1.18726,1.1917200000000001,1.18602,1.19083,24252
1598616000,1.19085,1.1919,1.18738,1.18851,17958
1598630400,1.1885,1.19103,1.18666,1.18878,24232
1598644800,1.18879,1.19057,1.18827,1.19037,7801
1598832000,1.18996,1.19289,1.18954,1.19072,7410
1598846400,1.19072,1.19166,1.18959,1.19003,7157
1598860800,1.19004,1.19113,1.18833,1.19071,12775
1598875200,1.1907,1.19398,1.19069,1.19333,14062
1598889600,1.19334,1.19654,1.19203,1.19435,21132
1598904000,1.19435,1.19495,1.1925,1.1935,8345
1598918400,1.19324,1.19474,1.19321,1.19404,4164
1598932800,1.19405,1.19966,1.19405,1.19867,12195
1598947200,1.19867,1.1996,1.19608,1.19725,19860
1598961600,1.19723,1.19945,1.19628,1.19879,17346
1598976000,1.19879,1.20106,1.19311,1.19333,23445
1598990400,1.19333,1.19333,1.19005,1.19107,10985
1599004800,1.19101,1.1928,1.19055,1.19067,4000
1599019200,1.19066,1.19086,1.1891,1.19044,6314
1599033600,1.19044,1.19128,1.18516,1.18565,15611
1599048000,1.18565,1.18768,1.18446,1.18583,17168
1599062400,1.18584,1.18596,1.18214,1.1847,23326
1599076800,1.18471,1.1857,1.1822300000000001,1.18533,11566
1599091200,1.18509,1.18543,1.18291,1.18304,4004
1599105600,1.18305,1.18356,1.18037,1.18094,7276
1599120000,1.18094,1.18353,1.17881,1.18317,16013
1599134400,1.18315,1.18404,1.18011,1.18316,16935
1599148800,1.18316,1.18482,1.18102,1.18325,26371
1599163200,1.1832799999999999,1.18638,1.18311,1.18503,11956
1599177600,1.18475,1.18571,1.18382,1.18518,4755
1599192000,1.18519,1.18573,1.18399,1.18509,6511
1599206400,1.18509,1.18646,1.18325,1.18583,12832
1599220800,1.18583,1.18619,1.1801,1.18108,20061
1599235200,1.18104,1.18358,1.17799,1.18343,31432
1599249600,1.18343,1.18541,1.18312,1.1836,11407
1599436800,1.18444,1.1844999999999999,1.18315,1.18353,4961
1599451200,1.18352,1.18403,1.18292,1.18331,4744
1599465600,1.18331,1.18479,1.18237,1.18316,11708
1599480000,1.18316,1.18364,1.18117,1.18216,10577
1599494400,1.18218,1.18316,1.1814,1.18155,8682
1599508800,1.18155,1.18186,1.18103,1.18104,5271
1599523200,1.18107,1.1821,1.18043,1.18062,5529
1599537600,1.18061,1.18106,1.17943,1.18104,6295
1599552000,1.18105,1.18266,1.17971,1.18076,17523
1599566400,1.1807699999999999,1.18144,1.17769,1.17998,27560
1599580800,1.17996,1.18054,1.17648,1.1795200000000001,33913
1599595200,1.1795200000000001,1.17978,1.17719,1.17722,12508
1599609600,1.17717,1.17784,1.1756199999999999,1.17748,7226
1599624000,1.17748,1.1782,1.17664,1.17777,7283
1599638400,1.17778,1.17869,1.176,1.17627,17674
1599652800,1.17627,1.1819,1.1751800000000001,1.17978,20257
1599667200,1.17977,1.18332,1.17911,1.18026,28022
1599681600,1.18026,1.18103,1.17981,1.1802,9115
1599696000,1.17993,1.18139,1.1795,1.18093,5961
1599710400,1.18094,1.18238,1.18063,1.18184,6894
1599724800,1.18184,1.18394,1.18152,1.18335,14611
1599739200,1.18335,1.19019,1.18281,1.18869,27218
1599753600,1.18869,1.19168,1.18471,1.18568,34599
1599768000,1.18568,1.18637,1.18093,1.18136,17797
1599782400,1.18093,1.1836,1.18093,1.18341,5744
1599796800,1.1834,1.18394,1.1829399999999999,1.18346,7107
1599811200,1.18347,1.18591,1.18277,1.18559,15405
1599825600,1.18559,1.18733,1.1834,1.18457,17186
1599840000,1.18458,1.18568,1.18272,1.18365,19392
1599854400,1.18365,1.18473,1.18256,1.18438,12065
1600041600,1.18342,1.1846700000000001,1.18312,1.18337,3885
1600056000,1.18337,1.18503,1.18331,1.1846700000000001,5989
1600070400,1.18468,1.1868,1.18417,1.18557,12152
1600084800,1.18557,1.18835,1.18486,1.1877,14316
1600099200,1.1877,1.18873,1.18639,1.18661,19360
1600113600,1.18661,1.18695,1.18586,1.1862,7926
1600128000,1.18591,1.18695,1.1858,1.18678,4178
1600142400,1.18679,1.1894,1.18634,1.1893,8636
1600156800,1.18931,1.1899,1.18753,1.18808,14838
1600171200,1.18804,1.1899899999999999,1.18676,1.18742,17378
1600185600,1.18741,1.18808,1.18387,1.18519,19712
1600200000,1.18519,1.18542,1.1844000000000001,1.18454,7671
1600214400,1.1846700000000001,1.18497,1.18282,1.18338,4454
1600228800,1.18337,1.18482,1.1828,1.1847,7317
1600243200,1.1847,1.18722,1.18404,1.18651,11931
1600257600,1.18651,1.18818,1.18451,1.1857199999999999,17360
1600272000,1.1857199999999999,1.18681,1.18083,1.18324,23989
1600286400,1.18324,1.18543,1.17868,1.18154,32694
1600300800,1.18117,1.18185,1.1768,1.17764,6967
1600315200,1.17764,1.17899,1.17365,1.17578,14234
1600329600,1.17578,1.18113,1.17549,1.18027,24486
1600344000,1.18026,1.1812,1.17824,1.1807400000000001,23750
1600358400,1.1807400000000001,1.18271,1.17931,1.18214,27512
1600372800,1.18214,1.18516,1.1820599999999999,1.18469,11191
1600387200,1.1843,1.1861,1.18414,1.18532,6219
1600401600,1.18532,1.18608,1.18423,1.18479,9769
1600416000,1.18479,1.18683,1.18393,1.18584,12466
1600430400,1.18582,1.18631,1.18296,1.18435,16238
1600444800,1.18435,1.18697,1.18252,1.18649,23272
1600459200,1.18648,1.18669,1.18335,1.1838,11166
1600646400,1.18412,1.18598,1.18395,1.18584,5213
1600660800,1.18584,1.1871,1.18536,1.1865999999999999,8571
1600675200,1.18659,1.1869399999999999,1.17905,1.18005,21955
1600689600,1.18005,1.18005,1.17625,1.1769,23005
1600704000,1.17692,1.17793,1.1731,1.174,30972
1600718400,1.174,1.17742,1.17355,1.17707,12697
1600732800,1.17651,1.17725,1.1755,1.1767400000000001,6843
1600747200,1.1767400000000001,1.17708,1.17522,1.17679,10845
1600761600,1.17681,1.17682,1.17195,1.17439,23420
1600776000,1.1743999999999999,1.17666,1.17326,1.17498,22305
1600790400,1.17499,1.176,1.1691,1.17034,30607
1600804800,1.17033,1.17158,1.17018,1.17031,10135
1600819200,1.17053,1.17099,1.16773,1.16798,7998
1600833600,1.16799,1.16917,1.16739,1.16777,13472
1600848000,1.16778,1.17042,1.16713,1.17035,21207
1600862400,1.17034,1.17182,1.16845,1.16909,18879
1600876800,1.16909,1.17038,1.16634,1.16805,26072
1600891200,1.16804,1.16842,1.16504,1.16588,13319
1600905600,1.16597,1.1672500000000001,1.16512,1.16723,7428
1600920000,1.16724,1.1679,1.1651799999999999,1.1652,10309
1600934400,1.16521,1.1673,1.16436,1.16563,18946
1600948800,1.16562,1.1659,1.16258,1.16388,19661
1600963200,1.16388,1.16686,1.1630099999999999,1.16617,29775
1600977600,1.16617,1.16862,1.16605,1.16672,13645
1600992000,1.16733,1.16764,1.16635,1.16671,5110
1601006400,1.16671,1.16737,1.16612,1.16673,7513
1601020800,1.16672,1.16843,1.1650800000000001,1.16551,17103
1601035200,1.1655,1.16551,1.16266,1.16361,21438
1601049600,1.16361,1.16388,1.16114,1.16185,23329
1601064000,1.16186,1.16345,1.16147,1.1630099999999999,9709
1601251200,1.16228,1.16372,1.16144,1.16155,6340
1601265600,1.16158,1.16395,1.16158,1.16307,5928
1601280000,1.16306,1.16448,1.16218,1.16402,13474
1601294400,1.16402,1.16772,1.1637,1.16623,17999
1601308800,1.16622,1.16794,1.16415,1.16552,19886
1601323200,1.16552,1.16705,1.16529,1.16657,7513
1601337600,1.16615,1.1683,1.16598,1.1676199999999999,4719
1601352000,1.16761,1.16782,1.16662,1.16756,5423
1601366400,1.16756,1.1685699999999999,1.16645,1.16826,15658
1601380800,1.16825,1.17139,1.16801,1.17025,18866
1601395200,1.17026,1.17433,1.16942,1.17368,21760
1601409600,1.1736900000000001,1.17447,1.17311,1.17424,7283
1601424000,1.1742,1.17477,1.17353,1.17371,4311
1601438400,1.17372,1.17542,1.1727,1.1733500000000001,9470
1601452800,1.17336,1.1742,1.17052,1.17089,19171
1601467200,1.17089,1.17182,1.16932,1.1709,19176
1601481600,1.1709,1.1751,1.16839,1.17209,32708
1601496000,1.17209,1.1727400000000001,1.1709,1.17201,14766
1601510400,1.17188,1.17311,1.17164,1.17175,4553
1601524800,1.17175,1.17478,1.17169,1.17464,7011
1601539200,1.17464,1.17571,1.17214,1.17236,21078
1601553600,1.17237,1.17689,1.17227,1.1754,24620
1601568000,1.1754,1.17585,1.17203,1.17439,28256
1601582400,1.17438,1.17499,1.17341,1.1745,10156
1601596800,1.1740599999999999,1.17469,1.17329,1.17339,4571
1601611200,1.1734,1.17362,1.17024,1.17053,8589
1601625600,1.17053,1.17408,1.1695,1.1712799999999999,31543
1601640000,1.1712799999999999,1.17329,1.16978,1.17075,23772
1601654400,1.17075,1.1724,1.16988,1.17171,28243
1601668800,1.1717,1.17207,1.17089,1.17153,12914
1601856000,1.17106,1.17281,1.17047,1.17244,6213
1601870400,1.17245,1.17351,1.17206,1.17314,7127
1601884800,1.17314,1.1749100000000001,1.1718899999999999,1.17484,14663
1601899200,1.17482,1.17686,1.17455,1.17633,15303
1601913600,1.17635,1.17969,1.17635,1.1785700000000001,19183
1601928000,1.1785700000000001,1.17871,1.17707,1.17836,7480
1601942400,1.17778,1.17922,1.17768,1.17899,4649
1601956800,1.17899,1.17978,1.17852,1.17879,6274
1601971200,1.17879,1.17994,1.17645,1.17768,15686
1601985600,1.17768,1.1807,1.17723,1.17907,16979
1602000000,1.17907,1.1802,1.17721,1.17802,20709
1602014400,1.17802,1.17896,1.1731,1.17326,19546
1602028800,1.17315,1.17398,1.17293,1.17346,5633
1602043200,1.1734499999999999,1.1734499999999999,1.17242,1.1733,7549
1602057600,1.17329,1.17664,1.1729,1.1757,16372
1602072000,1.17569,1.17811,1.17486,1.17776,18883
1602086400,1.17776,1.17782,1.17572,1.1771,19779
1602100800,1.17708,1.17744,1.17595,1.17616,8515
1602115200,1.17591,1.17696,1.17574,1.17643,4232
1602129600,1.17642,1.1771,1.17588,1.17678,6090
1602144000,1.1768,1.17809,1.17551,1.17599,13887
1602158400,1.17595,1.17682,1.17513,1.17546,14576
1602172800,1.17547,1.17572,1.17319,1.17537,18314
1602187200,1.17538,1.17609,1.17509,1.17594,6772
1602201600,1.17581,1.17665,1.17492,1.17601,4091
1602216000,1.17602,1.178,1.17593,1.17746,7498
1602230400,1.1774499999999999,1.18033,1.17659,1.1801,13675
1602244800,1.18012,1.18093,1.17906,1.18084,14794
1602259200,1.18084,1.18274,1.18001,1.18224,19215
1602273600,1.18225,1.18303,1.18173,1.1829399999999999,7897
1602460800,1.18154,1.18208,1.18095,1.18121,4920
1602475200,1.18121,1.18211,1.1807699999999999,1.18177,5263
1602489600,1.18176,1.18261,1.18052,1.18104,11117
1602504000,1.18104,1.18131,1.17859,1.18089,12445
1602518400,1.18088,1.18159,1.1801300000000001,1.181,13823
1602532800,1.1810100000000001,1.18143,1.1804000000000001,1.18104,6077
1602547200,1.18107,1.18147,1.17934,1.17993,5509
1602561600,1.17993,1.18048,1.17898,1.17976,8138
1602576000,1.17975,1.18024,1.17774,1.17925,14191
1602590400,1.17924,1.17981,1.17825,1.17902,13943
1602604800,1.17903,1.17903,1.17299,1.17339,19102
1602619200,1.17339,1.17488,1.17302,1.17427,8264
1602633600,1.17418,1.17502,1.17372,1.17448,3667
1602648000,1.17449,1.1746699999999999,1.17344,1.17419,8972
1602662400,1.1742,1.17529,1.17278,1.1739600000000001,12705
1602676800,1.1739600000000001,1.17683,1.17192,1.17605,17857
1602691200,1.17606,1.17703,1.17447,1.17507,15431
1602705600,1.1751,1.17566,1.17431,1.17444,7863
1602720000,1.17438,1.17508,1.17399,1.17471,5073
1602734400,1.17472,1.1755200000000001,1.17423,1.17515,8412
1602748800,1.17514,1.1757,1.17024,1.17058,15480
1602763200,1.17058,1.17246,1.16916,1.16984,17339
1602777600,1.16985,1.17064,1.16876,1.16966,20652
1602792000,1.16965,1.17092,1.16919,1.17063,7932
1602806400,1.17062,1.17118,1.16998,1.17112,5040
1602820800,1.17113,1.17148,1.17012,1.1702,7258
1602835200,1.17021,1.17194,1.16932,1.17037,13097
1602849600,1.1703999999999999,1.17455,1.17017,1.17319,18851
1602864000,1.17319,1.17387,1.17127,1.17182,16537
1602878400,1.17183,1.1722,1.1712,1.17127,7333
1603065600,1.17154,1.17228,1.17106,1.17228,5243
1603080000,1.17228,1.17242,1.17033,1.17048,7535
1603094400,1.17048,1.17412,1.17024,1.17368,12434
1603108800,1.1736900000000001,1.1788,1.17365,1.17765,14093
1603123200,1.17767,1.1793,1.1772,1.1781,15258
1603137600,1.17812,1.17846,1.17636,1.17702,7870
1603152000,1.17642,1.17753,1.17632,1.17741,4953
1603166400,1.17741,1.17771,1.17633,1.17763,7389
1603180800,1.17764,1.17926,1.17591,1.17813,12442
1603195200,1.17813,1.18173,1.17803,1.1808,14007
1603209600,1.18079,1.18401,1.18068,1.18258,16146
1603224000,1.1825700000000001,1.18354,1.1820599999999999,1.18217,8170
1603238400,1.18201,1.18342,1.18197,1.1832799999999999,5300
1603252800,1.1832799999999999,1.18488,1.1829399999999999,1.18469,9231
1603267200,1.18469,1.18697,1.18421,1.18498,16307
1603281600,1.18498,1.18654,1.18408,1.18619,16519
1603296000,1.18619,1.188,1.18434,1.18727,21344
1603310400,1.18727,1.18761,1.18531,1.18602,9146
1603324800,1.18536,1.18641,1.18419,1.1844999999999999,6909
1603339200,1.1844999999999999,1.18503,1.18375,1.18441,7294
1603353600,1.1844000000000001,1.18661,1.18395,1.18437,13647
1603368000,1.18435,1.18451,1.18106,1.18254,14743
1603382400,1.18255,1.18359,1.18147,1.18214,16168
1603396800,1.18215,1.18254,1.18151,1.18178,5841
1603411200,1.18147,1.18225,1.1786,1.17991,8484
1603425600,1.1799,1.1804000000000001,1.17943,1.18011,7739
1603440000,1.18011,1.18459,1.17907,1.1838,13605
1603454400,1.1838,1.18595,1.18335,1.18523,12667
1603468800,1.18522,1.18539,1.18245,1.18426,13329
1603483200,1.18426,1.18641,1.18417,1.18575,6365
1603670400,1.18549,1.18591,1.1833,1.1839,8640
1603684800,1.1838899999999999,1.18437,1.18281,1.18305,6181
1603699200,1.18305,1.18468,1.18048,1.18093,15580
1603713600,1.18093,1.18271,1.18025,1.18164,13588
1603728000,1.18164,1.1825700000000001,1.1807,1.1815,13839
1603742400,1.18151,1.18174,1.18046,1.18071,5639
1603756800,1.18072,1.18222,1.18056,1.18176,6638
1603771200,1.18177,1.1834,1.18165,1.1832799999999999,5251
1603785600,1.18327,1.18352,1.1795499999999999,1.1808,12851
1603800000,1.18079,1.18372,1.18038,1.18339,12858
1603814400,1.1834,1.18381,1.18191,1.18246,11247
1603828800,1.18245,1.18272,1.17817,1.17852,6163
1603843200,1.17863,1.17873,1.17688,1.17792,10169
1603857600,1.17794,1.17841,1.17737,1.17834,5421
1603872000,1.1783299999999999,1.17844,1.17423,1.17478,17688
1603886400,1.17478,1.17523,1.17171,1.1733500000000001,18032
1603900800,1.17336,1.17597,1.17198,1.17498,18637
1603915200,1.17499,1.17574,1.17437,1.1743999999999999,6900
1603929600,1.17442,1.1758,1.17431,1.17561,7191
1603944000,1.1756199999999999,1.17574,1.17433,1.17541,5899
1603958400,1.17541,1.17567,1.17229,1.17249,15763
1603972800,1.17249,1.1727400000000001,1.16788,1.16919,23042
1603987200,1.16921,1.16995,1.16495,1.16572,19251
1604001600,1.16573,1.16777,1.1656900000000001,1.16737,6890
1604016000,1.16704,1.16843,1.1667399999999999,1.16835,8171
1604030400,1.16835,1.16939,1.16743,1.168,9095
1604044800,1.16799,1.16836,1.16598,1.1672500000000001,17990
1604059200,1.1672500000000001,1.17035,1.16639,1.16862,20518
1604073600,1.16862,1.16889,1.16392,1.16451,19915
1604088000,1.16451,1.16503,1.16409,1.16436,6621
1604275200,1.16453,1.16489,1.1637,1.16411,8293
1604289600,1.16411,1.16465,1.16293,1.16365,7560
1604304000,1.16365,1.16486,1.16211,1.1639599999999999,17908
1604318400,1.16395,1.16551,1.16355,1.16364,15047
1604332800,1.16365,1.16399,1.16229,1.1627,13564
1604347200,1.16271,1.16403,1.1622,1.16395,6871
1604361600,1.16334,1.16504,1.16334,1.16492,5011
1604376000,1.16492,1.16589,1.16465,1.16541,6376
1604390400,1.16541,1.1696900000000001,1.16526,1.16959,14110
1604404800,1.16959,1.17174,1.16911,1.17037,13528
1604419200,1.17037,1.17391,1.17016,1.17088,14319
1604433600,1.17088,1.17219,1.1695,1.17176,7981
1604448000,1.1711,1.17698,1.1673499999999999,1.16829,24473
1604462400,1.16829,1.16852,1.16019,1.1658,35609
1604476800,1.1658,1.16946,1.16275,1.16749,26350
1604491200,1.1675,1.1745,1.16714,1.17097,25601
1604505600,1.17099,1.1733500000000001,1.16795,1.17144,26804
1604520000,1.17144,1.17278,1.17094,1.17221,11153
1604534400,1.17212,1.17386,1.17139,1.17205,10785
1604548800,1.17206,1.17436,1.1710099999999999,1.17354,12703
1604563200,1.17355,1.18017,1.17268,1.17937,22478
1604577600,1.17937,1.1859,1.1788,1.18384,23863
1604592000,1.1838,1.18393,1.17903,1.18026,24653
1604606400,1.18027,1.18436,1.17944,1.18232,13707
1604620800,1.18248,1.18459,1.17946,1.1811099999999999,14382
1604635200,1.18112,1.18327,1.18068,1.18137,11331
1604649600,1.18136,1.18529,1.18122,1.18524,17240
1604664000,1.18524,1.18896,1.18458,1.18882,23515
1604678400,1.18883,1.18902,1.18504,1.18803,26721
1604692800,1.18801,1.18858,1.18709,1.18739,6668
1604880000,1.18875,1.18945,1.18781,1.18872,10755
1604894400,1.18873,1.18951,1.18793,1.18799,8392
1604908800,1.188,1.18977,1.18639,1.1873,17749
1604923200,1.18732,1.19061,1.18593,1.18922,35890
1604937600,1.1892,1.19192,1.17945,1.18178,40140
1604952000,1.18178,1.18358,1.18023,1.18121,15603
1604966400,1.18133,1.18275,1.18062,1.18235,12474
1604980800,1.18235,1.18378,1.18222,1.18329,12087
1604995200,1.18325,1.18427,1.17996,1.18055,21014
1605009600,1.18058,1.1819,1.17791,1.18095,25009
1605024000,1.18095,1.18336,1.18004,1.18189,28271
1605038400,1.18188,1.18252,1.18026,1.18167,10376
1605052800,1.18165,1.18275,1.18068,1.18263,7488
1605067200,1.18263,1.18321,1.18204,1.18242,7110
1605081600,1.18242,1.18274,1.17791,1.17922,13705
1605096000,1.17922,1.17965,1.1753,1.17577,17180
1605110400,1.17577,1.17736,1.17448,1.17723,13986
1605124800,1.17723,1.17817,1.17685,1.17776,4444
1605139200,1.17746,1.17875,1.17724,1.17812,6227
1605153600,1.17811,1.17827,1.1767,1.17731,6741
1605168000,1.17732,1.18113,1.1757900000000001,1.18085,15527
1605182400,1.18084,1.18225,1.17893,1.18087,14022
1605196800,1.18086,1.18171,1.17864,1.17994,17316
1605211200,1.17994,1.18105,1.1795200000000001,1.18049,7527
1605225600,1.17978,1.1813,1.17978,1.18079,5594
1605240000,1.18079,1.18091,1.17981,1.18056,6170
1605254400,1.18057,1.18265,1.18,1.1826,11737
1605268800,1.1826,1.18337,1.18076,1.18199,12102
1605283200,1.182,1.18309,1.18126,1.18258,13097
1605297600,1.1825700000000001,1.18369,1.18235,1.18347,5412
1605484800,1.18369,1.18482,1.18259,1.18472,6737
1605499200,1.18473,1.18539,1.18445,1.18464,5116
1605513600,1.18463,1.18686,1.18397,1.18441,11549
1605528000,1.18441,1.18487,1.18134,1.18204,26053
1605542400,1.18205,1.18449,1.18181,1.18411,16155
1605556800,1.18411,1.18563,1.1836,1.18531,5251
1605571200,1.18519,1.18659,1.18482,1.18592,6188
1605585600,1.18592,1.18662,1.18532,1.18556,4833
1605600000,1.18555,1.18749,1.18417,1.18673,12979
1605614400,1.18672,1.1893,1.18645,1.18852,14755
1605628800,1.18853,1.18853,1.18567,1.1862300000000001,16129
1605643200,1.1862300000000001,1.18688,1.18596,1.18601,5009
1605657600,1.18624,1.18653,1.18497,1.1853799999999999,6320
1605672000,1.18539,1.18765,1.1852800000000001,1.18727,6398
1605686400,1.18726,1.18902,1.1868400000000001,1.18874,13998
1605700800,1.18875,1.18875,1.18506,1.18586,16664
1605715200,1.18588,1.18761,1.18534,1.18688,15333
1605729600,1.18688,1.1869399999999999,1.18484,1.18534,6287
1605744000,1.18515,1.18563,1.18311,1.18421,8018
1605758400,1.1842,1.18515,1.18401,1.18497,8456
1605772800,1.18496,1.18516,1.18209,1.18289,15445
1605787200,1.18288,1.18408,1.18155,1.18296,14875
1605801600,1.18296,1.185,1.18177,1.18456,16978
1605816000,1.18456,1.18818,1.18456,1.18727,6435
1605830400,1.18739,1.18775,1.18644,1.1876,5710
1605844800,1.18759,1.1890100000000001,1.18699,1.18833,7261
1605859200,1.18833,1.18881,1.18554,1.18585,15196
1605873600,1.18584,1.18776,1.18505,1.18671,14423
1605888000,1.18671,1.18752,1.18492,1.18535,13348
1605902400,1.18534,1.18628,1.1849,1.18542,5037
1606089600,1.18518,1.18774,1.18496,1.18758,5185
1606104000,1.18758,1.18763,1.18707,1.1876,2711
1606118400,1.1876,1.18821,1.18621,1.18769,12031
1606132800,1.18768,1.19053,1.18749,1.18988,15077
1606147200,1.1899,1.18998,1.17991,1.1840600000000001,21383
1606161600,1.18407,1.18471,1.18341,1.18396,6368
1606176000,1.18391,1.1846700000000001,1.18324,1.1841,6512
1606190400,1.18411,1.18545,1.18408,1.18512,7967
1606204800,1.18513,1.18898,1.18453,1.18828,13490
1606219200,1.1883,1.18933,1.18495,1.18533,14703
1606233600,1.18533,1.18856,1.18405,1.1872,17978
1606248000,1.1872,1.18958,1.18669,1.18919,6763
1606262400,1.18919,1.19054,1.18889,1.18973,5948
1606276800,1.18973,1.19095,1.18948,1.1897199999999999,8012
1606291200,1.18971,1.1929,1.18903,1.1904,18239
1606305600,1.1904,1.19146,1.18812,1.19035,14270
1606320000,1.19036,1.19257,1.18908,1.1915,19529
1606334400,1.1915,1.19239,1.1907,1.19127,7570
1606348800,1.19144,1.19286,1.19117,1.1926,4166
1606363200,1.19261,1.19278,1.19193,1.19253,5136
1606377600,1.19254,1.19403,1.19012,1.19028,11935
1606392000,1.19028,1.19141,1.18845,1.18973,11225
1606406400,1.1897199999999999,1.1914,1.18924,1.19122,8763
1606420800,1.1912099999999999,1.19178,1.19075,1.19117,3569
1606435200,1.19097,1.19142,1.19058,1.19128,3644
1606449600,1.19129,1.1928,1.19093,1.1926,5515
1606464000,1.1926,1.1932,1.19139,1.1922,11241
1606478400,1.19221,1.19385,1.19134,1.1936,13086
1606492800,1.1936,1.19611,1.19306,1.19559,16463
1606507200,1.19559,1.19625,1.19491,1.19613,4612
1606694400,1.19581,1.19735,1.19581,1.19731,5807
1606708800,1.19731,1.19741,1.19644,1.19714,6325
1606723200,1.19714,1.19847,1.19614,1.19838,13563
1606737600,1.19838,1.19917,1.19724,1.19857,13323
1606752000,1.19857,1.20026,1.19411,1.19536,26009
1606766400,1.19538,1.19592,1.19231,1.19252,7602
1606780800,1.19256,1.19488,1.19246,1.19486,5803
1606795200,1.1948699999999999,1.19592,1.19473,1.19563,5873
1606809600,1.19564,1.19849,1.19533,1.198,15169
1606824000,1.198,1.19932,1.19594,1.19915,16545
1606838400,1.19914,1.20539,1.19744,1.20445,27277
1606852800,1.20444,1.20759,1.20419,1.20711,8930
1606867200,1.20681,1.20731,1.20597,1.2067700000000001,6722
1606881600,1.20678,1.2083,1.20657,1.20674,7762
1606896000,1.20675,1.20869,1.20448,1.20528,19992
1606910400,1.20527,1.2078,1.20392,1.2065299999999999,19581
1606924800,1.20654,1.2107700000000001,1.20594,1.20927,23116
1606939200,1.20926,1.21176,1.20893,1.21135,7075
1606953600,1.21125,1.21148,1.21034,1.21127,6112
1606968000,1.21126,1.21245,1.21113,1.21187,6679
1606982400,1.21187,1.21386,1.21003,1.21106,15524
1606996800,1.21106,1.21606,1.21032,1.21502,20501
1607011200,1.21503,1.21738,1.2137,1.21454,22330
1607025600,1.21454,1.21486,1.21319,1.21466,8224
1607040000,1.21385,1.2153,1.21376,1.21432,6708
1607054400,1.21431,1.21505,1.21383,1.21492,7832
1607068800,1.21494,1.21726,1.2143,1.21662,16941
1607083200,1.2166299999999999,1.21768,1.21309,1.2145,22604
1607097600,1.21449,1.21711,1.21324,1.21428,21649
1607112000,1.21429,1.2151,1.21092,1.21196,7998
1607299200,1.21161,1.21354,1.21161,1.21343,7591
1607313600,1.21342,1.21396,1.21298,1.21311,5800
1607328000,1.2131,1.21322,1.20778,1.20923,19013
1607342400,1.20924,1.21388,1.20844,1.21365,19799
1607356800,1.21364,1.21656,1.2129,1.21324,17869
1607371200,1.21323,1.21324,1.21068,1.21081,9928
1607385600,1.2106,1.21126,1.21034,1.21062,6008
1607400000,1.21063,1.21188,1.21044,1.21176,6655
1607414400,1.21176,1.21336,1.20946,1.21281,16733
1607428800,1.21283,1.2132100000000001,1.21066,1.21174,21429
1607443200,1.2117499999999999,1.2133,1.2099199999999999,1.21145,21574
1607457600,1.21144,1.21166,1.20993,1.2104,6307
1607472000,1.21012,1.21139,1.20994,1.21105,4996
1607486400,1.21106,1.21304,1.21095,1.21304,6604
1607500800,1.21303,1.21466,1.21193,1.2125,15097
1607515200,1.21247,1.21359,1.21004,1.2119900000000001,16027
1607529600,1.2119900000000001,1.2123,1.2058,1.20717,22817
1607544000,1.20716,1.2083,1.206,1.20803,8556
1607558400,1.2081,1.20839,1.2073,1.2080899999999999,5533
1607572800,1.20808,1.20997,1.20802,1.20955,7315
1607587200,1.20955,1.2107999999999999,1.2082600000000001,1.21055,16382
1607601600,1.21056,1.21347,1.20805,1.21253,24247
1607616000,1.2125,1.21583,1.20959,1.21194,31607
1607630400,1.21195,1.21441,1.21126,1.2140900000000001,9181
1607644800,1.21379,1.21594,1.21338,1.21549,6215
1607659200,1.2155,1.21595,1.21503,1.21546,6753
1607673600,1.21546,1.21622,1.21118,1.21168,17928
1607688000,1.21168,1.2137,1.21095,1.21149,19867
1607702400,1.21148,1.21325,1.21047,1.21158,19659
1607716800,1.21158,1.21195,1.21097,1.21097,5648
1607904000,1.21299,1.21416,1.21148,1.21283,6209
1607918400,1.21283,1.21411,1.21277,1.21399,4355
1607932800,1.21398,1.21596,1.21377,1.21571,13287
1607947200,1.2157,1.2176,1.21471,1.21706,15387
1607961600,1.21706,1.21706,1.21223,1.21569,19156
1607976000,1.21568,1.21599,1.21381,1.21408,5400
1607990400,1.21401,1.21599,1.21401,1.21591,5307
1608004800,1.21591,1.21624,1.21444,1.21539,6968
1608019200,1.21538,1.21614,1.21308,1.21572,12398
1608033600,1.21571,1.21655,1.2120199999999999,1.21388,16727
1608048000,1.21389,1.21606,1.21373,1.21603,16147
1608062400,1.2160199999999999,1.21681,1.21483,1.21517,7291
1608076800,1.21519,1.21547,1.21444,1.21503,4427
1608091200,1.21502,1.21644,1.21502,1.21616,6222
1608105600,1.21616,1.22115,1.21517,1.22055,17861
1608120000,1.2205300000000001,1.22061,1.2178200000000001,1.2187000000000001,14923
1608134400,1.2187000000000001,1.22057,1.21619,1.21681,16979
1608148800,1.2168,1.22007,1.21242,1.21984,16355
1608163200,1.21962,1.22079,1.21891,1.22016,4993
1608177600,1.22017,1.22347,1.22004,1.22252,7253
1608192000,1.22252,1.22432,1.22233,1.22318,14893
1608206400,1.22318,1.22581,1.22244,1.22411,16335
1608220800,1.22411,1.2267000000000001,1.22383,1.22596,15919
1608235200,1.22596,1.2272,1.2257500000000001,1.22669,6932
1608249600,1.22651,1.2271,1.22499,1.22555,5030
1608264000,1.22556,1.22579,1.22378,1.22425,6874
1608278400,1.22424,1.22623,1.22421,1.22486,12487
1608292800,1.22485,1.22681,1.22424,1.22479,13953
1608307200,1.22479,1.22528,1.22247,1.22359,15753
1608321600,1.2236,1.22573,1.22343,1.2253,5988
1608508800,1.22218,1.22343,1.2204,1.22074,8363
1608523200,1.22073,1.22117,1.2178,1.21906,9499
1608537600,1.21905,1.22261,1.21674,1.21745,21455
1608552000,1.21746,1.2214,1.21289,1.21905,31348
1608566400,1.21909,1.22381,1.21909,1.22355,21928
1608580800,1.22355,1.22522,1.22272,1.22423,10901
1608595200,1.2235,1.22492,1.22275,1.22305,5783
1608609600,1.22305,1.22346,1.22151,1.22178,7317
1608624000,1.22178,1.22289,1.2204,1.22065,14491
1608638400,1.2206299999999999,1.22564,1.22035,1.22294,17259
1608652800,1.22295,1.22384,1.216,1.21738,23217
1608667200,1.21737,1.2174,1.2151399999999999,1.21611,7490
1608681600,1.21597,1.2187000000000001,1.2153100000000001,1.21764,8388
1608696000,1.21763,1.21913,1.21656,1.21882,7916
1608710400,1.21881,1.22001,1.21713,1.2193100000000001,12072
1608724800,1.2193100000000001,1.21977,1.21595,1.21756,16063
1608739200,1.21755,1.22204,1.21728,1.2186,22757
1608753600,1.21861,1.21957,1.21719,1.21856,7786
1608768000,1.2183,1.22115,1.21812,1.22075,6210
1608782400,1.22075,1.22149,1.22011,1.22042,5787
1608796800,1.22043,1.22091,1.21863,1.2190699999999999,8767
1608811200,1.21905,1.22025,1.21849,1.21876,8026
1608825600,1.21873,1.21971,1.21766,1.21825,9479
1609113600,1.21802,1.22074,1.21786,1.22042,9079
1609128000,1.22042,1.22231,1.22037,1.22228,5493
1609142400,1.22228,1.22497,1.22188,1.22482,10503
1609156800,1.22482,1.22496,1.21906,1.22122,16853
1609171200,1.22121,1.22394,1.22045,1.22055,16059
1609185600,1.22054,1.22155,1.22018,1.22135,7178
1609200000,1.22092,1.2234,1.22059,1.22265,5854
1609214400,1.22264,1.22424,1.22237,1.22355,7711
1609228800,1.22354,1.22573,1.2235,1.2248999999999999,11771
1609243200,1.22488,1.2261,1.22382,1.22527,16300
1609257600,1.22528,1.22744,1.22363,1.22408,17335
1609272000,1.22408,1.22579,1.22353,1.22485,8223
1609286400,1.22448,1.22939,1.22443,1.229,8750
1609300800,1.22901,1.22913,1.2281,1.22842,6522
1609315200,1.22841,1.22858,1.2252,1.22678,11947
1609329600,1.22678,1.22929,1.22657,1.22904,14577
1609344000,1.22906,1.23094,1.22705,1.22879,20495
1609358400,1.22879,1.23008,1.22798,1.22992,6264
1609372800,1.22976,1.23085,1.22906,1.23058,4476
1609387200,1.23058,1.23084,1.22844,1.22887,6770
1609401600,1.22887,1.23035,1.22761,1.22783,13977
1609416000,1.22783,1.22876,1.22587,1.22837,15530
1609430400,1.22838,1.22845,1.22202,1.22245,17810
1609444800,1.22243,1.22273,1.22235,1.22243,122
1609718400,1.2224,1.2254800000000001,1.2224,1.22518,10525
1609732800,1.22517,1.2258499999999999,1.22407,1.22544,9601
1609747200,1.22544,1.22998,1.22414,1.2292399999999999,16355
1609761600,1.22925,1.23055,1.22856,1.22981,17401
1609776000,1.22984,1.2309,1.22492,1.22522,28212
1609790400,1.22521,1.2256,1.22407,1.2251,9429
1609804800,1.22493,1.22623,1.22422,1.22563,7155
1609819200,1.22564,1.22761,1.22562,1.22715,8823
1609833600,1.22715,1.22832,1.22545,1.22716,15530
1609848000,1.22716,1.229,1.22597,1.22618,16044
1609862400,1.22619,1.23045,1.22531,1.22987,25018
1609876800,1.22988,1.2305,1.22889,1.2297,8409
1609891200,1.22949,1.23257,1.22803,1.22885,14600
1609905600,1.22885,1.23058,1.22748,1.22958,16636
1609920000,1.2296,1.23445,1.22957,1.23376,21588
1609934400,1.2337500000000001,1.23489,1.2315800000000001,1.23187,20231
1609948800,1.23189,1.23199,1.22648,1.22982,28127
1609963200,1.22981,1.23391,1.22956,1.23239,17511
1609977600,1.2326,1.23437,1.23206,1.23297,8336
1609992000,1.23298,1.2331699999999999,1.23101,1.23119,9512
1610006400,1.23119,1.2325,1.22632,1.22682,19710
1610020800,1.22681,1.22778,1.22444,1.22679,18842
1610035200,1.22679,1.2281900000000001,1.22457,1.22647,25102
1610049600,1.22651,1.22785,1.2262,1.22679,8082
1610064000,1.22666,1.22716,1.2234099999999999,1.22473,10638
1610078400,1.22473,1.22674,1.22448,1.22571,9962
1610092800,1.22572,1.22684,1.22126,1.22393,18656
1610107200,1.22393,1.22838,1.22316,1.22708,19933
1610121600,1.22703,1.22828,1.22214,1.22281,31526
1610136000,1.2227999999999999,1.2227999999999999,1.21922,1.22177,12075
1610323200,1.22135,1.22245,1.21705,1.2177,8964
1610337600,1.2177,1.21814,1.21659,1.2180900000000001,7216
1610352000,1.21808,1.2199,1.21593,1.21599,15518
1610366400,1.21599,1.21713,1.21386,1.21438,15709
1610380800,1.21438,1.21736,1.21315,1.2166299999999999,21986
1610395200,1.21664,1.21709,1.21481,1.21492,5937
1610409600,1.21491,1.21613,1.21397,1.21484,6564
1610424000,1.21485,1.21544,1.21381,1.21525,6260
1610438400,1.21525,1.21784,1.2147999999999999,1.21611,14961
1610452800,1.21608,1.21661,1.21397,1.21455,14693
1610467200,1.21456,1.21771,1.21365,1.21738,19128
1610481600,1.21738,1.22089,1.21714,1.2207,10767
1610496000,1.22047,1.2217500000000001,1.21987,1.22167,7182
1610510400,1.22167,1.22195,1.22066,1.22082,5732
1610524800,1.22082,1.22221,1.21815,1.21886,12512
1610539200,1.21887,1.21911,1.21537,1.21605,15258
1610553600,1.21606,1.21799,1.21391,1.21645,21122
1610568000,1.21649,1.2174,1.21476,1.21573,7265
1610582400,1.21569,1.21712,1.21502,1.21652,5730
1610596800,1.21654,1.21684,1.21349,1.21544,11647
1610611200,1.21543,1.21667,1.21354,1.21655,14157
1610625600,1.21654,1.2166299999999999,1.21103,1.21191,17485
1610640000,1.21191,1.21779,1.21113,1.21648,20663
1610654400,1.21649,1.21766,1.21456,1.2153,11678
1610668800,1.21521,1.21617,1.21478,1.21501,5944
1610683200,1.21501,1.21539,1.21344,1.21391,6773
1610697600,1.2139,1.21459,1.2117,1.21383,13356
1610712000,1.2138200000000001,1.21438,1.21131,1.21153,14632
1610726400,1.21153,1.21171,1.2081,1.2093,23735
1610740800,1.20927,1.20927,1.20744,1.20745,7640
1610928000,1.20771,1.20858,1.20642,1.20779,7236
1610942400,1.20778,1.20841,1.20648,1.20769,6658
1610956800,1.20769,1.2086000000000001,1.20584,1.20614,11137
1610971200,1.20615,1.2075,1.20528,1.20652,10458
1610985600,1.2065299999999999,1.20803,1.20621,1.20741,7980
1611000000,1.20741,1.20808,1.20711,1.20763,4919
1611014400,1.20766,1.2096,1.20731,1.20926,5004
1611028800,1.20926,1.20978,1.209,1.20962,5226
1611043200,1.20962,1.2122,1.20845,1.21176,13673
1611057600,1.21176,1.21405,1.21174,1.21354,13933
1611072000,1.21353,1.21442,1.21147,1.21205,15583
1611086400,1.21205,1.21292,1.21182,1.21277,4581
1611100800,1.21245,1.21457,1.212,1.21401,6480
1611115200,1.21401,1.21487,1.21389,1.21435,5062
1611129600,1.21437,1.2157499999999999,1.21173,1.21266,14575
1611144000,1.21265,1.21269,1.20948,1.21064,13932
1611158400,1.21065,1.21172,1.20759,1.2106,17393
1611172800,1.21059,1.21093,1.2098200000000001,1.2104300000000001,6272
1611187200,1.21047,1.21299,1.2101600000000001,1.21231,5147
1611201600,1.2123,1.21373,1.21223,1.21339,4906
1611216000,1.21338,1.21452,1.2114,1.21418,13564
1611230400,1.21417,1.21725,1.21318,1.21507,19378
1611244800,1.21506,1.21695,1.2135,1.21479,21674
1611259200,1.2147999999999999,1.21695,1.21474,1.21671,6247
1611273600,1.2161,1.21769,1.21604,1.21722,6018
1611288000,1.21723,1.2176,1.21693,1.21713,4916
1611302400,1.21713,1.21888,1.21509,1.2173,15596
1611316800,1.2173,1.21867,1.21544,1.21647,13139
1611331200,1.21649,1.21841,1.21535,1.21666,16567
1611345600,1.21665,1.2172399999999999,1.21647,1.21699,6031
1611532800,1.21614,1.21727,1.21595,1.21635,6775
1611547200,1.2163599999999999,1.21802,1.2163599999999999,1.21799,5661
1611561600,1.218,1.21826,1.21432,1.21469,14044
1611576000,1.2147000000000001,1.21619,1.21394,1.21463,14137
1611590400,1.21464,1.21518,1.21152,1.21439,21141
1611604800,1.21439,1.21459,1.21354,1.21412,6229
1611619200,1.21385,1.21448,1.21324,1.21447,4164
1611633600,1.21447,1.21454,1.21262,1.21303,5342
1611648000,1.21301,1.21406,1.2107,1.2128,15964
1611662400,1.21282,1.21612,1.21224,1.21561,15193
1611676800,1.2156,1.21753,1.2139199999999999,1.21566,17811
1611691200,1.21566,1.21677,1.21556,1.21583,5439
1611705600,1.2159,1.2169,1.21576,1.2160199999999999,5178
1611720000,1.21603,1.21645,1.21522,1.21623,5040
1611734400,1.21624,1.21652,1.21186,1.21219,14201
1611748800,1.21219,1.2132100000000001,1.20975,1.21105,16906
1611763200,1.21106,1.21186,1.20575,1.21171,28743
1611777600,1.21172,1.21282,1.20925,1.21115,18791
1611792000,1.21068,1.21101,1.20816,1.21006,10018
1611806400,1.21005,1.21048,1.20863,1.21045,9493
1611820800,1.21045,1.21128,1.2079900000000001,1.21081,21145
1611835200,1.21078,1.21299,1.20874,1.21278,21090
1611849600,1.21278,1.21414,1.2118,1.21244,24361
1611864000,1.21246,1.21393,1.21177,1.21213,8807
1611878400,1.21168,1.21252,1.2103,1.21076,6414
1611892800,1.21076,1.21082,1.20937,1.20988,7752
1611907200,1.20987,1.21205,1.20965,1.21159,19539
1611921600,1.21158,1.21516,1.21063,1.21455,26329
1611936000,1.21456,1.21554,1.21243,1.21317,26945
1611950400,1.21317,1.21386,1.21268,1.2135799999999999,10565
1612137600,1.21278,1.21357,1.21192,1.21266,8936
1612152000,1.21265,1.21322,1.2124,1.21293,6911
1612166400,1.21293,1.2132,1.20829,1.2093,16605
1612180800,1.20926,1.20934,1.20688,1.20842,16915
1612195200,1.20841,1.20987,1.20619,1.20689,19986
1612209600,1.20688,1.2077499999999999,1.20554,1.20596,9046
1612224000,1.20605,1.20854,1.20578,1.20833,6451
1612238400,1.20832,1.2086999999999999,1.20739,1.20785,7268
1612252800,1.20784,1.20867,1.20631,1.20662,14347
1612267200,1.20662,1.2069,1.20255,1.20474,16781
1612281600,1.20474,1.20487,1.20109,1.20182,19938
1612296000,1.20182,1.20453,1.20164,1.20423,7804
1612310400,1.20414,1.20493,1.20351,1.20462,6472
1612324800,1.20463,1.20472,1.20384,1.20432,5985
1612339200,1.20434,1.20434,1.20088,1.2022,12907
1612353600,1.20235,1.20296,1.20041,1.20164,11290
1612368000,1.20164,1.20319,1.2003300000000001,1.2026,15483
1612382400,1.20261,1.20366,1.20205,1.20344,5847
1612396800,1.20328,1.2042,1.20281,1.20341,5160
1612411200,1.20342,1.20377,1.20118,1.20162,6468
1612425600,1.20161,1.20162,1.19823,1.19851,14488
1612440000,1.1985000000000001,1.19973,1.1982,1.19832,14457
1612454400,1.19833,1.19886,1.19565,1.19597,12561
1612468800,1.19598,1.19674,1.19569,1.19604,5224
1612483200,1.19598,1.19711,1.19574,1.19653,5273
1612497600,1.19654,1.19674,1.19515,1.19622,5393
1612512000,1.19623,1.19871,1.19588,1.19761,12028
1612526400,1.1976,1.20231,1.1968,1.2003300000000001,16920
1612540800,1.20032,1.20413,1.2,1.2037200000000001,18546
1612555200,1.20371,1.20493,1.20365,1.20476,6026
1612742400,1.20362,1.20548,1.2029,1.2037499999999999,8368
1612756800,1.20376,1.2042,1.20305,1.20359,3722
1612771200,1.20359,1.2048,1.20233,1.20274,8095
1612785600,1.20273,1.20434,1.2019,1.20369,12042
1612800000,1.20369,1.2065299999999999,1.20321,1.20464,15931
1612814400,1.20464,1.20568,1.20431,1.20492,5017
1612828800,1.20459,1.20634,1.20459,1.20587,5291
1612843200,1.20588,1.20813,1.20588,1.20774,6807
1612857600,1.20773,1.21158,1.20666,1.2109,15165
1612872000,1.2109,1.21124,1.20894,1.21011,12937
1612886400,1.2101,1.21087,1.20878,1.21046,16486
1612900800,1.21046,1.21212,1.21013,1.21185,6859
1612915200,1.21167,1.21183,1.21081,1.21153,4808
1612929600,1.21153,1.2129,1.21151,1.21237,4119
1612944000,1.2123599999999999,1.21432,1.21134,1.21186,11885
1612958400,1.21186,1.21389,1.21124,1.21279,14561
1612972800,1.2128,1.21388,1.21224,1.21374,19437
1612987200,1.21374,1.21374,1.21158,1.2116500000000001,5838
1613001600,1.21169,1.21193,1.21128,1.2116500000000001,2743
1613016000,1.21164,1.21271,1.21162,1.21257,2670
1613030400,1.21257,1.21352,1.21173,1.21296,7795
1613044800,1.21295,1.21488,1.2120199999999999,1.21429,7638
1613059200,1.21429,1.21444,1.21207,1.21265,13252
1613073600,1.21265,1.21366,1.21225,1.21303,4810
1613088000,1.21269,1.21342,1.2123599999999999,1.21264,2610
1613102400,1.21264,1.21309,1.21177,1.21306,3665
1613116800,1.21307,1.21307,1.20996,1.21075,8779
1613131200,1.21073,1.21142,1.20835,1.20865,9678
1613145600,1.20864,1.21283,1.20808,1.21225,13033
1613160000,1.21225,1.21256,1.21124,1.21181,3814
1613347200,1.21193,1.21276,1.2116,1.21261,3683
1613361600,1.2126000000000001,1.21396,1.21247,1.21372,3538
1613376000,1.21371,1.21444,1.213,1.21337,8760
1613390400,1.21337,1.21397,1.21231,1.21259,6580
1613404800,1.21261,1.21374,1.21201,1.21303,6458
1613419200,1.21303,1.21339,1.21244,1.21266,2259
1613433600,1.21283,1.21461,1.21241,1.2141899999999999,3771
1613448000,1.21421,1.21495,1.2132,1.21357,3936
1613462400,1.2135799999999999,1.21564,1.21277,1.21518,9512
1613476800,1.21516,1.21688,1.21057,1.21075,13376
1613491200,1.21073,1.21231,1.20942,1.21081,20067
1613505600,1.2107999999999999,1.2117,1.21028,1.21029,4072
1613520000,1.21035,1.21062,1.20825,1.20922,6585
1613534400,1.20922,1.20978,1.20853,1.20923,6214
1613548800,1.20924,1.20926,1.20591,1.20672,12834
1613563200,1.20671,1.2068699999999999,1.20297,1.2033,13027
1613577600,1.20329,1.2046999999999999,1.2022599999999999,1.20445,17735
1613592000,1.20446,1.20449,1.20336,1.20411,4968
1613606400,1.20365,1.2049400000000001,1.20365,1.20439,4761
1613620800,1.20438,1.20457,1.20349,1.20451,4372
1613635200,1.20451,1.2074799999999999,1.20356,1.20729,10910
1613649600,1.20729,1.20891,1.20618,1.2084,14819
1613664000,1.2084,1.20857,1.20613,1.20811,16639
1613678400,1.2080899999999999,1.20939,1.2079,1.20928,4213
1613692800,1.20915,1.20978,1.20855,1.2086999999999999,4012
1613707200,1.20872,1.20955,1.20816,1.20935,4699
1613721600,1.20935,1.21407,1.209,1.2133099999999999,11992
1613736000,1.2133,1.21438,1.21254,1.213,12610
1613750400,1.213,1.21394,1.21167,1.21262,12336
1613764800,1.21265,1.2127,1.21071,1.21158,5386
1613952000,1.21179,1.2134800000000001,1.2114099999999999,1.21257,6040
1613966400,1.21256,1.21284,1.21117,1.21195,5100
1613980800,1.21195,1.2123599999999999,1.20905,1.21074,13751
1613995200,1.21075,1.21535,1.21071,1.21466,14112
1614009600,1.21467,1.21669,1.21282,1.21646,18451
1614024000,1.21646,1.21686,1.21499,1.2157499999999999,4788
1614038400,1.21542,1.21764,1.21538,1.21749,4541
1614052800,1.2175,1.21763,1.21639,1.21694,3483
1614067200,1.21694,1.21795,1.21445,1.21484,10601
1614081600,1.21483,1.21574,1.21346,1.21485,12665
1614096000,1.21485,1.21658,1.21347,1.2145299999999999,19498
1614110400,1.2145299999999999,1.21567,1.21411,1.21487,6340
1614124800,1.21442,1.21655,1.2142,1.21577,8778
1614139200,1.21578,1.21615,1.21447,1.21473,8183
1614153600,1.21472,1.21738,1.21433,1.2162,15218
1614168000,1.21619,1.21717,1.21224,1.21327,16262
1614182400,1.21326,1.21461,1.21083,1.2141,21332
1614196800,1.2141,1.21736,1.21385,1.21669,8659
1614211200,1.21606,1.21704,1.21559,1.21567,6021
1614225600,1.21566,1.21821,1.21553,1.21771,5788
1614240000,1.21772,1.22222,1.21669,1.22192,16003
1614254400,1.22193,1.2237,1.22106,1.2211400000000001,19836
1614268800,1.22116,1.22425,1.22081,1.22116,29244
1614283200,1.22116,1.2213,1.21596,1.21765,24302
1614297600,1.21767,1.21837,1.21365,1.21631,14072
1614312000,1.21631,1.21818,1.21444,1.2153,10922
1614326400,1.2153,1.21588,1.2122,1.21244,20923
1614340800,1.21244,1.21284,1.20919,1.21227,23723
1614355200,1.21228,1.21407,1.20729,1.20793,31251
1614369600,1.20793,1.20894,1.20615,1.20697,12179
1614556800,1.20689,1.21004,1.2068699999999999,1.20834,9273
1614571200,1.20834,1.20881,1.2074,1.2084,6183
1614585600,1.2084,1.2092,1.2027700000000001,1.20379,13416
1614600000,1.20379,1.20549,1.20367,1.20523,12463
1614614400,1.20522,1.20684,1.20268,1.20401,19431
1614628800,1.20405,1.20507,1.20319,1.20475,6281
1614643200,1.20466,1.20497,1.20263,1.20304,5453
1614657600,1.20304,1.2035,1.20144,1.20209,10314
1614672000,1.2021,1.20262,1.19908,1.20054,15120
1614686400,1.20054,1.20369,1.20054,1.20282,14781
1614700800,1.20281,1.20842,1.20272,1.2079,18929
1614715200,1.20789,1.20937,1.20785,1.20893,6508
1614729600,1.20889,1.20926,1.20806,1.20907,5356
1614744000,1.20908,1.20912,1.20818,1.20832,3846
1614758400,1.20833,1.21126,1.20732,1.21006,14066
1614772800,1.21006,1.21025,1.20425,1.20539,15433
1614787200,1.2054,1.20798,1.20417,1.20697,22640
1614801600,1.20695,1.20777,1.20606,1.2061600000000001,9200
1614816000,1.2062599999999999,1.20654,1.20428,1.20613,6874
1614830400,1.20613,1.20624,1.20429,1.2055500000000001,7399
1614844800,1.2055500000000001,1.20618,1.20259,1.20312,13863
1614859200,1.20315,1.20484,1.20268,1.2035,14449
1614873600,1.20349,1.2053,1.19893,1.19931,27009
1614888000,1.19929,1.19992,1.1960899999999999,1.19712,22538
1614902400,1.19659,1.19769,1.19522,1.19599,9175
1614916800,1.19599,1.19641,1.19507,1.19588,8090
1614931200,1.19587,1.19601,1.19134,1.1927,17452
1614945600,1.19269,1.19425,1.18924,1.19171,22315
1614960000,1.1917200000000001,1.19456,1.19045,1.19113,34009
1614974400,1.19112,1.19221,1.19044,1.19092,10010
1615161600,1.19168,1.19315,1.19158,1.19264,8308
1615176000,1.19264,1.19275,1.1898,1.19114,9191
1615190400,1.19114,1.19139,1.18644,1.18714,14604
1615204800,1.18715,1.18799,1.18559,1.18705,14376
1615219200,1.18704,1.18865,1.1844999999999999,1.18559,22481
1615233600,1.18561,1.18643,1.18433,1.18453,8117
1615248000,1.1844999999999999,1.18519,1.18347,1.18375,8651
1615262400,1.18376,1.18664,1.18373,1.18533,10820
1615276800,1.18531,1.19082,1.18504,1.19048,14492
1615291200,1.19047,1.1915,1.18815,1.1891,13949
1615305600,1.18911,1.19083,1.18807,1.18855,19086
1615320000,1.18855,1.19042,1.18841,1.1899899999999999,7236
1615334400,1.18976,1.19017,1.1883,1.1884299999999999,5374
1615348800,1.18844,1.18848,1.18697,1.18743,6217
1615363200,1.18743,1.19015,1.18681,1.18992,9220
1615377600,1.18991,1.19122,1.18811,1.19098,14630
1615392000,1.19099,1.1924299999999999,1.18853,1.19075,19304
1615406400,1.19076,1.1929,1.19008,1.1928,10588
1615420800,1.19262,1.19282,1.1915,1.19209,4498
1615435200,1.1921,1.19339,1.1921,1.19266,6499
1615449600,1.19266,1.19681,1.1918199999999999,1.19629,12007
1615464000,1.19629,1.19731,1.19416,1.19563,16576
1615478400,1.19564,1.19786,1.19272,1.19714,19548
1615492800,1.19712,1.19892,1.19707,1.1984,8440
1615507200,1.19812,1.1987700000000001,1.19793,1.19834,4661
1615521600,1.19835,1.19838,1.19589,1.19627,6103
1615536000,1.19626,1.19626,1.19103,1.1917,13828
1615550400,1.19171,1.19395,1.19092,1.19256,13101
1615564800,1.19257,1.1956,1.19106,1.19472,20484
1615579200,1.1947,1.19607,1.19437,1.195,6513
1615766400,1.1947,1.19669,1.19424,1.1957,6838
1615780800,1.1957,1.19607,1.19292,1.19319,8084
1615795200,1.1932,1.19393,1.1917200000000001,1.19251,11237
1615809600,1.19251,1.19334,1.19152,1.19198,11673
1615824000,1.19198,1.1936499999999999,1.19105,1.19271,13036
1615838400,1.1927,1.19346,1.19205,1.1926700000000001,3973
1615852800,1.19266,1.19314,1.19215,1.1927,3941
1615867200,1.19271,1.19379,1.19214,1.19342,5086
1615881600,1.19343,1.19347,1.19129,1.19278,9686
1615896000,1.19279,1.1951100000000001,1.18964,1.1902,16184
1615910400,1.19018,1.19131,1.18815,1.1902,15282
1615924800,1.1902,1.19095,1.1897199999999999,1.19002,4734
1615939200,1.1902300000000001,1.19053,1.18919,1.1896200000000001,4568
1615953600,1.1896200000000001,1.19035,1.18953,1.1897199999999999,3586
1615968000,1.18973,1.1916,1.18854,1.19099,7666
1615982400,1.19098,1.19148,1.18903,1.19005,10423
1615996800,1.19005,1.19144,1.1896200000000001,1.19048,11580
1616011200,1.19142,1.19848,1.19142,1.19795,19763
1616025600,1.19794,1.1987,1.19662,1.19683,7079
1616040000,1.19684,1.19742,1.1954500000000001,1.19639,7719
1616054400,1.1964,1.19882,1.19343,1.19415,15583
1616068800,1.19416,1.19491,1.19095,1.19158,17544
1616083200,1.19157,1.19381,1.19079,1.19285,15902
1616097600,1.19286,1.1929400000000001,1.19054,1.19128,7472
1616112000,1.19122,1.19198,1.1902,1.19089,5011
1616126400,1.19089,1.19191,1.19013,1.1917200000000001,6195
1616140800,1.1917200000000001,1.19364,1.18918,1.18924,11375
1616155200,1.18926,1.19087,1.1873,1.18805,17075
1616169600,1.18805,1.19113,1.1875499999999999,1.19086,13642
1616184000,1.19086,1.19117,1.19013,1.19017,4236
1616371200,1.18785,1.18917,1.18744,1.18837,5727
1616385600,1.18837,1.1899,1.18836,1.1893,4295
1616400000,1.18929,1.19053,1.18739,1.18994,11941
1616414400,1.18994,1.19306,1.18986,1.1916,12828
1616428800,1.19159,1.19463,1.19125,1.19407,11237
1616443200,1.19406,1.19435,1.19265,1.19319,3521
1616457600,1.19327,1.194,1.19257,1.19288,4780
1616472000,1.19287,1.19325,1.19186,1.19239,4951
1616486400,1.19239,1.19311,1.18851,1.18905,10338
1616500800,1.18906,1.18992,1.18698,1.1872,13000
1616515200,1.18719,1.18759,1.18548,1.18564,10629
1616529600,1.1856200000000001,1.18568,1.18415,1.18483,4938
1616544000,1.18478,1.18509,1.18353,1.18474,4701
1616558400,1.18474,1.18489,1.1838,1.18397,4635
1616572800,1.18396,1.18466,1.18116,1.18341,13518
1616587200,1.18342,1.18359,1.18137,1.18221,12214
1616601600,1.18221,1.18383,1.18163,1.18264,11182
1616616000,1.18265,1.18298,1.18089,1.1813,5038
1616630400,1.18124,1.18169,1.18035,1.18112,4163
1616644800,1.18113,1.1827,1.1811099999999999,1.18193,5443
1616659200,1.18193,1.18207,1.18007,1.18099,9480
1616673600,1.18099,1.18174,1.17902,1.18071,13260
1616688000,1.1807,1.18117,1.1761,1.17739,16005
1616702400,1.17739,1.17811,1.17614,1.17672,6730
1616716800,1.17673,1.17838,1.17673,1.17827,4212
1616731200,1.17828,1.17836,1.1774,1.17826,2874
1616745600,1.17826,1.17966,1.1774499999999999,1.17917,8321
1616760000,1.17916,1.17929,1.1771,1.1783,10191
1616774400,1.17832,1.18043,1.17773,1.17895,11084
1616788800,1.17896,1.17992,1.17835,1.17913,4684
1616976000,1.17883,1.17926,1.1777,1.1779600000000001,3382
1616990400,1.1779600000000001,1.17903,1.17744,1.1778,4007
1617004800,1.17777,1.17933,1.17622,1.17657,9564
1617019200,1.17659,1.17878,1.17639,1.17849,10127
1617033600,1.17848,1.17921,1.176,1.17729,13477
1617048000,1.1773,1.17778,1.17622,1.17641,4735
1617062400,1.17631,1.17736,1.17622,1.17696,2589
1617076800,1.17695,1.1773,1.17593,1.17634,3499
1617091200,1.17632,1.17648,1.17323,1.1745700000000001,9614
1617105600,1.1745700000000001,1.1749100000000001,1.17266,1.17306,9943
1617120000,1.17306,1.1737,1.17105,1.17178,12546
1617134400,1.17178,1.17224,1.17131,1.17153,3572
1617148800,1.17147,1.17251,1.17127,1.17217,2928
1617163200,1.17216,1.17232,1.17033,1.17069,3997
1617177600,1.17069,1.17474,1.17039,1.17454,9643
1617192000,1.1745,1.1745,1.17203,1.17248,9222
1617206400,1.1724999999999999,1.17592,1.17204,1.17492,14850
1617220800,1.1749100000000001,1.17545,1.17187,1.17293,6386
1617235200,1.17275,1.17316,1.172,1.17286,3934
1617249600,1.17289,1.1732,1.17137,1.17149,4897
1617264000,1.17146,1.17439,1.17119,1.17268,10239
1617278400,1.17269,1.17532,1.17236,1.17444,9876
1617292800,1.17445,1.17794,1.17381,1.17724,14079
1617307200,1.17723,1.17778,1.1766,1.17767,4504
1617321600,1.17739,1.1783299999999999,1.17694,1.17709,2437
1617336000,1.17709,1.17804,1.17685,1.1777199999999999,3937
1617350400,1.17774,1.17858,1.17688,1.17812,3706
1617364800,1.17809,1.17853,1.17543,1.17679,5501
1617379200,1.17679,1.17682,1.17482,1.17601,5669
1617393600,1.17602,1.17631,1.17543,1.17543,3092
1617580800,1.17546,1.17671,1.17525,1.17642,3993
1617595200,1.17642,1.1771099999999999,1.17582,1.17584,2814
1617609600,1.17583,1.17599,1.17398,1.17465,5145
1617624000,1.17464,1.17803,1.17368,1.1778,5797
1617638400,1.17781,1.1816,1.17771,1.18152,8872
1617652800,1.18151,1.18188,1.18071,1.18113,3080
1617667200,1.18087,1.18209,1.18081,1.18131,2186
1617681600,1.18132,1.18164,1.1798899999999999,1.18047,5899
1617696000,1.18048,1.18202,1.17943,1.18128,10495
1617710400,1.18128,1.1832799999999999,1.18017,1.1828,10835
1617724800,1.18281,1.18552,1.18253,1.18549,11138
1617739200,1.18549,1.18769,1.18514,1.18757,5661
1617753600,1.18728,1.1876,1.18677,1.18715,3185
1617768000,1.18716,1.18772,1.18648,1.187,5811
1617782400,1.18699,1.18866,1.18632,1.18854,11722
1617796800,1.18854,1.18975,1.18761,1.1884000000000001,11813
1617811200,1.18839,1.1914,1.18811,1.1881599999999999,13465
1617825600,1.1881599999999999,1.18861,1.18601,1.18707,5220
1617840000,1.18649,1.18733,1.18627,1.1865700000000001,2549
1617854400,1.18658,1.18731,1.186,1.18719,3935
1617868800,1.18719,1.18923,1.18665,1.18807,8571
1617883200,1.18805,1.18943,1.1861,1.18918,10093
1617897600,1.18917,1.19266,1.18827,1.19207,14453
1617912000,1.1920600000000001,1.19224,1.19113,1.19156,4293
1617926400,1.19128,1.19194,1.19097,1.19184,3175
1617940800,1.19184,1.19193,1.19022,1.1903299999999999,4626
1617955200,1.19032,1.19037,1.18832,1.18851,10400
1617969600,1.18849,1.18996,1.18663,1.18753,10607
1617984000,1.18753,1.19025,1.18697,1.18993,11219
1617998400,1.18993,1.19098,1.18975,1.18975,4097
1618185600,1.18934,1.19029,1.1889,1.18967,3500
1618200000,1.18968,1.18979,1.18846,1.18873,6047
1618214400,1.18871,1.18935,1.18704,1.1883,8646
1618228800,1.18831,1.19176,1.18831,1.19134,10031
1618243200,1.19135,1.19184,1.19028,1.19151,9857
1618257600,1.19151,1.19165,1.18982,1.19106,3773
1618272000,1.19087,1.19151,1.19014,1.19032,3384
1618286400,1.19032,1.19038,1.18852,1.18865,6724
1618300800,1.18864,1.19081,1.18821,1.19003,9318
1618315200,1.18996,1.19337,1.18761,1.19235,15708
1618329600,1.19236,1.19427,1.19224,1.19373,13246
1618344000,1.19373,1.19551,1.19371,1.19481,5417
1618358400,1.19467,1.19577,1.19457,1.19535,3027
1618372800,1.19536,1.1963300000000001,1.19519,1.19619,5864
1618387200,1.1962,1.19734,1.19541,1.19659,10269
1618401600,1.1966,1.1969,1.19503,1.1963,9402
1618416000,1.19632,1.19866,1.19519,1.19843,13171
1618430400,1.19842,1.19848,1.1969,1.19791,4781
1618444800,1.19773,1.19881,1.19749,1.19855,3042
1618459200,1.19854,1.1989,1.1969,1.19695,5790
1618473600,1.19695,1.19895,1.19695,1.19801,8479
1618488000,1.19803,1.19926,1.19563,1.19577,9874
1618502400,1.19576,1.19831,1.19554,1.19703,12836
1618516800,1.19701,1.19766,1.19564,1.19652,5746
1618531200,1.19662,1.1974,1.19552,1.19562,3091
1618545600,1.19562,1.19635,1.19497,1.19625,6557
1618560000,1.19625,1.19881,1.19577,1.19772,9914
1618574400,1.19772,1.19941,1.19685,1.19829,10466
1618588800,1.1983,1.19929,1.19742,1.198,8594
1618603200,1.198,1.19828,1.19717,1.19805,2686
1618790400,1.19713,1.19764,1.19599,1.19607,3964
1618804800,1.19607,1.19631,1.19418,1.19577,5875
1618819200,1.19579,1.2032,1.1957200000000001,1.20244,13736
1618833600,1.20243,1.20473,1.20211,1.20396,12338
1618848000,1.20397,1.204,1.20144,1.20373,12369
1618862400,1.20374,1.20401,1.20324,1.20357,3486
1618876800,1.20336,1.20449,1.20307,1.20383,3070
1618891200,1.20384,1.2071,1.20366,1.20624,7175
1618905600,1.20621,1.20791,1.20475,1.20679,12743
1618920000,1.20679,1.20703,1.20255,1.2034,10210
1618934400,1.2034,1.20559,1.20247,1.20295,13099
1618948800,1.20295,1.20362,1.20217,1.20356,4392
1618963200,1.20312,1.20429,1.20296,1.20339,3014
1618977600,1.2033800000000001,1.20412,1.20239,1.20268,5752
1618992000,1.20269,1.20347,1.20025,1.20054,9318
1619006400,1.20054,1.20153,1.19977,1.20133,9229
1619020800,1.20134,1.20384,1.1998199999999999,1.20269,12253
1619035200,1.20268,1.20355,1.20258,1.2035,3295
1619049600,1.20296,1.20391,1.20296,1.20359,2281
1619064000,1.20358,1.20461,1.20315,1.2033,6519
1619078400,1.20329,1.20488,1.20236,1.20254,7754
1619092800,1.20254,1.20656,1.2021600000000001,1.20635,11238
1619107200,1.20637,1.20689,1.20018,1.2008,16229
1619121600,1.2008,1.20168,1.19929,1.20154,8094
1619136000,1.20148,1.202,1.2012,1.20198,2914
1619150400,1.20197,1.20268,1.20173,1.20259,4923
1619164800,1.20259,1.20603,1.20222,1.2058,9241
1619179200,1.20581,1.2075,1.20483,1.20709,8784
1619193600,1.20709,1.20766,1.20456,1.2076,11964
1619208000,1.2076,1.20993,1.20735,1.20957,4829
1619395200,1.2092,1.21046,1.20878,1.21023,3947
1619409600,1.21024,1.21161,1.21024,1.21073,5460
1619424000,1.21074,1.21147,1.20881,1.2099,9503
1619438400,1.20991,1.21086,1.20758,1.2079900000000001,8745
1619452800,1.208,1.20889,1.20602,1.20881,10368
1619467200,1.20884,1.20929,1.20825,1.20846,3730
1619481600,1.20837,1.20881,1.2074,1.20784,3244
1619496000,1.20784,1.20803,1.20645,1.2072,4259
1619510400,1.20721,1.20795,1.20566,1.20576,7292
1619524800,1.20575,1.20918,1.20561,1.2081,9019
1619539200,1.20811,1.20895,1.20686,1.207,10513
1619553600,1.20701,1.2092100000000001,1.20698,1.2091,4856
1619568000,1.2089,1.20922,1.20773,1.20776,2959
1619582400,1.2077499999999999,1.20843,1.20715,1.2072,5114
1619596800,1.20721,1.2079,1.20554,1.20741,8342
1619611200,1.20741,1.20763,1.20608,1.20671,9357
1619625600,1.2067,1.2101899999999999,1.2056,1.20894,11848
1619640000,1.20894,1.2134,1.20647,1.2125,15242
1619654400,1.21218,1.21411,1.21203,1.2140900000000001,3132
1619668800,1.2141,1.21494,1.21232,1.21311,4904
1619683200,1.2131,1.21362,1.2110400000000001,1.2115,8512
1619697600,1.21148,1.2135,1.21133,1.21219,10649
1619712000,1.21217,1.2126000000000001,1.21014,1.2117,14596
1619726400,1.21171,1.2128700000000001,1.21119,1.2119,3968
1619740800,1.21144,1.21254,1.21144,1.21212,3772
1619755200,1.21212,1.21257,1.21146,1.21163,4180
1619769600,1.21163,1.21191,1.20936,1.20943,7204
1619784000,1.20943,1.20975,1.2076500000000001,1.2083,8733
1619798400,1.20833,1.20915,1.20232,1.20259,17327
1619812800,1.2026,1.20298,1.20159,1.20171,5666
1620000000,1.2024,1.2033,1.20195,1.20328,2650
1620014400,1.2033,1.20347,1.20163,1.20203,3762
1620028800,1.20204,1.20488,1.20122,1.20466,8490
1620043200,1.20465,1.2057,1.2041,1.20422,8591
1620057600,1.20423,1.20754,1.20417,1.20522,11449
1620072000,1.2052,1.20665,1.20507,1.2062,3607
1620086400,1.20625,1.2063,1.20523,1.20549,2419
1620100800,1.2055,1.20554,1.20362,1.20398,4091
1620115200,1.2039900000000001,1.20401,1.20015,1.20026,8779
1620129600,1.20026,1.20298,1.19984,1.20251,10707
1620144000,1.20252,1.20349,1.20008,1.20168,17226
1620158400,1.2016499999999999,1.20229,1.20085,1.20135,6341
1620172800,1.20108,1.202,1.2006999999999999,1.20189,2262
1620187200,1.2019,1.20259,1.20173,1.20215,2864
1620201600,1.2021600000000001,1.2021600000000001,1.19853,1.19959,9571
1620216000,1.19957,1.20191,1.19907,1.19964,9858
1620230400,1.19963,1.20113,1.1991100000000001,1.19931,10459
1620244800,1.19932,1.20053,1.19903,1.20048,3859
1620259200,1.20029,1.20091,1.19993,1.19993,2186
1620273600,1.19994,1.2011,1.19923,1.20016,6286
1620288000,1.20015,1.2044,1.20011,1.20388,8896
1620302400,1.20387,1.20598,1.20356,1.20564,11053
1620316800,1.20563,1.2071,1.20434,1.20491,11762
1620331200,1.20491,1.20638,1.20474,1.20632,4190
1620345600,1.20609,1.20689,1.20583,1.20627,2621
1620360000,1.20627,1.20685,1.20587,1.20633,5505
1620374400,1.20632,1.20899,1.2052100000000001,1.20869,9290
1620388800,1.20868,1.21456,1.20574,1.21282,15252
1620403200,1.21283,1.21644,1.21014,1.21505,19724
1620417600,1.21505,1.21708,1.2149,1.21625,6525
1620604800,1.21596,1.2176,1.2159200000000001,1.21608,4987
1620619200,1.21608,1.21624,1.21503,1.21509,5475
1620633600,1.21511,1.21745,1.2136,1.21703,11392
1620648000,1.217,1.21736,1.2156,1.21704,10463
1620662400,1.21704,1.21775,1.21519,1.21583,13644
1620676800,1.21583,1.21588,1.21271,1.21273,5993
1620691200,1.21275,1.2142,1.21252,1.21273,3843
1620705600,1.21272,1.21488,1.21254,1.21408,7265
1620720000,1.2140900000000001,1.2163599999999999,1.21223,1.21617,11555
1620734400,1.21618,1.21708,1.2153,1.21674,11405
1620748800,1.21674,1.2181,1.21474,1.2163,17222
1620763200,1.2163,1.2164,1.21441,1.21473,6717
1620777600,1.21454,1.21496,1.21365,1.21373,3245
1620792000,1.21373,1.21373,1.21147,1.21196,6646
1620806400,1.21194,1.21431,1.21192,1.21336,10202
1620820800,1.21339,1.2146,1.2071,1.21292,14853
1620835200,1.21294,1.2151399999999999,1.20645,1.20656,26155
1620849600,1.20655,1.20817,1.20648,1.2071,11829
1620864000,1.20693,1.20838,1.20673,1.20811,4024
1620878400,1.20811,1.20883,1.2071,1.20776,7867
1620892800,1.20777,1.21054,1.20508,1.2061600000000001,15297
1620907200,1.20617,1.20934,1.20594,1.20808,13762
1620921600,1.20808,1.20993,1.20636,1.20789,16077
1620936000,1.20789,1.20863,1.20615,1.20776,8729
1620950400,1.20733,1.20821,1.20702,1.20744,2861
1620964800,1.20745,1.20872,1.20721,1.20848,5611
1620979200,1.20849,1.2128700000000001,1.2083599999999999,1.21245,12013
1620993600,1.21246,1.21371,1.21023,1.21285,13436
1621008000,1.21288,1.2147000000000001,1.21235,1.21361,13457
1621022400,1.2136,1.21458,1.2133099999999999,1.21439,5269
1621209600,1.2137,1.21505,1.21314,1.21332,3411
1621224000,1.2133099999999999,1.2138,1.21282,1.21291,6064
1621238400,1.2129,1.21492,1.21253,1.21473,8891
1621252800,1.21472,1.21682,1.21337,1.2139,10510
1621267200,1.21389,1.2157,1.2137,1.21551,11222
1621281600,1.21552,1.21607,1.21507,1.21509,3952
1621296000,1.21479,1.21582,1.21471,1.21556,2597
1621310400,1.21557,1.21684,1.21548,1.2163599999999999,5270
1621324800,1.21637,1.22189,1.21629,1.22178,10487
1621339200,1.22177,1.22333,1.22056,1.22204,10357
1621353600,1.22205,1.2223,1.21963,1.22161,11949
1621368000,1.22162,1.22296,1.22142,1.22224,4559
1621382400,1.22208,1.22322,1.22195,1.22257,2798
1621396800,1.22257,1.22345,1.22165,1.22306,5789
1621411200,1.22306,1.22445,1.22039,1.2215799999999999,11539
1621425600,1.22156,1.22198,1.21879,1.2207,12701
1621440000,1.22071,1.22381,1.22031,1.221,18014
1621454400,1.22101,1.2214,1.21591,1.21734,15317
1621468800,1.21675,1.2184300000000001,1.21675,1.2184300000000001,3565
1621483200,1.21842,1.21845,1.21689,1.21814,5671
1621497600,1.21813,1.22041,1.21763,1.21875,9905
1621512000,1.21876,1.22074,1.21803,1.2199200000000001,10429
1621526400,1.2199200000000001,1.22257,1.21967,1.2217500000000001,11798
1621540800,1.2217500000000001,1.22283,1.2211400000000001,1.22269,5044
1621555200,1.2223600000000001,1.22371,1.2219,1.2233,3061
1621569600,1.2233100000000001,1.22384,1.22267,1.22321,5849
1621584000,1.22322,1.22391,1.22091,1.2223,10381
1621598400,1.22231,1.22373,1.21776,1.22051,13178
1621612800,1.2205,1.22094,1.216,1.21635,13316
1621627200,1.21635,1.21871,1.21619,1.21794,4797
1621814400,1.21788,1.21864,1.21712,1.21797,4508
1621828800,1.21796,1.21849,1.21744,1.21789,7749
1621843200,1.21789,1.22036,1.21742,1.21959,10632
1621857600,1.2196,1.22186,1.21921,1.22095,10194
1621872000,1.22094,1.22292,1.22027,1.22145,9318
1621886400,1.22144,1.22174,1.22049,1.22155,3435
1621900800,1.22137,1.22213,1.22107,1.2221,4247
1621915200,1.2221,1.22306,1.22204,1.22285,6083
1621929600,1.22287,1.22616,1.22195,1.22582,13487
1621944000,1.22583,1.22657,1.22455,1.2253,10499
1621958400,1.22532,1.22563,1.22254,1.22391,12056
1621972800,1.22391,1.22562,1.22371,1.22506,5579
1621987200,1.22501,1.22542,1.22438,1.22445,3146
1622001600,1.22444,1.22604,1.22412,1.22589,6726
1622016000,1.2259,1.22622,1.22318,1.22401,9380
1622030400,1.224,1.22464,1.22162,1.22193,9554
1622044800,1.22194,1.22393,1.21949,1.2199200000000001,12360
1622059200,1.2199200000000001,1.22014,1.21812,1.21917,5306
1622073600,1.21872,1.2196,1.21794,1.21875,3913
1622088000,1.21875,1.21949,1.21745,1.21927,6289
1622102400,1.21928,1.22143,1.21793,1.21818,10767
1622116800,1.2181899999999999,1.221,1.21814,1.21855,11586
1622131200,1.21854,1.22109,1.21789,1.21869,12430
1622145600,1.2187000000000001,1.2204,1.21865,1.21935,3827
1622160000,1.21915,1.21952,1.21818,1.21835,2695
1622174400,1.21834,1.21895,1.21807,1.2187000000000001,5276
1622188800,1.21871,1.21999,1.21707,1.21967,9808
1622203200,1.21966,1.21972,1.2132,1.21341,12219
1622217600,1.21343,1.22035,1.21319,1.21998,14795
1622232000,1.21999,1.22042,1.21881,1.21901,5239
1622419200,1.21985,1.21988,1.21838,1.2191,2765
1622433600,1.2191,1.22036,1.2187999999999999,1.21973,4194
1622448000,1.21972,1.22029,1.21826,1.21998,6783
1622462400,1.21997,1.22011,1.21842,1.21979,5520
1622476800,1.2198,1.22306,1.2193100000000001,1.22274,6249
1622491200,1.22275,1.22286,1.22233,1.2223600000000001,2485
1622505600,1.22242,1.22339,1.22231,1.22289,2501
1622520000,1.22289,1.2235800000000001,1.22217,1.22217,4162
1622534400,1.22218,1.22409,1.22126,1.22292,9549
1622548800,1.22293,1.22378,1.22162,1.2224,8847
1622563200,1.2224,1.22536,1.22151,1.22323,12134
1622577600,1.22322,1.22334,1.22108,1.22131,3788
1622592000,1.22136,1.22253,1.22112,1.22195,2790
1622606400,1.22195,1.22259,1.22161,1.22163,3948
1622620800,1.22164,1.2219,1.21787,1.21805,11133
1622635200,1.21805,1.21913,1.21633,1.21852,11406
1622649600,1.21852,1.22176,1.21835,1.22113,9123
1622664000,1.2211400000000001,1.22147,1.22051,1.2209,3925
1622678400,1.22082,1.22134,1.22073,1.22116,1507
1622692800,1.22117,1.22126,1.22003,1.22006,2930
1622707200,1.22006,1.22033,1.21781,1.2187000000000001,8576
1622721600,1.21869,1.22076,1.21558,1.21577,15103
1622736000,1.21578,1.21615,1.21176,1.21197,15020
1622750400,1.21197,1.21332,1.21182,1.21256,4180
1622764800,1.21254,1.21314,1.21136,1.21267,3463
1622779200,1.21267,1.21296,1.21115,1.21131,5373
1622793600,1.2113,1.21171,1.21034,1.21112,8446
1622808000,1.21112,1.21739,1.21032,1.21669,13288
1622822400,1.21666,1.21849,1.21599,1.21606,13562
1622836800,1.21605,1.21694,1.21596,1.2165300000000001,3324
1623024000,1.21612,1.21719,1.2159200000000001,1.21665,2292
1623038400,1.21666,1.217,1.21593,1.21673,4341
1623052800,1.21672,1.21674,1.21444,1.21613,7498
1623067200,1.21613,1.21752,1.21496,1.2162600000000001,7071
1623081600,1.21627,1.22012,1.21606,1.2194099999999999,8520
1623096000,1.21942,1.21984,1.21886,1.21886,2404
1623110400,1.21892,1.21934,1.21818,1.21849,2475
1623124800,1.2185,1.21901,1.21767,1.21786,5502
1623139200,1.2178499999999999,1.21845,1.2163599999999999,1.21754,7822
1623153600,1.21753,1.21876,1.21675,1.2175,10434
1623168000,1.21751,1.21923,1.21701,1.21775,9912
1623182400,1.21774,1.21812,1.21705,1.21719,2632
1623196800,1.21726,1.21771,1.21704,1.21743,2225
1623211200,1.21742,1.21847,1.2173,1.21787,3830
1623225600,1.21787,1.2192,1.21749,1.21875,6344
1623240000,1.21876,1.21971,1.21831,1.21942,6245
1623254400,1.2194,1.22173,1.21734,1.21755,9403
1623268800,1.21754,1.21832,1.21737,1.21781,3362
1623283200,1.21769,1.218,1.21714,1.21722,2001
1623297600,1.21722,1.21751,1.21619,1.21634,4155
1623312000,1.21634,1.21731,1.21526,1.21659,8442
1623326400,1.2166,1.2194,1.21475,1.21855,15651
1623340800,1.21857,1.21929,1.21424,1.2176,16505
1623355200,1.21762,1.21779,1.21691,1.21751,3604
1623369600,1.2172,1.2178,1.2169699999999999,1.21774,2233
1623384000,1.21774,1.2190699999999999,1.21752,1.21864,3880
1623398400,1.21865,1.21922,1.21633,1.21651,8735
1623412800,1.2165,1.21666,1.21218,1.21281,11390
1623427200,1.2128,1.21295,1.2092100000000001,1.20957,10960
1623441600,1.2095799999999999,1.211,1.20919,1.21065,3382
1623628800,1.21052,1.21116,1.2098,1.20994,3140
1623643200,1.20994,1.21041,1.20938,1.21035,3405
1623657600,1.21034,1.212,1.20936,1.21083,9224
1623672000,1.21082,1.21241,1.21078,1.21188,7384
1623686400,1.21189,1.2129699999999999,1.21162,1.21215,8916
1623700800,1.21215,1.21223,1.21159,1.21187,2957
1623715200,1.21172,1.21229,1.2113,1.21193,2847
1623729600,1.21194,1.21253,1.2114,1.21251,3853
1623744000,1.21252,1.21467,1.21234,1.21294,8385
1623758400,1.2129699999999999,1.21299,1.21006,1.21111,9246
1623772800,1.21109,1.21304,1.21084,1.21234,9798
1623787200,1.2123599999999999,1.21291,1.21211,1.21249,3284
1623801600,1.21253,1.21276,1.21218,1.21219,1676
1623816000,1.21219,1.21279,1.21159,1.21277,3424
1623830400,1.21276,1.21341,1.21177,1.21281,8211
1623844800,1.2128,1.21286,1.21135,1.2118,8119
1623859200,1.21181,1.21263,1.21094,1.21169,7669
1623873600,1.21168,1.21168,1.19945,1.1995,25412
1623888000,1.19937,1.19978,1.19833,1.19876,6094
1623902400,1.19876,1.20039,1.19869,1.20002,6922
1623916800,1.20001,1.20057,1.19354,1.19467,15953
1623931200,1.19466,1.19562,1.19254,1.19306,14861
1623945600,1.19305,1.19504,1.18909,1.18953,17214
1623960000,1.18951,1.19217,1.1895,1.19047,7663
1623974400,1.19047,1.19146,1.19039,1.19066,3989
1623988800,1.19066,1.1924299999999999,1.19052,1.19125,5867
1624003200,1.19124,1.19237,1.18846,1.1912,16846
1624017600,1.1912099999999999,1.19215,1.18666,1.1887,14548
1624032000,1.18869,1.18869,1.1846700000000001,1.18736,21098
1624046400,1.18737,1.18812,1.18561,1.18613,9150
1624233600,1.1856,1.18758,1.18555,1.18717,4532
1624248000,1.18717,1.18731,1.18468,1.18652,11630
1624262400,1.18651,1.18931,1.18504,1.18924,13858
1624276800,1.18923,1.1898900000000001,1.1884000000000001,1.18919,11249
1624291200,1.18919,1.19205,1.18889,1.19184,14222
1624305600,1.19184,1.19203,1.19072,1.19171,7236
1624320000,1.19154,1.19193,1.19043,1.19074,3653
1624334400,1.19073,1.19144,1.19,1.1902,5886
1624348800,1.19022,1.19106,1.18909,1.18958,11655
1624363200,1.18957,1.19019,1.18802,1.18922,9800
1624377600,1.18921,1.19412,1.18892,1.19339,16050
1624392000,1.1934,1.19519,1.1931,1.194,7144
1624406400,1.19361,1.19424,1.1929,1.19312,3577
1624420800,1.19314,1.19339,1.19184,1.19185,5282
1624435200,1.19186,1.19448,1.19107,1.1932,12293
1624449600,1.19319,1.1954500000000001,1.19318,1.1953,10360
1624464000,1.19528,1.19693,1.19335,1.19349,13845
1624478400,1.1935,1.19377,1.19187,1.19256,5649
1624492800,1.19253,1.19325,1.19238,1.19301,3003
1624507200,1.19301,1.19318,1.19186,1.1923300000000001,5357
1624521600,1.19234,1.1942300000000001,1.19167,1.19244,10000
1624536000,1.19245,1.19556,1.1924299999999999,1.19537,10829
1624550400,1.19537,1.19553,1.1919,1.1926,11227
1624564800,1.19261,1.19346,1.19256,1.19299,5236
1624579200,1.1930399999999999,1.1932,1.1926,1.193,2562
1624593600,1.19301,1.19443,1.193,1.19362,4731
1624608000,1.19363,1.195,1.19343,1.19424,8438
1624622400,1.19424,1.19648,1.1937,1.19571,11072
1624636800,1.19571,1.19746,1.19317,1.1936499999999999,13202
1624651200,1.19366,1.19417,1.19256,1.1934,4315
1624838400,1.19358,1.19414,1.19313,1.1936,2622
1624852800,1.19359,1.19376,1.19195,1.19219,4380
1624867200,1.19219,1.19438,1.19212,1.19405,9671
1624881600,1.19406,1.19432,1.19016,1.19208,11419
1624896000,1.19209,1.1939,1.19103,1.19219,13426
1624910400,1.19219,1.19284,1.19192,1.1923,4388
1624924800,1.19225,1.19289,1.19171,1.19186,2641
1624939200,1.19186,1.19239,1.1907,1.19096,4273
1624953600,1.19098,1.19224,1.18988,1.19006,8701
1624968000,1.19008,1.19126,1.1879,1.18818,12315
1624982400,1.18818,1.19109,1.1877,1.18954,12222
1624996800,1.18951,1.1905000000000001,1.18924,1.18961,2952
1625011200,1.18943,1.19058,1.18935,1.18995,3185
1625025600,1.18993,1.19083,1.18959,1.1899,5022
1625040000,1.1898900000000001,1.19074,1.1884299999999999,1.18854,10235
1625054400,1.18854,1.18974,1.18753,1.1881599999999999,12411
1625068800,1.18817,1.18818,1.18443,1.18478,16149
1625083200,1.18478,1.18607,1.18453,1.1856200000000001,4613
1625097600,1.18546,1.18596,1.18458,1.18479,2487
1625112000,1.1848,1.18535,1.18455,1.18483,4924
1625126400,1.18483,1.18594,1.18367,1.18437,11401
1625140800,1.18437,1.18835,1.18396,1.18775,11895
1625155200,1.18776,1.18813,1.18464,1.18486,12993
1625169600,1.18484,1.1854,1.18402,1.18488,4688
1625184000,1.18475,1.18495,1.18401,1.18422,1976
1625198400,1.18421,1.18459,1.18399,1.1844000000000001,4239
1625212800,1.1844000000000001,1.1847,1.18215,1.1827,8151
1625227200,1.18271,1.18564,1.18061,1.18468,13848
1625241600,1.1846700000000001,1.18587,1.18251,1.18428,16587
1625256000,1.18425,1.18733,1.18407,1.1862300000000001,4628
1625443200,1.18586,1.18671,1.1852800000000001,1.18565,2509
1625457600,1.18566,1.1862,1.18507,1.1856200000000001,4740
1625472000,1.18561,1.18726,1.1851099999999999,1.1869399999999999,8245
1625486400,1.1869399999999999,1.18798,1.18594,1.18626,6984
1625500800,1.18626,1.18685,1.18546,1.18671,5726
1625515200,1.18669,1.18688,1.18586,1.18591,3708
1625529600,1.1859,1.18685,1.18585,1.186,3564
1625544000,1.186,1.18751,1.18576,1.18734,7444
1625558400,1.18735,1.18945,1.18417,1.18443,14248
1625572800,1.18445,1.18503,1.18304,1.1835499999999999,13503
1625587200,1.18354,1.18421,1.18053,1.18137,27905
1625601600,1.18138,1.18271,1.18125,1.18224,6782
1625616000,1.18212,1.18243,1.18148,1.18201,3966
1625630400,1.18202,1.18261,1.18169,1.18228,6431
1625644800,1.18229,1.1834,1.18112,1.1823299999999999,12391
1625659200,1.18231,1.18356,1.18118,1.18152,12416
1625673600,1.18151,1.18176,1.1780599999999999,1.17995,19172
1625688000,1.17996,1.18201,1.17883,1.17899,11618
1625702400,1.1789100000000001,1.17983,1.17887,1.17901,3466
1625716800,1.17902,1.17954,1.17828,1.17953,6951
1625731200,1.17953,1.18245,1.17916,1.18216,20896
1625745600,1.18217,1.18586,1.18207,1.18506,21043
1625760000,1.18506,1.18671,1.18359,1.18437,23973
1625774400,1.18438,1.18478,1.18343,1.18453,7012
1625788800,1.18391,1.18492,1.18377,1.18399,4605
1625803200,1.18399,1.18428,1.1831,1.1831,8155
1625817600,1.18315,1.1846,1.18243,1.18315,15655
1625832000,1.18316,1.1868,1.18279,1.18677,14519
1625846400,1.18678,1.18742,1.18549,1.18673,13664
1625860800,1.18672,1.18804,1.18665,1.18759,3678
1626048000,1.18723,1.18757,1.1865999999999999,1.18746,3948
1626062400,1.18747,1.18795,1.18646,1.18676,5657
1626076800,1.18676,1.18791,1.18552,1.18699,10206
1626091200,1.187,1.18727,1.18354,1.18525,11376
1626105600,1.18524,1.18735,1.18503,1.18568,13041
1626120000,1.18568,1.18615,1.18543,1.18588,4613
1626134400,1.18595,1.18682,1.18578,1.18659,2236
1626148800,1.18659,1.18744,1.18613,1.18629,5544
1626163200,1.18629,1.18646,1.18403,1.18491,9753
1626177600,1.18491,1.18504,1.17934,1.17986,14197
1626192000,1.1798899999999999,1.18321,1.17909,1.18036,18749
1626206400,1.18036,1.18036,1.17713,1.17761,9476
1626220800,1.17738,1.17805,1.17713,1.17758,3716
1626235200,1.17759,1.17847,1.17752,1.17827,6913
1626249600,1.17829,1.17988,1.17795,1.17831,10619
1626264000,1.17832,1.18273,1.17752,1.18212,14288
1626278400,1.18211,1.1834500000000001,1.18122,1.18317,18968
1626292800,1.1831800000000001,1.18382,1.18246,1.18353,5470
1626307200,1.18341,1.18378,1.18279,1.18327,3039
1626321600,1.1832799999999999,1.18342,1.18205,1.18302,6407
1626336000,1.18302,1.1850100000000001,1.1825,1.18484,9623
1626350400,1.18483,1.18491,1.18028,1.18058,12336
1626364800,1.18058,1.18226,1.18,1.18019,11454
1626379200,1.18021,1.18123,1.17956,1.1810100000000001,5686
1626393600,1.18053,1.1816200000000001,1.18045,1.18107,2809
1626408000,1.18108,1.18117,1.18012,1.18088,4920
1626422400,1.18088,1.18189,1.17964,1.18174,8824
1626436800,1.18175,1.18215,1.17915,1.18011,9932
1626451200,1.18011,1.18136,1.1795,1.18105,12143
1626465600,1.18106,1.18181,1.18022,1.18035,5188
1626652800,1.18051,1.18131,1.18004,1.18014,3049
1626667200,1.18015,1.18079,1.17972,1.18056,3896
1626681600,1.18056,1.18078,1.17645,1.17724,10051
1626696000,1.17724,1.17879,1.17629,1.1786,12854
1626710400,1.1786,1.18238,1.1783,1.17983,18390
1626724800,1.17982,1.18017,1.17904,1.17975,6452
1626739200,1.17974,1.18005,1.17893,1.17942,2416
1626753600,1.17943,1.18014,1.17872,1.17879,5484
1626768000,1.17878,1.17943,1.17715,1.17872,11412
1626782400,1.17872,1.18018,1.17642,1.17717,13682
1626796800,1.17718,1.17799,1.17549,1.1777,15110
1626811200,1.17771,1.17853,1.17733,1.1779600000000001,4606
1626825600,1.17764,1.17824,1.17752,1.17791,2130
1626840000,1.17793,1.17797,1.17694,1.17716,4053
1626854400,1.17716,1.17816,1.17511,1.17788,10439
1626868800,1.17789,1.17795,1.17591,1.17653,8878
1626883200,1.17653,1.18031,1.17616,1.17924,12439
1626897600,1.17925,1.1804000000000001,1.17909,1.17936,5014
1626912000,1.17942,1.17968,1.17872,1.17876,2093
1626926400,1.17877,1.17995,1.1786,1.17961,3347
1626940800,1.17962,1.1801300000000001,1.17783,1.17958,9544
1626955200,1.17958,1.18125,1.177,1.1798899999999999,17388
1626969600,1.1798899999999999,1.18296,1.17566,1.1762,20127
1626984000,1.1762,1.17756,1.17567,1.17693,6945
1626998400,1.176,1.17791,1.176,1.17771,2912
1627012800,1.17771,1.1779600000000001,1.17664,1.1767,3484
1627027200,1.17671,1.1785700000000001,1.1762,1.17738,10778
1627041600,1.17737,1.17802,1.17536,1.17789,11071
1627056000,1.1779,1.17794,1.1754,1.17675,12819
1627070400,1.1767400000000001,1.17751,1.1767400000000001,1.17677,4452
1627257600,1.17695,1.17737,1.17627,1.17656,2918
1627272000,1.17656,1.1779600000000001,1.17646,1.17777,5108
1627286400,1.17778,1.17995,1.17663,1.17834,12500
1627300800,1.1783299999999999,1.17987,1.17785,1.17824,10882
1627315200,1.17824,1.18166,1.17792,1.18115,14904
1627329600,1.18116,1.18125,1.17983,1.1801599999999999,5213
1627344000,1.18018,1.18115,1.17981,1.18076,2597
1627358400,1.18075,1.18081,1.18,1.1801599999999999,6374
1627372800,1.18015,1.18017,1.17694,1.17771,13044
1627387200,1.17769,1.18187,1.17737,1.18177,11806
1627401600,1.18178,1.18362,1.17999,1.18356,17996
1627416000,1.18356,1.18405,1.1814,1.18144,5360
1627430400,1.18147,1.18231,1.18117,1.18133,2562
1627444800,1.18133,1.1826699999999999,1.18133,1.18192,4570
1627459200,1.1819,1.18296,1.18014,1.18283,8659
1627473600,1.1828400000000001,1.1828400000000001,1.17909,1.1798,10440
1627488000,1.17981,1.18151,1.17825,1.1813500000000001,13073
1627502400,1.18136,1.18484,1.17712,1.18426,18841
1627516800,1.18425,1.18462,1.1838,1.18429,2066
1627531200,1.18428,1.18581,1.1841,1.18557,5477
1627545600,1.18557,1.18787,1.18494,1.18756,9735
1627560000,1.18757,1.18842,1.1868400000000001,1.18834,9964
1627574400,1.18835,1.18902,1.18752,1.18838,11809
1627588800,1.18838,1.1892,1.18793,1.18839,4432
1627603200,1.18832,1.18937,1.18807,1.18807,2937
1627617600,1.18808,1.18837,1.18769,1.18777,5346
1627632000,1.18777,1.19066,1.18744,1.19058,8308
1627646400,1.19059,1.1908,1.18766,1.18785,11969
1627660800,1.18785,1.18858,1.18508,1.18583,15648
1627675200,1.18582,1.18751,1.18531,1.18707,6607
1627862400,1.18624,1.18704,1.18615,1.18683,2669
1627876800,1.1868400000000001,1.18728,1.18581,1.18697,4849
1627891200,1.18698,1.1887699999999999,1.18636,1.18841,8373
1627905600,1.1884000000000001,1.1896200000000001,1.18707,1.18723,8732
1627920000,1.18724,1.18884,1.18659,1.18687,13162
1627934400,1.18688,1.18743,1.18644,1.18705,3505
1627948800,1.18689,1.18778,1.1865999999999999,1.1871,2476
1627963200,1.18711,1.18818,1.18674,1.18795,6309
1627977600,1.18796,1.18847,1.18704,1.1883,8832
1627992000,1.18829,1.18926,1.18781,1.18852,8598
1628006400,1.18851,1.18868,1.18529,1.18675,13384
1628020800,1.18676,1.18691,1.18605,1.1863,3494
1628035200,1.18619,1.1869399999999999,1.18577,1.18612,2695
1628049600,1.18611,1.18746,1.18611,1.18707,4187
1628064000,1.18706,1.18791,1.18413,1.1850100000000001,7725
1628078400,1.185,1.1889,1.18474,1.18883,9557
1628092800,1.18884,1.1898900000000001,1.18319,1.18372,17067
1628107200,1.18373,1.18419,1.1834500000000001,1.18364,4026
1628121600,1.18362,1.18382,1.18307,1.18311,1532
1628136000,1.18312,1.18384,1.18309,1.1835499999999999,4093
1628150400,1.18356,1.18489,1.18293,1.18364,8639
1628164800,1.18365,1.18566,1.18274,1.18351,11653
1628179200,1.18351,1.18506,1.18313,1.18381,11858
1628193600,1.1838,1.18392,1.18298,1.18298,3518
1628208000,1.18299,1.18344,1.18243,1.18247,1531
1628222400,1.18248,1.1827,1.18177,1.18247,3069
1628236800,1.18246,1.18291,1.18066,1.18104,8039
1628251200,1.18104,1.1812,1.17757,1.17836,13580
1628265600,1.17835,1.17874,1.17535,1.17553,16106
1628280000,1.17553,1.17634,1.17553,1.17598,3590
1628467200,1.1756199999999999,1.17605,1.17416,1.17499,4105
1628481600,1.17499,1.17629,1.17499,1.17626,4751
1628496000,1.17625,1.17659,1.17493,1.17538,10000
1628510400,1.17539,1.17682,1.17512,1.176,10226
1628524800,1.176,1.17663,1.17398,1.17414,12885
1628539200,1.17414,1.17479,1.17339,1.1734499999999999,4418
1628553600,1.17346,1.17376,1.17316,1.1736900000000001,1697
1628568000,1.1737,1.17393,1.17313,1.17376,4487
1628582400,1.17376,1.17421,1.17252,1.17313,8409
1628596800,1.1731,1.1731,1.17153,1.17153,9585
1628611200,1.17153,1.1724,1.17092,1.17149,12509
1628625600,1.17149,1.1723,1.17136,1.17193,3396
1628640000,1.1718600000000001,1.17211,1.17122,1.17122,1481
1628654400,1.17122,1.17248,1.17112,1.17174,3078
1628668800,1.17176,1.17205,1.17052,1.17119,7717
1628683200,1.17118,1.17488,1.17078,1.1736,11705
1628697600,1.17361,1.17477,1.17251,1.17476,13283
1628712000,1.17477,1.17531,1.17371,1.17397,6067
1628726400,1.1739,1.17439,1.17357,1.17394,1672
1628740800,1.17395,1.17449,1.17339,1.1739,3064
1628755200,1.17391,1.17475,1.1732,1.17459,7312
1628769600,1.17459,1.17465,1.17266,1.17393,8081
1628784000,1.17392,1.17417,1.17229,1.17375,9946
1628798400,1.17375,1.17418,1.17291,1.17331,3684
1628812800,1.17319,1.1738,1.17276,1.17353,1737
1628827200,1.17352,1.17417,1.17337,1.17382,2747
1628841600,1.17383,1.17422,1.17296,1.17416,5710
1628856000,1.17416,1.17682,1.17397,1.17651,7669
1628870400,1.17652,1.18041,1.17632,1.17993,12652
1628884800,1.17994,1.18003,1.17915,1.1795,4162
1629072000,1.17934,1.18,1.17909,1.17949,2071
1629086400,1.17948,1.17999,1.17893,1.1793,3068
1629100800,1.1793,1.1793,1.17779,1.17863,6771
1629115200,1.17863,1.17872,1.17666,1.17765,8188
1629129600,1.17766,1.17898,1.17716,1.17744,11208
1629144000,1.17744,1.17788,1.17738,1.17751,2953
1629158400,1.17752,1.17795,1.17707,1.17731,1682
1629172800,1.17732,1.1776200000000001,1.17662,1.17678,4792
1629187200,1.17678,1.17838,1.17594,1.17765,10508
1629201600,1.17766,1.17769,1.1740599999999999,1.17432,10622
1629216000,1.17434,1.1743999999999999,1.17078,1.17079,14395
1629230400,1.17079,1.17191,1.17072,1.17087,4539
1629244800,1.17086,1.17126,1.1701,1.17114,2152
1629259200,1.17114,1.1722299999999999,1.17093,1.17175,4583
1629273600,1.17174,1.17288,1.1712,1.17195,6791
1629288000,1.17194,1.17255,1.17053,1.17168,8221
1629302400,1.17169,1.17203,1.16929,1.16986,10912
1629316800,1.16985,1.1742,1.16972,1.17095,9992
1629331200,1.17093,1.17143,1.16833,1.16865,3331
1629345600,1.16866,1.16929,1.16649,1.1676199999999999,6453
1629360000,1.1676199999999999,1.16965,1.1668,1.16861,13624
1629374400,1.16859,1.17033,1.16794,1.1698,10196
1629388800,1.1698,1.17016,1.1678,1.16876,12087
1629403200,1.16877,1.16877,1.16718,1.16767,5215
1629417600,1.16765,1.1683,1.16743,1.16816,1422
1629432000,1.16814,1.16866,1.16751,1.16854,4052
1629446400,1.16854,1.16886,1.1670099999999999,1.16734,9537
1629460800,1.16733,1.16827,1.16643,1.16676,8351
1629475200,1.16675,1.17038,1.16633,1.17025,12968
1629489600,1.17024,1.17035,1.16914,1.16985,3460
1629676800,1.16916,1.17022,1.16892,1.16986,2120
1629691200,1.16987,1.17231,1.1698,1.17181,4488
1629705600,1.17181,1.17313,1.17057,1.17301,8791
1629720000,1.17302,1.17331,1.17145,1.17315,8219
1629734400,1.17314,1.17428,1.17232,1.17385,12224
1629748800,1.17384,1.17496,1.17375,1.17437,3410
1629763200,1.17435,1.17476,1.17378,1.17385,1678
1629777600,1.17384,1.17418,1.1733500000000001,1.17404,2460
1629792000,1.17404,1.17461,1.17264,1.17279,8345
1629806400,1.17278,1.1754,1.17272,1.17499,8175
1629820800,1.17498,1.17643,1.17343,1.17466,11844
1629835200,1.1746699999999999,1.17583,1.17421,1.17567,2725
1629849600,1.17561,1.17578,1.17394,1.17409,2040
1629864000,1.17409,1.17416,1.17326,1.17398,3085
1629878400,1.17399,1.17588,1.17317,1.17504,7949
1629892800,1.17504,1.17547,1.17254,1.17318,8389
1629907200,1.17318,1.17626,1.17294,1.17595,12317
1629921600,1.17596,1.17738,1.17526,1.17721,5112
1629936000,1.17715,1.1773,1.17655,1.17662,1474
1629950400,1.17661,1.17671,1.17604,1.17633,3019
1629964800,1.17633,1.1774,1.17558,1.17583,8982
1629979200,1.17582,1.17782,1.17511,1.1755,9959
1629993600,1.1755,1.17666,1.17452,1.1751800000000001,13729
1630008000,1.1751800000000001,1.1755200000000001,1.17483,1.17509,4603
1630022400,1.1751,1.17568,1.17414,1.17444,1730
1630036800,1.17445,1.1763,1.17427,1.17625,3191
1630051200,1.17625,1.17706,1.17497,1.17502,7489
1630065600,1.17503,1.17654,1.1749100000000001,1.17554,7931
1630080000,1.17555,1.1801599999999999,1.17343,1.17999,23467
1630094400,1.17998,1.18006,1.17915,1.1795,4275
1630281600,1.17922,1.1804999999999999,1.17892,1.18038,1680
1630296000,1.18039,1.18091,1.18017,1.18029,4212
1630310400,1.18029,1.18047,1.1793,1.1797900000000001,6006
1630324800,1.1797900000000001,1.18019,1.17829,1.17853,6361
1630339200,1.17854,1.18028,1.1782,1.17968,9777
1630353600,1.17967,1.18034,1.17951,1.17963,2309
1630368000,1.17961,1.18025,1.17934,1.18014,2201
1630382400,1.18015,1.1824,1.17971,1.18165,4357
1630396800,1.18165,1.18306,1.18164,1.18194,7876
1630411200,1.18194,1.18444,1.18187,1.18361,11757
1630425600,1.1836,1.18372,1.17959,1.18063,18676
1630440000,1.18062,1.18123,1.18026,1.18081,4527
1630454400,1.1808,1.1811099999999999,1.18005,1.18022,1848
1630468800,1.18022,1.18057,1.1798,1.17987,3879
1630483200,1.17988,1.18159,1.17929,1.18132,10496
1630497600,1.18132,1.1839,1.18107,1.18371,11199
1630512000,1.18375,1.18565,1.18323,1.18474,12585
1630526400,1.18475,1.18504,1.18368,1.18382,4178
1630540800,1.1837900000000001,1.18455,1.18368,1.18441,1985
1630555200,1.1844000000000001,1.18447,1.18339,1.18339,2661
1630569600,1.18339,1.18508,1.18336,1.18447,7668
1630584000,1.18446,1.18551,1.18356,1.18464,8730
1630598400,1.18464,1.18703,1.18457,1.18643,10563
1630612800,1.18643,1.18751,1.18637,1.18749,3381
1630627200,1.18747,1.18821,1.1869399999999999,1.18813,1427
1630641600,1.18812,1.18836,1.1875499999999999,1.1875499999999999,3226
1630656000,1.1875499999999999,1.18821,1.18706,1.18739,6963
1630670400,1.1874,1.19083,1.18651,1.18905,13816
1630684800,1.18905,1.19041,1.18708,1.18889,15828
1630699200,1.18887,1.1897199999999999,1.18742,1.18766,4132
1630886400,1.18781,1.18855,1.18754,1.18778,1970
1630900800,1.18777,1.18792,1.18642,1.18686,2569
1630915200,1.18686,1.18742,1.18594,1.18632,5219
1630929600,1.1863299999999999,1.18665,1.1855,1.18656,5558
1630944000,1.18654,1.18704,1.18568,1.18703,5038
1630958400,1.18704,1.18708,1.18665,1.18679,3180
1630972800,1.18678,1.1881,1.1867,1.18787,1896
1630987200,1.18787,1.18846,1.18743,1.18747,4216
1631001600,1.18747,1.18817,1.18589,1.18752,9695
1631016000,1.18749,1.18796,1.18488,1.18498,12269
1631030400,1.18498,1.18596,1.18367,1.18447,13519
1631044800,1.18446,1.18526,1.18372,1.1841599999999999,4641
1631059200,1.18408,1.18474,1.18377,1.18473,1448
1631073600,1.18473,1.18503,1.184,1.18429,3059
1631088000,1.18428,1.18441,1.18154,1.18209,11184
1631102400,1.18209,1.18288,1.18114,1.18203,10277
1631116800,1.18203,1.18282,1.1801300000000001,1.18181,17128
1631131200,1.18182,1.18292,1.18156,1.1817,5367
1631145600,1.1816,1.18192,1.18115,1.18134,1743
1631160000,1.1813500000000001,1.18246,1.18106,1.1813500000000001,3755
1631174400,1.18134,1.18353,1.18107,1.1833,9215
1631188800,1.1833,1.1840600000000001,1.18072,1.18226,13688
1631203200,1.18229,1.18339,1.18043,1.18307,15623
1631217600,1.18308,1.1839,1.18214,1.18221,4896
1631232000,1.18226,1.18269,1.18218,1.18234,1410
1631246400,1.18234,1.18323,1.1818,1.18291,3735
1631260800,1.18291,1.18504,1.18239,1.18471,7946
1631275200,1.1847,1.18473,1.18252,1.18262,9117
1631289600,1.18261,1.18371,1.18149,1.18178,13580
1631304000,1.18177,1.18179,1.18085,1.18098,4686
1631491200,1.1814,1.18141,1.1804000000000001,1.18045,1780
1631505600,1.18046,1.18061,1.17931,1.1795,3755
1631520000,1.17951,1.17953,1.1774,1.17887,10005
1631534400,1.17886,1.17923,1.17693,1.17818,9267
1631548800,1.17819,1.18164,1.17819,1.18065,13479
1631563200,1.18066,1.18103,1.18005,1.18097,4987
1631577600,1.18093,1.18112,1.18049,1.1807699999999999,1799
1631592000,1.18078,1.18182,1.18054,1.18124,4331
1631606400,1.18124,1.18292,1.1806,1.18204,9595
1631620800,1.18205,1.18449,1.17993,1.18407,13878
1631635200,1.18407,1.1844999999999999,1.18149,1.18212,14577
1631649600,1.18214,1.18253,1.17993,1.18038,6053
1631664000,1.18032,1.18069,1.17997,1.18047,2505
1631678400,1.18048,1.18113,1.18029,1.18044,4396
1631692800,1.18043,1.18281,1.17984,1.18252,9323
1631707200,1.18252,1.18311,1.18065,1.18107,11791
1631721600,1.18107,1.1822,1.18026,1.18032,14116
1631736000,1.18032,1.1817199999999999,1.1803,1.18146,4364
1631750400,1.18146,1.18199,1.18141,1.18183,1613
1631764800,1.18184,1.18191,1.18085,1.1809,3443
1631779200,1.18089,1.18112,1.17713,1.17718,11226
1631793600,1.17719,1.17769,1.17513,1.17544,13689
1631808000,1.17541,1.17677,1.17497,1.1758899999999999,12496
1631822400,1.17588,1.17705,1.17525,1.17671,5434
1631836800,1.17666,1.17681,1.17585,1.17591,2016
1631851200,1.17591,1.17727,1.17581,1.17726,4317
1631865600,1.17725,1.17842,1.17671,1.17766,8752
1631880000,1.17764,1.17882,1.17719,1.17729,11378
1631894400,1.17728,1.17742,1.17241,1.17249,15199
1631908800,1.1724999999999999,1.17314,1.17238,1.17243,4664
1632096000,1.17254,1.17289,1.1722,1.1723,1737
1632110400,1.1723,1.17233,1.1709,1.17142,4124
1632124800,1.17142,1.17177,1.17045,1.17088,10879
1632139200,1.17088,1.17163,1.16995,1.17135,11678
1632153600,1.17136,1.17357,1.17106,1.17217,15012
1632168000,1.17217,1.17304,1.1721300000000001,1.1727,7018
1632182400,1.1726,1.173,1.17216,1.1724999999999999,2141
1632196800,1.1724999999999999,1.17393,1.17227,1.1731,4129
1632211200,1.1731,1.17367,1.17176,1.17333,10343
1632225600,1.17333,1.17479,1.17291,1.17389,10986
1632240000,1.1739,1.1741,1.17141,1.17277,15602
1632254400,1.17276,1.17315,1.17179,1.17242,5886
1632268800,1.17231,1.1727,1.17161,1.17187,2233
1632283200,1.17187,1.17296,1.17159,1.17212,6016
1632297600,1.17212,1.17368,1.1716,1.1733500000000001,9410
1632312000,1.1733500000000001,1.17361,1.17237,1.17288,8255
1632326400,1.17288,1.17442,1.17236,1.17344,12562
1632340800,1.1734499999999999,1.17546,1.16837,1.16889,25425
1632355200,1.16883,1.16938,1.16827,1.16881,2369
1632369600,1.1688,1.17089,1.16856,1.17087,3690
1632384000,1.17087,1.17285,1.17051,1.17201,11601
1632398400,1.172,1.17318,1.17103,1.17282,16142
1632412800,1.17283,1.17493,1.17208,1.17433,16089
1632427200,1.17434,1.17486,1.17352,1.17389,4365
1632441600,1.17387,1.17468,1.1734499999999999,1.17453,2319
1632456000,1.17454,1.17458,1.17352,1.17364,3873
1632470400,1.17363,1.17407,1.17302,1.17352,9562
1632484800,1.17352,1.17373,1.1706,1.1706,10352
1632499200,1.17059,1.1724700000000001,1.16999,1.17155,13845
1632513600,1.17155,1.1721300000000001,1.17126,1.17205,3800
1632700800,1.17241,1.17241,1.17104,1.17165,2849
1632715200,1.17165,1.17246,1.1716,1.17216,3959
1632729600,1.17217,1.17236,1.16839,1.16886,11043
1632744000,1.16887,1.17099,1.16885,1.17065,14435
1632758400,1.17064,1.17089,1.169,1.17014,14504
1632772800,1.17014,1.17077,1.16951,1.16951,3947
1632787200,1.16947,1.16967,1.16853,1.16881,1520
1632801600,1.16883,1.1698,1.16844,1.1698,3166
1632816000,1.1697899999999999,1.17025,1.16714,1.16799,11614
1632830400,1.168,1.16926,1.16722,1.16799,17291
1632844800,1.16798,1.17004,1.1667399999999999,1.16811,23765
1632859200,1.1681300000000001,1.1688399999999999,1.16746,1.16828,7821
1632873600,1.16828,1.16867,1.16793,1.16804,2416
1632888000,1.16805,1.16895,1.16772,1.16858,5692
1632902400,1.16859,1.16872,1.16556,1.16627,14882
1632916800,1.16628,1.16706,1.16394,1.16449,14825
1632931200,1.1645,1.16456,1.16,1.16007,17491
1632945600,1.16007,1.16043,1.15886,1.15951,5791
1632960000,1.15953,1.16028,1.1593499999999999,1.16026,2410
1632974400,1.16027,1.16079,1.16005,1.16072,3905
1632988800,1.16071,1.1609,1.15909,1.16031,12136
1633003200,1.16031,1.16058,1.15672,1.15899,15193
1633017600,1.15899,1.15974,1.15619,1.157,25842
1633032000,1.157,1.1588,1.15622,1.1575,8902
1633046400,1.15747,1.15814,1.15644,1.15644,2579
1633060800,1.15645,1.15811,1.15622,1.15796,6976
1633075200,1.15795,1.15905,1.15739,1.15778,13672
1633089600,1.15777,1.16063,1.15717,1.1602999999999999,14732
1633104000,1.16031,1.16067,1.15829,1.15962,22118
1633118400,1.15962,1.16018,1.15905,1.15921,4684
1633305600,1.15965,1.1613,1.15923,1.1602000000000001,3286
1633320000,1.16021,1.16033,1.1587,1.15951,4374
1633334400,1.15952,1.1615199999999999,1.1595,1.1611799999999999,10184
1633348800,1.1611799999999999,1.16393,1.1607,1.16318,10967
1633363200,1.16319,1.16387,1.16143,1.16184,15572
1633377600,1.16184,1.16272,1.16154,1.16188,5362
1633392000,1.16181,1.16212,1.16098,1.1610800000000001,2301
1633406400,1.16107,1.16127,1.1593499999999999,1.15939,5005
1633420800,1.15939,1.16042,1.15891,1.1598,11424
1633435200,1.15979,1.16046,1.15895,1.15994,10766
1633449600,1.15994,1.16124,1.15796,1.16045,17224
1633464000,1.16045,1.16075,1.15928,1.1597,4013
1633478400,1.15967,1.15997,1.15914,1.15929,2176
1633492800,1.1593,1.1595900000000001,1.15824,1.15838,5237
1633507200,1.15839,1.15893,1.15502,1.15513,14132
1633521600,1.15514,1.1553499999999999,1.15284,1.15444,16370
1633536000,1.15444,1.15547,1.15316,1.15422,16382
1633550400,1.15424,1.15587,1.15424,1.15564,6473
1633564800,1.15556,1.15603,1.15513,1.15576,2557
1633579200,1.15576,1.15584,1.15505,1.15548,3510
1633593600,1.15548,1.15699,1.15482,1.15595,10038
1633608000,1.15594,1.15713,1.15495,1.15551,10679
1633622400,1.1555,1.1568100000000001,1.15465,1.15548,14014
1633636800,1.15548,1.15639,1.15485,1.15525,4636
1633651200,1.15527,1.15592,1.15499,1.15577,2641
1633665600,1.15578,1.15583,1.15465,1.15473,4104
1633680000,1.15473,1.15556,1.15405,1.15529,9346
1633694400,1.15529,1.15853,1.15525,1.157,13870
1633708800,1.15701,1.15789,1.15548,1.15637,17841
1633723200,1.15636,1.1577600000000001,1.15589,1.15734,4670
1633910400,1.15659,1.15771,1.1562999999999999,1.15739,2167
1633924800,1.15739,1.15786,1.15675,1.15716,3819
1633939200,1.15716,1.15859,1.15635,1.15692,10354
1633953600,1.1569099999999999,1.15732,1.15515,1.15606,9736
1633968000,1.15607,1.1583,1.15604,1.15626,8563
1633982400,1.15627,1.15637,1.15483,1.15537,3854
1633996800,1.15528,1.1554,1.15464,1.15485,2809
1634011200,1.15486,1.15601,1.1547,1.15555,4713
1634025600,1.15556,1.15696,1.15548,1.1561,8885
1634040000,1.15609,1.15663,1.1532499999999999,1.15407,10526
1634054400,1.15408,1.15494,1.15242,1.15275,16110
1634068800,1.15274,1.15341,1.15238,1.15298,4973
1634083200,1.15296,1.15419,1.15256,1.15405,2550
1634097600,1.15406,1.15551,1.154,1.15517,3494
1634112000,1.15518,1.1559599999999999,1.1544699999999999,1.15558,9092
1634126400,1.15558,1.15661,1.15354,1.1542,13864
1634140800,1.15421,1.15779,1.15396,1.15771,18151
1634155200,1.15771,1.15967,1.1577,1.15946,8137
1634169600,1.15931,1.16003,1.15881,1.15981,1852
1634184000,1.15982,1.15999,1.15881,1.15893,3662
1634198400,1.15893,1.16181,1.15869,1.16154,10345
1634212800,1.16154,1.16237,1.1597,1.1605699999999999,11387
1634227200,1.16056,1.16062,1.15833,1.15876,12553
1634241600,1.15875,1.16015,1.1583700000000001,1.15968,4412
1634256000,1.15961,1.15984,1.1587399999999999,1.15931,2051
1634270400,1.15932,1.1611,1.15929,1.16072,4412
1634284800,1.16073,1.1618,1.1598600000000001,1.16024,9900
1634299200,1.16023,1.16114,1.15878,1.15912,12479
1634313600,1.15913,1.16094,1.15883,1.15946,15605
1634328000,1.15944,1.16052,1.15924,1.15977,4908
1634515200,1.15939,1.16036,1.15823,1.15833,2633
1634529600,1.15834,1.15933,1.15771,1.1578,5210
1634544000,1.15781,1.15956,1.1571,1.158,10031
1634558400,1.15801,1.16092,1.15756,1.16008,13332
1634572800,1.16006,1.16211,1.15916,1.1621,13734
1634587200,1.16211,1.16218,1.16077,1.16104,4548
1634601600,1.16098,1.16246,1.16078,1.16244,2389
1634616000,1.16243,1.16544,1.16236,1.16448,5885
1634630400,1.16448,1.1660300000000001,1.16441,1.16595,11846
1634644800,1.16594,1.16685,1.1644700000000001,1.16449,12034
1634659200,1.1645,1.16577,1.16288,1.16352,13006
1634673600,1.16352,1.16439,1.16302,1.16316,4660
1634688000,1.16312,1.16353,1.1627,1.16343,3581
1634702400,1.16342,1.16507,1.1632,1.16502,6345
1634716800,1.16503,1.16514,1.16161,1.16253,11324
1634731200,1.1625,1.16421,1.16205,1.1638,11026
1634745600,1.1638,1.16572,1.16353,1.16554,13899
1634760000,1.16555,1.16578,1.16471,1.16497,6118
1634774400,1.16485,1.16573,1.16456,1.16559,2451
1634788800,1.1656,1.16667,1.16498,1.16509,6515
1634803200,1.16509,1.16561,1.16334,1.16412,10904
1634817600,1.16412,1.16502,1.16303,1.16424,12289
1634832000,1.16425,1.16509,1.16334,1.16352,14933
1634846400,1.16352,1.1639,1.16188,1.1622,5532
1634860800,1.16216,1.1627399999999999,1.162,1.16251,2935
1634875200,1.1625,1.16312,1.1623999999999999,1.16252,5256
1634889600,1.16251,1.1646,1.16224,1.16403,11741
1634904000,1.16403,1.16434,1.16238,1.16365,12391
1634918400,1.16364,1.16549,1.16212,1.16315,20257
1634932800,1.16316,1.16433,1.16235,1.16429,5314
1635120000,1.16374,1.16476,1.16347,1.1644700000000001,3272
1635134400,1.16448,1.16644,1.16385,1.16593,6223
1635148800,1.16592,1.16636,1.16403,1.16493,11152
1635163200,1.16492,1.16492,1.1589800000000001,1.15939,14181
1635177600,1.15938,1.16144,1.15928,1.1605,13060
1635192000,1.16051,1.16163,1.16051,1.16094,3391
1635206400,1.1609,1.1611,1.15981,1.16033,2205
1635220800,1.16032,1.16089,1.15961,1.16037,5025
1635235200,1.16037,1.16127,1.1593499999999999,1.16078,10846
1635249600,1.16077,1.1625,1.16049,1.1616900000000001,12396
1635264000,1.16168,1.16218,1.15842,1.15863,13415
1635278400,1.15863,1.15999,1.1586,1.15961,3558
1635292800,1.15937,1.16035,1.1584699999999999,1.16016,3089
1635307200,1.16016,1.16044,1.1596899999999999,1.16025,3987
1635321600,1.16027,1.16125,1.15913,1.1594,11152
1635336000,1.15939,1.16254,1.15841,1.16173,15440
1635350400,1.16172,1.16234,1.15875,1.1608,21789
1635364800,1.1608,1.16154,1.15981,1.16021,7253
1635379200,1.1602000000000001,1.16041,1.15893,1.15917,2639
1635393600,1.15918,1.1609,1.15885,1.16061,6529
1635408000,1.1606,1.16136,1.15824,1.15893,12395
1635422400,1.15894,1.16352,1.1581299999999999,1.16292,19619
1635436800,1.16291,1.16913,1.16237,1.16776,25749
1635451200,1.16775,1.16885,1.16704,1.16838,6954
1635465600,1.16826,1.16893,1.1677,1.16835,4060
1635480000,1.16836,1.16852,1.16632,1.16636,5590
1635494400,1.16637,1.1675,1.16483,1.16496,12487
1635508800,1.16496,1.1656,1.16205,1.1625,16223
1635523200,1.16251,1.16351,1.15344,1.15377,24293
1635537600,1.15377,1.15622,1.15371,1.15615,6150
1635724800,1.15625,1.15635,1.15507,1.15557,4282
1635739200,1.15556,1.15631,1.15452,1.15626,4443
1635753600,1.15627,1.15745,1.15465,1.15648,13294
1635768000,1.15649,1.15795,1.15637,1.15708,13672
1635782400,1.15709,1.15941,1.15647,1.15937,12751
1635796800,1.15938,1.16085,1.15936,1.16014,6129
1635811200,1.16022,1.1605,1.15943,1.15972,3157
1635825600,1.15972,1.16078,1.15951,1.16066,6520
1635840000,1.16065,1.16127,1.15852,1.15978,13345
1635854400,1.15978,1.16071,1.15882,1.15904,15154
1635868800,1.15904,1.15988,1.15745,1.15824,13978
1635883200,1.15824,1.15848,1.15753,1.15781,3667
1635897600,1.15782,1.15825,1.15743,1.15818,1723
1635912000,1.15818,1.15866,1.15791,1.1584699999999999,2775
1635926400,1.1584699999999999,1.1597,1.15777,1.1592,8658
1635940800,1.15919,1.15922,1.15675,1.15701,13620
1635955200,1.15683,1.15865,1.15615,1.15811,13903
1635969600,1.1581299999999999,1.16156,1.15713,1.16103,23691
1635984000,1.16107,1.16158,1.16023,1.16029,3492
1635998400,1.1602999999999999,1.16061,1.15845,1.15882,3987
1636012800,1.15882,1.15882,1.15466,1.1552,12478
1636027200,1.15521,1.15725,1.15418,1.15524,17977
1636041600,1.15525,1.15558,1.15274,1.15466,17501
1636056000,1.15465,1.15571,1.15461,1.15507,4578
1636070400,1.15511,1.15552,1.15444,1.15499,4735
1636084800,1.15499,1.15568,1.15402,1.15525,4479
1636099200,1.15525,1.15623,1.15385,1.15419,11742
1636113600,1.15417,1.15418,1.15126,1.15183,21053
1636128000,1.15184,1.15675,1.15173,1.1556,16121
1636142400,1.1555900000000001,1.15725,1.1547399999999999,1.1562999999999999,5054
1636329600,1.15601,1.1569,1.15533,1.15542,4235
1636344000,1.15542,1.15625,1.15525,1.1559,3604
1636358400,1.15592,1.15754,1.15497,1.15604,11570
1636372800,1.15605,1.15824,1.15542,1.15678,10868
1636387200,1.1568100000000001,1.15941,1.15633,1.15853,13292
1636401600,1.15852,1.15905,1.15819,1.15866,4162
1636416000,1.15859,1.15899,1.15765,1.15794,3613
1636430400,1.15795,1.16058,1.15788,1.15989,6064
1636444800,1.15987,1.16056,1.15797,1.15926,10601
1636459200,1.15926,1.15977,1.15689,1.15958,12496
1636473600,1.15955,1.1608,1.15706,1.1590799999999999,18425
1636488000,1.1590799999999999,1.15977,1.1586400000000001,1.15937,5409
1636502400,1.15932,1.15946,1.15873,1.1590799999999999,3122
1636516800,1.15909,1.15914,1.15762,1.15767,3694
1636531200,1.15768,1.15816,1.1556899999999999,1.15768,11552
1636545600,1.15768,1.15804,1.15318,1.15524,15780
1636560000,1.15523,1.15736,1.1505,1.15115,24753
1636574400,1.15115,1.15149,1.14754,1.1476,13452
1636588800,1.14761,1.14869,1.1472,1.14784,4299
1636603200,1.14785,1.14839,1.1464,1.14786,4340
1636617600,1.14786,1.14842,1.14532,1.14623,10766
1636632000,1.14622,1.14741,1.14533,1.14589,11783
1636646400,1.1459,1.14764,1.14495,1.14504,10507
1636660800,1.14503,1.14519,1.14422,1.14481,3818
1636675200,1.14477,1.145,1.14354,1.1438,3540
1636689600,1.1438,1.14436,1.14356,1.1443,3883
1636704000,1.1443,1.14554,1.1436600000000001,1.14417,9855
1636718400,1.14418,1.14546,1.14365,1.1445,10182
1636732800,1.14449,1.14614,1.14321,1.14484,16572
1636747200,1.14485,1.14511,1.14409,1.14426,4509
1636934400,1.14444,1.14592,1.14406,1.14591,3392
1636948800,1.14592,1.14633,1.14542,1.14592,4008
1636963200,1.14592,1.14613,1.14357,1.14477,10316
1636977600,1.14476,1.14557,1.14386,1.1445,10989
1636992000,1.14451,1.14453,1.13794,1.13848,17645
1637006400,1.13848,1.13893,1.13555,1.13681,7291
1637020800,1.13678,1.13789,1.13588,1.1378300000000001,4248
1637035200,1.13782,1.1385,1.13748,1.13762,4993
1637049600,1.13763,1.13817,1.13572,1.13603,11566
1637064000,1.13604,1.13743,1.13507,1.13611,14202
1637078400,1.1360999999999999,1.13617,1.13187,1.13266,19881
1637092800,1.13267,1.13336,1.13083,1.13175,7599
1637107200,1.13182,1.1326,1.13091,1.13224,4581
1637121600,1.13223,1.13233,1.1262699999999999,1.1298300000000001,9619
1637136000,1.12984,1.13202,1.12949,1.13117,14265
1637150400,1.13116,1.13315,1.12971,1.12982,12664
1637164800,1.12982,1.1326,1.12925,1.13182,17789
1637179200,1.13182,1.13256,1.13103,1.13218,7266
1637193600,1.13214,1.13276,1.13148,1.13235,4512
1637208000,1.13236,1.13373,1.13152,1.13174,6560
1637222400,1.13175,1.1339,1.1313,1.13311,10937
1637236800,1.1331,1.13477,1.1327,1.13339,12394
1637251200,1.13338,1.1373199999999999,1.1326100000000001,1.13691,17246
1637265600,1.13692,1.13733,1.1366100000000001,1.13723,4688
1637280000,1.13715,1.13719,1.13553,1.13559,3562
1637294400,1.13561,1.13575,1.13512,1.1352,3681
1637308800,1.13519,1.13598,1.1282,1.12984,15780
1637323200,1.12984,1.1304400000000001,1.12492,1.1287099999999999,22180
1637337600,1.12872,1.13214,1.12868,1.12975,21660
1637352000,1.12976,1.1302,1.12798,1.12798,7861
1637539200,1.12862,1.12889,1.12642,1.12718,6031
1637553600,1.12718,1.1278,1.12641,1.12768,7474
1637568000,1.12768,1.12872,1.1259299999999999,1.12794,15590
1637582400,1.12794,1.12898,1.12646,1.12795,14171
1637596800,1.12794,1.12794,1.12354,1.12477,22547
1637611200,1.12478,1.12493,1.12299,1.12356,6643
1637625600,1.1235,1.12431,1.12329,1.12368,2576
1637640000,1.12367,1.12407,1.12253,1.12335,4559
1637654400,1.12336,1.12743,1.12313,1.12584,19960
1637668800,1.12584,1.12684,1.12335,1.12511,16941
1637683200,1.1251,1.12705,1.12394,1.12534,19455
1637697600,1.12534,1.12542,1.12455,1.12486,7078
1637712000,1.12479,1.125,1.12382,1.12388,4758
1637726400,1.12388,1.12442,1.1232,1.12385,7701
1637740800,1.12386,1.12546,1.12044,1.12071,15189
1637755200,1.12071,1.12194,1.11913,1.12061,17110
1637769600,1.1206,1.12152,1.11853,1.1195,24453
1637784000,1.11951,1.12047,1.11875,1.11981,7471
1637798400,1.11977,1.12116,1.11957,1.12064,2319
1637812800,1.12063,1.12175,1.12058,1.12119,2752
1637827200,1.1212,1.12256,1.12114,1.12224,8121
1637841600,1.12224,1.1229,1.12144,1.1218,8175
1637856000,1.1218,1.12213,1.12054,1.12088,6351
1637870400,1.12087,1.12114,1.1203400000000001,1.12049,7480
1637884800,1.1205,1.12242,1.12046,1.12171,6246
1637899200,1.1217,1.1227,1.12116,1.12231,7628
1637913600,1.12232,1.12782,1.1219999999999999,1.1264,24711
1637928000,1.1264,1.12961,1.12574,1.12924,21875
1637942400,1.12923,1.13206,1.1282,1.13028,24502
1637956800,1.13029,1.13249,1.12985,1.13212,6677
1638144000,1.13041,1.1311499999999999,1.1280000000000001,1.1283400000000001,7130
1638158400,1.12835,1.12841,1.12718,1.1277300000000001,6368
1638172800,1.12772,1.12898,1.12596,1.12852,16272
1638187200,1.1285,1.12941,1.12609,1.1261700000000001,12727
1638201600,1.12616,1.1274899999999999,1.12576,1.12675,15637
1638216000,1.12675,1.12916,1.12647,1.12916,5186
1638230400,1.12898,1.12996,1.12824,1.12933,3591
1638244800,1.12933,1.13123,1.12919,1.13106,6989
1638259200,1.13106,1.13658,1.13068,1.13628,19496
1638273600,1.13629,1.13721,1.13404,1.13651,14358
1638288000,1.13652,1.13821,1.12342,1.13105,35024
1638302400,1.13105,1.13445,1.13069,1.1339,11187
1638316800,1.1338,1.13419,1.1317599999999999,1.13194,5231
1638331200,1.13194,1.13365,1.13156,1.1336,5802
1638345600,1.13361,1.13589,1.13018,1.13248,17772
1638360000,1.13248,1.13399,1.13098,1.13367,13920
1638374400,1.13366,1.1357,1.13145,1.13228,22225
1638388800,1.13228,1.13292,1.13084,1.13185,8855
1638403200,1.13183,1.13276,1.13127,1.13273,3050
1638417600,1.13273,1.13385,1.13159,1.1317599999999999,4674
1638432000,1.13174,1.13268,1.13064,1.13235,11751
1638446400,1.13235,1.13469,1.1322,1.13334,14645
1638460800,1.13333,1.13466,1.1295,1.1301700000000001,20896
1638475200,1.13016,1.13073,1.12946,1.12994,6644
1638489600,1.12995,1.13066,1.12899,1.1298,3680
1638504000,1.12979,1.13016,1.12917,1.12984,4331
1638518400,1.1298300000000001,1.12991,1.12809,1.12967,10607
1638532800,1.12968,1.13328,1.12873,1.13089,17135
1638547200,1.13091,1.13135,1.12659,1.131,27309
1638561600,1.13101,1.13264,1.13004,1.1306,8860
1638748800,1.13004,1.13096,1.12876,1.12935,4899
1638763200,1.12935,1.12958,1.12809,1.12813,4475
1638777600,1.12813,1.12991,1.1273900000000001,1.1296599999999999,11442
1638792000,1.12965,1.13095,1.12843,1.12965,12701
1638806400,1.1296,1.1307,1.12656,1.1278,17816
1638820800,1.1278,1.12853,1.12719,1.12841,6173
1638835200,1.12801,1.12863,1.1275,1.12811,3267
1638849600,1.12812,1.1292200000000001,1.12801,1.12865,4831
1638864000,1.12864,1.12976,1.12526,1.12741,12400
1638878400,1.1274,1.12771,1.12267,1.12392,13945
1638892800,1.12395,1.1254,1.12345,1.12431,15909
1638907200,1.12432,1.12731,1.1241,1.12674,6030
1638921600,1.12649,1.12808,1.12623,1.1278299999999999,3262
1638936000,1.1278299999999999,1.12949,1.1278299999999999,1.12929,5025
1638950400,1.12929,1.12947,1.12778,1.12843,12590
1638964800,1.12843,1.13167,1.12658,1.13155,23357
1638979200,1.13156,1.13489,1.12994,1.13479,17958
1638993600,1.1347800000000001,1.1354,1.1341,1.13411,5893
1639008000,1.13408,1.13446,1.13319,1.13335,3014
1639022400,1.13336,1.1336,1.13259,1.13259,3877
1639036800,1.1326,1.1333,1.13146,1.13185,10602
1639051200,1.13185,1.1323,1.1306,1.13157,14750
1639065600,1.13158,1.13188,1.12776,1.12891,15181
1639080000,1.12891,1.12947,1.12815,1.12919,6473
1639094400,1.12894,1.12976,1.1286100000000001,1.12961,2731
1639108800,1.12961,1.1302,1.12935,1.12938,3817
1639123200,1.12938,1.13001,1.12797,1.12815,10136
1639137600,1.12815,1.13086,1.12644,1.12928,15288
1639152000,1.12927,1.13233,1.12694,1.1318,20409
1639166400,1.1318,1.13221,1.13091,1.13142,4118
1639353600,1.13085,1.13184,1.13019,1.13046,3090
1639368000,1.13046,1.1305,1.12914,1.12964,3652
1639382400,1.12965,1.12968,1.12594,1.12676,9159
1639396800,1.12676,1.12914,1.12618,1.12835,11759
1639411200,1.12835,1.13066,1.12723,1.12924,16161
1639425600,1.12924,1.12992,1.1280999999999999,1.12848,5215
1639440000,1.12801,1.12842,1.1273,1.12814,3018
1639454400,1.12815,1.12829,1.12704,1.1277,4158
1639468800,1.1277,1.13036,1.12655,1.13006,10120
1639483200,1.13005,1.13232,1.12999,1.1307800000000001,14572
1639497600,1.13077,1.13082,1.1264,1.12709,14765
1639512000,1.1271,1.1271,1.1253,1.12571,4675
1639526400,1.1255600000000001,1.12691,1.1253199999999999,1.12675,2814
1639540800,1.12674,1.1272,1.12568,1.12683,3813
1639555200,1.12683,1.12764,1.1262,1.12709,7874
1639569600,1.12708,1.12762,1.12552,1.12729,9393
1639584000,1.12728,1.12737,1.12473,1.12594,12289
1639598400,1.12595,1.12986,1.1221,1.1293,21942
1639612800,1.12913,1.12979,1.12805,1.12863,3622
1639627200,1.12863,1.12901,1.12829,1.12849,3140
1639641600,1.12848,1.13183,1.12828,1.13125,10298
1639656000,1.13124,1.13586,1.12897,1.13584,18131
1639670400,1.13583,1.13597,1.12977,1.1317300000000001,16451
1639684800,1.1317300000000001,1.13358,1.13143,1.13312,4696
1639699200,1.13291,1.13343,1.13201,1.13204,3233
1639713600,1.13204,1.13482,1.13196,1.13473,4661
1639728000,1.13472,1.13481,1.13164,1.13336,10053
1639742400,1.13335,1.13336,1.1304400000000001,1.13067,10728
1639756800,1.13066,1.1315,1.12659,1.12673,13762
1639771200,1.12673,1.12705,1.12345,1.12372,5494
1639958400,1.12368,1.1249500000000001,1.12339,1.12378,3780
1639972800,1.12377,1.12538,1.12358,1.12535,4265
1639987200,1.12534,1.12735,1.12463,1.12614,11058
1640001600,1.12615,1.12974,1.12564,1.12926,10705
1640016000,1.12927,1.13031,1.12776,1.12835,12601
1640030400,1.1283400000000001,1.12864,1.1271200000000001,1.12764,4489
1640044800,1.12757,1.12839,1.12725,1.12809,2767
1640059200,1.12807,1.12862,1.12756,1.12802,2638
1640073600,1.12801,1.13019,1.12753,1.12945,9323
1640088000,1.12944,1.13007,1.12751,1.12899,9709
1640102400,1.12898,1.12912,1.12602,1.12663,12933
1640116800,1.12664,1.12826,1.12632,1.12802,3859
1640131200,1.1278299999999999,1.12933,1.12715,1.1286100000000001,2713
1640145600,1.12862,1.12865,1.12677,1.12702,2932
1640160000,1.12701,1.12847,1.12636,1.12824,7466
1640174400,1.12824,1.13144,1.12805,1.1311,10496
1640188800,1.13109,1.13415,1.1304400000000001,1.13283,12075
1640203200,1.13282,1.13379,1.13222,1.13276,3429
1640217600,1.13264,1.13414,1.1316,1.13411,3347
1640232000,1.13411,1.13412,1.13367,1.13368,1979
1640246400,1.13367,1.13399,1.13099,1.13199,5870
1640260800,1.13198,1.1329799999999999,1.12969,1.12984,10087
1640275200,1.12981,1.1336,1.1289500000000001,1.1336,12406
1640289600,1.1335899999999999,1.13371,1.13245,1.1327,2486
1640304000,1.13268,1.13281,1.13213,1.13246,5380
1640318400,1.13247,1.1334,1.13233,1.13297,3207
1640332800,1.13296,1.13408,1.13274,1.13399,1890
1640347200,1.13399,1.13427,1.13124,1.13205,5094
1640361600,1.13204,1.1327,1.1314899999999999,1.13168,5147
1640563200,1.13073,1.13252,1.13039,1.13174,2662
1640577600,1.13174,1.13241,1.13134,1.13145,2352
1640592000,1.13144,1.13336,1.13022,1.13075,5938
1640606400,1.13076,1.13223,1.13029,1.1311,6332
1640620800,1.1311,1.13308,1.13098,1.13262,6653
1640635200,1.1326100000000001,1.13297,1.1320999999999999,1.13255,2480
1640649600,1.13249,1.13306,1.1319,1.13191,2304
1640664000,1.1319,1.13279,1.13174,1.13274,2040
1640678400,1.13273,1.13304,1.1314899999999999,1.133,5089
1640692800,1.133,1.13323,1.13206,1.13206,5675
1640707200,1.13205,1.13222,1.12888,1.13098,9318
1640721600,1.13098,1.13134,1.12982,1.13082,2930
1640736000,1.13079,1.13135,1.1296599999999999,1.12995,2386
1640750400,1.12994,1.13085,1.12973,1.13043,2859
1640764800,1.13042,1.13052,1.1273,1.12791,6329
1640779200,1.1279,1.13214,1.12777,1.13175,10086
1640793600,1.13174,1.13681,1.13121,1.13369,11974
1640808000,1.13367,1.13516,1.13338,1.13469,3649
1640822400,1.13465,1.1359,1.1342,1.13455,1980
1640836800,1.13453,1.13466,1.13238,1.1325,2315
1640851200,1.13251,1.1326,1.12992,1.13009,7164
1640865600,1.13008,1.13439,1.12994,1.13031,9468
1640880000,1.1303,1.1339299999999999,1.12977,1.13144,10841
1640894400,1.13144,1.13296,1.13031,1.1324,3040
1640908800,1.13228,1.13279,1.13185,1.13191,1711
1640923200,1.13192,1.13248,1.1308799999999999,1.13101,1611
1640937600,1.131,1.1335600000000001,1.13025,1.13277,4790
1640952000,1.13278,1.13527,1.13114,1.13475,8848
1640966400,1.13473,1.13857,1.13374,1.13857,10408
1640980800,1.13856,1.13856,1.13836,1.13837,26
1641168000,1.13731,1.13776,1.13493,1.13578,2794
1641182400,1.13578,1.13578,1.13352,1.13371,2902
1641196800,1.13371,1.13555,1.13342,1.1351,7362
1641211200,1.13508,1.13655,1.13453,1.13499,9825
1641225600,1.13499,1.13511,1.1279,1.12831,14338
1641240000,1.1283,1.12996,1.12824,1.1297,3558
1641254400,1.12963,1.1308,1.12924,1.13059,2935
1641268800,1.13058,1.13087,1.12948,1.13042,3410
1641283200,1.13041,1.13074,1.12826,1.13015,9033
1641297600,1.13013,1.13048,1.12716,1.12792,12002
1641312000,1.12792,1.13218,1.12769,1.1293,14225
1641326400,1.1293,1.12935,1.1277300000000001,1.12855,4150
1641340800,1.12847,1.12879,1.12763,1.12849,2196
1641355200,1.12848,1.12961,1.12843,1.1293199999999999,2793
1641369600,1.1293199999999999,1.13104,1.12923,1.1305399999999999,7656
1641384000,1.13055,1.13281,1.13024,1.13231,12893
1641398400,1.1323,1.13458,1.13204,1.13406,12199
1641412800,1.13405,1.13438,1.13014,1.13123,10793
1641427200,1.13118,1.13179,1.13043,1.13158,2567
1641441600,1.13158,1.13198,1.13064,1.13084,4259
1641456000,1.13084,1.13087,1.12838,1.13046,10598
1641470400,1.13046,1.13262,1.13014,1.1311499999999999,14322
1641484800,1.13114,1.13311,1.1289500000000001,1.12951,18674
1641499200,1.12951,1.1299,1.12854,1.12977,4330
1641513600,1.1297,1.13001,1.12893,1.13001,2280
1641528000,1.13,1.13026,1.12944,1.13014,2242
1641542400,1.13015,1.13167,1.12975,1.13141,7571
1641556800,1.1314,1.13219,1.12916,1.13009,15258
1641571200,1.13009,1.13577,1.12981,1.13561,17933
1641585600,1.1356,1.1364,1.13542,1.13587,3671
1641772800,1.1356,1.13594,1.13489,1.13496,2971
1641787200,1.13497,1.13512,1.13312,1.13343,2661
1641801600,1.13343,1.1344,1.13199,1.13258,9905
1641816000,1.13257,1.13355,1.12942,1.12963,13989
1641830400,1.12963,1.1334,1.12843,1.13279,16312
1641844800,1.13278,1.13304,1.13193,1.13288,5130
1641859200,1.13276,1.1341,1.13196,1.13357,2768
1641873600,1.13357,1.13436,1.13338,1.13382,2920
1641888000,1.1338300000000001,1.13512,1.13279,1.13326,9938
1641902400,1.13326,1.13428,1.13224,1.13251,11453
1641916800,1.13252,1.13679,1.13121,1.13535,15118
1641931200,1.13534,1.13745,1.13512,1.13684,5102
1641945600,1.13676,1.13727,1.13635,1.13694,2156
1641960000,1.13693,1.13773,1.1367099999999999,1.13724,2574
1641974400,1.13725,1.13743,1.13544,1.13665,7719
1641988800,1.13664,1.14143,1.1353900000000001,1.14092,15897
1642003200,1.14091,1.14443,1.13938,1.14431,18790
1642017600,1.1443,1.1452,1.1437599999999999,1.14394,5760
1642032000,1.14394,1.14474,1.1435,1.14382,2652
1642046400,1.14381,1.14465,1.14349,1.14405,2928
1642060800,1.14406,1.14776,1.14378,1.14706,10257
1642075200,1.14705,1.1476899999999999,1.1452499999999999,1.14712,13839
1642089600,1.14713,1.1481,1.1446399999999999,1.14605,16105
1642104000,1.14606,1.14655,1.14503,1.1454,5804
1642118400,1.14538,1.14674,1.14506,1.14654,3602
1642132800,1.14654,1.14821,1.14618,1.14782,4771
1642147200,1.14781,1.14799,1.14566,1.14574,10242
1642161600,1.14574,1.14603,1.14325,1.14374,13180
1642176000,1.14373,1.14491,1.13977,1.14014,19224
1642190400,1.14013,1.14171,1.14005,1.14144,4895
1642377600,1.14137,1.14155,1.13994,1.14041,3656
1642392000,1.14041,1.14218,1.14031,1.14181,3276
1642406400,1.1418,1.14337,1.14112,1.14231,7890
1642420800,1.1423,1.14258,1.13911,1.14008,9870
1642435200,1.14009,1.1415,1.13948,1.1411,8564
1642449600,1.14109,1.14127,1.1403699999999999,1.14043,1242
1642464000,1.14044,1.142,1.1403699999999999,1.14182,3091
1642478400,1.1418300000000001,1.14208,1.13843,1.13964,7997
1642492800,1.13963,1.1405,1.13853,1.1394199999999999,15021
1642507200,1.13943,1.13987,1.13622,1.13776,14496
1642521600,1.13775,1.1378,1.13197,1.1322,17775
1642536000,1.13219,1.13338,1.1314,1.13269,6715
1642550400,1.13254,1.13296,1.13181,1.13215,3813
1642564800,1.13214,1.13329,1.13194,1.13294,4431
1642579200,1.13294,1.13473,1.13262,1.13392,11559
1642593600,1.13391,1.13501,1.13324,1.13431,10397
1642608000,1.13432,1.13564,1.13353,1.13434,14834
1642622400,1.13433,1.1353900000000001,1.1341,1.13427,4780
1642636800,1.13423,1.13646,1.13397,1.13594,3692
1642651200,1.13593,1.13603,1.13447,1.13491,4443
1642665600,1.1349,1.13682,1.13427,1.13467,9551
1642680000,1.13466,1.13572,1.13305,1.13508,11847
1642694400,1.13509,1.13568,1.13257,1.13264,16941
1642708800,1.13265,1.13287,1.13024,1.13092,6473
1642723200,1.13092,1.13171,1.13002,1.13165,4560
1642737600,1.13166,1.13343,1.13148,1.13246,4848
1642752000,1.13245,1.13446,1.13219,1.13385,11266
1642766400,1.13384,1.1351,1.1325,1.13494,10732
1642780800,1.13493,1.13592,1.13361,1.13448,16076
1642795200,1.13447,1.13484,1.13375,1.13409,4765
1642982400,1.13377,1.13442,1.13318,1.13365,3319
1642996800,1.13366,1.13371,1.13162,1.13172,3534
1643011200,1.1317599999999999,1.1335600000000001,1.1309,1.13245,12532
1643025600,1.13244,1.13274,1.12941,1.1295,14776
1643040000,1.12948,1.13284,1.12898,1.13273,19148
1643054400,1.13272,1.13344,1.13169,1.13248,7296
1643068800,1.13242,1.13275,1.13157,1.13161,3183
1643083200,1.1316,1.13179,1.13074,1.13093,3812
1643097600,1.13092,1.13152,1.12836,1.1287099999999999,11061
1643112000,1.1287,1.12903,1.12658,1.1274899999999999,11662
1643126400,1.1274899999999999,1.12884,1.12624,1.12869,14932
1643140800,1.12869,1.13064,1.12856,1.1301700000000001,5287
1643155200,1.1301,1.13052,1.12929,1.1304400000000001,2205
1643169600,1.13046,1.13099,1.12999,1.13038,3183
1643184000,1.13037,1.13046,1.12826,1.1286,8400
1643198400,1.12859,1.12874,1.1271,1.12816,10280
1643212800,1.12817,1.12957,1.12732,1.12873,13272
1643227200,1.12872,1.12996,1.12347,1.12416,29304
1643241600,1.12406,1.12425,1.12298,1.12321,4548
1643256000,1.1232,1.12327,1.12148,1.12193,5683
1643270400,1.12193,1.12209,1.11925,1.11952,13696
1643284800,1.11951,1.11998,1.11334,1.11476,19142
1643299200,1.11475,1.11605,1.11298,1.1137299999999999,19879
1643313600,1.11372,1.11476,1.11341,1.11421,6779
1643328000,1.11413,1.11467,1.11364,1.11457,3481
1643342400,1.11456,1.1154,1.11447,1.11524,4181
1643356800,1.11525,1.11531,1.11196,1.11309,13017
1643371200,1.11308,1.11672,1.11239,1.11667,17932
1643385600,1.11669,1.11718,1.11364,1.1149499999999999,20464
1643400000,1.11496,1.11543,1.11395,1.11458,5169
1643587200,1.11428,1.11563,1.11368,1.1156,4038
1643601600,1.11559,1.11642,1.1153,1.11633,3946
1643616000,1.11632,1.11807,1.11591,1.1173,10090
1643630400,1.1172900000000001,1.11921,1.11446,1.11917,14594
1643644800,1.11915,1.12189,1.11817,1.12185,20334
1643659200,1.12185,1.12471,1.12177,1.12325,7071
1643673600,1.1232199999999999,1.12327,1.12202,1.12256,3032
1643688000,1.12256,1.12446,1.12248,1.12394,4265
1643702400,1.12393,1.1268799999999999,1.12337,1.12605,12485
1643716800,1.12603,1.12779,1.12528,1.1265100000000001,12145
1643731200,1.1265100000000001,1.12737,1.12337,1.12441,18711
1643745600,1.1244,1.12729,1.12422,1.1272199999999999,5405
1643760000,1.12714,1.12761,1.12676,1.12756,2435
1643774400,1.12757,1.12772,1.12699,1.12725,3016
1643788800,1.12724,1.12936,1.12659,1.12925,9669
1643803200,1.12927,1.1329500000000001,1.12892,1.13107,14212
1643817600,1.13106,1.13204,1.12916,1.13106,14516
1643832000,1.13105,1.13135,1.13015,1.13048,4044
1643846400,1.13037,1.1304400000000001,1.12924,1.12995,2357
1643860800,1.12995,1.13075,1.1294,1.13,3482
1643875200,1.13,1.13018,1.12832,1.12835,9587
1643889600,1.1283400000000001,1.13662,1.12666,1.13662,25191
1643904000,1.13664,1.14507,1.1360999999999999,1.14433,34268
1643918400,1.14432,1.1449,1.14255,1.14386,7356
1643932800,1.14372,1.14534,1.14312,1.14514,4347
1643947200,1.14513,1.14712,1.14482,1.14593,5707
1643961600,1.14592,1.1468,1.14391,1.14626,14840
1643976000,1.14625,1.1482999999999999,1.14221,1.14355,22563
1643990400,1.14355,1.14619,1.14109,1.14536,23404
1644004800,1.14538,1.14634,1.14468,1.14508,5254
1644192000,1.1455899999999999,1.14617,1.14386,1.14407,3916
1644206400,1.14408,1.1442,1.14239,1.14298,5831
1644220800,1.14299,1.14485,1.14144,1.14227,13452
1644235200,1.14228,1.14581,1.14156,1.14391,14586
1644249600,1.1439,1.14502,1.14166,1.14179,17889
1644264000,1.14178,1.14432,1.14165,1.14385,4070
1644278400,1.14386,1.1448,1.14326,1.1435,3517
1644292800,1.1435,1.1435,1.14146,1.14163,4442
1644307200,1.14162,1.14227,1.13955,1.1405,12713
1644321600,1.14049,1.14328,1.13996,1.14082,13110
1644336000,1.14081,1.14231,1.14024,1.14201,12951
1644350400,1.14201,1.14231,1.1401,1.14163,4585
1644364800,1.14153,1.14227,1.14114,1.14222,2761
1644379200,1.14221,1.14318,1.14211,1.14215,3677
1644393600,1.14214,1.14272,1.14019,1.14257,9418
1644408000,1.14257,1.14452,1.14225,1.14351,11519
1644422400,1.14349,1.14472,1.14248,1.14368,14401
1644436800,1.14367,1.1440299999999999,1.14193,1.14229,4810
1644451200,1.14222,1.1425,1.14123,1.14187,2274
1644465600,1.14186,1.14307,1.14172,1.14251,3045
1644480000,1.1425,1.14455,1.14188,1.14428,9355
1644494400,1.1442700000000001,1.14449,1.13814,1.14074,17551
1644508800,1.14073,1.14942,1.13742,1.14638,33959
1644523200,1.1463700000000001,1.1474199999999999,1.14065,1.1428099999999999,13349
1644537600,1.14277,1.14288,1.13851,1.14018,6383
1644552000,1.14017,1.14063,1.13742,1.13859,4930
1644566400,1.13858,1.13972,1.13693,1.13857,15041
1644580800,1.13856,1.14174,1.13831,1.139,13006
1644595200,1.13899,1.14074,1.13794,1.13959,18490
1644609600,1.13958,1.13987,1.1329,1.13474,37918
1644796800,1.13394,1.13684,1.1338,1.1353,6709
1644811200,1.13529,1.13529,1.13399,1.13507,5122
1644825600,1.13507,1.13512,1.13032,1.13114,16398
1644840000,1.13113,1.13418,1.13001,1.13143,21824
1644854400,1.13142,1.13203,1.1291,1.13097,21881
1644868800,1.13096,1.13137,1.12793,1.13067,14663
1644883200,1.13064,1.13138,1.12967,1.13099,2915
1644897600,1.13098,1.13218,1.13085,1.13167,4803
1644912000,1.13166,1.13493,1.13087,1.13455,16062
1644926400,1.1345399999999999,1.13591,1.13358,1.13551,16901
1644940800,1.13551,1.13675,1.13195,1.13579,19479
1644955200,1.13579,1.13636,1.13538,1.13586,4668
1644969600,1.13579,1.13594,1.13479,1.13513,2449
1644984000,1.13512,1.13547,1.13443,1.13531,3378
1644998400,1.1353,1.13946,1.13525,1.13769,12279
1645012800,1.13768,1.13876,1.13541,1.13623,14652
1645027200,1.13624,1.13821,1.13525,1.13737,13834
1645041600,1.13736,1.13952,1.13694,1.1373,12369
1645056000,1.13726,1.13839,1.13665,1.1381000000000001,3638
1645070400,1.13809,1.1384400000000001,1.13224,1.13557,15111
1645084800,1.13556,1.13852,1.13421,1.13607,23112
1645099200,1.13606,1.13785,1.13508,1.13586,15970
1645113600,1.13585,1.13788,1.13501,1.13587,21099
1645128000,1.13585,1.13666,1.1356,1.1360999999999999,4973
1645142400,1.13604,1.13706,1.13565,1.13674,4856
1645156800,1.13673,1.13707,1.13605,1.13651,4184
1645171200,1.1365,1.13762,1.13632,1.13704,10224
1645185600,1.13702,1.13716,1.13461,1.13483,12788
1645200000,1.13484,1.13533,1.13135,1.13215,20936
1645214400,1.13214,1.13351,1.1320999999999999,1.13229,5302
1645401600,1.1320000000000001,1.13572,1.13125,1.13527,6131
1645416000,1.13526,1.13673,1.13522,1.13618,4146
1645430400,1.13617,1.13898,1.13532,1.13628,10488
1645444800,1.13628,1.13658,1.13201,1.13294,11196
1645459200,1.13292,1.13484,1.13244,1.1335600000000001,11162
1645473600,1.1335600000000001,1.13423,1.13059,1.131,4547
1645488000,1.13098,1.13191,1.12957,1.1303,6091
1645502400,1.1303,1.13087,1.12873,1.13059,6990
1645516800,1.13058,1.1336,1.12919,1.13187,19409
1645531200,1.13189,1.1366100000000001,1.1317599999999999,1.13405,20891
1645545600,1.13405,1.13533,1.13243,1.1333,19551
1645560000,1.13328,1.13403,1.13213,1.1325,9418
1645574400,1.13244,1.13353,1.13228,1.13341,2699
1645588800,1.13342,1.13381,1.13193,1.13249,3500
1645603200,1.13248,1.13581,1.13152,1.13551,11415
1645617600,1.1354899999999999,1.13574,1.13358,1.13507,12279
1645632000,1.13506,1.1351,1.13053,1.13116,15478
1645646400,1.1311499999999999,1.13116,1.13004,1.13024,5981
1645660800,1.13022,1.13079,1.12744,1.12924,6228
1645675200,1.12923,1.1293199999999999,1.12079,1.12372,27018
1645689600,1.12371,1.12614,1.12084,1.12104,36287
1645704000,1.12105,1.12115,1.11521,1.11612,38806
1645718400,1.11612,1.11781,1.11057,1.11658,39965
1645732800,1.11658,1.12202,1.11591,1.11923,24509
1645747200,1.11919,1.12087,1.11858,1.12029,9502
1645761600,1.12028,1.1227800000000001,1.1198,1.12247,10310
1645776000,1.12248,1.12248,1.1169,1.11805,25609
1645790400,1.11805,1.12407,1.11652,1.1236,29367
1645804800,1.1236,1.12663,1.12179,1.124,26826
1645819200,1.12399,1.12732,1.12399,1.12716,9687
1646006400,1.11371,1.11938,1.1137,1.11703,19831
1646020800,1.11704,1.11731,1.11413,1.11558,13632
1646035200,1.11557,1.11992,1.11538,1.11774,29842
1646049600,1.11773,1.12311,1.1177,1.12116,28833
1646064000,1.12115,1.12457,1.11966,1.12042,30182
1646078400,1.12041,1.12229,1.12028,1.1219,10202
1646092800,1.12177,1.12196,1.1201,1.12011,3864
1646107200,1.1201,1.12047,1.119,1.11954,6441
1646121600,1.11953,1.12324,1.11893,1.11957,19893
1646136000,1.1195599999999999,1.11979,1.11396,1.11596,28872
1646150400,1.11595,1.11612,1.1089,1.11083,33852
1646164800,1.11082,1.11372,1.10976,1.1123,16060
1646179200,1.1122,1.11349,1.11163,1.11274,4795
1646193600,1.11275,1.11311,1.11105,1.11142,7530
1646208000,1.11141,1.11173,1.10582,1.10816,30742
1646222400,1.10815,1.11186,1.10752,1.1104,29650
1646236800,1.11039,1.11429,1.10567,1.11018,43432
1646251200,1.11017,1.11335,1.1099,1.11238,12482
1646265600,1.11217,1.11217,1.10935,1.10971,6392
1646280000,1.10971,1.11059,1.10894,1.1101,7004
1646294400,1.11009,1.11056,1.1071,1.10792,16548
1646308800,1.10791,1.10962,1.10639,1.10849,16766
1646323200,1.10849,1.10943,1.10329,1.10504,31158
1646337600,1.10504,1.10658,1.10467,1.10655,9693
1646352000,1.10654,1.1067,1.10094,1.10482,19306
1646366400,1.10481,1.10487,1.10186,1.1028,12867
1646380800,1.10279,1.1031,1.10076,1.10134,16364
1646395200,1.10133,1.1019,1.08849,1.09081,29353
1646409600,1.09081,1.09274,1.08954,1.09252,31361
1646424000,1.09252,1.09395,1.09091,1.09305,11864
1646611200,1.09262,1.09287,1.08209,1.08428,18041
1646625600,1.08427,1.08866,1.08351,1.08762,17605
1646640000,1.08761,1.08971,1.08496,1.08576,33229
1646654400,1.08577,1.09245,1.08051,1.08969,43153
1646668800,1.08969,1.09315,1.08476,1.08744,38787
1646683200,1.08743,1.08996,1.08449,1.08517,17986
1646697600,1.08515,1.08798,1.08475,1.08742,7186
1646712000,1.08741,1.08841,1.0855,1.0859,11443
1646726400,1.08592,1.0921,1.08504,1.08868,38810
1646740800,1.08868,1.09203,1.08647,1.09149,29679
1646755200,1.09148,1.09556,1.08713,1.09418,45341
1646769600,1.09416,1.09576,1.08963,1.09018,24329
1646784000,1.09004,1.09194,1.08893,1.09132,6615
1646798400,1.09131,1.09288,1.09045,1.09152,7207
1646812800,1.09152,1.09721,1.09085,1.09693,20950
1646827200,1.09692,1.10157,1.0941,1.10135,24321
1646841600,1.1013600000000001,1.10944,1.10035,1.10911,39783
1646856000,1.1091,1.10942,1.1061,1.10725,12513
1646870400,1.10722,1.10772,1.1041,1.10506,7220
1646884800,1.10506,1.10617,1.10446,1.10583,7281
1646899200,1.10582,1.10792,1.10255,1.10407,29921
1646913600,1.10406,1.11204,1.10248,1.10633,44446
1646928000,1.1063,1.10693,1.09793,1.09896,35248
1646942400,1.09897,1.09931,1.09755,1.09873,8797
1646956800,1.09867,1.10181,1.09798,1.09869,7379
1646971200,1.0987,1.10096,1.09867,1.09983,9555
1646985600,1.09982,1.1008,1.09594,1.09667,23061
1647000000,1.09666,1.10428,1.09651,1.09974,37249
1647014400,1.09973,1.10008,1.09122,1.09155,32184
1647028800,1.09154,1.09206,1.09013,1.09135,10724
1647216000,1.09151,1.09381,1.09073,1.09165,11797
1647230400,1.09164,1.09176,1.08999,1.09105,10489
1647244800,1.09104,1.0989,1.09085,1.09816,22898
1647259200,1.09815,1.09834,1.09343,1.09421,24469
1647273600,1.0942,1.09931,1.09385,1.09741,23248
1647288000,1.09742,1.09755,1.09325,1.09421,8169
1647302400,1.09422,1.09549,1.09299,1.09538,9445
1647316800,1.09538,1.09845,1.09528,1.09823,13416
1647331200,1.09822,1.10192,1.09661,1.10048,30440
1647345600,1.10047,1.10047,1.09731,1.09965,25091
1647360000,1.09966,1.0999,1.0936,1.09376,28315
1647374400,1.09375,1.09531,1.09254,1.0948,8225
1647388800,1.09481,1.09732,1.09481,1.09663,8567
1647403200,1.09662,1.09772,1.09639,1.09767,7792
1647417600,1.09766,1.10044,1.09552,1.09861,24519
1647432000,1.0986,1.1024,1.09815,1.09994,25612
1647446400,1.09993,1.10393,1.09818,1.09825,33313
1647460800,1.09788,1.1046,1.09494,1.10302,34820
1647475200,1.10306,1.10516,1.10071,1.10352,10115
1647489600,1.10352,1.10417,1.10227,1.10227,8979
1647504000,1.10235,1.10663,1.10213,1.10535,18642
1647518400,1.10534,1.10701,1.10224,1.10694,25930
1647532800,1.10693,1.11368,1.10665,1.1126,19161
1647547200,1.11261,1.11265,1.10867,1.109,6084
1647561600,1.10891,1.11179,1.10849,1.10869,8999
1647576000,1.10868,1.10896,1.1075,1.10833,7263
1647590400,1.10832,1.10935,1.10524,1.10565,16997
1647604800,1.10564,1.10596,1.10023,1.10245,21999
1647619200,1.10245,1.10715,1.10236,1.10579,24937
1647633600,1.10578,1.10582,1.10415,1.10484,6887
1647820800,1.10504,1.10565,1.10372,1.10442,4111
1647835200,1.10443,1.10511,1.10372,1.10411,4436
1647849600,1.10411,1.10694,1.10341,1.10564,15570
1647864000,1.1056300000000001,1.10576,1.10249,1.10329,16981
1647878400,1.10328,1.10517,1.10173,1.103,24263
1647892800,1.103,1.10303,1.10094,1.10173,7444
1647907200,1.10174,1.10248,1.09804,1.09948,7857
1647921600,1.09949,1.10044,1.09802,1.09808,10785
1647936000,1.09809,1.1013600000000001,1.09602,1.09956,19915
1647950400,1.09955,1.10425,1.09864,1.10405,24306
1647964800,1.10404,1.1045,1.10107,1.10225,17869
1647979200,1.10224,1.10323,1.10195,1.10276,5124
1647993600,1.10279,1.10428,1.102,1.10253,7684
1648008000,1.10252,1.1039,1.10231,1.10364,7189
1648022400,1.1036299999999999,1.10391,1.09879,1.0996299999999999,15009
1648036800,1.09962,1.10062,1.09633,1.09652,19702
1648051200,1.09654,1.10063,1.09653,1.1005,17336
1648065600,1.10049,1.10111,1.09998,1.10054,4591
1648080000,1.10055,1.10129,1.09815,1.09876,7474
1648094400,1.09875,1.09908,1.09759,1.09769,6935
1648108800,1.09769,1.10001,1.09714,1.09874,17894
1648123200,1.09873,1.10003,1.09651,1.0973,21442
1648137600,1.09729,1.10127,1.09708,1.09931,20943
1648152000,1.0993,1.1005,1.09901,1.0995,5560
1648166400,1.09956,1.10348,1.09956,1.1031900000000001,8815
1648180800,1.10317,1.1037,1.10228,1.10279,8880
1648195200,1.10278,1.10299,1.1,1.10045,15417
1648209600,1.10044,1.10217,1.09915,1.10108,18447
1648224000,1.10108,1.10238,1.09802,1.099,24405
1648238400,1.09899,1.09959,1.09791,1.09792,6392
1648425600,1.09854,1.09855,1.09666,1.09702,4450
1648440000,1.097,1.09741,1.09498,1.09535,13123
1648454400,1.09534,1.09987,1.0944099999999999,1.099,24915
1648468800,1.099,1.09926,1.09505,1.09559,25053
1648483200,1.09558,1.09987,1.09458,1.09934,22575
1648497600,1.09933,1.09985,1.09739,1.09851,7924
1648512000,1.0984099999999999,1.09971,1.09684,1.09729,8476
1648526400,1.09728,1.09966,1.09724,1.09846,12175
1648540800,1.09845,1.10174,1.09783,1.09842,20272
1648555200,1.0984099999999999,1.11282,1.09743,1.11123,42025
1648569600,1.11121,1.11364,1.10774,1.10794,36743
1648584000,1.10793,1.10935,1.10709,1.10866,9314
1648598400,1.10863,1.10983,1.10775,1.10968,8117
1648612800,1.10968,1.11206,1.10964,1.111,18424
1648627200,1.11099,1.11558,1.11048,1.1155599999999999,27081
1648641600,1.11555,1.1161,1.11111,1.11242,25204
1648656000,1.11243,1.11703,1.1118999999999999,1.11565,24362
1648670400,1.11564,1.11619,1.1147,1.11588,6172
1648684800,1.11583,1.11742,1.11555,1.11734,8420
1648699200,1.11735,1.11841,1.11569,1.11598,10068
1648713600,1.11597,1.11749,1.11119,1.11287,22636
1648728000,1.11286,1.11311,1.10873,1.11013,22005
1648742400,1.11014,1.1132,1.10678,1.1081,35060
1648756800,1.10809,1.10929,1.10603,1.10662,10007
1648771200,1.10655,1.10752,1.1059,1.10666,5742
1648785600,1.10667,1.10723,1.10608,1.10632,8286
1648800000,1.10631,1.1075,1.1042399999999999,1.10601,21134
1648814400,1.106,1.10671,1.10359,1.10432,20932
1648828800,1.10434,1.10531,1.10272,1.10394,19404
1648843200,1.10394,1.10516,1.10322,1.10442,6981
1649030400,1.10385,1.1053,1.10367,1.10486,3559
1649044800,1.10484,1.10537,1.10429,1.10472,5517
1649059200,1.10471,1.10531,1.10187,1.10215,14938
1649073600,1.10215,1.10314,1.09951,1.09985,12929
1649088000,1.09985,1.10021,1.09735,1.0974,13915
1649102400,1.09739,1.09764,1.09598,1.09724,6111
1649116800,1.09727,1.09791,1.09695,1.09754,3511
1649131200,1.09753,1.09761,1.09615,1.09634,5564
1649145600,1.09636,1.09879,1.09616,1.0967,13442
1649160000,1.09671,1.09845,1.09555,1.09635,12194
1649174400,1.09633,1.09749,1.09114,1.09134,15747
1649188800,1.09133,1.09204,1.08994,1.09045,5393
1649203200,1.09043,1.09074,1.08933,1.08936,2842
1649217600,1.08936,1.09025,1.089,1.0896,7742
1649232000,1.08961,1.09263,1.08737,1.09226,15158
1649246400,1.09225,1.0937000000000001,1.08987,1.09324,14951
1649260800,1.09325,1.09364,1.0902,1.09074,14736
1649275200,1.09073,1.09278,1.0878,1.08968,17251
1649289600,1.08955,1.09115,1.0891,1.09112,4913
1649304000,1.09111,1.09152,1.09037,1.0913599999999999,6848
1649318400,1.09135,1.09335,1.08747,1.08773,13886
1649332800,1.08772,1.0926,1.08641,1.09127,18830
1649347200,1.09127,1.09377,1.08758,1.08766,18615
1649361600,1.08763,1.08915,1.08669,1.0881,7930
1649376000,1.08799,1.08816,1.08571,1.0861399999999999,6110
1649390400,1.08613,1.08689,1.0854,1.08541,7628
1649404800,1.0854,1.08785,1.08472,1.08661,13460
1649419200,1.0866,1.08911,1.08494,1.08522,13274
1649433600,1.08523,1.08808,1.08356,1.08715,15919
1649448000,1.08715,1.08845,1.08643,1.08747,5830
1649635200,1.09045,1.09119,1.08797,1.08875,6445
1649649600,1.08874,1.0894,1.08745,1.08845,9244
1649664000,1.08844,1.09188,1.08733,1.09065,18284
1649678400,1.09064,1.09326,1.08916,1.09044,14357
1649692800,1.09043,1.09052,1.08721,1.0877,16291
1649707200,1.08769,1.08939,1.08769,1.0883,6151
1649721600,1.08829,1.08866,1.08703,1.08737,5203
1649736000,1.0873599999999999,1.08825,1.08658,1.08786,7178
1649750400,1.08785,1.08813,1.08526,1.08613,16642
1649764800,1.0861399999999999,1.09029,1.08502,1.08951,19392
1649779200,1.0895,1.09024,1.08313,1.08409,27063
1649793600,1.08406,1.0844,1.08207,1.0826500000000001,9038
1649808000,1.08251,1.08306,1.08108,1.08151,3906
1649822400,1.08151,1.084,1.08138,1.08328,8672
1649836800,1.08327,1.08441,1.08144,1.08362,16495
1649851200,1.08361,1.08471,1.08145,1.08174,16458
1649865600,1.08173,1.08935,1.08081,1.08813,22727
1649880000,1.08814,1.08908,1.0871,1.08908,8792
1649894400,1.08877,1.0899,1.08797,1.0884,4516
1649908800,1.08841,1.09121,1.08821,1.09115,8177
1649923200,1.09116,1.09226,1.09024,1.0907499999999999,12655
1649937600,1.09074,1.09169,1.0843099999999999,1.08467,24738
1649952000,1.0847,1.0848200000000001,1.07567,1.08154,40838
1649966400,1.08153,1.0834,1.08083,1.08301,7683
1649980800,1.08295,1.08295,1.07964,1.08038,8409
1649995200,1.08036,1.08147,1.07956,1.08044,15370
1650009600,1.08043,1.08228,1.08016,1.08181,5404
1650024000,1.0818,1.0819,1.08039,1.0812,11373
1650038400,1.08119,1.08125,1.08032,1.08055,4334
1650240000,1.08035,1.0821,1.07927,1.08003,6247
1650254400,1.08002,1.08113,1.07886,1.07917,9008
1650268800,1.07918,1.08029,1.07825,1.07912,6799
1650283200,1.07911,1.08138,1.07888,1.08043,7200
1650297600,1.08042,1.08099,1.07693,1.07721,12133
1650312000,1.0772,1.07858,1.07708,1.07803,4784
1650326400,1.0779,1.07873,1.07723,1.07782,5750
1650340800,1.07783,1.07836,1.07605,1.07713,9461
1650355200,1.07712,1.08137,1.07659,1.081,15590
1650369600,1.08099,1.08104,1.07839,1.07933,14111
1650384000,1.07932,1.08076,1.07811,1.07957,19529
1650398400,1.07958,1.08027,1.07816,1.07898,6834
1650412800,1.07891,1.07983,1.0783,1.07957,5254
1650427200,1.07956,1.08219,1.07833,1.08195,13991
1650441600,1.08195,1.08405,1.0805,1.0839,12960
1650456000,1.08389,1.0866,1.08199,1.08284,18279
1650470400,1.08283,1.08655,1.08213,1.08422,20409
1650484800,1.08421,1.08566,1.08391,1.08513,7975
1650499200,1.08488,1.08537,1.08304,1.08351,5180
1650513600,1.08351,1.0843,1.0823,1.08315,9051
1650528000,1.08314,1.09355,1.0831,1.09205,21980
1650542400,1.09206,1.09245,1.08738,1.08903,16316
1650556800,1.08902,1.0895299999999999,1.08323,1.08427,22984
1650571200,1.08428,1.08574,1.08299,1.08346,12821
1650585600,1.08344,1.08421,1.08313,1.08366,4936
1650600000,1.08367,1.08498,1.08302,1.08449,9460
1650614400,1.08448,1.08508,1.07895,1.07973,19797
1650628800,1.07974,1.08244,1.07916,1.08186,14478
1650643200,1.08185,1.08441,1.07698,1.07785,25446
1650657600,1.07784,1.08004,1.07776,1.08004,9083
1650844800,1.08062,1.08139,1.07952,1.08014,7461
1650859200,1.08013,1.08037,1.0771600000000001,1.07735,11442
1650873600,1.07737,1.07781,1.07062,1.07443,28710
1650888000,1.07441,1.07575,1.0719,1.0742099999999999,26124
1650902400,1.0742099999999999,1.07429,1.06961,1.07145,27914
1650916800,1.07144,1.07181,1.0704,1.07104,10124
1650931200,1.07102,1.07308,1.07063,1.07297,5614
1650945600,1.07296,1.07379,1.072,1.07273,11101
1650960000,1.07272,1.07338,1.06719,1.06805,20960
1650974400,1.06806,1.06966,1.06684,1.06781,15960
1650988800,1.06782,1.06846,1.0641,1.06584,22868
1651003200,1.06583,1.06607,1.06358,1.06368,7936
1651017600,1.06365,1.06471,1.06342,1.06429,5029
1651032000,1.0642800000000001,1.06527,1.0633,1.0649,11304
1651046400,1.0649,1.06539,1.05848,1.05879,25605
1651060800,1.05878,1.0622,1.05445,1.05545,25049
1651075200,1.05544,1.05705,1.05139,1.05621,29611
1651089600,1.05622,1.05716,1.05529,1.05599,11208
1651104000,1.05586,1.05586,1.05301,1.05376,5107
1651118400,1.05377,1.05526,1.05081,1.05168,16499
1651132800,1.05167,1.05641,1.04803,1.05153,33977
1651147200,1.05152,1.05377,1.04704,1.04848,30166
1651161600,1.04851,1.05304,1.04808,1.05119,33406
1651176000,1.05117,1.0515,1.04964,1.04985,8912
1651190400,1.04981,1.05165,1.04905,1.05152,4509
1651204800,1.05152,1.05291,1.05044,1.0516,9591
1651219200,1.05159,1.05922,1.05158,1.05683,21937
1651233600,1.05684,1.05796,1.0509,1.05308,23705
1651248000,1.05307,1.05584,1.05177,1.05486,29921
1651262400,1.05485,1.05779,1.05415,1.05454,12382
1651449600,1.05435,1.05525,1.05258,1.05286,8782
1651464000,1.05285,1.05326,1.05162,1.05179,9432
1651478400,1.05177,1.05677,1.05094,1.05281,16616
1651492800,1.0528,1.05322,1.05077,1.05098,12544
1651507200,1.05098,1.05409,1.05016,1.05083,20777
1651521600,1.05084,1.05107,1.04897,1.0507,9208
1651536000,1.05058,1.05251,1.04994,1.05246,3789
1651550400,1.0524499999999999,1.05259,1.05011,1.05011,7290
1651564800,1.05011,1.0527,1.04936,1.04995,17261
1651579200,1.04994,1.05769,1.04915,1.05668,20142
1651593600,1.05667,1.05714,1.05108,1.05149,20322
1651608000,1.05148,1.05397,1.05118,1.05216,9571
1651622400,1.05211,1.05334,1.0518399999999999,1.05242,2908
1651636800,1.05242,1.05324,1.05133,1.0516,5029
1651651200,1.05159,1.05336,1.05054,1.05212,14140
1651665600,1.05212,1.05545,1.05139,1.05525,14806
1651680000,1.05524,1.05635,1.05238,1.05483,20058
1651694400,1.05482,1.06301,1.05097,1.06208,52238
1651708800,1.06202,1.06268,1.0603,1.06131,6736
1651723200,1.0613,1.06412,1.0609,1.06116,11901
1651737600,1.06119,1.06184,1.05809,1.05996,21105
1651752000,1.05995,1.0607,1.05449,1.05525,27498
1651766400,1.05527,1.05651,1.04919,1.05103,35040
1651780800,1.05102,1.05501,1.05015,1.05403,18168
1651795200,1.05399,1.055,1.05328,1.05404,6823
1651809600,1.05404,1.05449,1.0515,1.05316,15640
1651824000,1.05317,1.05802,1.04822,1.05567,33886
1651838400,1.05566,1.05979,1.05468,1.05531,32327
1651852800,1.05527,1.05949,1.05527,1.05683,43259
1651867200,1.05682,1.05737,1.05356,1.05432,14451
1652054400,1.05398,1.05412,1.05175,1.05187,6488
1652068800,1.05187,1.0526,1.05022,1.05116,11938
1652083200,1.05115,1.05287,1.04944,1.05067,22036
1652097600,1.05066,1.05726,1.05041,1.05616,24008
1652112000,1.05615,1.05918,1.05164,1.05727,28295
1652126400,1.05726,1.0575,1.05499,1.05597,12191
1652140800,1.05591,1.05684,1.05519,1.05581,5957
1652155200,1.0558,1.05802,1.05543,1.05751,11365
1652169600,1.05751,1.05847,1.05503,1.05716,21038
1652184000,1.05717,1.0575,1.05348,1.0551,21272
1652198400,1.05509,1.05742,1.05247,1.05331,31300
1652212800,1.05332,1.05407,1.05259,1.05278,10957
1652227200,1.05277,1.05361,1.05257,1.05306,4355
1652241600,1.05305,1.05426,1.05249,1.05403,8303
1652256000,1.05404,1.05738,1.05365,1.05672,19594
1652270400,1.05671,1.05749,1.05009,1.0520100000000001,28757
1652284800,1.05198,1.05763,1.05171,1.05301,47380
1652299200,1.05301,1.05349,1.05092,1.0512299999999999,18355
1652313600,1.05117,1.0528,1.05068,1.05233,6043
1652328000,1.05234,1.05285,1.05118,1.0517,10728
1652342400,1.05172,1.052,1.04398,1.044,31797
1652356800,1.04399,1.04454,1.03879,1.04143,27839
1652371200,1.04144,1.0425,1.03538,1.0357,34358
1652385600,1.03571,1.03811,1.03531,1.03809,13503
1652400000,1.03796,1.03835,1.03724,1.03801,5511
1652414400,1.038,1.03971,1.03737,1.03963,9897
1652428800,1.03964,1.04189,1.03828,1.04074,21852
1652443200,1.04073,1.0408,1.037,1.0377,18646
1652457600,1.03771,1.04152,1.03488,1.0408,23800
1652472000,1.0408,1.04152,1.03929,1.04073,7938
1652659200,1.03981,1.04125,1.03932,1.04094,4968
1652673600,1.04093,1.04163,1.03883,1.03988,11869
1652688000,1.03986,1.04336,1.03942,1.04322,16467
1652702400,1.04321,1.04375,1.0412,1.04227,13073
1652716800,1.04231,1.04325,1.03888,1.04241,17408
1652731200,1.04243,1.04422,1.04171,1.0434,6065
1652745600,1.04302,1.04534,1.04278,1.04463,4782
1652760000,1.04462,1.04493,1.04312,1.04399,7319
1652774400,1.04399,1.04913,1.04397,1.04897,16033
1652788800,1.04896,1.05549,1.04682,1.05422,22695
1652803200,1.05423,1.05501,1.0524499999999999,1.05423,17726
1652817600,1.05423,1.05539,1.05205,1.05498,20267
1652832000,1.05489,1.05631,1.05448,1.05544,3964
1652846400,1.05545,1.05564,1.05237,1.05285,7890
1652860800,1.05284,1.05397,1.04935,1.05069,15339
1652875200,1.05068,1.05284,1.0504,1.05208,15233
1652889600,1.05209,1.05411,1.04819,1.04865,24488
1652904000,1.04864,1.04876,1.04604,1.04638,9982
1652918400,1.04628,1.05,1.04594,1.04878,8100
1652932800,1.04877,1.0506,1.0478,1.04956,13229
1652947200,1.04955,1.05081,1.04643,1.0495700000000001,21761
1652961600,1.0495700000000001,1.05442,1.04864,1.0537,24802
1652976000,1.05369,1.05978,1.05358,1.05927,35187
1652990400,1.05928,1.06063,1.05807,1.05835,12454
1653004800,1.05822,1.05862,1.05677,1.05756,6097
1653019200,1.05755,1.05805,1.0554,1.05731,10913
1653033600,1.0573,1.05926,1.05539,1.05766,20572
1653048000,1.05766,1.05982,1.05603,1.05636,15114
1653062400,1.05636,1.05704,1.05386,1.0548,22633
1653076800,1.0548,1.05665,1.05322,1.05578,13112
1653264000,1.05616,1.05897,1.05504,1.05822,7780
1653278400,1.05822,1.05939,1.05788,1.05899,8068
1653292800,1.059,1.06481,1.05877,1.06453,22237
1653307200,1.06452,1.06868,1.06443,1.0648,21463
1653321600,1.06482,1.06903,1.06436,1.06764,21794
1653336000,1.06765,1.06965,1.06708,1.0691,7797
1653350400,1.06902,1.06924,1.06664,1.06685,4295
1653364800,1.06684,1.06744,1.06602,1.06625,6263
1653379200,1.06626,1.07353,1.06616,1.07038,24129
1653393600,1.0704,1.0727,1.06949,1.07067,17558
1653408000,1.07066,1.07479,1.07034,1.07301,30881
1653422400,1.073,1.07379,1.07214,1.07349,10104
1653436800,1.07338,1.07381,1.07175,1.07223,4024
1653451200,1.07222,1.07227,1.07024,1.07048,9421
1653465600,1.07047,1.07083,1.0666,1.06693,19789
1653480000,1.06692,1.06785,1.06416,1.06502,21768
1653494400,1.06501,1.06865,1.0647199999999999,1.0654,20856
1653508800,1.06539,1.06938,1.06513,1.06793,18108
1653523200,1.06781,1.07056,1.06721,1.07036,6430
1653537600,1.07036,1.0705,1.06797,1.06818,10949
1653552000,1.06817,1.06951,1.06617,1.06818,17996
1653566400,1.06817,1.07222,1.06785,1.06977,19468
1653580800,1.06976,1.07287,1.06915,1.07049,19459
1653595200,1.07049,1.07307,1.07012,1.0728,6973
1653609600,1.07263,1.07394,1.07209,1.07392,5114
1653624000,1.07392,1.07644,1.07335,1.0754,10433
1653638400,1.07539,1.07562,1.07249,1.07296,14478
1653652800,1.07295,1.07307,1.06963,1.07146,18513
1653667200,1.07147,1.07497,1.07005,1.07095,22191
1653681600,1.07095,1.07335,1.07056,1.07303,6586
1653868800,1.07339,1.07349,1.07254,1.07293,4228
1653883200,1.07292,1.07592,1.07261,1.0757,9613
1653897600,1.07569,1.07691,1.07395,1.07625,15738
1653912000,1.07625,1.07797,1.07478,1.07519,13125
1653926400,1.07518,1.07858,1.0749900000000001,1.07856,11705
1653940800,1.07855,1.0786,1.07765,1.07795,2680
1653955200,1.07783,1.07784,1.07427,1.07448,6365
1653969600,1.07446,1.07571,1.07336,1.0744,13241
1653984000,1.07439,1.07544,1.07244,1.07266,19733
1653998400,1.07267,1.07378,1.06793,1.06809,26485
1654012800,1.0681,1.07373,1.06782,1.07306,33168
1654027200,1.07304,1.0746,1.07251,1.07334,8589
1654041600,1.07326,1.07369,1.07258,1.0727,4495
1654056000,1.07271,1.07277,1.07066,1.07135,9880
1654070400,1.07134,1.07382,1.07045,1.07172,18858
1654084800,1.07172,1.07278,1.07012,1.07254,15611
1654099200,1.07253,1.073,1.06263,1.06383,29766
1654113600,1.06382,1.06599,1.06363,1.06521,9095
1654128000,1.06503,1.06589,1.06446,1.06559,4773
1654142400,1.06559,1.06577,1.06442,1.06567,9145
1654156800,1.06566,1.06944,1.06488,1.06836,14310
1654171200,1.06833,1.07153,1.06801,1.07024,15869
1654185600,1.07025,1.07441,1.06916,1.07436,24516
1654200000,1.07435,1.07493,1.07371,1.07491,6619
1654214400,1.07459,1.07619,1.0735,1.07586,4689
1654228800,1.07587,1.07638,1.07454,1.07454,6801
1654243200,1.07453,1.0762,1.07442,1.07529,10655
1654257600,1.07529,1.07549,1.07034,1.07153,19170
1654272000,1.07153,1.07514,1.07099,1.07281,24045
1654286400,1.07279,1.07287,1.0714299999999999,1.0716,5810
1654473600,1.07145,1.0731,1.07125,1.07156,4752
1654488000,1.07156,1.07272,1.07094,1.07268,7241
1654502400,1.07268,1.07512,1.07174,1.07501,15196
1654516800,1.075,1.07503,1.07148,1.0722,11044
1654531200,1.0722,1.07232,1.06832,1.07,18107
1654545600,1.06999,1.07023,1.06845,1.06923,6886
1654560000,1.06929,1.06962,1.06793,1.06835,6525
1654574400,1.06836,1.06992,1.06699,1.06818,11508
1654588800,1.06819,1.07041,1.06645,1.06787,20316
1654603200,1.06788,1.0691,1.0653299999999999,1.06549,16952
1654617600,1.06549,1.07091,1.06514,1.07005,22425
1654632000,1.07006,1.07135,1.06923,1.07053,6547
1654646400,1.0703,1.07069,1.06907,1.06926,4842
1654660800,1.06924,1.0695000000000001,1.0677699999999999,1.06778,9665
1654675200,1.06778,1.06943,1.0675,1.06783,16540
1654689600,1.06783,1.07401,1.06706,1.07311,19649
1654704000,1.0731,1.07477,1.0724,1.07277,20284
1654718400,1.07276,1.07277,1.0712,1.07159,6187
1654732800,1.07157,1.07199,1.07086,1.07116,3888
1654747200,1.07115,1.0733,1.07089,1.07258,7090
1654761600,1.07257,1.07286,1.06932,1.07148,15237
1654776000,1.07148,1.07732,1.06872,1.07335,33468
1654790400,1.07334,1.07422,1.06442,1.06516,38168
1654804800,1.06518,1.06542,1.06106,1.06186,10823
1654819200,1.06182,1.06235,1.06104,1.06232,5971
1654833600,1.06231,1.06348,1.06167,1.063,7152
1654848000,1.06301,1.06415,1.06069,1.06139,19323
1654862400,1.06138,1.06172,1.05204,1.05218,27869
1654876800,1.05217,1.05439,1.05051,1.05159,35961
1654891200,1.05158,1.05325,1.05129,1.05205,12128
1655078400,1.05138,1.05193,1.048,1.04843,9065
1655092800,1.04842,1.04935,1.0475,1.04902,12579
1655107200,1.04901,1.0495,1.04555,1.04744,25049
1655121600,1.04743,1.0481,1.04444,1.04648,24756
1655136000,1.04647,1.04678,1.04175,1.04364,30558
1655150400,1.04364,1.04575,1.03991,1.04081,22779
1655164800,1.04077,1.04237,1.04014,1.04221,7012
1655179200,1.0422,1.04354,1.03963,1.04239,17630
1655193600,1.04237,1.0484,1.04172,1.04648,25002
1655208000,1.04648,1.04675,1.04245,1.04481,26970
1655222400,1.04479,1.0459,1.04061,1.04195,32039
1655236800,1.04194,1.04425,1.03991,1.04165,15287
1655251200,1.04144,1.04399,1.04078,1.04341,8759
1655265600,1.04338,1.04509,1.0423499999999999,1.0426,11683
1655280000,1.04261,1.0507,1.0423499999999999,1.0493,35799
1655294400,1.0493,1.04969,1.04035,1.04141,34620
1655308800,1.0414,1.04314,1.03794,1.03811,28719
1655323200,1.03811,1.04691,1.03584,1.04444,61243
1655337600,1.04438,1.04686,1.04415,1.04521,8334
1655352000,1.0452,1.04581,1.04303,1.04376,13966
1655366400,1.04376,1.04433,1.03802,1.04089,32661
1655380800,1.04088,1.04359,1.03829,1.04275,43695
1655395200,1.04275,1.05722,1.04271,1.05594,47661
1655409600,1.05593,1.06005,1.05453,1.05517,22578
1655424000,1.05501,1.05589,1.05347,1.05402,8899
1655438400,1.05401,1.0542,1.05168,1.05269,24398
1655452800,1.05269,1.05299,1.04933,1.05192,33756
1655467200,1.05193,1.05353,1.0475,1.0493999999999999,29651
1655481600,1.04939,1.04994,1.04438,1.04667,39144
1655496000,1.04667,1.05019,1.04658,1.0495700000000001,13653
1655683200,1.04787,1.0496,1.0474,1.04927,8721
1655697600,1.04926,1.05297,1.04904,1.05224,16918
1655712000,1.05223,1.05421,1.05093,1.05238,23724
1655726400,1.05237,1.05451,1.05141,1.05165,16867
1655740800,1.05164,1.05411,1.05068,1.05226,14656
1655755200,1.05224,1.05225,1.04974,1.05096,3730
1655769600,1.05086,1.05323,1.05047,1.05319,6153
1655784000,1.05318,1.05417,1.052,1.05216,8223
1655798400,1.05215,1.05785,1.05126,1.05776,19041
1655812800,1.05777,1.05819,1.05436,1.05509,20434
1655827200,1.05507,1.05659,1.05273,1.05334,22370
1655841600,1.05333,1.05397,1.05178,1.05344,7646
1655856000,1.05337,1.05379,1.05096,1.05118,6945
1655870400,1.05118,1.05147,1.04928,1.04958,11458
1655884800,1.0495700000000001,1.05134,1.04681,1.05071,25658
1655899200,1.0507,1.05347,1.05038,1.05301,24952
1655913600,1.05301,1.06051,1.05298,1.05743,36282
1655928000,1.05742,1.05837,1.05628,1.05672,9551
1655942400,1.05664,1.05744,1.05602,1.05734,6730
1655956800,1.05735,1.05804,1.05552,1.05666,15477
1655971200,1.05665,1.05785,1.0482,1.04928,31201
1655985600,1.04928,1.05211,1.04896,1.05036,26729
1656000000,1.05035,1.05532,1.04934,1.05077,44878
1656014400,1.05076,1.05329,1.05039,1.05209,14493
1656028800,1.05202,1.05276,1.05116,1.05159,6616
1656043200,1.0516,1.05424,1.05129,1.05393,10816
1656057600,1.05392,1.0546,1.05185,1.05436,18994
1656072000,1.05435,1.05542,1.05134,1.05224,19793
1656086400,1.05223,1.05704,1.0515,1.05459,32406
1656100800,1.05458,1.05585,1.05337,1.05533,6841
1656288000,1.0546,1.05739,1.05458,1.05552,7531
1656302400,1.05551,1.05658,1.05497,1.05642,12438
1656316800,1.05641,1.05904,1.05535,1.05832,17190
1656331200,1.05833,1.05881,1.05529,1.05676,17952
1656345600,1.05676,1.06142,1.05676,1.0596700000000001,22809
1656360000,1.05966,1.05984,1.05775,1.05825,8598
1656374400,1.0582,1.05847,1.05699,1.05754,4654
1656388800,1.05755,1.05857,1.05708,1.05749,10629
1656403200,1.05748,1.06053,1.05697,1.05913,24190
1656417600,1.05912,1.05963,1.05321,1.0537,20631
1656432000,1.05369,1.05413,1.05026,1.05224,25895
1656446400,1.05223,1.05337,1.05161,1.05207,8752
1656460800,1.052,1.05304,1.05171,1.05203,4781
1656475200,1.05203,1.05348,1.05,1.05036,11230
1656489600,1.05036,1.05197,1.04854,1.05096,26052
1656504000,1.05095,1.05344,1.05041,1.05204,24122
1656518400,1.05206,1.05257,1.04437,1.04449,29181
1656532800,1.04448,1.0453,1.04345,1.0441,7642
1656547200,1.04405,1.04465,1.04362,1.04413,5309
1656561600,1.04412,1.04566,1.04323,1.04526,9343
1656576000,1.04525,1.0468,1.04293,1.04406,26700
1656590400,1.04405,1.04419,1.03817,1.03971,24707
1656604800,1.0397,1.04846,1.03969,1.04818,31637
1656619200,1.04817,1.0488,1.04668,1.04825,10305
1656633600,1.04824,1.04846,1.04659,1.04707,6557
1656648000,1.04707,1.04731,1.04464,1.04532,13177
1656662400,1.04531,1.04698,1.04321,1.04579,24966
1656676800,1.04578,1.04733,1.04058,1.04058,26447
1656691200,1.04059,1.04192,1.0365,1.04007,37456
1656705600,1.04005,1.04323,1.03925,1.0426,9922
1656892800,1.0417399999999999,1.04437,1.04153,1.04332,7530
1656907200,1.04331,1.04391,1.04237,1.04269,10345
1656921600,1.04268,1.04382,1.042,1.04369,16291
1656936000,1.04368,1.0462,1.04343,1.04503,15190
1656950400,1.04504,1.04568,1.04165,1.04227,11650
1656964800,1.04228,1.04245,1.04176,1.04215,2093
1656979200,1.04198,1.0435699999999999,1.04152,1.0433,6300
1656993600,1.04331,1.04375,1.04226,1.04371,11671
1657008000,1.0437,1.0448,1.03051,1.03065,28872
1657022400,1.03065,1.0324,1.02795,1.02913,30682
1657036800,1.02911,1.02928,1.02344,1.02442,30302
1657051200,1.02443,1.0270299999999999,1.02389,1.0265,10149
1657065600,1.02646,1.02708,1.02531,1.02656,6662
1657080000,1.02655,1.02707,1.02388,1.02464,14634
1657094400,1.02464,1.02759,1.02254,1.02438,29067
1657108800,1.02437,1.02438,1.01654,1.01863,31467
1657123200,1.01862,1.02005,1.01608,1.01724,34593
1657137600,1.01723,1.01981,1.01714,1.01834,17140
1657152000,1.01825,1.01882,1.01755,1.01863,6859
1657166400,1.01862,1.0209,1.01797,1.02011,13669
1657180800,1.0201,1.02203,1.01813,1.0197,24864
1657195200,1.0197,1.02168,1.01688,1.01696,27722
1657209600,1.01695,1.01927,1.01502,1.01542,24805
1657224000,1.01543,1.01675,1.01434,1.01622,7394
1657238400,1.01617,1.01865,1.01579,1.01861,5482
1657252800,1.0186,1.01906,1.0139,1.01539,15125
1657267200,1.01538,1.01693,1.00712,1.01128,28992
1657281600,1.01128,1.0168,1.01043,1.01421,31224
1657296000,1.01424,1.01898,1.01335,1.01667,32211
1657310400,1.01666,1.01832,1.01628,1.01828,6612
1657497600,1.01725,1.01828,1.01525,1.01538,8031
1657512000,1.01537,1.01555,1.01342,1.01504,13235
1657526400,1.01504,1.01513,1.0104899999999999,1.01178,21147
1657540800,1.01179,1.01246,1.00742,1.00804,22273
1657555200,1.00802,1.00922,1.00512,1.0063,30274
1657569600,1.0063,1.00725,1.00329,1.00409,10706
1657584000,1.00396,1.00545,1.00346,1.00394,5937
1657598400,1.00393,1.00408,1.00051,1.00146,22076
1657612800,1.00145,1.00383,1.00012,1.00098,31809
1657627200,1.00096,1.00686,0.99993,1.00524,26328
1657641600,1.00523,1.0073,1.00326,1.00613,24048
1657656000,1.00613,1.00636,1.00312,1.0036,8970
1657670400,1.00357,1.00388,1.0024,1.00295,5415
1657684800,1.00296,1.00461,1.00221,1.0035,11816
1657699200,1.00349,1.00522,1.00056,1.0036,23930
1657713600,1.00359,1.00985,0.99974,1.00197,29833
1657728000,1.00195,1.01213,1.00081,1.00815,46035
1657742400,1.00814,1.00866,1.00532,1.00567,14584
1657756800,1.00535,1.00581,1.00203,1.00212,6476
1657771200,1.00212,1.00394,1.00129,1.00222,13379
1657785600,1.00222,1.00456,1.00046,1.00194,27048
1657800000,1.00193,1.00497,1.00013,1.00014,27994
1657814400,1.00014,1.0047,0.99515,0.99898,45631
1657828800,0.99899,1.00369,0.99899,1.00205,16924
1657843200,1.00148,1.0027,1.00104,1.00183,6140
1657857600,1.00182,1.00403,1.0017,1.00298,10956
1657872000,1.00297,1.00348,1.00061,1.00303,20806
1657886400,1.00302,1.00758,1.00276,1.00714,24091
1657900800,1.00716,1.00971,1.00403,1.00804,31063
1657915200,1.00803,1.00929,1.00717,1.00849,6684
1658102400,1.00831,1.00979,1.00781,1.00909,4634
1658116800,1.0091,1.01138,1.00863,1.00907,9270
1658131200,1.00908,1.01486,1.00806,1.01299,26932
1658145600,1.01299,1.01743,1.01188,1.0136,22189
1658160000,1.0136,1.02006,1.01235,1.01665,27105
1658174400,1.01664,1.01766,1.01402,1.01451,8960
1658188800,1.01441,1.01475,1.01279,1.01281,4650
1658203200,1.01282,1.01426,1.01187,1.01272,9368
1658217600,1.01271,1.02526,1.01264,1.02432,29741
1658232000,1.02434,1.02683,1.02193,1.02282,27905
1658246400,1.02281,1.02639,1.02278,1.02397,28383
1658260800,1.02397,1.02434,1.02208,1.0226,8864
1658275200,1.0225,1.02478,1.02206,1.02452,3673
1658289600,1.02451,1.02473,1.02304,1.02428,9317
1658304000,1.02428,1.02723,1.02184,1.02309,31200
1658318400,1.02309,1.02521,1.01723,1.02102,33549
1658332800,1.02102,1.0237,1.01823,1.019,29289
1658347200,1.01898,1.01924,1.01547,1.0179,11305
1658361600,1.01777,1.01926,1.01726,1.01864,4741
1658376000,1.01863,1.02244,1.01807,1.02223,10185
1658390400,1.02222,1.02299,1.01701,1.01904,27667
1658404800,1.01904,1.0277,1.0165,1.0264199999999999,34253
1658419200,1.02641,1.02743,1.01523,1.01806,39692
1658433600,1.01805,1.02268,1.01743,1.02261,10001
1658448000,1.0226,1.02297,1.02027,1.02038,5015
1658462400,1.02038,1.02075,1.01797,1.01802,9711
1658476800,1.01802,1.02128,1.01292,1.01525,26527
1658491200,1.01525,1.01965,1.01424,1.01866,28012
1658505600,1.01865,1.02547,1.0179,1.02314,33594
1658520000,1.02313,1.02368,1.01893,1.02105,11348
1658707200,1.02119,1.02174,1.01814,1.01817,6363
1658721600,1.01816,1.02121,1.01803,1.02066,11352
1658736000,1.02065,1.02281,1.01779,1.02214,25817
1658750400,1.02213,1.02571,1.0213700000000001,1.02448,23419
1658764800,1.02449,1.02541,1.02024,1.02205,23145
1658779200,1.02204,1.0228,1.0213,1.02212,5976
1658793600,1.022,1.02324,1.02156,1.02293,3472
1658808000,1.02292,1.02495,1.02224,1.02248,8663
1658822400,1.02248,1.02354,1.0201500000000001,1.02071,16521
1658836800,1.02071,1.02074,1.01154,1.01475,24722
1658851200,1.01476,1.01521,1.01069,1.01264,25097
1658865600,1.01263,1.01319,1.01134,1.01153,7651
1658880000,1.0115,1.01435,1.0113,1.01397,4248
1658894400,1.01396,1.01514,1.01363,1.015,7792
1658908800,1.01499,1.01579,1.0127,1.01409,16764
1658923200,1.01408,1.01712,1.01377,1.01422,18214
1658937600,1.01421,1.01515,1.00959,1.01102,20060
1658952000,1.01103,1.02198,1.01061,1.02,33673
1658966400,1.01982,1.02114,1.01798,1.01854,6119
1658980800,1.01853,1.02225,1.01828,1.02013,13221
1658995200,1.02012,1.02336,1.01845,1.0217,24555
1659009600,1.02168,1.02168,1.01132,1.0163,32662
1659024000,1.01629,1.01724,1.01256,1.0157,34076
1659038400,1.0157,1.01986,1.01546,1.01977,8859
1659052800,1.01957,1.02022,1.01881,1.01973,5685
1659067200,1.01972,1.02241,1.01904,1.02085,11075
1659081600,1.02084,1.02536,1.02022,1.02204,27618
1659096000,1.02204,1.02449,1.01733,1.01765,28140
1659110400,1.01764,1.02122,1.01453,1.01963,34045
1659124800,1.01962,1.02261,1.01929,1.02256,8030
1659312000,1.02115,1.02253,1.02047,1.02196,7237
1659326400,1.02195,1.02404,1.02148,1.02232,12106
1659340800,1.02231,1.02669,1.02127,1.02552,19578
1659355200,1.02551,1.02693,1.02243,1.02354,21647
1659369600,1.02353,1.02745,1.02259,1.02734,29058
1659384000,1.02733,1.02736,1.02447,1.02577,9456
1659398400,1.02579,1.02932,1.02488,1.02859,8822
1659412800,1.02858,1.02859,1.02604,1.02705,19122
1659427200,1.02701,1.02759,1.02143,1.024,26106
1659441600,1.024,1.02446,1.02062,1.02112,21572
1659456000,1.02112,1.02352,1.01805,1.01944,35171
1659470400,1.01943,1.01951,1.01628,1.01661,12109
1659484800,1.01658,1.01718,1.01494,1.01574,6830
1659499200,1.01576,1.01928,1.0156,1.01853,12685
1659513600,1.01854,1.01906,1.01534,1.01871,23049
1659528000,1.01872,1.02097,1.01781,1.01852,22694
1659542400,1.01851,1.01867,1.01218,1.01494,32615
1659556800,1.01493,1.01731,1.01476,1.0168,8510
1659571200,1.01669,1.01701,1.01534,1.01645,5252
1659585600,1.01645,1.01754,1.01597,1.01634,9184
1659600000,1.01634,1.01934,1.01558,1.01908,17965
1659614400,1.01908,1.01972,1.01597,1.01874,25750
1659628800,1.01873,1.02386,1.01726,1.02359,28446
1659643200,1.02358,1.02529,1.02299,1.02447,7951
1659657600,1.02442,1.02514,1.02306,1.02316,5010
1659672000,1.02315,1.02389,1.02289,1.02344,7464
1659686400,1.02343,1.02385,1.02175,1.02229,13484
1659700800,1.02229,1.02378,1.01532,1.0157,22136
1659715200,1.01572,1.01867,1.01408,1.01821,32256
1659729600,1.0182,1.01921,1.01714,1.01774,11306
1659916800,1.01729,1.01784,1.01586,1.01657,6366
1659931200,1.01656,1.01851,1.01636,1.0185,8370
1659945600,1.01849,1.02141,1.01706,1.01912,16190
1659960000,1.01912,1.02016,1.01721,1.01979,14760
1659974400,1.0198,1.0221,1.01903,1.01954,18599
1659988800,1.01953,1.02048,1.01846,1.0195,8659
1660003200,1.01941,1.02002,1.01883,1.01907,4107
1660017600,1.01906,1.01968,1.0188,1.01932,5147
1660032000,1.01931,1.0244,1.01922,1.02388,13242
1660046400,1.02386,1.02466,1.0214,1.02368,15820
1660060800,1.02367,1.02435,1.02139,1.02176,15561
1660075200,1.02175,1.02195,1.02019,1.02123,5556
1660089600,1.02122,1.0214,1.0202,1.0207,4048
1660104000,1.02069,1.02184,1.02048,1.02124,4916
1660118400,1.02123,1.02251,1.02014,1.02215,12159
1660132800,1.02214,1.03455,1.02165,1.03234,23488
1660147200,1.03235,1.03677,1.03047,1.03243,35916
1660161600,1.03244,1.03275,1.02939,1.02963,11694
1660176000,1.02969,1.03038,1.02928,1.02975,4663
1660190400,1.02975,1.02975,1.02807,1.02826,6935
1660204800,1.02824,1.03407,1.02748,1.03404,18320
1660219200,1.03403,1.0351,1.03213,1.03463,21444
1660233600,1.0346,1.03637,1.0323,1.03293,26489
1660248000,1.03295,1.03318,1.03089,1.03234,10662
1660262400,1.03218,1.03269,1.03061,1.03122,4868
1660276800,1.03122,1.0321,1.03044,1.03168,7282
1660291200,1.03167,1.03235,1.02875,1.03015,14951
1660305600,1.03014,1.03076,1.02683,1.02699,17737
1660320000,1.027,1.02834,1.02374,1.02558,23526
1660334400,1.02557,1.02672,1.0254,1.02555,5197
1660521600,1.02599,1.02664,1.02527,1.02654,4295
1660536000,1.02654,1.02674,1.02393,1.02498,8348
1660550400,1.02497,1.02516,1.01993,1.02063,14099
1660564800,1.02064,1.02139,1.01852,1.02,18347
1660579200,1.01999,1.02225,1.01708,1.01749,16051
1660593600,1.0175,1.01776,1.01539,1.01578,5488
1660608000,1.01579,1.01662,1.01467,1.01529,4925
1660622400,1.01528,1.0169,1.01483,1.01582,7311
1660636800,1.01581,1.01679,1.01333,1.01382,17100
1660651200,1.01381,1.01458,1.01219,1.01431,19879
1660665600,1.0143,1.0194,1.01424,1.0165,17783
1660680000,1.0165,1.018,1.01613,1.01693,6361
1660694400,1.01684,1.01741,1.01632,1.01697,3633
1660708800,1.01698,1.01831,1.0166,1.01809,8027
1660723200,1.01808,1.01857,1.01487,1.01733,17551
1660737600,1.01733,1.01831,1.01449,1.01578,19585
1660752000,1.01577,1.01979,1.01523,1.01645,21564
1660766400,1.01645,1.02023,1.01623,1.01773,16001
1660780800,1.01766,1.01923,1.01718,1.01873,3793
1660795200,1.01872,1.01907,1.01624,1.01663,7443
1660809600,1.01662,1.01777,1.01452,1.01663,18114
1660824000,1.01662,1.01875,1.01574,1.01692,21072
1660838400,1.01692,1.01713,1.00883,1.00895,22158
1660852800,1.00895,1.00985,1.00788,1.00876,8516
1660867200,1.00868,1.00912,1.00734,1.00785,4182
1660881600,1.00786,1.00861,1.0069,1.00753,7704
1660896000,1.00754,1.00947,1.00734,1.0088,15690
1660910400,1.00879,1.00885,1.00449,1.00647,18444
1660924800,1.00646,1.00677,1.00319,1.00351,17457
1660939200,1.00352,1.00451,1.00313,1.00385,5586
1661126400,1.00366,1.00397,1.00242,1.00252,5457
1661140800,1.0025,1.00458,1.00228,1.00373,7537
1661155200,1.00372,1.00389,0.99884,1.00131,18247
1661169600,1.00132,1.00176,0.99946,1.00055,19941
1661184000,1.00056,1.00068,0.9927,0.99311,22622
1661198400,0.99312,0.99455,0.99255,0.99405,6996
1661212800,0.99407,0.99496,0.99294,0.99392,4938
1661227200,0.99391,0.99483,0.99338,0.9934,7797
1661241600,0.99339,0.99488,0.98992,0.99313,25276
1661256000,0.99312,0.99398,0.9912,0.9923,19786
1661270400,0.99229,1.00176,0.99198,0.99785,32113
1661284800,0.99784,0.99794,0.99588,0.99675,8401
1661299200,0.99676,0.99726,0.99515,0.9952,4888
1661313600,0.9952,0.99599,0.99422,0.99566,8711
1661328000,0.99566,0.99613,0.99342,0.99454,15089
1661342400,0.99453,0.99577,0.99138,0.99278,23260
1661356800,0.99277,0.99985,0.99094,0.99524,29675
1661371200,0.99524,0.99751,0.99505,0.99683,7189
1661385600,0.99626,0.99871,0.99612,0.99818,4883
1661400000,0.99817,1.00075,0.99755,0.99982,9307
1661414400,0.99981,1.00327,0.99866,1.00067,21466
1661428800,1.00066,1.00104,0.99627,0.99687,21907
1661443200,0.99686,0.99998,0.99483,0.99599,21790
1661457600,0.99599,0.99782,0.99577,0.99716,7839
1661472000,0.99717,0.99762,0.99619,0.99647,4089
1661486400,0.99646,0.9974,0.99614,0.99618,6862
1661500800,0.99616,0.99906,0.99457,0.99884,14703
1661515200,0.99883,1.00323,0.99849,1.0032,19234
1661529600,1.0032,1.00895,0.99747,0.99791,43301
1661544000,0.9979,0.99824,0.99558,0.99644,9552
1661731200,0.99648,0.99648,0.9928,0.99297,7971
1661745600,0.99298,0.9937,0.99138,0.99157,10021
1661760000,0.99156,0.99499,0.99135,0.99377,18676
1661774400,0.99376,1.00286,0.99372,1.00079,23181
1661788800,1.00078,1.00264,0.99804,1.00139,21622
1661803200,1.00138,1.00218,0.99889,0.99967,8322
1661817600,0.99965,1.00126,0.99948,1.00049,3884
1661832000,1.00048,1.00099,0.99812,0.9999,10379
1661846400,0.99989,1.00334,0.99816,1.00241,20140
1661860800,1.0024,1.0054,1.00077,1.00106,21424
1661875200,1.00106,1.00407,0.99818,1.0023,31997
1661889600,1.00229,1.00307,1.00096,1.00148,11021
1661904000,1.00142,1.00337,1.00125,1.00267,4138
1661918400,1.00268,1.0044,1.00159,1.00395,7543
1661932800,1.00394,1.00451,0.99734,0.99781,18992
1661947200,0.9978,1.00173,0.99706,1.00076,25279
1661961600,1.00075,1.00784,0.99945,1.00527,30937
1661976000,1.00526,1.00566,1.00348,1.00519,11029
1661990400,1.00518,1.00536,1.00194,1.00225,6433
1662004800,1.00225,1.00312,1.00083,1.00135,9930
1662019200,1.00134,1.0048,1.00071,1.00362,21773
1662033600,1.0036,1.00461,0.99851,0.99875,22655
1662048000,0.99877,0.9999,0.99103,0.9936,33814
1662062400,0.99359,0.99595,0.99348,0.99467,11693
1662076800,0.99456,0.9958,0.99419,0.99555,4434
1662091200,0.99554,0.99665,0.99529,0.99659,7674
1662105600,0.99658,0.99956,0.99633,0.99721,16254
1662120000,0.9972,1.00287,0.99672,1.00098,25431
1662134400,1.00098,1.00329,0.99614,0.99687,32181
1662148800,0.99685,0.99723,0.99444,0.99567,13798
1662336000,0.99264,0.99312,0.99026,0.99148,8892
1662350400,0.99145,0.99239,0.99002,0.99046,12202
1662364800,0.99047,0.99362,0.98772,0.99104,24474
1662379200,0.99105,0.99435,0.99064,0.99229,19260
1662393600,0.99229,0.99341,0.99172,0.99285,11188
1662408000,0.99284,0.99352,0.9927,0.99279,1839
1662422400,0.99268,0.99682,0.99228,0.99676,8000
1662436800,0.99677,0.99701,0.99419,0.99456,11688
1662451200,0.99457,0.99855,0.9944,0.99573,24071
1662465600,0.99572,0.99596,0.98984,0.98996,24358
1662480000,0.98999,0.99282,0.98633,0.99078,32224
1662494400,0.99079,0.99111,0.98947,0.99033,10225
1662508800,0.99039,0.99064,0.98824,0.98898,6051
1662523200,0.98897,0.98958,0.98763,0.9892,13506
1662537600,0.98921,0.99294,0.98867,0.99063,16208
1662552000,0.99064,0.99136,0.98749,0.98923,23125
1662566400,0.98921,0.99748,0.98829,0.9973,24857
1662580800,0.99728,1.00099,0.99706,1.00054,10697
1662595200,1.00058,1.00121,0.99823,0.99845,4891
1662609600,0.99844,0.99938,0.99787,0.99891,9825
1662624000,0.9989,1.00142,0.99757,0.9997,18849
1662638400,0.9997,1.00287,0.99844,0.99996,28997
1662652800,0.99995,1.00006,0.99299,0.99681,41437
1662667200,0.9968,0.99991,0.99639,0.99983,11948
1662681600,0.99975,1.00503,0.99952,1.00434,4703
1662696000,1.00433,1.00834,1.00432,1.00718,13694
1662710400,1.00717,1.01126,1.00578,1.01061,21148
1662724800,1.01059,1.01064,1.00338,1.00439,21402
1662739200,1.00438,1.00619,1.00314,1.00534,22528
1662753600,1.00533,1.0054400000000001,1.00361,1.00452,5945
1662940800,1.00923,1.0094,1.0059,1.00695,5715
1662955200,1.00695,1.00945,1.00683,1.00772,7074
1662969600,1.00771,1.0197,1.00768,1.0191,21167
1662984000,1.0191,1.0191,1.01286,1.01409,23009
1662998400,1.01408,1.01435,1.01036,1.01429,20672
1663012800,1.0143,1.01437,1.01102,1.01231,8633
1663027200,1.01225,1.01459,1.01157,1.01345,4242
1663041600,1.01344,1.01372,1.01188,1.01279,7204
1663056000,1.01277,1.01555,1.01264,1.01541,13672
1663070400,1.0154,1.01863,1.00296,1.00366,25615
1663084800,1.00368,1.00419,0.99887,0.99976,31347
1663099200,0.99975,1.00054,0.99668,0.99673,9367
1663113600,0.99672,0.99825,0.99551,0.9978,7093
1663128000,0.9978,1.0,0.9971,0.99944,10707
1663142400,0.99944,1.0009,0.99587,0.99907,22502
1663156800,0.99906,1.00228,0.99794,0.99971,26909
1663171200,0.9997,1.00076,0.997,0.99966,24735
1663185600,0.99965,0.99991,0.99684,0.99776,7566
1663200000,0.99768,0.99836,0.99709,0.9975,3148
1663214400,0.99749,0.99817,0.99656,0.99674,6006
1663228800,0.99673,0.99947,0.99549,0.99916,13500
1663243200,0.99917,1.00171,0.99684,1.00069,19369
1663257600,1.0007,1.00129,0.99808,1.00049,22697
1663272000,1.00048,1.00146,0.99871,0.99962,7365
1663286400,0.99959,1.00099,0.99854,1.00051,4075
1663300800,1.00051,1.00114,0.99903,0.9995,6400
1663315200,0.9995,0.99978,0.99442,0.99543,18601
1663329600,0.99544,0.99885,0.99526,0.99548,15512
1663344000,0.99547,1.00358,0.99529,1.00063,26572
1663358400,1.00061,1.00135,0.99925,1.00124,7262
1663545600,1.00081,1.00285,1.00043,1.00104,4288
1663560000,1.00103,1.00121,0.99898,0.99915,5102
1663574400,0.99914,0.99928,0.99651,0.99754,12804
1663588800,0.99752,1.00042,0.99664,0.99822,16499
1663603200,0.99823,1.00175,0.99751,1.00117,16703
1663617600,1.00116,1.00266,1.00022,1.00234,6305
1663632000,1.00228,1.00498,1.00204,1.00342,5449
1663646400,1.00341,1.00369,1.0019,1.00216,6779
1663660800,1.00215,1.00413,0.99996,1.00092,15837
1663675200,1.00092,1.0018,0.99545,0.99704,18963
1663689600,0.99703,0.99987,0.99584,0.99792,19793
1663704000,0.99791,0.99826,0.99596,0.99699,10058
1663718400,0.99698,0.99745,0.99567,0.99618,6176
1663732800,0.99617,0.99701,0.99567,0.99592,8311
1663747200,0.99592,0.99677,0.98837,0.99012,25814
1663761600,0.99011,0.99369,0.98949,0.99125,15998
1663776000,0.99124,0.99157,0.98656,0.9869,19157
1663790400,0.98689,0.99096,0.98123,0.98388,42624
1663804800,0.98379,0.98472,0.9807,0.98149,9356
1663819200,0.98148,0.98374,0.98081,0.98279,19597
1663833600,0.98278,0.99066,0.98125,0.98785,42811
1663848000,0.98785,0.98872,0.98546,0.98761,37054
1663862400,0.9876,0.98767,0.98114,0.9839,35110
1663876800,0.98389,0.98514,0.98292,0.98326,11863
1663891200,0.98327,0.98477,0.98286,0.98427,5368
1663905600,0.98426,0.98512,0.98178,0.98222,8973
1663920000,0.98222,0.98375,0.97504,0.97524,24424
1663934400,0.97525,0.97708,0.97355,0.97551,37541
1663948800,0.9755,0.97741,0.97014,0.97065,36884
1663963200,0.97066,0.97178,0.96673,0.9688,19254
1664150400,0.96708,0.97091,0.95491,0.95681,14922
1664164800,0.95684,0.96629,0.9559,0.96275,33035
1664179200,0.96273,0.97007,0.962,0.96843,38310
1664193600,0.96843,0.96968,0.96183,0.96689,37486
1664208000,0.96688,0.96813,0.96072,0.96209,45956
1664222400,0.96208,0.96268,0.95991,0.96064,21253
1664236800,0.96067,0.96379,0.95835,0.96336,8730
1664251200,0.96335,0.9645,0.96227,0.96358,12135
1664265600,0.96357,0.96702,0.96204,0.96236,26113
1664280000,0.96236,0.96519,0.96058,0.9622,28606
1664294400,0.9622,0.9643,0.95684,0.95805,45104
1664308800,0.95803,0.96002,0.95701,0.95906,17279
1664323200,0.95902,0.95999,0.95668,0.95717,9702
1664337600,0.95716,0.95755,0.95416,0.95499,26555
1664352000,0.95498,0.95878,0.95352,0.95556,35258
1664366400,0.95557,0.96015,0.95372,0.95843,54815
1664380800,0.95842,0.97073,0.95751,0.97015,46671
1664395200,0.97017,0.97502,0.97,0.97339,17033
1664409600,0.97334,0.97356,0.96887,0.96887,8053
1664424000,0.96885,0.96989,0.96738,0.96848,12725
1664438400,0.96848,0.96868,0.96349,0.96647,31492
1664452800,0.96644,0.97458,0.96632,0.96871,36743
1664467200,0.96872,0.9797,0.96842,0.97755,42647
1664481600,0.97751,0.98083,0.97687,0.98072,15366
1664496000,0.98099,0.9843,0.98083,0.98247,11425
1664510400,0.98246,0.98286,0.97938,0.97986,18177
1664524800,0.97986,0.98531,0.97892,0.98321,34111
1664539200,0.9832,0.98372,0.97344,0.9754,36509
1664553600,0.97539,0.98176,0.97338,0.97893,44494
1664568000,0.97892,0.98149,0.9782,0.97987,13674
1664755200,0.97941,0.9808,0.97846,0.98008,8734
1664769600,0.98008,0.98278,0.97846,0.97846,14409
1664784000,0.97847,0.98339,0.97836,0.98103,30563
1664798400,0.98101,0.98122,0.97522,0.97652,23749
1664812800,0.9765,0.98439,0.97571,0.98073,38425
1664827200,0.98072,0.9828,0.97874,0.98234,15147
1664841600,0.98235,0.98372,0.98126,0.98261,7481
1664856000,0.98262,0.98445,0.98055,0.98324,15445
1664870400,0.98325,0.98952,0.98253,0.98741,28902
1664884800,0.9874,0.9934,0.98519,0.99234,30746
1664899200,0.99233,0.99929,0.99092,0.99694,32974
1664913600,0.99695,0.99989,0.99597,0.99854,16052
1664928000,0.9985,0.99893,0.99696,0.99753,6800
1664942400,0.99751,0.99899,0.99587,0.99653,17038
1664956800,0.99652,0.9994,0.99223,0.99468,24930
1664971200,0.99468,0.99512,0.98916,0.99107,22212
1664985600,0.99106,0.99133,0.9834,0.98625,32611
1665000000,0.98625,0.98962,0.98594,0.9885,12707
1665014400,0.98807,0.99255,0.98661,0.99161,8285
1665028800,0.99161,0.99256,0.99024,0.99203,13478
1665043200,0.99203,0.99253,0.98745,0.98879,25198
1665057600,0.98878,0.9902,0.9855,0.9868,29363
1665072000,0.98678,0.98697,0.97876,0.98018,38498
1665086400,0.98016,0.98161,0.97888,0.97902,16477
1665100800,0.97896,0.97969,0.97856,0.97925,7066
1665115200,0.97926,0.98111,0.97858,0.97908,10288
1665129600,0.97909,0.9816,0.9765,0.9801,21732
1665144000,0.98011,0.98104,0.97256,0.97494,26477
1665158400,0.97493,0.97904,0.97411,0.97603,40809
1665172800,0.97604,0.97684,0.97301,0.97374,11553
1665360000,0.97321,0.97405,0.9724,0.97371,7187
1665374400,0.9737,0.97525,0.97318,0.97391,10109
1665388800,0.9739,0.97427,0.9681,0.96877,21894
1665403200,0.96878,0.97185,0.96865,0.9714,20226
1665417600,0.97139,0.97449,0.96847,0.96912,28644
1665432000,0.96912,0.97231,0.96845,0.97051,14271
1665446400,0.97041,0.97221,0.96979,0.97197,7847
1665460800,0.97196,0.97206,0.96699,0.96763,18524
1665475200,0.96763,0.97241,0.96741,0.9707,27319
1665489600,0.97069,0.97372,0.96913,0.97191,25772
1665504000,0.9719,0.97737,0.96901,0.97647,33064
1665518400,0.97646,0.9766,0.96932,0.97021,19055
1665532800,0.97024,0.97169,0.96896,0.97023,6359
1665547200,0.97024,0.97337,0.96819,0.97141,17491
1665561600,0.97142,0.97322,0.96949,0.97032,26351
1665576000,0.9703,0.97192,0.96863,0.97048,22165
1665590400,0.97047,0.97103,0.96671,0.96829,28522
1665604800,0.96828,0.97194,0.96802,0.97025,15723
1665619200,0.97017,0.97211,0.96969,0.97137,5750
1665633600,0.97138,0.9714,0.96943,0.97032,11045
1665648000,0.97033,0.97135,0.96846,0.97133,17993
1665662400,0.97131,0.97523,0.9631,0.96677,36773
1665676800,0.96675,0.97981,0.96447,0.97738,69159
1665691200,0.97737,0.98052,0.97677,0.97765,21802
1665705600,0.97752,0.9778,0.97611,0.97673,7279
1665720000,0.97674,0.9808,0.97672,0.97812,17825
1665734400,0.9781,0.97963,0.97442,0.97496,29033
1665748800,0.97496,0.97761,0.97085,0.97725,30989
1665763200,0.97724,0.97989,0.97064,0.97169,48972
1665777600,0.97168,0.97311,0.97131,0.97232,12534
1665964800,0.97191,0.975,0.97169,0.97451,11144
1665979200,0.97452,0.97516,0.97318,0.97359,14991
1665993600,0.97358,0.97563,0.97191,0.97378,27432
1666008000,0.97378,0.97841,0.97289,0.97748,24509
1666022400,0.97747,0.98514,0.97719,0.98385,31915
1666036800,0.98386,0.985,0.98318,0.98437,13264
1666051200,0.98423,0.98521,0.98342,0.98405,8560
1666065600,0.98404,0.98655,0.98225,0.98567,16066
1666080000,0.98567,0.98729,0.98239,0.98281,27376
1666094400,0.9828,0.98572,0.9812,0.98537,27728
1666108800,0.98537,0.98749,0.98207,0.98553,32969
1666123200,0.98552,0.98629,0.98411,0.9858,16069
1666137600,0.9857,0.98714,0.98526,0.98603,8738
1666152000,0.98604,0.98635,0.98366,0.98392,13795
1666166400,0.98392,0.98432,0.9812,0.98162,25979
1666180800,0.98163,0.98233,0.97587,0.9779,29046
1666195200,0.97789,0.98019,0.97645,0.97652,29646
1666209600,0.97651,0.97777,0.97566,0.97719,13908
1666224000,0.97718,0.97753,0.97577,0.97641,7160
1666238400,0.97641,0.97849,0.97538,0.97774,17946
1666252800,0.97773,0.97939,0.9771,0.97809,27949
1666267200,0.97809,0.98367,0.97722,0.98019,30413
1666281600,0.9802,0.98449,0.97789,0.98019,34743
1666296000,0.98018,0.98019,0.97725,0.97865,14430
1666310400,0.97857,0.97878,0.97673,0.97701,6785
1666324800,0.97702,0.97826,0.97639,0.97704,12896
1666339200,0.97703,0.98018,0.9752,0.9755,22604
1666353600,0.97553,0.97763,0.97042,0.97569,30638
1666368000,0.97567,0.98672,0.97511,0.98383,88784
1666382400,0.98381,0.98683,0.98234,0.98622,26518
1666569600,0.98731,0.98983,0.98304,0.98485,29237
1666584000,0.98484,0.98485,0.98246,0.98472,21516
1666598400,0.9847,0.98611,0.98158,0.98343,36430
1666612800,0.98342,0.9857,0.98061,0.98428,38242
1666627200,0.98428,0.98928,0.98262,0.98701,48197
1666641600,0.987,0.98802,0.98677,0.98744,7887
1666656000,0.9874,0.98963,0.98671,0.98935,10059
1666670400,0.98935,0.98977,0.98766,0.98781,20665
1666684800,0.9878,0.98795,0.9852,0.98564,21411
1666699200,0.98565,0.98747,0.98477,0.98738,18711
1666713600,0.98737,0.9976,0.98725,0.99529,39809
1666728000,0.99528,0.9969,0.99501,0.99669,10736
1666742400,0.99657,0.99668,0.99428,0.99466,9650
1666756800,0.99466,0.99602,0.99443,0.9954,15923
1666771200,0.99539,1.00439,0.99511,1.00375,29597
1666785600,1.00374,1.00469,0.9995,1.00038,27795
1666800000,1.00037,1.00828,1.00011,1.00759,37192
1666814400,1.00757,1.00879,1.00664,1.00827,11943
1666828800,1.00802,1.00929,1.00717,1.00776,9698
1666843200,1.00776,1.00835,1.00612,1.007,16720
1666857600,1.00699,1.00832,1.00537,1.00595,24985
1666872000,1.00596,1.0062,0.99845,1.00056,35407
1666886400,1.00056,1.0043,0.99698,0.99771,53455
1666900800,0.99771,0.99949,0.99569,0.99632,12012
1666915200,0.9963,0.99713,0.99575,0.99659,6931
1666929600,0.99659,0.99973,0.99635,0.99843,20684
1666944000,0.99842,0.99895,0.99259,0.99404,31308
1666958400,0.99403,0.99748,0.99347,0.99686,30953
1666972800,0.99686,0.99891,0.99282,0.99377,39049
1666987200,0.99378,0.99668,0.99334,0.99651,11487
1667174400,0.99562,0.99643,0.99427,0.99474,11315
1667188800,0.99474,0.9965,0.99436,0.99473,12674
1667203200,0.99473,0.99539,0.99136,0.99457,23710
1667217600,0.99459,0.99464,0.98877,0.98893,26244
1667232000,0.98895,0.99073,0.98723,0.98863,26980
1667246400,0.98862,0.98951,0.9876,0.98819,8856
1667260800,0.98817,0.98993,0.98808,0.98943,8976
1667275200,0.98943,0.99272,0.98923,0.99244,15837
1667289600,0.99241,0.99473,0.99079,0.99333,28257
1667304000,0.99332,0.99532,0.99227,0.99354,29316
1667318400,0.99359,0.99367,0.98523,0.98813,40456
1667332800,0.98812,0.98853,0.98707,0.98741,11316
1667347200,0.98746,0.98883,0.98697,0.98873,11911
1667361600,0.98874,0.98989,0.98783,0.98869,15177
1667376000,0.9887,0.99063,0.98704,0.99043,22999
1667390400,0.99042,0.99144,0.98838,0.98936,29609
1667404800,0.98935,0.98937,0.98581,0.98794,22292
1667419200,0.98795,0.99755,0.98121,0.98158,50252
1667433600,0.98144,0.9839,0.98093,0.98303,11737
1667448000,0.98303,0.98384,0.98235,0.98256,14137
1667462400,0.98254,0.98254,0.97468,0.97526,30330
1667476800,0.97527,0.97628,0.97294,0.9744,41166
1667491200,0.9744,0.97941,0.97421,0.97465,37914
1667505600,0.97464,0.97607,0.97419,0.97477,9816
1667520000,0.97479,0.97659,0.9742,0.9763,10685
1667534400,0.97632,0.979,0.97595,0.97748,15609
1667548800,0.97748,0.97957,0.97564,0.97747,29205
1667563200,0.97748,0.98809,0.97506,0.98659,52170
1667577600,0.98658,0.99398,0.98595,0.99225,51850
1667592000,0.99224,0.99659,0.9914,0.99552,15819
1667779200,0.9909,0.99461,0.99078,0.99296,12673
1667793600,0.99296,0.99551,0.99245,0.99436,18564
1667808000,0.99436,1.00065,0.99234,0.99849,36622
1667822400,0.99847,0.99976,0.99652,0.99933,33763
1667836800,0.99933,1.00258,0.99802,1.00212,39447
1667851200,1.00211,1.00332,1.0018,1.002,12069
1667865600,1.00191,1.00303,1.00103,1.00132,9677
1667880000,1.00131,1.0015,0.99947,0.99949,11758
1667894400,0.99951,1.0007,0.99717,1.00027,26192
1667908800,1.00026,1.00091,0.99847,0.99988,20235
1667923200,0.99987,1.00934,0.99975,1.00876,30373
1667937600,1.00875,1.00956,1.00533,1.00721,17958
1667952000,1.00721,1.00842,1.00584,1.00623,11440
1667966400,1.00622,1.00875,1.00622,1.00677,16201
1667980800,1.00678,1.00845,1.00395,1.0046,27989
1667995200,1.00461,1.00636,1.0022,1.00278,30378
1668009600,1.00283,1.00859,1.00104,1.00264,42079
1668024000,1.00265,1.00303,0.99922,1.00127,17608
1668038400,1.00113,1.00283,1.00036,1.0023,9045
1668052800,1.00231,1.00377,1.00095,1.00339,14611
1668067200,1.0034,1.00422,0.99588,0.99603,27348
1668081600,0.99604,1.0159,0.99349,1.01217,38348
1668096000,1.01218,1.01845,1.01092,1.01418,60361
1668110400,1.01417,1.0221,1.01417,1.02046,17082
1668124800,1.02042,1.02044,1.01625,1.01656,16641
1668139200,1.01655,1.02223,1.01655,1.02184,20370
1668153600,1.02183,1.02729,1.02073,1.02684,34555
1668168000,1.02685,1.03234,1.02533,1.03111,33670
1668182400,1.0311,1.03442,1.02652,1.03412,39578
1668196800,1.03411,1.03636,1.03374,1.03533,14947
1668384000,1.0332,1.03492,1.03134,1.03266,18437
1668398400,1.03265,1.03337,1.02973,1.02998,18363
1668412800,1.02997,1.035,1.02997,1.03118,29457
1668427200,1.03118,1.03357,1.02707,1.0317,31725
1668441600,1.03173,1.03501,1.02968,1.03348,34473
1668456000,1.0334699999999999,1.03578,1.03254,1.03295,9926
1668470400,1.03289,1.0329,1.03115,1.03187,9941
1668484800,1.03187,1.03343,1.03128,1.03313,12275
1668499200,1.03312,1.04172,1.0327,1.04002,30994
1668513600,1.04,1.04806,1.03915,1.04377,38650
1668528000,1.04378,1.04437,1.03479,1.03842,54230
1668542400,1.03843,1.0388,1.02793,1.03473,51447
1668556800,1.03475,1.03603,1.03301,1.03428,18108
1668571200,1.0343,1.03863,1.03368,1.03729,24362
1668585600,1.03728,1.04246,1.0365199999999999,1.04193,26305
1668600000,1.04192,1.04378,1.03833,1.03903,26189
1668614400,1.03902,1.04117,1.03708,1.0383,30336
1668628800,1.03829,1.0404,1.0354,1.0391,11596
1668643200,1.03907,1.03975,1.03734,1.03768,6996
1668657600,1.03767,1.03827,1.0359099999999999,1.03795,11155
1668672000,1.03794,1.04057,1.03562,1.03631,20124
1668686400,1.0363,1.03694,1.03102,1.03115,30359
1668700800,1.03116,1.0356,1.03046,1.03494,28095
1668715200,1.03493,1.03688,1.03476,1.03658,9134
1668729600,1.03615,1.03774,1.03565,1.0367,7114
1668744000,1.0366900000000001,1.03902,1.03605,1.03709,9829
1668758400,1.03711,1.03953,1.03416,1.0381,20720
1668772800,1.03808,1.03858,1.03559,1.03639,17461
1668787200,1.03638,1.03709,1.03256,1.03324,21719
1668801600,1.03323,1.0336400000000001,1.0313,1.03184,8726
1668988800,1.03208,1.03323,1.02995,1.0311,7726
1669003200,1.0311,1.03111,1.02715,1.02817,12105
1669017600,1.02816,1.02862,1.02255,1.02261,20768
1669032000,1.02263,1.02553,1.02254,1.02535,16962
1669046400,1.02536,1.02619,1.02219,1.02319,18810
1669060800,1.02318,1.02478,1.02295,1.0238,8297
1669075200,1.02383,1.02675,1.0238,1.02599,8527
1669089600,1.02598,1.02669,1.02451,1.02527,11994
1669104000,1.02527,1.02855,1.02454,1.02679,24237
1669118400,1.02679,1.0290300000000001,1.02554,1.02597,16131
1669132800,1.02598,1.02951,1.02535,1.02951,16926
1669147200,1.0295,1.03073,1.0289,1.03015,5806
1669161600,1.03013,1.03202,1.02999,1.031,5738
1669176000,1.03099,1.03302,1.03074,1.03267,6986
1669190400,1.03266,1.03478,1.03012,1.03245,16313
1669204800,1.03244,1.03397,1.02959,1.03312,17133
1669219200,1.03311,1.03832,1.03261,1.03634,26495
1669233600,1.03632,1.04043,1.03587,1.03931,17209
1669248000,1.03935,1.04243,1.03915,1.04229,6806
1669262400,1.04227,1.04477,1.04169,1.04332,8663
1669276800,1.04331,1.04389,1.03994,1.04187,16282
1669291200,1.04187,1.04285,1.0381,1.04223,17298
1669305600,1.04221,1.04267,1.04012,1.04081,12065
1669320000,1.04082,1.04134,1.04006,1.04114,2548
1669334400,1.04105,1.04144,1.03954,1.04089,5353
1669348800,1.04088,1.04286,1.04039,1.04104,7710
1669363200,1.04103,1.04275,1.03815,1.03925,17089
1669377600,1.03926,1.0421,1.03605,1.03719,17208
1669392000,1.03719,1.04107,1.0354,1.04054,17814
1669406400,1.04053,1.04138,1.03933,1.03937,11282
1669593600,1.03712,1.03831,1.03403,1.03475,8785
1669608000,1.03474,1.03644,1.03424,1.03502,10626
1669622400,1.03501,1.04555,1.03475,1.04471,23618
1669636800,1.0447,1.04961,1.04384,1.04622,22734
1669651200,1.04622,1.04622,1.03677,1.0369,28397
1669665600,1.0369,1.03723,1.03296,1.03402,8316
1669680000,1.03393,1.03618,1.03335,1.0359,6526
1669694400,1.03589,1.03937,1.03466,1.0386,11308
1669708800,1.03861,1.03919,1.03501,1.03641,23139
1669723200,1.0364,1.03926,1.03241,1.03294,20070
1669737600,1.03294,1.03723,1.0325,1.03394,27244
1669752000,1.03394,1.03456,1.03192,1.03276,10101
1669766400,1.03267,1.03524,1.03186,1.03471,7671
1669780800,1.03472,1.03603,1.03397,1.0348,7850
1669795200,1.0348,1.03806,1.03351,1.03576,15238
1669809600,1.03575,1.03913,1.03459,1.03585,19763
1669824000,1.03582,1.03993,1.02896,1.03142,33121
1669838400,1.03141,1.04279,1.03056,1.04044,31976
1669852800,1.04046,1.0447,1.03991,1.04254,12127
1669867200,1.04254,1.04508,1.04184,1.04451,11223
1669881600,1.0445,1.04631,1.03923,1.04408,25259
1669896000,1.04407,1.0513,1.04172,1.04888,23396
1669910400,1.04887,1.05329,1.04689,1.05068,42334
1669924800,1.05066,1.05296,1.04954,1.05256,12362
1669939200,1.05239,1.05387,1.05058,1.05127,6841
1669953600,1.05126,1.05277,1.05045,1.05225,9755
1669968000,1.05226,1.05443,1.05124,1.05291,20282
1669982400,1.05292,1.05439,1.04275,1.04618,27858
1669996800,1.04615,1.05333,1.04444,1.05247,39140
1670011200,1.05249,1.05416,1.051,1.05408,9920
1670198400,1.0531,1.05733,1.05303,1.05674,8754
1670212800,1.05673,1.0584,1.05566,1.05824,8001
1670227200,1.05823,1.05823,1.05297,1.05587,18648
1670241600,1.05585,1.05941,1.05191,1.05652,20930
1670256000,1.0565,1.05676,1.04897,1.04947,30658
1670270400,1.04946,1.05053,1.04796,1.04923,8480
1670284800,1.04909,1.0518,1.04851,1.05097,5668
1670299200,1.05097,1.05144,1.04826,1.04933,10638
1670313600,1.04932,1.05087,1.04751,1.04934,19740
1670328000,1.04933,1.05321,1.04908,1.05127,17054
1670342400,1.05129,1.05282,1.04789,1.04813,26045
1670356800,1.04812,1.04818,1.04586,1.04656,7539
1670371200,1.04652,1.04733,1.04546,1.04721,5743
1670385600,1.0472,1.04758,1.04573,1.04656,7390
1670400000,1.04659,1.04836,1.04426,1.04752,19173
1670414400,1.04753,1.05463,1.04719,1.05414,21380
1670428800,1.05416,1.05491,1.04875,1.05174,31812
1670443200,1.05172,1.05279,1.0502,1.05053,8783
1670457600,1.05051,1.05141,1.04941,1.05012,6073
1670472000,1.0501,1.05067,1.04933,1.05029,8339
1670486400,1.05027,1.05303,1.0489,1.04939,14612
1670500800,1.04939,1.05312,1.04901,1.05197,17650
1670515200,1.05197,1.05642,1.05165,1.05435,22375
1670529600,1.05433,1.05628,1.05378,1.05557,8947
1670544000,1.05549,1.05847,1.05512,1.05783,6958
1670558400,1.0578400000000001,1.05859,1.05655,1.05762,9214
1670572800,1.05763,1.05874,1.0546,1.05565,15260
1670587200,1.05567,1.05681,1.0502,1.0538,25226
1670601600,1.0538,1.05579,1.05183,1.05448,29434
1670616000,1.05447,1.05552,1.05283,1.05331,7793
1670803200,1.05277,1.05357,1.05052,1.05119,6836
1670817600,1.05118,1.05194,1.05057,1.05157,6933
1670832000,1.05156,1.0564,1.0508,1.05587,17915
1670846400,1.05587,1.05768,1.05526,1.05708,14062
1670860800,1.05707,1.05795,1.05169,1.05335,23343
1670875200,1.05335,1.05374,1.05099,1.05374,11412
1670889600,1.05358,1.05487,1.05297,1.05459,6004
1670904000,1.05458,1.05535,1.05306,1.05503,8997
1670918400,1.05506,1.05602,1.05304,1.05425,19106
1670932800,1.05427,1.06612,1.05273,1.06458,31145
1670947200,1.06458,1.06727,1.061,1.06138,48100
1670961600,1.06139,1.06404,1.06096,1.06319,16446
1670976000,1.06319,1.06383,1.062,1.0634,9550
1670990400,1.0634,1.06379,1.06192,1.06253,7561
1671004800,1.06254,1.06643,1.06182,1.06615,22266
1671019200,1.06614,1.06713,1.06356,1.06459,21453
1671033600,1.06458,1.06674,1.0631,1.06514,25908
1671048000,1.06513,1.06943,1.06197,1.06826,50734
1671062400,1.06823,1.06823,1.06591,1.06618,7842
1671076800,1.06619,1.06644,1.0645,1.06577,9482
1671091200,1.06578,1.06602,1.0605,1.06211,21710
1671105600,1.0621,1.06675,1.0606,1.06518,27123
1671120000,1.06517,1.07356,1.0592,1.05985,50360
1671134400,1.05986,1.06375,1.05917,1.06267,12627
1671148800,1.06254,1.06464,1.06181,1.06412,7682
1671163200,1.06411,1.06618,1.06399,1.06448,9393
1671177600,1.06446,1.06623,1.06093,1.06109,21949
1671192000,1.06107,1.06388,1.06085,1.06335,19570
1671206400,1.06334,1.06481,1.0597,1.06045,34450
1671220800,1.06044,1.06166,1.05843,1.05899,10515
1671408000,1.05852,1.06058,1.05816,1.06056,8256
1671422400,1.06057,1.06125,1.06006,1.06068,8592
1671436800,1.06068,1.06572,1.0602800000000001,1.0617,19292
1671451200,1.06175,1.06346,1.05966,1.06055,18196
1671465600,1.06056,1.06303,1.0575,1.06243,21915
1671480000,1.06242,1.06256,1.05999,1.06072,8923
1671494400,1.06065,1.0612,1.05971,1.06046,7076
1671508800,1.06047,1.06513,1.05783,1.05857,33027
1671523200,1.05858,1.06373,1.05822,1.06363,33774
1671537600,1.06362,1.06454,1.05934,1.06149,23594
1671552000,1.06149,1.0658,1.05976,1.06143,32180
1671566400,1.06142,1.06285,1.05987,1.06281,9647
1671580800,1.06275,1.06275,1.06131,1.06193,8305
1671595200,1.06192,1.06253,1.06062,1.06169,8057
1671609600,1.06168,1.0636700000000001,1.06091,1.06139,17646
1671624000,1.06138,1.0645,1.0604,1.06278,18018
1671638400,1.06277,1.06327,1.05896,1.05999,24679
1671652800,1.05998,1.06194,1.05924,1.06053,9699
1671667200,1.06051,1.06293,1.06044,1.06288,6639
1671681600,1.06289,1.06479,1.0625,1.06394,9220
1671696000,1.06393,1.06587,1.0625499999999999,1.06455,15537
1671710400,1.06456,1.06554,1.06029,1.06106,19527
1671724800,1.06105,1.06178,1.05815,1.05837,24701
1671739200,1.05836,1.06024,1.05725,1.05964,12136
1671753600,1.05957,1.06035,1.05861,1.0601099999999999,6333
1671768000,1.06012,1.06116,1.0601099999999999,1.0603,6896
1671782400,1.06029,1.063,1.05955,1.0609,14377
1671796800,1.0609,1.06324,1.05942,1.06074,20192
1671811200,1.06073,1.06314,1.05916,1.06197,28717
1671825600,1.06197,1.06226,1.06053,1.0616,7313
1672041600,1.06267,1.06275,1.06142,1.06222,721
1672056000,1.06208,1.06323,1.06163,1.06272,1298
1672070400,1.06271,1.06323,1.06217,1.06276,830
1672084800,1.06279,1.06353,1.06239,1.06336,1242
1672099200,1.06338,1.06525,1.06287,1.06514,5663
1672113600,1.06513,1.06598,1.06348,1.06549,7438
1672128000,1.06549,1.0667200000000001,1.0637699999999999,1.06598,13218
1672142400,1.06599,1.06687,1.06188,1.06269,16172
1672156800,1.06268,1.06597,1.06109,1.06368,20909
1672171200,1.06366,1.06558,1.06349,1.06369,9640
1672185600,1.06368,1.06423,1.0624,1.06413,7678
1672200000,1.06414,1.06461,1.06313,1.06454,8749
1672214400,1.06453,1.0654,1.06272,1.06364,14255
1672228800,1.06363,1.0657,1.06287,1.0641,16371
1672243200,1.06409,1.06737,1.06107,1.06285,24797
1672257600,1.06284,1.0635,1.0606,1.06119,9386
1672272000,1.06109,1.06365,1.06079,1.06275,6108
1672286400,1.06273,1.0632,1.06185,1.0624,6473
1672300800,1.06239,1.06574,1.06105,1.06555,14468
1672315200,1.06556,1.06665,1.06309,1.06543,16576
1672329600,1.06543,1.06898,1.06359,1.06814,26573
1672344000,1.06814,1.06827,1.06597,1.06606,9863
1672358400,1.06604,1.06687,1.06538,1.06598,5369
1672372800,1.06598,1.06625,1.06416,1.06426,6331
1672387200,1.06425,1.06739,1.0637699999999999,1.06541,16624
1672401600,1.06539,1.06981,1.06446,1.06682,21425
1672416000,1.06681,1.07108,1.06587,1.07101,35334
1672430400,1.07105,1.07125,1.06917,1.06977,17781
1672617600,1.06877,1.0705,1.06836,1.06929,753
1672632000,1.06929,1.07003,1.06839,1.06929,737
1672646400,1.06922,1.06984,1.06632,1.06783,7651
1672660800,1.06782,1.06892,1.06742,1.06781,4377
1672675200,1.06779,1.06814,1.06508,1.066,6379
1672689600,1.06599,1.0671599999999999,1.06497,1.06582,2810
1672704000,1.06647,1.06827,1.06495,1.06593,10450
1672718400,1.06592,1.06796,1.0657,1.06628,10903
1672732800,1.06628,1.0667,1.05335,1.05469,33247
1672747200,1.05468,1.05692,1.05188,1.05596,26453
1672761600,1.05595,1.05966,1.05368,1.05455,33371
1672776000,1.05455,1.05681,1.05425,1.05471,11997
1672790400,1.05467,1.05688,1.05404,1.05661,8283
1672804800,1.0566,1.05776,1.05609,1.05686,9540
1672819200,1.05686,1.06348,1.05589,1.06099,30491
1672833600,1.061,1.06237,1.05943,1.06099,19483
1672848000,1.06098,1.06278,1.05806,1.06067,37852
1672862400,1.06066,1.06121,1.05846,1.06041,20278
1672876800,1.06035,1.06307,1.06005,1.06197,10790
1672891200,1.06198,1.06198,1.06009,1.061,10468
1672905600,1.06098,1.06283,1.05896,1.06227,22575
1672920000,1.06226,1.06253,1.05506,1.05516,27770
1672934400,1.05517,1.0567,1.05142,1.05292,42420
1672948800,1.05293,1.05425,1.05149,1.05196,14413
1672963200,1.05196,1.05321,1.05182,1.05246,7357
1672977600,1.0524499999999999,1.05357,1.05101,1.05139,9672
1672992000,1.05138,1.05303,1.04961,1.05068,21629
1673006400,1.05067,1.05444,1.04817,1.05418,34359
1673020800,1.05416,1.06373,1.05004,1.06368,52038
1673035200,1.06369,1.06474,1.06288,1.06426,12271
1673222400,1.06395,1.0671599999999999,1.0635,1.0666,10486
1673236800,1.06661,1.06823,1.06654,1.06764,12493
1673251200,1.06764,1.06989,1.06595,1.0671599999999999,24613
1673265600,1.06718,1.07311,1.06608,1.07245,22685
1673280000,1.07246,1.07598,1.07108,1.07495,27300
1673294400,1.07495,1.07534,1.07296,1.0733,13159
1673308800,1.07317,1.0739,1.072,1.07355,11845
1673323200,1.07356,1.07433,1.07207,1.07422,12592
1673337600,1.0742099999999999,1.0751,1.07214,1.07454,21968
1673352000,1.07453,1.07453,1.07114,1.07209,18286
1673366400,1.0721,1.07586,1.07209,1.07327,36591
1673380800,1.07328,1.07433,1.07271,1.07332,9388
1673395200,1.0733,1.07445,1.07248,1.07303,8600
1673409600,1.07301,1.07562,1.07259,1.0747,8865
1673424000,1.07469,1.07566,1.07248,1.07409,18761
1673438400,1.07408,1.07545,1.07274,1.07491,17772
1673452800,1.0749,1.07756,1.07356,1.0746,23477
1673467200,1.07461,1.07678,1.07344,1.07556,10365
1673481600,1.0751,1.07739,1.0749,1.0766,12687
1673496000,1.07659,1.07745,1.07607,1.0762,8554
1673510400,1.07619,1.07727,1.0742099999999999,1.07647,18249
1673524800,1.07647,1.0838,1.07293,1.08284,34536
1673539200,1.08284,1.08483,1.0751,1.0848,56969
1673553600,1.08479,1.08663,1.0838700000000001,1.08497,18403
1673568000,1.08483,1.08672,1.08441,1.08551,11356
1673582400,1.0855,1.08555,1.0831,1.08364,12633
1673596800,1.08366,1.08635,1.08324,1.08418,26720
1673611200,1.08418,1.0851,1.0792,1.07929,25430
1673625600,1.0793,1.08379,1.07798,1.08274,33911
1673640000,1.08275,1.0835,1.08174,1.08323,8640
1673827200,1.0830899999999999,1.08713,1.08197,1.08673,10297
1673841600,1.08673,1.08735,1.08502,1.08598,10936
1673856000,1.08597,1.08598,1.08008,1.08203,20044
1673870400,1.08202,1.08359,1.08052,1.08151,15108
1673884800,1.0815,1.08284,1.08111,1.08131,12068
1673899200,1.0813,1.08237,1.08102,1.0821,2530
1673913600,1.08207,1.08331,1.08134,1.08164,8903
1673928000,1.08163,1.08321,1.08055,1.08302,10776
1673942400,1.08303,1.08378,1.08102,1.08167,23561
1673956800,1.08167,1.08573,1.08084,1.08418,28193
1673971200,1.08418,1.08687,1.07738,1.07814,38714
1673985600,1.07813,1.08029,1.07791,1.07893,9576
1674000000,1.07886,1.07956,1.0782,1.07954,6672
1674014400,1.07954,1.07986,1.07654,1.07789,26369
1674028800,1.07788,1.08709,1.07788,1.08693,36036
1674043200,1.08694,1.08695,1.08107,1.08576,31898
1674057600,1.08576,1.08867,1.07865,1.07953,45519
1674072000,1.07954,1.07986,1.07862,1.07947,13481
1674086400,1.07935,1.07974,1.07821,1.07869,9356
1674100800,1.07869,1.08049,1.07817,1.0790899999999999,10934
1674115200,1.07908,1.08286,1.07819,1.08241,20482
1674129600,1.08242,1.08375,1.07947,1.08088,28480
1674144000,1.08087,1.08245,1.07828,1.08156,31092
1674158400,1.08157,1.08392,1.08124,1.08302,13945
1674172800,1.08278,1.08434,1.08264,1.08355,7026
1674187200,1.08354,1.08432,1.08245,1.08345,8249
1674201600,1.08346,1.08582,1.08201,1.08304,19644
1674216000,1.08304,1.08467,1.08016,1.08058,20961
1674230400,1.08059,1.0847,1.08038,1.0843,26106
1674244800,1.0843099999999999,1.08579,1.08331,1.0855299999999999,10291
1674432000,1.0863,1.08989,1.08611,1.08942,8414
1674446400,1.08941,1.09024,1.08884,1.08916,8294
1674460800,1.08916,1.0926,1.08866,1.0911,22181
1674475200,1.09109,1.09145,1.08527,1.08582,23342
1674489600,1.08581,1.08752,1.08456,1.08617,26336
1674504000,1.08617,1.08723,1.0847,1.08705,11636
1674518400,1.08704,1.08816,1.08671,1.08803,3970
1674532800,1.08802,1.08824,1.08687,1.08777,5211
1674547200,1.08776,1.08973,1.08512,1.08601,19110
1674561600,1.08601,1.08801,1.08515,1.08652,19283
1674576000,1.08652,1.08863,1.08344,1.08827,32466
1674590400,1.08827,1.08881,1.08733,1.08874,6826
1674604800,1.08872,1.08935,1.08769,1.08924,6729
1674619200,1.08924,1.09021,1.08913,1.08968,7155
1674633600,1.08969,1.09104,1.08672,1.08806,18050
1674648000,1.08807,1.08842,1.08566,1.08714,19237
1674662400,1.08713,1.0923,1.0868,1.08986,29870
1674676800,1.08986,1.09176,1.08986,1.09149,8627
1674691200,1.09149,1.09241,1.09063,1.09185,5350
1674705600,1.09184,1.0921,1.09083,1.09181,6998
1674720000,1.09178,1.09288,1.08919,1.08949,17458
1674734400,1.08949,1.09077,1.08723,1.09019,20933
1674748800,1.0902,1.09169,1.08498,1.0864,33300
1674763200,1.08639,1.08933,1.0863,1.08927,7998
1674777600,1.08912,1.08996,1.08854,1.08887,5963
1674792000,1.08889,1.08893,1.0865,1.08731,7487
1674806400,1.0873,1.08915,1.0865,1.08833,15220
1674820800,1.08833,1.08946,1.08587,1.08616,17581
1674835200,1.08616,1.08785,1.08371,1.08659,30876
1674849600,1.08658,1.08722,1.08556,1.08669,8490
1675036800,1.0859,1.08747,1.08588,1.08728,6076
1675051200,1.08728,1.08788,1.08636,1.08685,12142
1675065600,1.08685,1.09034,1.08524,1.09013,19453
1675080000,1.09012,1.09131,1.08854,1.08854,19022
1675094400,1.08855,1.08989,1.08568,1.08573,26910
1675108800,1.08571,1.086,1.08384,1.08502,9545
1675123200,1.08496,1.08596,1.08462,1.0857,5811
1675137600,1.08569,1.08584,1.08323,1.0834,7995
1675152000,1.08339,1.08489,1.08014,1.08291,20927
1675166400,1.0829,1.08627,1.08196,1.08504,24395
1675180800,1.08505,1.0867,1.08329,1.08645,31620
1675195200,1.08644,1.08742,1.08592,1.08636,7665
1675209600,1.0863,1.08649,1.08564,1.08566,4857
1675224000,1.08565,1.08742,1.08516,1.0871,5930
1675238400,1.08709,1.08878,1.0865,1.08828,16834
1675252800,1.08827,1.09093,1.0878700000000001,1.09034,17096
1675267200,1.09034,1.09241,1.08882,1.0907,26084
1675281600,1.09071,1.10006,1.08883,1.09876,46043
1675296000,1.09873,1.10322,1.09851,1.10127,12521
1675310400,1.10126,1.10247,1.10112,1.10193,10626
1675324800,1.10194,1.10213,1.09884,1.0998,20653
1675339200,1.09981,1.10035,1.09434,1.09446,35159
1675353600,1.09448,1.0965799999999999,1.08845,1.09078,45395
1675368000,1.09081,1.0922,1.09045,1.09094,14656
1675382400,1.09091,1.09107,1.08905,1.08931,6467
1675396800,1.0893,1.08976,1.08866,1.0893,8482
1675411200,1.08929,1.09303,1.08813,1.09294,19605
1675425600,1.09293,1.09394,1.08258,1.0839,29401
1675440000,1.0839,1.08755,1.08087,1.0824,49421
1675454400,1.0824,1.0824,1.0792,1.07927,12442
1675641600,1.07819,1.07975,1.07803,1.07844,10699
1675656000,1.07843,1.07981,1.07815,1.07961,13140
1675670400,1.0796000000000001,1.07973,1.07644,1.07659,20469
1675684800,1.07658,1.07825,1.0756000000000001,1.07574,19462
1675699200,1.07573,1.0765500000000001,1.07087,1.07124,26664
1675713600,1.07125,1.07365,1.07095,1.0724,9666
1675728000,1.07241,1.07418,1.07202,1.07405,6197
1675742400,1.07404,1.07419,1.07279,1.07396,10926
1675756800,1.07395,1.0743,1.06965,1.07101,25094
1675771200,1.07102,1.0722,1.06852,1.06946,21700
1675785600,1.06944,1.07658,1.06685,1.07598,35468
1675800000,1.07595,1.07619,1.06868,1.07268,33449
1675814400,1.07256,1.07344,1.0721,1.07257,5812
1675828800,1.07256,1.07341,1.07232,1.0733,6887
1675843200,1.0733,1.076,1.07233,1.07545,19596
1675857600,1.07545,1.07552,1.07251,1.07308,16155
1675872000,1.07309,1.07424,1.07129,1.07277,25472
1675886400,1.07278,1.07385,1.07087,1.07146,10507
1675900800,1.07138,1.07253,1.07089,1.07239,6995
1675915200,1.0724,1.07374,1.0723,1.07349,7742
1675929600,1.07349,1.07682,1.07234,1.0763,20300
1675944000,1.0763,1.07894,1.0758,1.07891,18699
1675958400,1.0789,1.079,1.07384,1.07479,24438
1675972800,1.07479,1.07479,1.07308,1.0737,11927
1675987200,1.07362,1.07409,1.0725,1.07329,6196
1676001600,1.07327,1.07335,1.07166,1.07254,8705
1676016000,1.07252,1.0752,1.07033,1.0706,31792
1676030400,1.0706,1.07105,1.06806,1.06951,22191
1676044800,1.06951,1.07062,1.06656,1.06676,28107
1676059200,1.06675,1.06802,1.06669,1.06781,6719
1676246400,1.06798,1.06804,1.06548,1.06663,8280
1676260800,1.06664,1.06702,1.06598,1.06688,8917
1676275200,1.06687,1.0689,1.06625,1.06765,16251
1676289600,1.06764,1.06958,1.06725,1.06799,14244
1676304000,1.068,1.07267,1.06758,1.07176,21006
1676318400,1.07175,1.07292,1.0711,1.07235,7613
1676332800,1.07226,1.07361,1.0719,1.0728,5723
1676347200,1.07281,1.07391,1.07247,1.0737700000000001,7972
1676361600,1.07376,1.07661,1.07281,1.07607,18793
1676376000,1.07606,1.08039,1.07168,1.07598,33759
1676390400,1.07601,1.07713,1.07061,1.0727,60199
1676404800,1.0727,1.07449,1.07225,1.07355,16760
1676419200,1.07355,1.0743800000000001,1.07322,1.07391,6219
1676433600,1.07389,1.07391,1.07129,1.07145,9947
1676448000,1.07144,1.07292,1.06993,1.07251,22064
1676462400,1.0725,1.07322,1.0673300000000001,1.06822,26467
1676476800,1.06823,1.06883,1.06613,1.06662,36908
1676491200,1.06663,1.06906,1.06598,1.06872,10725
1676505600,1.06869,1.07073,1.06812,1.07041,10909
1676520000,1.07041,1.07142,1.07001,1.07047,10314
1676534400,1.07047,1.07217,1.06883,1.06996,22176
1676548800,1.06996,1.07119,1.06691,1.06787,27747
1676563200,1.06786,1.06953,1.06537,1.06921,39942
1676577600,1.0692,1.06969,1.06685,1.06724,18218
1676592000,1.06718,1.06739,1.06516,1.06529,6515
1676606400,1.06528,1.0655000000000001,1.06321,1.0637699999999999,10739
1676620800,1.06378,1.06605,1.0629,1.06362,22451
1676635200,1.06362,1.06441,1.0612,1.06404,24045
1676649600,1.06405,1.0693,1.06361,1.0677699999999999,38447
1676664000,1.06778,1.06976,1.06769,1.06929,11676
1676851200,1.06851,1.06918,1.06724,1.06754,7193
1676865600,1.06753,1.06925,1.06748,1.06901,10425
1676880000,1.06901,1.07039,1.06783,1.06787,18366
1676894400,1.06788,1.06914,1.06696,1.06798,17458
1676908800,1.06797,1.06931,1.06775,1.06849,12009
1676923200,1.0685,1.06868,1.06817,1.06854,3145
1676937600,1.06848,1.06877,1.06668,1.06731,8628
1676952000,1.0673,1.06744,1.06613,1.06731,10588
1676966400,1.06731,1.06878,1.0642,1.06621,28884
1676980800,1.06622,1.06689,1.0645,1.06523,27115
1676995200,1.06521,1.06974,1.06432,1.06598,40221
1677009600,1.06599,1.06606,1.06369,1.06447,11283
1677024000,1.06464,1.06634,1.06407,1.06569,11235
1677038400,1.06568,1.06619,1.06504,1.06568,10040
1677052800,1.06567,1.06628,1.0635,1.06369,22168
1677067200,1.06369,1.06498,1.06239,1.06456,26820
1677081600,1.06455,1.0659399999999999,1.06164,1.06274,33244
1677096000,1.06275,1.06354,1.05985,1.06042,23612
1677110400,1.06043,1.06209,1.06016,1.0619,5348
1677124800,1.06191,1.06242,1.06138,1.06216,7199
1677139200,1.06217,1.0627,1.05866,1.05902,21925
1677153600,1.05903,1.06204,1.05851,1.06069,27347
1677168000,1.0607,1.06157,1.05763,1.0584500000000001,34437
1677182400,1.05846,1.06025,1.05802,1.05957,12136
1677196800,1.05949,1.06137,1.05927,1.06005,12584
1677211200,1.06004,1.06056,1.0594,1.05969,10551
1677225600,1.05968,1.06015,1.05791,1.0585,20887
1677240000,1.0585,1.05953,1.05432,1.05532,30910
1677254400,1.05531,1.05601,1.05354,1.05464,44324
1677268800,1.05463,1.05549,1.05433,1.05444,11852
1677456000,1.05448,1.05587,1.05447,1.05587,8624
1677470400,1.05584,1.05593,1.05381,1.05388,10689
1677484800,1.05389,1.05604,1.05322,1.05504,22970
1677499200,1.05505,1.05826,1.0548,1.05822,22316
1677513600,1.05823,1.06191,1.05754,1.06005,28917
1677528000,1.06005,1.06122,1.05979,1.06089,11654
1677542400,1.06077,1.06144,1.05855,1.05859,7366
1677556800,1.0586,1.05979,1.05812,1.05839,9369
1677571200,1.05838,1.06249,1.05811,1.06054,25893
1677585600,1.06053,1.06313,1.0605,1.06305,22129
1677600000,1.06305,1.06446,1.05944,1.06048,37295
1677614400,1.06047,1.06061,1.05734,1.05737,11862
1677628800,1.05741,1.05844,1.05646,1.05837,10957
1677643200,1.05836,1.05949,1.05808,1.05904,10386
1677657600,1.05903,1.06564,1.05886,1.06416,32259
1677672000,1.06414,1.06908,1.06391,1.06707,30591
1677686400,1.06704,1.0679,1.06427,1.06647,42688
1677700800,1.06646,1.06705,1.06457,1.06686,11810
1677715200,1.06681,1.06722,1.0646,1.06507,8729
1677729600,1.06508,1.06562,1.06366,1.06403,10783
1677744000,1.06405,1.0644,1.06184,1.06235,24783
1677758400,1.06236,1.06309,1.05813,1.05853,30395
1677772800,1.05852,1.06139,1.05759,1.05791,32586
1677787200,1.05791,1.06058,1.05758,1.0596700000000001,14245
1677801600,1.05968,1.06138,1.05945,1.06077,7511
1677816000,1.06078,1.06142,1.06012,1.06084,9638
1677830400,1.06085,1.06284,1.06066,1.06092,22129
1677844800,1.0609,1.06289,1.05997,1.06218,20585
1677859200,1.06217,1.06289,1.05877,1.06241,34183
1677873600,1.0624,1.06379,1.06193,1.06326,10370
1678060800,1.06258,1.06375,1.06223,1.06358,7400
1678075200,1.06357,1.06494,1.06273,1.06477,10241
1678089600,1.06476,1.06567,1.06274,1.06286,19887
1678104000,1.06285,1.06576,1.06215,1.06539,21341
1678118400,1.06539,1.06937,1.06496,1.06845,27516
1678132800,1.06843,1.06851,1.06677,1.06822,9526
1678147200,1.06801,1.06881,1.06734,1.06858,6484
1678161600,1.06857,1.06925,1.06807,1.06845,9791
1678176000,1.06844,1.06937,1.06549,1.06562,22468
1678190400,1.06563,1.06713,1.06494,1.0656,19430
1678204800,1.06557,1.06605,1.05651,1.05665,52691
1678219200,1.05666,1.0573,1.05452,1.05489,13934
1678233600,1.05482,1.0552,1.05414,1.05441,6888
1678248000,1.05442,1.05465,1.05237,1.05304,9953
1678262400,1.05303,1.05479,1.05297,1.05348,19039
1678276800,1.05349,1.05485,1.05333,1.05404,18987
1678291200,1.05405,1.05732,1.05287,1.05443,37139
1678305600,1.05443,1.05498,1.05391,1.05437,11466
1678320000,1.05438,1.05526,1.05372,1.05399,6179
1678334400,1.054,1.05548,1.05386,1.05517,6083
1678348800,1.05516,1.05691,1.05475,1.05578,14813
1678363200,1.05579,1.05806,1.05519,1.05737,21223
1678377600,1.05735,1.05858,1.0563,1.05765,25716
1678392000,1.05764,1.05905,1.05717,1.05811,16241
1678406400,1.058,1.05986,1.05779,1.05939,7036
1678420800,1.0594,1.05978,1.0578400000000001,1.0586,15612
1678435200,1.05859,1.06058,1.05733,1.05807,24823
1678449600,1.05807,1.06433,1.05771,1.0621,34020
1678464000,1.06209,1.06999,1.06115,1.06678,62465
1678478400,1.06677,1.06721,1.06353,1.06379,23870
1678665600,1.0694,1.07022,1.06633,1.06679,20502
1678680000,1.06679,1.07361,1.06674,1.07195,21122
1678694400,1.0719400000000001,1.07364,1.06619,1.06697,43044
1678708800,1.06697,1.07205,1.06495,1.06987,65533
1678723200,1.06986,1.07479,1.0695999999999999,1.0737700000000001,50339
1678737600,1.07379,1.0742,1.07203,1.07268,19496
1678752000,1.07271,1.0729899999999999,1.07046,1.07077,10781
1678766400,1.07076,1.07122,1.06964,1.07069,12454
1678780800,1.07068,1.07148,1.06781,1.07105,37526
1678795200,1.07104,1.07483,1.06933,1.07074,50432
1678809600,1.07073,1.07423,1.07046,1.07322,36143
1678824000,1.07324,1.0749,1.07287,1.07308,14328
1678838400,1.0731,1.07388,1.07247,1.07375,7761
1678852800,1.07376,1.07591,1.07353,1.07376,10665
1678867200,1.07375,1.0743800000000001,1.06653,1.06774,30588
1678881600,1.06773,1.06836,1.05217,1.05444,64219
1678896000,1.05445,1.05639,1.05155,1.0556,48146
1678910400,1.05559,1.05917,1.05466,1.05747,29381
1678924800,1.05756,1.05982,1.05724,1.05931,15219
1678939200,1.0593,1.06149,1.05866,1.06065,14070
1678953600,1.06065,1.06348,1.05921,1.06169,34237
1678968000,1.06169,1.06204,1.05505,1.0606,46941
1678982400,1.06065,1.06258,1.05722,1.05913,54484
1678996800,1.05913,1.06196,1.05908,1.06117,13956
1679011200,1.06115,1.06312,1.06079,1.06252,8782
1679025600,1.06252,1.06497,1.06249,1.06478,11707
1679040000,1.06479,1.06692,1.06393,1.06461,24637
1679054400,1.06461,1.06462,1.06115,1.0625,31461
1679068800,1.06249,1.0675,1.06241,1.06721,33035
1679083200,1.0672,1.06845,1.06578,1.06614,12717
1679270400,1.06829,1.06892,1.06652,1.06744,12298
1679284800,1.06743,1.06837,1.06639,1.06788,14161
1679299200,1.06787,1.06802,1.06304,1.06737,46866
1679313600,1.06736,1.073,1.06701,1.0723,31113
1679328000,1.07229,1.07288,1.07061,1.07153,24246
1679342400,1.07153,1.0725,1.0713300000000001,1.07196,8105
1679356800,1.07187,1.07253,1.07144,1.07161,8121
1679371200,1.07161,1.07216,1.07089,1.07149,6844
1679385600,1.0715,1.07487,1.07032,1.07456,23160
1679400000,1.07456,1.07878,1.07394,1.07761,22502
1679414400,1.07763,1.07821,1.07601,1.07635,23079
1679428800,1.07635,1.07738,1.07555,1.07666,6501
1679443200,1.07668,1.0776,1.07651,1.07719,6962
1679457600,1.07718,1.07745,1.07646,1.07718,7910
1679472000,1.07717,1.07923,1.07583,1.07859,20113
1679486400,1.07858,1.07993,1.0775,1.07806,18478
1679500800,1.07805,1.07997,1.07749,1.07925,16954
1679515200,1.07926,1.09118,1.07917,1.08572,45583
1679529600,1.08576,1.08874,1.08564,1.08856,9781
1679544000,1.08857,1.09105,1.08815,1.09039,13681
1679558400,1.09039,1.09289,1.08799,1.08849,28163
1679572800,1.0884800000000001,1.08928,1.0866,1.08861,25578
1679587200,1.08861,1.09071,1.08634,1.0868,25315
1679601600,1.08679,1.08759,1.08235,1.0832,22583
1679616000,1.08319,1.0838,1.08198,1.08244,11365
1679630400,1.08243,1.08363,1.08165,1.0832600000000001,11672
1679644800,1.08325,1.08345,1.07207,1.07251,35190
1679659200,1.0725,1.07648,1.07125,1.07562,43293
1679673600,1.07562,1.07668,1.07408,1.07608,28297
1679688000,1.07608,1.07657,1.07533,1.07556,7643
1679875200,1.0771,1.0779,1.07601,1.0760399999999999,7821
1679889600,1.07603,1.07741,1.07569,1.0767,11189
1679904000,1.07671,1.07815,1.07442,1.07658,22720
1679918400,1.07657,1.07799,1.07557,1.07722,19221
1679932800,1.07723,1.07942,1.07695,1.07902,19963
1679947200,1.07904,1.07991,1.07853,1.0796999999999999,7247
1679961600,1.07946,1.08173,1.07932,1.0815,4823
1679976000,1.08149,1.08185,1.08093,1.08114,10240
1679990400,1.08115,1.08333,1.08054,1.08115,19043
1680004800,1.08114,1.08461,1.08096,1.08386,18936
1680019200,1.08386,1.08453,1.08157,1.08414,21746
1680033600,1.08413,1.08478,1.08349,1.08438,7120
1680048000,1.08432,1.08469,1.08358,1.08464,4763
1680062400,1.08465,1.08487,1.08329,1.08368,9230
1680076800,1.08367,1.08399,1.08169,1.08321,17625
1680091200,1.08322,1.08706,1.08314,1.08528,19383
1680105600,1.08529,1.08576,1.08227,1.08268,23930
1680120000,1.08269,1.08474,1.08249,1.08441,8839
1680134400,1.08438,1.08476,1.08347,1.08369,4718
1680148800,1.08368,1.08404,1.08257,1.08382,6986
1680163200,1.08383,1.08786,1.08228,1.08725,22826
1680177600,1.08732,1.09103,1.08583,1.09093,19584
1680192000,1.09094,1.09255,1.08937,1.09041,22837
1680206400,1.09041,1.09071,1.08913,1.09041,7224
1680220800,1.0904,1.09162,1.09012,1.09149,5476
1680235200,1.09148,1.09249,1.09007,1.09025,9632
1680249600,1.09025,1.09099,1.08722,1.08888,20493
1680264000,1.08888,1.0895299999999999,1.08633,1.08863,20610
1680278400,1.08864,1.0901,1.08568,1.08685,25618
1680292800,1.08685,1.08705,1.08362,1.08424,8851
1680480000,1.084,1.08428,1.0798,1.0813,10869
1680494400,1.0813,1.08162,1.07875,1.07923,12265
1680508800,1.07924,1.08489,1.07884,1.08419,19110
1680523200,1.08418,1.0877,1.08418,1.08643,18980
1680537600,1.08646,1.09159,1.08637,1.08879,25445
1680552000,1.08878,1.09074,1.08793,1.09025,7969
1680566400,1.09021,1.0909,1.08982,1.09003,4651
1680580800,1.09004,1.09009,1.08872,1.08936,9495
1680595200,1.08937,1.09373,1.08822,1.09163,18593
1680609600,1.09164,1.09353,1.0886,1.08903,19957
1680624000,1.08904,1.09724,1.08878,1.09454,31018
1680638400,1.09454,1.09572,1.09428,1.09552,6628
1680652800,1.09539,1.09687,1.09496,1.09599,4833
1680667200,1.096,1.09636,1.09528,1.09541,8911
1680681600,1.09541,1.09667,1.09401,1.09505,17988
1680696000,1.09504,1.09623,1.09342,1.09571,20868
1680710400,1.0957,1.09661,1.08955,1.0896,26886
1680724800,1.0896,1.09088,1.08903,1.09051,6751
1680739200,1.0904,1.09098,1.08922,1.08932,4050
1680753600,1.08933,1.08952,1.08839,1.0892,6944
1680768000,1.0892,1.09164,1.0889,1.08988,16416
1680782400,1.08987,1.09186,1.0889,1.08915,16492
1680796800,1.08915,1.09368,1.08853,1.09336,18597
1680811200,1.09335,1.09353,1.09161,1.0919,5246
1680825600,1.09182,1.09234,1.09135,1.09151,2292
1680840000,1.09152,1.09209,1.0914,1.09141,2886
1680854400,1.09141,1.09189,1.09108,1.09148,4451
1680868800,1.09148,1.0921,1.08756,1.0903,10203
1680883200,1.09029,1.09148,1.08927,1.09091,6955
1680897600,1.0909,1.09096,1.08972,1.08973,1945
1681084800,1.0895299999999999,1.0914,1.0894,1.09027,4550
1681099200,1.09027,1.09061,1.08943,1.08956,7523
1681113600,1.08956,1.09164,1.08901,1.09113,8922
1681128000,1.09112,1.09158,1.08464,1.0848200000000001,16282
1681142400,1.0848200000000001,1.08565,1.08306,1.08469,17885
1681156800,1.08469,1.08622,1.08468,1.08608,6144
1681171200,1.0860400000000001,1.08782,1.08475,1.08769,3928
1681185600,1.08768,1.08871,1.08664,1.08818,9683
1681200000,1.08818,1.09095,1.08802,1.09062,16060
1681214400,1.09061,1.09259,1.09016,1.09111,17610
1681228800,1.09112,1.09272,1.08967,1.08981,17337
1681243200,1.08982,1.09162,1.08954,1.09122,5650
1681257600,1.09113,1.0927,1.09081,1.09246,2881
1681272000,1.09244,1.0928,1.09157,1.0925,6666
1681286400,1.09249,1.09366,1.0915300000000001,1.09231,13442
1681300800,1.09231,1.09892,1.0919,1.09634,19566
1681315200,1.09633,1.09992,1.09575,1.09954,28518
1681329600,1.09954,1.09997,1.0985800000000001,1.09908,9722
1681344000,1.09886,1.10042,1.09872,1.1001400000000001,4557
1681358400,1.10015,1.10026,1.0983,1.09894,8655
1681372800,1.09893,1.10244,1.0976,1.10139,15737
1681387200,1.1013600000000001,1.10528,1.10076,1.10481,19226
1681401600,1.10483,1.1067,1.10425,1.1055,19820
1681416000,1.10549,1.1059,1.10433,1.10465,6160
1681430400,1.10464,1.10582,1.10444,1.10537,4000
1681444800,1.10537,1.10745,1.10523,1.10683,8069
1681459200,1.10684,1.10749,1.10531,1.10583,12873
1681473600,1.10582,1.10734,1.10178,1.10339,20365
1681488000,1.10339,1.10357,1.09716,1.09768,28185
1681502400,1.09767,1.09985,1.09745,1.09944,7604
1681689600,1.09925,1.09937,1.09722,1.09722,4332
1681704000,1.09724,1.0984,1.0961,1.09837,8618
1681718400,1.09838,1.09989,1.09634,1.09641,15454
1681732800,1.0964,1.09843,1.09509,1.0953,17279
1681747200,1.09529,1.09563,1.09085,1.0911,24987
1681761600,1.09109,1.09304,1.09109,1.09281,6181
1681776000,1.09264,1.09282,1.09204,1.09244,2705
1681790400,1.09245,1.09381,1.09227,1.09362,7997
1681804800,1.09361,1.09822,1.09336,1.09802,15422
1681819200,1.09801,1.0982,1.0954,1.09551,15564
1681833600,1.0955,1.09702,1.09421,1.09695,19554
1681848000,1.09695,1.0974,1.09666,1.09714,6489
1681862400,1.0971,1.09821,1.0964,1.0982,3382
1681876800,1.09818,1.09833,1.09643,1.0968,7018
1681891200,1.09679,1.09716,1.09457,1.09549,19193
1681905600,1.09551,1.09625,1.09165,1.09489,18470
1681920000,1.0949,1.09787,1.09467,1.0965,16845
1681934400,1.09651,1.09661,1.09509,1.0955,6829
1681948800,1.09544,1.09583,1.09464,1.09559,3652
1681963200,1.09559,1.0961,1.09488,1.09583,7500
1681977600,1.09584,1.09776,1.09493,1.09709,16033
1681992000,1.09707,1.09842,1.09327,1.09768,20855
1682006400,1.09768,1.09888,1.09625,1.09665,20692
1682020800,1.09665,1.09718,1.09557,1.09691,7152
1682035200,1.09678,1.09712,1.09611,1.09695,2906
1682049600,1.09695,1.09726,1.09579,1.09596,5824
1682064000,1.09596,1.09715,1.09373,1.09588,16859
1682078400,1.09588,1.09893,1.09483,1.09873,14026
1682092800,1.09872,1.0993,1.09418,1.09784,24863
1682107200,1.09779,1.0992,1.09713,1.09889,7089
1682294400,1.09883,1.09955,1.09837,1.09941,3592
1682308800,1.09941,1.09942,1.09788,1.09796,6942
1682323200,1.0979700000000001,1.10087,1.09651,1.10078,15017
1682337600,1.10078,1.10242,1.09983,1.10222,15897
1682352000,1.10222,1.1036,1.10122,1.10332,17753
1682366400,1.10331,1.10494,1.10328,1.10438,4785
1682380800,1.10439,1.10659,1.10411,1.10586,3690
1682395200,1.10586,1.10663,1.10501,1.10506,7412
1682409600,1.10505,1.10558,1.10239,1.10389,17730
1682424000,1.10389,1.10433,1.10088,1.10165,14818
1682438400,1.10166,1.1018,1.09646,1.09674,24221
1682452800,1.09673,1.09754,1.09635,1.09739,10668
1682467200,1.09718,1.0979700000000001,1.09647,1.09773,4948
1682481600,1.0977,1.09809,1.09678,1.09805,8252
1682496000,1.09804,1.10425,1.0979,1.10412,18551
1682510400,1.10411,1.10619,1.10305,1.10531,24279
1682524800,1.10531,1.10947,1.10321,1.10403,29327
1682539200,1.10402,1.10412,1.10316,1.1041,9239
1682553600,1.10397,1.10468,1.10345,1.10451,4659
1682568000,1.1045,1.10542,1.10383,1.105,7804
1682582400,1.105,1.10627,1.10392,1.10523,17001
1682596800,1.10523,1.10565,1.10001,1.10122,19234
1682611200,1.10123,1.10261,1.09913,1.10078,24986
1682625600,1.10079,1.1029,1.10048,1.10276,8045
1682640000,1.1026,1.10387,1.102,1.10338,5079
1682654400,1.10338,1.1034,1.10076,1.10129,14818
1682668800,1.10127,1.10357,1.0976,1.09903,25360
1682683200,1.09903,1.09978,1.09616,1.09837,21937
1682697600,1.09837,1.10443,1.09819,1.10302,32721
1682712000,1.10301,1.10302,1.10114,1.1016,9475
1682899200,1.10205,1.10206,1.10038,1.10049,5762
1682913600,1.10047,1.10137,1.1,1.10057,7862
1682928000,1.10056,1.10081,1.09909,1.09914,11279
1682942400,1.09914,1.1033,1.09877,1.10321,11878
1682956800,1.10321,1.10349,1.09636,1.09667,21643
1682971200,1.09667,1.09755,1.09645,1.09751,7515
1682985600,1.0974,1.09785,1.09666,1.09782,4074
1683000000,1.09781,1.09938,1.09778,1.09838,8963
1683014400,1.09838,1.10059,1.09591,1.09712,18566
1683028800,1.09711,1.09808,1.09473,1.09544,14048
1683043200,1.09544,1.1002399999999999,1.09414,1.09992,25307
1683057600,1.09991,1.10072,1.09939,1.09986,6021
1683072000,1.09987,1.1019700000000001,1.09973,1.10166,3358
1683086400,1.10166,1.10292,1.10122,1.1021,5020
1683100800,1.1021,1.10462,1.1013600000000001,1.10389,11411
1683115200,1.1039,1.1046,1.10209,1.10379,14352
1683129600,1.10379,1.10585,1.10294,1.10463,17634
1683144000,1.10463,1.10908,1.10366,1.10594,32701
1683158400,1.10582,1.10867,1.10539,1.10752,7382
1683172800,1.10754,1.10869,1.10706,1.10808,8208
1683187200,1.10807,1.10909,1.10362,1.10396,17522
1683201600,1.10398,1.10833,1.10007,1.1008499999999999,25725
1683216000,1.10084,1.10547,1.09853,1.1024,38510
1683230400,1.1024,1.10308,1.10104,1.10135,9341
1683244800,1.10128,1.10289,1.10059,1.10244,2717
1683259200,1.10243,1.10442,1.10243,1.1041,6293
1683273600,1.10409,1.10471,1.10235,1.10275,13406
1683288000,1.10276,1.10311,1.0966,1.09752,18516
1683302400,1.09753,1.10358,1.09753,1.10314,21999
1683316800,1.10315,1.10337,1.1009,1.10177,7661
1683504000,1.10164,1.10246,1.1013600000000001,1.10234,3236
1683518400,1.10237,1.10435,1.1018,1.10428,5402
1683532800,1.1043,1.1053,1.10352,1.10352,10478
1683547200,1.10353,1.10509,1.10221,1.10364,11526
1683561600,1.10364,1.10435,1.10108,1.10265,13440
1683576000,1.10264,1.10285,1.09993,1.10035,5883
1683590400,1.10029,1.10045,1.09843,1.09891,4230
1683604800,1.09891,1.09946,1.09844,1.09881,6415
1683619200,1.09882,1.10001,1.0972,1.09782,14596
1683633600,1.0977999999999999,1.09836,1.09491,1.09493,12305
1683648000,1.09494,1.09636,1.09405,1.09546,16250
1683662400,1.09545,1.09718,1.09535,1.0959699999999999,7035
1683676800,1.0959699999999999,1.09712,1.09444,1.09684,2819
1683691200,1.09684,1.09766,1.09676,1.09715,5448
1683705600,1.09714,1.09818,1.09494,1.09514,13402
1683720000,1.09514,1.10051,1.09409,1.09999,18668
1683734400,1.1,1.10062,1.09635,1.09696,23459
1683748800,1.09696,1.0984099999999999,1.09609,1.09826,7993
1683763200,1.09818,1.09923,1.09771,1.0992,2910
1683777600,1.09921,1.09974,1.09688,1.09746,7196
1683792000,1.09745,1.09815,1.09177,1.09277,19816
1683806400,1.09278,1.09473,1.09172,1.09322,21908
1683820800,1.09321,1.09322,1.08994,1.09243,23251
1683835200,1.09243,1.09251,1.09099,1.0916,5797
1683849600,1.09156,1.09209,1.09108,1.09207,3171
1683864000,1.09208,1.09263,1.09143,1.09256,7107
1683878400,1.09255,1.09348,1.09039,1.09129,14309
1683892800,1.09128,1.09165,1.08805,1.08861,12104
1683907200,1.0886,1.08967,1.08478,1.0851,18431
1683921600,1.0851,1.08561,1.08472,1.08493,6584
1684108800,1.08531,1.08549,1.08445,1.08524,3261
1684123200,1.08523,1.08635,1.08517,1.08622,6397
1684137600,1.08622,1.08794,1.08596,1.08679,11568
1684152000,1.08678,1.089,1.08547,1.08783,12476
1684166400,1.08782,1.08811,1.08632,1.08781,12831
1684180800,1.0878,1.08781,1.08723,1.08735,4656
1684195200,1.08734,1.08814,1.0872,1.0881,2543
1684209600,1.0881,1.08838,1.08677,1.08822,5831
1684224000,1.08821,1.08971,1.08623,1.08905,13144
1684238400,1.08904,1.09038,1.08672,1.08809,13532
1684252800,1.08808,1.08884,1.0854300000000001,1.0866,19515
1684267200,1.08661,1.08703,1.08574,1.08609,5463
1684281600,1.08607,1.08712,1.08593,1.08697,2657
1684296000,1.08696,1.08729,1.08616,1.08639,7076
1684310400,1.08639,1.08647,1.08264,1.08284,14578
1684324800,1.08284,1.08407,1.0813,1.08232,13335
1684339200,1.08232,1.08447,1.08096,1.08409,18302
1684353600,1.08411,1.08483,1.08357,1.08374,6631
1684368000,1.08375,1.08427,1.0834,1.08415,3555
1684382400,1.08414,1.08472,1.0832,1.08323,7627
1684396800,1.08324,1.08351,1.08084,1.08157,13129
1684411200,1.08157,1.08192,1.07845,1.07893,13865
1684425600,1.07893,1.07942,1.07619,1.07622,17138
1684440000,1.07622,1.07741,1.07618,1.07704,6996
1684454400,1.07696,1.07794,1.0766499999999999,1.07732,3889
1684468800,1.07731,1.07751,1.07593,1.07629,8538
1684483200,1.07629,1.07937,1.07609,1.07874,14665
1684497600,1.07874,1.08229,1.07868,1.08052,16364
1684512000,1.08049,1.08258,1.07815,1.082,25130
1684526400,1.08201,1.0828,1.07971,1.08042,6546
1684713600,1.08041,1.08242,1.08041,1.08227,3963
1684728000,1.08228,1.08292,1.08171,1.08177,8806
1684742400,1.08177,1.08234,1.07948,1.08095,14429
1684756800,1.08095,1.08305,1.08074,1.0818699999999999,13907
1684771200,1.08188,1.08237,1.07955,1.08091,18825
1684785600,1.08092,1.08209,1.08074,1.08124,7014
1684800000,1.08111,1.08198,1.08058,1.08109,4524
1684814400,1.0811,1.08112,1.0802,1.08096,8028
1684828800,1.08096,1.08122,1.07843,1.08025,16324
1684843200,1.08023,1.08029,1.07624,1.07631,14150
1684857600,1.07632,1.07947,1.07595,1.0766,21220
1684872000,1.07661,1.07801,1.07637,1.07701,7059
1684886400,1.07695,1.07744,1.0766499999999999,1.07718,7703
1684900800,1.07717,1.07816,1.0767,1.07792,8227
1684915200,1.07793,1.0794,1.07696,1.0777,16567
1684929600,1.07769,1.08005,1.07476,1.07887,17658
1684944000,1.07888,1.07933,1.0749,1.07554,21004
1684958400,1.07553,1.07652,1.07487,1.0749900000000001,11135
1684972800,1.0749900000000001,1.07561,1.07417,1.0749900000000001,4594
1684987200,1.07498,1.07526,1.07322,1.07334,8354
1685001600,1.07333,1.07432,1.0713300000000001,1.07221,15581
1685016000,1.0722,1.07395,1.07142,1.07177,17554
1685030400,1.07176,1.07318,1.07066,1.07117,20435
1685044800,1.07117,1.07286,1.07107,1.07242,7732
1685059200,1.0724,1.0727,1.07183,1.07246,3671
1685073600,1.07247,1.07401,1.07236,1.0739,7639
1685088000,1.07394,1.07436,1.07247,1.07312,14053
1685102400,1.07311,1.07579,1.0725,1.07413,16056
1685116800,1.07412,1.07497,1.0701,1.07189,22810
1685131200,1.0719,1.0732,1.07181,1.0725,5256
1685318400,1.07215,1.07285,1.07164,1.07193,2932
1685332800,1.07192,1.07356,1.07178,1.07352,4996
1685347200,1.07354,1.07429,1.07146,1.07235,8237
1685361600,1.07234,1.07234,1.07092,1.0714,7664
1685376000,1.0714,1.0715,1.07053,1.07119,4939
1685390400,1.0712,1.07142,1.07049,1.07083,1371
1685404800,1.07083,1.0719,1.07035,1.0713,3971
1685419200,1.0713,1.07256,1.07007,1.07074,8717
1685433600,1.07073,1.07076,1.06718,1.0704,18292
1685448000,1.0704,1.07459,1.06964,1.07216,17142
1685462400,1.07216,1.074,1.07156,1.07202,17489
1685476800,1.07201,1.0734,1.07135,1.0734,6373
1685491200,1.07324,1.0735,1.07266,1.07343,3232
1685505600,1.07343,1.07347,1.06936,1.06973,9186
1685520000,1.06974,1.06981,1.06579,1.0659,17954
1685534400,1.06593,1.06867,1.06593,1.06802,13377
1685548800,1.06801,1.07044,1.06343,1.06373,25351
1685563200,1.06372,1.06913,1.06346,1.06881,11496
1685577600,1.06872,1.06965,1.06805,1.06859,3743
1685592000,1.06858,1.06932,1.06796,1.0681,8605
1685606400,1.06809,1.06861,1.0661100000000001,1.06861,14647
1685620800,1.0686,1.07149,1.06822,1.07073,16965
1685635200,1.07073,1.07633,1.07023,1.07593,21439
1685649600,1.07593,1.07678,1.0755,1.0761,5822
1685664000,1.07609,1.07647,1.07569,1.07611,2885
1685678400,1.0761,1.07683,1.07581,1.07623,7002
1685692800,1.07623,1.07783,1.07594,1.07735,11819
1685707200,1.07734,1.07762,1.07344,1.07466,17136
1685721600,1.07467,1.07702,1.07078,1.07092,19103
1685736000,1.07093,1.0715,1.07044,1.07054,5648
1685923200,1.0707200000000001,1.07079,1.06895,1.0693,4242
1685937600,1.0693,1.07039,1.06901,1.06993,7700
1685952000,1.06993,1.0703,1.06827,1.06953,13576
1685966400,1.06952,1.06983,1.06738,1.06782,10574
1685980800,1.0678,1.07216,1.06771,1.07109,18470
1685995200,1.07108,1.07167,1.07066,1.07121,5365
1686009600,1.07116,1.07161,1.07067,1.07153,2768
1686024000,1.07154,1.0724,1.0712,1.07226,7427
1686038400,1.07225,1.07322,1.06945,1.06987,16409
1686052800,1.06986,1.07004,1.06663,1.06699,12745
1686067200,1.06698,1.0697,1.06684,1.06875,14183
1686081600,1.06876,1.06956,1.06815,1.06916,4573
1686096000,1.06926,1.07037,1.06914,1.06997,2469
1686110400,1.06996,1.07008,1.0688,1.06898,6453
1686124800,1.06898,1.06926,1.06677,1.06923,11496
1686139200,1.06923,1.07223,1.06893,1.07152,12746
1686153600,1.07152,1.0739,1.06921,1.06927,19805
1686168000,1.06926,1.07045,1.06904,1.06975,6924
1686182400,1.06968,1.07093,1.06939,1.07077,3240
1686196800,1.07078,1.07128,1.07024,1.07108,6492
1686211200,1.07108,1.07292,1.07003,1.07261,12421
1686225600,1.0726,1.07583,1.07202,1.07462,14340
1686240000,1.07461,1.07863,1.07412,1.07839,17756
1686254400,1.07839,1.07849,1.0773,1.0781,5603
1686268800,1.07805,1.07844,1.07785,1.07813,2768
1686283200,1.07814,1.07844,1.07739,1.07746,5896
1686297600,1.07746,1.07832,1.07586,1.07625,12002
1686312000,1.07626,1.07834,1.07558,1.07663,13749
1686326400,1.07662,1.07744,1.07428,1.07475,15805
1686340800,1.07476,1.07515,1.0742099999999999,1.07488,4446
1686528000,1.07457,1.07508,1.07426,1.07447,2743
1686542400,1.07447,1.07453,1.07324,1.07403,6951
1686556800,1.07403,1.07833,1.07398,1.07763,12126
1686571200,1.07764,1.07894,1.07599,1.0765500000000001,13225
1686585600,1.07656,1.07707,1.07422,1.0748,15479
1686600000,1.07479,1.07626,1.07442,1.07574,5832
1686614400,1.07567,1.07659,1.07511,1.07599,2856
1686628800,1.07598,1.07823,1.07585,1.07814,6909
1686643200,1.07813,1.08077,1.07807,1.08069,14758
1686657600,1.08068,1.08228,1.07795,1.08132,17493
1686672000,1.08134,1.08172,1.07776,1.08016,21239
1686686400,1.08016,1.08035,1.07822,1.07916,7048
1686700800,1.07917,1.07923,1.0785,1.07894,2951
1686715200,1.07895,1.07953,1.0784,1.07888,5019
1686729600,1.07889,1.08039,1.07733,1.08015,10382
1686744000,1.08013,1.0832600000000001,1.0796000000000001,1.08305,12164
1686758400,1.08304,1.08634,1.08266,1.08615,13662
1686772800,1.08615,1.08621,1.08007,1.08305,26070
1686787200,1.08295,1.08438,1.08215,1.08375,2747
1686801600,1.08375,1.08375,1.08072,1.08109,7864
1686816000,1.08108,1.08366,1.08031,1.08322,12284
1686830400,1.08321,1.08804,1.08137,1.08638,17380
1686844800,1.08635,1.09443,1.08579,1.09432,20542
1686859200,1.0943100000000001,1.09519,1.09386,1.09449,6101
1686873600,1.09442,1.09506,1.09393,1.09413,3191
1686888000,1.09412,1.09477,1.09348,1.09382,7303
1686902400,1.09381,1.09615,1.09333,1.09498,12729
1686916800,1.09498,1.09698,1.09388,1.0950199999999999,11819
1686931200,1.0950199999999999,1.09663,1.09171,1.09332,21212
1686945600,1.09331,1.09447,1.09314,1.09404,6302
1687132800,1.0930900000000001,1.09455,1.09284,1.0936,3890
1687147200,1.09359,1.09401,1.09315,1.09339,6618
1687161600,1.0934,1.09405,1.09244,1.09288,12085
1687176000,1.09289,1.09289,1.09064,1.09251,9566
1687190400,1.09252,1.09282,1.09116,1.09154,8526
1687204800,1.09155,1.09218,1.09152,1.09217,1954
1687219200,1.09211,1.09255,1.09142,1.09195,3611
1687233600,1.09192,1.09231,1.09101,1.0913,8794
1687248000,1.09129,1.09454,1.09112,1.0937000000000001,14275
1687262400,1.09371,1.09392,1.09114,1.09186,13278
1687276800,1.09186,1.09238,1.08915,1.09145,20110
1687291200,1.09144,1.09168,1.0909,1.09161,6859
1687305600,1.09155,1.09218,1.0914,1.0915300000000001,3445
1687320000,1.09152,1.09203,1.09112,1.09155,7534
1687334400,1.09155,1.0933,1.0905,1.09243,15603
1687348800,1.09242,1.0929,1.09078,1.09244,14035
1687363200,1.09244,1.09729,1.09099,1.09699,20474
1687377600,1.09697,1.0990199999999999,1.09664,1.09865,7450
1687392000,1.0986,1.09917,1.09815,1.09877,3733
1687406400,1.09875,1.09941,1.09859,1.09866,5711
1687420800,1.09864,1.1003,1.09791,1.09922,13873
1687435200,1.09921,1.10117,1.09798,1.09818,16781
1687449600,1.09818,1.09884,1.09477,1.09538,19349
1687464000,1.09539,1.09609,1.09493,1.09527,6680
1687478400,1.09532,1.09578,1.0952,1.09545,3406
1687492800,1.09545,1.09556,1.09282,1.09323,9042
1687507200,1.09324,1.09333,1.0848,1.08484,20539
1687521600,1.08484,1.08948,1.08436,1.08866,15627
1687536000,1.08866,1.09019,1.08782,1.08849,19520
1687550400,1.08851,1.08955,1.08851,1.08938,6489
1687737600,1.08996,1.09087,1.08844,1.09046,5086
1687752000,1.09046,1.09091,1.0899,1.09018,7699
1687766400,1.09017,1.09102,1.08866,1.08913,14548
1687780800,1.08912,1.09193,1.089,1.09167,11084
1687795200,1.09166,1.09193,1.08991,1.09078,14489
1687809600,1.09079,1.09146,1.09033,1.0904,5616
1687824000,1.09042,1.09112,1.0901399999999999,1.09037,3282
1687838400,1.09038,1.09344,1.0903100000000001,1.09225,9877
1687852800,1.09226,1.0943100000000001,1.09156,1.09389,14106
1687867200,1.09388,1.09714,1.09255,1.09647,13368
1687881600,1.09646,1.0976,1.09416,1.09581,19219
1687896000,1.0958,1.09632,1.09544,1.09599,5549
1687910400,1.09594,1.0962,1.0952,1.09538,3807
1687924800,1.09539,1.09556,1.09415,1.09479,7939
1687939200,1.0948,1.09598,1.09353,1.09522,12972
1687953600,1.09521,1.09615,1.09253,1.09269,14917
1687968000,1.0927,1.09436,1.08961,1.09101,22029
1687982400,1.09101,1.09231,1.09093,1.09121,6778
1687996800,1.09119,1.09181,1.09005,1.09061,2860
1688011200,1.09062,1.09137,1.08802,1.08846,8563
1688025600,1.08846,1.0921,1.08833,1.09137,15557
1688040000,1.09138,1.09406,1.0872600000000001,1.08801,16062
1688054400,1.08803,1.08959,1.08594,1.08701,21640
1688068800,1.087,1.08743,1.08632,1.08647,6469
1688083200,1.08642,1.08733,1.08617,1.08715,3393
1688097600,1.08714,1.08747,1.08596,1.08691,8347
1688112000,1.0869,1.08747,1.08343,1.08383,13642
1688126400,1.08382,1.0897000000000001,1.08351,1.08962,15330
1688140800,1.08963,1.09311,1.08954,1.09175,23784
1688155200,1.09175,1.09222,1.09074,1.09101,7489
1688342400,1.09097,1.0912,1.08997,1.09008,2819
1688356800,1.09007,1.09175,1.09004,1.09168,7121
1688371200,1.09168,1.09174,1.08695,1.08856,13575
1688385600,1.08854,1.0909200000000001,1.08754,1.09082,12895
1688400000,1.09081,1.09333,1.09011,1.09147,17662
1688414400,1.09148,1.09156,1.09076,1.09132,2829
1688428800,1.09122,1.09148,1.0908,1.09091,2154
1688443200,1.09091,1.09156,1.08999,1.09,5570
1688457600,1.08999,1.09141,1.08914,1.08948,9905
1688472000,1.08948,1.09032,1.08889,1.08999,9246
1688486400,1.08998,1.09067,1.08912,1.08936,7991
1688500800,1.08938,1.08964,1.08766,1.08786,2681
1688515200,1.08788,1.08902,1.08767,1.08861,2858
1688529600,1.0886,1.08864,1.08744,1.08749,5926
1688544000,1.08749,1.09071,1.08655,1.08874,15524
1688558400,1.08873,1.0901399999999999,1.08747,1.08937,13243
1688572800,1.08935,1.09008,1.08584,1.08601,17097
1688587200,1.086,1.08647,1.08502,1.08534,7198
1688601600,1.08534,1.08565,1.08457,1.08484,2802
1688616000,1.08483,1.08528,1.0833,1.08426,8492
1688630400,1.08425,1.08746,1.08408,1.08633,16639
1688644800,1.08634,1.08997,1.08578,1.08731,20361
1688659200,1.08731,1.0887,1.0833,1.08719,25522
1688673600,1.08718,1.08915,1.08716,1.0891,6755
1688688000,1.0890900000000001,1.08943,1.08817,1.08844,2881
1688702400,1.08843,1.08944,1.08827,1.08905,6742
1688716800,1.08904,1.08995,1.08663,1.08771,13958
1688731200,1.0877,1.09308,1.08693,1.09114,19243
1688745600,1.09111,1.0972,1.08946,1.0971,23795
1688760000,1.0971,1.09725,1.09626,1.09659,6614
1688947200,1.09584,1.0969,1.09561,1.09636,3734
1688961600,1.09635,1.09687,1.09519,1.09523,8711
1688976000,1.09524,1.09649,1.09443,1.09639,12263
1688990400,1.09639,1.09724,1.09427,1.09463,12817
1689004800,1.09462,1.09921,1.09462,1.09886,18252
1689019200,1.09885,1.10007,1.09867,1.09998,6699
1689033600,1.1,1.1008,1.09925,1.10059,3444
1689048000,1.10059,1.10193,1.10051,1.1019,9043
1689062400,1.1019,1.10262,1.10017,1.1002,15160
1689076800,1.10022,1.10119,1.09763,1.0981,14246
1689091200,1.09809,1.10023,1.09778,1.10018,15771
1689105600,1.10018,1.10084,1.09968,1.10077,5977
1689120000,1.10012,1.1021,1.10012,1.10181,4354
1689134400,1.10182,1.10362,1.10178,1.10354,10091
1689148800,1.10356,1.10356,1.102,1.10215,12252
1689163200,1.10213,1.10711,1.10128,1.10573,19394
1689177600,1.10575,1.11327,1.10553,1.1131199999999999,27710
1689192000,1.11311,1.11396,1.11239,1.11301,8022
1689206400,1.11303,1.11444,1.1127,1.11378,4048
1689220800,1.11377,1.11479,1.11357,1.11403,8459
1689235200,1.11402,1.11692,1.11291,1.11602,17859
1689249600,1.11601,1.11887,1.11544,1.1179000000000001,19187
1689264000,1.11789,1.12081,1.11755,1.12051,21653
1689278400,1.1205,1.12271,1.12016,1.12251,7882
1689292800,1.12216,1.12289,1.12128,1.1222,5028
1689307200,1.1222,1.12422,1.12215,1.12324,10147
1689321600,1.12325,1.1235,1.1203400000000001,1.12305,14365
1689336000,1.12306,1.12442,1.1209500000000001,1.12251,14524
1689350400,1.1225,1.12436,1.12148,1.12386,22525
1689364800,1.12388,1.12389,1.12238,1.1228,6781
1689552000,1.12253,1.12308,1.12225,1.12238,2800
1689566400,1.1224,1.1227800000000001,1.1214,1.12262,6555
1689580800,1.12263,1.12479,1.12213,1.12372,11933
1689595200,1.12371,1.12442,1.12201,1.12347,12567
1689609600,1.12348,1.12374,1.12027,1.12321,14194
1689624000,1.12321,1.12454,1.12314,1.12398,5653
1689638400,1.12381,1.12458,1.12335,1.12412,3232
1689652800,1.12411,1.12557,1.1238299999999999,1.12509,9087
1689667200,1.1251,1.1275,1.12274,1.12364,16782
1689681600,1.12366,1.12692,1.12224,1.1239,18876
1689696000,1.12389,1.12452,1.12083,1.12141,25715
1689710400,1.1214,1.12308,1.12084,1.12275,6600
1689724800,1.1227,1.12321,1.12242,1.1229,4037
1689739200,1.12289,1.12306,1.12155,1.1221,9023
1689753600,1.12209,1.12364,1.11953,1.12316,19653
1689768000,1.12317,1.12395,1.12081,1.12163,14524
1689782400,1.12164,1.12239,1.11737,1.11913,20902
1689796800,1.11913,1.12042,1.11895,1.12012,7214
1689811200,1.12002,1.12195,1.11935,1.12175,4176
1689825600,1.12174,1.12283,1.1215,1.12206,10117
1689840000,1.12205,1.12224,1.1197300000000001,1.1207799999999999,13974
1689854400,1.12079,1.12159,1.11765,1.1182,16926
1689868800,1.11819,1.11879,1.11177,1.11234,21728
1689883200,1.11233,1.1134,1.11213,1.1129,6968
1689897600,1.11295,1.11374,1.11292,1.11369,3856
1689912000,1.11366,1.1141,1.11304,1.11387,8632
1689926400,1.11389,1.11442,1.11209,1.11274,15635
1689940800,1.11275,1.11336,1.11165,1.11275,14760
1689955200,1.11276,1.1137299999999999,1.11072,1.11228,15438
1689969600,1.11226,1.11293,1.11184,1.1125,5143
1690156800,1.1121,1.11321,1.1121,1.1129,3953
1690171200,1.11291,1.11304,1.11162,1.11193,8380
1690185600,1.11194,1.11463,1.10648,1.10702,21161
1690200000,1.10702,1.11083,1.10687,1.1087,14463
1690214400,1.1087,1.11035,1.10683,1.10806,20165
1690228800,1.10806,1.10837,1.10596,1.10636,5701
1690243200,1.10633,1.10695,1.10591,1.10665,3565
1690257600,1.10664,1.10808,1.10663,1.10696,9481
1690272000,1.10695,1.10862,1.10522,1.1064,16053
1690286400,1.1064,1.1066799999999999,1.10385,1.10479,11635
1690300800,1.10481,1.1054,1.10202,1.10416,15680
1690315200,1.10414,1.10544,1.10347,1.10536,7102
1690329600,1.10528,1.10566,1.10435,1.10449,3247
1690344000,1.1045,1.10524,1.10371,1.10475,8054
1690358400,1.10474,1.10769,1.10467,1.10749,14171
1690372800,1.10748,1.10855,1.10566,1.10675,12468
1690387200,1.10675,1.10815,1.10569,1.10712,15895
1690401600,1.1071,1.1106,1.10559,1.10863,27065
1690416000,1.10842,1.10888,1.10767,1.10858,4380
1690430400,1.10857,1.11172,1.10857,1.10954,10553
1690444800,1.10953,1.11386,1.10873,1.11383,16265
1690459200,1.11384,1.11489,1.10468,1.10587,23685
1690473600,1.10586,1.10647,1.09832,1.09895,34051
1690488000,1.09894,1.10097,1.09652,1.09749,17337
1690502400,1.09749,1.0983,1.09749,1.09794,4061
1690516800,1.09795,1.09877,1.09589,1.09721,20290
1690531200,1.0972,1.09906,1.09429,1.0959,27258
1690545600,1.09589,1.10327,1.09556,1.10087,20894
1690560000,1.1008499999999999,1.10468,1.09924,1.10247,24789
1690574400,1.10247,1.1029,1.10141,1.1016,7530
1690761600,1.10129,1.10277,1.10126,1.10215,4164
1690776000,1.10215,1.1025800000000001,1.1005,1.10053,10395
1690790400,1.10052,1.10354,1.10045,1.10333,15371
1690804800,1.10333,1.10395,1.10181,1.10274,13383
1690819200,1.10275,1.10451,1.10032,1.10062,20339
1690833600,1.10062,1.10106,1.09928,1.0996,6432
1690848000,1.09953,1.10023,1.09876,1.09881,2964
1690862400,1.0988,1.09903,1.09798,1.09895,6811
1690876800,1.09894,1.09996,1.09693,1.0974,14299
1690891200,1.09739,1.09839,1.09518,1.09557,13588
1690905600,1.09557,1.09884,1.09552,1.09712,20226
1690920000,1.09713,1.09844,1.09619,1.09833,5666
1690934400,1.09796,1.10185,1.09796,1.09954,7755
1690948800,1.09955,1.10065,1.09795,1.09884,8632
1690963200,1.09883,1.09999,1.09753,1.09835,17290
1690977600,1.09833,1.09864,1.09569,1.09591,17408
1690992000,1.09591,1.09671,1.09173,1.09497,22450
1691006400,1.09498,1.09567,1.09341,1.09372,6434
1691020800,1.0937000000000001,1.0945,1.09352,1.09392,2933
1691035200,1.09391,1.09485,1.09217,1.09225,8077
1691049600,1.09226,1.09425,1.09116,1.09241,18695
1691064000,1.0924,1.09554,1.0921,1.09373,21098
1691078400,1.09371,1.0962,1.09146,1.09545,23549
1691092800,1.09545,1.09562,1.09377,1.09471,5720
1691107200,1.09455,1.09547,1.09393,1.09546,3360
1691121600,1.09546,1.09607,1.09487,1.09497,8599
1691136000,1.09497,1.09577,1.09371,1.09396,11845
1691150400,1.09396,1.09971,1.09335,1.09883,18976
1691164800,1.09881,1.10411,1.0985800000000001,1.10331,25572
1691179200,1.10332,1.10382,1.10029,1.10103,6620
1691366400,1.10106,1.10145,1.1,1.10092,3941
1691380800,1.1009,1.10093,1.0991,1.09957,6927
1691395200,1.09957,1.09966,1.09701,1.09739,12704
1691409600,1.09739,1.09956,1.09647,1.09948,10399
1691424000,1.09949,1.10109,1.0985,1.09999,13912
1691438400,1.09998,1.10093,1.09948,1.1001400000000001,5064
1691452800,1.10013,1.10048,1.09889,1.09912,2662
1691467200,1.09912,1.09918,1.09762,1.09914,7841
1691481600,1.09915,1.10104,1.09731,1.09846,15108
1691496000,1.09846,1.09856,1.09339,1.09425,17788
1691510400,1.09424,1.09569,1.09283,1.09476,16409
1691524800,1.09475,1.09612,1.09472,1.09552,5767
1691539200,1.09546,1.09645,1.09499,1.09572,2609
1691553600,1.09571,1.09699,1.09546,1.0966,6748
1691568000,1.0966,1.0988,1.0966,1.09831,12272
1691582400,1.0983,1.09863,1.0961400000000001,1.09809,11545
1691596800,1.09809,1.09945,1.09708,1.09777,15559
1691611200,1.09776,1.09909,1.09706,1.09729,5805
1691625600,1.09738,1.09781,1.09667,1.09704,2499
1691640000,1.09702,1.09874,1.09668,1.09785,5959
1691654400,1.09785,1.10256,1.09779,1.10179,12793
1691668800,1.10178,1.10646,1.10101,1.10414,18482
1691683200,1.1041,1.1044,1.1007,1.10126,27459
1691697600,1.10126,1.10134,1.0975,1.09785,12926
1691712000,1.09785,1.09885,1.09768,1.09872,2778
1691726400,1.09873,1.09972,1.0983,1.09845,6085
1691740800,1.09846,1.10023,1.09833,1.09987,12853
1691755200,1.09986,1.10042,1.09651,1.09676,16035
1691769600,1.09673,1.0983,1.0945,1.09458,23700
1691784000,1.09457,1.09549,1.09422,1.09471,6187
1691971200,1.09488,1.09512,1.09355,1.09364,3291
1691985600,1.09364,1.09402,1.09285,1.09349,8629
1692000000,1.09351,1.09593,1.09255,1.09454,14322
1692014400,1.09455,1.09523,1.09012,1.09051,13957
1692028800,1.09051,1.09352,1.08741,1.09278,21350
1692043200,1.09277,1.09306,1.09021,1.09051,6033
1692057600,1.09049,1.09088,1.09009,1.09066,3992
1692072000,1.09066,1.09168,1.08996,1.09095,9325
1692086400,1.09094,1.09336,1.09056,1.09272,16599
1692100800,1.09271,1.0944099999999999,1.08963,1.09213,20345
1692115200,1.09213,1.09517,1.09143,1.09171,25482
1692129600,1.09171,1.09204,1.08984,1.09025,6226
1692144000,1.09025,1.0905,1.08985,1.09025,2748
1692158400,1.09024,1.09128,1.08983,1.09126,8596
1692172800,1.09127,1.09338,1.091,1.09274,13864
1692187200,1.09274,1.0931899999999999,1.09016,1.09017,13587
1692201600,1.09018,1.09226,1.08854,1.08861,21240
1692216000,1.08861,1.08996,1.08707,1.08785,11895
1692230400,1.08783,1.08826,1.08656,1.08687,3629
1692244800,1.08688,1.08701,1.08612,1.08678,7173
1692259200,1.08677,1.08859,1.08619,1.08724,14154
1692273600,1.08721,1.09174,1.0863,1.09057,18444
1692288000,1.09057,1.09171,1.08661,1.08772,20912
1692302400,1.08772,1.08777,1.08556,1.08709,10122
1692316800,1.08693,1.08912,1.08643,1.08889,4350
1692331200,1.0889,1.08931,1.08796,1.08817,7791
1692345600,1.08817,1.08865,1.0863,1.08669,13373
1692360000,1.08669,1.08756,1.08442,1.08548,13414
1692374400,1.08548,1.08807,1.08522,1.08723,18970
1692388800,1.08724,1.08806,1.08677,1.08716,6580
1692576000,1.08658,1.08834,1.08656,1.08791,2580
1692590400,1.08791,1.0883,1.08688,1.08804,7284
1692604800,1.08805,1.0889,1.08716,1.08854,12534
1692619200,1.08853,1.0913,1.08849,1.08975,13441
1692633600,1.08977,1.09036,1.08747,1.09009,17549
1692648000,1.09009,1.09026,1.0892,1.08948,5075
1692662400,1.08937,1.09008,1.08896,1.08996,2693
1692676800,1.08997,1.09162,1.08973,1.09086,7334
1692691200,1.09085,1.09296,1.09039,1.0909200000000001,11509
1692705600,1.0909200000000001,1.09116,1.08639,1.08653,13306
1692720000,1.08653,1.08705,1.08322,1.08486,18838
1692734400,1.08484,1.08546,1.08427,1.08465,4650
1692748800,1.08453,1.08527,1.0841,1.08464,2335
1692763200,1.08464,1.086,1.08439,1.08599,7929
1692777600,1.086,1.08707,1.08106,1.08184,17993
1692792000,1.08184,1.08197,1.08016,1.08035,13750
1692806400,1.08035,1.0867499999999999,1.08026,1.08622,22275
1692820800,1.08622,1.08694,1.08551,1.08628,6555
1692835200,1.08632,1.08745,1.0859,1.08691,3984
1692849600,1.0869,1.08703,1.08578,1.0869,6601
1692864000,1.08691,1.08758,1.08513,1.08613,12592
1692878400,1.08612,1.08627,1.08135,1.08202,14650
1692892800,1.08201,1.08479,1.08172,1.0820400000000001,19790
1692907200,1.08205,1.08232,1.08044,1.08103,6338
1692921600,1.08096,1.08146,1.07922,1.07938,3611
1692936000,1.07937,1.07944,1.07761,1.07818,6669
1692950400,1.07817,1.07913,1.07653,1.07858,13388
1692964800,1.07856,1.08165,1.0784,1.08121,11727
1692979200,1.08121,1.0841,1.07648,1.07955,32569
1692993600,1.07957,1.08119,1.07901,1.0793,7480
1693180800,1.07937,1.0804,1.07928,1.08017,3434
1693195200,1.08016,1.08106,1.08007,1.08069,6686
1693209600,1.08069,1.08199,1.07986,1.07999,8867
1693224000,1.07998,1.08214,1.07995,1.08095,11031
1693238400,1.08095,1.08134,1.07982,1.08068,15460
1693252800,1.08068,1.08191,1.08031,1.08179,5519
1693267200,1.08168,1.0830899999999999,1.08124,1.0823,3233
1693281600,1.08231,1.08375,1.08228,1.08235,5598
1693296000,1.08235,1.0829,1.08075,1.08094,11243
1693310400,1.08094,1.08154,1.07854,1.07916,14357
1693324800,1.07914,1.08633,1.07815,1.08621,27428
1693339200,1.08621,1.08911,1.08596,1.08796,8537
1693353600,1.08777,1.08842,1.08664,1.08692,3795
1693368000,1.08691,1.08716,1.08597,1.086,8037
1693382400,1.08599,1.08759,1.08541,1.08666,14510
1693396800,1.08667,1.0925,1.08653,1.09205,18487
1693411200,1.09204,1.09448,1.09124,1.09251,21532
1693425600,1.09252,1.09321,1.09162,1.09224,5976
1693440000,1.09217,1.09333,1.0918,1.09324,2399
1693454400,1.09323,1.09387,1.09177,1.09179,5133
1693468800,1.09178,1.09238,1.08763,1.08768,13431
1693483200,1.08768,1.08842,1.08569,1.08737,18313
1693497600,1.08738,1.08739,1.08343,1.08379,23454
1693512000,1.0838,1.08534,1.08358,1.08416,6635
1693526400,1.08404,1.08444,1.08356,1.08371,3139
1693540800,1.08371,1.08533,1.0836999999999999,1.08459,6678
1693555200,1.08458,1.08589,1.08276,1.08477,12753
1693569600,1.08476,1.08813,1.08318,1.08633,18067
1693584000,1.08633,1.08804,1.07793,1.07831,32103
1693598400,1.07831,1.07885,1.07714,1.07728,4978
1693785600,1.07758,1.07793,1.07706,1.0778,2336
1693800000,1.07779,1.07866,1.07741,1.07862,6115
1693814400,1.07862,1.0806,1.07829,1.0796999999999999,9151
1693828800,1.07971,1.0808200000000001,1.07918,1.07966,7618
1693843200,1.07966,1.08046,1.07825,1.07932,6153
1693857600,1.07933,1.07961,1.0792,1.07958,1780
1693872000,1.07947,1.07972,1.07879,1.07925,1981
1693886400,1.07925,1.07977,1.07796,1.07914,5412
1693900800,1.07915,1.0793,1.07413,1.07475,15714
1693915200,1.07477,1.07563,1.07153,1.07432,15248
1693929600,1.07432,1.07479,1.07054,1.07287,21730
1693944000,1.07289,1.07305,1.07182,1.07214,4643
1693958400,1.07215,1.07275,1.07144,1.07185,3089
1693972800,1.07186,1.07353,1.0712,1.0735,7561
1693987200,1.07351,1.07473,1.07224,1.07333,14870
1694001600,1.07334,1.0748199999999999,1.07239,1.07363,12864
1694016000,1.07362,1.07394,1.07014,1.07201,22610
1694030400,1.07202,1.07287,1.07191,1.07248,4848
1694044800,1.07242,1.07268,1.07184,1.07215,2108
1694059200,1.07215,1.07311,1.07172,1.07185,5317
1694073600,1.07184,1.07248,1.0707,1.07098,12370
1694088000,1.07098,1.07171,1.06854,1.06926,14036
1694102400,1.06925,1.07091,1.06856,1.07027,16499
1694116800,1.0703,1.07087,1.06929,1.06953,4967
1694131200,1.06953,1.07144,1.06937,1.07135,2921
1694145600,1.07135,1.07225,1.07041,1.07127,6051
1694160000,1.07127,1.07273,1.07069,1.07112,11171
1694174400,1.07111,1.07128,1.06925,1.07015,11430
1694188800,1.07016,1.07431,1.06983,1.07037,14546
1694203200,1.07038,1.071,1.06963,1.06997,4712
1694390400,1.07142,1.07203,1.0707,1.07126,3801
1694404800,1.07125,1.07369,1.07095,1.07348,9011
1694419200,1.07347,1.07407,1.07214,1.0728,11392
1694433600,1.07278,1.07336,1.07148,1.07268,9803
1694448000,1.07267,1.07584,1.07213,1.07503,12865
1694462400,1.07503,1.07516,1.07435,1.07481,4728
1694476800,1.07468,1.0752,1.07411,1.07432,2078
1694491200,1.07432,1.07674,1.0737,1.07383,6551
1694505600,1.07383,1.07402,1.07115,1.07137,9909
1694520000,1.07138,1.07252,1.07049,1.07067,9786
1694534400,1.07065,1.07368,1.07042,1.07225,10692
1694548800,1.07224,1.07639,1.07222,1.07592,6112
1694563200,1.07569,1.07633,1.07507,1.07587,2615
1694577600,1.07586,1.07641,1.07439,1.07516,5114
1694592000,1.07516,1.07539,1.07304,1.07344,11242
1694606400,1.07343,1.07608,1.07102,1.0747,18406
1694620800,1.07469,1.07552,1.07263,1.07399,20255
1694635200,1.074,1.07485,1.07272,1.07289,5778
1694649600,1.07285,1.07416,1.07275,1.07394,3564
1694664000,1.07393,1.0748199999999999,1.0731,1.07464,7026
1694678400,1.07464,1.07513,1.07308,1.07332,8909
1694692800,1.07332,1.07461,1.06546,1.06761,21243
1694707200,1.0676,1.06966,1.06434,1.06477,24644
1694721600,1.06478,1.065,1.0631,1.06426,7044
1694736000,1.06423,1.0643,1.06336,1.06415,3044
1694750400,1.06415,1.06529,1.06324,1.06527,6419
1694764800,1.06527,1.06678,1.06481,1.06646,11484
1694779200,1.06649,1.06685,1.06443,1.06496,9670
1694793600,1.06497,1.0687,1.06487,1.06715,18566
1694808000,1.06715,1.06757,1.06564,1.06619,4490
1694995200,1.06596,1.06711,1.06592,1.06708,2125
1695009600,1.06708,1.0673,1.06604,1.0668,4422
1695024000,1.06683,1.0677,1.06547,1.06634,8547
1695038400,1.06633,1.0674,1.06551,1.06561,7986
1695052800,1.06561,1.06979,1.0654,1.06915,11787
1695067200,1.06914,1.06975,1.06772,1.06909,4542
1695081600,1.06887,1.06958,1.06791,1.06877,2261
1695096000,1.06879,1.0688900000000001,1.0678,1.0679400000000001,3864
1695110400,1.06791,1.06946,1.06739,1.0686,8647
1695124800,1.06859,1.07173,1.06807,1.06989,10389
1695139200,1.0699,1.07006,1.0677699999999999,1.06839,11774
1695153600,1.06839,1.06909,1.06754,1.06803,5059
1695168000,1.06796,1.06853,1.0676,1.06841,2044
1695182400,1.06842,1.0688900000000001,1.06775,1.06778,3644
1695196800,1.0677699999999999,1.06962,1.06719,1.06955,9642
1695211200,1.06955,1.07042,1.06914,1.06972,7373
1695225600,1.06973,1.07361,1.06964,1.07344,12638
1695240000,1.07343,1.07346,1.06495,1.06592,23603
1695254400,1.0659,1.06637,1.06287,1.0630600000000001,3645
1695268800,1.06307,1.06407,1.06158,1.06363,7324
1695283200,1.06365,1.0663,1.06319,1.06547,12447
1695297600,1.06548,1.06638,1.06229,1.06414,16389
1695312000,1.06413,1.06727,1.06371,1.0655000000000001,18115
1695326400,1.06551,1.06701,1.06548,1.0661,5674
1695340800,1.06596,1.0663,1.06525,1.06567,3135
1695355200,1.06567,1.06569,1.06403,1.06541,7038
1695369600,1.06539,1.0667200000000001,1.06142,1.06458,15993
1695384000,1.06456,1.06599,1.06333,1.06549,10048
1695398400,1.06549,1.06709,1.06415,1.06548,12275
1695412800,1.06548,1.06606,1.06385,1.06435,4916
1695600000,1.06504,1.06549,1.06417,1.06538,3347
1695614400,1.06539,1.06545,1.06424,1.06482,5149
1695628800,1.06481,1.06526,1.06234,1.0625,10234
1695643200,1.0625,1.0642800000000001,1.06185,1.06214,9738
1695657600,1.06216,1.06236,1.05741,1.05884,15307
1695672000,1.05883,1.0598,1.05842,1.05919,4370
1695686400,1.05919,1.05959,1.0579,1.05836,2952
1695700800,1.05835,1.05922,1.05775,1.0592,4922
1695715200,1.05919,1.05992,1.05687,1.05954,10727
1695729600,1.05953,1.06083,1.05888,1.06051,9891
1695744000,1.06051,1.06055,1.05665,1.05683,14631
1695758400,1.05684,1.05754,1.05612,1.0570599999999999,5371
1695772800,1.05696,1.05732,1.05552,1.05592,2729
1695787200,1.05591,1.05693,1.05566,1.05595,7471
1695801600,1.05594,1.05733,1.05539,1.05591,10491
1695816000,1.0559,1.05628,1.05334,1.05459,13317
1695830400,1.05458,1.05481,1.04996,1.05022,19089
1695844800,1.05021,1.0518,1.04875,1.05035,11056
1695859200,1.05038,1.05147,1.0500099999999999,1.05145,2759
1695873600,1.05144,1.05154,1.04962,1.05034,6625
1695888000,1.05037,1.05235,1.04903,1.05159,13138
1695902400,1.0516,1.05563,1.05145,1.05174,17810
1695916800,1.05174,1.0578,1.05169,1.0557,22760
1695931200,1.05571,1.05665,1.05491,1.05658,7744
1695945600,1.05637,1.05667,1.05573,1.05635,2280
1695960000,1.05634,1.0582,1.05614,1.05793,4754
1695974400,1.05793,1.06157,1.0573,1.06087,13695
1695988800,1.06087,1.06164,1.0587,1.05991,16063
1696003200,1.05991,1.06066,1.05692,1.05768,23086
1696017600,1.05768,1.0579,1.05634,1.05726,8685
1696204800,1.05681,1.05702,1.05568,1.05633,3825
1696219200,1.05633,1.05705,1.0563,1.0568,3139
1696233600,1.05679,1.05912,1.05591,1.05615,11477
1696248000,1.05615,1.05621,1.0524,1.05286,13243
1696262400,1.05286,1.05317,1.04874,1.04886,22116
1696276800,1.04885,1.05045,1.04773,1.04787,7516
1696291200,1.04783,1.0482,1.04631,1.04716,3606
1696305600,1.04716,1.0474,1.0459,1.04625,5426
1696320000,1.04625,1.04927,1.04601,1.04846,11132
1696334400,1.04846,1.04906,1.04613,1.04654,13151
1696348800,1.04654,1.0485,1.04465,1.04615,30950
1696363200,1.04616,1.04788,1.04588,1.04656,8135
1696377600,1.04655,1.04749,1.04625,1.04707,2716
1696392000,1.04707,1.04709,1.04564,1.04693,5931
1696406400,1.04696,1.04881,1.04506,1.04854,13357
1696420800,1.04854,1.05315,1.0484,1.0524499999999999,18624
1696435200,1.05246,1.05252,1.04823,1.05116,23498
1696449600,1.05116,1.05187,1.04971,1.05041,8013
1696464000,1.05036,1.05213,1.05015,1.05195,3065
1696478400,1.05193,1.05281,1.05183,1.05199,6777
1696492800,1.05199,1.05253,1.05009,1.05034,11125
1696507200,1.05035,1.05291,1.04992,1.05141,15444
1696521600,1.0514000000000001,1.05393,1.05072,1.05351,24699
1696536000,1.05352,1.05509,1.05281,1.05498,7536
1696550400,1.05487,1.055,1.05406,1.05409,2292
1696564800,1.05409,1.05467,1.05375,1.05397,4796
1696579200,1.05396,1.05523,1.05305,1.05475,10143
1696593600,1.05475,1.05677,1.04816,1.0495700000000001,19904
1696608000,1.04958,1.05991,1.04876,1.05783,35563
1696622400,1.0578400000000001,1.05987,1.05765,1.0582799999999999,7565
1696809600,1.05506,1.05735,1.05484,1.05729,5918
1696824000,1.05728,1.05733,1.0547,1.05494,5263
1696838400,1.05494,1.05579,1.05187,1.05409,13639
1696852800,1.0541,1.05443,1.05219,1.05325,11182
1696867200,1.05324,1.05569,1.05314,1.05347,16687
1696881600,1.05346,1.05714,1.05344,1.05656,8118
1696896000,1.0564,1.05826,1.05637,1.0572,4415
1696910400,1.0572,1.05799,1.056,1.05608,7737
1696924800,1.05606,1.06089,1.05535,1.06036,17107
1696939200,1.06037,1.06104,1.0571,1.05927,17259
1696953600,1.05925,1.0619,1.05838,1.06164,21064
1696968000,1.06163,1.06177,1.05914,1.06045,10264
1696982400,1.06029,1.06136,1.0601,1.06098,3246
1696996800,1.06098,1.06116,1.06006,1.0602,6196
1697011200,1.06019,1.06273,1.05924,1.06077,15388
1697025600,1.06076,1.0614,1.05792,1.06137,17747
1697040000,1.06138,1.06339,1.05989,1.06065,22250
1697054400,1.06064,1.06194,1.05843,1.06178,9398
1697068800,1.06163,1.06273,1.06147,1.06217,3053
1697083200,1.06217,1.06311,1.06195,1.06302,5022
1697097600,1.06302,1.06389,1.06184,1.06257,10127
1697112000,1.0626,1.06266,1.05708,1.0581,16720
1697126400,1.0581,1.05855,1.05437,1.05477,23446
1697140800,1.05477,1.05484,1.05249,1.05271,10201
1697155200,1.05272,1.05389,1.05261,1.05382,3010
1697169600,1.05383,1.05492,1.05368,1.05491,5640
1697184000,1.05491,1.05578,1.05307,1.05532,13075
1697198400,1.05531,1.05542,1.05129,1.05369,15309
1697212800,1.05369,1.05405,1.04947,1.05082,22895
1697227200,1.05082,1.0515,1.04995,1.05061,9015
1697414400,1.05073,1.05247,1.05042,1.05168,4219
1697428800,1.05169,1.0526200000000001,1.05168,1.05252,5142
1697443200,1.0525,1.05421,1.05223,1.05401,12730
1697457600,1.054,1.05454,1.05248,1.05409,12463
1697472000,1.0541,1.05545,1.05249,1.05466,15817
1697486400,1.05466,1.05619,1.05429,1.05581,5967
1697500800,1.05579,1.05612,1.05522,1.05551,2775
1697515200,1.0555,1.0555,1.05448,1.05466,4975
1697529600,1.05466,1.0554,1.05322,1.0535,10348
1697544000,1.05352,1.05786,1.05352,1.05465,16607
1697558400,1.05465,1.0594,1.05392,1.05788,22695
1697572800,1.05788,1.05803,1.05633,1.05763,7603
1697587200,1.05757,1.05763,1.05597,1.05637,2700
1697601600,1.05637,1.05783,1.05607,1.05749,6318
1697616000,1.05749,1.05934,1.05698,1.05824,11787
1697630400,1.05825,1.0586,1.05484,1.05561,14043
1697644800,1.05562,1.05634,1.05224,1.05362,22269
1697659200,1.05363,1.0553,1.05309,1.05347,10330
1697673600,1.05349,1.05391,1.05319,1.05381,2855
1697688000,1.05382,1.05412,1.05298,1.05328,5890
1697702400,1.05327,1.05474,1.05274,1.0535,11932
1697716800,1.05351,1.05789,1.05343,1.05755,14680
1697731200,1.05754,1.06158,1.05552,1.05958,33431
1697745600,1.05957,1.06059,1.05773,1.05802,17661
1697760000,1.05803,1.05858,1.0573,1.05754,3243
1697774400,1.05753,1.05792,1.05677,1.05748,5284
1697788800,1.05747,1.05945,1.05642,1.05871,11445
1697803200,1.05871,1.05982,1.05645,1.05831,13160
1697817600,1.05831,1.06,1.05715,1.05886,20495
1697832000,1.05887,1.0602800000000001,1.05857,1.05946,8141
1698019200,1.05927,1.05962,1.05833,1.05863,2947
1698033600,1.05864,1.05865,1.05725,1.05755,4760
1698048000,1.05755,1.06098,1.05705,1.0602,10557
1698062400,1.06019,1.06177,1.05898,1.06091,13511
1698076800,1.06091,1.0664,1.05902,1.0664,19694
1698091200,1.06639,1.06772,1.0659,1.06686,8599
1698105600,1.06679,1.06727,1.06634,1.06715,3033
1698120000,1.0671599999999999,1.06865,1.06667,1.06783,7077
1698134400,1.06783,1.06933,1.06434,1.06496,13479
1698148800,1.06495,1.06504,1.06115,1.06151,12909
1698163200,1.06151,1.06237,1.05821,1.05861,22368
1698177600,1.05862,1.05933,1.05834,1.05891,8184
1698192000,1.05885,1.0598,1.05851,1.0592,3278
1698206400,1.05921,1.06055,1.05908,1.06053,5750
1698220800,1.06054,1.0606,1.05777,1.05844,10071
1698235200,1.0584500000000001,1.0584500000000001,1.05651,1.05742,11186
1698249600,1.05742,1.05948,1.05661,1.05737,21265
1698264000,1.05737,1.05758,1.05647,1.05652,7987
1698278400,1.05654,1.05684,1.05571,1.05589,2735
1698292800,1.05589,1.05606,1.05405,1.05447,6088
1698307200,1.05448,1.05517,1.05322,1.05446,11361
1698321600,1.05447,1.05583,1.05209,1.05583,16118
1698336000,1.05582,1.05596,1.05242,1.05278,22223
1698350400,1.05278,1.05638,1.05272,1.05604,9042
1698364800,1.05589,1.05649,1.05538,1.05571,3271
1698379200,1.05571,1.0567,1.05517,1.05664,4423
1698393600,1.05664,1.05691,1.05513,1.05612,8851
1698408000,1.05612,1.05685,1.05347,1.05552,11181
1698422400,1.05552,1.05963,1.05547,1.05823,20811
1698436800,1.05822,1.05823,1.05565,1.05647,9410
1698624000,1.05645,1.0567,1.05544,1.0563,4422
1698638400,1.05629,1.0565,1.05577,1.05608,3047
1698652800,1.05608,1.05854,1.05464,1.05817,10370
1698667200,1.05818,1.06141,1.05716,1.06088,13732
1698681600,1.06089,1.06243,1.05901,1.06106,16449
1698696000,1.06107,1.06208,1.06094,1.06141,3945
1698710400,1.06141,1.06164,1.06027,1.06091,3359
1698724800,1.0609,1.06105,1.05899,1.05978,7095
1698739200,1.05979,1.06739,1.05934,1.06675,13886
1698753600,1.0667200000000001,1.06694,1.06006,1.06031,20069
1698768000,1.06031,1.06151,1.05568,1.05743,22647
1698782400,1.05741,1.0585,1.05703,1.05732,5832
1698796800,1.05743,1.05798,1.05666,1.05682,3703
1698811200,1.05681,1.0573,1.05645,1.05672,4994
1698825600,1.05674,1.05769,1.05447,1.05484,9736
1698840000,1.05485,1.05567,1.05208,1.05304,16886
1698854400,1.05302,1.05702,1.05269,1.05318,18603
1698868800,1.05318,1.05749,1.05151,1.05661,23722
1698883200,1.05672,1.06013,1.05672,1.0597,5459
1698897600,1.0597,1.06013,1.05926,1.05964,4145
1698912000,1.05963,1.06239,1.05904,1.0623,12123
1698926400,1.0623,1.06669,1.06201,1.0647199999999999,19296
1698940800,1.06469,1.0647199999999999,1.06099,1.06276,16665
1698955200,1.06274,1.0631599999999999,1.06149,1.06201,5264
1698969600,1.06198,1.06219,1.06141,1.06215,2739
1698984000,1.06214,1.06308,1.06206,1.06291,3198
1698998400,1.06294,1.06477,1.0619,1.06475,8865
1699012800,1.06474,1.07236,1.06401,1.0715,23093
1699027200,1.07158,1.07459,1.06929,1.07359,23602
1699041600,1.07359,1.07391,1.07217,1.07265,4412
1699228800,1.07232,1.07326,1.07217,1.07276,3977
1699243200,1.07277,1.07382,1.07259,1.0735,3673
1699257600,1.07349,1.07555,1.07309,1.07464,10678
1699272000,1.07465,1.0755,1.07344,1.07367,9886
1699286400,1.07369,1.07486,1.0725500000000001,1.07348,12197
1699300800,1.07347,1.07362,1.07159,1.07164,5764
1699315200,1.07159,1.07216,1.07071,1.07096,3034
1699329600,1.07096,1.0713300000000001,1.07044,1.07096,4805
1699344000,1.07097,1.07109,1.0682,1.0683,10505
1699358400,1.0683,1.06969,1.06648,1.06754,13270
1699372800,1.06755,1.0692,1.06634,1.06765,16056
1699387200,1.06764,1.0704,1.06752,1.06988,7700
1699401600,1.06988,1.06993,1.06858,1.06911,2861
1699416000,1.06911,1.06985,1.06845,1.06854,5124
1699430400,1.06854,1.06873,1.06595,1.06645,9620
1699444800,1.0664,1.0677,1.06586,1.06685,9906
1699459200,1.06686,1.07152,1.06682,1.07071,16628
1699473600,1.07071,1.07134,1.06992,1.0709,7471
1699488000,1.07081,1.0714,1.07017,1.07113,2810
1699502400,1.07112,1.07149,1.07014,1.07018,3402
1699516800,1.07018,1.07091,1.06929,1.0697,9069
1699531200,1.06971,1.07081,1.06798,1.07066,11279
1699545600,1.07068,1.07247,1.06989,1.07039,16746
1699560000,1.07039,1.07048,1.06593,1.06674,20050
1699574400,1.06669,1.06744,1.06623,1.06712,3312
1699588800,1.06712,1.06736,1.06652,1.06684,3471
1699603200,1.06684,1.06792,1.06554,1.06766,10273
1699617600,1.06765,1.0692,1.06686,1.0688,10885
1699632000,1.06881,1.0688900000000001,1.06619,1.06785,16790
1699646400,1.06786,1.06868,1.06722,1.06833,6198
1699833600,1.06825,1.069,1.06795,1.0686,2729
1699848000,1.0686,1.06883,1.06809,1.06851,3067
1699862400,1.06849,1.07006,1.0683,1.0688900000000001,7948
1699876800,1.0688900000000001,1.06989,1.06644,1.06718,9666
1699891200,1.0672,1.07054,1.0667200000000001,1.06951,14364
1699905600,1.0695000000000001,1.07051,1.06893,1.06984,4980
1699920000,1.06971,1.07016,1.06939,1.0698,2294
1699934400,1.06979,1.07014,1.06921,1.06949,2722
1699948800,1.06949,1.07169,1.06935,1.07152,8492
1699963200,1.07153,1.07993,1.07059,1.07887,17179
1699977600,1.07886,1.08729,1.0787,1.08723,27263
1699992000,1.08722,1.08867,1.08671,1.08784,6414
1700006400,1.08777,1.08821,1.0865,1.08713,3655
1700020800,1.08713,1.0883,1.087,1.0872,4257
1700035200,1.0872,1.0878700000000001,1.0843099999999999,1.08513,12879
1700049600,1.08513,1.08842,1.08393,1.08582,14615
1700064000,1.08582,1.0868,1.08308,1.08533,19649
1700078400,1.08533,1.08538,1.08405,1.08456,5998
1700092800,1.08458,1.0855,1.08413,1.08432,3723
1700107200,1.08432,1.08432,1.08296,1.08372,4586
1700121600,1.08372,1.086,1.08332,1.08504,9262
1700136000,1.08503,1.08807,1.08384,1.08804,12800
1700150400,1.08802,1.08946,1.08452,1.08592,19748
1700164800,1.08592,1.08649,1.08442,1.08529,5508
1700179200,1.08512,1.08562,1.0845,1.08522,3605
1700193600,1.08522,1.08564,1.08472,1.08525,3805
1700208000,1.08525,1.08576,1.08241,1.08524,11985
1700222400,1.08522,1.08764,1.08508,1.08704,14634
1700236800,1.08704,1.08926,1.08578,1.08895,17757
1700251200,1.08896,1.0913,1.08877,1.09122,5422
1700438400,1.09098,1.09099,1.08968,1.0907499999999999,4643
1700452800,1.09076,1.0935,1.09074,1.09181,7342
1700467200,1.09183,1.09394,1.09124,1.09359,12477
1700481600,1.09358,1.09358,1.092,1.09257,10210
1700496000,1.0925799999999999,1.09506,1.09181,1.09369,13142
1700510400,1.09368,1.09512,1.09359,1.09399,7033
1700524800,1.09392,1.09566,1.09363,1.09516,4541
1700539200,1.09509,1.09644,1.09475,1.0955300000000001,5681
1700553600,1.0955300000000001,1.09632,1.09419,1.0943,11181
1700568000,1.0943,1.09605,1.09383,1.09444,11078
1700582400,1.09443,1.09585,1.0918,1.09202,17533
1700596800,1.09201,1.09208,1.08989,1.09117,8396
1700611200,1.09107,1.09221,1.09065,1.09127,4020
1700625600,1.09128,1.09196,1.09043,1.09066,4195
1700640000,1.09066,1.0919,1.08819,1.09018,11625
1700654400,1.09019,1.09169,1.08906,1.0895299999999999,14545
1700668800,1.08954,1.08977,1.08516,1.08779,20659
1700683200,1.08779,1.08886,1.08769,1.08879,5637
1700697600,1.08875,1.08952,1.08821,1.08942,2982
1700712000,1.08943,1.09109,1.08939,1.09098,3261
1700726400,1.09099,1.09293,1.08949,1.09222,12349
1700740800,1.09224,1.09234,1.08961,1.09009,7426
1700755200,1.09009,1.09098,1.08864,1.09051,6529
1700769600,1.0905,1.09066,1.0902,1.09061,1217
1700784000,1.09029,1.09096,1.08992,1.09013,2816
1700798400,1.09013,1.09113,1.08944,1.09111,3195
1700812800,1.0911,1.09202,1.09008,1.09021,7989
1700827200,1.09022,1.09274,1.09011,1.09212,8245
1700841600,1.09213,1.09446,1.09165,1.09397,11917
1700856000,1.09398,1.09475,1.09343,1.09352,3685
1701043200,1.09425,1.09489,1.0925,1.09461,4202
1701057600,1.09461,1.09497,1.09373,1.09487,4957
1701072000,1.09486,1.09584,1.09378,1.09478,9258
1701086400,1.09477,1.09557,1.09428,1.0943,10765
1701100800,1.0943100000000001,1.0944099999999999,1.09244,1.09337,16756
1701115200,1.09336,1.09566,1.09316,1.09543,5519
1701129600,1.09539,1.0961,1.09445,1.0957,3523
1701144000,1.0957,1.09621,1.0949200000000001,1.09504,3238
1701158400,1.09503,1.09542,1.09336,1.09531,9503
1701172800,1.0953,1.09731,1.09447,1.09714,11313
1701187200,1.09716,1.10081,1.09635,1.09861,26883
1701201600,1.09863,1.09943,1.09725,1.09943,9294
1701216000,1.09934,1.10163,1.09901,1.10053,5967
1701230400,1.10053,1.10078,1.0996,1.10013,4936
1701244800,1.10013,1.10038,1.09711,1.09738,13746
1701259200,1.09737,1.0994,1.09683,1.0971899999999999,16654
1701273600,1.0972,1.0990199999999999,1.09595,1.09753,20709
1701288000,1.09752,1.0994,1.09696,1.09696,6504
1701302400,1.09695,1.09833,1.09668,1.09689,3717
1701316800,1.09689,1.09771,1.09643,1.09715,4301
1701331200,1.09715,1.09811,1.09193,1.09243,14718
1701345600,1.09242,1.09486,1.09083,1.09151,16436
1701360000,1.09152,1.09217,1.08874,1.08894,28935
1701374400,1.08893,1.08992,1.08785,1.08887,7242
1701388800,1.08872,1.09094,1.08824,1.09061,5270
1701403200,1.09061,1.09121,1.08976,1.09101,4722
1701417600,1.09102,1.09112,1.08853,1.08971,12842
1701432000,1.08971,1.0903,1.08656,1.08669,12982
1701446400,1.08668,1.0884800000000001,1.08279,1.08808,30852
1701460800,1.08809,1.0892,1.08694,1.08803,9402
1701648000,1.08778,1.0894,1.08658,1.08724,7958
1701662400,1.08725,1.08852,1.08676,1.08686,5792
1701676800,1.08686,1.088,1.0849199999999999,1.08739,13656
1701691200,1.08739,1.08782,1.08526,1.08539,12660
1701705600,1.08538,1.08544,1.08033,1.08249,23064
1701720000,1.08249,1.08361,1.08144,1.08351,5917
1701734400,1.08333,1.08453,1.08291,1.08384,3861
1701748800,1.08385,1.08468,1.08341,1.08466,4550
1701763200,1.08466,1.08467,1.08035,1.08312,13984
1701777600,1.0831,1.08389,1.08117,1.08278,13050
1701792000,1.08277,1.08381,1.07813,1.07911,27049
1701806400,1.07912,1.0798,1.07774,1.07974,7421
1701820800,1.07958,1.07977,1.07873,1.07911,3771
1701835200,1.07912,1.0801,1.07873,1.08003,4683
1701849600,1.08003,1.08003,1.07743,1.07903,12352
1701864000,1.07904,1.07989,1.07718,1.07973,14050
1701878400,1.07972,1.08037,1.078,1.07807,17292
1701892800,1.07806,1.07835,1.07579,1.07628,5538
1701907200,1.07629,1.07714,1.07622,1.0766499999999999,3536
1701921600,1.07664,1.07702,1.07563,1.07608,4815
1701936000,1.07609,1.07837,1.07545,1.07792,14480
1701950400,1.07791,1.07972,1.07586,1.07895,17283
1701964800,1.07895,1.08167,1.07663,1.0813,23891
1701979200,1.08129,1.08129,1.0789900000000001,1.07951,7255
1701993600,1.07944,1.08,1.07845,1.07874,6785
1702008000,1.07873,1.07949,1.07816,1.07832,6270
1702022400,1.07831,1.07905,1.07717,1.07761,12817
1702036800,1.0776,1.0789,1.07228,1.07461,19444
1702051200,1.07462,1.0785,1.07297,1.07552,26809
1702065600,1.07553,1.07656,1.07522,1.07617,5753
1702252800,1.07573,1.07732,1.07562,1.07667,4982
1702267200,1.07668,1.07675,1.07601,1.07672,3267
1702281600,1.07673,1.07701,1.07506,1.07661,10401
1702296000,1.07662,1.07782,1.07517,1.07629,10914
1702310400,1.0763,1.07631,1.07409,1.07434,14381
1702324800,1.07434,1.07689,1.07419,1.07634,5623
1702339200,1.07625,1.07688,1.07561,1.07642,3231
1702353600,1.0764,1.07701,1.07605,1.07682,3351
1702368000,1.07683,1.07969,1.07678,1.07929,9930
1702382400,1.07928,1.0826500000000001,1.07729,1.07758,16880
1702396800,1.07757,1.07994,1.07664,1.07874,19401
1702411200,1.07874,1.07984,1.07861,1.07943,6825
1702425600,1.07937,1.0799,1.07896,1.07927,2704
1702440000,1.07928,1.07933,1.07834,1.07892,3070
1702454400,1.07893,1.07921,1.07796,1.07867,10273
1702468800,1.07866,1.08027,1.07724,1.07998,12092
1702483200,1.07998,1.08087,1.0782,1.07834,14900
1702497600,1.07834,1.0896,1.07794,1.08742,31254
1702512000,1.08738,1.08974,1.0871,1.08956,6555
1702526400,1.08957,1.09145,1.08923,1.08931,8615
1702540800,1.08932,1.09123,1.08792,1.09033,20427
1702555200,1.09032,1.09506,1.08974,1.0943100000000001,26051
1702569600,1.09427,1.10084,1.09354,1.10042,31690
1702584000,1.10042,1.10052,1.09788,1.09908,9701
1702598400,1.09909,1.09957,1.09762,1.09839,4298
1702612800,1.09838,1.10029,1.09831,1.09837,5931
1702627200,1.09836,1.09985,1.09455,1.0959699999999999,15916
1702641600,1.09596,1.09687,1.09032,1.09157,17675
1702656000,1.09158,1.09276,1.09008,1.09096,24351
1702670400,1.09095,1.091,1.08877,1.08943,10279
1702857600,1.0895,1.09005,1.08915,1.08966,3346
1702872000,1.08967,1.09152,1.08967,1.09148,5514
1702886400,1.09147,1.09292,1.0911,1.0919,12758
1702900800,1.09189,1.09285,1.09064,1.09206,13770
1702915200,1.09206,1.09304,1.09102,1.09268,15574
1702929600,1.09269,1.09272,1.09124,1.09228,5629
1702944000,1.09206,1.09252,1.09125,1.09181,4534
1702958400,1.0918,1.09284,1.09142,1.09271,7047
1702972800,1.0927,1.09487,1.09223,1.09407,14022
1702987200,1.09408,1.09731,1.09297,1.09613,12704
1703001600,1.09613,1.09867,1.09585,1.09742,17475
1703016000,1.09742,1.09794,1.09687,1.09794,6077
1703030400,1.09794,1.09821,1.09672,1.0969,3335
1703044800,1.0969,1.09721,1.09637,1.09641,3631
1703059200,1.09642,1.09706,1.09501,1.09636,12759
1703073600,1.09636,1.09644,1.09333,1.09599,11939
1703088000,1.09599,1.0975,1.09489,1.09572,16411
1703102400,1.09572,1.09629,1.09293,1.09414,10911
1703116800,1.09408,1.09527,1.09354,1.09517,3664
1703131200,1.09516,1.09551,1.09445,1.09538,4118
1703145600,1.09538,1.09542,1.09345,1.0943100000000001,10414
1703160000,1.0943100000000001,1.10015,1.09393,1.09903,16040
1703174400,1.09903,1.10005,1.09746,1.09854,24566
1703188800,1.09855,1.10115,1.09779,1.10111,9475
1703203200,1.10106,1.10116,1.09851,1.09972,4055
1703217600,1.09973,1.10041,1.09948,1.09961,5352
1703232000,1.0996,1.10127,1.09925,1.10035,11519
1703246400,1.10035,1.10373,1.10011,1.10281,17290
1703260800,1.10281,1.10394,1.09995,1.10152,21179
1703275200,1.10152,1.10185,1.10015,1.10108,7956
1703577600,1.10217,1.10259,1.1009,1.1013600000000001,2865
1703592000,1.10135,1.10237,1.1008,1.10171,6581
1703606400,1.10171,1.10369,1.1013,1.10343,10049
1703620800,1.10344,1.10444,1.10333,1.1041,5150
1703635200,1.10407,1.10433,1.10314,1.10353,2965
1703649600,1.10354,1.10433,1.10278,1.10427,3772
1703664000,1.10428,1.10541,1.10358,1.10538,9138
1703678400,1.10537,1.10731,1.10478,1.10696,9580
1703692800,1.10696,1.11219,1.10682,1.11046,17310
1703707200,1.11045,1.11132,1.1098,1.1106,8648
1703721600,1.11049,1.11213,1.1097299999999999,1.11211,3413
1703736000,1.1121,1.11218,1.11078,1.11084,4662
1703750400,1.1108500000000001,1.11387,1.11036,1.11287,11110
1703764800,1.11286,1.11316,1.10717,1.10722,12706
1703779200,1.10724,1.11126,1.10653,1.10731,19385
1703793600,1.10731,1.10732,1.10545,1.10615,7881
1703808000,1.10612,1.10836,1.10602,1.10783,3912
1703822400,1.10782,1.10787,1.10601,1.10655,3978
1703836800,1.10655,1.10767,1.10437,1.10484,10515
1703851200,1.10484,1.10799,1.10459,1.1048,12310
1703865600,1.1048,1.10778,1.10419,1.10634,21015
1703880000,1.10634,1.10634,1.10333,1.10384,8807
1704182400,1.10174,1.10381,1.10101,1.10143,8436
1704196800,1.10142,1.10163,1.09488,1.0952,17851
1704211200,1.09521,1.0967500000000001,1.09401,1.09498,22349
1704225600,1.09497,1.09552,1.09377,1.09406,6564
1704240000,1.0941,1.0954,1.09385,1.09506,3559
1704254400,1.09506,1.0962,1.09479,1.09505,4339
1704268800,1.09505,1.09648,1.09338,1.09355,12237
1704283200,1.09354,1.09383,1.09096,1.09208,15014
1704297600,1.09207,1.0937999999999999,1.08973,1.0906,26892
1704312000,1.09059,1.0925,1.08923,1.0919,16991
1704326400,1.09193,1.09268,1.0912,1.09171,2886
1704340800,1.09171,1.09299,1.0915300000000001,1.0925799999999999,4020
1704355200,1.09259,1.09684,1.09204,1.09668,15377
1704369600,1.09669,1.09715,1.09317,1.09464,14520
1704384000,1.09464,1.09645,1.09375,1.09498,20131
1704398400,1.09497,1.09536,1.09424,1.09471,7110
1704412800,1.09462,1.09552,1.0942,1.09508,4595
1704427200,1.09509,1.09535,1.09335,1.09366,3820
1704441600,1.09367,1.09367,1.09021,1.09117,11554
1704456000,1.09119,1.09272,1.08762,1.09204,19948
1704470400,1.09204,1.09976,1.09204,1.09456,38323
1704484800,1.09454,1.0959,1.09346,1.09403,9916
1704672000,1.09398,1.09523,1.09342,1.09472,3179
1704686400,1.0947,1.09471,1.09301,1.09367,4340
1704700800,1.09367,1.09516,1.09215,1.09364,12941
1704715200,1.09364,1.09555,1.09335,1.0950199999999999,14870
1704729600,1.09501,1.0977999999999999,1.09486,1.0964,18012
1704744000,1.09639,1.0965,1.09481,1.09501,6998
1704758400,1.09496,1.09611,1.09482,1.09609,4259
1704772800,1.0961,1.09656,1.09473,1.0949,4775
1704787200,1.09489,1.09622,1.09373,1.09434,12543
1704801600,1.09433,1.09473,1.09281,1.09453,14956
1704816000,1.09452,1.09504,1.09098,1.09334,19972
1704830400,1.09333,1.09393,1.0919,1.09299,9162
1704844800,1.09291,1.09357,1.09239,1.09315,3501
1704859200,1.09315,1.09352,1.09272,1.09317,4216
1704873600,1.09316,1.09512,1.09221,1.09464,12639
1704888000,1.09465,1.09546,1.09397,1.09399,10385
1704902400,1.09397,1.09684,1.09314,1.09664,14499
1704916800,1.09665,1.09721,1.09587,1.09713,8363
1704931200,1.09703,1.09795,1.09678,1.0977999999999999,3854
1704945600,1.09781,1.0984,1.0975,1.09776,4346
1704960000,1.09778,1.09878,1.09581,1.0963,9769
1704974400,1.0963,1.09979,1.09348,1.09388,22122
1704988800,1.09387,1.09731,1.09294,1.09501,36779
1705003200,1.0950199999999999,1.09822,1.09491,1.09722,14280
1705017600,1.09714,1.0984099999999999,1.09678,1.09821,4394
1705032000,1.0982,1.09845,1.09725,1.09748,5011
1705046400,1.09748,1.09821,1.09601,1.09619,11993
1705060800,1.09618,1.09688,1.09349,1.09546,18900
1705075200,1.09545,1.0986,1.09463,1.09488,25785
1705089600,1.09487,1.09626,1.09475,1.0949200000000001,8625
1705276800,1.09463,1.09555,1.09402,1.09543,5465
1705291200,1.09541,1.09669,1.09541,1.09634,4033
1705305600,1.09633,1.09659,1.09423,1.09459,11325
1705320000,1.09459,1.09582,1.09327,1.09497,12287
1705334400,1.09499,1.09518,1.09374,1.09474,9863
1705348800,1.09474,1.09528,1.09469,1.09499,1602
1705363200,1.09493,1.09504,1.09147,1.09268,6344
1705377600,1.09269,1.09269,1.09119,1.09146,5942
1705392000,1.09147,1.09259,1.08832,1.08856,18573
1705406400,1.08854,1.08972,1.08706,1.08734,18407
1705420800,1.08733,1.08939,1.0861399999999999,1.08622,31508
1705435200,1.08623,1.08766,1.08622,1.08748,8354
1705449600,1.08741,1.08815,1.08689,1.08767,4509
1705464000,1.08768,1.08837,1.086,1.08642,6048
1705478400,1.08641,1.08808,1.08547,1.0876,16739
1705492800,1.08757,1.0883099999999999,1.08507,1.08632,18894
1705507200,1.08632,1.08701,1.08439,1.08662,23433
1705521600,1.08663,1.08819,1.08556,1.08808,9683
1705536000,1.08803,1.09001,1.0877,1.08955,5573
1705550400,1.08954,1.09023,1.08899,1.0894,5724
1705564800,1.0894,1.0906,1.08759,1.08838,12281
1705579200,1.08838,1.0895299999999999,1.08495,1.08518,16927
1705593600,1.08518,1.08693,1.08458,1.08589,24722
1705608000,1.08588,1.08766,1.08535,1.08747,10603
1705622400,1.08741,1.08866,1.08633,1.0884800000000001,4664
1705636800,1.0884800000000001,1.08889,1.0879,1.08803,4752
1705651200,1.08804,1.08856,1.0867499999999999,1.08821,11687
1705665600,1.0882,1.08923,1.08724,1.08798,11778
1705680000,1.08797,1.08926,1.08649,1.08889,21613
1705694400,1.08889,1.08969,1.08851,1.08965,8246
1705881600,1.08901,1.09043,1.08843,1.09013,5905
1705896000,1.09012,1.09085,1.08977,1.09008,4442
1705910400,1.09008,1.09086,1.08864,1.08964,11936
1705924800,1.08963,1.08989,1.08791,1.0891,11902
1705939200,1.0891,1.08992,1.08812,1.08957,13218
1705953600,1.08956,1.08956,1.08795,1.08813,6993
1705968000,1.08815,1.08878,1.08753,1.08877,3774
1705982400,1.08876,1.09071,1.08842,1.09062,6807
1705996800,1.09063,1.09154,1.08829,1.08867,13079
1706011200,1.08867,1.08877,1.08594,1.08732,13368
1706025600,1.08733,1.08733,1.08209,1.08307,19799
1706040000,1.08307,1.0855299999999999,1.08297,1.08525,7609
1706054400,1.08508,1.08591,1.08422,1.08574,3780
1706068800,1.08573,1.08652,1.08526,1.08612,4680
1706083200,1.0861399999999999,1.0907,1.08597,1.09022,15614
1706097600,1.09021,1.09263,1.08867,1.09242,15118
1706112000,1.09242,1.09316,1.08899,1.09047,26449
1706126400,1.09047,1.09054,1.08771,1.08839,10875
1706140800,1.08834,1.08857,1.08696,1.08769,3975
1706155200,1.08768,1.08812,1.08737,1.08775,4059
1706169600,1.08777,1.08989,1.08749,1.08952,11678
1706184000,1.08951,1.09009,1.08661,1.08786,19916
1706198400,1.08785,1.08785,1.08232,1.08367,30756
1706212800,1.08368,1.08473,1.08209,1.08466,10839
1706227200,1.08458,1.08469,1.08366,1.08438,3617
1706241600,1.08439,1.08481,1.08374,1.08417,3549
1706256000,1.08418,1.08497,1.08121,1.08435,14440
1706270400,1.08436,1.08849,1.08434,1.08713,17574
1706284800,1.08713,1.08795,1.08544,1.0863,20354
1706299200,1.08629,1.08651,1.08516,1.0853,6496
1706486400,1.08425,1.08483,1.08406,1.08432,5170
1706500800,1.08432,1.08469,1.0838700000000001,1.08392,4555
1706515200,1.08392,1.08493,1.08224,1.08243,10965
1706529600,1.08243,1.08361,1.08131,1.08196,12031
1706544000,1.08196,1.08219,1.07951,1.0811,14355
1706558400,1.08109,1.08399,1.08086,1.08337,8717
1706572800,1.08332,1.08414,1.08285,1.08342,3729
1706587200,1.08343,1.08353,1.08212,1.08217,4074
1706601600,1.08218,1.08314,1.08111,1.08263,13390
1706616000,1.08263,1.0849199999999999,1.08223,1.08337,12726
1706630400,1.08338,1.08565,1.08272,1.08382,22209
1706644800,1.08382,1.08479,1.08308,1.08449,7118
1706659200,1.08436,1.08475,1.08306,1.08306,5138
1706673600,1.08306,1.08306,1.08149,1.08197,6820
1706688000,1.08196,1.0836,1.08054,1.08216,14294
1706702400,1.08215,1.08621,1.08206,1.08569,16416
1706716800,1.08569,1.08867,1.08411,1.08489,30487
1706731200,1.08488,1.08635,1.07942,1.08174,41285
1706745600,1.0817,1.08194,1.08011,1.0808200000000001,6315
1706760000,1.08081,1.08211,1.0802,1.0802100000000001,6763
1706774400,1.0802,1.08042,1.07791,1.07975,15467
1706788800,1.07974,1.08267,1.07905,1.08132,18095
1706803200,1.08131,1.0874,1.08024,1.0872,31335
1706817600,1.08721,1.0874,1.08622,1.08709,11628
1706832000,1.08707,1.08789,1.08635,1.08708,3346
1706846400,1.0871,1.08819,1.08707,1.08771,4041
1706860800,1.08769,1.08968,1.08729,1.089,10581
1706875200,1.08901,1.08942,1.0803,1.0806499999999999,18167
1706889600,1.08064,1.08162,1.07801,1.07827,30164
1706904000,1.07828,1.07966,1.07797,1.07881,9388
1707091200,1.07816,1.07841,1.07666,1.07779,7402
1707105600,1.07776,1.07816,1.07729,1.07815,5483
1707120000,1.07815,1.07855,1.07514,1.07533,12335
1707134400,1.07532,1.07581,1.07354,1.07369,12687
1707148800,1.0737,1.07444,1.07227,1.07388,24122
1707163200,1.07387,1.07461,1.07363,1.07407,9735
1707177600,1.07405,1.07467,1.07366,1.07448,4219
1707192000,1.07449,1.07537,1.07428,1.0753,9835
1707206400,1.07528,1.07619,1.07249,1.07286,16544
1707220800,1.07286,1.07433,1.0722,1.0729899999999999,16454
1707235200,1.07298,1.07547,1.07285,1.07506,23721
1707249600,1.07507,1.07567,1.0743,1.0754299999999999,11602
1707264000,1.07537,1.07644,1.07492,1.07629,6089
1707278400,1.0763,1.07659,1.07562,1.07622,7384
1707292800,1.07622,1.07729,1.07562,1.07688,14207
1707307200,1.07687,1.07834,1.07618,1.07697,17396
1707321600,1.07697,1.07793,1.07552,1.07643,25695
1707336000,1.07642,1.07749,1.0764,1.07729,9980
1707350400,1.07721,1.07792,1.07671,1.07781,4630
1707364800,1.07782,1.07878,1.07779,1.07821,6289
1707379200,1.07821,1.07884,1.07679,1.07823,14782
1707393600,1.07824,1.07849,1.0741,1.07434,16189
1707408000,1.07434,1.0776,1.07429,1.07729,19855
1707422400,1.07729,1.07823,1.07721,1.0777700000000001,9542
1707436800,1.0777,1.07781,1.0771600000000001,1.07737,4680
1707451200,1.07737,1.07778,1.0769,1.07705,5232
1707465600,1.07706,1.07841,1.07656,1.07667,14534
1707480000,1.07666,1.07942,1.07616,1.07826,20979
1707494400,1.07823,1.07947,1.07735,1.0785,21055
1707508800,1.07851,1.07903,1.07792,1.07842,5803
1707696000,1.07801,1.07991,1.07778,1.07951,3693
1707710400,1.07951,1.07973,1.07889,1.0791,3077
1707724800,1.07911,1.0805,1.07662,1.07685,14101
1707739200,1.07686,1.07781,1.07606,1.07633,13202
1707753600,1.07633,1.07818,1.07554,1.07818,16093
1707768000,1.07817,1.07855,1.07674,1.07717,8423
1707782400,1.07714,1.07743,1.07652,1.07663,3290
1707796800,1.07663,1.07674,1.076,1.07663,4164
1707811200,1.07663,1.0777,1.0756000000000001,1.07661,13938
1707825600,1.07661,1.07956,1.07025,1.07079,23557
1707840000,1.07079,1.07264,1.07001,1.07146,28963
1707854400,1.07146,1.07196,1.07001,1.07089,11810
1707868800,1.07086,1.07137,1.07028,1.07111,5755
1707883200,1.07112,1.07145,1.07077,1.07134,6988
1707897600,1.07135,1.07182,1.06944,1.06995,15911
1707912000,1.06996,1.07161,1.06959,1.07081,14821
1707926400,1.0708,1.07339,1.07061,1.07302,21177
1707940800,1.07303,1.07333,1.0725,1.07274,8853
1707955200,1.07267,1.07348,1.07243,1.07278,3796
1707969600,1.07277,1.07317,1.07241,1.07286,4380
1707984000,1.07285,1.07409,1.07266,1.07326,13777
1707998400,1.07325,1.07723,1.07303,1.07659,18362
1708012800,1.07658,1.07842,1.07547,1.07619,24306
1708027200,1.07618,1.0773,1.07599,1.07728,10755
1708041600,1.0772,1.0776,1.07606,1.07643,4079
1708056000,1.07643,1.07645,1.07566,1.07597,6053
1708070400,1.07596,1.07712,1.0758,1.0765500000000001,13261
1708084800,1.0765500000000001,1.07795,1.07315,1.07458,17049
1708099200,1.07459,1.07774,1.07405,1.07773,24238
1708113600,1.07772,1.07869,1.07724,1.07755,8858
1708300800,1.0775,1.07883,1.07646,1.07799,4789
1708315200,1.07798,1.07827,1.07744,1.07812,5494
1708329600,1.07813,1.07888,1.07719,1.07744,10731
1708344000,1.07745,1.07812,1.07669,1.07696,11811
1708358400,1.07697,1.07758,1.07614,1.07756,9673
1708372800,1.07756,1.07832,1.07755,1.07791,1717
1708387200,1.07785,1.07789,1.07644,1.07654,6793
1708401600,1.0765500000000001,1.07704,1.07609,1.07674,10286
1708416000,1.07674,1.07984,1.07667,1.07972,14973
1708430400,1.07971,1.08243,1.0793,1.08227,19404
1708444800,1.08228,1.08382,1.08086,1.08113,20612
1708459200,1.08113,1.08124,1.08038,1.08077,9689
1708473600,1.08068,1.08122,1.0805,1.08115,5420
1708488000,1.08114,1.08186,1.08114,1.08146,7549
1708502400,1.08145,1.08147,1.07894,1.07993,12154
1708516800,1.07993,1.08109,1.07937,1.08095,14982
1708531200,1.08096,1.08194,1.08003,1.08071,19967
1708545600,1.0807,1.08238,1.07994,1.08169,16062
1708560000,1.0817,1.08312,1.08141,1.08261,4769
1708574400,1.0826,1.08373,1.08185,1.0833,5365
1708588800,1.08331,1.08869,1.08327,1.08524,20672
1708603200,1.08523,1.08583,1.08207,1.08226,20467
1708617600,1.08225,1.08241,1.08022,1.08196,24650
1708632000,1.08197,1.08256,1.0814,1.0823,10259
1708646400,1.08222,1.08315,1.08142,1.0826500000000001,7229
1708660800,1.08264,1.083,1.08208,1.08222,9593
1708675200,1.08223,1.08319,1.08135,1.08168,13289
1708689600,1.08169,1.0839,1.08167,1.08314,18005
1708704000,1.08311,1.08364,1.08113,1.08242,23475
1708718400,1.08242,1.08291,1.08172,1.08203,8537
1708905600,1.08262,1.08262,1.08123,1.08159,5741
1708920000,1.0816,1.08235,1.08137,1.08226,6944
1708934400,1.08226,1.08399,1.08214,1.08394,13691
1708948800,1.08395,1.08591,1.0838,1.08574,12045
1708963200,1.08576,1.08582,1.08381,1.08448,16874
1708977600,1.08449,1.08521,1.08391,1.08505,8844
1708992000,1.08493,1.08506,1.0845,1.08495,5428
1709006400,1.08495,1.08548,1.08478,1.08514,9492
1709020800,1.08515,1.08654,1.08465,1.08525,12459
1709035200,1.08525,1.08627,1.08413,1.08475,15491
1709049600,1.08474,1.08573,1.08325,1.08503,21501
1709064000,1.08504,1.08561,1.08403,1.08442,10703
1709078400,1.08437,1.0845,1.08373,1.0839,5099
1709092800,1.08389,1.08396,1.08249,1.08261,6192
1709107200,1.08261,1.08288,1.07961,1.07994,18400
1709121600,1.07993,1.08304,1.07989,1.08272,19950
1709136000,1.08271,1.08454,1.08208,1.08378,18351
1709150400,1.08378,1.08399,1.08319,1.08372,6667
1709164800,1.08359,1.08397,1.08275,1.08285,7676
1709179200,1.08285,1.08372,1.08282,1.08351,13026
1709193600,1.0835,1.08515,1.08254,1.08501,19515
1709208000,1.08501,1.08538,1.08215,1.08372,22578
1709222400,1.08372,1.0855299999999999,1.07953,1.07992,31270
1709236800,1.07992,1.08107,1.07979,1.08042,13271
1709251200,1.08029,1.08207,1.07996,1.08207,4490
1709265600,1.08207,1.08213,1.08106,1.08117,4488
1709280000,1.08116,1.08193,1.08076,1.08151,18131
1709294400,1.08149,1.08242,1.07979,1.08122,19902
1709308800,1.08123,1.08412,1.07975,1.08371,24606
1709323200,1.08371,1.08426,1.0831,1.08388,8114
1709510400,1.08364,1.08472,1.08357,1.08395,5296
1709524800,1.08396,1.08462,1.0838,1.08438,5012
1709539200,1.08437,1.08574,1.08366,1.08486,13069
1709553600,1.08486,1.0857,1.08393,1.08481,14357
1709568000,1.0848200000000001,1.08662,1.08445,1.08574,18889
1709582400,1.08573,1.08601,1.08545,1.08555,9121
1709596800,1.0855,1.08572,1.08469,1.08489,4255
1709611200,1.0849,1.08542,1.08479,1.08523,5289
1709625600,1.08524,1.08552,1.08411,1.08509,14483
1709640000,1.08505,1.08544,1.08416,1.08457,16461
1709654400,1.08458,1.08757,1.08398,1.08593,24321
1709668800,1.08594,1.08594,1.08484,1.08559,10119
1709683200,1.08552,1.0858,1.08406,1.08433,6603
1709697600,1.08433,1.08564,1.0843099999999999,1.08546,7899
1709712000,1.08546,1.08772,1.08542,1.08755,12966
1709726400,1.08756,1.08843,1.0867,1.0884,15130
1709740800,1.08839,1.09146,1.08808,1.09018,27283
1709755200,1.09018,1.09072,1.08924,1.08975,14780
1709769600,1.08965,1.09066,1.08937,1.08974,5895
1709784000,1.08973,1.09051,1.08931,1.08999,7092
1709798400,1.08998,1.09037,1.08871,1.0901,15674
1709812800,1.0901,1.09013,1.08673,1.08718,21515
1709827200,1.08717,1.09415,1.08687,1.09366,26565
1709841600,1.09365,1.09488,1.09359,1.09483,8008
1709856000,1.09472,1.0955,1.09413,1.09474,4367
1709870400,1.09474,1.0950199999999999,1.09437,1.09459,5441
1709884800,1.09459,1.09505,1.09256,1.09348,16942
1709899200,1.09348,1.09806,1.09171,1.09578,24164
1709913600,1.09578,1.0966,1.09363,1.09388,30199
1709928000,1.09389,1.09433,1.0933,1.09393,9996
1710115200,1.0939,1.09459,1.09349,1.09399,6497
1710129600,1.09399,1.09439,1.09364,1.09408,8234
1710144000,1.09408,1.09475,1.09334,1.09341,13592
1710158400,1.09341,1.09429,1.09172,1.09191,13802
1710172800,1.09191,1.09297,1.0914,1.09247,18439
1710187200,1.0924800000000001,1.09269,1.09178,1.09255,8222
1710201600,1.09252,1.09338,1.09239,1.09332,4824
1710216000,1.09331,1.09386,1.09297,1.09378,5622
1710230400,1.09377,1.09388,1.09208,1.09298,13513
1710244800,1.09297,1.09433,1.09008,1.09102,29075
1710259200,1.09104,1.09202,1.09059,1.09188,18535
1710273600,1.09188,1.09272,1.09179,1.09253,5437
1710288000,1.09257,1.09289,1.09229,1.09234,5719
1710302400,1.09235,1.09301,1.09217,1.09282,5951
1710316800,1.0928,1.09322,1.09196,1.09229,12411
1710331200,1.09228,1.09468,1.09217,1.09367,13903
1710345600,1.09367,1.09633,1.09308,1.09565,16488
1710360000,1.09565,1.09579,1.09451,1.09477,6739
1710374400,1.09476,1.0954,1.0944099999999999,1.09483,3285
1710388800,1.09483,1.0949200000000001,1.09385,1.09392,5585
1710403200,1.09391,1.09438,1.09313,1.09409,13438
1710417600,1.09408,1.09449,1.09082,1.09113,21500
1710432000,1.09114,1.09135,1.08806,1.08859,21481
1710446400,1.0886,1.08913,1.08802,1.08837,6968
1710460800,1.08846,1.0885,1.0875,1.08766,4958
1710475200,1.08767,1.08776,1.08721,1.08764,8006
1710489600,1.08765,1.0899,1.0875,1.08976,14695
1710504000,1.08975,1.08992,1.08827,1.08858,16046
1710518400,1.08855,1.08938,1.08809,1.08832,16128
1710532800,1.08833,1.08907,1.0883099999999999,1.08838,4003
1710720000,1.08883,1.08904,1.08798,1.08887,3504
1710734400,1.08886,1.08914,1.08847,1.08866,4069
1710748800,1.08866,1.09,1.08861,1.08989,12566
1710763200,1.08989,1.09056,1.08851,1.08886,13965
1710777600,1.08886,1.08927,1.08655,1.0868,13787
1710792000,1.08681,1.08738,1.08667,1.08719,4150
1710806400,1.0872,1.08739,1.08662,1.08676,5892
1710820800,1.08677,1.08761,1.08621,1.08637,12373
1710835200,1.08636,1.08679,1.08335,1.08362,16506
1710849600,1.08361,1.08564,1.08361,1.08536,19928
1710864000,1.08537,1.08671,1.08527,1.08629,16410
1710878400,1.0863,1.08667,1.0860400000000001,1.08647,6498
1710892800,1.08646,1.08657,1.08577,1.08637,3207
1710907200,1.08636,1.08705,1.08622,1.08652,3699
1710921600,1.08652,1.08716,1.08359,1.08385,13219
1710936000,1.08384,1.0845,1.0836,1.0844,14773
1710950400,1.08441,1.08664,1.08428,1.08631,10802
1710964800,1.0863,1.09226,1.08622,1.09196,30279
1710979200,1.0919699999999999,1.09383,1.0919699999999999,1.09347,8711
1710993600,1.09348,1.09367,1.09311,1.09312,6061
1711008000,1.09312,1.0942,1.08861,1.09124,19009
1711022400,1.09125,1.09229,1.08835,1.08853,20824
1711036800,1.08847,1.08855,1.08551,1.08572,26512
1711051200,1.08573,1.08626,1.08549,1.0860400000000001,4548
1711065600,1.08602,1.08672,1.08487,1.08499,5136
1711080000,1.08499,1.08519,1.08306,1.0841,7591
1711094400,1.0841,1.0841,1.08069,1.08157,19847
1711108800,1.08158,1.08306,1.0811,1.08289,18173
1711123200,1.0829,1.0831,1.08043,1.08054,11403
1711137600,1.08053,1.08093,1.08004,1.08057,3675
1711324800,1.08066,1.08191,1.0801,1.08165,6460
1711339200,1.08165,1.08217,1.08102,1.08216,8793
1711353600,1.08216,1.08232,1.08057,1.0817,13286
1711368000,1.0817,1.08372,1.08157,1.08346,14611
1711382400,1.08346,1.0842,1.08306,1.08358,12779
1711396800,1.08358,1.08404,1.08293,1.08357,5894
1711411200,1.0836,1.0845,1.08354,1.084,4636
1711425600,1.08401,1.08477,1.08353,1.08466,5453
1711440000,1.08465,1.0855,1.08381,1.08532,14916
1711454400,1.08531,1.08638,1.08457,1.08524,19299
1711468800,1.08519,1.0854300000000001,1.08238,1.083,17158
1711483200,1.083,1.08344,1.08278,1.08315,5123
1711497600,1.08316,1.08323,1.08191,1.08228,6142
1711512000,1.08228,1.08297,1.08228,1.08257,5700
1711526400,1.08257,1.08385,1.08207,1.08272,16189
1711540800,1.08271,1.08347,1.08097,1.08163,16806
1711555200,1.08163,1.08252,1.08129,1.08188,17656
1711569600,1.0818699999999999,1.08285,1.0818,1.08257,6417
1711584000,1.08256,1.08256,1.08074,1.08172,5889
1711598400,1.08173,1.08261,1.0817,1.08233,5704
1711612800,1.08232,1.08235,1.07745,1.07748,17120
1711627200,1.07748,1.08168,1.07745,1.08118,19891
1711641600,1.08127,1.08179,1.07923,1.07957,19609
1711656000,1.07956,1.0798,1.07841,1.07874,7595
1711670400,1.07874,1.07925,1.07755,1.07756,4694
1711684800,1.07757,1.07788,1.07724,1.07746,4158
1711699200,1.07745,1.07808,1.07668,1.07807,4786
1711713600,1.07808,1.08044,1.0778699999999999,1.07976,8451
1711728000,1.07977,1.07983,1.07858,1.0787,7161
1711742400,1.07867,1.07934,1.07867,1.0787,2566
1711929600,1.07894,1.07982,1.07844,1.0791,6193
1711944000,1.0790899999999999,1.07941,1.0783,1.07862,9273
1711958400,1.07863,1.07916,1.07821,1.07893,6357
1711972800,1.07892,1.07903,1.07766,1.07812,9457
1711987200,1.07811,1.07826,1.07304,1.0735999999999999,21873
1712001600,1.07359,1.07435,1.07359,1.0742099999999999,7707
1712016000,1.07408,1.07429,1.07305,1.07366,4742
1712030400,1.07366,1.07375,1.07286,1.07327,4739
1712044800,1.07326,1.07423,1.07239,1.07308,16758
1712059200,1.07307,1.07555,1.07305,1.07485,15400
1712073600,1.07485,1.07784,1.07475,1.07677,17922
1712088000,1.07677,1.07683,1.0759,1.07678,5103
1712102400,1.07678,1.07725,1.07654,1.07682,3340
1712116800,1.07682,1.07788,1.07653,1.07742,6201
1712131200,1.07741,1.07769,1.07634,1.0771,8231
1712145600,1.07709,1.07858,1.07645,1.07775,13214
1712160000,1.07776,1.08357,1.07771,1.083,28838
1712174400,1.08299,1.08364,1.0825,1.0836,10682
1712188800,1.08348,1.08429,1.08318,1.08426,3215
1712203200,1.08425,1.08442,1.08377,1.08421,3934
1712217600,1.08421,1.08621,1.08377,1.0861399999999999,11676
1712232000,1.08613,1.08698,1.08502,1.08691,11033
1712246400,1.08692,1.0876,1.08574,1.08583,11751
1712260800,1.08582,1.0861399999999999,1.08314,1.08373,12773
1712275200,1.08372,1.08435,1.08344,1.0841,6452
1712289600,1.08409,1.08425,1.08225,1.08258,7608
1712304000,1.08259,1.08458,1.0822,1.08371,9497
1712318400,1.08371,1.08473,1.07995,1.08087,16704
1712332800,1.08088,1.08438,1.07908,1.08349,23903
1712347200,1.08352,1.08384,1.08302,1.08367,7263
1712534400,1.08362,1.08368,1.08226,1.0826500000000001,4023
1712548800,1.08264,1.08427,1.08262,1.08316,6153
1712563200,1.08317,1.08372,1.08217,1.0823,12628
1712577600,1.08229,1.0835,1.0820400000000001,1.08337,10096
1712592000,1.08336,1.08584,1.08336,1.08495,14570
1712606400,1.08495,1.08616,1.08489,1.08585,5496
1712620800,1.08578,1.08629,1.08527,1.08581,3393
1712635200,1.08582,1.08617,1.08527,1.0856,5061
1712649600,1.08561,1.08622,1.0848200000000001,1.0857,7148
1712664000,1.0857,1.08834,1.0856,1.08801,10316
1712678400,1.08801,1.08846,1.08517,1.0854,18091
1712692800,1.08539,1.08585,1.08469,1.08568,6175
1712707200,1.08563,1.0859,1.08528,1.08566,3373
1712721600,1.08566,1.08584,1.085,1.0852,5019
1712736000,1.0852,1.08601,1.08473,1.08599,8535
1712750400,1.086,1.08659,1.07778,1.07802,17561
1712764800,1.07802,1.07806,1.0728,1.07355,26892
1712779200,1.07355,1.07537,1.07282,1.07412,16529
1712793600,1.0741,1.07454,1.07374,1.0742,4450
1712808000,1.07419,1.07483,1.07405,1.07456,6411
1712822400,1.07457,1.07492,1.07254,1.074,14231
1712836800,1.07399,1.07463,1.07122,1.07409,20819
1712851200,1.0741,1.07559,1.06988,1.07172,26232
1712865600,1.0717,1.0734,1.07148,1.07254,10216
1712880000,1.07249,1.07284,1.07219,1.07254,2609
1712894400,1.0725500000000001,1.07277,1.07103,1.07107,5012
1712908800,1.07106,1.07135,1.06702,1.06706,16234
1712923200,1.06707,1.06743,1.06304,1.0637699999999999,18397
1712937600,1.0637699999999999,1.06503,1.06218,1.06412,23600
1712952000,1.06413,1.06499,1.06366,1.06409,8640
1713139200,1.06311,1.06508,1.06301,1.0645,7868
1713153600,1.0645,1.06543,1.06382,1.06519,7890
1713168000,1.0652,1.06642,1.06494,1.06558,14414
1713182400,1.06557,1.06647,1.06304,1.06465,15617
1713196800,1.06466,1.06601,1.06211,1.06356,23632
1713211200,1.06355,1.0639,1.06192,1.0622,12293
1713225600,1.06219,1.06276,1.06169,1.06179,3117
1713240000,1.06179,1.06188,1.06055,1.06134,7689
1713254400,1.06135,1.06241,1.06016,1.06157,16649
1713268800,1.06158,1.06531,1.06158,1.06384,16535
1713283200,1.06384,1.06443,1.06177,1.06245,27796
1713297600,1.06246,1.06344,1.06007,1.06178,20776
1713312000,1.06177,1.06245,1.0612,1.06217,4574
1713326400,1.06216,1.06351,1.06198,1.06243,7735
1713340800,1.06243,1.06482,1.06056,1.064,17579
1713355200,1.064,1.06487,1.06301,1.06343,14254
1713369600,1.06342,1.06557,1.06295,1.06493,22818
1713384000,1.06494,1.0679,1.06473,1.06729,12448
1713398400,1.06724,1.06741,1.06637,1.06693,2785
1713412800,1.06694,1.06798,1.06638,1.0677699999999999,6241
1713427200,1.06778,1.06895,1.06743,1.0678,12018
1713441600,1.06779,1.06807,1.06593,1.06623,13812
1713456000,1.06624,1.06679,1.06457,1.06527,20117
1713470400,1.06527,1.06543,1.06411,1.06411,8499
1713484800,1.0641,1.06441,1.06352,1.06382,3581
1713499200,1.06382,1.06427,1.06096,1.06343,24562
1713513600,1.06342,1.06587,1.06266,1.0645,19069
1713528000,1.06452,1.06732,1.06425,1.06649,16147
1713542400,1.06649,1.06769,1.06393,1.06528,21915
1713556800,1.06528,1.0658,1.06457,1.06567,10669
1713744000,1.06532,1.06644,1.06458,1.0653,5348
1713758400,1.06529,1.067,1.06524,1.06649,7319
1713772800,1.0665,1.06687,1.06468,1.06565,13911
1713787200,1.06564,1.06614,1.06303,1.06393,13756
1713801600,1.06392,1.06503,1.0623,1.06482,14210
1713816000,1.06481,1.06603,1.06476,1.06539,5643
1713830400,1.06535,1.06588,1.06501,1.06581,2668
1713844800,1.06581,1.06601,1.06529,1.06546,6475
1713859200,1.06546,1.06945,1.06379,1.06702,16545
1713873600,1.06701,1.06774,1.06527,1.0671599999999999,14336
1713888000,1.06715,1.07108,1.0659399999999999,1.06995,23794
1713902400,1.06994,1.0707200000000001,1.06988,1.0702099999999999,7148
1713916800,1.07016,1.07101,1.06989,1.0709,3111
1713931200,1.0709,1.07137,1.07038,1.07047,6210
1713945600,1.07046,1.07052,1.06803,1.06827,10933
1713960000,1.06828,1.06926,1.06771,1.06863,12348
1713974400,1.06862,1.07019,1.06805,1.069,16567
1713988800,1.0689899999999999,1.07061,1.06865,1.06982,7720
1714003200,1.06971,1.07041,1.06933,1.07028,2898
1714017600,1.07028,1.07093,1.06963,1.07085,4826
1714032000,1.07086,1.07281,1.07071,1.07253,11095
1714046400,1.07252,1.07385,1.06849,1.06913,15865
1714060800,1.06915,1.07346,1.06779,1.07306,26758
1714075200,1.07307,1.07378,1.07225,1.07297,8944
1714089600,1.0729,1.07295,1.07222,1.07267,2662
1714104000,1.07268,1.07287,1.07177,1.07219,5385
1714118400,1.07218,1.07523,1.07209,1.07403,17061
1714132800,1.07405,1.07428,1.07092,1.07158,17905
1714147200,1.07159,1.07232,1.06728,1.0694,22826
1714161600,1.06941,1.07066,1.0689899999999999,1.06937,5672
1714348800,1.06903,1.07105,1.06887,1.07094,3863
1714363200,1.07093,1.0733,1.0707,1.07286,14331
1714377600,1.07285,1.07332,1.07008,1.07041,26932
1714392000,1.0704,1.07266,1.06968,1.0703,17199
1714406400,1.0703,1.07285,1.06887,1.07254,16972
1714420800,1.0725500000000001,1.07291,1.07142,1.07196,9638
1714435200,1.07195,1.07217,1.07097,1.07144,3939
1714449600,1.07145,1.07174,1.07018,1.07052,5259
1714464000,1.07052,1.07116,1.0689,1.07101,12785
1714478400,1.07101,1.07348,1.06891,1.06999,20109
1714492800,1.07001,1.07192,1.06753,1.06784,30014
1714507200,1.06785,1.06825,1.06649,1.06664,9777
1714521600,1.0666,1.0671599999999999,1.06566,1.0661,3448
1714536000,1.0661100000000001,1.06627,1.06544,1.06552,3640
1714550400,1.06552,1.06699,1.0648900000000001,1.06688,9070
1714564800,1.06689,1.06843,1.06658,1.0683799999999999,11978
1714579200,1.06837,1.06905,1.06702,1.0671,17604
1714593600,1.0671,1.07323,1.06698,1.07168,36474
1714608000,1.07151,1.0719400000000001,1.07066,1.07112,5824
1714622400,1.0711,1.07202,1.07064,1.07172,6738
1714636800,1.07173,1.07276,1.06994,1.07037,20190
1714651200,1.07038,1.07117,1.06928,1.07005,16561
1714665600,1.07006,1.07209,1.0673300000000001,1.07161,27165
1714680000,1.07161,1.07296,1.07128,1.07253,9744
1714694400,1.07249,1.07311,1.0722,1.07308,3310
1714708800,1.07308,1.07389,1.07301,1.07317,5085
1714723200,1.07317,1.07436,1.07241,1.0742,12955
1714737600,1.07419,1.08109,1.07381,1.07931,20548
1714752000,1.07932,1.0796999999999999,1.07509,1.07629,38671
1714766400,1.07629,1.07689,1.07586,1.07628,6651
1714953600,1.07608,1.07685,1.07547,1.07671,4510
1714968000,1.07671,1.0771,1.07617,1.07624,6185
1714982400,1.07623,1.07756,1.07571,1.07679,10921
1714996800,1.07679,1.07902,1.07656,1.07869,11535
1715011200,1.07868,1.07884,1.07706,1.07738,11032
1715025600,1.07737,1.0776,1.07657,1.07693,4898
1715040000,1.07681,1.07757,1.07651,1.07745,3914
1715054400,1.07744,1.07763,1.07601,1.07651,6810
1715068800,1.07652,1.07691,1.07535,1.07631,12552
1715083200,1.07631,1.07786,1.07548,1.0775,11836
1715097600,1.0775,1.07868,1.07656,1.07698,15263
1715112000,1.07698,1.07701,1.07473,1.0754299999999999,7310
1715126400,1.07537,1.07549,1.07464,1.07475,3714
1715140800,1.07476,1.07485,1.07375,1.07408,5796
1715155200,1.07407,1.07486,1.07342,1.07436,11222
1715169600,1.07437,1.07534,1.07382,1.07484,11476
1715184000,1.07485,1.07568,1.07436,1.07453,12361
1715198400,1.07452,1.07465,1.07404,1.07463,5441
1715212800,1.07456,1.07497,1.07418,1.07427,3235
1715227200,1.07427,1.0751,1.07418,1.07448,5604
1715241600,1.07449,1.07459,1.07254,1.07275,8441
1715256000,1.07276,1.07616,1.07234,1.07588,17113
1715270400,1.07589,1.07812,1.0749900000000001,1.07753,16423
1715284800,1.07752,1.0784,1.07732,1.07818,6171
1715299200,1.07811,1.07851,1.0776,1.07786,2175
1715313600,1.07786,1.07822,1.0772599999999999,1.07734,4440
1715328000,1.07734,1.07861,1.0771,1.07801,11363
1715342400,1.07802,1.07856,1.07658,1.07696,10367
1715356800,1.07695,1.07896,1.07598,1.07755,18133
1715371200,1.07756,1.07768,1.07676,1.07692,4271
1715558400,1.07697,1.07745,1.07652,1.07687,3598
1715572800,1.07688,1.0772599999999999,1.07649,1.0769,5586
1715587200,1.0769,1.0784,1.07682,1.07832,9319
1715601600,1.07832,1.07991,1.07768,1.07976,10863
1715616000,1.07976,1.08062,1.07888,1.07929,12876
1715630400,1.07928,1.07936,1.07862,1.07894,5041
1715644800,1.07866,1.07929,1.0784799999999999,1.0787,2659
1715659200,1.07869,1.0789,1.0783800000000001,1.07849,4030
1715673600,1.0785,1.0789,1.07741,1.07832,9296
1715688000,1.07831,1.08102,1.07664,1.08025,16696
1715702400,1.08025,1.08251,1.08003,1.08162,16861
1715716800,1.08163,1.08225,1.08149,1.0819,5602
1715731200,1.08185,1.08185,1.08125,1.08165,2375
1715745600,1.08164,1.08272,1.08159,1.08208,4506
1715760000,1.08208,1.0834,1.08207,1.08293,9314
1715774400,1.08293,1.0869,1.08213,1.08606,20393
1715788800,1.08607,1.0874,1.08311,1.08715,23443
1715803200,1.08715,1.08855,1.08705,1.08834,6669
1715817600,1.08832,1.08945,1.08769,1.0893,4140
1715832000,1.08931,1.08934,1.08808,1.08841,6788
1715846400,1.08842,1.08845,1.08657,1.08727,10869
1715860800,1.08727,1.08743,1.08598,1.08628,13664
1715875200,1.08628,1.08752,1.08536,1.08728,15222
1715889600,1.08728,1.08749,1.08643,1.08666,4647
1715904000,1.08656,1.08683,1.08593,1.08624,2516
1715918400,1.08623,1.08632,1.08538,1.08556,4606
1715932800,1.08556,1.08677,1.08409,1.08438,9888
1715947200,1.08437,1.08461,1.08352,1.08423,9700
1715961600,1.08423,1.0878,1.08421,1.0868,14924
1715976000,1.08681,1.08762,1.08676,1.08696,4547
1716163200,1.0866500000000001,1.08766,1.08621,1.08745,3040
1716177600,1.08744,1.08818,1.0871,1.08802,5099
1716192000,1.08803,1.08839,1.08684,1.0874,9851
1716206400,1.0874,1.08745,1.08537,1.0857,10793
1716220800,1.08569,1.08693,1.08561,1.08652,11672
1716235200,1.08651,1.08701,1.08563,1.08569,5112
1716249600,1.08565,1.0861399999999999,1.08538,1.08608,2324
1716264000,1.08607,1.08609,1.08503,1.08583,5631
1716278400,1.08584,1.0869,1.0856,1.0866,10340
1716292800,1.08661,1.08742,1.08542,1.08565,11011
1716307200,1.08565,1.08611,1.08412,1.08534,19280
1716321600,1.08535,1.08559,1.08459,1.08534,5492
1716336000,1.08533,1.08593,1.08518,1.08569,2299
1716350400,1.08569,1.08629,1.08522,1.08528,5673
1716364800,1.08529,1.08629,1.08457,1.0848200000000001,11442
1716379200,1.08481,1.08494,1.08209,1.08314,13499
1716393600,1.08315,1.08436,1.08305,1.08419,14779
1716408000,1.08418,1.08465,1.08167,1.08215,10574
1716422400,1.08213,1.08282,1.08209,1.08252,3346
1716436800,1.08251,1.08318,1.08213,1.08261,6071
1716451200,1.08261,1.08443,1.08119,1.0838,13376
1716465600,1.08381,1.08538,1.0832,1.08521,12841
1716480000,1.08522,1.08605,1.08174,1.08177,23224
1716494400,1.08177,1.08196,1.08035,1.08138,11410
1716508800,1.08131,1.0814300000000001,1.08069,1.08096,3584
1716523200,1.08096,1.08133,1.0805,1.08086,5318
1716537600,1.08085,1.08278,1.08063,1.08241,9607
1716552000,1.0824,1.08533,1.0823,1.08508,11790
1716566400,1.08508,1.08573,1.08413,1.08465,14244
1716580800,1.08465,1.08528,1.08454,1.08456,6100
1716768000,1.08437,1.08504,1.08409,1.0848,2420
1716782400,1.0848,1.08515,1.08467,1.0848,3598
1716796800,1.0848,1.08528,1.08435,1.08488,7195
1716811200,1.08488,1.08668,1.084,1.08485,11093
1716825600,1.08485,1.0861399999999999,1.08438,1.08593,8154
1716840000,1.08593,1.08601,1.08558,1.08587,1188
1716854400,1.08568,1.08677,1.08509,1.08645,4276
1716868800,1.08644,1.08796,1.08637,1.08755,6871
1716883200,1.08757,1.08795,1.08659,1.08695,9671
1716897600,1.08696,1.08885,1.08662,1.08761,11743
1716912000,1.0876,1.08796,1.08572,1.08742,16398
1716926400,1.08742,1.08751,1.08545,1.08559,10294
1716940800,1.08558,1.08587,1.08471,1.08507,3698
1716955200,1.08506,1.08564,1.08434,1.0847,7780
1716969600,1.0847,1.08583,1.08286,1.08366,12890
1716984000,1.08366,1.0858,1.08349,1.08455,15058
1716998400,1.08456,1.08463,1.08067,1.08151,20121
1717012800,1.0815,1.08156,1.07988,1.08003,9777
1717027200,1.08004,1.08034,1.07948,1.07958,4059
1717041600,1.07959,1.08039,1.0790899999999999,1.07954,7731
1717056000,1.07955,1.08175,1.07877,1.08144,12741
1717070400,1.08144,1.08323,1.08073,1.08285,13643
1717084800,1.08286,1.08445,1.08242,1.08394,16304
1717099200,1.08394,1.08427,1.08263,1.08317,7109
1717113600,1.08305,1.08337,1.0828,1.08316,4265
1717128000,1.08316,1.0833,1.08097,1.08177,9096
1717142400,1.08177,1.0838,1.08141,1.08335,12498
1717156800,1.08333,1.08818,1.08317,1.08795,15594
1717171200,1.08786,1.08799,1.08392,1.08468,21819
1717185600,1.08468,1.08521,1.084,1.08489,6531
1717372800,1.08451,1.08569,1.08441,1.08558,2719
1717387200,1.08559,1.08582,1.08487,1.08514,5784
1717401600,1.08513,1.08581,1.08328,1.08395,12544
1717416000,1.08396,1.08493,1.0827,1.08438,13505
1717430400,1.08439,1.089,1.08439,1.08847,17276
1717444800,1.08846,1.09024,1.08808,1.0902,7052
1717459200,1.09017,1.09155,1.08984,1.09122,3675
1717473600,1.09122,1.09133,1.09046,1.09087,4025
1717488000,1.09087,1.09103,1.08735,1.08803,14943
1717502400,1.08803,1.08816,1.08585,1.08641,18317
1717516800,1.0864,1.0883,1.08616,1.08797,19447
1717531200,1.08796,1.0887,1.08776,1.08781,9546
1717545600,1.08784,1.08856,1.08767,1.08838,3388
1717560000,1.08837,1.08855,1.0876,1.088,6392
1717574400,1.08801,1.08817,1.0869,1.08752,10430
1717588800,1.08751,1.08837,1.08593,1.08833,12455
1717603200,1.08833,1.0891,1.08538,1.08638,21235
1717617600,1.08639,1.08767,1.08601,1.08687,6887
1717632000,1.08686,1.08818,1.0867499999999999,1.08814,2713
1717646400,1.08813,1.08952,1.08805,1.08867,6429
1717660800,1.08866,1.08876,1.08704,1.08767,8833
1717675200,1.08767,1.09009,1.0861399999999999,1.08811,13759
1717689600,1.08811,1.08907,1.08713,1.08813,19198
1717704000,1.08812,1.08938,1.08803,1.08891,7792
1717718400,1.08889,1.08923,1.08862,1.08889,3354
1717732800,1.08889,1.08974,1.08867,1.08948,7507
1717747200,1.08948,1.08978,1.08824,1.08884,14106
1717761600,1.08884,1.09013,1.08234,1.0832600000000001,20595
1717776000,1.08325,1.08352,1.08026,1.08047,22323
1717790400,1.08045,1.08067,1.07986,1.08014,8641
1717977600,1.07649,1.07811,1.07619,1.07774,5186
1717992000,1.07775,1.07795,1.07474,1.07537,5719
1718006400,1.07538,1.07675,1.07471,1.07561,15968
1718020800,1.07561,1.07599,1.07319,1.07407,12994
1718035200,1.07407,1.07583,1.07323,1.07536,16138
1718049600,1.07535,1.0765,1.0749900000000001,1.07644,6904
1718064000,1.07638,1.07673,1.07573,1.07631,4072
1718078400,1.07632,1.077,1.07617,1.07679,6773
1718092800,1.07678,1.0773,1.0742099999999999,1.07448,12433
1718107200,1.07448,1.07558,1.07232,1.07319,17980
1718121600,1.07318,1.07383,1.07179,1.07368,16323
1718136000,1.07369,1.07489,1.07357,1.07396,8183
1718150400,1.0737,1.07418,1.07343,1.07355,2030
1718164800,1.07356,1.07426,1.07341,1.07362,6199
1718179200,1.07361,1.07534,1.07345,1.07461,10007
1718193600,1.0746,1.08296,1.07436,1.08261,15538
1718208000,1.08261,1.08518,1.08171,1.08437,22873
1718222400,1.08436,1.08454,1.08031,1.0809,26688
1718236800,1.08081,1.08151,1.08044,1.08123,3236
1718251200,1.08123,1.08153,1.08026,1.08034,6091
1718265600,1.08033,1.08159,1.07999,1.08056,11058
1718280000,1.08057,1.08148,1.07798,1.07928,18654
1718294400,1.07932,1.08072,1.07323,1.07347,21943
1718308800,1.07346,1.07434,1.07339,1.07383,8531
1718323200,1.07374,1.07404,1.07345,1.07359,3528
1718337600,1.07359,1.07443,1.07346,1.07358,6408
1718352000,1.07359,1.07367,1.06891,1.06913,16804
1718366400,1.06913,1.07053,1.06711,1.06888,25234
1718380800,1.06887,1.07014,1.06666,1.06999,25174
1718395200,1.06999,1.0707,1.06935,1.07052,8514
1718582400,1.07016,1.07084,1.0695999999999999,1.07034,4155
1718596800,1.07034,1.07049,1.06984,1.07036,5347
1718611200,1.07035,1.07118,1.06859,1.07065,16806
1718625600,1.07066,1.07171,1.07013,1.07131,14514
1718640000,1.07132,1.07272,1.0711,1.07246,13034
1718654400,1.07245,1.07373,1.07227,1.07335,5830
1718668800,1.07329,1.07403,1.07289,1.07355,2798
1718683200,1.07354,1.07363,1.07197,1.0721,5717
1718697600,1.07209,1.07347,1.0714,1.07189,14101
1718712000,1.0719,1.07335,1.07095,1.07306,15547
1718726400,1.07306,1.07607,1.07294,1.07388,19448
1718740800,1.07388,1.07428,1.0731600000000001,1.07387,8619
1718755200,1.07384,1.07405,1.0735,1.07369,1945
1718769600,1.07368,1.07419,1.07347,1.07353,3012
1718784000,1.07353,1.07413,1.07237,1.07399,12690
1718798400,1.07398,1.07528,1.07319,1.07453,13740
1718812800,1.07454,1.07502,1.07398,1.07465,6530
1718827200,1.07464,1.07467,1.07416,1.07437,1204
1718841600,1.0743,1.07479,1.07411,1.07458,1740
1718856000,1.07456,1.07476,1.07383,1.0742099999999999,3594
1718870400,1.0742099999999999,1.0743,1.07121,1.07163,10553
1718884800,1.07163,1.07315,1.07124,1.07186,15349
1718899200,1.07187,1.07303,1.07028,1.07066,16485
1718913600,1.07067,1.07172,1.07015,1.07018,9143
1718928000,1.07017,1.07071,1.07006,1.0706,2767
1718942400,1.07061,1.0718,1.07045,1.07179,4426
1718956800,1.07179,1.072,1.06705,1.06903,13581
1718971200,1.06904,1.06976,1.0676,1.06942,14163
1718985600,1.06941,1.06972,1.06765,1.06917,16078
1719000000,1.06917,1.06962,1.06901,1.06923,5779
1719187200,1.0687,1.06947,1.06837,1.06913,4508
1719201600,1.06912,1.06941,1.06833,1.06939,10048
1719216000,1.0694,1.07173,1.0694,1.07129,10904
1719230400,1.07128,1.07352,1.07126,1.0734,15669
1719244800,1.0734,1.07458,1.07219,1.07272,18472
1719259200,1.07271,1.0737700000000001,1.07214,1.07344,7730
1719273600,1.07334,1.07352,1.07301,1.07335,3688
1719288000,1.07336,1.07394,1.07317,1.0739,6193
1719302400,1.0739,1.07437,1.07204,1.07337,15384
1719316800,1.07337,1.07347,1.0701,1.07044,14905
1719331200,1.07046,1.07125,1.06901,1.07041,17998
1719345600,1.0704,1.0717,1.07039,1.07128,7738
1719360000,1.07118,1.07144,1.07057,1.07108,2163
1719374400,1.07108,1.07173,1.07065,1.071,7676
1719388800,1.07099,1.07107,1.06847,1.06941,15649
1719403200,1.06941,1.06991,1.06766,1.06766,17152
1719417600,1.06765,1.06945,1.06654,1.06816,20271
1719432000,1.06815,1.06902,1.06745,1.06788,7779
1719446400,1.06785,1.06813,1.06766,1.06778,6160
1719460800,1.0677699999999999,1.06942,1.06772,1.06937,7699
1719475200,1.06938,1.06984,1.06791,1.06874,16024
1719489600,1.06875,1.07216,1.06867,1.07189,17497
1719504000,1.07189,1.07259,1.06988,1.07061,19400
1719518400,1.07061,1.07078,1.07006,1.07028,9223
1719532800,1.07025,1.07103,1.06969,1.06972,3391
1719547200,1.06971,1.06985,1.06848,1.06861,8858
1719561600,1.06861,1.07033,1.06847,1.06972,13184
1719576000,1.06972,1.07181,1.06913,1.07043,17475
1719590400,1.07042,1.07216,1.0692,1.07154,27724
1719604800,1.07154,1.07242,1.07055,1.07125,8566
1719792000,1.0742,1.07492,1.07296,1.07452,4973
1719806400,1.07451,1.07609,1.07423,1.07542,8053
1719820800,1.0754,1.07758,1.0749,1.07678,13872
1719835200,1.07678,1.07681,1.07385,1.07476,14367
1719849600,1.07478,1.07686,1.0719,1.0731,21281
1719864000,1.0731,1.0742,1.07233,1.07393,9042
1719878400,1.07385,1.07402,1.07326,1.07341,2977
1719892800,1.07342,1.07359,1.07274,1.07291,4923
1719907200,1.0729,1.07352,1.07111,1.07201,13228
1719921600,1.07199,1.0733,1.07092,1.07312,15307
1719936000,1.07311,1.07463,1.07231,1.07315,21106
1719950400,1.0731600000000001,1.07467,1.07311,1.07452,6060
1719964800,1.07443,1.07537,1.0742099999999999,1.07474,2821
1719979200,1.07474,1.07474,1.07398,1.07418,4530
1719993600,1.07418,1.07631,1.07358,1.07575,11078
1720008000,1.07574,1.0777700000000001,1.0752,1.0774,13518
1720022400,1.0774,1.08163,1.0771,1.07952,21384
1720036800,1.07952,1.07953,1.07773,1.0788,5708
1720051200,1.07865,1.07932,1.07821,1.07919,3166
1720065600,1.07919,1.07945,1.07827,1.0786,4875
1720080000,1.0786,1.08026,1.07843,1.08014,13101
1720094400,1.08013,1.08025,1.07934,1.07966,11234
1720108800,1.07965,1.08133,1.07942,1.08117,9544
1720123200,1.08116,1.08131,1.08102,1.0811,1717
1720137600,1.08106,1.08174,1.08086,1.0814300000000001,3774
1720152000,1.08142,1.0824,1.0813,1.08215,5300
1720166400,1.08214,1.08301,1.08159,1.08277,9979
1720180800,1.08276,1.08418,1.07943,1.0829,17434
1720195200,1.0829,1.08337,1.08099,1.08249,24532
1720209600,1.0825,1.0842,1.08243,1.08388,7380
1720396800,1.0803,1.08324,1.08025,1.0821,5038
1720411200,1.08211,1.08357,1.08196,1.08281,5659
1720425600,1.0828,1.08424,1.08142,1.0838,14628
1720440000,1.08379,1.0844,1.08231,1.0843099999999999,13250
1720454400,1.08432,1.08445,1.08279,1.08319,16835
1720468800,1.08319,1.0833,1.08214,1.0823,4605
1720483200,1.08228,1.08328,1.08226,1.0826500000000001,3679
1720497600,1.0826500000000001,1.08306,1.0818699999999999,1.08291,6890
1720512000,1.0829,1.08302,1.08146,1.08219,10424
1720526400,1.08219,1.08279,1.08115,1.08152,13020
1720540800,1.08152,1.08277,1.0805,1.08093,21399
1720555200,1.08094,1.08159,1.08058,1.0814300000000001,9425
1720569600,1.08138,1.08162,1.08107,1.08116,1901
1720584000,1.08116,1.08206,1.08104,1.08181,5551
1720598400,1.0818,1.08243,1.08113,1.08148,9123
1720612800,1.08147,1.08277,1.08129,1.0826500000000001,11475
1720627200,1.08264,1.08283,1.08192,1.08264,12544
1720641600,1.08264,1.08293,1.08167,1.08287,5212
1720656000,1.08282,1.08362,1.0825,1.08347,2010
1720670400,1.08346,1.08395,1.0832,1.08359,3753
1720684800,1.08359,1.08473,1.08315,1.08468,12390
1720699200,1.08465,1.08993,1.08425,1.08858,17443
1720713600,1.08857,1.08986,1.08635,1.08664,33405
1720728000,1.0866500000000001,1.08693,1.08592,1.08668,8506
1720742400,1.08661,1.0874,1.08634,1.08693,6216
1720756800,1.08693,1.08715,1.08629,1.08692,6682
1720771200,1.08693,1.08867,1.0861399999999999,1.08863,11081
1720785600,1.08862,1.08923,1.0871,1.08899,13765
1720800000,1.089,1.09103,1.08862,1.09041,21511
1720814400,1.09042,1.09108,1.09001,1.09044,6912
1721001600,1.08823,1.08925,1.08812,1.08878,5078
1721016000,1.08878,1.08951,1.08855,1.08931,5907
1721030400,1.08931,1.09087,1.08832,1.09078,14004
1721044800,1.09079,1.0919699999999999,1.0901399999999999,1.09068,15551
1721059200,1.09069,1.09215,1.08995,1.09056,17991
1721073600,1.09056,1.09057,1.08928,1.08947,11483
1721088000,1.08937,1.08979,1.08904,1.08908,4108
1721102400,1.0890900000000001,1.08941,1.08882,1.08921,5234
1721116800,1.0892,1.09022,1.0883099999999999,1.08997,13079
1721131200,1.08998,1.0905,1.08749,1.08801,14323
1721145600,1.08801,1.08885,1.08701,1.08883,18710
1721160000,1.08883,1.09022,1.08866,1.08983,5866
1721174400,1.0898,1.09025,1.0895299999999999,1.0897000000000001,3565
1721188800,1.0897000000000001,1.09064,1.08951,1.09025,4983
1721203200,1.09025,1.09432,1.08945,1.09404,17354
1721217600,1.09405,1.09445,1.09282,1.09418,18221
1721232000,1.09419,1.09468,1.09232,1.09292,19090
1721246400,1.09292,1.09395,1.09277,1.09391,9072
1721260800,1.09386,1.09402,1.09361,1.09365,5295
1721275200,1.09365,1.09386,1.09312,1.09331,6214
1721289600,1.0933,1.09382,1.09254,1.09301,13573
1721304000,1.093,1.09364,1.09228,1.0928,13468
1721318400,1.0928,1.09285,1.09039,1.09156,22517
1721332800,1.09155,1.09159,1.0893,1.08951,13062
1721347200,1.0895,1.09009,1.08903,1.08916,4306
1721361600,1.08916,1.08943,1.08855,1.08865,6979
1721376000,1.08864,1.08899,1.08752,1.08785,16316
1721390400,1.08784,1.08936,1.08766,1.08884,12373
1721404800,1.08884,1.08906,1.08785,1.08844,19552
1721419200,1.08845,1.08849,1.08746,1.08813,7155
1721606400,1.08801,1.09021,1.08797,1.08934,5142
1721620800,1.08934,1.08947,1.08842,1.08869,9093
1721635200,1.08869,1.08919,1.08782,1.08875,13813
1721649600,1.08874,1.0895,1.08737,1.08776,16326
1721664000,1.08776,1.08862,1.08718,1.08858,13112
1721678400,1.08859,1.0891,1.08851,1.08901,7006
1721692800,1.08894,1.0892,1.08859,1.0889199999999999,2760
1721707200,1.0889199999999999,1.08962,1.08869,1.08903,6318
1721721600,1.08902,1.08908,1.08667,1.08772,14215
1721736000,1.08772,1.08777,1.0854,1.08555,15878
1721750400,1.08554,1.08575,1.08433,1.08528,15549
1721764800,1.08529,1.0856,1.08487,1.0855299999999999,8953
1721779200,1.08544,1.08544,1.08451,1.08462,2093
1721793600,1.08462,1.08498,1.0841,1.08462,9628
1721808000,1.08463,1.08532,1.08253,1.08347,18218
1721822400,1.08346,1.08587,1.08318,1.08577,13059
1721836800,1.08578,1.0866,1.08469,1.08504,19944
1721851200,1.08503,1.08544,1.08354,1.08385,12143
1721865600,1.08383,1.08414,1.08344,1.08389,5698
1721880000,1.0839,1.08435,1.08358,1.08396,9612
1721894400,1.08395,1.08572,1.08277,1.08456,20101
1721908800,1.08455,1.08583,1.08356,1.08493,22196
1721923200,1.08493,1.08641,1.08298,1.08615,27638
1721937600,1.08616,1.08694,1.0843099999999999,1.08449,12176
1721952000,1.08447,1.08549,1.0843,1.08535,3925
1721966400,1.08534,1.086,1.08515,1.08578,10538
1721980800,1.08579,1.08601,1.08415,1.08509,11218
1721995200,1.0851,1.08649,1.08474,1.08601,14201
1722009600,1.086,1.08676,1.08509,1.08647,19422
1722024000,1.08647,1.08649,1.08547,1.08548,6728
1722211200,1.08559,1.0866,1.08504,1.08629,5662
1722225600,1.0863,1.08694,1.08577,1.08583,9347
1722240000,1.08584,1.08624,1.08311,1.08317,17294
1722254400,1.08316,1.08415,1.08135,1.08155,15055
1722268800,1.08155,1.08233,1.08022,1.08209,16792
1722283200,1.0821,1.08254,1.08188,1.08213,7922
1722297600,1.08206,1.08229,1.08148,1.08165,3894
1722312000,1.08166,1.08246,1.08137,1.08235,7113
1722326400,1.08235,1.08341,1.08157,1.08279,13099
1722340800,1.08279,1.08351,1.08012,1.08015,11524
1722355200,1.08015,1.08161,1.07977,1.08133,21606
1722369600,1.08132,1.08171,1.08079,1.08141,10222
1722384000,1.08138,1.08194,1.08118,1.08193,3518
1722398400,1.08194,1.08297,1.08162,1.08249,12918
1722412800,1.0825,1.0827,1.08059,1.0822,20149
1722427200,1.08222,1.08474,1.08213,1.08403,14119
1722441600,1.08403,1.08487,1.08039,1.08087,22274
1722456000,1.08087,1.08323,1.08013,1.08258,20093
1722470400,1.0825,1.08303,1.0821,1.08271,6943
1722484800,1.0827,1.08349,1.08238,1.08263,13459
1722499200,1.08264,1.08291,1.07801,1.07839,17072
1722513600,1.07837,1.08078,1.0777,1.0796000000000001,20533
1722528000,1.07959,1.08176,1.07797,1.07856,29133
1722542400,1.07856,1.0795,1.07819,1.07891,15152
1722556800,1.07888,1.07923,1.07813,1.07904,3978
1722571200,1.07904,1.0798,1.07841,1.07971,6530
1722585600,1.07971,1.08147,1.07855,1.0814,17652
1722600000,1.08139,1.08965,1.08131,1.08907,21558
1722614400,1.08906,1.09259,1.08832,1.09115,33176
1722628800,1.09115,1.0916,1.09066,1.09103,11104
1722816000,1.09189,1.09225,1.09023,1.09162,11443
1722830400,1.09161,1.09392,1.09114,1.0932,22872
1722844800,1.0931899999999999,1.09743,1.08919,1.09504,44342
1722859200,1.09503,1.10078,1.09325,1.09906,32856
1722873600,1.09906,1.10027,1.09472,1.09593,45976
1722888000,1.09594,1.09639,1.09467,1.09495,23232
1722902400,1.09488,1.09625,1.09428,1.09622,11949
1722916800,1.09622,1.09624,1.09491,1.09515,15443
1722931200,1.09515,1.09544,1.09173,1.09273,27487
1722945600,1.09273,1.09273,1.0903,1.09047,24763
1722960000,1.09048,1.09343,1.09048,1.09273,28868
1722974400,1.09272,1.09331,1.09219,1.09276,17817
1722988800,1.0927,1.0930900000000001,1.09226,1.09291,5437
1723003200,1.09291,1.09298,1.09104,1.09111,13884
1723017600,1.09111,1.09274,1.09048,1.09184,19861
1723032000,1.09184,1.09261,1.0908,1.09214,19525
1723046400,1.09212,1.09359,1.0912,1.09217,20660
1723060800,1.09216,1.09265,1.0917,1.09212,16107
1723075200,1.09205,1.09331,1.09178,1.09277,5160
1723089600,1.09276,1.09372,1.09228,1.09311,11006
1723104000,1.09312,1.09445,1.09293,1.09365,20589
1723118400,1.09364,1.09391,1.08911,1.0897000000000001,23614
1723132800,1.08971,1.0914,1.08808,1.09081,28111
1723147200,1.09082,1.09185,1.09069,1.09178,12001
1723161600,1.09167,1.09186,1.09109,1.09124,6857
1723176000,1.09125,1.09239,1.09113,1.09196,7774
1723190400,1.09196,1.09286,1.09123,1.0917,13811
1723204800,1.09171,1.09253,1.09078,1.09113,13142
1723219200,1.09112,1.09308,1.0909200000000001,1.09181,18576
1723233600,1.09182,1.0923,1.09143,1.0915300000000001,10466
1723420800,1.09144,1.09192,1.09096,1.09176,3364
1723435200,1.09177,1.09225,1.09122,1.09184,7511
1723449600,1.09185,1.0928,1.0915300000000001,1.09202,12392
1723464000,1.09202,1.09293,1.0917,1.09193,9523
1723478400,1.09194,1.09388,1.09146,1.09223,17416
1723492800,1.09222,1.09345,1.09211,1.093,10419
1723507200,1.09294,1.09357,1.09277,1.09295,3646
1723521600,1.09294,1.09387,1.09288,1.09386,5012
1723536000,1.09387,1.09406,1.09193,1.09229,10484
1723550400,1.09229,1.0946,1.09132,1.09404,14846
1723564800,1.09404,1.09734,1.09375,1.09718,19304
1723579200,1.0971899999999999,1.09991,1.09693,1.09933,10363
1723593600,1.09913,1.09975,1.09807,1.09914,3671
1723608000,1.09914,1.09961,1.09881,1.09923,6332
1723622400,1.09923,1.10193,1.09859,1.10187,12359
1723636800,1.10187,1.10342,1.10031,1.10163,14329
1723651200,1.10162,1.10464,1.10148,1.10178,19557
1723665600,1.10178,1.10178,1.10103,1.10118,7924
1723680000,1.10113,1.10147,1.10088,1.10092,3601
1723694400,1.10091,1.10116,1.10027,1.10111,5627
1723708800,1.10111,1.10149,1.10047,1.10056,10794
1723723200,1.10055,1.10137,1.09512,1.0956,13284
1723737600,1.0956,1.09889,1.0949,1.09774,19503
1723752000,1.09775,1.09794,1.09696,1.09707,7531
1723766400,1.09703,1.09766,1.09696,1.0975,3150
1723780800,1.09751,1.09821,1.09738,1.09815,7499
1723795200,1.09816,1.09892,1.09761,1.09805,8939
1723809600,1.09804,1.09944,1.09782,1.09933,12626
1723824000,1.09934,1.10039,1.09821,1.10027,15755
1723838400,1.10031,1.10289,1.1002399999999999,1.10264,7087
1724025600,1.10265,1.10355,1.10215,1.10298,4293
1724040000,1.10298,1.10412,1.1026799999999999,1.10392,7683
1724054400,1.10387,1.10499,1.1035,1.10367,13362
1724068800,1.10367,1.10439,1.10304,1.10384,11709
1724083200,1.10384,1.10735,1.10297,1.1073,18259
1724097600,1.1073,1.10859,1.10698,1.10844,6337
1724112000,1.10833,1.10866,1.10791,1.10815,4691
1724126400,1.10814,1.10866,1.10743,1.10765,7371
1724140800,1.10765,1.10881,1.10713,1.10792,12700
1724155200,1.10793,1.1098,1.10741,1.10978,12137
1724169600,1.10978,1.11184,1.10915,1.11143,21235
1724184000,1.11143,1.11294,1.1108,1.11286,9485
1724198400,1.11279,1.11321,1.11244,1.11272,3624
1724212800,1.11272,1.11275,1.1116,1.11186,6535
1724227200,1.11185,1.11282,1.11098,1.11179,11456
1724241600,1.11178,1.11294,1.11096,1.11243,11032
1724256000,1.11244,1.11476,1.10976,1.11457,28235
1724270400,1.11458,1.11735,1.1145,1.11506,12914
1724284800,1.11496,1.11573,1.11443,1.11469,4977
1724299200,1.11469,1.11487,1.11397,1.11428,7126
1724313600,1.11428,1.11642,1.11269,1.1142,14513
1724328000,1.1142,1.11455,1.11243,1.11396,13172
1724342400,1.11397,1.11409,1.10976,1.11099,21491
1724356800,1.11099,1.11128,1.10982,1.11107,9241
1724371200,1.11097,1.11218,1.11075,1.11191,3557
1724385600,1.11191,1.1128,1.11176,1.11272,6932
1724400000,1.11269,1.11313,1.11113,1.11223,11525
1724414400,1.11222,1.11266,1.11104,1.11136,12354
1724428800,1.11136,1.11955,1.1105,1.1173,29571
1724443200,1.1173,1.12003,1.11724,1.11928,11189
1724630400,1.11877,1.12011,1.11857,1.11933,8391
1724644800,1.11932,1.11998,1.11811,1.11828,9937
1724659200,1.11829,1.11887,1.11753,1.11799,12989
1724673600,1.11799,1.11822,1.1158,1.11608,14249
1724688000,1.1160700000000001,1.11784,1.11494,1.11706,21426
1724702400,1.11705,1.11748,1.1158,1.11606,11075
1724716800,1.11602,1.11661,1.1159,1.11606,4087
1724731200,1.11605,1.11701,1.11592,1.1167799999999999,5924
1724745600,1.11679,1.11734,1.11606,1.11662,11606
1724760000,1.11661,1.11781,1.11496,1.11581,14754
1724774400,1.11579,1.11714,1.11515,1.11652,17883
1724788800,1.11652,1.119,1.11638,1.11841,9129
1724803200,1.11826,1.11843,1.1174,1.11793,3786
1724817600,1.11793,1.11793,1.11577,1.1159,7859
1724832000,1.1159,1.11602,1.11345,1.11406,14425
1724846400,1.11406,1.1145100000000001,1.11044,1.11113,15034
1724860800,1.11113,1.11371,1.11097,1.11141,22320
1724875200,1.11142,1.11193,1.11046,1.11191,8850
1724889600,1.11187,1.11321,1.11169,1.11308,4058
1724904000,1.11308,1.11365,1.1126800000000001,1.11349,7083
1724918400,1.1135,1.11392,1.10716,1.10843,15642
1724932800,1.10843,1.10994,1.10723,1.10837,16852
1724947200,1.10837,1.10889,1.10551,1.1081,22277
1724961600,1.10811,1.10848,1.10741,1.10777,10780
1724976000,1.10766,1.10824,1.10736,1.108,3152
1724990400,1.10799,1.10814,1.10692,1.10734,6577
1725004800,1.10735,1.10945,1.1073,1.10742,12974
1725019200,1.10742,1.10877,1.10572,1.10673,16344
1725033600,1.10675,1.10794,1.10431,1.10489,26603
1725048000,1.10489,1.10561,1.10466,1.10479,8874
1725235200,1.10462,1.10552,1.10415,1.10528,3408
1725249600,1.10529,1.10551,1.10434,1.10478,5899
1725264000,1.10479,1.10769,1.10448,1.10669,12574
1725278400,1.1067,1.10721,1.1058,1.10673,11682
1725292800,1.10675,1.10713,1.10596,1.10651,9008
1725307200,1.10652,1.10723,1.10652,1.10712,1146
1725321600,1.10665,1.10722,1.10584,1.106,3419
1725336000,1.10601,1.10697,1.10532,1.10535,6786
1725350400,1.10536,1.10672,1.10475,1.1048,14714
1725364800,1.10481,1.10521,1.10326,1.10473,15404
1725379200,1.10474,1.10691,1.10353,1.10388,24412
1725393600,1.10387,1.10438,1.10259,1.10438,7368
1725408000,1.1042399999999999,1.10508,1.10376,1.10476,6042
1725422400,1.10476,1.10566,1.10469,1.10557,8349
1725436800,1.10557,1.10623,1.10459,1.10511,15236
1725451200,1.1051,1.1058,1.10395,1.1052,14074
1725465600,1.10519,1.10946,1.10494,1.1084,21181
1725480000,1.10839,1.10856,1.10648,1.10815,8094
1725494400,1.10814,1.10854,1.10751,1.10786,4630
1725508800,1.10786,1.10849,1.10742,1.10764,7469
1725523200,1.10764,1.10997,1.10761,1.10985,13630
1725537600,1.10985,1.11191,1.10863,1.10917,17849
1725552000,1.10917,1.11077,1.10756,1.11004,26336
1725566400,1.11004,1.11127,1.1099,1.11106,6897
1725580800,1.11099,1.1114,1.11072,1.11128,3603
1725595200,1.11128,1.11171,1.11087,1.11154,5060
1725609600,1.11151,1.11205,1.11104,1.11169,13146
1725624000,1.11168,1.1154,1.10767,1.11204,21540
1725638400,1.11204,1.11343,1.10642,1.10763,41585
1725652800,1.10763,1.1089,1.1069,1.10857,13522
1725840000,1.10833,1.10905,1.10798,1.10826,4654
1725854400,1.10826,1.10904,1.10741,1.10751,5453
1725868800,1.10752,1.10753,1.10452,1.10471,11489
1725883200,1.1047,1.10584,1.10352,1.1039,14506
1725897600,1.10391,1.10517,1.10336,1.10483,16907
1725912000,1.10482,1.10532,1.10334,1.10345,7798
1725926400,1.10343,1.10389,1.10269,1.10302,3126
1725940800,1.10302,1.10401,1.10297,1.10395,3182
1725955200,1.10394,1.10493,1.10323,1.10372,8848
1725969600,1.10372,1.10433,1.1026,1.10293,10907
1725984000,1.10293,1.10343,1.1014599999999999,1.10262,17270
1725998400,1.10261,1.10275,1.10182,1.10183,6762
1726012800,1.10179,1.1023,1.10164,1.10196,3490
1726027200,1.10195,1.10465,1.10177,1.10462,8533
1726041600,1.10461,1.10514,1.10358,1.10432,11400
1726056000,1.10431,1.10544,1.10029,1.10158,17538
1726070400,1.10157,1.10256,1.1001400000000001,1.10153,24243
1726084800,1.10153,1.10259,1.1013600000000001,1.1013600000000001,7915
1726099200,1.10123,1.1014,1.10055,1.10062,2205
1726113600,1.10062,1.10164,1.10059,1.10159,4746
1726128000,1.10159,1.10233,1.10044,1.1015,11502
1726142400,1.1015,1.10315,1.10069,1.10247,13828
1726156800,1.10246,1.10474,1.10243,1.10455,20607
1726171200,1.10456,1.10745,1.10415,1.10726,11329
1726185600,1.10724,1.10868,1.10698,1.10864,4429
1726200000,1.10865,1.10897,1.10788,1.10838,7117
1726214400,1.10839,1.10935,1.10725,1.10923,11363
1726228800,1.10923,1.11001,1.10787,1.10923,14618
1726243200,1.10924,1.11012,1.10763,1.10833,22467
1726257600,1.10834,1.10852,1.10724,1.1074,5218
1726444800,1.10757,1.1092,1.10738,1.1089,2449
1726459200,1.1089,1.11044,1.10862,1.10966,5740
1726473600,1.10966,1.11255,1.10951,1.11222,10319
1726488000,1.11222,1.11323,1.11155,1.11243,13503
1726502400,1.11243,1.1137,1.1116,1.11285,16460
1726516800,1.11285,1.11328,1.11155,1.11325,7017
1726531200,1.11323,1.11323,1.11214,1.11224,2807
1726545600,1.11224,1.11292,1.11212,1.11239,4307
1726560000,1.11239,1.11457,1.11151,1.11441,11947
1726574400,1.1144,1.11441,1.11172,1.11242,15728
1726588800,1.11243,1.11276,1.11113,1.11188,19668
1726603200,1.11188,1.11229,1.11104,1.11125,9332
1726617600,1.11122,1.11281,1.11116,1.11263,2586
1726632000,1.11264,1.11298,1.11195,1.11195,4081
1726646400,1.11194,1.11327,1.11148,1.1129,10744
1726660800,1.1129,1.11393,1.11173,1.11216,9650
1726675200,1.11217,1.11392,1.11076,1.11237,15406
1726689600,1.11238,1.11886,1.10962,1.11172,33978
1726704000,1.11161,1.11231,1.10785,1.10812,6853
1726718400,1.10811,1.11209,1.1068,1.11196,12934
1726732800,1.11197,1.11685,1.11195,1.11623,17078
1726747200,1.11622,1.11783,1.11249,1.11254,19961
1726761600,1.11253,1.11578,1.1116,1.11552,26263
1726776000,1.11551,1.11673,1.11519,1.1161699999999999,9138
1726790400,1.11613,1.1162,1.11568,1.11598,3762
1726804800,1.11599,1.11687,1.11568,1.11646,6774
1726819200,1.11645,1.11813,1.11518,1.11639,17499
1726833600,1.11639,1.11763,1.11535,1.1173899999999999,12649
1726848000,1.1173899999999999,1.11756,1.11355,1.11732,25947
1726862400,1.11731,1.11737,1.1155599999999999,1.11625,9827
1727049600,1.1158,1.1164,1.11555,1.11584,2823
1727064000,1.11584,1.11645,1.11553,1.1163,3865
1727078400,1.1163,1.11667,1.10826,1.10919,17764
1727092800,1.1092,1.11252,1.10916,1.11219,14603
1727107200,1.1122,1.11428,1.11148,1.11246,21358
1727121600,1.11246,1.1128,1.11093,1.11112,8601
1727136000,1.11109,1.11156,1.1103399999999999,1.11052,3370
1727150400,1.11052,1.11172,1.11028,1.11163,7451
1727164800,1.11164,1.11443,1.11033,1.11397,16628
1727179200,1.11398,1.11471,1.11215,1.11404,15121
1727193600,1.11406,1.11629,1.1132,1.1158,20594
1727208000,1.11579,1.11798,1.11541,1.11798,7747
1727222400,1.11793,1.11934,1.11763,1.11927,4706
1727236800,1.11927,1.11982,1.11845,1.11953,6832
1727251200,1.11953,1.11958,1.11817,1.11842,12354
1727265600,1.11842,1.12069,1.11775,1.11971,14938
1727280000,1.11972,1.12129,1.11324,1.11339,22391
1727294400,1.11339,1.11383,1.11209,1.11313,9628
1727308800,1.11309,1.11365,1.11285,1.1136,2968
1727323200,1.11361,1.11447,1.11311,1.11411,6086
1727337600,1.1141,1.11575,1.11252,1.11407,16075
1727352000,1.11408,1.11645,1.1137,1.11505,17941
1727366400,1.11506,1.11887,1.11248,1.11687,26366
1727380800,1.11687,1.11835,1.11677,1.11746,8635
1727395200,1.11745,1.11774,1.11673,1.11688,4961
1727409600,1.11687,1.11726,1.11619,1.11641,6908
1727424000,1.11642,1.11757,1.11243,1.1144,21619
1727438400,1.11439,1.12011,1.11366,1.1199,17423
1727452800,1.11991,1.12025,1.11456,1.11513,24742
1727467200,1.1151200000000001,1.11673,1.11498,1.11588,8692
1727654400,1.1154,1.11733,1.1154,1.11703,3860
1727668800,1.11703,1.11722,1.11557,1.11611,7839
1727683200,1.11612,1.12083,1.1155599999999999,1.1205,14340
1727697600,1.1205,1.12051,1.11827,1.11893,14354
1727712000,1.11893,1.11906,1.11344,1.11479,25595
1727726400,1.11479,1.11627,1.11132,1.11346,15891
1727740800,1.11327,1.11419,1.11267,1.11316,4091
1727755200,1.11317,1.11427,1.11308,1.11401,5317
1727769600,1.11402,1.11436,1.1097299999999999,1.11022,17402
1727784000,1.11021,1.11142,1.10697,1.10705,17485
1727798400,1.10706,1.10862,1.10478,1.10539,29647
1727812800,1.10538,1.10767,1.10451,1.10683,14139
1727827200,1.10674,1.10714,1.10623,1.10651,3132
1727841600,1.1065,1.10734,1.10597,1.10625,7026
1727856000,1.10625,1.10822,1.10536,1.10719,14129
1727870400,1.10719,1.10768,1.10505,1.10527,14801
1727884800,1.10531,1.10652,1.1032,1.1046,20044
1727899200,1.10461,1.10526,1.10362,1.10474,7553
1727913600,1.10468,1.10486,1.10367,1.10387,3843
1727928000,1.10385,1.10401,1.10311,1.10324,5235
1727942400,1.10325,1.10456,1.10242,1.10371,16286
1727956800,1.1037,1.10461,1.10278,1.10316,16040
1727971200,1.10315,1.10432,1.10078,1.10299,26787
1727985600,1.10299,1.10356,1.10244,1.10279,10090
1728000000,1.1028,1.10391,1.1028,1.10341,3157
1728014400,1.10341,1.10357,1.10247,1.10272,6937
1728028800,1.10272,1.1035,1.10206,1.1025,11794
1728043200,1.1025,1.10362,1.09585,1.09604,17249
1728057600,1.09604,1.09809,1.09503,1.09591,24278
1728072000,1.09591,1.09772,1.09571,1.09752,7077
1728259200,1.09652,1.09748,1.09618,1.09695,5568
1728273600,1.09694,1.09771,1.09674,1.0968,7262
1728288000,1.09679,1.09785,1.09576,1.09695,13474
1728302400,1.09694,1.0983,1.09538,1.09768,16988
1728316800,1.09767,1.09842,1.09689,1.09835,20950
1728331200,1.09834,1.09862,1.09652,1.09737,8386
1728345600,1.09723,1.09834,1.09684,1.09812,3614
1728360000,1.09811,1.09863,1.09724,1.0985,11624
1728374400,1.09848,1.09965,1.0977999999999999,1.09932,14943
1728388800,1.09933,1.09943,1.09708,1.09754,13668
1728403200,1.09753,1.09833,1.09604,1.09752,17948
1728417600,1.09751,1.09796,1.09652,1.09796,7366
1728432000,1.09775,1.09802,1.09728,1.0975,3164
1728446400,1.09749,1.09767,1.09616,1.09627,9561
1728460800,1.0963,1.09755,1.09505,1.09571,15868
1728475200,1.09571,1.09702,1.09523,1.09563,11062
1728489600,1.09562,1.09591,1.09385,1.0941,16466
1728504000,1.0941,1.09421,1.09356,1.09396,7272
1728518400,1.09389,1.09424,1.09369,1.09399,2606
1728532800,1.09397,1.09455,1.09376,1.09403,7441
1728547200,1.09403,1.09426,1.09277,1.09325,11446
1728561600,1.09324,1.09544,1.09064,1.09435,16750
1728576000,1.09437,1.0949200000000001,1.09021,1.09053,27112
1728590400,1.09054,1.09371,1.08992,1.09359,11347
1728604800,1.09146,1.09373,1.09143,1.09368,2654
1728619200,1.09369,1.09401,1.0929,1.09351,4567
1728633600,1.09351,1.09532,1.09317,1.0949,8761
1728648000,1.0949,1.09506,1.09256,1.09326,12654
1728662400,1.09326,1.09518,1.09276,1.09444,15889
1728676800,1.09444,1.0947,1.0931899999999999,1.09348,4631
1728864000,1.09311,1.09329,1.09147,1.09212,3352
1728878400,1.0921,1.09286,1.09173,1.09231,6465
1728892800,1.09231,1.0931,1.09219,1.09263,8517
1728907200,1.09262,1.09361,1.09065,1.09091,10721
1728921600,1.09089,1.09269,1.09002,1.09011,14659
1728936000,1.09011,1.09083,1.0887,1.09078,6205
1728950400,1.09071,1.09095,1.09035,1.09069,2533
1728964800,1.09068,1.09084,1.08911,1.08924,4739
1728979200,1.08924,1.09154,1.0884,1.09098,12541
1728993600,1.09098,1.09144,1.08968,1.09094,12729
1729008000,1.09094,1.09162,1.08889,1.08889,16695
1729022400,1.0889,1.08913,1.08808,1.08913,7198
1729036800,1.08908,1.08914,1.08808,1.0884800000000001,3069
1729051200,1.0884800000000001,1.08951,1.08838,1.08889,6051
1729065600,1.0889,1.08897,1.08745,1.08827,12504
1729080000,1.08827,1.09009,1.0882,1.08883,11416
1729094400,1.08883,1.08969,1.08649,1.08677,14781
1729108800,1.08677,1.08679,1.0852,1.08616,5906
1729123200,1.08607,1.08709,1.08555,1.08626,3483
1729137600,1.08627,1.08647,1.08503,1.08528,6421
1729152000,1.08527,1.08579,1.0848200000000001,1.08513,10213
1729166400,1.08513,1.08727,1.08321,1.08422,15747
1729180800,1.08422,1.08443,1.08103,1.08243,23417
1729195200,1.08244,1.08314,1.0820400000000001,1.083,6514
1729209600,1.08291,1.08324,1.08243,1.08284,3316
1729224000,1.08283,1.084,1.0827,1.084,6994
1729238400,1.084,1.0848,1.08339,1.08373,11072
1729252800,1.08372,1.08595,1.08336,1.08588,11785
1729267200,1.08588,1.08676,1.08507,1.08662,13514
1729281600,1.08661,1.0869,1.08586,1.08671,5640
1729468800,1.08626,1.0871,1.08602,1.08645,4565
1729483200,1.08645,1.08677,1.08577,1.08582,7161
1729497600,1.08581,1.08629,1.08457,1.08549,9021
1729512000,1.08548,1.08584,1.08434,1.08568,10795
1729526400,1.08568,1.08574,1.08165,1.08181,14527
1729540800,1.08179,1.08224,1.08103,1.0812599999999999,7679
1729555200,1.08136,1.08179,1.0812599999999999,1.08156,3100
1729569600,1.08157,1.08208,1.08145,1.08196,7645
1729584000,1.08197,1.08373,1.08171,1.08267,8916
1729598400,1.08266,1.08301,1.08105,1.08112,10909
1729612800,1.08112,1.08179,1.07999,1.08071,14900
1729627200,1.08072,1.08084,1.07918,1.07977,6354
1729641600,1.07974,1.08002,1.07918,1.07948,2983
1729656000,1.07949,1.08049,1.07933,1.08016,9260
1729670400,1.08016,1.08061,1.07788,1.07877,12965
1729684800,1.07877,1.07889,1.07598,1.07738,12141
1729699200,1.07739,1.07856,1.07689,1.0772599999999999,14366
1729713600,1.07725,1.07861,1.07667,1.07834,7660
1729728000,1.07826,1.07893,1.07786,1.07882,3439
1729742400,1.07881,1.07931,1.07805,1.07925,8099
1729756800,1.07925,1.08074,1.07701,1.08025,14351
1729771200,1.08025,1.08047,1.0787,1.07959,13791
1729785600,1.0796000000000001,1.08108,1.07947,1.08102,16030
1729800000,1.08102,1.08293,1.08091,1.08277,6794
1729814400,1.08269,1.08278,1.08196,1.08212,2725
1729828800,1.08211,1.0827,1.08194,1.08213,5370
1729843200,1.08213,1.08367,1.08128,1.08233,11056
1729857600,1.08232,1.08388,1.08205,1.08379,10274
1729872000,1.0838,1.08381,1.08019,1.08045,15246
1729886400,1.08045,1.0806,1.0792,1.07942,6744
1730073600,1.07918,1.08008,1.07861,1.07906,6865
1730088000,1.07906,1.07951,1.07815,1.07873,6255
1730102400,1.07872,1.08208,1.07859,1.08125,10846
1730116800,1.08125,1.08256,1.08105,1.08198,11879
1730131200,1.08198,1.0827,1.08119,1.08131,11641
1730145600,1.08132,1.08184,1.08092,1.08132,4522
1730160000,1.08137,1.08184,1.08101,1.08152,3997
1730174400,1.08152,1.08176,1.08051,1.08106,7102
1730188800,1.08107,1.08258,1.08051,1.08172,10805
1730203200,1.08171,1.08203,1.07683,1.07868,17248
1730217600,1.07868,1.08114,1.07846,1.08052,21933
1730232000,1.08053,1.08182,1.08023,1.0814300000000001,6528
1730246400,1.08139,1.08253,1.08136,1.08211,3897
1730260800,1.08212,1.08212,1.08125,1.08151,5380
1730275200,1.08151,1.08585,1.0815,1.08392,13219
1730289600,1.08391,1.08437,1.08075,1.08428,17506
1730304000,1.08428,1.08682,1.08412,1.08655,19650
1730318400,1.08655,1.08709,1.08525,1.08551,6495
1730332800,1.08557,1.08592,1.08437,1.08443,5017
1730347200,1.08442,1.08529,1.08439,1.08508,6865
1730361600,1.08509,1.08667,1.08472,1.08645,12479
1730376000,1.08645,1.08876,1.08554,1.08588,19062
1730390400,1.08589,1.08761,1.08458,1.0861,22559
1730404800,1.0861,1.08854,1.08601,1.08813,8469
1730419200,1.08815,1.0888,1.08781,1.08793,3814
1730433600,1.08794,1.08806,1.08704,1.0871,6428
1730448000,1.0871,1.08769,1.08569,1.08579,11091
1730462400,1.08579,1.09044,1.08519,1.0867499999999999,19591
1730476800,1.08674,1.08729,1.08336,1.08356,17660
1730491200,1.08356,1.0845,1.08307,1.08312,5660
1730678400,1.08794,1.08907,1.08691,1.08877,5228
1730692800,1.08877,1.09043,1.08844,1.08983,9157
1730707200,1.08983,1.09016,1.08866,1.08957,12995
1730721600,1.08957,1.09142,1.08922,1.09047,10679
1730736000,1.09046,1.0909200000000001,1.08794,1.08882,17697
1730750400,1.08882,1.08887,1.08734,1.08768,8221
1730764800,1.08766,1.08781,1.08718,1.08769,3383
1730779200,1.08769,1.08795,1.08738,1.08781,5528
1730793600,1.08781,1.08971,1.08764,1.08913,9315
1730808000,1.08913,1.09012,1.08889,1.08923,9936
1730822400,1.08921,1.09299,1.08888,1.09297,16891
1730836800,1.09297,1.09359,1.09236,1.09284,9127
1730851200,1.09273,1.0936,1.0821,1.08363,20827
1730865600,1.08362,1.08388,1.07177,1.07594,34142
1730880000,1.07596,1.07809,1.0702,1.07547,31971
1730894400,1.07546,1.07614,1.06819,1.07093,28714
1730908800,1.07093,1.07447,1.06978,1.07266,29989
1730923200,1.07268,1.07576,1.07257,1.07286,14840
1730937600,1.07277,1.07365,1.07123,1.07172,6246
1730952000,1.07172,1.07473,1.07169,1.07458,9060
1730966400,1.07458,1.0771,1.07405,1.07459,19157
1730980800,1.07458,1.07941,1.07454,1.07918,20217
1730995200,1.07917,1.08241,1.07805,1.08042,21665
1731009600,1.08043,1.08088,1.0766499999999999,1.08017,21363
1731024000,1.08017,1.08043,1.07786,1.07863,5698
1731038400,1.07864,1.07892,1.0776,1.07812,7494
1731052800,1.07813,1.07887,1.0760399999999999,1.07784,18755
1731067200,1.07784,1.07968,1.0743800000000001,1.07524,18549
1731081600,1.07525,1.07652,1.06862,1.07085,23216
1731096000,1.07086,1.0721,1.06992,1.07174,9454
1731283200,1.07109,1.07273,1.07067,1.07197,6611
1731297600,1.07198,1.07266,1.07073,1.07169,6558
1731312000,1.0717,1.07216,1.06671,1.0681,17209
1731326400,1.06809,1.0688,1.06362,1.06475,15270
1731340800,1.06476,1.0657,1.0628,1.06485,15815
1731355200,1.06484,1.06573,1.06453,1.06555,6710
1731369600,1.06546,1.06623,1.06473,1.06478,5461
1731384000,1.06477,1.06514,1.0636700000000001,1.06395,9099
1731398400,1.06395,1.06395,1.0616,1.06256,15489
1731412800,1.0625499999999999,1.06291,1.06059,1.06224,17769
1731427200,1.06223,1.0625499999999999,1.05939,1.06062,22634
1731441600,1.06062,1.06261,1.06058,1.06239,9912
1731456000,1.06228,1.06286,1.06103,1.06274,6619
1731470400,1.06275,1.0629,1.0609,1.06125,7787
1731484800,1.06125,1.06293,1.05927,1.06263,14051
1731499200,1.06263,1.06527,1.06094,1.06361,20820
1731513600,1.0636,1.06374,1.05545,1.05683,33361
1731528000,1.05685,1.05753,1.05552,1.05635,10025
1731542400,1.05627,1.05679,1.05505,1.05555,6404
1731556800,1.05554,1.05572,1.0533,1.05466,8231
1731571200,1.05465,1.05574,1.05173,1.052,15107
1731585600,1.05199,1.05445,1.04955,1.053,22857
1731600000,1.05298,1.05821,1.05282,1.05587,24974
1731614400,1.05588,1.056,1.05106,1.05286,15124
1731628800,1.0528,1.05409,1.0523,1.05315,6256
1731643200,1.05314,1.05455,1.05312,1.05397,8064
1731657600,1.05397,1.05795,1.05331,1.05618,15180
1731672000,1.05617,1.05921,1.05533,1.0558,19250
1731686400,1.05579,1.05629,1.05225,1.05482,28416
1731700800,1.05483,1.05541,1.05159,1.05332,11148
1731888000,1.05313,1.05501,1.05291,1.05416,8069
1731902400,1.05416,1.05459,1.053,1.05376,7792
1731916800,1.05375,1.05707,1.05357,1.05656,14445
1731931200,1.05655,1.05681,1.0532,1.05672,15069
1731945600,1.05673,1.05919,1.05591,1.05902,17439
1731960000,1.05904,1.06066,1.05867,1.05988,8779
1731974400,1.05978,1.05983,1.05865,1.05926,5234
1731988800,1.05925,1.06002,1.05816,1.05831,6699
1732003200,1.05832,1.05957,1.05228,1.05489,22344
1732017600,1.0549,1.05965,1.0543,1.05763,18828
1732032000,1.05763,1.06002,1.05651,1.05798,23392
1732046400,1.05797,1.05974,1.0570599999999999,1.05955,10023
1732060800,1.05941,1.0609,1.05905,1.05995,5475
1732075200,1.05995,1.06029,1.05859,1.05866,6443
1732089600,1.05866,1.05949,1.05521,1.05552,15194
1732104000,1.0555,1.05673,1.05416,1.05562,16074
1732118400,1.05561,1.05563,1.0506199999999999,1.05318,21338
1732132800,1.05317,1.05438,1.05251,1.05428,9309
1732147200,1.05422,1.05492,1.05399,1.05452,3213
1732161600,1.05453,1.05544,1.05452,1.05461,4946
1732176000,1.05462,1.05539,1.05133,1.05163,16290
1732190400,1.05164,1.05387,1.05133,1.05324,16693
1732204800,1.05325,1.05442,1.04617,1.04869,26936
1732219200,1.04868,1.04888,1.04712,1.0472,8945
1732233600,1.04716,1.04773,1.04655,1.04711,5170
1732248000,1.0471,1.04776,1.0461,1.0464,6558
1732262400,1.0464,1.04975,1.03311,1.04015,25194
1732276800,1.04015,1.04369,1.03844,1.0429,23374
1732291200,1.0429,1.04342,1.03914,1.04184,24268
1732305600,1.04185,1.04249,1.04075,1.04154,8453
1732492800,1.04749,1.05005,1.04606,1.04775,10450
1732507200,1.04775,1.04889,1.0474,1.04786,7927
1732521600,1.04787,1.04965,1.04485,1.0489,20826
1732536000,1.04888,1.05296,1.04735,1.05279,19442
1732550400,1.0528,1.05294,1.04658,1.04854,22445
1732564800,1.04854,1.05103,1.04849,1.04929,10900
1732579200,1.04926,1.05,1.04243,1.04536,14820
1732593600,1.04535,1.04899,1.04507,1.04747,9961
1732608000,1.04746,1.05181,1.04693,1.05067,20732
1732622400,1.05067,1.05442,1.04988,1.05032,23464
1732636800,1.05031,1.05095,1.04631,1.04698,25705
1732651200,1.04699,1.04897,1.04566,1.04892,12285
1732665600,1.04881,1.04955,1.04828,1.04863,7421
1732680000,1.04861,1.04877,1.04737,1.04764,7329
1732694400,1.04765,1.05397,1.04748,1.05159,21593
1732708800,1.0516,1.05732,1.05099,1.05722,19943
1732723200,1.05722,1.05872,1.05326,1.05759,27785
1732737600,1.05758,1.05782,1.05588,1.05654,9072
1732752000,1.05643,1.05683,1.05468,1.05567,6579
1732766400,1.05568,1.05606,1.05483,1.05495,8195
1732780800,1.05496,1.05559,1.05271,1.05316,18886
1732795200,1.05316,1.05558,1.05294,1.05334,14692
1732809600,1.05335,1.05565,1.0531,1.05523,11376
1732824000,1.05522,1.05566,1.05516,1.05547,1415
1732838400,1.05464,1.05742,1.05461,1.05592,7884
1732852800,1.05593,1.05762,1.05585,1.05675,9595
1732867200,1.05674,1.05965,1.05514,1.05566,19111
1732881600,1.05566,1.05728,1.05477,1.05623,19857
1732896000,1.05623,1.05674,1.0541,1.05669,22192
1732910400,1.0567,1.0584,1.0567,1.0576,7550
1733097600,1.05667,1.0568,1.05275,1.05301,8709
1733112000,1.053,1.05315,1.05144,1.05215,9143
1733126400,1.05215,1.05366,1.04955,1.05131,22373
1733140800,1.0513,1.05377,1.04944,1.0505,19673
1733155200,1.05053,1.05141,1.04601,1.04869,27848
1733169600,1.0487,1.05154,1.04843,1.04986,10749
1733184000,1.04981,1.05008,1.04837,1.04874,5526
1733198400,1.04874,1.04939,1.04801,1.04911,7166
1733212800,1.0491,1.05303,1.04829,1.05198,17174
1733227200,1.05198,1.05293,1.05056,1.05234,14889
1733241600,1.05235,1.05298,1.04916,1.05281,23522
1733256000,1.05278,1.05346,1.05024,1.05103,8940
1733270400,1.05087,1.05121,1.04966,1.05056,5214
1733284800,1.05056,1.05195,1.04874,1.05145,9488
1733299200,1.05146,1.05284,1.0481,1.05024,16639
1733313600,1.05023,1.05118,1.04785,1.0483,17001
1733328000,1.04829,1.05435,1.04718,1.05367,25637
1733342400,1.05368,1.05384,1.05044,1.05091,12296
1733356800,1.05088,1.05153,1.05076,1.05116,4701
1733371200,1.05117,1.05282,1.05101,1.0526,6240
1733385600,1.05259,1.05459,1.05207,1.0528,13432
1733400000,1.05276,1.05672,1.05228,1.05664,17202
1733414400,1.05666,1.05891,1.05503,1.0567,21625
1733428800,1.0567,1.05881,1.05565,1.05875,8169
1733443200,1.05873,1.05875,1.05654,1.05682,4082
1733457600,1.05682,1.05798,1.05677,1.05717,6912
1733472000,1.05718,1.05936,1.05669,1.05768,11688
1733486400,1.05769,1.06292,1.0571,1.06038,17235
1733500800,1.06038,1.06066,1.05435,1.05506,26381
1733515200,1.05505,1.05689,1.05418,1.05685,7252
1733702400,1.05559,1.05686,1.05506,1.05513,4374
1733716800,1.05514,1.05559,1.05316,1.05368,5473
1733731200,1.05368,1.05746,1.05359,1.05656,15076
1733745600,1.05657,1.05849,1.0557,1.05755,13720
1733760000,1.05755,1.0594,1.05661,1.05665,15847
1733774400,1.05663,1.05671,1.05466,1.05535,5986
1733788800,1.0553,1.05564,1.05447,1.05526,3738
1733803200,1.05525,1.0562,1.05484,1.05615,7785
1733817600,1.05614,1.05677,1.05226,1.05307,13262
1733832000,1.05306,1.05374,1.05153,1.05225,15164
1733846400,1.05225,1.05307,1.04978,1.0509,18354
1733860800,1.05091,1.05307,1.05081,1.05264,7800
1733875200,1.0526,1.0535,1.05253,1.05343,3322
1733889600,1.05342,1.05388,1.05199,1.05234,4483
1733904000,1.05234,1.05278,1.04869,1.05,16348
1733918400,1.04999,1.05366,1.04864,1.05238,19806
1733932800,1.05236,1.05286,1.04788,1.0487,23186
1733947200,1.04871,1.04995,1.0481,1.04952,9247
1733961600,1.04946,1.05082,1.04887,1.05056,4522
1733976000,1.05056,1.0509,1.05003,1.0506,4999
1733990400,1.05059,1.05304,1.05038,1.05097,14106
1734004800,1.05096,1.05137,1.04692,1.04841,18732
1734019200,1.04843,1.05204,1.04631,1.04999,29362
1734033600,1.05,1.0501800000000001,1.04639,1.04666,8975
1734048000,1.04664,1.04803,1.04629,1.04647,5355
1734062400,1.04647,1.04661,1.04558,1.04648,5601
1734076800,1.04648,1.04935,1.04522,1.04858,14256
1734091200,1.04865,1.05236,1.0483,1.05098,17407
1734105600,1.05097,1.05098,1.04815,1.04959,17325
1734120000,1.04958,1.05041,1.04886,1.05033,6991
1734307200,1.0489,1.05209,1.04853,1.0518399999999999,5733
1734321600,1.05183,1.05224,1.05092,1.05191,6388
1734336000,1.05191,1.05241,1.0499,1.05046,15934
1734350400,1.05047,1.05077,1.04828,1.05072,11653
1734364800,1.05069,1.05194,1.04741,1.05106,18532
1734379200,1.05107,1.05219,1.05052,1.05141,6305
1734393600,1.0513,1.05335,1.05071,1.05209,4448
1734408000,1.05208,1.05263,1.05021,1.0504,4863
1734422400,1.0504,1.05086,1.04799,1.0485,13391
1734436800,1.04862,1.05061,1.04781,1.05044,15392
1734451200,1.05043,1.05155,1.04939,1.04991,17995
1734465600,1.0499,1.05038,1.04841,1.04911,7093
1734480000,1.04909,1.05022,1.04905,1.05017,3566
1734494400,1.0501800000000001,1.05052,1.04955,1.05017,4177
1734508800,1.05017,1.05122,1.0487,1.04939,13362
1734523200,1.04938,1.0503,1.0482,1.04915,13426
1734537600,1.04914,1.05026,1.04664,1.04748,15738
1734552000,1.04748,1.04919,1.03435,1.03491,28022
1734566400,1.03488,1.03793,1.0347,1.03775,7840
1734580800,1.03776,1.03904,1.0372,1.03816,8504
1734595200,1.03815,1.04218,1.03768,1.0412,23683
1734609600,1.0412,1.04153,1.03853,1.03986,20232
1734624000,1.03984,1.04066,1.03533,1.03611,22742
1734638400,1.0361,1.03767,1.03548,1.03622,10183
1734652800,1.03619,1.03684,1.03582,1.03629,5235
1734667200,1.03628,1.03661,1.0356,1.03657,5697
1734681600,1.03657,1.03979,1.0342500000000001,1.03822,18485
1734696000,1.03823,1.04185,1.03785,1.04068,16226
1734710400,1.04069,1.04443,1.03855,1.04281,25001
1734724800,1.0428,1.04469,1.04215,1.04281,9990
1734912000,1.04287,1.04445,1.04263,1.04354,4907
1734926400,1.04354,1.04449,1.04353,1.04397,5637
1734940800,1.04396,1.04416,1.04065,1.04072,9122
1734955200,1.04073,1.04093,1.03847,1.03989,13178
1734969600,1.0399,1.0417399999999999,1.03836,1.0397,16211
1734984000,1.03971,1.04137,1.0397,1.04056,6411
1734998400,1.0406,1.04072,1.03973,1.04022,2559
1735012800,1.04021,1.04082,1.03877,1.03964,4684
1735027200,1.03963,1.04049,1.03895,1.03915,7002
1735041600,1.03914,1.04031,1.03886,1.04019,8796
1735056000,1.0402,1.04094,1.03835,1.03849,10357
1735200000,1.03969,1.03998,1.03908,1.03985,3115
1735214400,1.03986,1.04053,1.03921,1.04019,6611
1735228800,1.0402,1.04222,1.03946,1.04114,10172
1735243200,1.04112,1.04295,1.04111,1.04219,6322
1735257600,1.04201,1.04234,1.04116,1.04127,3208
1735272000,1.04126,1.04135,1.04061,1.04088,4310
1735286400,1.04089,1.04253,1.04046,1.04163,8213
1735300800,1.04163,1.04436,1.04112,1.04381,8722
1735315200,1.0438,1.04393,1.04139,1.04207,15680
1735329600,1.04207,1.043,1.04202,1.04237,6326
1735516800,1.04283,1.04334,1.04246,1.04249,2625
1735531200,1.04248,1.0427,1.04205,1.04247,3126
1735545600,1.04246,1.04388,1.04088,1.04334,9527
1735560000,1.04335,1.04578,1.03847,1.03874,13592
1735574400,1.03875,1.04084,1.03712,1.03936,21960
1735588800,1.03936,1.04065,1.03932,1.04043,6415
1735603200,1.04028,1.04126,1.03963,1.04116,3541
1735617600,1.04115,1.04144,1.0402,1.04033,3403
1735632000,1.04033,1.04239,1.03991,1.04181,9101
1735646400,1.04182,1.04194,1.03828,1.03924,13364
1735660800,1.03926,1.03936,1.03432,1.0348600000000001,22540
1735804800,1.03624,1.03704,1.03457,1.03511,7849
1735819200,1.03511,1.03563,1.03107,1.03129,19920
1735833600,1.0313,1.03234,1.02233,1.02645,27238
1735848000,1.02647,1.02683,1.02474,1.02664,8575
1735862400,1.02638,1.02728,1.02565,1.02669,3713
1735876800,1.02668,1.0274,1.02641,1.02712,3821
1735891200,1.02713,1.02994,1.02683,1.02897,12975
1735905600,1.02898,1.03023,1.02786,1.02926,10532
1735920000,1.02926,1.03053,1.02725,1.02974,18180
1735934400,1.02975,1.03094,1.02918,1.03076,6476
1736121600,1.03024,1.0313,1.02924,1.03117,4476
1736136000,1.03116,1.03176,1.0308,1.03083,5118
1736150400,1.03083,1.03675,1.03071,1.03549,13984
1736164800,1.03551,1.04362,1.03281,1.04163,28395
1736179200,1.04163,1.04232,1.03525,1.03868,28893
1736193600,1.03868,1.03917,1.03766,1.03894,8856
1736208000,1.03875,1.03897,1.03757,1.03807,5300
1736222400,1.03805,1.04027,1.03795,1.03962,5413
1736236800,1.03961,1.04338,1.03958,1.04265,15284
1736251200,1.04266,1.04338,1.0386,1.0396,15991
1736265600,1.03959,1.0397,1.03534,1.03664,24565
1736280000,1.03663,1.0369,1.03397,1.03401,7901
1736294400,1.034,1.03525,1.03383,1.03523,3787
1736308800,1.03523,1.03553,1.03458,1.03543,4432
1736323200,1.03543,1.03571,1.03148,1.03191,14249
1736337600,1.0319,1.03208,1.02727,1.03029,24681
1736352000,1.03029,1.03139,1.02886,1.03049,20717
1736366400,1.0305,1.03238,1.03049,1.03175,9090
1736380800,1.03167,1.03178,1.0304,1.03137,3730
1736395200,1.03138,1.0321,1.03049,1.03062,4871
1736409600,1.03062,1.03169,1.0283,1.03052,15353
1736424000,1.03051,1.03185,1.02955,1.03074,13518
1736438400,1.03073,1.03141,1.02905,1.02968,11232
1736452800,1.02968,1.03032,1.02935,1.02991,3424
1736467200,1.0299,1.0304,1.02915,1.03014,4666
1736481600,1.03013,1.03032,1.0284200000000001,1.02853,5067
1736496000,1.02852,1.03114,1.02806,1.02993,11948
1736510400,1.02994,1.03112,1.02111,1.02559,18214
1736524800,1.02558,1.02779,1.02271,1.02439,33017
1736539200,1.02439,1.02485,1.0234,1.02443,10648
1736726400,1.02349,1.02493,1.02349,1.02412,4944
1736740800,1.02412,1.02447,1.02071,1.02189,7813
1736755200,1.02188,1.02308,1.01764,1.01927,20585
1736769600,1.01926,1.02198,1.01855,1.02078,19160
1736784000,1.0207600000000001,1.02189,1.01911,1.02173,20035
1736798400,1.02174,1.02379,1.02063,1.02379,7007
1736812800,1.0239,1.02767,1.02385,1.02486,7986
1736827200,1.02486,1.02546,1.02379,1.02443,5847
1736841600,1.02443,1.02743,1.02443,1.02589,17464
1736856000,1.0259,1.02729,1.02388,1.02526,17316
1736870400,1.02526,1.03036,1.02429,1.02878,24330
1736884800,1.02877,1.03081,1.02863,1.0307,7107
1736899200,1.03058,1.03074,1.02971,1.02996,3363
1736913600,1.02996,1.03047,1.0292,1.02927,4587
1736928000,1.02926,1.03165,1.02862,1.03094,14021
1736942400,1.03093,1.0352999999999999,1.02929,1.03439,16540
1736956800,1.0344,1.03448,1.02584,1.02851,24787
1736971200,1.02851,1.02983,1.02839,1.02891,6724
1736985600,1.02881,1.02991,1.02841,1.02885,6133
1737000000,1.02891,1.02932,1.02804,1.02819,6421
1737014400,1.02818,1.03011,1.02809,1.02856,13297
1737028800,1.02856,1.02956,1.02601,1.0281,16893
1737043200,1.02809,1.03145,1.02673,1.02959,25887
1737057600,1.0296,1.03072,1.02929,1.03021,8272
1737072000,1.03006,1.03088,1.02966,1.03045,3408
1737086400,1.03047,1.03087,1.02869,1.02927,4368
1737100800,1.02927,1.03035,1.0277,1.0296,11488
1737115200,1.02961,1.03095,1.02849,1.02896,14217
1737129600,1.02897,1.033,1.02646,1.02803,23188
1737144000,1.02801,1.02915,1.02684,1.02691,7710
1737331200,1.02765,1.02923,1.02658,1.02899,5198
1737345600,1.029,1.03065,1.02863,1.03019,5314
1737360000,1.03019,1.03183,1.02989,1.03056,12078
1737374400,1.03057,1.03995,1.03057,1.03975,17731
1737388800,1.03972,1.04297,1.03531,1.03851,25920
1737403200,1.03848,1.04331,1.03827,1.04131,5999
1737417600,1.04121,1.04337,1.03514,1.03698,17578
1737432000,1.03696,1.04002,1.03687,1.03784,9849
1737446400,1.03785,1.03857,1.03414,1.03531,15593
1737460800,1.0352999999999999,1.03773,1.03424,1.0377,17543
1737475200,1.03771,1.04295,1.03724,1.04208,23434
1737489600,1.04207,1.04348,1.04154,1.04273,7146
1737504000,1.04264,1.04322,1.03918,1.04091,7497
1737518400,1.04092,1.04209,1.04056,1.04151,6375
1737532800,1.04151,1.04467,1.03993,1.04459,15612
1737547200,1.0446,1.04569,1.04216,1.04312,15236
1737561600,1.04311,1.04315,1.04115,1.04165,18570
1737576000,1.04164,1.04224,1.04075,1.04097,6036
1737590400,1.04094,1.04154,1.04013,1.04031,4714
1737604800,1.04031,1.04121,1.03961,1.04047,6146
1737619200,1.04047,1.04143,1.03893,1.04111,12191
1737633600,1.04112,1.04198,1.03934,1.04102,14906
1737648000,1.04105,1.04375,1.03714,1.04349,23907
1737662400,1.04349,1.04364,1.04125,1.04147,7669
1737676800,1.04145,1.04224,1.0411,1.04153,4267
1737691200,1.04154,1.04534,1.04153,1.04508,13332
1737705600,1.04508,1.05146,1.04468,1.04939,22126
1737720000,1.04938,1.04972,1.04632,1.04681,12943
1737734400,1.04681,1.05208,1.04667,1.05105,20416
1737748800,1.05105,1.05113,1.04877,1.04954,6086
1737936000,1.04756,1.04834,1.04604,1.04622,5949
1737950400,1.04622,1.0477,1.04554,1.04625,6687
1737964800,1.04626,1.04932,1.04535,1.04882,17834
1737979200,1.04882,1.0532,1.04882,1.05193,22865
1737993600,1.05192,1.0524,1.04843,1.04882,21465
1738008000,1.04879,1.04938,1.04787,1.04907,9778
1738022400,1.04905,1.0492,1.04277,1.04372,11298
1738036800,1.04371,1.04411,1.04241,1.04358,7992
1738051200,1.04359,1.04439,1.04186,1.04347,15522
1738065600,1.04346,1.04368,1.04132,1.04244,14962
1738080000,1.04243,1.044,1.04205,1.04273,15684
1738094400,1.04274,1.04377,1.04221,1.04299,7373
1738108800,1.04291,1.04336,1.04259,1.04268,3793
1738123200,1.04267,1.0442,1.04253,1.04398,4750
1738137600,1.04398,1.04431,1.04011,1.04033,12950
1738152000,1.04032,1.04078,1.03816,1.03871,15498
1738166400,1.03872,1.04279,1.03858,1.04208,19165
1738180800,1.04208,1.04281,1.03878,1.04209,19245
1738195200,1.04198,1.04282,1.0415,1.04195,3643
1738209600,1.04196,1.04271,1.04171,1.04212,4666
1738224000,1.04213,1.04283,1.04015,1.04071,12268
1738238400,1.04071,1.04595,1.03898,1.04565,17163
1738252800,1.04558,1.04669,1.04088,1.04166,21127
1738267200,1.04167,1.04317,1.03856,1.03919,12364
1738281600,1.0392,1.04017,1.03763,1.0388,6013
1738296000,1.03883,1.03944,1.03822,1.03883,6934
1738310400,1.03884,1.04122,1.03641,1.03832,15505
1738324800,1.03831,1.03949,1.03713,1.03816,14813
1738339200,1.03818,1.04331,1.03593,1.04195,24290
1738353600,1.04194,1.04212,1.03492,1.03575,23303
1738540800,1.02414,1.0269,1.021,1.02374,19705
1738555200,1.02374,1.02429,1.02118,1.02398,16227
1738569600,1.02397,1.02538,1.02123,1.023,20991
1738584000,1.02297,1.02864,1.02295,1.02633,20262
1738598400,1.02633,1.0335,1.02421,1.02794,39014
1738612800,1.02791,1.03493,1.027,1.03342,14730
1738627200,1.0334,1.03495,1.03081,1.03215,6982
1738641600,1.03215,1.03234,1.02715,1.02927,12167
1738656000,1.02928,1.03489,1.02917,1.03381,15959
1738670400,1.0338,1.03428,1.03196,1.03399,12075
1738684800,1.03401,1.03868,1.03395,1.03762,22104
1738699200,1.03761,1.0387,1.03739,1.03799,7728
1738713600,1.03787,1.0386,1.0369,1.03729,5751
1738728000,1.03728,1.03856,1.03725,1.03772,5390
1738742400,1.03772,1.04162,1.03737,1.04034,15857
1738756800,1.04034,1.043,1.04003,1.04073,14869
1738771200,1.04073,1.04414,1.04056,1.04194,19496
1738785600,1.04193,1.04211,1.03964,1.03985,7066
1738800000,1.03991,1.04048,1.03944,1.0402,4320
1738814400,1.04019,1.04048,1.03848,1.03858,6259
1738828800,1.03859,1.03919,1.03557,1.0359,12869
1738843200,1.0359099999999999,1.03671,1.03521,1.03599,16218
1738857600,1.03598,1.03798,1.03593,1.03785,15893
1738872000,1.03785,1.03959,1.03735,1.03842,7726
1738886400,1.03839,1.03902,1.03738,1.03833,3714
1738900800,1.03833,1.03856,1.03735,1.03746,4996
1738915200,1.03746,1.03994,1.03721,1.03906,9137
1738929600,1.03906,1.04116,1.03488,1.0363,14556
1738944000,1.0363,1.03883,1.03046,1.03212,32220
1738958400,1.03212,1.03378,1.03203,1.03254,8343
1739145600,1.02955,1.03177,1.02878,1.03024,5560
1739160000,1.03026,1.0321,1.02981,1.03157,4572
1739174400,1.03157,1.03342,1.03063,1.03265,11105
1739188800,1.03264,1.03359,1.03081,1.03209,10600
1739203200,1.03209,1.03229,1.03038,1.03119,11472
1739217600,1.03118,1.03156,1.03045,1.03058,4555
1739232000,1.03057,1.0307,1.02978,1.03015,3222
1739246400,1.03015,1.03053,1.02916,1.03042,5265
1739260800,1.03042,1.03215,1.02993,1.03174,9793
1739275200,1.03174,1.03281,1.03139,1.03218,8843
1739289600,1.03219,1.03508,1.03212,1.03449,12674
1739304000,1.03448,1.03809,1.03414,1.03601,7404
1739318400,1.03599,1.0366900000000001,1.03534,1.036,3336
1739332800,1.036,1.03672,1.03545,1.0358,5575
1739347200,1.03581,1.03794,1.03565,1.0373,9446
1739361600,1.03731,1.03852,1.03166,1.03328,15174
1739376000,1.03328,1.04268,1.03248,1.04257,27899
1739390400,1.04257,1.04292,1.03811,1.03817,9647
1739404800,1.03816,1.04012,1.03816,1.03993,4001
1739419200,1.03992,1.04379,1.0396,1.04345,10005
1739433600,1.04343,1.04395,1.04097,1.04226,14258
1739448000,1.04225,1.04285,1.03751,1.03921,16296
1739462400,1.0392,1.04448,1.03812,1.04249,20618
1739476800,1.0425,1.04665,1.03725,1.04643,14897
1739491200,1.04639,1.04677,1.04556,1.04588,4513
1739505600,1.04587,1.04634,1.04466,1.04522,5155
1739520000,1.04523,1.04872,1.04514,1.04807,12782
1739534400,1.04807,1.04971,1.04565,1.04877,12585
1739548800,1.04878,1.05137,1.04867,1.05067,15730
1739563200,1.05067,1.05075,1.04879,1.04884,5661
1739750400,1.04851,1.05059,1.04845,1.05048,4106
1739764800,1.05048,1.05048,1.04843,1.04894,6931
1739779200,1.04894,1.04948,1.04706,1.04738,10872
1739793600,1.04737,1.04888,1.04665,1.04736,7900
1739808000,1.04737,1.04841,1.04704,1.04819,5696
1739822400,1.0482,1.04848,1.04787,1.04841,1765
1739836800,1.04821,1.04856,1.0462,1.04656,4032
1739851200,1.04656,1.04718,1.04517,1.04545,5802
1739865600,1.04544,1.04688,1.04542,1.04635,10723
1739880000,1.04633,1.04666,1.04414,1.04442,9040
1739894400,1.04441,1.04689,1.04386,1.04454,11570
1739908800,1.04454,1.04493,1.04346,1.04463,6168
1739923200,1.04459,1.0451,1.04406,1.04459,3415
1739937600,1.0446,1.04558,1.04442,1.04558,3552
1739952000,1.04557,1.04608,1.04279,1.04287,9170
1739966400,1.04286,1.04346,1.0418,1.04334,11638
1739980800,1.04334,1.04407,1.04004,1.0409,13956
1739995200,1.04091,1.0432,1.04081,1.04237,6491
1740009600,1.0422,1.04322,1.04169,1.04208,4836
1740024000,1.04208,1.04371,1.04197,1.04271,7270
1740038400,1.04271,1.04414,1.04231,1.04366,9273
1740052800,1.04365,1.04542,1.04303,1.04475,10996
1740067200,1.04476,1.04941,1.04414,1.04887,17134
1740081600,1.04886,1.05028,1.04847,1.05004,7236
1740096000,1.04994,1.05047,1.04839,1.04862,4302
1740110400,1.04862,1.05043,1.04859,1.04924,5865
1740124800,1.04924,1.0499,1.04662,1.04686,12893
1740139200,1.04687,1.04773,1.04588,1.04747,9710
1740153600,1.04747,1.0492,1.04489,1.04625,16438
1740168000,1.04625,1.04674,1.04503,1.04589,9298
1740355200,1.04672,1.05202,1.04607,1.05175,9887
1740369600,1.05174,1.05278,1.05096,1.05158,8883
1740384000,1.05158,1.05158,1.04684,1.04716,14648
1740398400,1.04715,1.04807,1.04598,1.04664,10665
1740412800,1.04664,1.04832,1.04523,1.0472,16088
1740427200,1.04719,1.04853,1.04615,1.04666,9733
1740441600,1.04663,1.04687,1.0459,1.04646,3162
1740456000,1.04647,1.04776,1.04647,1.04765,5703
1740470400,1.04764,1.04795,1.04557,1.04726,12835
1740484800,1.04727,1.0509,1.04648,1.04995,12443
1740499200,1.04997,1.05188,1.04834,1.05017,17997
1740513600,1.0501800000000001,1.05186,1.05017,1.05138,8469
1740528000,1.05131,1.05244,1.0509,1.05147,4311
1740542400,1.05147,1.05164,1.04899,1.0491,6849
1740556800,1.04913,1.0511,1.04867,1.04965,12269
1740571200,1.04965,1.05014,1.04744,1.04836,12205
1740585600,1.04836,1.05281,1.04788,1.04918,21229
1740600000,1.04918,1.04999,1.04781,1.04824,11273
1740614400,1.04818,1.04918,1.04725,1.04778,3526
1740628800,1.04778,1.04799,1.04586,1.04644,5866
1740643200,1.04645,1.04846,1.04633,1.04837,10254
1740657600,1.04836,1.0489,1.04186,1.04229,15626
1740672000,1.0423,1.04412,1.03998,1.04068,25020
1740686400,1.04069,1.04172,1.03964,1.03968,8203
1740700800,1.0397,1.04036,1.0384,1.03845,5048
1740715200,1.03844,1.0391,1.03799,1.03884,6640
1740729600,1.03883,1.04074,1.03821,1.03948,12811
1740744000,1.03947,1.04157,1.03919,1.04063,10961
1740758400,1.04063,1.04194,1.03889,1.0396,21025
1740772800,1.0396,1.03976,1.03595,1.0375,15204
1740960000,1.04033,1.04223,1.03989,1.0419100000000001,7627
1740974400,1.0419,1.04228,1.04095,1.04139,6765
1740988800,1.0414,1.04285,1.0388,1.04269,12704
1741003200,1.04269,1.04758,1.04268,1.04714,18486
1741017600,1.04714,1.05031,1.04683,1.04899,19299
1741032000,1.04899,1.05033,1.04661,1.04852,16418
1741046400,1.04855,1.04956,1.04761,1.04878,7994
1741060800,1.04879,1.04895,1.04707,1.0483,9321
1741075200,1.04829,1.05267,1.04786,1.05117,19104
1741089600,1.05116,1.05591,1.05017,1.05384,20208
1741104000,1.05385,1.0548,1.04958,1.05412,27495
1741118400,1.05412,1.06265,1.05373,1.06234,21627
1741132800,1.06227,1.06363,1.0608,1.06123,9286
1741147200,1.06124,1.0632,1.06016,1.0631,10853
1741161600,1.06309,1.07218,1.06238,1.07112,26590
1741176000,1.07112,1.07223,1.06759,1.07154,23782
1741190400,1.07153,1.07873,1.07134,1.07847,35781
1741204800,1.07849,1.07962,1.07634,1.07896,14243
1741219200,1.07891,1.08196,1.07866,1.08147,7698
1741233600,1.08147,1.0818699999999999,1.07837,1.08098,11511
1741248000,1.08097,1.08216,1.07797,1.07994,26155
1741262400,1.07994,1.08445,1.07823,1.08256,21662
1741276800,1.08255,1.08532,1.07911,1.07966,35435
1741291200,1.07963,1.08108,1.07651,1.07844,13976
1741305600,1.07835,1.07954,1.0779,1.07896,5557
1741320000,1.07897,1.08171,1.07842,1.08129,7316
1741334400,1.08129,1.08708,1.08076,1.0861,19870
1741348800,1.0861,1.08883,1.08407,1.08447,22401
1741363200,1.08442,1.08856,1.08314,1.08427,30682
1741377600,1.08426,1.08508,1.08252,1.08358,11015
1741564800,1.08376,1.08707,1.08372,1.08526,9502
1741579200,1.08525,1.08554,1.08275,1.08346,7451
1741593600,1.08345,1.0856,1.08045,1.08507,20629
1741608000,1.08508,1.08742,1.08121,1.08346,22605
1741622400,1.08346,1.08475,1.08203,1.08293,22146
1741636800,1.08291,1.08352,1.08172,1.08341,8819
1741651200,1.0834,1.08582,1.08319,1.08575,7464
1741665600,1.08575,1.08609,1.0835,1.08378,8902
1741680000,1.08378,1.09204,1.08361,1.0908,23223
1741694400,1.09079,1.09301,1.08807,1.09185,18975
1741708800,1.09186,1.09344,1.08946,1.09335,24409
1741723200,1.09337,1.09466,1.09095,1.09103,12316
1741737600,1.09104,1.09179,1.09049,1.09059,5044
1741752000,1.0906,1.0911,1.08947,1.0903,5859
1741766400,1.09029,1.09259,1.0887,1.09139,19653
1741780800,1.0914,1.09311,1.08752,1.08816,24983
1741795200,1.08815,1.09273,1.08806,1.09063,20700
1741809600,1.09063,1.0909,1.08792,1.08856,7947
1741824000,1.08845,1.08928,1.08819,1.08886,4556
1741838400,1.08886,1.08966,1.0878700000000001,1.08846,6532
1741852800,1.08846,1.08849,1.08587,1.0878700000000001,17808
1741867200,1.08789,1.08823,1.0822,1.08469,22796
1741881600,1.08469,1.08777,1.08456,1.08541,20056
1741896000,1.08542,1.08574,1.08444,1.08513,6489
1741910400,1.08514,1.08577,1.08401,1.08404,4934
1741924800,1.08403,1.08509,1.08337,1.08501,5605
1741939200,1.08501,1.08616,1.08302,1.08517,15024
1741953600,1.08517,1.09121,1.0851,1.0873599999999999,23344
1741968000,1.0873599999999999,1.0889199999999999,1.08651,1.08817,16694
1741982400,1.08816,1.08858,1.08729,1.08775,4810
1742169600,1.08794,1.08898,1.08737,1.08823,4922
1742184000,1.08822,1.08933,1.08733,1.08771,5226
1742198400,1.08771,1.08999,1.08681,1.08992,13769
1742212800,1.08993,1.09113,1.08869,1.09043,15950
1742227200,1.09043,1.09292,1.09016,1.09135,15742
1742241600,1.09135,1.09273,1.09122,1.09196,5405
1742256000,1.09199,1.09221,1.09117,1.09128,3374
1742270400,1.09129,1.09155,1.09058,1.09074,3865
1742284800,1.09074,1.09542,1.0903100000000001,1.09495,12587
1742299200,1.09495,1.09516,1.0892,1.0912,15743
1742313600,1.09121,1.09514,1.08961,1.09493,17703
1742328000,1.09494,1.09508,1.09401,1.09443,4627
1742342400,1.09436,1.09452,1.09311,1.09366,2992
1742356800,1.09367,1.09446,1.09275,1.09308,3925
1742371200,1.09307,1.0932,1.08727,1.09019,15886
1742385600,1.0902,1.09171,1.0890900000000001,1.08939,13676
1742400000,1.08938,1.09,1.08599,1.08688,12843
1742414400,1.08668,1.09128,1.08632,1.09037,16082
1742428800,1.09036,1.09156,1.0903,1.09052,5294
1742443200,1.09053,1.09167,1.08903,1.0895,5946
1742457600,1.08949,1.08984,1.08379,1.08517,15329
1742472000,1.08519,1.08552,1.08142,1.08249,16764
1742486400,1.08251,1.08518,1.08221,1.08439,14780
1742500800,1.0844,1.08586,1.08413,1.08534,4356
1742515200,1.08534,1.0858,1.0848,1.08518,4368
1742529600,1.08518,1.08545,1.08191,1.0828,6110
1742544000,1.08281,1.0845,1.08235,1.08251,11071
1742558400,1.08252,1.08608,1.0824799999999999,1.08315,14016
1742572800,1.08316,1.08351,1.0795,1.08222,16664
1742587200,1.08221,1.08264,1.08107,1.08111,5249
1742774400,1.08172,1.08393,1.0816,1.08255,6488
1742788800,1.08255,1.08315,1.08165,1.08286,6894
1742803200,1.08286,1.08577,1.08275,1.08388,15295
1742817600,1.08389,1.08544,1.07921,1.07931,13523
1742832000,1.07928,1.08197,1.07811,1.07872,16548
1742846400,1.0787,1.08127,1.07836,1.07992,5361
1742860800,1.07991,1.08077,1.07943,1.08018,3506
1742875200,1.08019,1.08084,1.07937,1.08025,4875
1742889600,1.08024,1.0804,1.07764,1.08001,11948
1742904000,1.08,1.08296,1.07986,1.08171,14485
1742918400,1.08169,1.08211,1.07962,1.08091,14500
1742932800,1.0809,1.0809,1.07894,1.07908,5198
1742947200,1.07917,1.07949,1.07775,1.0793,4953
1742961600,1.0793,1.07966,1.07774,1.07846,4690
1742976000,1.07846,1.08023,1.07808,1.07953,13212
1742990400,1.07952,1.0801,1.07671,1.07744,14046
1743004800,1.07742,1.07948,1.07514,1.07562,17291
1743019200,1.07561,1.07609,1.07346,1.07362,6495
1743033600,1.07361,1.07684,1.07324,1.07648,6407
1743048000,1.07648,1.07865,1.07633,1.07687,5106
1743062400,1.07685,1.0782,1.07537,1.07702,15494
1743076800,1.07703,1.0799,1.0766,1.07796,14071
1743091200,1.07798,1.08206,1.07768,1.07893,17227
1743105600,1.07892,1.08018,1.07878,1.07973,4397
1743120000,1.07973,1.08005,1.07876,1.0793,3727
1743134400,1.07931,1.07964,1.0784,1.07903,4754
1743148800,1.07902,1.07993,1.07683,1.07731,11116
1743163200,1.07732,1.08162,1.07641,1.08099,15083
1743177600,1.081,1.08441,1.08087,1.0819,17162
1743192000,1.0819,1.08357,1.08134,1.0826500000000001,5305
1743379200,1.08233,1.0841,1.08048,1.0841,6921
1743393600,1.08411,1.08452,1.08286,1.08337,6648
1743408000,1.08336,1.08488,1.08112,1.08269,16682
1743422400,1.08268,1.083,1.08005,1.08032,13321
1743436800,1.08031,1.08208,1.07834,1.08111,19541
1743451200,1.08111,1.08192,1.08066,1.08167,6602
1743465600,1.08166,1.0826,1.08135,1.08246,3012
1743480000,1.08246,1.08296,1.08165,1.08246,6387
1743494400,1.08247,1.0824799999999999,1.07984,1.08174,12658
1743508800,1.08174,1.08287,1.07776,1.07867,15849
1743523200,1.07866,1.0812,1.0778699999999999,1.07992,19214
1743537600,1.07993,1.08041,1.07847,1.07947,5937
1743552000,1.07927,1.08072,1.07877,1.07898,3431
1743566400,1.0789900000000001,1.08013,1.07866,1.07921,4513
1743580800,1.07922,1.08013,1.07798,1.07971,10482
1743595200,1.07971,1.08191,1.07855,1.08186,12635
1743609600,1.08185,1.08722,1.0814300000000001,1.08516,18635
1743624000,1.08516,1.09238,1.08105,1.08422,16142
1743638400,1.08411,1.09104,1.08044,1.08903,18134
1743652800,1.08903,1.0924,1.08861,1.09063,14785
1743667200,1.09063,1.10201,1.0906,1.10087,26856
1743681600,1.10089,1.11459,1.10033,1.10813,34223
1743696000,1.10812,1.11345,1.10323,1.10381,35717
1743710400,1.1038000000000001,1.10521,1.10153,1.10521,13236
1743724800,1.10511,1.10707,1.10362,1.10601,9380
1743739200,1.106,1.10981,1.10567,1.10868,15930
1743753600,1.10869,1.11071,1.09749,1.09958,27552
1743768000,1.09958,1.10885,1.0964,1.10193,47329
1743782400,1.10194,1.10476,1.09596,1.09708,53513
1743796800,1.09707,1.09764,1.09238,1.09627,27053
1743984000,1.08822,1.10005,1.08764,1.09664,31464
1743998400,1.09664,1.0987,1.09193,1.09844,21704
1744012800,1.09843,1.10495,1.09673,1.09915,43891
1744027200,1.09913,1.09958,1.09347,1.09732,40926
1744041600,1.09731,1.09821,1.09008,1.09316,51419
1744056000,1.09317,1.09517,1.09015,1.09054,20604
1744070400,1.09019,1.09498,1.09011,1.09394,8054
1744084800,1.09393,1.09798,1.09377,1.09754,15165
1744099200,1.09754,1.09913,1.0921,1.09361,28710
1744113600,1.09359,1.0968,1.09107,1.0948,28535
1744128000,1.0948,1.09552,1.08879,1.09292,37236
1744142400,1.09291,1.09774,1.09256,1.09541,24648
1744156800,1.0949,1.10161,1.09448,1.10143,13996
1744171200,1.10144,1.10686,1.1009,1.10683,29093
1744185600,1.1068,1.10891,1.09975,1.10269,46717
1744200000,1.1027,1.10946,1.10087,1.1075,39831
1744214400,1.10751,1.10814,1.10129,1.10196,33801
1744228800,1.1019700000000001,1.10625,1.09126,1.0949200000000001,42516
1744243200,1.09452,1.09861,1.09425,1.0985800000000001,12332
1744257600,1.09857,1.09887,1.09608,1.09822,16256
1744272000,1.09822,1.10473,1.09622,1.1037,30298
1744286400,1.1037,1.11311,1.10331,1.10967,32405
1744300800,1.10967,1.12284,1.10901,1.11964,44845
1744315200,1.11965,1.1241,1.11581,1.12013,28199
1744329600,1.11898,1.13842,1.1184,1.13098,22316
1744344000,1.13097,1.1354,1.12755,1.1322,28361
1744358400,1.1322,1.14733,1.12458,1.14268,43292
1744372800,1.14267,1.14267,1.13197,1.13949,42180
1744387200,1.13949,1.14118,1.12761,1.1305399999999999,46960
1744401600,1.13052,1.13528,1.12818,1.13509,19544
1744588800,1.13125,1.13702,1.13116,1.13648,13649
1744603200,1.13649,1.14086,1.13574,1.1367099999999999,19445
1744617600,1.13675,1.14241,1.13523,1.13872,28633
1744632000,1.13871,1.14074,1.13341,1.13385,24960
1744646400,1.13384,1.13814,1.12954,1.13302,31619
1744660800,1.13303,1.13692,1.13279,1.13503,12867
1744675200,1.13442,1.13604,1.13169,1.13282,7138
1744689600,1.13282,1.13628,1.13154,1.13564,11779
1744704000,1.13564,1.13785,1.13201,1.13463,22040
1744718400,1.13463,1.13555,1.13084,1.13123,22870
1744732800,1.13122,1.1329,1.12636,1.12738,29855
1744747200,1.1273900000000001,1.12894,1.12658,1.12821,10648
1744761600,1.12797,1.13213,1.12792,1.13165,9019
1744776000,1.13167,1.13475,1.13159,1.13457,13712
1744790400,1.13457,1.13917,1.13377,1.13691,26147
1744804800,1.1369,1.13773,1.13401,1.1351,27952
1744819200,1.13509,1.13866,1.13491,1.13744,27735
1744833600,1.13744,1.1412200000000001,1.13587,1.13968,18287
1744848000,1.13963,1.14086,1.13644,1.13675,8358
1744862400,1.13675,1.13813,1.1354899999999999,1.13617,12930
1744876800,1.13618,1.13879,1.13428,1.1378,19734
1744891200,1.1378,1.13803,1.13348,1.13559,22318
1744905600,1.13561,1.13853,1.13381,1.13501,28486
1744920000,1.135,1.1376,1.13404,1.13653,10532
1744934400,1.13589,1.13852,1.13585,1.1372,3620
1744948800,1.1372,1.13777,1.1367,1.13682,13092
1744963200,1.13683,1.13766,1.13578,1.13702,13709
1744977600,1.13702,1.13859,1.13669,1.13822,12848
1744992000,1.13821,1.13969,1.13758,1.13919,8572
1745006400,1.13919,1.13948,1.13898,1.13917,3140
1745193600,1.13938,1.1486,1.1389,1.14656,12331
1745208000,1.14657,1.15318,1.14645,1.1516899999999999,14401
1745222400,1.1516899999999999,1.15669,1.15044,1.15577,18388
1745236800,1.15577,1.15728,1.15128,1.15419,17725
1745251200,1.1542,1.15424,1.14811,1.1509,20309
1745265600,1.1509,1.15263,1.1493,1.15121,8537
1745280000,1.15087,1.15245,1.14815,1.14898,8520
1745294400,1.14899,1.15399,1.14853,1.15296,15067
1745308800,1.15297,1.15468,1.14828,1.14992,26870
1745323200,1.14992,1.15073,1.14612,1.14696,21182
1745337600,1.14697,1.14917,1.14326,1.14334,23395
1745352000,1.14335,1.14536,1.14172,1.14189,10905
1745366400,1.14199,1.14238,1.13069,1.13964,18197
1745380800,1.1396600000000001,1.14148,1.13704,1.13895,16014
1745395200,1.13896,1.14148,1.13707,1.14124,24030
1745409600,1.14124,1.1439300000000001,1.13856,1.1405,18428
1745424000,1.14048,1.14119,1.13272,1.13395,37955
1745438400,1.13394,1.13435,1.13101,1.13128,10903
1745452800,1.13129,1.13463,1.13129,1.13431,8212
1745467200,1.13431,1.1357,1.13318,1.13387,11319
1745481600,1.13387,1.13925,1.13303,1.13801,18426
1745496000,1.13799,1.1394199999999999,1.13574,1.1376,17234
1745510400,1.13761,1.13869,1.13471,1.13797,20452
1745524800,1.13794,1.13972,1.13633,1.13932,8024
1745539200,1.13823,1.13909,1.13463,1.13468,6833
1745553600,1.13468,1.13586,1.13152,1.13345,13185
1745568000,1.13344,1.13678,1.13211,1.13499,18496
1745582400,1.13499,1.13662,1.13338,1.13518,16160
1745596800,1.13519,1.1388099999999999,1.13325,1.13681,17511
1745611200,1.13681,1.13821,1.13567,1.13598,7797
1745798400,1.13605,1.13642,1.13395,1.13633,4894
1745812800,1.13634,1.1372,1.13428,1.13716,8563
1745827200,1.13717,1.13804,1.13288,1.13432,16112
1745841600,1.13431,1.1372200000000001,1.13405,1.13506,14549
1745856000,1.13506,1.14218,1.1339,1.14109,22589
1745870400,1.1411,1.1424400000000001,1.13998,1.14229,9832
1745884800,1.14184,1.14211,1.13987,1.13993,5014
1745899200,1.13992,1.14194,1.13735,1.13776,10813
1745913600,1.13777,1.14115,1.13755,1.13847,17327
1745928000,1.13847,1.1414,1.13697,1.141,16562
1745942400,1.14099,1.14182,1.13784,1.14028,23647
1745956800,1.1402700000000001,1.14041,1.13756,1.13852,7956
1745971200,1.13808,1.13948,1.13763,1.13821,4756
1745985600,1.13821,1.13859,1.13545,1.13727,9354
1746000000,1.13727,1.13989,1.13619,1.13709,15082
1746014400,1.13712,1.13882,1.13555,1.13734,17299
1746028800,1.13731,1.13788,1.13227,1.1355,26800
1746043200,1.1354899999999999,1.13641,1.13168,1.13239,10563
1746057600,1.13259,1.1329500000000001,1.13181,1.13213,4110
1746072000,1.13212,1.13218,1.12992,1.13021,8611
1746086400,1.13021,1.13303,1.1287,1.13191,14868
1746100800,1.13191,1.13406,1.13076,1.1314899999999999,15269
1746115200,1.13146,1.13269,1.12654,1.12901,22179
1746129600,1.12903,1.12936,1.12746,1.12925,8768
1746144000,1.12854,1.12988,1.12737,1.12816,4856
1746158400,1.12815,1.1315,1.1278,1.13035,10119
1746172800,1.13037,1.13373,1.13018,1.13289,15709
1746187200,1.13292,1.13545,1.13029,1.13184,22068
1746201600,1.13183,1.13804,1.13141,1.13195,29755
1746216000,1.13194,1.13197,1.1292,1.12987,10204
1746403200,1.12985,1.1327,1.12901,1.13219,5615
1746417600,1.13218,1.13463,1.13218,1.13369,10494
1746432000,1.13371,1.13469,1.13109,1.13255,17732
1746446400,1.1326,1.13628,1.1326,1.13594,17784
1746460800,1.13594,1.13645,1.12987,1.13016,20204
1746475200,1.13016,1.13206,1.1296599999999999,1.13134,7127
1746489600,1.1312,1.1319,1.12803,1.12857,4530
1746504000,1.12856,1.13269,1.12793,1.13238,11742
1746518400,1.13239,1.13491,1.1313,1.13268,17754
1746532800,1.13267,1.13431,1.13049,1.13398,17632
1746547200,1.13398,1.13691,1.13258,1.13483,20630
1746561600,1.13485,1.13806,1.13485,1.13723,8241
1746576000,1.13633,1.13729,1.13248,1.13404,12554
1746590400,1.13402,1.13512,1.13259,1.13433,14455
1746604800,1.13432,1.13776,1.13425,1.13577,17159
1746619200,1.13575,1.13724,1.13467,1.13585,14177
1746633600,1.13584,1.13705,1.13365,1.13483,15955
1746648000,1.13483,1.13646,1.12911,1.1302,21017
1746662400,1.13019,1.1322,1.1299299999999999,1.13097,5461
1746676800,1.13097,1.13358,1.13077,1.13175,12617
1746691200,1.13175,1.13178,1.12698,1.12873,20133
1746705600,1.12873,1.13197,1.12747,1.12991,17975
1746720000,1.12991,1.13159,1.12201,1.12255,28605
1746734400,1.12254,1.123,1.12116,1.12291,10229
1746748800,1.12218,1.12328,1.12125,1.12264,5472
1746763200,1.12263,1.12293,1.11962,1.12274,12068
1746777600,1.12271,1.12586,1.12178,1.12559,14051
1746792000,1.12558,1.126,1.12419,1.12536,13214
1746806400,1.12535,1.12925,1.12527,1.1258,16144
1746820800,1.12579,1.12658,1.12467,1.12475,5187
1747008000,1.1192,1.12387,1.1192,1.12381,8238
1747022400,1.12381,1.12422,1.12219,1.12269,10591
1747036800,1.12271,1.12354,1.10819,1.1137,31557
1747051200,1.1137,1.11414,1.10713,1.1113,26173
1747065600,1.1113,1.1134,1.1083,1.1084,23521
1747080000,1.1084,1.1096300000000001,1.1065,1.10874,9308
1747094400,1.10888,1.11059,1.10845,1.11036,5758
1747108800,1.11036,1.11168,1.10986,1.11163,9457
1747123200,1.11164,1.1124,1.11012,1.11116,16340
1747137600,1.11114,1.11308,1.10965,1.113,15297
1747152000,1.113,1.11823,1.1127,1.11754,23219
1747166400,1.11755,1.11942,1.11671,1.1187,6774
1747180800,1.11846,1.11966,1.11817,1.11917,4999
1747195200,1.11917,1.12003,1.11825,1.11884,11340
1747209600,1.11882,1.12517,1.11797,1.1238,19750
1747224000,1.12381,1.12653,1.12088,1.12247,20099
1747238400,1.12248,1.12342,1.11751,1.11886,22795
1747252800,1.11885,1.11964,1.11642,1.1173,8780
1747267200,1.1174,1.1194,1.11697,1.1191,5096
1747281600,1.11911,1.12008,1.11884,1.11923,9646
1747296000,1.11924,1.12274,1.11849,1.12094,15313
1747310400,1.12093,1.12134,1.11789,1.12093,14464
1747324800,1.12092,1.12232,1.11721,1.11801,20227
1747339200,1.11802,1.11886,1.11697,1.11857,6412
1747353600,1.11853,1.1207799999999999,1.1179000000000001,1.12043,5698
1747368000,1.12043,1.12082,1.11958,1.12025,8632
1747382400,1.12024,1.12191,1.11966,1.11985,13049
1747396800,1.11984,1.12083,1.11876,1.11967,12683
1747411200,1.11966,1.12054,1.11306,1.11444,18495
1747425600,1.11446,1.11615,1.11389,1.11601,6667
1747612800,1.11776,1.11981,1.11692,1.11966,7421
1747627200,1.11968,1.11986,1.11719,1.11833,10459
1747641600,1.11834,1.12585,1.1176,1.12569,18038
1747656000,1.1257,1.12877,1.12545,1.12563,18712
1747670400,1.12564,1.12646,1.12289,1.12347,19643
1747684800,1.12349,1.1244,1.12235,1.12427,6253
1747699200,1.12405,1.12427,1.12176,1.12272,3902
1747713600,1.12273,1.12509,1.12258,1.12418,10237
1747728000,1.12417,1.1277300000000001,1.12413,1.12578,17032
1747742400,1.12578,1.12665,1.12231,1.12338,13066
1747756800,1.12336,1.12694,1.12243,1.12561,17537
1747771200,1.1256,1.12842,1.12542,1.1283400000000001,6887
1747785600,1.12793,1.13008,1.1279,1.12948,4840
1747800000,1.12948,1.13395,1.12863,1.13284,11053
1747814400,1.13284,1.13527,1.13117,1.13221,18267
1747828800,1.13221,1.13615,1.13142,1.13342,16567
1747843200,1.13342,1.13538,1.13228,1.134,17875
1747857600,1.13399,1.13623,1.13151,1.13299,11881
1747872000,1.13238,1.13431,1.13105,1.13268,8104
1747886400,1.13268,1.1344400000000001,1.13168,1.13324,11891
1747900800,1.13325,1.13415,1.12948,1.13014,19979
1747915200,1.13013,1.13143,1.12843,1.12944,18531
1747929600,1.12944,1.13085,1.12653,1.1268799999999999,21157
1747944000,1.1268799999999999,1.12853,1.12554,1.12801,7348
1747958400,1.12777,1.12996,1.12777,1.12964,4788
1747972800,1.12965,1.13203,1.12946,1.13174,7593
1747987200,1.13174,1.1344,1.13076,1.13414,13060
1748001600,1.13413,1.13751,1.12969,1.1333,26462
1748016000,1.13329,1.13591,1.13105,1.13578,20278
1748030400,1.13577,1.1368800000000001,1.13512,1.13642,7142
1748217600,1.13638,1.13972,1.13588,1.13964,8159
1748232000,1.13964,1.1418300000000001,1.13877,1.14089,10839
1748246400,1.1408800000000001,1.14179,1.13824,1.13841,14028
1748260800,1.13841,1.13864,1.13684,1.13746,9423
1748275200,1.13746,1.13849,1.13727,1.13828,7391
1748289600,1.13828,1.13876,1.13781,1.13863,1423
1748304000,1.13792,1.14025,1.13787,1.13995,4249
1748318400,1.13995,1.14067,1.13772,1.13779,7908
1748332800,1.13779,1.13924,1.13366,1.13482,19174
1748347200,1.13481,1.13674,1.13402,1.13662,14822
1748361600,1.13663,1.1374900000000001,1.13227,1.13311,17303
1748376000,1.13311,1.1338300000000001,1.1326100000000001,1.1329,6369
1748390400,1.13272,1.13449,1.13238,1.1334,3512
1748404800,1.1334,1.13384,1.13001,1.13056,12214
1748419200,1.13057,1.13339,1.1295,1.13317,14622
1748433600,1.13316,1.13402,1.13069,1.13104,14450
1748448000,1.13103,1.13241,1.12833,1.12935,20021
1748462400,1.12933,1.13004,1.12838,1.12926,7798
1748476800,1.1290499999999999,1.12965,1.12097,1.12342,14315
1748491200,1.12341,1.12564,1.12231,1.12472,12369
1748505600,1.12473,1.12822,1.12304,1.12715,16552
1748520000,1.12714,1.13493,1.12675,1.13489,17174
1748534400,1.13491,1.13794,1.13387,1.13709,20713
1748548800,1.13709,1.1384,1.13604,1.13684,7340
1748563200,1.13674,1.13843,1.13639,1.13719,6057
1748577600,1.1372200000000001,1.13893,1.1345,1.1345399999999999,11471
1748592000,1.13455,1.1354,1.13229,1.13236,14606
1748606400,1.13235,1.1358,1.13226,1.13456,15894
1748620800,1.13458,1.13578,1.13121,1.13499,24545
1748635200,1.13499,1.13666,1.13447,1.13467,8449
1748822400,1.13432,1.13742,1.13432,1.13681,5461
1748836800,1.1368,1.13817,1.13538,1.13649,9140
1748851200,1.1365,1.14363,1.13633,1.14197,14765
1748865600,1.14197,1.14363,1.14086,1.14178,15237
1748880000,1.14179,1.14493,1.14038,1.1418,19935
1748894400,1.1418,1.14458,1.14157,1.14419,7921
1748908800,1.1437,1.14541,1.14349,1.14429,4000
1748923200,1.14429,1.14429,1.14156,1.14248,8460
1748937600,1.14248,1.14319,1.1405,1.14112,13208
1748952000,1.14112,1.14176,1.13766,1.13814,14081
1748966400,1.13815,1.13945,1.13635,1.13727,18153
1748980800,1.13728,1.13812,1.13672,1.13717,5066
1748995200,1.13711,1.13886,1.13695,1.13823,4440
1749009600,1.13823,1.13926,1.13643,1.13662,8817
1749024000,1.13663,1.14033,1.13567,1.13989,13681
1749038400,1.1399,1.14106,1.13744,1.14086,13737
1749052800,1.14089,1.1434,1.13924,1.14325,18199
1749067200,1.14328,1.1433,1.1409799999999999,1.142,5905
1749081600,1.14135,1.1429,1.14129,1.14286,4640
1749096000,1.14286,1.1434199999999999,1.14073,1.14097,9083
1749110400,1.1409799999999999,1.14246,1.14041,1.14124,10889
1749124800,1.14123,1.14483,1.14091,1.14289,16003
1749139200,1.1429,1.14945,1.1418,1.14474,27494
1749153600,1.14473,1.14478,1.14308,1.1443699999999999,8675
1749168000,1.1442,1.14568,1.1440299999999999,1.1449799999999999,3831
1749182400,1.1449799999999999,1.14519,1.14327,1.14394,6402
1749196800,1.14392,1.14418,1.14111,1.14142,11681
1749211200,1.14141,1.14309,1.13849,1.13962,15563
1749225600,1.13962,1.14158,1.13712,1.13867,23721
1749240000,1.13867,1.14015,1.13842,1.13926,6462
1749427200,1.13926,1.14108,1.13897,1.13934,3197
1749441600,1.13934,1.14248,1.13934,1.14177,5994
1749456000,1.14178,1.14355,1.14117,1.14279,10106
1749470400,1.1428,1.14388,1.13941,1.13997,10821
1749484800,1.13998,1.14251,1.1386,1.14239,12482
1749499200,1.14241,1.14304,1.14181,1.14181,4685
1749513600,1.14188,1.14352,1.14158,1.14238,3497
1749528000,1.14239,1.14277,1.13857,1.1399,9615
1749542400,1.13991,1.14142,1.13724,1.14078,17353
1749556800,1.14077,1.14399,1.1403,1.1431499999999999,12194
1749571200,1.14314,1.14471,1.14152,1.14231,13390
1749585600,1.1423,1.1436,1.1416,1.14246,5266
1749600000,1.14218,1.14387,1.14199,1.14204,4704
1749614400,1.14205,1.14262,1.14058,1.14151,7863
1749628800,1.14151,1.1438,1.14048,1.14303,10978
1749643200,1.14303,1.14887,1.1426,1.14601,17063
1749657600,1.14602,1.14957,1.14524,1.1489099999999999,19329
1749672000,1.1489099999999999,1.14989,1.14788,1.14869,8152
1749686400,1.14842,1.15263,1.14834,1.15209,6650
1749700800,1.15208,1.15286,1.15061,1.15148,10647
1749715200,1.15148,1.15467,1.15051,1.15438,16560
1749729600,1.15436,1.16309,1.15398,1.16093,23524
1749744000,1.16093,1.1616900000000001,1.15664,1.15757,21892
1749758400,1.15756,1.1587,1.15631,1.15859,7276
1749772800,1.15829,1.1614200000000001,1.1539,1.15583,11995
1749787200,1.15582,1.15599,1.15139,1.15247,16547
1749801600,1.15247,1.15601,1.15112,1.1528100000000001,19629
1749816000,1.1528,1.1535199999999999,1.14884,1.1515900000000001,21538
1749830400,1.15157,1.1569099999999999,1.15008,1.15539,20986
1749844800,1.1554,1.1555,1.15328,1.15473,11227
1750032000,1.15301,1.1546,1.15252,1.1534200000000001,7003
1750046400,1.15338,1.15436,1.15233,1.1535199999999999,9186
1750060800,1.1535199999999999,1.15861,1.1535199999999999,1.1578,16850
1750075200,1.15782,1.15856,1.15692,1.15835,13069
1750089600,1.15836,1.16143,1.15778,1.15835,20033
1750104000,1.15835,1.15845,1.15541,1.15614,8117
1750118400,1.156,1.1562000000000001,1.15422,1.15492,6405
1750132800,1.15492,1.15667,1.15453,1.15606,8714
1750147200,1.15606,1.15719,1.15448,1.15519,13361
1750161600,1.15516,1.15795,1.15473,1.1549800000000001,14726
1750176000,1.15499,1.15689,1.1498,1.15023,21425
1750190400,1.15023,1.1508099999999999,1.14743,1.1484,12730
1750204800,1.14838,1.14962,1.14739,1.14919,6193
1750219200,1.14918,1.15075,1.1489,1.15052,8551
1750233600,1.15051,1.15229,1.14979,1.15017,12981
1750248000,1.15018,1.15164,1.14913,1.15053,13026
1750262400,1.15053,1.15298,1.14837,1.15026,19424
1750276800,1.15025,1.15287,1.14602,1.14794,20059
1750291200,1.14738,1.14882,1.14703,1.1480299999999999,5084
1750305600,1.14804,1.14814,1.145,1.14687,10457
1750320000,1.14687,1.14787,1.14457,1.14761,15556
1750334400,1.14762,1.14869,1.14672,1.1477,13731
1750348800,1.1476899999999999,1.14842,1.1454,1.14561,11636
1750363200,1.1456,1.14997,1.1454900000000001,1.14983,3723
1750377600,1.14897,1.15234,1.14855,1.15223,5524
1750392000,1.15223,1.15319,1.15105,1.15265,9036
1750406400,1.15266,1.1529,1.15096,1.15221,12833
1750420800,1.15221,1.15344,1.15053,1.15122,13420
1750435200,1.15123,1.15366,1.14946,1.15354,18872
1750449600,1.15354,1.15433,1.15135,1.15216,6268
1750636800,1.14565,1.15067,1.14564,1.14887,8975
1750651200,1.1488800000000001,1.15062,1.14719,1.149,11168
1750665600,1.14901,1.15207,1.14798,1.14812,16446
1750680000,1.14812,1.14823,1.1453,1.14672,16795
1750694400,1.1467100000000001,1.15568,1.14642,1.15443,26099
1750708800,1.15444,1.15811,1.15401,1.15777,13672
1750723200,1.15762,1.16082,1.15719,1.15987,9400
1750737600,1.15988,1.16136,1.15861,1.1605699999999999,9858
1750752000,1.16056,1.16217,1.15794,1.1592,19024
1750766400,1.1592,1.16175,1.15915,1.16002,14872
1750780800,1.16002,1.16413,1.15816,1.16236,23137
1750795200,1.16234,1.1632,1.1608,1.16103,7098
1750809600,1.16056,1.16262,1.16031,1.16248,4377
1750824000,1.16246,1.16311,1.16107,1.16132,8304
1750838400,1.16132,1.1622,1.15896,1.16094,12448
1750852800,1.16093,1.16129,1.15896,1.15922,11976
1750867200,1.15923,1.16353,1.15897,1.16305,14589
1750881600,1.16305,1.16646,1.16267,1.16555,7041
1750896000,1.16549,1.16886,1.16533,1.16818,4882
1750910400,1.16818,1.17171,1.16671,1.16794,9164
1750924800,1.16793,1.17447,1.16712,1.17271,16792
1750939200,1.17271,1.17304,1.16895,1.17062,16408
1750953600,1.17064,1.17397,1.16899,1.17289,21718
1750968000,1.17288,1.17316,1.16937,1.16998,8112
1750982400,1.16981,1.16981,1.16804,1.16915,5165
1750996800,1.16913,1.17089,1.16845,1.16845,8073
1751011200,1.16846,1.17264,1.16831,1.17089,11725
1751025600,1.1709,1.17489,1.17007,1.17464,13200
1751040000,1.17464,1.17535,1.1705,1.17217,19428
1751054400,1.17218,1.17237,1.1687400000000001,1.17192,12554
1751241600,1.17228,1.1738,1.17154,1.17176,4723
1751256000,1.17175,1.1734,1.17112,1.17298,7703
1751270400,1.17297,1.17503,1.17131,1.1729,15084
1751284800,1.17289,1.17323,1.17073,1.1712799999999999,11170
1751299200,1.17127,1.17713,1.17102,1.1762,19769
1751313600,1.17619,1.17858,1.176,1.17817,8509
1751328000,1.17813,1.17973,1.1773500000000001,1.17969,4312
1751342400,1.17969,1.18072,1.17775,1.1785700000000001,7439
1751356800,1.17858,1.1817,1.17669,1.18041,13020
1751371200,1.18041,1.1829399999999999,1.17963,1.18031,13982
1751385600,1.18032,1.18114,1.17608,1.17648,20314
1751400000,1.17649,1.1806,1.17649,1.18049,8261
1751414400,1.18002,1.18076,1.17983,1.18071,3189
1751428800,1.18071,1.18095,1.17879,1.17957,6041
1751443200,1.17958,1.17977,1.17694,1.17751,10917
1751457600,1.17751,1.17878,1.17462,1.17561,17195
1751472000,1.17559,1.17934,1.1750099999999999,1.1788,20174
1751486400,1.17879,1.18026,1.17878,1.17958,6132
1751500800,1.17956,1.18081,1.1786699999999999,1.1806,3551
1751515200,1.1806,1.18095,1.17871,1.17888,5140
1751529600,1.17889,1.18094,1.17863,1.17973,10054
1751544000,1.17974,1.17996,1.17168,1.17378,15228
1751558400,1.17375,1.17889,1.17333,1.17517,20828
1751572800,1.17516,1.17592,1.17438,1.1756199999999999,3995
1751587200,1.17561,1.17708,1.17519,1.17665,3754
1751601600,1.17666,1.1779600000000001,1.17555,1.1779600000000001,6203
1751616000,1.17797,1.17849,1.1767,1.1774,11182
1751630400,1.17739,1.17816,1.17633,1.17661,9403
1751644800,1.1766,1.17869,1.17658,1.17739,8374
1751659200,1.1774,1.17813,1.17719,1.1774,7897
1751846400,1.17798,1.17897,1.1773,1.17794,3970
1751860800,1.17793,1.17801,1.17636,1.17655,7110
1751875200,1.17656,1.17731,1.17228,1.17238,11494
1751889600,1.17238,1.17355,1.17174,1.1722,9711
1751904000,1.17219,1.17449,1.16871,1.16936,14601
1751918400,1.16937,1.17232,1.16862,1.17079,9832
1751932800,1.17073,1.17471,1.17062,1.17429,5367
1751947200,1.17429,1.17495,1.17303,1.1741,7572
1751961600,1.17409,1.17648,1.17312,1.17483,12879
1751976000,1.17483,1.17499,1.17134,1.17205,10889
1751990400,1.17205,1.17216,1.16822,1.17082,16785
1752004800,1.17081,1.17292,1.1707,1.17252,8580
1752019200,1.17154,1.17285,1.17151,1.17239,3261
1752033600,1.1724,1.17252,1.1701,1.1712,7406
1752048000,1.17119,1.17279,1.17019,1.1712799999999999,11395
1752062400,1.1712799999999999,1.17191,1.16891,1.17148,11330
1752076800,1.17149,1.17239,1.17001,1.17045,12792
1752091200,1.17042,1.17227,1.17034,1.17203,5096
1752105600,1.17147,1.1749100000000001,1.17131,1.17433,3989
1752120000,1.17432,1.17439,1.173,1.17344,5181
1752134400,1.17344,1.17428,1.17256,1.17272,8596
1752148800,1.17271,1.17337,1.17012,1.17059,8969
1752163200,1.1706,1.17139,1.1662,1.1685,17027
1752177600,1.1685,1.16986,1.16811,1.16982,5681
1752192000,1.16968,1.17065,1.16643,1.16742,6105
1752206400,1.1674,1.16853,1.16682,1.16757,8269
1752220800,1.16758,1.16953,1.16699,1.16817,11270
1752235200,1.16817,1.17005,1.16808,1.16881,11832
1752249600,1.16879,1.17134,1.1673499999999999,1.16909,16491
1752264000,1.1691,1.16953,1.16783,1.16917,7829
1752451200,1.16616,1.16934,1.16602,1.16929,5996
1752465600,1.16929,1.16972,1.16722,1.16744,6533
1752480000,1.16743,1.16883,1.16538,1.16819,10311
1752494400,1.16819,1.16966,1.16791,1.16851,8910
1752508800,1.1685,1.16954,1.16597,1.16619,13480
1752523200,1.16618,1.1672500000000001,1.16587,1.16634,5235
1752537600,1.16606,1.16767,1.16598,1.16718,2849
1752552000,1.16718,1.16794,1.16648,1.16755,5051
1752566400,1.16754,1.1692,1.16713,1.16865,8573
1752580800,1.16864,1.16906,1.16618,1.16775,10664
1752595200,1.16774,1.1678600000000001,1.15932,1.15956,20918
1752609600,1.15957,1.16048,1.15924,1.16001,5036
1752624000,1.15978,1.16129,1.15971,1.16074,2580
1752638400,1.16073,1.16192,1.16056,1.1619,4232
1752652800,1.1619,1.16278,1.16121,1.16248,7964
1752667200,1.16248,1.16258,1.15926,1.15985,11208
1752681600,1.15982,1.17212,1.15617,1.1638600000000001,34822
1752696000,1.1638600000000001,1.16581,1.16199,1.16419,9004
1752710400,1.16338,1.16416,1.16167,1.16234,3275
1752724800,1.16233,1.16283,1.16131,1.16236,5459
1752739200,1.16236,1.16267,1.15726,1.1601,10848
1752753600,1.16011,1.16042,1.15564,1.15866,9104
1752768000,1.15866,1.16022,1.15773,1.15856,13377
1752782400,1.15855,1.1599599999999999,1.15794,1.15961,5758
1752796800,1.15903,1.16271,1.1589800000000001,1.16241,3244
1752811200,1.16241,1.16337,1.1617899999999999,1.16187,5001
1752825600,1.16186,1.16452,1.16115,1.16349,8539
1752840000,1.1635,1.1657899999999999,1.16316,1.16557,9330
1752854400,1.16558,1.16715,1.16259,1.1628,14990
1752868800,1.1628,1.16292,1.16165,1.16219,5637
1753056000,1.16222,1.16357,1.16183,1.16186,3574
1753070400,1.16185,1.16295,1.16141,1.16286,4013
1753084800,1.16285,1.16517,1.16272,1.16417,8403
1753099200,1.16418,1.16727,1.16331,1.16646,9150
1753113600,1.16646,1.17161,1.16573,1.16994,11815
1753128000,1.16996,1.1701,1.16855,1.16929,5246
1753142400,1.1689,1.16952,1.16831,1.16879,1987
1753156800,1.1688,1.16951,1.16822,1.16878,3057
1753171200,1.16879,1.17028,1.16812,1.1698,7284
1753185600,1.1698,1.17088,1.16825,1.16898,7791
1753200000,1.16899,1.17601,1.16783,1.17546,16018
1753214400,1.17547,1.17548,1.17415,1.17516,4349
1753228800,1.17531,1.17553,1.17331,1.17466,4113
1753243200,1.1746699999999999,1.17482,1.173,1.17344,5981
1753257600,1.17344,1.17524,1.17268,1.17322,9049
1753272000,1.17323,1.17389,1.17197,1.17245,9507
1753286400,1.17244,1.17602,1.17105,1.17505,15757
1753300800,1.17506,1.17747,1.17451,1.17707,7666
1753315200,1.17669,1.17779,1.17616,1.17667,2574
1753329600,1.17666,1.1779600000000001,1.17665,1.17737,5509
1753344000,1.17736,1.17776,1.17546,1.17574,9043
1753358400,1.17573,1.17588,1.17316,1.17356,9029
1753372800,1.17356,1.17883,1.173,1.1762,18058
1753387200,1.17621,1.17774,1.17449,1.17469,5442
1753401600,1.17391,1.17583,1.17387,1.17538,3001
1753416000,1.17538,1.1757900000000001,1.17333,1.17395,5123
1753430400,1.17395,1.17602,1.17368,1.17427,11172
1753444800,1.17426,1.17431,1.1711,1.17177,10201
1753459200,1.17179,1.17381,1.17025,1.17285,17666
1753473600,1.1728399999999999,1.17465,1.17283,1.17389,5343
1753660800,1.17586,1.17698,1.17504,1.17632,4320
1753675200,1.17633,1.17691,1.17452,1.17468,4849
1753689600,1.1746699999999999,1.17471,1.167,1.16785,12809
1753704000,1.16784,1.16839,1.16431,1.16573,15193
1753718400,1.16574,1.16615,1.15979,1.1598600000000001,16216
1753732800,1.15987,1.16011,1.15848,1.15878,5417
1753747200,1.15875,1.15971,1.1584,1.1584699999999999,2227
1753761600,1.15846,1.1598600000000001,1.15741,1.15881,5125
1753776000,1.1588,1.1589800000000001,1.15262,1.15686,14272
1753790400,1.15687,1.15879,1.15242,1.15242,9656
1753804800,1.15243,1.15511,1.15184,1.1541,14303
1753819200,1.15409,1.156,1.1537,1.15449,5250
1753833600,1.15453,1.15672,1.15446,1.15667,1931
1753848000,1.15668,1.15722,1.15499,1.15507,3884
1753862400,1.15505,1.1568100000000001,1.15397,1.15564,7237
1753876800,1.15563,1.156,1.14686,1.14725,11397
1753891200,1.14724,1.14846,1.14577,1.14733,12652
1753905600,1.14737,1.15028,1.14018,1.14056,17543
1753920000,1.14028,1.14369,1.14021,1.14337,3161
1753934400,1.14338,1.1437599999999999,1.14071,1.14352,5818
1753948800,1.14351,1.14602,1.1430500000000001,1.14495,9522
1753963200,1.14497,1.14505,1.14204,1.14282,9482
1753977600,1.14284,1.14495,1.14053,1.1421999999999999,14018
1753992000,1.14221,1.14325,1.14092,1.14141,5197
1754006400,1.14134,1.14284,1.14111,1.14238,3539
1754020800,1.14236,1.14283,1.14044,1.14186,4756
1754035200,1.14185,1.1437599999999999,1.14049,1.1406,6970
1754049600,1.14063,1.15583,1.13912,1.15451,15787
1754064000,1.15448,1.1587399999999999,1.15356,1.15389,30409
1754078400,1.15387,1.15962,1.15161,1.1595,11773
1754265600,1.15901,1.15949,1.15556,1.15574,4952
1754280000,1.1557,1.15854,1.1549800000000001,1.1574,6005
1754294400,1.1574200000000001,1.15826,1.15492,1.15575,10348
1754308800,1.15574,1.15879,1.15544,1.15747,10010
1754323200,1.15748,1.15879,1.15565,1.15717,13495
1754337600,1.15716,1.15771,1.15625,1.15747,5064
1754352000,1.15675,1.15873,1.15649,1.1571500000000001,2475
1754366400,1.15712,1.15736,1.15536,1.15577,3978
1754380800,1.15578,1.15618,1.15309,1.15362,7970
1754395200,1.15363,1.15479,1.15273,1.15367,10685
1754409600,1.15366,1.15855,1.1532,1.15823,16715
1754424000,1.15822,1.15826,1.1566,1.15757,5154
1754438400,1.1571500000000001,1.15846,1.15705,1.15734,2217
1754452800,1.15732,1.15856,1.15639,1.15824,3995
1754467200,1.15823,1.15876,1.157,1.15744,6744
1754481600,1.15745,1.1628,1.15737,1.16231,8851
1754496000,1.16231,1.16478,1.1617,1.16341,15863
1754510400,1.1634,1.1668,1.16323,1.16557,6738
1754524800,1.1653,1.16652,1.16504,1.16522,2732
1754539200,1.1652,1.16757,1.16491,1.16708,4340
1754553600,1.16707,1.16983,1.16676,1.16822,9105
1754568000,1.16824,1.16841,1.16338,1.16506,13551
1754582400,1.16505,1.16581,1.16105,1.16377,17242
1754596800,1.16376,1.16709,1.16189,1.16663,8229
1754611200,1.16625,1.1679,1.16602,1.16723,3588
1754625600,1.16722,1.16733,1.16545,1.1657899999999999,4571
1754640000,1.16577,1.1663999999999999,1.1634,1.16368,7800
1754654400,1.16365,1.16536,1.16283,1.16413,9725
1754668800,1.16412,1.16672,1.16408,1.16559,10919
1754683200,1.16558,1.16663,1.16358,1.16404,5988
1754870400,1.16433,1.16502,1.16415,1.1647,2576
1754884800,1.16469,1.1675,1.16449,1.16716,3641
1754899200,1.16715,1.16733,1.16435,1.16548,6336
1754913600,1.1654200000000001,1.16576,1.16136,1.16197,7762
1754928000,1.162,1.16271,1.15896,1.1607,10229
1754942400,1.16069,1.16187,1.15981,1.16182,4149
1754956800,1.16117,1.16195,1.16099,1.16149,2748
1754971200,1.16147,1.1627399999999999,1.16139,1.16272,3762
1754985600,1.16271,1.16285,1.16075,1.16144,9195
1755000000,1.16143,1.16552,1.15982,1.1642000000000001,13936
1755014400,1.16419,1.16966,1.1617,1.16794,23951
1755028800,1.16792,1.168,1.16641,1.16726,6345
1755043200,1.167,1.16802,1.16669,1.16794,2227
1755057600,1.16793,1.16871,1.1670099999999999,1.16837,4078
1755072000,1.16836,1.172,1.1676199999999999,1.17136,8915
1755086400,1.17135,1.17298,1.16968,1.16984,7678
1755100800,1.16983,1.17231,1.16923,1.17065,12266
1755115200,1.17063,1.17103,1.16954,1.17049,3882
1755129600,1.17008,1.17142,1.16986,1.17107,2149
1755144000,1.17107,1.17145,1.16986,1.17033,4487
1755158400,1.17032,1.1706,1.16673,1.16681,9526
1755172800,1.1668,1.16968,1.16489,1.16631,13046
1755187200,1.16632,1.16709,1.16306,1.16338,15155
1755201600,1.1634,1.16499,1.16308,1.16482,4514
1755216000,1.16476,1.16528,1.16455,1.16516,1840
1755230400,1.16515,1.16641,1.1648,1.16626,3337
1755244800,1.16623,1.16848,1.16608,1.16818,6975
1755259200,1.16817,1.16995,1.16731,1.16934,8120
1755273600,1.16933,1.17147,1.16812,1.17031,13411
1755288000,1.17033,1.17075,1.16982,1.17028,4214
1755475200,1.17084,1.1715200000000001,1.16998,1.17012,2555
1755489600,1.1701,1.17098,1.16931,1.17079,3747
1755504000,1.17078,1.17084,1.16705,1.16814,8036
1755518400,1.1681300000000001,1.16878,1.16656,1.16759,7927
1755532800,1.16758,1.1684,1.16555,1.16574,9054
1755547200,1.16573,1.167,1.16563,1.16614,4258
1755561600,1.16592,1.16739,1.16554,1.16578,2616
1755576000,1.16578,1.16617,1.1638600000000001,1.16602,5260
1755590400,1.16601,1.16839,1.1650800000000001,1.16745,8051
1755604800,1.16744,1.16923,1.1672,1.1675,7129
1755619200,1.1675,1.16777,1.1654,1.1656,9573
1755633600,1.16559,1.16602,1.16419,1.16461,3455
1755648000,1.16404,1.16482,1.16309,1.16383,2611
1755662400,1.16381,1.16417,1.16215,1.1634,5621
1755676800,1.16339,1.16463,1.16227,1.16374,9147
1755691200,1.16373,1.16731,1.16346,1.16708,8123
1755705600,1.16706,1.16714,1.16459,1.16594,11597
1755720000,1.16593,1.1672,1.16465,1.1651,5196
1755734400,1.16498,1.16551,1.16408,1.16463,2756
1755748800,1.16462,1.16499,1.16409,1.16449,4047
1755763200,1.1645,1.16608,1.16245,1.16543,7752
1755777600,1.16545,1.16622,1.16363,1.16462,8398
1755792000,1.16462,1.16494,1.16006,1.16107,14961
1755806400,1.16106,1.16181,1.16028,1.1605699999999999,3641
1755820800,1.16035,1.16161,1.16028,1.1614200000000001,2614
1755835200,1.16141,1.1615199999999999,1.15823,1.15839,4514
1755849600,1.1584,1.15992,1.15827,1.1599,6262
1755864000,1.15989,1.16132,1.1593,1.16082,6463
1755878400,1.1608100000000001,1.17316,1.1597,1.17215,24340
1755892800,1.17214,1.17421,1.17144,1.17209,7228
1756080000,1.17204,1.17251,1.16949,1.16975,2636
1756094400,1.16974,1.17073,1.16931,1.17053,3420
1756108800,1.17053,1.17201,1.16941,1.17037,6815
1756123200,1.17036,1.17041,1.1684700000000001,1.16994,6191
1756137600,1.16993,1.17085,1.1650800000000001,1.16543,10161
1756152000,1.1654200000000001,1.16554,1.16025,1.1620300000000001,7086
1756166400,1.16177,1.16595,1.16097,1.16475,6514
1756180800,1.16474,1.16497,1.16231,1.16315,6228
1756195200,1.16313,1.16437,1.16018,1.16175,11969
1756209600,1.16174,1.16601,1.1617,1.16459,10067
1756224000,1.16455,1.16648,1.16367,1.16482,12145
1756238400,1.16483,1.16522,1.1633,1.16414,5271
1756252800,1.1642000000000001,1.16468,1.16331,1.16363,2588
1756267200,1.1636199999999999,1.16403,1.16115,1.16136,3947
1756281600,1.16135,1.16233,1.15767,1.15883,8225
1756296000,1.15881,1.15977,1.15736,1.15858,7739
1756310400,1.15858,1.16403,1.15818,1.16379,12494
1756324800,1.16377,1.1642299999999999,1.1627399999999999,1.16372,5384
1756339200,1.16345,1.16488,1.16339,1.16453,2227
1756353600,1.16452,1.16543,1.16384,1.16393,3638
1756368000,1.16392,1.16491,1.16287,1.16419,7435
1756382400,1.16418,1.16865,1.16418,1.16692,10327
1756396800,1.1669100000000001,1.16896,1.16581,1.16888,12813
1756411200,1.16888,1.16967,1.16774,1.16815,4059
1756425600,1.16769,1.16817,1.16722,1.16743,2805
1756440000,1.16741,1.16759,1.16557,1.16643,4462
1756454400,1.16642,1.16898,1.16606,1.16753,7691
1756468800,1.1675200000000001,1.16821,1.16504,1.16582,9025
1756483200,1.1658,1.17084,1.1653,1.17012,13693
1756497600,1.17011,1.17027,1.16804,1.16863,3963
1756684800,1.16941,1.16976,1.16856,1.16967,2151
1756699200,1.16965,1.1714,1.1687400000000001,1.17079,4728
1756713600,1.17078,1.17358,1.17077,1.17348,7947
1756728000,1.17347,1.17358,1.17059,1.17071,7801
1756742400,1.17069,1.17155,1.16962,1.17042,7170
1756756800,1.17041,1.17132,1.17008,1.17117,1986
1756771200,1.17063,1.17173,1.17028,1.1703999999999999,2863
1756785600,1.17041,1.17063,1.16894,1.16928,5829
1756800000,1.16928,1.1706,1.16334,1.16445,14961
1756814400,1.16441,1.16526,1.16124,1.16168,15871
1756828800,1.16167,1.16821,1.16145,1.16436,17109
1756843200,1.16435,1.16477,1.16291,1.16419,4913
1756857600,1.1637,1.16431,1.16284,1.16327,2583
1756872000,1.16326,1.1635,1.16215,1.16313,4632
1756886400,1.16312,1.1657,1.16077,1.1656,10150
1756900800,1.16559,1.16643,1.16392,1.16478,9523
1756915200,1.1648,1.16816,1.16381,1.16749,14563
1756929600,1.16748,1.16766,1.16551,1.16606,5019
1756944000,1.1658,1.16623,1.16541,1.16582,2885
1756958400,1.16582,1.16689,1.16499,1.16511,4819
1756972800,1.1651,1.16607,1.16435,1.1656900000000001,7339
1756987200,1.1656900000000001,1.16591,1.16293,1.16454,10326
1757001600,1.16453,1.16552,1.16309,1.16391,12791
1757016000,1.1639,1.16519,1.1634,1.16511,3737
1757030400,1.16465,1.16602,1.16446,1.16592,2744
1757044800,1.16591,1.1674,1.16591,1.1666400000000001,3660
1757059200,1.16665,1.1684,1.16646,1.16828,6320
1757073600,1.16827,1.17494,1.16772,1.17338,13728
1757088000,1.17341,1.1759,1.17134,1.17384,21919
1757102400,1.17383,1.17386,1.17127,1.17205,5504
1757289600,1.1712,1.17188,1.17031,1.17124,4377
1757304000,1.17123,1.17171,1.17056,1.17126,5569
1757318400,1.1712500000000001,1.17424,1.17114,1.1730800000000001,8337
1757332800,1.17306,1.17409,1.17196,1.17374,7717
1757347200,1.17373,1.17557,1.17347,1.17403,10063
1757361600,1.17402,1.17649,1.1734499999999999,1.17609,4201
1757376000,1.1758,1.17738,1.17576,1.1771,3139
1757390400,1.17709,1.17775,1.17629,1.17726,4163
1757404800,1.17723,1.17795,1.17438,1.1759,10636
1757419200,1.1758899999999999,1.17718,1.1727,1.17367,9113
1757433600,1.17367,1.1762,1.1715200000000001,1.17185,17158
1757448000,1.17184,1.1723,1.17032,1.1709100000000001,5360
1757462400,1.17058,1.17129,1.16956,1.16966,3253
1757476800,1.16965,1.17151,1.16888,1.17145,5326
1757491200,1.17143,1.17178,1.16811,1.16985,9684
1757505600,1.16984,1.17266,1.16907,1.16999,12532
1757520000,1.16998,1.173,1.16954,1.17051,12614
1757534400,1.1705,1.17116,1.16928,1.16946,4105
1757548800,1.16932,1.1706,1.1693,1.1693500000000001,2061
1757563200,1.16934,1.17023,1.16924,1.16988,3032
1757577600,1.16987,1.16988,1.16832,1.16915,7849
1757592000,1.16914,1.17203,1.1657899999999999,1.17146,14723
1757606400,1.17145,1.17455,1.17136,1.1736,17607
1757620800,1.17359,1.1739,1.17273,1.17361,5177
1757635200,1.17322,1.17397,1.17268,1.17326,3096
1757649600,1.17325,1.17341,1.17204,1.17251,3808
1757664000,1.1724999999999999,1.17472,1.17151,1.17168,8485
1757678400,1.17167,1.17351,1.17009,1.17119,9272
1757692800,1.17118,1.17312,1.17029,1.17265,10772
1757707200,1.17266,1.17412,1.17263,1.17316,3868
1757894400,1.17293,1.17336,1.17214,1.17262,2019
1757908800,1.17262,1.17349,1.17224,1.1733500000000001,3062
1757923200,1.17336,1.17437,1.17158,1.17366,7395
1757937600,1.17365,1.17703,1.17355,1.17691,7869
1757952000,1.17692,1.17739,1.17504,1.1757900000000001,9042
1757966400,1.17578,1.17723,1.17575,1.17602,3891
1757980800,1.17602,1.17657,1.17569,1.17615,2631
1757995200,1.17614,1.17864,1.17575,1.17764,5283
1758009600,1.17763,1.18031,1.17732,1.17946,9490
1758024000,1.17945,1.18209,1.17879,1.18039,12968
1758038400,1.18042,1.18713,1.18036,1.1864,16710
1758052800,1.18637,1.18778,1.18576,1.1865,6331
1758067200,1.18532,1.18725,1.18529,1.18579,3124
1758081600,1.18578,1.18589,1.18504,1.18536,3999
1758096000,1.18535,1.18595,1.18373,1.1847699999999999,7368
1758110400,1.18478,1.18493,1.18323,1.1843,7074
1758124800,1.18429,1.18588,1.18419,1.18527,8778
1758139200,1.18526,1.19183,1.18075,1.18117,28653
1758153600,1.18102,1.1828,1.18102,1.18248,4487
1758168000,1.18247,1.18282,1.17933,1.17945,6416
1758182400,1.17946,1.18384,1.17799,1.18273,13305
1758196800,1.18271,1.18478,1.17949,1.1795200000000001,13103
1758211200,1.17951,1.17957,1.17494,1.17865,19644
1758225600,1.17864,1.17933,1.17809,1.17819,5339
1758240000,1.17825,1.179,1.17747,1.17861,3240
1758254400,1.1786,1.1792,1.17699,1.17734,8021
1758268800,1.17733,1.17777,1.17505,1.17606,12263
1758283200,1.17605,1.17682,1.17281,1.17356,9494
1758297600,1.17355,1.1767400000000001,1.17349,1.17526,12950
1758312000,1.17525,1.17546,1.17402,1.1743000000000001,3645
1758499200,1.17389,1.17469,1.17257,1.17341,3016
1758513600,1.1734,1.17405,1.17258,1.17301,5872
1758528000,1.173,1.17686,1.17292,1.17619,8343
1758542400,1.17619,1.1787,1.17612,1.17829,8234
1758556800,1.17827,1.17896,1.1762299999999999,1.17877,10537
1758571200,1.17876,1.18022,1.17852,1.18014,3338
1758585600,1.17886,1.18069,1.1787,1.18058,2680
1758600000,1.18057,1.18195,1.17963,1.17972,4998
1758614400,1.17971,1.18049,1.1778,1.18023,11113
1758628800,1.18022,1.18117,1.1784,1.17965,7918
1758643200,1.17963,1.18088,1.17837,1.18044,14566
1758657600,1.18044,1.18178,1.18024,1.18143,6013
1758672000,1.18125,1.18179,1.18029,1.18034,3560
1758686400,1.18033,1.18046,1.17943,1.18025,5830
1758700800,1.18024,1.18045,1.17657,1.17715,8980
1758715200,1.17714,1.17743,1.1739,1.17423,9165
1758729600,1.17422,1.1745700000000001,1.17277,1.17322,13137
1758744000,1.17321,1.17401,1.17313,1.1737,4771
1758758400,1.17376,1.17477,1.17371,1.17469,2768
1758772800,1.17468,1.17532,1.17401,1.17515,4180
1758787200,1.17514,1.1751800000000001,1.17303,1.17422,8242
1758801600,1.17423,1.17534,1.16872,1.16975,11145
1758816000,1.16975,1.17097,1.16661,1.16702,17567
1758830400,1.1670099999999999,1.16715,1.1645,1.16643,6722
1758844800,1.16512,1.16709,1.16509,1.16708,6376
1758859200,1.16707,1.16814,1.16651,1.16795,4383
1758873600,1.16794,1.16872,1.1668,1.16801,7486
1758888000,1.168,1.16856,1.1661299999999999,1.16826,9825
1758902400,1.16824,1.17042,1.16776,1.16922,14395
1758916800,1.16923,1.17066,1.16903,1.17013,4535
1759104000,1.17003,1.17227,1.16994,1.17212,3034
1759118400,1.17211,1.17325,1.17138,1.17267,5015
1759132800,1.17265,1.17327,1.17074,1.17232,9049
1759147200,1.17231,1.17508,1.17087,1.17494,9542
1759161600,1.17494,1.1754,1.17221,1.17288,12208
1759176000,1.1729,1.17323,1.17197,1.17264,3610
1759190400,1.17227,1.17316,1.17121,1.17204,3387
1759204800,1.17203,1.17282,1.17118,1.17278,5799
1759219200,1.1728,1.17606,1.17276,1.17551,10133
1759233600,1.17549,1.17578,1.17326,1.17367,7970
1759248000,1.17366,1.17585,1.17159,1.1756199999999999,15527
1759262400,1.17561,1.17609,1.17327,1.17333,4962
1759276800,1.17324,1.17419,1.17292,1.17356,3293
1759291200,1.17355,1.17582,1.17299,1.17577,3952
1759305600,1.17576,1.17782,1.17415,1.1749100000000001,14035
1759320000,1.17489,1.17682,1.17145,1.17486,15580
1759334400,1.17485,1.17626,1.17149,1.1722299999999999,20197
1759348800,1.17222,1.17414,1.1721,1.17281,5498
1759363200,1.17259,1.17367,1.17241,1.17294,3250
1759377600,1.17293,1.17415,1.17233,1.17338,3519
1759392000,1.17337,1.1756199999999999,1.1729,1.17531,8736
1759406400,1.1753,1.17578,1.1734,1.1737,8234
1759420800,1.1736900000000001,1.17434,1.16828,1.17143,15117
1759435200,1.17142,1.17262,1.17118,1.17154,3979
1759449600,1.1713,1.1724999999999999,1.17123,1.17238,2528
1759464000,1.17237,1.17289,1.17158,1.17176,4132
1759478400,1.17175,1.17441,1.17144,1.17398,7280
1759492800,1.17397,1.17423,1.1727,1.1739,7407
1759507200,1.17389,1.17587,1.1732,1.17393,12899
1759521600,1.17392,1.17438,1.17263,1.1739,3363
1759708800,1.17246,1.17272,1.17057,1.17157,5650
1759723200,1.17156,1.17303,1.17097,1.17198,4023
1759737600,1.17197,1.17248,1.16513,1.16672,13999
1759752000,1.16669,1.16893,1.1652,1.16886,10344
1759766400,1.16885,1.17205,1.16833,1.17115,9805
1759780800,1.17114,1.1716199999999999,1.17079,1.17105,3126
1759795200,1.1706699999999999,1.17136,1.1703999999999999,1.17083,2909
1759809600,1.17082,1.17082,1.16938,1.1698,2880
1759824000,1.16978,1.16993,1.16647,1.16655,6755
1759838400,1.16654,1.16754,1.16534,1.1666400000000001,7337
1759852800,1.16663,1.16808,1.16543,1.16696,10845
1759867200,1.16695,1.16787,1.16471,1.16574,4541
1759881600,1.16511,1.16602,1.16452,1.16467,2728
1759896000,1.16466,1.16466,1.16156,1.16187,5893
1759910400,1.16186,1.16349,1.16065,1.16141,8810
1759924800,1.1614,1.16373,1.16051,1.1632,7798
1759939200,1.16319,1.16442,1.1598,1.16048,9768
1759953600,1.1604700000000001,1.16317,1.15991,1.16287,5545
1759968000,1.16234,1.16404,1.16204,1.16366,4415
1759982400,1.16365,1.16472,1.1636,1.16452,3881
1759996800,1.16451,1.16476,1.16025,1.16119,8658
1760011200,1.1611799999999999,1.16267,1.16045,1.16146,9037
1760025600,1.16145,1.16224,1.15465,1.15575,18462
1760040000,1.15574,1.15662,1.15416,1.15637,6129
1760054400,1.15565,1.15699,1.15555,1.15672,2549
1760068800,1.15671,1.15736,1.15621,1.15731,3356
1760083200,1.1573,1.1589,1.15607,1.15784,8298
1760097600,1.15783,1.15828,1.15587,1.15714,7262
1760112000,1.15713,1.16302,1.15615,1.16054,20490
1760126400,1.16053,1.16246,1.15966,1.16238,5064
1760313600,1.16092,1.16154,1.15914,1.16153,5689
1760328000,1.1615199999999999,1.1627,1.16093,1.16198,4641
1760342400,1.16197,1.16293,1.15812,1.1585,9434
1760356800,1.15849,1.15976,1.15612,1.1568100000000001,8218
1760371200,1.1568,1.15786,1.1557,1.1575,9287
1760385600,1.15749,1.15772,1.15646,1.15672,3106
1760400000,1.15662,1.15731,1.15546,1.15606,2644
1760414400,1.15606,1.15922,1.15601,1.15914,4422
1760428800,1.15913,1.15931,1.15419,1.15585,12083
1760443200,1.15584,1.15645,1.15458,1.15551,9725
1760457600,1.1555,1.16145,1.15538,1.1609,16846
1760472000,1.16089,1.16117,1.1599599999999999,1.16059,5438
1760486400,1.16068,1.16135,1.16011,1.16099,2527
1760500800,1.161,1.16254,1.16066,1.1618,4782
1760515200,1.1617899999999999,1.16449,1.16171,1.16321,8309
1760529600,1.16321,1.1638600000000001,1.16133,1.16172,7742
1760544000,1.16171,1.16467,1.161,1.16395,12762
1760558400,1.16394,1.16471,1.16265,1.16454,5354
1760572800,1.16419,1.16663,1.1641,1.16627,3166
1760587200,1.16626,1.1675,1.16553,1.16556,4822
1760601600,1.16555,1.16675,1.16419,1.16584,8995
1760616000,1.16583,1.16633,1.16459,1.166,7932
1760630400,1.16599,1.16785,1.16494,1.16765,13203
1760644800,1.16764,1.16937,1.1676,1.16871,7215
1760659200,1.16812,1.17108,1.16812,1.17063,2959
1760673600,1.17062,1.17117,1.1695,1.17095,5499
1760688000,1.17094,1.17278,1.16913,1.16968,13878
1760702400,1.1696900000000001,1.17073,1.1666400000000001,1.1676,10354
1760716800,1.16759,1.16808,1.16561,1.16705,12471
1760731200,1.16704,1.16753,1.165,1.16525,4785
1760918400,1.16638,1.1666,1.16514,1.1666,2751
1760932800,1.16659,1.16733,1.16561,1.16712,3310
1760947200,1.1671,1.1675,1.16531,1.1663000000000001,6953
1760961600,1.16629,1.16671,1.16437,1.16529,7591
1760976000,1.16528,1.16639,1.16458,1.16495,8110
1760990400,1.16494,1.16524,1.16379,1.16431,3055
1761004800,1.16401,1.16545,1.16392,1.16526,1764
1761019200,1.16525,1.16525,1.16314,1.16354,3869
1761033600,1.16353,1.16372,1.16123,1.16207,8784
1761048000,1.16206,1.16267,1.16015,1.16106,9429
1761062400,1.16105,1.1623999999999999,1.15972,1.16086,12939
1761076800,1.16084,1.16094,1.15984,1.15994,3663
1761091200,1.15988,1.16074,1.15978,1.16041,2273
1761105600,1.1604,1.16102,1.1601,1.16087,2653
1761120000,1.16086,1.16151,1.15893,1.15971,8641
1761134400,1.1597,1.16015,1.15764,1.15826,7273
1761148800,1.15825,1.16217,1.15811,1.16191,11113
1761163200,1.1619,1.162,1.16042,1.16093,3720
1761177600,1.16084,1.16137,1.15973,1.16037,1769
1761192000,1.16036,1.1605,1.15901,1.15984,2679
1761206400,1.15983,1.1605699999999999,1.15894,1.15958,5786
1761220800,1.15957,1.16054,1.15844,1.16002,5535
1761235200,1.16004,1.16194,1.15979,1.16064,8437
1761249600,1.16063,1.16196,1.16038,1.1618,3050
1761264000,1.16176,1.16209,1.16134,1.16174,1888
1761278400,1.16174,1.16182,1.16052,1.16073,2469
1761292800,1.16072,1.16272,1.16004,1.16097,7574
1761307200,1.16093,1.16478,1.1604700000000001,1.16337,10623
1761321600,1.16336,1.16429,1.16177,1.16252,12136
1761336000,1.16251,1.16354,1.16208,1.1627,2956
1761523200,1.16302,1.1647,1.16251,1.16385,3539
1761537600,1.16385,1.16391,1.1620300000000001,1.16257,2561
1761552000,1.16256,1.16393,1.16173,1.16375,6632
1761566400,1.16374,1.1651,1.1631,1.16353,6550
1761580800,1.16352,1.16419,1.16315,1.16376,5793
1761595200,1.16375,1.16516,1.16346,1.16438,2716
1761609600,1.16436,1.16632,1.16436,1.1657,2759
1761624000,1.1656900000000001,1.1667399999999999,1.16534,1.16633,3416
1761638400,1.16632,1.1666400000000001,1.16444,1.16564,6658
1761652800,1.16565,1.16644,1.1625,1.16391,7718
1761667200,1.16388,1.16682,1.16367,1.16626,9055
1761681600,1.16625,1.16646,1.16492,1.16511,2845
1761696000,1.1653,1.166,1.16459,1.16469,4055
1761710400,1.16468,1.16474,1.16267,1.16307,3107
1761724800,1.16308,1.16466,1.16183,1.16408,6969
1761739200,1.16407,1.16482,1.16269,1.1636199999999999,7437
1761753600,1.16361,1.16654,1.16312,1.16463,7620
1761768000,1.1644700000000001,1.16504,1.1577,1.16014,20215
1761782400,1.16015,1.16147,1.15963,1.16133,3298
1761796800,1.16132,1.16368,1.16065,1.16236,6298
1761811200,1.16235,1.16292,1.16062,1.1616,8586
1761825600,1.16161,1.16194,1.15465,1.1579,11549
1761840000,1.15792,1.15857,1.15588,1.15659,10076
1761854400,1.15658,1.15719,1.15612,1.15667,3011
1761868800,1.15675,1.1577,1.15653,1.15672,2856
1761883200,1.15671,1.15739,1.15646,1.15676,2720
1761897600,1.15675,1.15763,1.15545,1.15757,5789
1761912000,1.15756,1.15758,1.15296,1.15384,7485
1761926400,1.15383,1.15429,1.15213,1.15236,9883
1761940800,1.15235,1.15387,1.1521,1.15363,3056
1762128000,1.15304,1.15375,1.15212,1.15266,2924
1762142400,1.15265,1.15371,1.15257,1.15346,2418
1762156800,1.15345,1.15408,1.15092,1.15139,5571
1762171200,1.15138,1.15216,1.15054,1.15105,5234
1762185600,1.1510799999999999,1.15373,1.1504,1.15267,8430
1762200000,1.15266,1.15305,1.15155,1.15195,2938
1762214400,1.15165,1.152,1.14979,1.15093,2901
1762228800,1.15094,1.15171,1.15044,1.1512,3664
1762243200,1.15119,1.1533,1.14995,1.15005,7398
1762257600,1.15004,1.15093,1.14764,1.14917,6785
1762272000,1.14916,1.14961,1.14726,1.14835,7535
1762286400,1.14834,1.14867,1.14748,1.14804,2820
1762300800,1.14809,1.14975,1.1479,1.1489,3447
1762315200,1.14889,1.14938,1.14848,1.14913,3336
1762329600,1.14912,1.1494900000000001,1.1481,1.1484,4951
1762344000,1.14839,1.1493,1.14725,1.14731,5744
1762358400,1.1473,1.1492499999999999,1.14682,1.148,10338
1762372800,1.14799,1.14935,1.14783,1.1492499999999999,2383
1762387200,1.14906,1.15083,1.14898,1.15068,2333
1762401600,1.15067,1.15103,1.15025,1.15097,2400
1762416000,1.15096,1.15234,1.1504699999999999,1.1513200000000001,5582
1762430400,1.15131,1.15435,1.15096,1.1535199999999999,6705
1762444800,1.15351,1.15424,1.15185,1.1540300000000001,9738
1762459200,1.15402,1.15518,1.15388,1.15473,3398
1762473600,1.1543,1.15507,1.15359,1.1537600000000001,3883
1762488000,1.1537600000000001,1.15424,1.15317,1.15336,2453
1762502400,1.15335,1.15417,1.1529,1.15377,4588
1762516800,1.1537600000000001,1.1569099999999999,1.1537,1.15671,6699
1762531200,1.1567,1.15904,1.15651,1.158,8036
1762545600,1.15799,1.1583,1.15551,1.15634,3861
1762732800,1.15555,1.15598,1.15412,1.15577,4160
1762747200,1.15576,1.1566,1.1550799999999999,1.15614,2952
1762761600,1.15613,1.15825,1.15512,1.15678,5969
1762776000,1.15676,1.15774,1.15533,1.15676,5606
1762790400,1.15675,1.1568,1.15405,1.15601,7591
1762804800,1.156,1.15643,1.15548,1.15555,2302
1762819200,1.15539,1.15595,1.15466,1.15542,2387
1762833600,1.1554,1.15646,1.15514,1.15611,3219
1762848000,1.1561,1.1568,1.15491,1.15643,5778
1762862400,1.15642,1.16053,1.1562000000000001,1.16005,7125
1762876800,1.16006,1.16044,1.15902,1.15946,7057
1762891200,1.15944,1.1595,1.15806,1.15823,2639
1762905600,1.15833,1.15863,1.15739,1.15749,2502
1762920000,1.15748,1.15809,1.15697,1.15759,3154
1762934400,1.15757,1.15878,1.15677,1.15692,5290
1762948800,1.15695,1.15798,1.15645,1.15716,5816
1762963200,1.1571500000000001,1.15972,1.15624,1.15926,8074
1762977600,1.1592500000000001,1.15939,1.15836,1.159,2482
1762992000,1.15909,1.15934,1.15785,1.15889,3198
1763006400,1.1589,1.15924,1.15798,1.15814,2618
1763020800,1.1581299999999999,1.16342,1.15807,1.1616,7390
1763035200,1.16159,1.16241,1.16042,1.162,6990
1763049600,1.16199,1.16555,1.16165,1.1650800000000001,11121
1763064000,1.16507,1.16513,1.16304,1.16372,4052
1763078400,1.16338,1.16384,1.16229,1.16329,3800
1763092800,1.16328,1.16478,1.16292,1.16473,3475
1763107200,1.16472,1.1648,1.16193,1.16215,9162
1763121600,1.16211,1.16532,1.16084,1.16372,9712
1763136000,1.16371,1.16379,1.16056,1.16136,11626
1763150400,1.16135,1.16231,1.1609099999999999,1.16216,3668
1763337600,1.16138,1.16237,1.16045,1.16059,3138
1763352000,1.16058,1.1606,1.15958,1.15998,2506
1763366400,1.16,1.16144,1.15946,1.16009,5200
1763380800,1.16008,1.16076,1.15881,1.15907,6052
1763395200,1.15906,1.16013,1.15814,1.15933,7200
1763409600,1.15932,1.15947,1.1582,1.1590799999999999,3771
1763424000,1.15888,1.15933,1.1584,1.15904,2492
1763438400,1.15903,1.16031,1.15877,1.15974,3905
1763452800,1.15973,1.16058,1.15869,1.15888,7169
1763467200,1.15886,1.16016,1.1579,1.15964,7391
1763481600,1.15963,1.16074,1.15709,1.15751,9866
1763496000,1.1575,1.15865,1.15746,1.15777,3221
1763510400,1.15743,1.15844,1.15738,1.15764,2692
1763524800,1.15763,1.15899,1.1572,1.15886,3517
1763539200,1.15885,1.15968,1.15652,1.15729,7595
1763553600,1.15728,1.15904,1.15671,1.15723,7309
1763568000,1.15721,1.15732,1.15256,1.15326,10949
1763582400,1.15327,1.15379,1.15174,1.15369,5655
1763596800,1.15374,1.15412,1.1522000000000001,1.15225,3608
1763611200,1.15224,1.1522999999999999,1.15095,1.15152,4585
1763625600,1.15151,1.15273,1.1511,1.1527,7195
1763640000,1.15269,1.15393,1.14985,1.15272,10723
1763654400,1.1527,1.15495,1.15195,1.15282,15339
1763668800,1.1528,1.15402,1.15237,1.15268,4138
1763683200,1.15161,1.15377,1.15158,1.1532,3392
1763697600,1.15319,1.15414,1.15318,1.15347,3673
1763712000,1.15346,1.1552,1.15245,1.15249,8851
1763726400,1.15248,1.1526399999999999,1.14961,1.15201,10272
1763740800,1.15199,1.1522999999999999,1.14906,1.15068,11658
1763755200,1.15067,1.1520299999999999,1.15016,1.15155,4138
1763942400,1.1510799999999999,1.15136,1.15012,1.15099,2046
1763956800,1.1509800000000001,1.15278,1.1509800000000001,1.15221,3000
1763971200,1.1522000000000001,1.15339,1.15091,1.15294,6277
1763985600,1.15293,1.15499,1.15293,1.1538,6245
1764000000,1.15379,1.15405,1.1511,1.15176,7731
1764014400,1.15175,1.15285,1.15168,1.15208,2745
1764028800,1.15189,1.15294,1.15183,1.15253,2309
1764043200,1.15252,1.15297,1.15104,1.15164,2761
1764057600,1.15162,1.15362,1.1514199999999999,1.15336,5951
1764072000,1.15335,1.15612,1.15243,1.15578,10067
1764086400,1.15578,1.15835,1.15495,1.1582,12294
1764100800,1.15818,1.15854,1.15576,1.15703,5271
1764115200,1.15674,1.15824,1.15625,1.15768,4411
1764129600,1.15766,1.15912,1.1574200000000001,1.1589800000000001,4829
1764144000,1.1589800000000001,1.15954,1.15652,1.15714,7132
1764158400,1.15713,1.15835,1.1548,1.15519,12866
1764172800,1.15518,1.16003,1.15466,1.15924,10946
1764187200,1.15923,1.1596899999999999,1.15886,1.15964,2911
1764201600,1.15888,1.16122,1.15888,1.16087,2845
1764216000,1.16089,1.1613,1.15995,1.16018,3754
1764230400,1.16017,1.16048,1.15761,1.1577,5782
1764244800,1.15769,1.15964,1.15764,1.15944,4839
1764259200,1.15943,1.16011,1.1589800000000001,1.15945,3665
1764273600,1.15944,1.15966,1.15901,1.15957,1419
1764288000,1.1593,1.16014,1.15811,1.15825,2568
1764302400,1.15826,1.15928,1.15802,1.1588,13798
1764316800,1.15882,1.15893,1.15659,1.15674,24615
1764331200,1.15671,1.15779,1.15546,1.1574200000000001,17197
1764345600,1.15741,1.1607,1.15707,1.16022,9419
1764360000,1.16022,1.16041,1.15955,1.15983,2923
1764547200,1.15921,1.16153,1.1590799999999999,1.16045,5327
1764561600,1.16044,1.16052,1.1589,1.15975,4321
1764576000,1.15974,1.1623,1.15899,1.16217,8568
1764590400,1.16216,1.16519,1.16185,1.16445,8659
1764604800,1.16444,1.16446,1.1616900000000001,1.16204,10236
1764619200,1.16202,1.16229,1.16062,1.16092,3084
1764633600,1.16066,1.16105,1.16031,1.16087,1859
1764648000,1.16086,1.16137,1.16067,1.16096,2138
1764662400,1.16095,1.16157,1.1601,1.16097,4889
1764676800,1.16096,1.16191,1.15976,1.16171,5658
1764691200,1.1617,1.16227,1.15907,1.16067,9827
1764705600,1.16066,1.16254,1.16052,1.16231,3438
1764720000,1.1620300000000001,1.1637,1.16188,1.16364,2185
1764734400,1.16363,1.16432,1.1635,1.16421,1953
1764748800,1.16422,1.16523,1.16352,1.1645,5858
1764763200,1.16452,1.16748,1.16445,1.16658,6737
1764777600,1.16657,1.16702,1.16538,1.16682,10372
1764792000,1.16681,1.16771,1.16638,1.16705,2935
1764806400,1.167,1.16731,1.16583,1.16627,2008
1764820800,1.16626,1.16634,1.1653,1.16592,2826
1764835200,1.16591,1.16814,1.16526,1.16772,6479
1764849600,1.16771,1.16802,1.16519,1.16643,7894
1764864000,1.16642,1.16764,1.16524,1.16557,8671
1764878400,1.16556,1.16593,1.16407,1.16449,3124
1764892800,1.16424,1.16532,1.16404,1.16531,2241
1764907200,1.1653,1.16587,1.1645699999999999,1.16585,2514
1764921600,1.16586,1.16712,1.16478,1.1654,6044
1764936000,1.16539,1.16564,1.16409,1.16512,5957
1764950400,1.16513,1.16595,1.16276,1.16437,10381
1764964800,1.16436,1.1648100000000001,1.16394,1.1641,3215
1765152000,1.16361,1.16526,1.1635,1.16513,3193
1765166400,1.16511,1.16557,1.16483,1.16555,2792
1765180800,1.16555,1.16714,1.16474,1.16482,6462
1765195200,1.16478,1.1656900000000001,1.16452,1.16479,6108
1765209600,1.16478,1.1654200000000001,1.1616,1.16387,9943
1765224000,1.1638600000000001,1.16418,1.16339,1.16375,3279
1765238400,1.16324,1.16469,1.16323,1.16467,2301
1765252800,1.16466,1.16499,1.16433,1.1648399999999999,2994
1765267200,1.16483,1.16567,1.1632500000000001,1.16517,6049
1765281600,1.16516,1.16538,1.16286,1.1634,6334
1765296000,1.16339,1.16407,1.16137,1.16236,9840
1765310400,1.16235,1.16315,1.16161,1.16256,2952
1765324800,1.16227,1.16281,1.1621299999999999,1.16233,2204
1765339200,1.16232,1.16304,1.16212,1.16293,2386
1765353600,1.16292,1.16572,1.16282,1.1636199999999999,6496
1765368000,1.1636,1.16418,1.16271,1.16397,7019
1765382400,1.1639599999999999,1.16596,1.16334,1.16582,8777
1765396800,1.16581,1.16991,1.16428,1.16929,18985
1765411200,1.16858,1.17069,1.16791,1.17014,4045
1765425600,1.17013,1.17055,1.16841,1.16848,4222
1765440000,1.16848,1.17062,1.16818,1.17016,7285
1765454400,1.17015,1.1736,1.16984,1.17306,8640
1765468800,1.17305,1.17621,1.17299,1.17547,11524
1765483200,1.17546,1.17588,1.1736,1.17383,4584
1765497600,1.17375,1.1745700000000001,1.1732,1.1734499999999999,2863
1765512000,1.17344,1.17389,1.1730800000000001,1.17382,3029
1765526400,1.17381,1.17428,1.1726,1.17324,6830
1765540800,1.17322,1.17347,1.1719,1.17268,6164
1765555200,1.17267,1.17477,1.17226,1.17473,10424
1765569600,1.17472,1.17493,1.17349,1.1738,5134
1765756800,1.17295,1.17419,1.1727400000000001,1.17409,3161
1765771200,1.17408,1.17444,1.17314,1.17339,4001
1765785600,1.17338,1.1743000000000001,1.17259,1.17428,6410
1765800000,1.17427,1.17594,1.17387,1.17471,5576
1765814400,1.17469,1.17682,1.17436,1.17453,10451
1765828800,1.17452,1.17519,1.17379,1.17505,3487
1765843200,1.17472,1.17573,1.17449,1.17513,3835
1765857600,1.17513,1.17586,1.17487,1.175,3324
1765872000,1.175,1.17636,1.17436,1.17555,7107
1765886400,1.17555,1.1794,1.17512,1.17751,12252
1765900800,1.17752,1.18036,1.17607,1.17634,13945
1765915200,1.17633,1.17634,1.1733500000000001,1.17486,6583
1765929600,1.17454,1.17517,1.17446,1.1746699999999999,3040
1765944000,1.17466,1.17474,1.17243,1.17287,4254
1765958400,1.17286,1.17301,1.17017,1.17156,10172
1765972800,1.17155,1.17327,1.17072,1.17314,9161
1765987200,1.17313,1.17577,1.17271,1.17488,11449
1766001600,1.17488,1.1755,1.1738,1.17404,4172
1766016000,1.1738,1.17451,1.17346,1.1738,2764
1766030400,1.17379,1.17462,1.17363,1.17454,3359
1766044800,1.17453,1.1749100000000001,1.17168,1.17215,6992
1766059200,1.17214,1.1762299999999999,1.17119,1.17464,12212
1766073600,1.17463,1.1755200000000001,1.17148,1.1718,15766
1766088000,1.17183,1.17273,1.17148,1.17246,4190
1766102400,1.1718,1.17283,1.17172,1.17238,2372
1766116800,1.17237,1.1728,1.1715,1.17193,3438
1766131200,1.17193,1.17211,1.17028,1.17117,8545
1766145600,1.17116,1.17188,1.17024,1.17188,7607
1766160000,1.1719,1.17373,1.17077,1.1718899999999999,10594
1766174400,1.17188,1.17267,1.17054,1.17075,4373
1766361600,1.17147,1.17188,1.17058,1.17167,4870
1766376000,1.17166,1.17216,1.1712799999999999,1.17168,3004
1766390400,1.17167,1.17377,1.17124,1.17295,6306
1766404800,1.17294,1.17537,1.17283,1.17502,7179
1766419200,1.1750099999999999,1.17688,1.17445,1.17578,8063
1766433600,1.17577,1.17615,1.17483,1.17614,3190
1766448000,1.17522,1.17755,1.17511,1.17726,2671
1766462400,1.17725,1.17799,1.17717,1.1774499999999999,3836
1766476800,1.17744,1.17923,1.17681,1.17921,7525
1766491200,1.1792,1.18014,1.17739,1.17743,8165
1766505600,1.17742,1.17799,1.17634,1.17704,9514
1766520000,1.17703,1.17963,1.1769,1.17961,3415
1766534400,1.17909,1.18057,1.17896,1.18047,3559
1766548800,1.18046,1.1807400000000001,1.17854,1.17987,3504
1766563200,1.17985,1.18034,1.17793,1.17992,5994
1766577600,1.17991,1.17994,1.1783299999999999,1.17849,5380
1766592000,1.17848,1.17864,1.17721,1.1776200000000001,7000
1766606400,1.17761,1.17761,1.17738,1.17743,18
1766736000,1.17723,1.17773,1.1766,1.17697,2943
1766750400,1.17696,1.17962,1.1768399999999999,1.17909,5660
1766764800,1.17908,1.17939,1.1761,1.17696,8628
1766779200,1.17695,1.1781,1.17655,1.17686,4691
1766966400,1.17644,1.17858,1.17644,1.17836,3744
1766980800,1.17836,1.17847,1.17533,1.17553,3914
1766995200,1.17554,1.17885,1.17537,1.17758,7349
1767009600,1.17757,1.1779600000000001,1.17551,1.17693,7826
1767024000,1.17692,1.17883,1.1749,1.17516,11435
1767038400,1.17515,1.17741,1.17502,1.17738,3265
1767052800,1.17612,1.1774499999999999,1.17612,1.17744,2619
1767067200,1.1774499999999999,1.17784,1.177,1.17747,2717
1767081600,1.17746,1.17793,1.17634,1.1768399999999999,5681
1767096000,1.17683,1.17768,1.17545,1.17628,6478
1767110400,1.17628,1.17661,1.17448,1.17555,8391
1767124800,1.17554,1.17588,1.17427,1.17461,3559
1767139200,1.1743000000000001,1.17486,1.17412,1.1742,2004
1767153600,1.17419,1.17431,1.17325,1.17377,3013
1767168000,1.17376,1.17393,1.17188,1.17344,5899
1767182400,1.17346,1.17588,1.17281,1.17414,7360
1767196800,1.17414,1.17483,1.17197,1.17355,11589
1767211200,1.17354,1.17383,1.17298,1.17382,1228
1767340800,1.17343,1.17377,1.17201,1.17209,4359
1767355200,1.17212,1.17285,1.17127,1.17211,6299
1767369600,1.1721,1.1754,1.17153,1.17302,9791
1767384000,1.17301,1.17306,1.17138,1.17201,4689
1767571200,1.17206,1.17209,1.16991,1.17,4967
1767585600,1.16999,1.17012,1.16717,1.1685,5472
1767600000,1.16848,1.16942,1.16733,1.16817,7786
1767614400,1.16819,1.16904,1.16584,1.1674,8734
1767628800,1.16742,1.17192,1.16724,1.17138,11739
1767643200,1.17137,1.17283,1.1712799999999999,1.17202,4059
1767657600,1.17188,1.17248,1.17099,1.17248,2996
1767672000,1.17248,1.17377,1.17217,1.17283,3874
1767686400,1.17282,1.17423,1.17073,1.1712799999999999,7560
1767700800,1.17127,1.17165,1.16967,1.17106,7682
1767715200,1.17105,1.1717,1.16834,1.17002,10551
1767729600,1.17001,1.17015,1.16827,1.16876,4573
1767744000,1.16841,1.17,1.16837,1.16953,3291
1767758400,1.16952,1.17022,1.16903,1.16925,3616
1767772800,1.16924,1.1699,1.16722,1.16838,6716
1767787200,1.16837,1.16942,1.16807,1.16911,6955
1767801600,1.1691,1.16981,1.16795,1.16875,11130
1767816000,1.16873,1.16899,1.16732,1.16759,3258
1767830400,1.16759,1.16774,1.16718,1.16743,2075
1767844800,1.16742,1.1682299999999999,1.1672,1.16819,3429
1767859200,1.16818,1.16825,1.16684,1.16763,6529
1767873600,1.1676199999999999,1.16814,1.16578,1.16623,6382
1767888000,1.16622,1.16733,1.16429,1.16502,9362
1767902400,1.16501,1.1662,1.16421,1.16596,3605
1767916800,1.16553,1.16614,1.16479,1.16486,2526
1767931200,1.16485,1.16585,1.16456,1.16507,3139
1767945600,1.16506,1.16524,1.16392,1.16419,5759
1767960000,1.16418,1.16601,1.16249,1.1644700000000001,9922
1767974400,1.16446,1.1652,1.16177,1.16311,14575
1767988800,1.16312,1.16393,1.16293,1.16299,3311
1768176000,1.16275,1.16709,1.16212,1.16558,6046
1768190400,1.16555,1.16707,1.16525,1.16688,3994
1768204800,1.16687,1.16953,1.16637,1.16814,7951
1768219200,1.16812,1.1698,1.16748,1.16923,7654
1768233600,1.16922,1.16923,1.16655,1.16681,9406
1768248000,1.1668,1.16732,1.16626,1.16667,3519
1768262400,1.1667,1.16699,1.16559,1.1657899999999999,2982
1768276800,1.16578,1.16671,1.16561,1.16623,3334
1768291200,1.16622,1.1672,1.16533,1.16714,6241
1768305600,1.16714,1.1677,1.16496,1.1668,9268
1768320000,1.16679,1.16728,1.16339,1.16456,11296
1768334400,1.16455,1.1654,1.16412,1.16435,3661
1768348800,1.16416,1.16449,1.16363,1.16378,2122
1768363200,1.16376,1.1648399999999999,1.16356,1.16414,2569
1768377600,1.16413,1.16533,1.16404,1.16513,5544
1768392000,1.16512,1.16595,1.16434,1.16496,8055
1768406400,1.16495,1.16611,1.16449,1.16462,10980
1768420800,1.16461,1.16471,1.16349,1.16435,4725
1768435200,1.16452,1.16461,1.16326,1.16382,3512
1768449600,1.16381,1.1641,1.16332,1.16347,2764
1768464000,1.16346,1.16393,1.16255,1.16353,6133
1768478400,1.16352,1.16405,1.15983,1.16008,7674
1768492800,1.16008,1.16131,1.15926,1.16085,9898
1768507200,1.16084,1.1616900000000001,1.16024,1.16089,3633
1768521600,1.16061,1.16093,1.16018,1.16064,2113
1768536000,1.16063,1.16136,1.16055,1.16063,2965
1768550400,1.16062,1.16145,1.16038,1.16078,4762
1768564800,1.16077,1.16229,1.16077,1.16181,5980
1768579200,1.1618,1.16269,1.15838,1.15951,13038
1768593600,1.1595,1.16018,1.15888,1.1598,3821
1768780800,1.15774,1.16371,1.15767,1.1622,9079
1768795200,1.1622,1.16371,1.16153,1.16271,5156
1768809600,1.1627,1.16409,1.16107,1.16237,7982
1768824000,1.16237,1.1635,1.16195,1.16314,5456
1768838400,1.16311,1.16468,1.16297,1.16455,5388
1768852800,1.16454,1.16482,1.16413,1.16451,1763
1768867200,1.16421,1.16462,1.1632,1.16432,2398
1768881600,1.16431,1.16719,1.164,1.16627,4065
1768896000,1.16626,1.17322,1.16617,1.17258,13497
1768910400,1.17257,1.1768399999999999,1.1715,1.17329,14312
1768924800,1.17328,1.17421,1.17148,1.1731,15727
1768939200,1.17309,1.17336,1.17096,1.17244,6137
1768953600,1.17202,1.17338,1.17159,1.17286,3440
1768968000,1.17285,1.17311,1.1710099999999999,1.17168,4469
1768982400,1.17168,1.1724700000000001,1.17007,1.17031,7273
1768996800,1.1703000000000001,1.17424,1.17011,1.1739,8422
1769011200,1.17389,1.17401,1.16942,1.17024,18221
1769025600,1.17023,1.17048,1.1675200000000001,1.16867,9027
1769040000,1.16836,1.16897,1.16692,1.1688399999999999,4058
1769054400,1.16883,1.16967,1.16829,1.16878,3602
1769068800,1.16877,1.16968,1.16835,1.16922,6922
1769083200,1.1692,1.17181,1.16862,1.17134,9267
1769097600,1.17133,1.17502,1.17102,1.17462,11887
1769112000,1.1746,1.17544,1.17407,1.17537,3797
1769126400,1.17484,1.17585,1.17466,1.17489,3160
1769140800,1.17488,1.17534,1.17425,1.17504,3609
1769155200,1.17503,1.17524,1.17278,1.17349,11054
1769169600,1.17348,1.17468,1.17295,1.17337,6482
1769184000,1.17336,1.17983,1.17313,1.17938,13697
1769198400,1.17937,1.18329,1.17765,1.18288,11668
1769385600,1.18606,1.18967,1.18438,1.18573,11419
1769400000,1.1857199999999999,1.18759,1.1855,1.18645,7960
1769414400,1.18644,1.18669,1.18362,1.18632,13434
1769428800,1.18631,1.18647,1.1834500000000001,1.18554,8933
1769443200,1.18553,1.19062,1.18519,1.18784,14357
1769457600,1.18783,1.18897,1.187,1.18776,7238
1769472000,1.18774,1.1882,1.1871,1.1878199999999999,4383
1769486400,1.18781,1.18988,1.18695,1.18762,5083
1769500800,1.18761,1.18894,1.18499,1.18885,9455
1769515200,1.18884,1.1938,1.18736,1.19229,16427
1769529600,1.19228,1.19897,1.19179,1.19796,21759
1769544000,1.19794,1.20812,1.19702,1.20454,15416
1769558400,1.2045,1.20451,1.19923,1.19924,8151
1769572800,1.19923,1.20044,1.19743,1.19966,7976
1769587200,1.19964,1.2025299999999999,1.197,1.19864,14300
1769601600,1.19863,1.19944,1.19514,1.19571,11927
1769616000,1.1957,1.19769,1.1918199999999999,1.19405,23254
1769630400,1.19404,1.19523,1.18949,1.19523,16075
1769644800,1.19539,1.19846,1.19519,1.1960899999999999,7105
1769659200,1.19608,1.1993,1.19527,1.19808,8123
1769673600,1.19807,1.19961,1.1951,1.19552,13254
1769688000,1.19552,1.19703,1.1937,1.19557,13227
1769702400,1.19556,1.19719,1.19054,1.19556,31884
1769716800,1.19553,1.19708,1.19453,1.19691,8455
1769731200,1.19688,1.19737,1.19137,1.19166,9567
1769745600,1.19166,1.19346,1.18944,1.1924299999999999,13473
1769760000,1.19242,1.19427,1.18977,1.1908,17643
1769774400,1.19078,1.19541,1.19014,1.1912099999999999,16482
1769788800,1.1912099999999999,1.1920600000000001,1.18659,1.18719,26393
1769803200,1.1871800000000001,1.1884299999999999,1.18493,1.18513,16798
