time,open,high,low,close,volume
1566547200,1.22293,1.2237,1.2194099999999999,1.22058,13031
1566561600,1.22058,1.22418,1.2202600000000001,1.22278,18974
1566576000,1.22278,1.22793,1.22131,1.22678,26693
1566590400,1.22678,1.22931,1.22674,1.22817,11675
1566777600,1.22639,1.2285300000000001,1.22594,1.2267000000000001,12439
1566792000,1.2267000000000001,1.22827,1.22592,1.22662,15112
1566806400,1.22661,1.22848,1.22338,1.22409,20776
1566820800,1.22409,1.22449,1.22282,1.2233100000000001,20651
1566835200,1.22329,1.2244,1.22076,1.22306,22488
1566849600,1.22306,1.22306,1.22146,1.2217500000000001,7414
1566864000,1.2208,1.22254,1.2208,1.22138,5159
1566878400,1.22138,1.22194,1.22085,1.22168,9587
1566892800,1.22167,1.22562,1.22126,1.22545,17246
1566907200,1.22544,1.22882,1.22447,1.22772,20741
1566921600,1.22773,1.23096,1.22516,1.22964,22680
1566936000,1.22964,1.22965,1.22811,1.22865,6396
1566950400,1.22848,1.22903,1.22775,1.22784,6511
1566964800,1.22785,1.22812,1.22675,1.22803,9108
1566979200,1.22802,1.22866,1.21552,1.21901,19296
1566993600,1.21901,1.22328,1.21824,1.2209,23136
1567008000,1.22091,1.22525,1.21999,1.22348,20045
1567022400,1.22348,1.22377,1.22051,1.2209699999999999,8821
1567036800,1.2211,1.2221,1.2205300000000001,1.22149,5928
1567051200,1.22149,1.22166,1.21991,1.2204,6881
1567065600,1.22041,1.2215799999999999,1.21816,1.2196,15384
1567080000,1.21957,1.22322,1.21818,1.2204,20479
1567094400,1.22041,1.22132,1.2187999999999999,1.21973,21026
1567108800,1.21974,1.21984,1.2172,1.21825,8566
1567123200,1.21728,1.21863,1.21728,1.21807,5112
1567137600,1.21807,1.21837,1.21743,1.21829,7068
1567152000,1.21829,1.21911,1.21635,1.21686,14981
1567166400,1.2168700000000001,1.21971,1.21578,1.2189,18073
1567180800,1.21889,1.22261,1.21618,1.21651,21615
1567195200,1.21652,1.21702,1.2139,1.21587,11714
1567382400,1.21429,1.21641,1.21398,1.21483,5468
1567396800,1.21485,1.2161,1.21476,1.21587,5919
1567411200,1.21587,1.21743,1.20751,1.20842,12326
1567425600,1.20842,1.21001,1.20656,1.2071,18431
1567440000,1.20709,1.20764,1.20356,1.20757,15134
1567454400,1.2076,1.20762,1.20552,1.2059,12101
1567468800,1.20611,1.20674,1.20563,1.20583,5346
1567483200,1.2058200000000001,1.2058200000000001,1.2025000000000001,1.20383,9066
1567497600,1.20383,1.20384,1.19581,1.1991100000000001,19794
1567512000,1.1991100000000001,1.20855,1.19723,1.20191,19021
1567526400,1.2019199999999999,1.21031,1.20158,1.20914,21793
1567540800,1.20913,1.21057,1.20764,1.20867,9973
1567555200,1.2086999999999999,1.20993,1.20749,1.20902,6832
1567569600,1.20902,1.2112,1.20848,1.21009,7564
1567584000,1.21008,1.21649,1.20991,1.21521,17975
1567598400,1.21519,1.22195,1.21481,1.21817,20413
1567612800,1.21818,1.22138,1.21618,1.22079,20257
1567627200,1.22079,1.22558,1.21888,1.22554,11895
1567641600,1.22494,1.22579,1.22343,1.22356,7204
1567656000,1.22361,1.22471,1.22304,1.2240199999999999,9103
1567670400,1.2240199999999999,1.22859,1.2209699999999999,1.2267299999999999,18943
1567684800,1.2267299999999999,1.2353399999999999,1.22637,1.2331,21944
1567699200,1.23309,1.23459,1.23138,1.23155,18761
1567713600,1.23156,1.23333,1.23141,1.23276,7799
1567728000,1.23348,1.23389,1.23204,1.23228,6573
1567742400,1.23228,1.23325,1.23216,1.23276,7479
1567756800,1.23277,1.23433,1.22852,1.22978,17298
1567771200,1.22977,1.23284,1.22889,1.2306300000000001,18059
1567785600,1.23062,1.2337500000000001,1.2282,1.22881,16277
1567800000,1.22882,1.2303,1.22791,1.22854,9725
1567987200,1.22687,1.22881,1.2268,1.22794,8004
1568001600,1.22793,1.22905,1.2274,1.22767,8231
1568016000,1.22766,1.23204,1.22329,1.23143,26102
1568030400,1.23142,1.23853,1.23122,1.23625,34997
1568044800,1.23625,1.2374,1.23162,1.2347,33950
1568059200,1.23471,1.2358500000000001,1.23392,1.23442,9196
1568073600,1.23419,1.23546,1.23389,1.2342,20664
1568088000,1.2342,1.23483,1.2335,1.23391,7671
1568102400,1.2339,1.23798,1.2306300000000001,1.2325,24978
1568116800,1.23248,1.23742,1.2318500000000001,1.23716,29010
1568131200,1.23718,1.23743,1.23405,1.23449,29105
1568145600,1.23448,1.23596,1.23392,1.2357,11993
1568160000,1.23581,1.236,1.23429,1.23504,7544
1568174400,1.23504,1.23614,1.23404,1.2358,11015
1568188800,1.2358,1.23698,1.23414,1.23591,24794
1568203200,1.2359,1.2370700000000001,1.23307,1.23354,30973
1568217600,1.23354,1.23485,1.23154,1.23172,28385
1568232000,1.23172,1.23357,1.23122,1.23275,11489
1568246400,1.23292,1.23366,1.23194,1.2331699999999999,14888
1568260800,1.2331699999999999,1.2335,1.2325599999999999,1.23293,8406
1568275200,1.23293,1.23422,1.23146,1.23222,26114
1568289600,1.23222,1.23403,1.2282899999999999,1.22902,46394
1568304000,1.22902,1.23598,1.22845,1.23488,62507
1568318400,1.23489,1.23666,1.23289,1.23294,14544
1568332800,1.23376,1.2345,1.23267,1.23319,6074
1568347200,1.23318,1.23509,1.23277,1.23482,6959
1568361600,1.23482,1.24551,1.23441,1.24485,39423
1568376000,1.24485,1.24759,1.24386,1.24549,37923
1568390400,1.2455,1.24804,1.24262,1.24664,33462
1568404800,1.24663,1.25057,1.2465,1.24947,12314
1568592000,1.24819,1.25038,1.24767,1.24876,10725
1568606400,1.24876,1.24876,1.24619,1.24685,9031
1568620800,1.24685,1.24794,1.24253,1.24256,28328
1568635200,1.24258,1.2468,1.24258,1.24474,35610
1568649600,1.24474,1.24548,1.23988,1.24255,35023
1568664000,1.24255,1.24304,1.24163,1.24283,13460
1568678400,1.24281,1.24319,1.24173,1.24188,6872
1568692800,1.24189,1.24227,1.24073,1.24169,9943
1568707200,1.24169,1.24257,1.23928,1.24035,28101
1568721600,1.24036,1.24244,1.23922,1.24222,29361
1568736000,1.24223,1.25044,1.24196,1.25024,39231
1568750400,1.25023,1.2527,1.24942,1.24989,17482
1568764800,1.2499,1.25089,1.24858,1.24871,5897
1568779200,1.24872,1.24931,1.24827,1.24853,6421
1568793600,1.24853,1.2496800000000001,1.24386,1.24482,24249
1568808000,1.2448299999999999,1.2471700000000001,1.2441,1.24645,29344
1568822400,1.24644,1.24906,1.24545,1.24791,30011
1568836800,1.24791,1.2511999999999999,1.24463,1.24691,40711
1568851200,1.2469999999999999,1.2481200000000001,1.2459,1.2466,10576
1568865600,1.24661,1.24793,1.24591,1.24781,11019
1568880000,1.24781,1.25,1.2459500000000001,1.24946,31053
1568894400,1.24947,1.2499500000000001,1.24377,1.24823,34406
1568908800,1.24825,1.24957,1.24729,1.24901,28312
1568923200,1.24904,1.25602,1.24891,1.25221,29152
1568937600,1.25251,1.25312,1.25176,1.2526,7153
1568952000,1.25259,1.2558,1.25244,1.25575,11241
1568966400,1.25575,1.2582200000000001,1.25302,1.25312,35830
1568980800,1.25313,1.25508,1.24623,1.24832,36815
1568995200,1.24832,1.2511999999999999,1.24589,1.24844,33275
1569009600,1.24845,1.24942,1.24655,1.2469000000000001,20767
1569196800,1.24615,1.24882,1.24615,1.2478799999999999,7121
1569211200,1.24789,1.24903,1.24744,1.2483,6093
1569225600,1.2483,1.24863,1.24227,1.24354,30076
1569240000,1.24359,1.24545,1.24155,1.24204,34023
1569254400,1.24203,1.24432,1.24127,1.24321,33347
1569268800,1.2432,1.24408,1.2422900000000001,1.24334,9030
1569283200,1.24279,1.24407,1.24245,1.24362,7759
1569297600,1.2436099999999999,1.24382,1.24238,1.2428,7152
1569312000,1.2428,1.24448,1.24138,1.24285,20479
1569326400,1.24285,1.24898,1.24273,1.24824,43313
1569340800,1.24825,1.25031,1.24624,1.24872,33817
1569355200,1.24872,1.25003,1.24664,1.24937,18005
1569369600,1.24904,1.24964,1.24718,1.24794,8870
1569384000,1.24794,1.2483,1.24616,1.24645,10279
1569398400,1.24645,1.2482,1.2426599999999999,1.24331,25445
1569412800,1.24332,1.24439,1.23721,1.23835,22797
1569427200,1.23835,1.23932,1.23487,1.23548,29035
1569441600,1.23548,1.23652,1.2347299999999999,1.23474,10364
1569456000,1.23495,1.23629,1.23462,1.23593,5830
1569470400,1.23593,1.2380200000000001,1.23581,1.23714,9043
1569484800,1.23714,1.23722,1.23245,1.23268,21752
1569499200,1.2327,1.23628,1.23023,1.2346,35667
1569513600,1.2346,1.23661,1.23274,1.23348,38685
1569528000,1.23347,1.2353,1.23149,1.23221,16238
1569542400,1.23216,1.23292,1.23137,1.23267,8343
1569556800,1.23267,1.23336,1.23239,1.23275,8050
1569571200,1.23276,1.23361,1.22705,1.22842,27162
1569585600,1.22843,1.23313,1.22769,1.23231,28871
1569600000,1.23231,1.23265,1.22958,1.23104,30018
1569614400,1.23105,1.23126,1.22857,1.22868,11079
1569801600,1.22901,1.22984,1.22828,1.22912,5832
1569816000,1.22913,1.22939,1.22833,1.22925,6423
1569830400,1.22926,1.23287,1.22896,1.23277,18608
1569844800,1.23276,1.23301,1.22891,1.23065,27811
1569859200,1.23065,1.23459,1.22864,1.22896,32639
1569873600,1.22897,1.23062,1.22751,1.22961,11669
1569888000,1.22828,1.22947,1.22781,1.22799,11708
1569902400,1.22799,1.22921,1.22777,1.22861,6889
1569916800,1.22861,1.2306,1.22595,1.22836,27880
1569931200,1.22841,1.23131,1.22242,1.22357,28386
1569945600,1.2235800000000001,1.23397,1.2204,1.23177,49515
1569960000,1.23178,1.23298,1.22579,1.23025,19280
1569974400,1.2303,1.23095,1.2282899999999999,1.22946,9328
1569988800,1.22946,1.22988,1.2279,1.22828,5895
1570003200,1.22827,1.22855,1.22267,1.22282,27638
1570017600,1.22283,1.22977,1.2227000000000001,1.22663,30055
1570032000,1.22662,1.23239,1.2266,1.23088,38170
1570046400,1.23089,1.23239,1.22946,1.22973,14401
1570060800,1.22973,1.23104,1.22849,1.22979,16744
1570075200,1.2298,1.23066,1.22958,1.23032,5912
1570089600,1.23033,1.23181,1.22654,1.23141,27000
1570104000,1.23139,1.23842,1.22736,1.23764,33753
1570118400,1.23763,1.24129,1.23574,1.23725,50651
1570132800,1.23725,1.23762,1.23268,1.23278,12855
1570147200,1.23294,1.23486,1.23278,1.23476,5828
1570161600,1.23475,1.23566,1.23336,1.23346,6481
1570176000,1.23346,1.2352,1.23254,1.23289,19070
1570190400,1.23287,1.23494,1.22937,1.23078,35979
1570204800,1.23078,1.2341,1.22759,1.23285,36541
1570219200,1.23287,1.23392,1.23245,1.23326,9612
1570406400,1.23129,1.23363,1.2306,1.23335,7533
1570420800,1.23336,1.2334100000000001,1.23214,1.23277,5842
1570435200,1.23276,1.2328000000000001,1.22867,1.22971,23026
1570449600,1.22972,1.23335,1.22929,1.23218,27987
1570464000,1.23216,1.23305,1.23081,1.23159,23395
1570478400,1.2315800000000001,1.23181,1.22879,1.2288999999999999,15451
1570492800,1.22893,1.22931,1.22834,1.2288999999999999,6914
1570507200,1.2288999999999999,1.23001,1.22866,1.2295,8214
1570521600,1.2295099999999999,1.23023,1.22601,1.2272,26221
1570536000,1.22719,1.22723,1.22072,1.22094,42680
1570550400,1.22094,1.22262,1.21948,1.22141,34004
1570564800,1.22142,1.22261,1.2202,1.22192,21399
1570579200,1.22169,1.22262,1.2212399999999999,1.2214800000000001,9002
1570593600,1.2214800000000001,1.22186,1.22094,1.22104,5315
1570608000,1.22104,1.22911,1.21974,1.2241,33524
1570622400,1.22411,1.22498,1.2205,1.22168,33956
1570636800,1.22168,1.22348,1.21974,1.22028,26972
1570651200,1.22029,1.22173,1.22001,1.22027,13742
1570665600,1.22133,1.2221899999999999,1.22023,1.22117,12599
1570680000,1.22116,1.2230699999999999,1.22086,1.22265,12995
1570694400,1.22266,1.22491,1.22157,1.22288,26440
1570708800,1.22288,1.22653,1.22228,1.22323,33729
1570723200,1.22322,1.24054,1.22154,1.2396,73438
1570737600,1.23962,1.24689,1.23958,1.24405,30219
1570752000,1.24362,1.24457,1.24237,1.24335,12122
1570766400,1.24335,1.24576,1.2428,1.2449,8791
1570780800,1.24489,1.25046,1.24059,1.24993,35263
1570795200,1.24994,1.26853,1.24867,1.26221,78812
1570809600,1.26223,1.27069,1.2615,1.26657,62231
1570824000,1.26657,1.26725,1.26387,1.26458,23564
1571011200,1.26273,1.26444,1.25993,1.2606,12957
1571025600,1.2606,1.2616,1.25901,1.2607599999999999,13556
1571040000,1.26075,1.26154,1.25555,1.25779,33664
1571054400,1.25778,1.25808,1.25153,1.25614,36920
1571068800,1.25614,1.26494,1.25338,1.25691,42354
1571083200,1.25691,1.2604199999999999,1.25503,1.2602,11857
1571097600,1.26063,1.2637,1.25994,1.26047,10988
1571112000,1.2604600000000001,1.26363,1.26043,1.26329,17621
1571126400,1.26328,1.26978,1.26047,1.26501,39755
1571140800,1.26502,1.2677800000000001,1.26061,1.26551,46864
1571155200,1.26551,1.28002,1.26202,1.27556,75728
1571169600,1.27558,1.27922,1.27488,1.27834,18521
1571184000,1.2781500000000001,1.27866,1.27477,1.27495,15097
1571198400,1.27496,1.27591,1.27382,1.27552,16831
1571212800,1.27554,1.27882,1.26706,1.27414,52425
1571227200,1.27413,1.28395,1.26556,1.27907,70007
1571241600,1.27909,1.28773,1.27735,1.2846600000000001,54284
1571256000,1.2846600000000001,1.28702,1.28029,1.28274,16389
1571270400,1.28198,1.28341,1.28099,1.28273,12909
1571284800,1.28275,1.2831000000000001,1.28178,1.28182,13195
1571299200,1.2818100000000001,1.28328,1.27488,1.27995,40944
1571313600,1.2800099999999999,1.2989600000000001,1.27568,1.28119,80055
1571328000,1.28117,1.28755,1.27824,1.28491,47314
1571342400,1.2849300000000001,1.28928,1.28419,1.28904,15586
1571356800,1.28902,1.2891,1.28575,1.2864499999999999,11506
1571371200,1.28641,1.2867,1.28407,1.28446,12891
1571385600,1.28447,1.29203,1.2839,1.29007,32406
1571400000,1.29006,1.2913000000000001,1.28708,1.28882,37955
1571414400,1.28882,1.29319,1.28605,1.29298,42941
1571428800,1.29297,1.29843,1.29287,1.29843,21886
1571616000,1.29461,1.29497,1.28735,1.29197,21630
1571630400,1.2919800000000001,1.29199,1.29027,1.29039,11808
1571644800,1.29039,1.3011300000000001,1.28877,1.29772,34250
1571659200,1.29772,1.30125,1.29705,1.29919,28535
1571673600,1.29917,1.30084,1.29585,1.29757,41104
1571688000,1.29757,1.29785,1.2955999999999999,1.29588,14539
1571702400,1.29582,1.29762,1.29569,1.29709,16134
1571716800,1.29711,1.29867,1.29675,1.2980800000000001,8007
1571731200,1.29809,1.2986900000000001,1.29217,1.29398,28095
1571745600,1.29397,1.29711,1.28898,1.29073,35384
1571760000,1.29073,1.29608,1.28946,1.29495,40353
1571774400,1.29494,1.30005,1.2861500000000001,1.2872,46368
1571788800,1.28684,1.2898100000000001,1.2861500000000001,1.28699,26586
1571803200,1.28699,1.28711,1.2840799999999999,1.28592,12761
1571817600,1.2859,1.28911,1.28423,1.28518,26378
1571832000,1.28518,1.28922,1.28449,1.28809,31943
1571846400,1.28811,1.28964,1.2863,1.2873999999999999,33276
1571860800,1.28739,1.29215,1.28734,1.29119,15861
1571875200,1.29081,1.29213,1.2904200000000001,1.29143,12875
1571889600,1.29143,1.29274,1.2911299999999999,1.29159,7152
1571904000,1.29158,1.2949899999999999,1.28751,1.28876,27837
1571918400,1.28876,1.29268,1.28802,1.29131,22643
1571932800,1.29134,1.29152,1.2788300000000001,1.28503,49465
1571947200,1.28501,1.28666,1.28346,1.2849599999999999,12404
1571961600,1.28543,1.28543,1.28353,1.28447,8727
1571976000,1.28447,1.28472,1.28352,1.2841,5126
1571990400,1.2841,1.28628,1.28229,1.28369,20057
1572004800,1.2836699999999999,1.28498,1.28082,1.28124,24772
1572019200,1.28125,1.28437,1.28039,1.2818100000000001,28045
1572033600,1.2818100000000001,1.28324,1.28146,1.2825199999999999,9183
1572220800,1.28201,1.28338,1.28147,1.28171,12702
1572235200,1.2817,1.28217,1.28108,1.28195,6172
1572249600,1.28194,1.28593,1.2816,1.2848899999999999,23167
1572264000,1.2849,1.28604,1.2822,1.28482,26074
1572278400,1.28482,1.28761,1.28442,1.28634,26915
1572292800,1.28634,1.28708,1.28484,1.2858399999999999,9514
1572307200,1.2858399999999999,1.28604,1.28342,1.28434,6265
1572321600,1.28434,1.28558,1.28417,1.2854700000000001,5566
1572336000,1.2854700000000001,1.28601,1.28061,1.28202,18659
1572350400,1.28203,1.288,1.28073,1.28782,38597
1572364800,1.28776,1.2904499999999999,1.28542,1.28562,35221
1572379200,1.28563,1.28702,1.28417,1.28624,8642
1572393600,1.28632,1.2870300000000001,1.2859099999999999,1.28675,7905
1572408000,1.2867600000000001,1.28698,1.28576,1.28681,5283
1572422400,1.28681,1.29052,1.2864200000000001,1.28867,17541
1572436800,1.28867,1.2898800000000001,1.2867600000000001,1.2876400000000001,30160
1572451200,1.28765,1.2879,1.28597,1.28616,23806
1572465600,1.2861799999999999,1.29073,1.28446,1.28972,23034
1572480000,1.2901,1.2923499999999999,1.28996,1.29211,10306
1572494400,1.29212,1.29343,1.29182,1.29204,10870
1572508800,1.29204,1.29548,1.29154,1.29387,23592
1572523200,1.29387,1.29756,1.29383,1.29552,35713
1572537600,1.2955,1.2959,1.29247,1.29365,32013
1572552000,1.29368,1.2955,1.29237,1.29257,10986
1572566400,1.29284,1.29631,1.2926,1.29616,7796
1572580800,1.29616,1.29663,1.29542,1.29585,8379
1572595200,1.29592,1.29727,1.2941099999999999,1.29488,15461
1572609600,1.29488,1.29683,1.29345,1.29498,27902
1572624000,1.29497,1.29698,1.29267,1.29373,31212
1572638400,1.29376,1.29428,1.29303,1.29343,5159
1572825600,1.29268,1.29405,1.29258,1.29337,6333
1572840000,1.29337,1.29424,1.29308,1.29333,5671
1572854400,1.29332,1.29407,1.29187,1.2920099999999999,17687
1572868800,1.2920099999999999,1.29281,1.29094,1.29138,15488
1572883200,1.2913700000000001,1.29208,1.28991,1.28994,19664
1572897600,1.28992,1.28998,1.28759,1.28816,6977
1572912000,1.28802,1.28908,1.2879399999999999,1.28836,9533
1572926400,1.28837,1.28861,1.28772,1.28812,8566
1572940800,1.28812,1.2904200000000001,1.28755,1.28958,18227
1572955200,1.28958,1.2917100000000001,1.28885,1.28888,23658
1572969600,1.28891,1.28998,1.2858800000000001,1.28704,28965
1572984000,1.28705,1.28922,1.28704,1.28827,10704
1572998400,1.28808,1.28848,1.28686,1.28803,7688
1573012800,1.28804,1.2885900000000001,1.28757,1.2883200000000001,4173
1573027200,1.28833,1.28945,1.28702,1.28856,14139
1573041600,1.28856,1.28969,1.28759,1.28887,14220
1573056000,1.28887,1.28894,1.28508,1.28577,21057
1573070400,1.28577,1.2861,1.28439,1.2855400000000001,9982
1573084800,1.2849599999999999,1.286,1.28453,1.2848899999999999,7701
1573099200,1.28488,1.28498,1.28372,1.2846899999999999,7643
1573113600,1.2846899999999999,1.28756,1.2836699999999999,1.28673,20787
1573128000,1.28671,1.28777,1.27941,1.2806600000000001,30744
1573142400,1.2806600000000001,1.28325,1.28049,1.28148,26740
1573156800,1.28147,1.28272,1.28114,1.28137,9709
1573171200,1.28152,1.28225,1.28087,1.28133,7225
1573185600,1.28134,1.28185,1.28087,1.28122,5928
1573200000,1.28121,1.28225,1.28044,1.2809,15481
1573214400,1.2809,1.28174,1.27943,1.28058,18831
1573228800,1.28053,1.28219,1.27697,1.27712,20999
1573243200,1.27711,1.27874,1.27655,1.27728,6204
1573430400,1.27881,1.27981,1.27868,1.27907,4526
1573444800,1.2790599999999999,1.27985,1.27854,1.27978,4651
1573459200,1.27977,1.2809300000000001,1.27912,1.2802799999999999,13698
1573473600,1.28027,1.2898399999999999,1.27989,1.2871299999999999,24067
1573488000,1.2871299999999999,1.28856,1.28521,1.28582,15871
1573502400,1.28582,1.2859,1.28481,1.28521,6626
1573516800,1.28473,1.28663,1.28431,1.28567,10795
1573531200,1.28569,1.28657,1.28515,1.28622,6271
1573545600,1.28623,1.28655,1.28153,1.28383,18579
1573560000,1.28386,1.2843499999999999,1.28238,1.28379,16072
1573574400,1.28378,1.28739,1.2834400000000001,1.2857,20743
1573588800,1.2857,1.28617,1.28418,1.28442,10879
1573603200,1.28485,1.28626,1.28383,1.28502,10432
1573617600,1.28503,1.28522,1.28444,1.2849599999999999,6434
1573632000,1.2848899999999999,1.28582,1.28226,1.28533,19794
1573646400,1.2852999999999999,1.28579,1.28282,1.28383,19604
1573660800,1.28383,1.2846600000000001,1.2821500000000001,1.28391,22976
1573675200,1.2839,1.28546,1.28366,1.28485,10789
1573689600,1.28484,1.28571,1.28359,1.28458,7288
1573704000,1.28457,1.28457,1.2827600000000001,1.2828300000000001,7131
1573718400,1.28282,1.28671,1.28246,1.28501,20176
1573732800,1.28502,1.2865,1.28331,1.28396,18284
1573747200,1.2839800000000001,1.2888,1.2834400000000001,1.28788,23492
1573761600,1.28788,1.28851,1.28739,1.28814,8064
1573776000,1.2880099999999999,1.28861,1.28789,1.28856,7140
1573790400,1.28856,1.28857,1.28754,1.2876,4848
1573804800,1.28761,1.28875,1.28671,1.28751,14486
1573819200,1.28751,1.28903,1.28674,1.28869,18910
1573833600,1.28869,1.2919,1.28854,1.29081,25896
1573848000,1.2908,1.29094,1.28969,1.2900800000000001,6136
1574035200,1.29172,1.29221,1.29083,1.29202,8972
1574049600,1.29203,1.29326,1.29199,1.29246,8571
1574064000,1.29244,1.29626,1.2923200000000001,1.29626,20803
1574078400,1.2962500000000001,1.29851,1.29417,1.2959399999999999,25846
1574092800,1.2959399999999999,1.29714,1.29432,1.29666,27046
1574107200,1.29667,1.2967,1.29494,1.29525,8536
1574121600,1.29498,1.29608,1.29423,1.29507,10853
1574136000,1.2951,1.29609,1.29495,1.29582,9124
1574150400,1.29582,1.29698,1.29424,1.29535,17041
1574164800,1.29536,1.29555,1.29261,1.29406,20992
1574179200,1.29404,1.2953700000000001,1.2919800000000001,1.29271,23732
1574193600,1.29271,1.29309,1.29101,1.29258,9262
1574208000,1.29223,1.29307,1.28999,1.29065,13689
1574222400,1.29064,1.29155,1.29035,1.29068,9034
1574236800,1.29066,1.29199,1.28868,1.29096,20066
1574251200,1.29097,1.29148,1.28884,1.29033,19356
1574265600,1.29033,1.29287,1.29026,1.29208,29481
1574280000,1.29209,1.29244,1.29101,1.29223,11661
1574294400,1.29136,1.2929599999999999,1.29136,1.29263,6090
1574308800,1.29264,1.29326,1.29248,1.29283,7873
1574323200,1.29283,1.29457,1.2923,1.29437,18192
1574337600,1.29437,1.29702,1.29335,1.29585,29591
1574352000,1.29585,1.29622,1.28978,1.29038,28510
1574366400,1.29037,1.29093,1.28929,1.2906,7872
1574380800,1.29047,1.29221,1.29028,1.29184,9227
1574395200,1.29185,1.29219,1.29104,1.29207,5301
1574409600,1.29213,1.29284,1.28629,1.2873299999999999,26080
1574424000,1.2873299999999999,1.2888,1.28503,1.28552,23921
1574438400,1.2854999999999999,1.28634,1.28231,1.28273,22003
1574452800,1.28273,1.28411,1.2824499999999999,1.28289,10215
1574640000,1.28524,1.28558,1.28427,1.28516,7089
1574654400,1.28514,1.2855699999999999,1.28407,1.28522,6738
1574668800,1.28522,1.28852,1.28455,1.28808,19524
1574683200,1.28807,1.28831,1.28662,1.2879,16150
1574697600,1.28789,1.29117,1.2868,1.28884,28399
1574712000,1.28882,1.2904900000000001,1.28863,1.28968,9039
1574726400,1.2896,1.29032,1.28924,1.29029,7112
1574740800,1.29029,1.29034,1.28901,1.28932,7070
1574755200,1.28933,1.2899,1.28639,1.28651,16966
1574769600,1.2865,1.28792,1.2846,1.28524,18784
1574784000,1.28525,1.28717,1.2834699999999999,1.2861099999999999,26519
1574798400,1.2861099999999999,1.28705,1.2854,1.2862,9060
1574812800,1.28561,1.28641,1.28477,1.28513,8717
1574827200,1.28513,1.28571,1.2846199999999999,1.28467,6416
1574841600,1.28467,1.28646,1.28269,1.28614,18376
1574856000,1.28616,1.28936,1.28599,1.28818,26643
1574870400,1.28819,1.28921,1.2864900000000001,1.2883200000000001,25800
1574884800,1.28831,1.2917100000000001,1.28821,1.29107,17831
1574899200,1.29212,1.29501,1.29161,1.29311,10718
1574913600,1.29311,1.29375,1.29246,1.29351,5518
1574928000,1.29352,1.2950599999999999,1.29263,1.29362,20187
1574942400,1.29364,1.29402,1.28997,1.29118,21560
1574956800,1.29118,1.29173,1.28989,1.2904,11381
1574971200,1.2904,1.2913000000000001,1.29002,1.29054,16695
1574985600,1.29088,1.29135,1.29035,1.29087,7488
1575000000,1.29086,1.29185,1.2906900000000001,1.29183,5273
1575014400,1.29184,1.2922799999999999,1.28788,1.28892,14963
1575028800,1.2889300000000001,1.29126,1.28822,1.2885900000000001,19338
1575043200,1.28861,1.2941799999999999,1.28821,1.29315,30710
1575057600,1.29314,1.29452,1.29218,1.29298,10667
1575244800,1.29125,1.2916699999999999,1.29097,1.29132,8605
1575259200,1.29134,1.29203,1.29092,1.29165,6367
1575273600,1.2916400000000001,1.29272,1.28999,1.29098,16608
1575288000,1.29097,1.29385,1.28959,1.2929300000000001,21700
1575302400,1.29291,1.29453,1.29186,1.29331,31486
1575316800,1.29331,1.2949,1.29308,1.29407,8965
1575331200,1.29328,1.29444,1.29301,1.2933,6898
1575345600,1.29329,1.29422,1.29308,1.29405,6418
1575360000,1.29405,1.2989,1.2938100000000001,1.29873,22978
1575374400,1.29874,1.30095,1.29712,1.2996699999999999,25747
1575388800,1.29968,1.30117,1.2974700000000001,1.3008,25781
1575403200,1.30081,1.30088,1.29887,1.29913,7770
1575417600,1.29908,1.30003,1.29893,1.29992,12078
1575432000,1.2999399999999999,1.3002799999999999,1.29886,1.29918,5577
1575446400,1.2992,1.30637,1.29822,1.3054700000000001,29628
1575460800,1.30546,1.31091,1.30359,1.30959,33672
1575475200,1.30959,1.31202,1.30854,1.30908,29188
1575489600,1.30908,1.3107,1.30868,1.31027,6856
1575504000,1.31021,1.31125,1.3102,1.31115,6116
1575518400,1.31115,1.31185,1.31103,1.31134,5327
1575532800,1.3113299999999999,1.31477,1.3105,1.31329,21066
1575547200,1.31329,1.3142800000000001,1.31247,1.31297,19047
1575561600,1.31296,1.31654,1.31277,1.31578,25782
1575576000,1.31579,1.31658,1.31531,1.31585,10854
1575590400,1.31567,1.31609,1.3152599999999999,1.31563,7262
1575604800,1.31564,1.31623,1.31539,1.31548,5269
1575619200,1.31548,1.3165200000000001,1.3111,1.3124500000000001,17910
1575633600,1.3124500000000001,1.315,1.3111,1.31314,24284
1575648000,1.31312,1.31382,1.3100399999999999,1.31327,25540
1575662400,1.31327,1.3142800000000001,1.31298,1.31315,7601
1575849600,1.31326,1.31502,1.31317,1.31454,6527
1575864000,1.31455,1.31467,1.3140800000000001,1.31455,4405
1575878400,1.31455,1.31807,1.3143799999999999,1.31543,19198
1575892800,1.31544,1.31765,1.31477,1.31532,17744
1575907200,1.3153299999999999,1.31603,1.31355,1.31476,20720
1575921600,1.31476,1.31566,1.31395,1.31413,11435
1575936000,1.3146499999999999,1.31536,1.31349,1.31518,5250
1575950400,1.31517,1.31558,1.31486,1.31494,4643
1575964800,1.31495,1.31741,1.31322,1.31601,19947
1575979200,1.31601,1.31894,1.31576,1.31701,25547
1575993600,1.31702,1.3184,1.31546,1.3183,25605
1576008000,1.3183,1.32149,1.31543,1.31555,16609
1576022400,1.31436,1.31477,1.31066,1.31328,15272
1576036800,1.31327,1.31467,1.3129,1.31371,6969
1576051200,1.3136999999999999,1.31568,1.31114,1.31384,23271
1576065600,1.31384,1.3173300000000001,1.3137699999999999,1.31701,23730
1576080000,1.317,1.31863,1.31674,1.31715,20278
1576094400,1.31715,1.3213300000000001,1.31677,1.31949,17494
1576108800,1.31934,1.32294,1.31916,1.32257,9396
1576123200,1.32256,1.32267,1.32089,1.32095,6423
1576137600,1.32095,1.3222800000000001,1.31832,1.31833,14605
1576152000,1.31833,1.31994,1.31155,1.31548,35896
1576166400,1.31548,1.31764,1.31057,1.3109199999999999,44272
1576180800,1.31088,1.31843,1.30499,1.31741,39847
1576195200,1.34347,1.35141,1.3419400000000001,1.34916,29907
1576209600,1.34916,1.35073,1.3446799999999999,1.3474,15259
1576224000,1.3474,1.34794,1.33571,1.34154,47719
1576238400,1.34154,1.34185,1.3312300000000001,1.33322,33468
1576252800,1.33324,1.33678,1.33052,1.33216,57478
1576267200,1.3321399999999999,1.33446,1.33196,1.33287,15602
1576454400,1.33354,1.33621,1.33346,1.33619,9266
1576468800,1.33619,1.33986,1.33612,1.33883,8359
1576483200,1.33881,1.34222,1.33227,1.33332,30048
1576497600,1.33332,1.3379400000000001,1.33292,1.33429,26707
1576512000,1.3342800000000001,1.33624,1.33212,1.33259,24731
1576526400,1.3326,1.33536,1.3320699999999999,1.3333300000000001,11733
1576540800,1.33285,1.3335,1.32352,1.3279,15377
1576555200,1.3279,1.33007,1.32748,1.32856,8078
1576569600,1.32856,1.32915,1.31549,1.31933,35367
1576584000,1.31933,1.32145,1.3131300000000001,1.31447,33983
1576598400,1.31447,1.31735,1.30991,1.31302,31998
1576612800,1.31304,1.31387,1.31107,1.31285,11275
1576627200,1.31185,1.31339,1.30895,1.30959,14434
1576641600,1.30957,1.31112,1.30722,1.31106,12117
1576656000,1.31107,1.31288,1.30769,1.31105,30635
1576670400,1.31107,1.31185,1.30594,1.30792,23263
1576684800,1.30792,1.30897,1.30598,1.30827,24277
1576699200,1.30827,1.3088600000000001,1.30709,1.3078,10273
1576713600,1.30736,1.30884,1.30685,1.3085,7232
1576728000,1.30851,1.30902,1.3079100000000001,1.3084,5994
1576742400,1.3084,1.31276,1.30765,1.31055,16317
1576756800,1.31056,1.31325,1.30233,1.30587,31006
1576771200,1.30585,1.30659,1.2989600000000001,1.30385,35006
1576785600,1.30386,1.30397,1.2996699999999999,1.30049,14345
1576800000,1.30049,1.30203,1.30049,1.30195,6305
1576814400,1.30195,1.30283,1.3017,1.30194,5143
1576828800,1.30194,1.30476,1.30106,1.30402,14346
1576843200,1.30401,1.3057,1.30162,1.30555,19116
1576857600,1.30555,1.3079100000000001,1.30192,1.3021,24378
1576872000,1.30209,1.30247,1.29771,1.29993,13185
1577059200,1.29986,1.30141,1.29863,1.30136,12235
1577073600,1.30135,1.30163,1.3005,1.30131,4810
1577088000,1.30131,1.3032,1.30044,1.30096,13265
1577102400,1.30096,1.30121,1.29043,1.29241,24883
1577116800,1.29236,1.29585,1.2909,1.29334,23225
1577131200,1.29335,1.29464,1.29223,1.2935400000000001,8523
1577145600,1.29329,1.2947,1.29308,1.29385,7337
1577160000,1.2938399999999999,1.29471,1.29365,1.2940800000000001,7086
1577174400,1.2940800000000001,1.2947199999999999,1.29215,1.29292,12850
1577188800,1.29292,1.29626,1.29266,1.29463,16987
1577203200,1.29464,1.29677,1.29461,1.29545,11116
1577347200,1.2990300000000001,1.29918,1.29807,1.29814,4138
1577361600,1.2981500000000001,1.29942,1.29597,1.29847,12173
1577376000,1.29846,1.30159,1.29828,1.30085,9367
1577390400,1.30084,1.3014299999999999,1.29905,1.29958,7163
1577404800,1.29915,1.30038,1.2968,1.29772,8858
1577419200,1.29772,1.30071,1.29759,1.29944,7885
1577433600,1.29943,1.3075,1.29922,1.3069899999999999,19292
1577448000,1.3069899999999999,1.31061,1.30614,1.30873,21929
1577462400,1.30873,1.31168,1.3082799999999999,1.30921,18297
1577476800,1.30921,1.30995,1.30721,1.30798,9218
1577664000,1.30861,1.3108,1.30631,1.31067,7415
1577678400,1.3106499999999999,1.3124799999999999,1.3105,1.31183,8007
1577692800,1.31183,1.31251,1.30853,1.3118,14309
1577707200,1.31181,1.31357,1.31047,1.31251,15746
1577721600,1.3125200000000001,1.315,1.3108,1.3118,21489
1577736000,1.3118,1.31292,1.31019,1.31082,11161
1577750400,1.31039,1.3124500000000001,1.31025,1.3124,6410
1577764800,1.3124,1.31356,1.31117,1.31159,5696
1577779200,1.31161,1.31637,1.3105,1.31581,13144
1577793600,1.31582,1.32171,1.31503,1.32147,24269
1577808000,1.32145,1.3284099999999999,1.32001,1.32621,25559
1577822400,1.32621,1.3263,1.32599,1.32599,119
1577952000,1.32195,1.32302,1.32091,1.3214000000000001,10269
1577966400,1.32141,1.32147,1.31711,1.31762,18468
1577980800,1.31762,1.31942,1.31152,1.31339,26865
1577995200,1.3134000000000001,1.31455,1.3124799999999999,1.31351,12962
1578009600,1.31322,1.316,1.3131599999999999,1.31375,8370
1578024000,1.31375,1.31437,1.31156,1.31207,14676
1578038400,1.31208,1.31236,1.3066499999999999,1.30675,25104
1578052800,1.30675,1.31093,1.3053,1.3072,21199
1578067200,1.3072300000000001,1.30988,1.3067,1.3088,23022
1578081600,1.30881,1.30897,1.30705,1.3078699999999999,13569
1578268800,1.30795,1.30878,1.30616,1.3078699999999999,7126
1578283200,1.3078699999999999,1.30902,1.3078699999999999,1.30808,4786
1578297600,1.30807,1.31483,1.30637,1.31429,24819
1578312000,1.3143,1.31741,1.31342,1.31402,21706
1578326400,1.3140100000000001,1.3174299999999999,1.31329,1.3159,18632
1578340800,1.3159,1.31681,1.31552,1.31673,8390
1578355200,1.31636,1.31789,1.31632,1.31715,6269
1578369600,1.3171599999999999,1.31757,1.31532,1.31543,4743
1578384000,1.31543,1.32119,1.31406,1.31727,18858
1578398400,1.31727,1.31735,1.31018,1.31179,21157
1578412800,1.31177,1.31395,1.30948,1.31272,18749
1578427200,1.31272,1.31371,1.3113299999999999,1.31199,11350
1578441600,1.31211,1.31241,1.31047,1.31165,11077
1578456000,1.31165,1.31399,1.31161,1.31173,10130
1578470400,1.31172,1.31693,1.31098,1.312,18687
1578484800,1.31199,1.31359,1.30798,1.3121800000000001,22776
1578499200,1.3121800000000001,1.31386,1.30827,1.31047,21113
1578513600,1.31048,1.3106200000000001,1.30936,1.3094700000000001,9499
1578528000,1.30944,1.31138,1.30939,1.31117,6029
1578542400,1.31117,1.31189,1.31036,1.31163,4585
1578556800,1.31163,1.31233,1.3017,1.30275,20470
1578571200,1.3027,1.3069,1.30126,1.30519,22865
1578585600,1.30519,1.30688,1.3033000000000001,1.3061,15122
1578600000,1.30612,1.30674,1.30536,1.3067,9725
1578614400,1.30631,1.30724,1.30595,1.30631,4986
1578628800,1.30632,1.30832,1.306,1.3082099999999999,4739
1578643200,1.3082099999999999,1.30911,1.3047900000000001,1.30677,14591
1578657600,1.30677,1.30965,1.30498,1.30692,18069
1578672000,1.30691,1.30776,1.3042099999999999,1.30613,17190
1578686400,1.30613,1.30643,1.30532,1.3058,7147
1578873600,1.30311,1.30447,1.30311,1.30388,4650
1578888000,1.3038699999999999,1.30412,1.30249,1.30323,5197
1578902400,1.30324,1.30324,1.29648,1.29722,17299
1578916800,1.2972299999999999,1.2993999999999999,1.29608,1.29839,16517
1578931200,1.29839,1.29986,1.29751,1.29949,16076
1578945600,1.29949,1.30029,1.29856,1.29873,7402
1578960000,1.29848,1.30002,1.29848,1.29912,6650
1578974400,1.29914,1.3002,1.2988,1.29881,6348
1578988800,1.29882,1.29936,1.2953999999999999,1.29721,14063
1579003200,1.29721,1.3014000000000001,1.29667,1.2989899999999999,18593
1579017600,1.2989899999999999,1.30249,1.2987,1.3021099999999999,21622
1579032000,1.3021099999999999,1.30328,1.30161,1.3018399999999999,9115
1579046400,1.30148,1.30243,1.30136,1.30229,4959
1579060800,1.30229,1.3033000000000001,1.30185,1.30322,5438
1579075200,1.30322,1.3042,1.29841,1.29915,14910
1579089600,1.29908,1.30289,1.2987600000000001,1.30083,17524
1579104000,1.3008199999999999,1.30377,1.30069,1.3032599999999999,20189
1579118400,1.30328,1.3039,1.30224,1.3038,8760
1579132800,1.30358,1.30563,1.30358,1.30437,5498
1579147200,1.30437,1.30521,1.30396,1.3047900000000001,4888
1579161600,1.30478,1.30645,1.30252,1.30532,15063
1579176000,1.30533,1.30744,1.30487,1.3048899999999999,15877
1579190400,1.3049,1.3082799999999999,1.30311,1.30737,23742
1579204800,1.30737,1.30779,1.3062,1.30763,7695
1579219200,1.30775,1.3079,1.3063500000000001,1.3066900000000001,5791
1579233600,1.30667,1.30801,1.30667,1.30743,5315
1579248000,1.30743,1.31185,1.30396,1.30551,17398
1579262400,1.30545,1.30666,1.3026200000000001,1.3045,19794
1579276800,1.30451,1.30485,1.3016,1.3023500000000001,16972
1579291200,1.3023500000000001,1.30244,1.30048,1.3005900000000001,6527
1579478400,1.29962,1.30085,1.29948,1.30009,4555
1579492800,1.30009,1.30057,1.29931,1.29939,3346
1579507200,1.29939,1.30009,1.29617,1.29839,11833
1579521600,1.29839,1.30081,1.29766,1.30008,11747
1579536000,1.30009,1.30026,1.29822,1.2999399999999999,9043
1579550400,1.29992,1.30137,1.29968,1.30075,8353
1579564800,1.30058,1.301,1.2995,1.30006,4441
1579579200,1.30005,1.30213,1.29982,1.30122,5584
1579593600,1.30122,1.30447,1.29949,1.30396,14200
1579608000,1.30396,1.3083,1.30347,1.3073000000000001,17478
1579622400,1.30729,1.3073299999999999,1.3039,1.3045499999999999,16748
1579636800,1.30454,1.30605,1.30383,1.3046,10351
1579651200,1.3044799999999999,1.3054000000000001,1.30386,1.3047900000000001,4259
1579665600,1.3047900000000001,1.30613,1.30342,1.30573,5835
1579680000,1.30573,1.30674,1.30372,1.3060800000000001,13410
1579694400,1.30612,1.31351,1.30553,1.31303,22800
1579708800,1.31304,1.31525,1.31204,1.3128199999999999,23717
1579723200,1.31281,1.31407,1.31202,1.31392,9394
1579737600,1.31366,1.31508,1.31317,1.3136700000000001,6533
1579752000,1.31366,1.31387,1.31185,1.31226,6240
1579766400,1.31226,1.31467,1.31186,1.3131599999999999,13607
1579780800,1.31317,1.31455,1.3117,1.3127900000000001,16738
1579795200,1.3128,1.31331,1.30964,1.31098,22147
1579809600,1.31098,1.3128,1.31013,1.31249,7665
1579824000,1.31082,1.31235,1.31082,1.31158,5431
1579838400,1.3115700000000001,1.31261,1.31155,1.31227,3843
1579852800,1.31227,1.31727,1.3085,1.30932,19851
1579867200,1.30929,1.31101,1.3079399999999999,1.30996,19842
1579881600,1.30995,1.31066,1.30565,1.30782,19376
1579896000,1.30782,1.3084500000000001,1.30684,1.30691,8706
1580083200,1.30724,1.30758,1.3060399999999999,1.3067199999999999,6396
1580097600,1.3067199999999999,1.3067199999999999,1.30511,1.30584,5057
1580112000,1.30583,1.31047,1.3057699999999999,1.3094999999999999,14600
1580126400,1.3094999999999999,1.30964,1.30569,1.30613,17268
1580140800,1.30612,1.30695,1.30397,1.3058,19725
1580155200,1.30579,1.30603,1.30413,1.3057,7757
1580169600,1.3051300000000001,1.30649,1.30478,1.30634,5179
1580184000,1.30637,1.30637,1.30529,1.30561,3710
1580198400,1.30561,1.30561,1.30036,1.30293,14835
1580212800,1.3029899999999999,1.3031,1.30022,1.30046,15327
1580227200,1.30045,1.30075,1.29749,1.29988,18030
1580241600,1.29988,1.30277,1.29939,1.3027199999999999,10014
1580256000,1.30166,1.30289,1.30164,1.30171,4564
1580270400,1.30171,1.30255,1.30149,1.30251,3418
1580284800,1.30251,1.30261,1.30035,1.30135,11997
1580299200,1.30135,1.30203,1.29891,1.29898,11346
1580313600,1.29898,1.30171,1.29897,1.30119,13379
1580328000,1.30119,1.30254,1.3007900000000001,1.30185,10716
1580342400,1.3009,1.30254,1.30007,1.3019,4089
1580356800,1.3019,1.30203,1.30108,1.30142,4784
1580371200,1.3014299999999999,1.30185,1.2977,1.30158,12947
1580385600,1.30159,1.31085,1.30076,1.3097699999999999,26315
1580400000,1.30978,1.31098,1.30748,1.30945,20753
1580414400,1.30944,1.30957,1.30796,1.30903,13041
1580428800,1.30834,1.31047,1.30804,1.30964,5661
1580443200,1.30964,1.31033,1.30929,1.30964,4271
1580457600,1.30965,1.31406,1.30941,1.31177,13889
1580472000,1.31176,1.31447,1.30998,1.31439,18323
1580486400,1.31443,1.31995,1.31385,1.3195700000000001,26892
1580500800,1.31958,1.32095,1.31827,1.32028,12429
1580688000,1.31788,1.31837,1.31723,1.31759,5772
1580702400,1.31759,1.31782,1.31551,1.3163,6583
1580716800,1.3163,1.31653,1.3079399999999999,1.30809,15642
1580731200,1.30808,1.30815,1.30457,1.30589,19845
1580745600,1.30587,1.30602,1.29892,1.30051,23134
1580760000,1.30051,1.30104,1.29826,1.29984,9352
1580774400,1.29879,1.29987,1.29809,1.299,5650
1580788800,1.299,1.30231,1.29822,1.3013,8166
1580803200,1.30131,1.3025,1.29409,1.30158,20633
1580817600,1.3016,1.30465,1.30005,1.30289,19396
1580832000,1.30289,1.30362,1.30118,1.30315,19194
1580846400,1.30315,1.30439,1.30266,1.30307,6229
1580860800,1.30298,1.30386,1.30178,1.3023,5398
1580875200,1.30231,1.3023799999999999,1.30118,1.3017400000000001,4339
1580889600,1.30175,1.30697,1.3008600000000001,1.30657,15883
1580904000,1.3065,1.3067,1.29913,1.30087,17309
1580918400,1.30087,1.30128,1.2955999999999999,1.30039,23365
1580932800,1.30039,1.30076,1.29858,1.29996,6192
1580947200,1.29968,1.30004,1.2982,1.29882,4728
1580961600,1.29882,1.29904,1.29714,1.29844,5412
1580976000,1.29844,1.29985,1.2967,1.29741,12437
1580990400,1.29743,1.29804,1.29478,1.29658,15316
1581004800,1.29658,1.29707,1.29219,1.29337,16191
1581019200,1.29337,1.29359,1.29206,1.29261,5205
1581033600,1.29245,1.29385,1.29237,1.29368,5077
1581048000,1.29368,1.29441,1.29346,1.29404,7688
1581062400,1.29404,1.29461,1.2921,1.2929,15918
1581076800,1.2929,1.29514,1.29249,1.29332,15864
1581091200,1.29332,1.2959,1.28941,1.29005,20803
1581105600,1.29005,1.2901799999999999,1.28816,1.28846,5566
1581292800,1.2885499999999999,1.2898,1.28833,1.28933,5296
1581307200,1.28932,1.29087,1.28922,1.2907199999999999,3657
1581321600,1.2907199999999999,1.29146,1.28717,1.2911000000000001,15259
1581336000,1.29107,1.2946,1.29078,1.2928899999999999,19494
1581350400,1.2928899999999999,1.2944499999999999,1.2907,1.29096,16742
1581364800,1.29096,1.29205,1.2907899999999999,1.2913299999999999,8043
1581379200,1.29088,1.29218,1.29075,1.29154,5296
1581393600,1.29154,1.292,1.2910599999999999,1.2913999999999999,5200
1581408000,1.29139,1.29414,1.28946,1.29382,16188
1581422400,1.2938100000000001,1.29416,1.29154,1.29372,16973
1581436800,1.29372,1.29681,1.29324,1.29504,19763
1581451200,1.29504,1.29669,1.29466,1.2953000000000001,8365
1581465600,1.2947600000000001,1.29664,1.29454,1.29648,6707
1581480000,1.29649,1.2969,1.29576,1.29615,5317
1581494400,1.29615,1.2983500000000001,1.29514,1.29806,17688
1581508800,1.29807,1.29915,1.29618,1.29657,14223
1581523200,1.29657,1.29794,1.29536,1.29656,16861
1581537600,1.29656,1.2968899999999999,1.29557,1.29562,9893
1581552000,1.2959100000000001,1.29656,1.29514,1.29582,8320
1581566400,1.29582,1.29611,1.29441,1.29509,6973
1581580800,1.29509,1.2984,1.29453,1.29717,16333
1581595200,1.29718,1.30454,1.29619,1.30236,24887
1581609600,1.30237,1.30693,1.30134,1.3056,20814
1581624000,1.30562,1.30617,1.30399,1.30402,5689
1581638400,1.30371,1.30491,1.30339,1.30465,8004
1581652800,1.30465,1.30491,1.30399,1.3045200000000001,4767
1581667200,1.30453,1.30633,1.30192,1.30343,13245
1581681600,1.30344,1.30414,1.30009,1.30149,17724
1581696000,1.3014700000000001,1.30413,1.30099,1.30402,14228
1581710400,1.30402,1.30528,1.30297,1.30465,5597
1581897600,1.30345,1.30541,1.3030599999999999,1.3044799999999999,5998
1581912000,1.3045,1.30507,1.30424,1.30483,4337
1581926400,1.30484,1.30512,1.30291,1.30397,10878
1581940800,1.30398,1.30443,1.30101,1.30156,10248
1581955200,1.30156,1.30158,1.30023,1.30114,8426
1581969600,1.30114,1.30154,1.29978,1.3002099999999999,8992
1581984000,1.30008,1.3007,1.29918,1.29979,5912
1581998400,1.29979,1.30054,1.29926,1.29958,4563
1582012800,1.2995700000000001,1.30036,1.29706,1.2995999999999999,16666
1582027200,1.29962,1.3048899999999999,1.2993299999999999,1.30261,20421
1582041600,1.3026200000000001,1.3042,1.29999,1.30037,16590
1582056000,1.30037,1.3004,1.29949,1.29961,7047
1582070400,1.29951,1.30048,1.29951,1.30011,5967
1582084800,1.3001,1.30024,1.2995700000000001,1.29993,5068
1582099200,1.29993,1.30233,1.29745,1.30069,13856
1582113600,1.30069,1.30096,1.29729,1.2977699999999999,16362
1582128000,1.29778,1.29792,1.29178,1.29179,17971
1582142400,1.2918,1.29294,1.29074,1.29216,9090
1582156800,1.2919,1.29284,1.29108,1.29149,5774
1582171200,1.29149,1.29179,1.2900800000000001,1.29109,7001
1582185600,1.29109,1.29256,1.2883200000000001,1.2902,15760
1582200000,1.29021,1.2907,1.2848600000000001,1.28583,18159
1582214400,1.28585,1.2888600000000001,1.28542,1.28775,16831
1582228800,1.2877399999999999,1.28885,1.28749,1.28811,5810
1582243200,1.2879800000000001,1.2888,1.28743,1.28871,5507
1582257600,1.2887,1.28992,1.28852,1.28949,6201
1582272000,1.28949,1.29276,1.28846,1.29161,18364
1582286400,1.29161,1.29513,1.29077,1.29351,19915
1582300800,1.29352,1.29775,1.2926199999999999,1.2974,19950
1582315200,1.2974,1.2981,1.2955,1.2955,7891
1582502400,1.29417,1.29546,1.29405,1.29477,6275
1582516800,1.29477,1.29514,1.29339,1.29367,5912
1582531200,1.29367,1.29544,1.28868,1.28963,20004
1582545600,1.28962,1.29219,1.2886600000000001,1.29,17837
1582560000,1.28999,1.2937400000000001,1.28996,1.29364,20346
1582574400,1.29363,1.29366,1.29128,1.2928899999999999,9353
1582588800,1.29229,1.2942,1.29141,1.29402,9064
1582603200,1.29403,1.2942,1.29271,1.29325,7836
1582617600,1.29325,1.29951,1.2928899999999999,1.29942,21485
1582632000,1.29942,1.29942,1.29525,1.29691,22839
1582646400,1.29692,1.30179,1.29654,1.3011300000000001,22309
1582660800,1.3011300000000001,1.30138,1.29944,1.30029,9642
1582675200,1.29954,1.3007900000000001,1.2993299999999999,1.30066,8583
1582689600,1.30066,1.3007900000000001,1.29814,1.29968,7323
1582704000,1.29968,1.29975,1.29427,1.29498,16678
1582718400,1.29496,1.29505,1.29138,1.29351,23173
1582732800,1.2934999999999999,1.29504,1.2906900000000001,1.2907899999999999,18587
1582747200,1.29078,1.2917100000000001,1.28956,1.28961,12297
1582761600,1.2897,1.29203,1.2894700000000001,1.29117,12489
1582776000,1.29117,1.29359,1.29109,1.29295,9377
1582790400,1.29295,1.29463,1.29022,1.29033,19983
1582804800,1.29032,1.29173,1.286,1.2895699999999999,25828
1582819200,1.28955,1.29024,1.2864,1.28841,27917
1582833600,1.2884,1.2894999999999999,1.28806,1.28843,12363
1582848000,1.28834,1.28964,1.2875,1.28899,11634
1582862400,1.28898,1.28905,1.28699,1.28872,13820
1582876800,1.28874,1.29197,1.28594,1.29043,24090
1582891200,1.29044,1.2907199999999999,1.2845900000000001,1.2855699999999999,23704
1582905600,1.28556,1.28567,1.27531,1.27611,32527
1582920000,1.27611,1.28327,1.27257,1.28133,19154
1583107200,1.2807,1.28274,1.2788300000000001,1.28155,12324
1583121600,1.28155,1.2837399999999999,1.28139,1.28263,11584
1583136000,1.28261,1.28507,1.27551,1.27651,29251
1583150400,1.2765,1.27995,1.27457,1.27734,27824
1583164800,1.27742,1.2825,1.27398,1.28091,31459
1583179200,1.28091,1.28135,1.27501,1.27531,16568
1583193600,1.27481,1.27768,1.27389,1.27664,8841
1583208000,1.27665,1.27854,1.2763200000000001,1.2781799999999999,10635
1583222400,1.27819,1.2812999999999999,1.27625,1.27794,23557
1583236800,1.27795,1.2814999999999999,1.27677,1.27939,28494
1583251200,1.2793999999999999,1.2844,1.27803,1.28107,38514
1583265600,1.28106,1.28176,1.27968,1.28138,18003
1583280000,1.28052,1.2830599999999999,1.28033,1.2819,11117
1583294400,1.2819,1.28261,1.2807,1.28125,5923
1583308800,1.28125,1.28167,1.27775,1.27835,19216
1583323200,1.27835,1.28324,1.27699,1.28292,25987
1583337600,1.28294,1.28576,1.28,1.28421,29148
1583352000,1.2842,1.28721,1.2842,1.2872,8675
1583366400,1.28678,1.28747,1.28604,1.28647,5902
1583380800,1.28646,1.28795,1.28636,1.2876699999999999,4072
1583395200,1.28768,1.2923200000000001,1.2867,1.29192,14469
1583409600,1.29192,1.29363,1.28998,1.2919100000000001,21978
1583424000,1.2919100000000001,1.29467,1.2905,1.29392,22050
1583438400,1.29392,1.2968199999999999,1.29311,1.2952,11726
1583452800,1.29524,1.29648,1.29409,1.29635,7788
1583467200,1.29637,1.29654,1.29508,1.29528,8184
1583481600,1.29528,1.29979,1.2949,1.29887,20851
1583496000,1.29887,1.30264,1.29855,1.2995999999999999,29209
1583510400,1.29956,1.30492,1.29913,1.30032,37492
1583524800,1.30033,1.3052000000000001,1.29939,1.30449,17806
1583712000,1.3075999999999999,1.31244,1.3061099999999999,1.30783,21453
1583726400,1.3078400000000001,1.31122,1.30472,1.30525,20233
1583740800,1.30523,1.32004,1.30344,1.31327,41230
1583755200,1.31325,1.31434,1.30621,1.31002,44522
1583769600,1.30998,1.315,1.30907,1.31209,46857
1583784000,1.31208,1.31319,1.30856,1.30958,19563
1583798400,1.30981,1.3115700000000001,1.30404,1.30758,12857
1583812800,1.3075999999999999,1.30844,1.30219,1.30258,16689
1583827200,1.30257,1.30801,1.30166,1.306,34393
1583841600,1.3060100000000001,1.3060100000000001,1.30171,1.30267,38190
1583856000,1.30268,1.3032,1.29,1.29258,41723
1583870400,1.2925499999999999,1.29288,1.28654,1.28811,18412
1583884800,1.28852,1.29141,1.28818,1.29061,7107
1583899200,1.29061,1.2934999999999999,1.29044,1.2931300000000001,9940
1583913600,1.2931300000000001,1.29767,1.28274,1.29596,27556
1583928000,1.29595,1.29626,1.2904900000000001,1.29414,27028
1583942400,1.29414,1.29647,1.28458,1.28494,35498
1583956800,1.28494,1.28504,1.28038,1.28148,17984
1583971200,1.2818800000000001,1.28488,1.2810000000000001,1.28354,11130
1583985600,1.28354,1.28437,1.28098,1.28203,11780
1584000000,1.28204,1.28285,1.27411,1.27484,21893
1584014400,1.27484,1.2763200000000001,1.2594,1.26235,35284
1584028800,1.26234,1.26349,1.24908,1.26206,50541
1584043200,1.26209,1.26407,1.25478,1.25746,18398
1584057600,1.25668,1.2584,1.2507,1.25427,20613
1584072000,1.25427,1.25705,1.2525,1.25545,16664
1584086400,1.25546,1.2624,1.25458,1.25908,28395
1584100800,1.25909,1.26241,1.24543,1.25074,35537
1584115200,1.25073,1.25209,1.23335,1.23482,49992
1584129600,1.2348,1.23628,1.22525,1.2291400000000001,22053
1584316800,1.24113,1.24199,1.22845,1.23087,35435
1584331200,1.23085,1.23586,1.22925,1.23429,12402
1584345600,1.23429,1.23735,1.22584,1.2273100000000001,33699
1584360000,1.2273,1.23411,1.22296,1.22669,38239
1584374400,1.22667,1.23301,1.2202,1.22338,39659
1584388800,1.22338,1.2273399999999999,1.22064,1.22684,20107
1584403200,1.22682,1.22733,1.22306,1.22417,30897
1584417600,1.22417,1.22658,1.22365,1.2239,27121
1584432000,1.2239,1.22424,1.21557,1.21698,40448
1584446400,1.21698,1.21745,1.20481,1.20481,38293
1584460800,1.20481,1.2099,1.20014,1.20879,47618
1584475200,1.2088,1.2115,1.20419,1.20575,18838
1584489600,1.2059,1.21282,1.20569,1.2127,17833
1584504000,1.21269,1.21293,1.21001,1.21002,18259
1584518400,1.21002,1.2105,1.19851,1.20187,36926
1584532800,1.20183,1.20404,1.17566,1.17903,43879
1584547200,1.17904,1.185,1.14499,1.16374,45377
1584561600,1.16373,1.16618,1.15063,1.1578,25289
1584576000,1.15844,1.16614,1.14764,1.14901,25072
1584590400,1.14905,1.15369,1.14717,1.14985,20156
1584604800,1.14987,1.16089,1.14743,1.15289,40745
1584619200,1.15288,1.16795,1.14867,1.1617,51005
1584633600,1.16167,1.17931,1.15178,1.15538,45012
1584648000,1.15537,1.15863,1.14311,1.14699,19687
1584662400,1.1463700000000001,1.16541,1.14094,1.16225,18536
1584676800,1.16225,1.16739,1.1599,1.16578,13763
1584691200,1.16578,1.18785,1.16405,1.17574,37247
1584705600,1.17578,1.18128,1.17132,1.17629,35009
1584720000,1.17634,1.19335,1.16141,1.16256,50555
1584734400,1.16257,1.16715,1.15543,1.16463,19389
1584921600,1.1675,1.16757,1.15316,1.16178,21880
1584936000,1.16178,1.16958,1.16147,1.16869,10751
1584950400,1.16871,1.17136,1.15778,1.16018,36260
1584964800,1.16018,1.16746,1.15053,1.16655,45285
1584979200,1.16657,1.16715,1.14463,1.15555,45535
1584993600,1.15557,1.15557,1.14666,1.15335,21235
1585008000,1.1536,1.16374,1.14846,1.16209,20771
1585022400,1.16207,1.16571,1.16031,1.16089,19043
1585036800,1.16088,1.1724,1.16087,1.17159,31458
1585051200,1.17159,1.17893,1.1682299999999999,1.17492,62360
1585065600,1.17498,1.17992,1.16953,1.17231,61854
1585080000,1.17231,1.17777,1.17118,1.17458,26723
1585094400,1.17541,1.17949,1.17447,1.17842,15204
1585108800,1.17842,1.18575,1.17794,1.18485,15205
1585123200,1.18485,1.19725,1.1812,1.19722,36505
1585137600,1.19722,1.19733,1.17517,1.17678,57891
1585152000,1.17678,1.18455,1.1638600000000001,1.1807699999999999,60595
1585166400,1.18078,1.19162,1.1797900000000001,1.18774,19715
1585180800,1.18791,1.1884299999999999,1.17759,1.1844999999999999,36096
1585195200,1.1844999999999999,1.1872099999999999,1.18187,1.18499,16430
1585209600,1.1850100000000001,1.19608,1.18179,1.19185,33081
1585224000,1.19186,1.20318,1.18752,1.20207,51793
1585238400,1.20209,1.21817,1.19761,1.21457,51928
1585252800,1.21463,1.2229,1.21249,1.2152,27465
1585267200,1.21612,1.22038,1.21293,1.21808,24225
1585281600,1.21808,1.23056,1.21773,1.22686,22025
1585296000,1.22686,1.22892,1.21431,1.22103,43623
1585310400,1.22109,1.22947,1.21804,1.22425,59609
1585324800,1.22428,1.24403,1.223,1.24119,61216
1585339200,1.24119,1.2485,1.24119,1.2445599999999999,31995
1585526400,1.24262,1.24657,1.23907,1.24338,14346
1585540800,1.24338,1.24462,1.23604,1.23942,11860
1585555200,1.23943,1.24258,1.2316799999999999,1.23866,30277
1585569600,1.23866,1.2441200000000001,1.23643,1.23986,30025
1585584000,1.23986,1.2441,1.23714,1.23871,46873
1585598400,1.23867,1.24287,1.23538,1.24171,22736
1585612800,1.2405599999999999,1.24058,1.22414,1.23241,13264
1585627200,1.23242,1.23556,1.2301199999999999,1.23343,12107
1585641600,1.23347,1.23638,1.22846,1.23113,24869
1585656000,1.231,1.24148,1.231,1.23893,39076
1585670400,1.23888,1.2472699999999999,1.23608,1.2397,59349
1585684800,1.2397,1.24509,1.2358,1.24116,30792
1585699200,1.2411,1.24441,1.23941,1.24146,6625
1585713600,1.24148,1.24175,1.23618,1.23761,13841
1585728000,1.23762,1.2393,1.23297,1.23704,23695
1585742400,1.23705,1.2398,1.23481,1.23837,29005
1585756800,1.23837,1.24386,1.2377799999999999,1.23946,35921
1585771200,1.23945,1.2416800000000001,1.23637,1.23657,24167
1585785600,1.23862,1.24034,1.2371699999999999,1.23886,7758
1585800000,1.23886,1.24084,1.23757,1.23885,7978
1585814400,1.23885,1.24325,1.23868,1.2424,20156
1585828800,1.2424,1.24754,1.2401,1.24147,30323
1585843200,1.24147,1.2422900000000001,1.23517,1.23653,47105
1585857600,1.23655,1.24189,1.2347299999999999,1.2393,17878
1585872000,1.24031,1.24048,1.23716,1.23843,6197
1585886400,1.23843,1.23884,1.23661,1.23824,10522
1585900800,1.23824,1.2395,1.22825,1.23009,20402
1585915200,1.23009,1.23044,1.22478,1.2251,34955
1585929600,1.2251400000000001,1.23,1.22046,1.22261,34033
1585944000,1.22261,1.22882,1.22229,1.22652,19767
1586131200,1.2227999999999999,1.2263600000000001,1.22096,1.22434,10639
1586145600,1.22434,1.22511,1.22154,1.22228,8164
1586160000,1.22227,1.23217,1.22216,1.23099,19551
1586174400,1.23099,1.23271,1.2276,1.22921,26021
1586188800,1.2292,1.23146,1.225,1.23053,33237
1586203200,1.23053,1.23193,1.22145,1.22273,19807
1586217600,1.22258,1.22501,1.21634,1.22286,9781
1586232000,1.22286,1.22965,1.22221,1.22785,10379
1586246400,1.22786,1.2349700000000001,1.22683,1.23277,23974
1586260800,1.23277,1.2384,1.22818,1.23691,34958
1586275200,1.23691,1.23697,1.22932,1.23369,37367
1586289600,1.23371,1.23568,1.23192,1.23352,15618
1586304000,1.23273,1.23521,1.23133,1.23213,5489
1586318400,1.23212,1.23307,1.23086,1.23179,6693
1586332800,1.23179,1.23424,1.22874,1.23049,19866
1586347200,1.23054,1.23748,1.23054,1.23714,23780
1586361600,1.23714,1.24197,1.23629,1.2405,32503
1586376000,1.2405,1.24132,1.23701,1.23814,11064
1586390400,1.23781,1.24186,1.23745,1.24104,8115
1586404800,1.24104,1.24164,1.23807,1.23826,9037
1586419200,1.23826,1.24113,1.23604,1.24037,18167
1586433600,1.24037,1.24476,1.2398,1.24378,26839
1586448000,1.24378,1.24802,1.24294,1.24491,36024
1586462400,1.24491,1.24836,1.24435,1.24624,25259
1586476800,1.24604,1.24771,1.2441200000000001,1.24484,9505
1586491200,1.24484,1.24704,1.2444,1.24626,6364
1586505600,1.24624,1.24786,1.2459500000000001,1.24715,4694
1586520000,1.24715,1.24864,1.24708,1.24802,4605
1586534400,1.24802,1.24841,1.24682,1.2478,6391
1586548800,1.2478,1.24811,1.24437,1.24442,3551
1586736000,1.2460499999999999,1.24724,1.24524,1.24592,6499
1586750400,1.24592,1.24729,1.2454,1.24726,7414
1586764800,1.2472699999999999,1.25366,1.24689,1.2512699999999999,12352
1586779200,1.25128,1.25157,1.24748,1.24852,11682
1586793600,1.24854,1.25258,1.24832,1.25183,16880
1586808000,1.25183,1.25316,1.25014,1.25038,11163
1586822400,1.2503199999999999,1.2532,1.24998,1.2527300000000001,5568
1586836800,1.25274,1.25705,1.2523,1.25629,6542
1586851200,1.25629,1.25765,1.2537,1.2560799999999999,15626
1586865600,1.2560799999999999,1.25882,1.25238,1.25806,22267
1586880000,1.25806,1.26304,1.25602,1.26072,30127
1586894400,1.26072,1.2647599999999999,1.2601200000000001,1.26228,15323
1586908800,1.26193,1.26305,1.2617099999999999,1.2622900000000001,3443
1586923200,1.2622900000000001,1.2622900000000001,1.26033,1.26061,3710
1586937600,1.26061,1.2607,1.24984,1.2515,17067
1586952000,1.2515,1.25348,1.24363,1.24476,26809
1586966400,1.24477,1.25476,1.24395,1.25386,32257
1586980800,1.25386,1.2575,1.2522,1.25221,16852
1586995200,1.25112,1.25257,1.24912,1.24939,6160
1587009600,1.2494,1.25013,1.24602,1.24776,8668
1587024000,1.24776,1.25144,1.2468,1.24852,20076
1587038400,1.24853,1.25125,1.2457,1.25006,20722
1587052800,1.25007,1.25148,1.24079,1.24391,32595
1587067200,1.2439,1.24626,1.24277,1.24557,16604
1587081600,1.24548,1.2494399999999999,1.2451,1.24888,7614
1587096000,1.24888,1.2522,1.24875,1.24961,6409
1587110400,1.24961,1.25006,1.24251,1.244,19000
1587124800,1.24401,1.25007,1.24066,1.24828,23464
1587139200,1.24827,1.25164,1.2469999999999999,1.24979,26615
1587153600,1.24979,1.25174,1.24796,1.24959,15428
1587340800,1.24928,1.2499500000000001,1.24759,1.24842,4773
1587355200,1.24843,1.24877,1.24705,1.248,8368
1587369600,1.24801,1.24807,1.24338,1.24596,17059
1587384000,1.24598,1.2492,1.24162,1.24388,21614
1587398400,1.24387,1.2487,1.24221,1.24649,25687
1587412800,1.24651,1.2469999999999999,1.24295,1.24319,13571
1587427200,1.2429999999999999,1.24439,1.24294,1.24338,5755
1587441600,1.24339,1.24414,1.23884,1.2402,10680
1587456000,1.24021,1.24215,1.23816,1.23945,16282
1587470400,1.23946,1.23986,1.2273,1.22771,25378
1587484800,1.22772,1.23361,1.22473,1.22696,38786
1587499200,1.22695,1.23093,1.22618,1.22935,19847
1587513600,1.22903,1.23053,1.22806,1.22888,6169
1587528000,1.22888,1.2303600000000001,1.22747,1.22806,8556
1587542400,1.22807,1.2343899999999999,1.22777,1.23381,20623
1587556800,1.23381,1.23857,1.23365,1.23677,17821
1587571200,1.23678,1.23693,1.23005,1.23101,24487
1587585600,1.231,1.23326,1.23041,1.23324,10038
1587600000,1.23264,1.23437,1.23131,1.23199,5166
1587614400,1.23199,1.23403,1.23179,1.2337799999999999,7476
1587628800,1.23377,1.23755,1.23078,1.23511,22385
1587643200,1.2351,1.23749,1.23345,1.2345,22990
1587657600,1.2345,1.24148,1.23234,1.2361,35562
1587672000,1.23608,1.23647,1.2333,1.23442,17435
1587686400,1.23485,1.2359,1.23391,1.23512,5954
1587700800,1.23511,1.23603,1.2342,1.23506,6306
1587715200,1.23507,1.23521,1.22981,1.23159,19501
1587729600,1.23161,1.23772,1.23136,1.2359,23861
1587744000,1.2359,1.23633,1.23189,1.23306,25061
1587758400,1.23305,1.23724,1.23258,1.2364,11599
1587945600,1.23627,1.23754,1.23593,1.23748,4697
1587960000,1.23749,1.24455,1.23677,1.24299,7931
1587974400,1.24296,1.2454399999999999,1.24154,1.24336,16855
1587988800,1.24336,1.24499,1.24164,1.24262,17782
1588003200,1.2426300000000001,1.2437,1.23987,1.24024,22367
1588017600,1.24025,1.24322,1.24015,1.24296,10959
1588032000,1.2417,1.24357,1.24123,1.24299,7023
1588046400,1.24299,1.24299,1.24064,1.24143,7470
1588060800,1.24142,1.24784,1.24037,1.24683,18002
1588075200,1.24682,1.2518,1.2451699999999999,1.24821,19786
1588089600,1.24821,1.2487300000000001,1.2420499999999999,1.24285,22237
1588104000,1.24287,1.24535,1.24204,1.24228,10508
1588118400,1.24242,1.24603,1.24189,1.24603,4207
1588132800,1.24603,1.24781,1.24554,1.2474,8447
1588147200,1.24741,1.24853,1.24326,1.24409,16362
1588161600,1.2441,1.24442,1.23889,1.24244,17058
1588176000,1.24244,1.24514,1.24091,1.24346,21764
1588190400,1.24346,1.24716,1.24336,1.24705,18815
1588204800,1.24705,1.24824,1.24286,1.24419,5474
1588219200,1.24419,1.24691,1.24366,1.24689,7389
1588233600,1.24691,1.24818,1.24409,1.24731,16092
1588248000,1.24732,1.25287,1.2473,1.25131,23090
1588262400,1.25134,1.26437,1.24754,1.25814,48029
1588276800,1.25813,1.26048,1.2574100000000001,1.25921,13980
1588291200,1.2582900000000001,1.26003,1.2555100000000001,1.25667,7175
1588305600,1.25667,1.25698,1.25511,1.25696,6952
1588320000,1.25694,1.2580200000000001,1.2533400000000001,1.25616,14825
1588334400,1.25616,1.25742,1.2514,1.25325,16192
1588348800,1.25325,1.25634,1.24965,1.2513,25710
1588363200,1.25131,1.25134,1.2483,1.24891,12487
1588550400,1.2478799999999999,1.24864,1.24431,1.24453,6156
1588564800,1.24454,1.24685,1.24394,1.24439,7136
1588579200,1.2444,1.2476099999999999,1.24238,1.24328,19378
1588593600,1.24328,1.24506,1.24052,1.24246,18503
1588608000,1.24245,1.24428,1.2411,1.2433,24899
1588622400,1.24331,1.2447,1.2425,1.24401,10886
1588636800,1.24371,1.24653,1.2433,1.24612,3794
1588651200,1.24612,1.24687,1.24553,1.24622,5618
1588665600,1.24622,1.24837,1.2420200000000001,1.2432,22432
1588680000,1.2432,1.24734,1.24284,1.24543,24445
1588694400,1.24543,1.24807,1.24396,1.24414,24734
1588708800,1.24415,1.24535,1.24303,1.24338,11428
1588723200,1.2432,1.24497,1.2432,1.2436,5103
1588737600,1.2436,1.24404,1.2425,1.24348,6885
1588752000,1.24348,1.24502,1.23581,1.23743,19052
1588766400,1.23745,1.23923,1.23648,1.23867,17987
1588780800,1.23867,1.23932,1.2335,1.23576,23307
1588795200,1.23576,1.23637,1.23364,1.2341199999999999,11424
1588809600,1.234,1.23449,1.23102,1.23154,6241
1588824000,1.23153,1.23287,1.23123,1.23247,7378
1588838400,1.23246,1.24184,1.23194,1.23589,20803
1588852800,1.23589,1.2382900000000001,1.23254,1.23454,25177
1588867200,1.23454,1.2364600000000001,1.22659,1.23561,32227
1588881600,1.23561,1.23784,1.23514,1.23602,15703
1588896000,1.2355800000000001,1.2397,1.23482,1.23937,6022
1588910400,1.23937,1.24086,1.23823,1.23865,8709
1588924800,1.23864,1.24005,1.2376,1.23943,9922
1588939200,1.23944,1.24005,1.23577,1.23714,15257
1588953600,1.23714,1.24674,1.23562,1.2422,24677
1588968000,1.2422,1.24246,1.24017,1.24048,9188
1589155200,1.2404600000000001,1.24247,1.23928,1.2423,5644
1589169600,1.2423,1.24377,1.24184,1.24261,6915
1589184000,1.2426,1.24301,1.23464,1.2371,16751
1589198400,1.23711,1.2375099999999999,1.22826,1.22987,22920
1589212800,1.22987,1.23628,1.22986,1.23438,33024
1589227200,1.2343600000000001,1.23525,1.23215,1.2332,18230
1589241600,1.23279,1.2337500000000001,1.22868,1.23056,8253
1589256000,1.23056,1.23245,1.23015,1.23221,9367
1589270400,1.2322,1.23508,1.23043,1.23211,20695
1589284800,1.23211,1.23775,1.23167,1.23604,25611
1589299200,1.23604,1.23725,1.2283,1.22913,35936
1589313600,1.2291400000000001,1.22946,1.2255,1.2259,16655
1589328000,1.22558,1.22695,1.22507,1.22653,7080
1589342400,1.22654,1.22781,1.22573,1.22699,11702
1589356800,1.22699,1.23014,1.22633,1.22754,21531
1589371200,1.22752,1.23397,1.22655,1.23172,26448
1589385600,1.23173,1.23263,1.22098,1.22265,46177
1589400000,1.22265,1.22425,1.2214,1.22352,21608
1589414400,1.22301,1.22417,1.22254,1.22353,6883
1589428800,1.22352,1.22393,1.22035,1.2208,9882
1589443200,1.22082,1.22183,1.2181,1.22014,20732
1589457600,1.22014,1.2229700000000001,1.21655,1.21816,27856
1589472000,1.21816,1.22186,1.21754,1.2196799999999999,33333
1589486400,1.2197,1.22325,1.21879,1.2230699999999999,22200
1589500800,1.2221899999999999,1.22388,1.22027,1.22232,9103
1589515200,1.22233,1.22263,1.22029,1.22172,11237
1589529600,1.22176,1.22258,1.21872,1.2205300000000001,18677
1589544000,1.22051,1.22192,1.21506,1.2181,30340
1589558400,1.2181,1.21854,1.21135,1.21193,37628
1589572800,1.21193,1.21266,1.21,1.21,13012
1589760000,1.21,1.21,1.20721,1.20932,8286
1589774400,1.20934,1.21148,1.20924,1.20972,9521
1589788800,1.20972,1.21252,1.20916,1.21046,18186
1589803200,1.21045,1.21734,1.20988,1.21644,25089
1589817600,1.21644,1.22275,1.21622,1.21797,38416
1589832000,1.21798,1.22,1.21744,1.21952,14938
1589846400,1.22005,1.22215,1.21829,1.22171,6926
1589860800,1.22171,1.22172,1.21837,1.22041,10020
1589875200,1.22041,1.22681,1.21943,1.22513,29923
1589889600,1.22512,1.22608,1.22234,1.22434,20601
1589904000,1.22434,1.22691,1.22272,1.22493,28287
1589918400,1.22492,1.22963,1.2234099999999999,1.22461,16994
1589932800,1.22446,1.22665,1.22394,1.22657,5206
1589947200,1.22657,1.22765,1.22572,1.22602,9191
1589961600,1.22602,1.22693,1.22211,1.22456,20290
1589976000,1.22458,1.22716,1.22383,1.22583,22709
1589990400,1.22584,1.22876,1.22271,1.22289,29982
1590004800,1.22289,1.22406,1.22255,1.22369,14881
1590019200,1.22355,1.22439,1.22077,1.22092,6553
1590033600,1.22092,1.22101,1.21921,1.2203,8725
1590048000,1.2203,1.22253,1.21855,1.22253,18227
1590062400,1.22253,1.22462,1.22179,1.22289,22884
1590076800,1.22289,1.22495,1.22061,1.22293,29788
1590091200,1.22293,1.22415,1.22122,1.22217,11078
1590105600,1.22152,1.22334,1.22152,1.22265,6593
1590120000,1.22265,1.22335,1.22051,1.22116,12810
1590134400,1.22116,1.22214,1.21625,1.21772,22958
1590148800,1.21773,1.21929,1.21615,1.21703,22234
1590163200,1.21703,1.22086,1.21683,1.21691,20519
1590177600,1.21691,1.21844,1.21612,1.21641,9362
1590364800,1.21693,1.21917,1.21619,1.21863,5944
1590379200,1.21863,1.21874,1.21734,1.21803,11060
1590393600,1.21804,1.21874,1.21637,1.21821,13515
1590408000,1.21822,1.21926,1.21738,1.21845,14635
1590422400,1.21842,1.22035,1.21815,1.21863,12463
1590436800,1.21863,1.21956,1.21766,1.21786,13232
1590451200,1.2184300000000001,1.22187,1.2178,1.22169,7344
1590465600,1.22168,1.22237,1.22042,1.2218499999999999,9951
1590480000,1.2218499999999999,1.23047,1.22154,1.23021,21607
1590494400,1.23022,1.23491,1.23009,1.23437,25336
1590508800,1.23437,1.23632,1.2319499999999999,1.23355,28747
1590523200,1.23355,1.23465,1.23216,1.23366,14739
1590537600,1.23312,1.23393,1.2315800000000001,1.2322,7323
1590552000,1.2322,1.23315,1.23111,1.23129,12780
1590566400,1.23129,1.23321,1.22882,1.23028,20874
1590580800,1.23026,1.23543,1.22579,1.22722,43099
1590595200,1.22722,1.22831,1.2204,1.22391,44847
1590609600,1.22391,1.22634,1.22322,1.2259,18338
1590624000,1.22576,1.22694,1.22566,1.22668,8583
1590638400,1.22669,1.22767,1.22481,1.22528,16647
1590652800,1.22529,1.22811,1.2245,1.22544,25681
1590667200,1.22544,1.22875,1.22336,1.22767,29865
1590681600,1.22765,1.23432,1.22762,1.2338,39855
1590696000,1.2338,1.23446,1.23114,1.23205,16929
1590710400,1.2316799999999999,1.23251,1.23079,1.23213,8824
1590724800,1.23214,1.2345,1.2315,1.2343899999999999,14458
1590739200,1.2343899999999999,1.23583,1.2291400000000001,1.22942,27396
1590753600,1.22944,1.23702,1.22902,1.23532,31917
1590768000,1.23532,1.23939,1.22909,1.23173,56455
1590782400,1.23173,1.23596,1.22973,1.2345,31254
1590969600,1.23198,1.2391,1.23198,1.23752,10862
1590984000,1.23752,1.24148,1.2374100000000001,1.23826,13950
1590998400,1.23824,1.24257,1.23763,1.24043,29333
1591012800,1.24044,1.2417,1.2375,1.23977,22564
1591027200,1.23977,1.24884,1.23901,1.24648,33091
1591041600,1.24649,1.25065,1.24609,1.24874,12958
1591056000,1.24877,1.25254,1.24824,1.25147,7950
1591070400,1.25147,1.25168,1.24783,1.24804,11343
1591084800,1.24804,1.2554400000000001,1.248,1.2552400000000001,32486
1591099200,1.2552400000000001,1.25759,1.25269,1.25488,32884
1591113600,1.25487,1.2570000000000001,1.25274,1.25386,35643
1591128000,1.25386,1.2552699999999999,1.25285,1.25508,14600
1591142400,1.2546,1.26059,1.25443,1.25946,10265
1591156800,1.2594400000000001,1.26119,1.25662,1.25838,17102
1591171200,1.25837,1.26079,1.25636,1.25718,25900
1591185600,1.25715,1.26028,1.25541,1.25689,28854
1591200000,1.25688,1.26153,1.25536,1.2591999999999999,46855
1591214400,1.2591999999999999,1.2595,1.25698,1.2575,16488
1591228800,1.25718,1.25806,1.25289,1.25406,8478
1591243200,1.25408,1.2548,1.25352,1.25407,13622
1591257600,1.25407,1.25472,1.2500499999999999,1.25169,20009
1591272000,1.25169,1.25808,1.25083,1.25391,37176
1591286400,1.25391,1.2627,1.25293,1.2601200000000001,51228
1591300800,1.26011,1.26333,1.25848,1.25948,22702
1591315200,1.25969,1.2613400000000001,1.25844,1.25927,8794
1591329600,1.25928,1.26231,1.25828,1.26138,12967
1591344000,1.26136,1.26902,1.26059,1.2637,28601
1591358400,1.2637,1.26803,1.26175,1.26567,36124
1591372800,1.26566,1.27311,1.26517,1.26802,45890
1591387200,1.26801,1.26818,1.26609,1.2666,15790
1591574400,1.26794,1.2729599999999999,1.26699,1.27041,7521
1591588800,1.2704,1.27138,1.26894,1.27097,12520
1591603200,1.27097,1.27104,1.26757,1.27013,21907
1591617600,1.27013,1.2701500000000001,1.26279,1.26689,23342
1591632000,1.26691,1.27048,1.26669,1.2698,30291
1591646400,1.26981,1.27358,1.26967,1.27233,15091
1591660800,1.27222,1.27557,1.2722,1.27347,7512
1591675200,1.27347,1.2735400000000001,1.2698,1.27008,16320
1591689600,1.27009,1.27204,1.26176,1.2641200000000001,29289
1591704000,1.2641200000000001,1.26782,1.26309,1.26611,30188
1591718400,1.2661,1.2746,1.2659099999999999,1.2744,38192
1591732800,1.27441,1.2745199999999999,1.2724,1.27263,14769
1591747200,1.2726199999999999,1.27313,1.27061,1.27223,8787
1591761600,1.27223,1.27467,1.27202,1.2742,14041
1591776000,1.2742,1.27863,1.27399,1.2764199999999999,28912
1591790400,1.2764199999999999,1.28026,1.27276,1.27874,31756
1591804800,1.27875,1.27997,1.2741799999999999,1.2755,41139
1591819200,1.27551,1.2812999999999999,1.2720500000000001,1.27448,55701
1591833600,1.2744,1.27545,1.27075,1.27392,12662
1591848000,1.27393,1.27503,1.26706,1.26821,23451
1591862400,1.26822,1.27005,1.26507,1.26977,38938
1591876800,1.26975,1.27196,1.26379,1.26479,37468
1591891200,1.26479,1.26849,1.26182,1.26264,58227
1591905600,1.26262,1.26276,1.25861,1.25999,42646
1591920000,1.25939,1.26014,1.2551999999999999,1.25558,15437
1591934400,1.25558,1.25784,1.25449,1.2572999999999999,21676
1591948800,1.2572999999999999,1.26455,1.2570999999999999,1.26321,35844
1591963200,1.26322,1.2653400000000001,1.25912,1.2592400000000001,36833
1591977600,1.2592400000000001,1.26093,1.25021,1.2503600000000001,59130
1591992000,1.2503600000000001,1.25498,1.24737,1.25384,34275
1592179200,1.2511999999999999,1.25216,1.2484899999999999,1.24997,13345
1592193600,1.24997,1.2524600000000001,1.24965,1.2516,19899
1592208000,1.2516,1.25472,1.24533,1.25411,28740
1592222400,1.2541,1.25605,1.25042,1.25333,21939
1592236800,1.2533400000000001,1.25788,1.2529,1.25634,30377
1592251200,1.25634,1.26044,1.25556,1.26044,20901
1592265600,1.25996,1.26464,1.25878,1.26301,11149
1592280000,1.263,1.26731,1.2619799999999999,1.2661,15543
1592294400,1.26611,1.26868,1.26077,1.2643,22200
1592308800,1.26424,1.26807,1.26338,1.26661,21971
1592323200,1.26663,1.2667,1.25519,1.2591999999999999,37453
1592337600,1.2591999999999999,1.25929,1.25603,1.25713,17312
1592352000,1.25704,1.25862,1.25514,1.25638,8701
1592366400,1.25638,1.25691,1.25403,1.25583,14144
1592380800,1.2558099999999999,1.25879,1.25475,1.25572,19366
1592395200,1.2557,1.25824,1.25227,1.2547,23285
1592409600,1.2547,1.25592,1.25098,1.25408,25605
1592424000,1.25406,1.25571,1.25357,1.25536,13961
1592438400,1.25404,1.2566,1.25367,1.25479,8080
1592452800,1.2548,1.25599,1.2524600000000001,1.25512,14841
1592467200,1.25513,1.25595,1.25088,1.2515,19506
1592481600,1.2515,1.2548599999999999,1.24423,1.24464,25797
1592496000,1.24467,1.24591,1.24009,1.2410700000000001,24021
1592510400,1.2410700000000001,1.24296,1.24042,1.24194,13046
1592524800,1.24163,1.24313,1.2404,1.24121,7311
1592539200,1.24122,1.24362,1.24068,1.24264,10308
1592553600,1.24264,1.2455,1.24064,1.24119,15464
1592568000,1.24121,1.24227,1.23596,1.24037,18069
1592582400,1.24037,1.2410700000000001,1.23476,1.2367,25282
1592596800,1.23671,1.23682,1.23432,1.23467,13510
1592784000,1.23483,1.23576,1.23347,1.23466,10172
1592798400,1.23464,1.23895,1.23464,1.23887,12031
1592812800,1.23887,1.2433,1.23643,1.2426,18016
1592827200,1.2426,1.2433,1.23791,1.24044,14265
1592841600,1.24045,1.24695,1.23912,1.24634,17825
1592856000,1.24633,1.24763,1.24571,1.24674,8911
1592870400,1.24608,1.2506300000000001,1.24512,1.24811,8125
1592884800,1.24811,1.24946,1.24352,1.24654,19086
1592899200,1.24654,1.25112,1.24407,1.24826,18626
1592913600,1.24831,1.25008,1.24313,1.24963,18578
1592928000,1.24962,1.25309,1.24728,1.25144,22821
1592942400,1.25148,1.25312,1.25079,1.25202,11105
1592956800,1.25121,1.25419,1.25092,1.25289,7778
1592971200,1.25289,1.25377,1.25103,1.25128,11673
1592985600,1.25129,1.25262,1.24649,1.24984,15311
1593000000,1.24985,1.25369,1.24758,1.24935,19471
1593014400,1.24936,1.25094,1.24155,1.2447,26214
1593028800,1.24469,1.24491,1.24134,1.24189,13758
1593043200,1.24161,1.24287,1.24068,1.2424,6571
1593057600,1.2424,1.2432699999999999,1.24031,1.24134,10168
1593072000,1.24134,1.24635,1.24045,1.24432,16407
1593086400,1.24431,1.24552,1.24118,1.2421,18567
1593100800,1.2421,1.2433,1.23881,1.24195,19198
1593115200,1.24198,1.24277,1.24002,1.24162,9948
1593129600,1.24185,1.24296,1.24091,1.24181,10690
1593144000,1.24184,1.2436099999999999,1.24137,1.24292,10162
1593158400,1.24292,1.24334,1.23968,1.24066,11555
1593172800,1.24064,1.24169,1.23661,1.23724,13444
1593187200,1.23724,1.23769,1.23138,1.23468,20312
1593201600,1.23468,1.23549,1.23301,1.23332,9833
1593388800,1.23359,1.23548,1.23243,1.23543,4246
1593403200,1.23544,1.23726,1.23495,1.23663,7182
1593417600,1.23663,1.23889,1.23298,1.233,12455
1593432000,1.233,1.23357,1.22982,1.23203,14464
1593446400,1.23204,1.2321,1.22509,1.22811,18323
1593460800,1.2281900000000001,1.22994,1.22741,1.2296,6901
1593475200,1.22877,1.23163,1.22877,1.22987,3936
1593489600,1.22987,1.23131,1.22948,1.23007,4752
1593504000,1.23008,1.23008,1.22586,1.2272,11068
1593518400,1.22727,1.22883,1.22571,1.22878,13039
1593532800,1.22879,1.23914,1.22783,1.23784,21821
1593547200,1.23783,1.24009,1.23669,1.23987,10182
1593561600,1.23923,1.24002,1.23758,1.2383,4812
1593576000,1.23831,1.23921,1.23588,1.23592,6549
1593590400,1.23593,1.24132,1.23588,1.23859,10543
1593604800,1.23858,1.24203,1.23721,1.2413,18154
1593619200,1.24134,1.24855,1.24104,1.24807,20613
1593633600,1.24808,1.24897,1.24647,1.24731,9464
1593648000,1.24683,1.24796,1.24601,1.24684,5017
1593662400,1.24683,1.24936,1.24664,1.24916,7482
1593676800,1.24915,1.25231,1.24777,1.25223,11600
1593691200,1.2522199999999999,1.25291,1.24877,1.24878,13635
1593705600,1.24884,1.25202,1.24553,1.24604,21088
1593720000,1.24604,1.24686,1.24567,1.24673,6233
1593734400,1.24618,1.24719,1.2457,1.24621,4381
1593748800,1.24622,1.2472,1.24564,1.24588,8038
1593763200,1.24588,1.24859,1.24371,1.24622,11122
1593777600,1.24621,1.24621,1.24388,1.2455,9561
1593792000,1.24551,1.24707,1.24448,1.24684,8355
1593806400,1.24683,1.24986,1.24616,1.24803,13820
1593993600,1.24687,1.24885,1.24607,1.2478799999999999,4351
1594008000,1.24787,1.2496800000000001,1.24754,1.24961,6913
1594022400,1.24961,1.25092,1.24749,1.24901,13283
1594036800,1.24896,1.25187,1.24851,1.2509700000000001,12610
1594051200,1.25092,1.25193,1.24793,1.24835,14589
1594065600,1.24836,1.2503199999999999,1.24833,1.24911,7233
1594080000,1.24891,1.25174,1.24835,1.2511999999999999,3820
1594094400,1.25121,1.25141,1.24887,1.25052,8245
1594108800,1.25052,1.25136,1.24663,1.24699,12890
1594123200,1.24699,1.25388,1.24616,1.25367,14528
1594137600,1.25367,1.25916,1.25233,1.2559,16844
1594152000,1.25589,1.25725,1.25352,1.2542499999999999,8854
1594166400,1.25401,1.25621,1.25356,1.2549000000000001,5077
1594180800,1.25489,1.25661,1.2542200000000001,1.25555,6407
1594195200,1.25556,1.25675,1.25232,1.25281,13062
1594209600,1.25277,1.25654,1.25078,1.25438,15104
1594224000,1.25436,1.26026,1.25393,1.26019,18738
1594238400,1.26023,1.2622499999999999,1.25983,1.26084,9061
1594252800,1.2607,1.26278,1.26011,1.26108,4009
1594267200,1.26106,1.26353,1.26004,1.26307,6709
1594281600,1.26306,1.26518,1.2624900000000001,1.26395,11989
1594296000,1.26397,1.26661,1.26311,1.26593,12598
1594310400,1.26593,1.26688,1.25992,1.26093,23468
1594324800,1.26092,1.26224,1.25998,1.26044,8397
1594339200,1.2601499999999999,1.26101,1.25806,1.25906,2835
1594353600,1.25907,1.25976,1.2582499999999999,1.25846,5212
1594368000,1.25847,1.25965,1.2566,1.25962,12418
1594382400,1.25962,1.26248,1.25845,1.26142,13198
1594396800,1.26141,1.26633,1.2614,1.26264,17740
1594411200,1.26263,1.26346,1.26172,1.26179,6921
1594598400,1.26296,1.2641,1.26204,1.26391,4055
1594612800,1.26391,1.2658,1.2639,1.26514,6182
1594627200,1.26514,1.26655,1.25962,1.26072,11512
1594641600,1.26074,1.26159,1.25908,1.26032,12931
1594656000,1.26033,1.26377,1.2601200000000001,1.2613699999999999,14885
1594670400,1.2613699999999999,1.2618800000000001,1.25494,1.2552400000000001,10651
1594684800,1.25546,1.25603,1.25401,1.2546599999999999,4341
1594699200,1.25465,1.25552,1.25369,1.25545,6291
1594713600,1.2554400000000001,1.2557800000000001,1.25054,1.25266,11860
1594728000,1.25269,1.25376,1.25069,1.2513,13976
1594742400,1.2513,1.2554699999999999,1.2479,1.25467,24267
1594756800,1.2547,1.25628,1.25436,1.25535,9087
1594771200,1.25537,1.25845,1.25473,1.25722,4613
1594785600,1.25722,1.25865,1.25629,1.25723,6815
1594800000,1.25723,1.26265,1.2570299999999999,1.26054,11978
1594814400,1.26054,1.26424,1.25926,1.26346,13228
1594828800,1.26346,1.26488,1.25745,1.25847,19497
1594843200,1.25845,1.25967,1.25782,1.25865,7256
1594857600,1.2576800000000001,1.25927,1.25704,1.25715,3300
1594872000,1.25714,1.25814,1.2549299999999999,1.25579,6391
1594886400,1.25579,1.25632,1.25259,1.2540200000000001,10274
1594900800,1.25404,1.25744,1.25193,1.25589,13260
1594915200,1.2558799999999999,1.26239,1.25512,1.25872,17707
1594929600,1.25873,1.25895,1.25362,1.25532,11190
1594944000,1.25514,1.25667,1.25491,1.25622,4194
1594958400,1.25623,1.2570299999999999,1.25546,1.25651,5573
1594972800,1.2565,1.25671,1.2537099999999999,1.25629,8774
1594987200,1.25629,1.25635,1.25111,1.2515100000000001,10499
1595001600,1.25153,1.25672,1.25116,1.25563,12412
1595016000,1.25564,1.25736,1.25513,1.25653,6029
1595203200,1.25519,1.25715,1.25414,1.2545899999999999,3534
1595217600,1.25458,1.2548599999999999,1.25172,1.25296,6176
1595232000,1.25295,1.25881,1.25251,1.2587,12046
1595246400,1.25867,1.2641200000000001,1.25851,1.26246,11435
1595260800,1.26244,1.2658,1.26192,1.26498,13609
1595275200,1.26499,1.26647,1.26419,1.266,6209
1595289600,1.26525,1.26831,1.26525,1.26705,4391
1595304000,1.26706,1.26845,1.26492,1.26543,6568
1595318400,1.26542,1.27153,1.2653699999999999,1.26949,11765
1595332800,1.26948,1.27152,1.26813,1.2704,11271
1595347200,1.2704,1.2751700000000001,1.26725,1.2742499999999999,17859
1595361600,1.27426,1.27671,1.27213,1.27322,10220
1595376000,1.27243,1.27399,1.27131,1.27315,4237
1595390400,1.27315,1.27374,1.27163,1.27182,5464
1595404800,1.27182,1.27283,1.2643499999999999,1.26556,15840
1595419200,1.26556,1.27289,1.26432,1.2713700000000001,16381
1595433600,1.2713700000000001,1.27393,1.2691,1.27362,17718
1595448000,1.2736100000000001,1.27429,1.27261,1.27338,7350
1595462400,1.27225,1.2738399999999999,1.27194,1.27281,5075
1595476800,1.27282,1.27446,1.27225,1.27402,5808
1595491200,1.27401,1.2753,1.26975,1.27183,12731
1595505600,1.27184,1.27329,1.26733,1.26742,13709
1595520000,1.26743,1.27594,1.2671999999999999,1.27443,19874
1595534400,1.27442,1.275,1.27277,1.27396,15059
1595548800,1.27308,1.27595,1.27272,1.27583,3936
1595563200,1.27583,1.27726,1.27281,1.27322,8962
1595577600,1.2732299999999999,1.27528,1.27162,1.27276,15246
1595592000,1.27277,1.27664,1.27219,1.27604,11708
1595606400,1.27604,1.27943,1.2751000000000001,1.27843,16945
1595620800,1.27844,1.2803,1.27774,1.2792,7859
1595808000,1.27912,1.28209,1.27762,1.28162,5898
1595822400,1.28162,1.2858,1.28135,1.2837,9721
1595836800,1.2837100000000001,1.28414,1.2806,1.28383,12105
1595851200,1.28384,1.28765,1.28287,1.28528,15508
1595865600,1.28528,1.29022,1.2848,1.28729,16983
1595880000,1.28726,1.288,1.28666,1.28782,7239
1595894400,1.28738,1.2898399999999999,1.28696,1.28834,5637
1595908800,1.28833,1.29036,1.28446,1.2855699999999999,10220
1595923200,1.28559,1.28805,1.28373,1.2879,12476
1595937600,1.2879,1.28944,1.28592,1.28854,12773
1595952000,1.28854,1.29504,1.28732,1.29471,18183
1595966400,1.29471,1.29519,1.29226,1.29307,7079
1595980800,1.29274,1.29371,1.29215,1.29276,3992
1595995200,1.29278,1.29359,1.2911000000000001,1.29173,6861
1596009600,1.2917399999999999,1.29759,1.29146,1.2965900000000001,11340
1596024000,1.2965900000000001,1.2984,1.29571,1.2978399999999999,12409
1596038400,1.29786,1.29943,1.29542,1.29726,15320
1596052800,1.29725,1.30127,1.2947899999999999,1.29944,16858
1596067200,1.29912,1.2999399999999999,1.29731,1.29858,5743
1596081600,1.29859,1.29911,1.29708,1.29753,7168
1596096000,1.2975400000000001,1.29984,1.29436,1.2986,13816
1596110400,1.29863,1.30318,1.29748,1.30301,14142
1596124800,1.30301,1.30717,1.30196,1.30593,23174
1596139200,1.30593,1.3102,1.3059,1.30922,10139
1596153600,1.3090899999999999,1.31356,1.30737,1.31127,8744
1596168000,1.31127,1.31422,1.3109199999999999,1.313,12078
1596182400,1.31298,1.3144,1.31045,1.31266,14321
1596196800,1.31266,1.31586,1.31057,1.31527,13827
1596211200,1.31527,1.31694,1.30795,1.30984,27163
1596225600,1.3098,1.31142,1.3069600000000001,1.3082,12217
1596412800,1.30729,1.3106200000000001,1.30555,1.30736,10045
1596427200,1.30739,1.3096,1.30636,1.30904,14479
1596441600,1.30904,1.31119,1.30541,1.31009,15955
1596456000,1.3100800000000001,1.31018,1.3011300000000001,1.30225,16380
1596470400,1.30224,1.30655,1.30039,1.3057400000000001,18272
1596484800,1.30573,1.30788,1.30556,1.30741,10187
1596499200,1.30719,1.30775,1.30568,1.30678,3925
1596513600,1.30677,1.30878,1.3065,1.30802,6740
1596528000,1.30802,1.3107,1.3045200000000001,1.30676,12501
1596542400,1.3068,1.30777,1.29804,1.29849,15452
1596556800,1.29849,1.3069,1.29818,1.30641,17452
1596571200,1.30641,1.30744,1.30444,1.30689,8085
1596585600,1.30565,1.30863,1.30518,1.30805,4694
1596600000,1.30805,1.3096,1.30763,1.3094999999999999,6616
1596614400,1.3094999999999999,1.31226,1.30569,1.3100399999999999,11867
1596628800,1.31005,1.31482,1.3085499999999999,1.31403,17859
1596643200,1.31405,1.3161,1.3118,1.31263,20078
1596657600,1.31262,1.31366,1.31079,1.31118,7425
1596672000,1.31122,1.3143500000000001,1.3109199999999999,1.31352,5145
1596686400,1.31352,1.31407,1.31211,1.31345,8378
1596700800,1.31344,1.31824,1.31219,1.31599,18563
1596715200,1.31602,1.3185,1.31457,1.31522,17485
1596729600,1.3152300000000001,1.31781,1.31181,1.3158400000000001,20986
1596744000,1.31589,1.3165499999999999,1.31322,1.3140399999999999,10977
1596758400,1.31434,1.31491,1.31304,1.31389,5683
1596772800,1.31389,1.31392,1.30969,1.31159,10013
1596787200,1.31159,1.31322,1.30851,1.31039,14161
1596801600,1.31037,1.31093,1.30646,1.30963,17143
1596816000,1.30964,1.30986,1.30085,1.30413,21923
1596830400,1.30412,1.30612,1.30341,1.30499,7477
1597017600,1.30592,1.3066499999999999,1.30397,1.30644,4018
1597032000,1.30641,1.30752,1.30605,1.3066499999999999,4901
1597046400,1.3066499999999999,1.30773,1.30447,1.30772,10465
1597060800,1.30772,1.30861,1.30182,1.30664,11868
1597075200,1.30664,1.31027,1.30612,1.30842,16533
1597089600,1.30841,1.3087,1.30603,1.30716,7037
1597104000,1.3062,1.30762,1.30578,1.30664,4032
1597118400,1.3066499999999999,1.30952,1.30654,1.30853,7176
1597132800,1.30853,1.30928,1.30541,1.30874,13478
1597147200,1.3087,1.31314,1.30803,1.31178,15535
1597161600,1.31178,1.31203,1.30722,1.30894,17137
1597176000,1.30896,1.30899,1.30408,1.30457,11305
1597190400,1.30519,1.30596,1.30354,1.30456,5213
1597204800,1.30456,1.30539,1.30162,1.30205,11920
1597219200,1.30206,1.3066900000000001,1.30161,1.30527,14312
1597233600,1.30527,1.30653,1.30045,1.3035999999999999,15792
1597248000,1.30371,1.30588,1.30126,1.30432,19253
1597262400,1.30432,1.3044799999999999,1.30202,1.30302,8998
1597276800,1.30282,1.30625,1.30268,1.30562,5384
1597291200,1.30561,1.30727,1.30485,1.30493,7016
1597305600,1.30493,1.30922,1.3048899999999999,1.30854,12295
1597320000,1.30854,1.31112,1.30755,1.30972,14108
1597334400,1.30972,1.31242,1.30718,1.30788,15098
1597348800,1.30789,1.30817,1.30446,1.30664,8282
1597363200,1.30651,1.30737,1.30498,1.30596,3942
1597377600,1.30597,1.3064200000000001,1.30473,1.3057699999999999,6562
1597392000,1.30578,1.3082500000000001,1.30512,1.30778,12138
1597406400,1.3078,1.31319,1.3060800000000001,1.3125499999999999,14105
1597420800,1.31254,1.31421,1.30915,1.30997,14252
1597435200,1.30997,1.31018,1.30811,1.30868,5892
1597622400,1.309,1.31056,1.3084500000000001,1.3101099999999999,3829
1597636800,1.3101099999999999,1.3109600000000001,1.30868,1.30891,5308
1597651200,1.30891,1.31209,1.30773,1.3090600000000001,10561
1597665600,1.3090600000000001,1.31183,1.30732,1.30932,13104
1597680000,1.30932,1.31115,1.30862,1.31019,11645
1597694400,1.31021,1.3114,1.30985,1.31026,5594
1597708800,1.31055,1.31321,1.3092,1.31311,4007
1597723200,1.31307,1.3136700000000001,1.31219,1.31349,7329
1597737600,1.31349,1.31742,1.3133,1.3168199999999999,13559
1597752000,1.3168199999999999,1.31986,1.31528,1.3194,12891
1597766400,1.31945,1.32399,1.31878,1.32336,16433
1597780800,1.32337,1.32492,1.32315,1.32365,6402
1597795200,1.3229,1.32639,1.32277,1.3254299999999999,4872
1597809600,1.3254299999999999,1.32626,1.32339,1.32373,7055
1597824000,1.32372,1.3266499999999999,1.32283,1.32423,12874
1597838400,1.32422,1.32545,1.31943,1.3201800000000001,12890
1597852800,1.3201800000000001,1.3226499999999999,1.31543,1.31634,16834
1597867200,1.3164,1.31671,1.30929,1.3097400000000001,17211
1597881600,1.30917,1.3118400000000001,1.30899,1.31061,6939
1597896000,1.3106200000000001,1.31085,1.30866,1.30955,9916
1597910400,1.30956,1.3112599999999999,1.30636,1.3106499999999999,16092
1597924800,1.31061,1.31488,1.30946,1.31012,17784
1597939200,1.31015,1.32007,1.3079100000000001,1.31864,20897
1597953600,1.31873,1.3223500000000001,1.3184,1.32123,10326
1597968000,1.3210899999999999,1.32342,1.32046,1.32303,5800
1597982400,1.32302,1.32413,1.3220100000000001,1.32406,7903
1597996800,1.32406,1.32542,1.3187,1.3198699999999999,19134
1598011200,1.3198699999999999,1.32016,1.30972,1.31074,18567
1598025600,1.3106900000000001,1.3109600000000001,1.30579,1.30771,18032
1598040000,1.30771,1.30962,1.30715,1.30869,5690
1598227200,1.30812,1.31003,1.30811,1.30864,3693
1598241600,1.30864,1.3096999999999999,1.30816,1.30872,5742
1598256000,1.3087,1.3115299999999999,1.30765,1.31023,11755
1598270400,1.31024,1.31483,1.30921,1.31199,12669
1598284800,1.31199,1.31233,1.30592,1.30683,15209
1598299200,1.30683,1.30731,1.30528,1.30617,6762
1598313600,1.30623,1.30786,1.3054000000000001,1.30777,4651
1598328000,1.30778,1.31145,1.30748,1.3103099999999999,7466
1598342400,1.31029,1.31097,1.30763,1.31066,11739
1598356800,1.3106900000000001,1.31433,1.3101,1.31336,13771
1598371200,1.31335,1.31697,1.31132,1.31217,17233
1598385600,1.3121399999999999,1.3149899999999999,1.31203,1.31495,5628
1598400000,1.31456,1.3157,1.31383,1.31429,3949
1598414400,1.3142800000000001,1.31487,1.31315,1.3136,5603
1598428800,1.3136,1.31644,1.3124799999999999,1.3155999999999999,10702
1598443200,1.3155999999999999,1.31622,1.31163,1.31323,11892
1598457600,1.31323,1.32177,1.31289,1.3213,15256
1598472000,1.32131,1.3218,1.3189199999999999,1.32098,6210
1598486400,1.32029,1.32225,1.31999,1.3213,2674
1598500800,1.32131,1.32213,1.31931,1.32096,6461
1598515200,1.32095,1.32287,1.31975,1.32124,9637
1598529600,1.32125,1.32239,1.31632,1.32152,11941
1598544000,1.32156,1.32836,1.31602,1.31824,32003
1598558400,1.31824,1.3219699999999999,1.31806,1.31977,11565
1598572800,1.31979,1.32054,1.31852,1.31973,4461
1598587200,1.31974,1.32565,1.31914,1.32559,8256
1598601600,1.3256000000000001,1.32893,1.3253300000000001,1.32802,18537
1598616000,1.32805,1.33198,1.32677,1.32708,15343
1598630400,1.32704,1.33557,1.32612,1.3326500000000001,18798
1598644800,1.33266,1.33529,1.33215,1.3348499999999999,5920
1598832000,1.33436,1.33685,1.33344,1.33446,6472
1598846400,1.33446,1.33571,1.33317,1.33368,7154
1598860800,1.33368,1.33473,1.33002,1.33132,10042
1598875200,1.33133,1.33372,1.33034,1.33217,10668
1598889600,1.3322,1.3395000000000001,1.33106,1.33765,17140
1598904000,1.33766,1.33835,1.33593,1.33643,7357
1598918400,1.3367499999999999,1.33722,1.33555,1.33585,4070
1598932800,1.33586,1.34137,1.33586,1.34042,11205
1598947200,1.34042,1.34416,1.33934,1.342,14759
1598961600,1.34199,1.34816,1.3416000000000001,1.34676,14123
1598976000,1.34677,1.3472,1.33857,1.33913,21000
1598990400,1.33914,1.33957,1.33681,1.33823,9244
1599004800,1.33764,1.34018,1.3373,1.33811,5468
1599019200,1.33811,1.33834,1.33648,1.33782,5860
1599033600,1.33782,1.3383,1.33246,1.33407,12165
1599048000,1.33407,1.33689,1.33285,1.33529,15213
1599062400,1.33531,1.33551,1.32824,1.3327,19134
1599076800,1.3327,1.33531,1.33121,1.33497,9338
1599091200,1.33435,1.33585,1.3326500000000001,1.33269,3236
1599105600,1.3327,1.33384,1.33113,1.33139,7881
1599120000,1.33138,1.3317999999999999,1.32757,1.33161,14676
1599134400,1.33161,1.33161,1.32431,1.3268,16855
1599148800,1.32679,1.32962,1.3241399999999999,1.32613,24315
1599163200,1.32615,1.3284500000000001,1.3253,1.32791,11695
1599177600,1.32715,1.3281,1.326,1.32773,4185
1599192000,1.32774,1.32952,1.3274,1.32795,5947
1599206400,1.32796,1.33142,1.32546,1.33094,13738
1599220800,1.33097,1.33182,1.32183,1.32213,18109
1599235200,1.32211,1.3247900000000001,1.31749,1.32444,27518
1599249600,1.3244500000000001,1.32924,1.32398,1.32791,10227
1599436800,1.32584,1.32648,1.3237999999999999,1.32528,5296
1599451200,1.32526,1.32565,1.32279,1.32288,6057
1599465600,1.32288,1.32375,1.31861,1.31905,13825
1599480000,1.31906,1.3202,1.31432,1.31574,14287
1599494400,1.31574,1.3183500000000001,1.31391,1.31732,10756
1599508800,1.31732,1.3173599999999999,1.31613,1.3161399999999999,4677
1599523200,1.31634,1.31717,1.31464,1.31511,6596
1599537600,1.31512,1.31555,1.31321,1.31364,6060
1599552000,1.31364,1.3158400000000001,1.31016,1.31036,15235
1599566400,1.31037,1.31082,1.30193,1.30373,23755
1599580800,1.30372,1.30563,1.30069,1.30444,26432
1599595200,1.30444,1.30475,1.2979,1.29799,11536
1599609600,1.29796,1.29873,1.29491,1.2966,6824
1599624000,1.29661,1.29691,1.2951,1.29658,7834
1599638400,1.2965900000000001,1.2972000000000001,1.29182,1.2938,16523
1599652800,1.2938,1.29841,1.28838,1.29433,18537
1599667200,1.29426,1.3017400000000001,1.2931599999999999,1.3012299999999999,25390
1599681600,1.3012299999999999,1.30224,1.29849,1.29981,11403
1599696000,1.29882,1.30078,1.29879,1.29926,4600
1599710400,1.29929,1.29978,1.29757,1.29902,7222
1599724800,1.29901,1.30342,1.29888,1.30152,16450
1599739200,1.30152,1.30324,1.29216,1.29685,23071
1599753600,1.29684,1.29829,1.27804,1.28293,29877
1599768000,1.28286,1.28535,1.27718,1.28043,18866
1599782400,1.2793999999999999,1.2818800000000001,1.27929,1.28017,6332
1599796800,1.28018,1.28302,1.27986,1.28187,8004
1599811200,1.28187,1.28628,1.2778,1.27833,16333
1599825600,1.27832,1.2864900000000001,1.27611,1.28098,20114
1599840000,1.2809599999999999,1.28232,1.27733,1.27877,22715
1599854400,1.27878,1.2804,1.27749,1.27931,13915
1600041600,1.27787,1.28114,1.27724,1.2794699999999999,3942
1600056000,1.27949,1.28278,1.27934,1.28174,6925
1600070400,1.28176,1.28619,1.2810000000000001,1.2846,14259
1600084800,1.28457,1.2883499999999999,1.28409,1.28735,17315
1600099200,1.28734,1.29188,1.28628,1.28674,20576
1600113600,1.28674,1.28693,1.28416,1.2844,10001
1600128000,1.28411,1.28515,1.2832,1.2835,4142
1600142400,1.28351,1.2864900000000001,1.28137,1.28607,9418
1600156800,1.28606,1.28985,1.2843200000000001,1.28797,17253
1600171200,1.28805,1.2925499999999999,1.28795,1.28865,18214
1600185600,1.28868,1.2901,1.28402,1.28918,19277
1600200000,1.28919,1.29054,1.28806,1.2887,10001
1600214400,1.2887,1.28905,1.28742,1.28823,3735
1600228800,1.28824,1.29144,1.28755,1.28961,7450
1600243200,1.28963,1.29124,1.2876,1.29096,12990
1600257600,1.29095,1.29885,1.2907,1.29796,17657
1600272000,1.29795,1.30061,1.29603,1.29775,21809
1600286400,1.29776,1.2999800000000001,1.29369,1.29656,25279
1600300800,1.29646,1.29727,1.293,1.29338,5370
1600315200,1.29339,1.295,1.29001,1.29233,13387
1600329600,1.29231,1.29629,1.29192,1.2959100000000001,20860
1600344000,1.2959100000000001,1.29816,1.2864200000000001,1.28779,24540
1600358400,1.28779,1.29981,1.2873700000000001,1.29371,26043
1600372800,1.29368,1.2990599999999999,1.29355,1.29714,10573
1600387200,1.29669,1.29926,1.29657,1.29788,6256
1600401600,1.29787,1.29894,1.29403,1.29583,9747
1600416000,1.29583,1.29939,1.29512,1.29851,14668
1600430400,1.29851,1.29987,1.29545,1.29672,16495
1600444800,1.29674,1.2973,1.29315,1.29505,22602
1600459200,1.29504,1.2950599999999999,1.29132,1.29152,11343
1600646400,1.29273,1.29538,1.2916,1.29525,4309
1600660800,1.29525,1.29616,1.29451,1.29563,9242
1600675200,1.29562,1.29657,1.28339,1.28429,20135
1600689600,1.2843200000000001,1.2870599999999999,1.28358,1.28445,21105
1600704000,1.28447,1.28487,1.2778399999999999,1.2788599999999999,26851
1600718400,1.27884,1.282,1.27745,1.28147,15681
1600732800,1.28065,1.28221,1.28023,1.28168,6214
1600747200,1.28168,1.28232,1.2797100000000001,1.28208,11059
1600761600,1.28209,1.28377,1.27115,1.2823,22706
1600776000,1.2823,1.28664,1.27785,1.27985,21446
1600790400,1.27986,1.28118,1.27097,1.27204,26843
1600804800,1.2720500000000001,1.27408,1.2715,1.27349,11042
1600819200,1.27282,1.27465,1.27184,1.27203,7023
1600833600,1.27202,1.27344,1.27152,1.27164,12079
1600848000,1.27164,1.27267,1.26741,1.27035,20100
1600862400,1.27035,1.27478,1.26971,1.2741799999999999,19605
1600876800,1.27424,1.2776100000000001,1.27243,1.27564,25257
1600891200,1.27562,1.27565,1.27068,1.27246,17793
1600905600,1.27204,1.27311,1.27092,1.27305,7126
1600920000,1.27302,1.27382,1.2698800000000001,1.26992,10975
1600934400,1.26993,1.27524,1.2689599999999999,1.27362,18696
1600948800,1.27362,1.27801,1.27204,1.27572,22886
1600963200,1.2757,1.27684,1.27065,1.2751299999999999,28292
1600977600,1.27512,1.27728,1.27312,1.2741500000000001,17499
1600992000,1.27423,1.27573,1.27397,1.27524,5295
1601006400,1.27525,1.2759800000000001,1.27436,1.27579,9683
1601020800,1.2757800000000001,1.28047,1.275,1.2764,16904
1601035200,1.2764,1.2764,1.26938,1.27373,19846
1601049600,1.27376,1.27376,1.26864,1.27017,22956
1601064000,1.27019,1.27497,1.26939,1.27405,11851
1601251200,1.27567,1.27714,1.27502,1.27514,5106
1601265600,1.2751299999999999,1.27739,1.27511,1.27676,6108
1601280000,1.27676,1.28415,1.27615,1.28246,15321
1601294400,1.28247,1.29288,1.2821799999999999,1.28677,20293
1601308800,1.28678,1.28883,1.28343,1.28513,20875
1601323200,1.28511,1.28525,1.2827600000000001,1.28305,10777
1601337600,1.28357,1.28811,1.2830300000000001,1.28668,6783
1601352000,1.28667,1.2867899999999999,1.28351,1.2858399999999999,7370
1601366400,1.28585,1.28838,1.28336,1.28792,16421
1601380800,1.28792,1.28867,1.2841,1.2856,17664
1601395200,1.28561,1.2902,1.2821500000000001,1.28528,24052
1601409600,1.28528,1.28683,1.28389,1.28509,14239
1601424000,1.28546,1.28673,1.28436,1.28487,6398
1601438400,1.28487,1.28719,1.28349,1.2839800000000001,12204
1601452800,1.28397,1.28513,1.28044,1.28189,18134
1601467200,1.28189,1.28571,1.28102,1.28467,19173
1601481600,1.28476,1.29417,1.2840099999999999,1.29099,28213
1601496000,1.291,1.2923200000000001,1.28956,1.2923,19227
1601510400,1.29147,1.29269,1.29121,1.29144,5401
1601524800,1.29145,1.2940800000000001,1.29142,1.29372,9400
1601539200,1.29372,1.29492,1.28185,1.28236,19970
1601553600,1.28237,1.29776,1.28206,1.29492,25367
1601568000,1.29491,1.29605,1.28595,1.28931,28206
1601582400,1.28932,1.28978,1.28707,1.28851,16107
1601596800,1.28816,1.2889,1.28715,1.28749,4751
1601611200,1.2875,1.288,1.28356,1.2842799999999999,10640
1601625600,1.28429,1.2953000000000001,1.28363,1.2945,28825
1601640000,1.29452,1.29515,1.29023,1.29277,24052
1601654400,1.29275,1.29455,1.28917,1.29304,29677
1601668800,1.29305,1.2942,1.29245,1.2928,13724
1601856000,1.29241,1.2953000000000001,1.29111,1.29422,6501
1601870400,1.29421,1.29487,1.29355,1.29371,8140
1601884800,1.29371,1.29638,1.28987,1.2952,15539
1601899200,1.29518,1.29685,1.29327,1.29645,18432
1601913600,1.29648,1.2990300000000001,1.2963,1.29783,19711
1601928000,1.29785,1.2989600000000001,1.29695,1.2981500000000001,9123
1601942400,1.2972000000000001,1.29947,1.2966199999999999,1.29908,4944
1601956800,1.29909,1.3000099999999999,1.29802,1.29883,8262
1601971200,1.29882,1.3006199999999999,1.29571,1.2990599999999999,16706
1601985600,1.29905,1.29953,1.29154,1.29306,18560
1602000000,1.29307,1.29851,1.29233,1.29541,20915
1602014400,1.29542,1.29542,1.28664,1.28732,19970
1602028800,1.2873299999999999,1.28909,1.2865199999999999,1.28803,6962
1602043200,1.2880099999999999,1.28887,1.28687,1.28867,9714
1602057600,1.28868,1.29287,1.28829,1.29029,17490
1602072000,1.29036,1.29054,1.28479,1.28968,20086
1602086400,1.28967,1.29284,1.28436,1.29177,23533
1602100800,1.29176,1.29241,1.29025,1.29179,11175
1602115200,1.29124,1.2927,1.29059,1.29192,4923
1602129600,1.29192,1.29334,1.29119,1.29312,8213
1602144000,1.29312,1.29694,1.2926,1.29534,16263
1602158400,1.29524,1.29611,1.28904,1.29085,18437
1602172800,1.29088,1.2947899999999999,1.28992,1.2937699999999999,20487
1602187200,1.2937699999999999,1.29446,1.29279,1.29332,9136
1602201600,1.29216,1.2941799999999999,1.29159,1.29398,5261
1602216000,1.29397,1.29585,1.29397,1.29529,6866
1602230400,1.29529,1.29719,1.29302,1.29459,15873
1602244800,1.29461,1.29679,1.29197,1.2965900000000001,17877
1602259200,1.29657,1.30292,1.29556,1.30188,19022
1602273600,1.30189,1.30485,1.30171,1.30437,9264
1602460800,1.3026,1.3036699999999999,1.30221,1.30277,5027
1602475200,1.30278,1.30403,1.30189,1.3039399999999999,7095
1602489600,1.3039399999999999,1.30586,1.30125,1.30133,13956
1602504000,1.30131,1.30446,1.30044,1.30411,12289
1602518400,1.30409,1.3081800000000001,1.30298,1.30618,15279
1602532800,1.30619,1.30712,1.30587,1.3064,8431
1602547200,1.30645,1.3067199999999999,1.30386,1.30464,4979
1602561600,1.30464,1.30545,1.30362,1.30492,9182
1602576000,1.30492,1.3064,1.30137,1.30616,13841
1602590400,1.30614,1.30671,1.30045,1.3011599999999999,15723
1602604800,1.3011599999999999,1.3011599999999999,1.2952,1.29565,19989
1602619200,1.29562,1.29568,1.29207,1.29335,8921
1602633600,1.2931300000000001,1.29432,1.29265,1.29364,3968
1602648000,1.29363,1.29405,1.29132,1.29214,9172
1602662400,1.29214,1.29239,1.2862,1.2904,15431
1602676800,1.2904499999999999,1.30427,1.2898100000000001,1.3028,19687
1602691200,1.30282,1.30636,1.3006199999999999,1.30148,18871
1602705600,1.3014700000000001,1.30335,1.30092,1.301,10531
1602720000,1.3005,1.30244,1.3005,1.30218,6153
1602734400,1.30218,1.3029,1.30083,1.30193,8475
1602748800,1.30193,1.30243,1.29351,1.29466,15891
1602763200,1.29464,1.2974,1.2907600000000001,1.29238,18943
1602777600,1.29239,1.29584,1.2889599999999999,1.2921,22837
1602792000,1.2921,1.29295,1.28913,1.29031,11807
1602806400,1.29074,1.29178,1.28938,1.29044,5192
1602820800,1.29046,1.2907600000000001,1.28856,1.28902,8446
1602835200,1.28902,1.2947899999999999,1.28823,1.29312,14722
1602849600,1.2931300000000001,1.29616,1.28556,1.29083,20918
1602864000,1.29082,1.29452,1.28684,1.2923,21627
1602878400,1.2923200000000001,1.29315,1.2904200000000001,1.29085,9913
1603065600,1.28968,1.29414,1.28944,1.29413,5829
1603080000,1.2941,1.29452,1.29231,1.2925200000000001,8011
1603094400,1.2925200000000001,1.30048,1.29215,1.29953,12451
1603108800,1.29953,1.30166,1.2971599999999999,1.29913,14530
1603123200,1.29917,1.30239,1.2965900000000001,1.29812,21226
1603137600,1.29813,1.29861,1.2935400000000001,1.29471,12263
1603152000,1.29387,1.29546,1.29344,1.29493,5792
1603166400,1.29493,1.2957,1.29342,1.2943500000000001,7898
1603180800,1.2943500000000001,1.29724,1.29181,1.29636,13065
1603195200,1.29636,1.29787,1.2910300000000001,1.29253,17330
1603209600,1.2925,1.29739,1.29183,1.29387,20792
1603224000,1.29387,1.29505,1.29298,1.29474,11389
1603238400,1.29342,1.29647,1.29342,1.29593,5892
1603252800,1.29593,1.2981099999999999,1.29582,1.29791,8817
1603267200,1.29791,1.30637,1.29699,1.3038699999999999,17578
1603281600,1.30388,1.30959,1.30344,1.30937,15865
1603296000,1.30938,1.31759,1.30742,1.31559,21820
1603310400,1.31568,1.31686,1.31331,1.31433,13123
1603324800,1.31399,1.31509,1.31256,1.31368,6338
1603339200,1.31369,1.31439,1.31231,1.31299,8980
1603353600,1.313,1.3148900000000001,1.3103099999999999,1.31063,14325
1603368000,1.31063,1.31217,1.30829,1.3101,15569
1603382400,1.31013,1.31176,1.3069600000000001,1.30952,17273
1603396800,1.3094999999999999,1.30975,1.30728,1.3082099999999999,7951
1603411200,1.30775,1.30893,1.30553,1.3071,6193
1603425600,1.30709,1.30719,1.30562,1.3060800000000001,8168
1603440000,1.3060800000000001,1.3112300000000001,1.305,1.30883,12027
1603454400,1.30883,1.31213,1.30584,1.30903,15332
1603468800,1.30902,1.30918,1.30182,1.30308,16779
1603483200,1.30309,1.30535,1.30195,1.30433,8077
1603670400,1.30463,1.3057400000000001,1.30275,1.30355,9561
1603684800,1.30353,1.30388,1.30192,1.3023500000000001,7769
1603699200,1.30236,1.30537,1.29918,1.3048600000000001,16020
1603713600,1.30487,1.3074,1.30092,1.30176,18354
1603728000,1.3017400000000001,1.3030300000000001,1.29941,1.30222,16687
1603742400,1.30223,1.30271,1.30036,1.30145,6948
1603756800,1.3016,1.30308,1.30125,1.30289,6803
1603771200,1.3029,1.30396,1.3029,1.3038,6386
1603785600,1.3038,1.30439,1.3000099999999999,1.30227,14819
1603800000,1.30228,1.3058,1.30139,1.30347,14483
1603814400,1.30348,1.3078699999999999,1.30266,1.30636,15302
1603828800,1.30636,1.30644,1.3034,1.30403,5711
1603843200,1.3039,1.30429,1.30196,1.30341,7970
1603857600,1.30341,1.30462,1.30314,1.30438,7368
1603872000,1.30439,1.30626,1.2962500000000001,1.29712,18062
1603886400,1.29712,1.29829,1.29156,1.29553,19245
1603900800,1.29552,1.30171,1.2953000000000001,1.29892,22184
1603915200,1.2989,1.29995,1.29769,1.29805,8562
1603929600,1.29829,1.29969,1.29801,1.29946,7571
1603944000,1.29946,1.30205,1.2987199999999999,1.30203,6305
1603958400,1.30203,1.30247,1.2981,1.3009,17848
1603972800,1.3009,1.30171,1.29033,1.29339,24712
1603987200,1.29342,1.29483,1.28802,1.29053,22820
1604001600,1.29053,1.29356,1.2905,1.2917,9398
1604016000,1.29234,1.2938399999999999,1.29209,1.29353,7085
1604030400,1.29353,1.2938399999999999,1.29019,1.2907899999999999,8250
1604044800,1.2907600000000001,1.29604,1.28979,1.2955999999999999,18936
1604059200,1.29559,1.29871,1.2941,1.2965499999999999,21234
1604073600,1.29656,1.29677,1.2923,1.29412,21558
1604088000,1.29413,1.29643,1.29371,1.29458,8560
1604275200,1.29209,1.2938,1.2915,1.29274,7881
1604289600,1.29274,1.29385,1.28987,1.29021,7957
1604304000,1.2902,1.2915,1.28533,1.2909,18779
1604318400,1.29099,1.2941799999999999,1.28985,1.29344,15198
1604332800,1.29344,1.29346,1.28891,1.2904499999999999,14630
1604347200,1.2904200000000001,1.2919,1.2889599999999999,1.29173,8185
1604361600,1.29139,1.29283,1.2906,1.29267,5280
1604376000,1.29267,1.29362,1.29139,1.29226,6769
1604390400,1.29227,1.29958,1.29219,1.29907,14177
1604404800,1.29907,1.30112,1.29701,1.30027,14079
1604419200,1.3002799999999999,1.3078,1.3001,1.30399,16742
1604433600,1.30399,1.3067,1.30102,1.30613,10650
1604448000,1.30533,1.31399,1.29982,1.30271,16011
1604462400,1.3027199999999999,1.304,1.29328,1.29883,23374
1604476800,1.29883,1.30008,1.29135,1.29712,22633
1604491200,1.2971300000000001,1.30495,1.29658,1.29763,21889
1604505600,1.29763,1.30219,1.29491,1.29959,22233
1604520000,1.29961,1.30061,1.2968899999999999,1.2981500000000001,12196
1604534400,1.29819,1.29922,1.29297,1.29545,9613
1604548800,1.29544,1.29734,1.2944200000000001,1.29657,12291
1604563200,1.29656,1.30506,1.29375,1.3047,22534
1604577600,1.30469,1.31085,1.3030599999999999,1.30868,23876
1604592000,1.30868,1.31346,1.30656,1.30995,24307
1604606400,1.31,1.31539,1.30887,1.31491,14708
1604620800,1.31447,1.31558,1.31111,1.31278,9152
1604635200,1.31277,1.31427,1.31177,1.3122099999999999,11232
1604649600,1.3122,1.31531,1.31,1.31405,18459
1604664000,1.31396,1.3155700000000001,1.31067,1.31466,24149
1604678400,1.31464,1.31763,1.30914,1.31534,23136
1604692800,1.31534,1.31673,1.31371,1.31464,8237
1604880000,1.31566,1.3192300000000001,1.31484,1.31811,14618
1604894400,1.31811,1.31903,1.31734,1.31781,12332
1604908800,1.31782,1.31978,1.31229,1.31273,19567
1604923200,1.31273,1.31893,1.31193,1.31806,29159
1604937600,1.3180399999999999,1.32073,1.31172,1.31405,30214
1604952000,1.3140800000000001,1.31765,1.31195,1.3162,15836
1604966400,1.3161,1.31853,1.31541,1.31816,10336
1604980800,1.31817,1.31979,1.31747,1.31834,14553
1604995200,1.31833,1.32535,1.31664,1.32477,22052
1605009600,1.3247499999999999,1.32717,1.32212,1.32378,23425
1605024000,1.32383,1.32775,1.32135,1.32359,27627
1605038400,1.32358,1.32769,1.3235700000000001,1.32697,14998
1605052800,1.32638,1.32737,1.32523,1.32651,9015
1605067200,1.32651,1.32793,1.3258,1.326,11255
1605081600,1.32609,1.33127,1.32385,1.32611,19041
1605096000,1.32609,1.32808,1.32151,1.3245,20025
1605110400,1.3244,1.32524,1.31904,1.32008,20981
1605124800,1.32009,1.3223500000000001,1.31998,1.32226,10656
1605139200,1.32164,1.32278,1.32101,1.32188,6848
1605153600,1.32188,1.32214,1.32027,1.32062,8772
1605168000,1.3206,1.32071,1.31601,1.31811,17673
1605182400,1.31811,1.31995,1.31312,1.31766,18926
1605196800,1.31766,1.31824,1.31137,1.31145,20881
1605211200,1.31145,1.31236,1.31056,1.31211,11301
1605225600,1.31083,1.3125499999999999,1.31083,1.31172,7886
1605240000,1.31172,1.31287,1.31083,1.31249,10236
1605254400,1.31249,1.3174299999999999,1.31208,1.3171599999999999,15002
1605268800,1.31715,1.3185799999999999,1.31517,1.3165200000000001,16853
1605283200,1.31654,1.31913,1.3149600000000001,1.31868,17481
1605297600,1.31868,1.31997,1.3173,1.31975,6658
1605484800,1.31757,1.3223,1.31695,1.32184,7575
1605499200,1.32186,1.32327,1.32151,1.32155,8429
1605513600,1.32157,1.32416,1.31668,1.3171599999999999,12968
1605528000,1.31712,1.32166,1.31646,1.31791,19692
1605542400,1.31792,1.32036,1.31661,1.31961,17047
1605556800,1.31962,1.31996,1.31848,1.31993,7557
1605571200,1.31856,1.32329,1.31851,1.3211,11554
1605585600,1.32111,1.32274,1.32063,1.3214000000000001,9683
1605600000,1.32141,1.32363,1.3192300000000001,1.32244,14546
1605614400,1.32243,1.3271600000000001,1.32193,1.32635,17022
1605628800,1.3263099999999999,1.32651,1.32393,1.32406,16712
1605643200,1.32406,1.3259,1.32385,1.3247499999999999,7378
1605657600,1.32424,1.32623,1.32413,1.32465,8262
1605672000,1.32463,1.32695,1.32455,1.3266,8716
1605686400,1.32659,1.3296700000000001,1.32556,1.3291,15482
1605700800,1.32911,1.3293,1.32617,1.32738,16835
1605715200,1.32737,1.33114,1.3268499999999999,1.32882,15026
1605729600,1.3288,1.32897,1.32641,1.3266,8858
1605744000,1.3268499999999999,1.32702,1.32246,1.32362,9411
1605758400,1.32362,1.32443,1.32232,1.32345,11678
1605772800,1.32344,1.32486,1.3204,1.32088,18652
1605787200,1.3209,1.32636,1.32049,1.32276,18880
1605801600,1.32278,1.32393,1.31949,1.32346,16631
1605816000,1.32345,1.32785,1.32322,1.32611,7925
1605830400,1.326,1.32622,1.3242,1.3258,7050
1605844800,1.32579,1.32828,1.32518,1.3277999999999999,10481
1605859200,1.3277700000000001,1.32917,1.32481,1.32752,17213
1605873600,1.3275000000000001,1.32864,1.32564,1.32691,17154
1605888000,1.3269,1.32957,1.3268900000000001,1.3277,13857
1605902400,1.32768,1.32965,1.32598,1.32853,6594
1606089600,1.32892,1.33261,1.3276,1.3324799999999999,6574
1606104000,1.3324799999999999,1.33259,1.3311899999999999,1.33258,4490
1606118400,1.33259,1.33804,1.33108,1.33644,14554
1606132800,1.33643,1.33969,1.33497,1.33894,16348
1606147200,1.33894,1.33941,1.3263,1.3311,20240
1606161600,1.3311,1.33311,1.33059,1.3321399999999999,8975
1606176000,1.33164,1.33369,1.33142,1.33266,7923
1606190400,1.33267,1.3336000000000001,1.33212,1.33347,11280
1606204800,1.33345,1.3379699999999999,1.3330899999999999,1.3362,15298
1606219200,1.33621,1.33679,1.33067,1.331,18225
1606233600,1.33104,1.3360400000000001,1.32921,1.33422,18590
1606248000,1.3342399999999999,1.3364,1.33393,1.3361,8542
1606262400,1.3351,1.33655,1.3351,1.33567,7429
1606276800,1.33566,1.33657,1.33432,1.33442,12090
1606291200,1.33441,1.33836,1.3329900000000001,1.33426,18254
1606305600,1.33425,1.3358400000000001,1.33034,1.3338,17516
1606320000,1.33379,1.33927,1.33262,1.33799,17746
1606334400,1.33799,1.33923,1.33721,1.33843,8895
1606348800,1.3376299999999999,1.33967,1.33712,1.33936,7014
1606363200,1.33937,1.33941,1.3382800000000001,1.33875,7482
1606377600,1.33875,1.33965,1.33533,1.33605,13325
1606392000,1.3360400000000001,1.33637,1.33324,1.33348,13584
1606406400,1.33347,1.33625,1.3321,1.33535,11980
1606420800,1.33535,1.33596,1.33454,1.33521,3104
1606435200,1.33515,1.33593,1.33416,1.33581,6230
1606449600,1.33582,1.33744,1.3354,1.33734,7462
1606464000,1.33734,1.33811,1.33526,1.33574,13145
1606478400,1.33574,1.33592,1.33101,1.33465,15937
1606492800,1.33466,1.33623,1.32922,1.33161,18024
1606507200,1.33161,1.33169,1.32853,1.33006,11462
1606694400,1.33262,1.33395,1.33012,1.33392,7554
1606708800,1.33393,1.33432,1.3333,1.33399,8234
1606723200,1.33399,1.33566,1.33042,1.33257,14982
1606737600,1.33255,1.33677,1.33166,1.33628,18481
1606752000,1.33626,1.33837,1.33162,1.33525,24360
1606766400,1.33525,1.33594,1.3316,1.33198,9821
1606780800,1.3319,1.33476,1.33189,1.33444,5822
1606795200,1.33446,1.33657,1.33442,1.33656,8416
1606809600,1.33655,1.3406799999999999,1.33497,1.33544,14945
1606824000,1.33536,1.3364,1.33148,1.33506,17061
1606838400,1.33507,1.34416,1.33313,1.34178,22332
1606852800,1.34177,1.34294,1.34093,1.3422,11682
1606867200,1.34195,1.34305,1.34061,1.34088,8058
1606881600,1.34087,1.34247,1.34084,1.34123,8821
1606896000,1.34124,1.3440400000000001,1.33372,1.33441,19299
1606910400,1.33441,1.3364500000000001,1.32914,1.33041,17529
1606924800,1.33041,1.3363800000000001,1.32864,1.33513,20635
1606939200,1.33511,1.33738,1.33465,1.3363,10289
1606953600,1.33549,1.33768,1.33523,1.33656,8656
1606968000,1.33651,1.33894,1.3364,1.3388,7780
1606982400,1.33879,1.34128,1.33808,1.34009,14801
1606996800,1.34008,1.3465,1.33989,1.34637,18008
1607011200,1.34636,1.34992,1.3449200000000001,1.34847,18628
1607025600,1.34847,1.34867,1.34313,1.3452,10123
1607040000,1.34422,1.34667,1.34422,1.34516,7403
1607054400,1.34516,1.34546,1.3442,1.34487,7021
1607068800,1.34487,1.34936,1.34086,1.34809,16471
1607083200,1.34813,1.3505099999999999,1.3434300000000001,1.3502,18415
1607097600,1.35015,1.3538700000000001,1.34609,1.34722,20788
1607112000,1.34722,1.34931,1.3418999999999999,1.34308,10787
1607299200,1.34073,1.3431,1.34048,1.34294,8946
1607313600,1.34293,1.34368,1.34159,1.3416000000000001,6045
1607328000,1.34161,1.34174,1.32232,1.3266,16690
1607342400,1.3266,1.33224,1.32474,1.3320699999999999,15677
1607356800,1.33206,1.33722,1.32881,1.3363,17207
1607371200,1.3363,1.34051,1.32868,1.33776,12099
1607385600,1.33715,1.33757,1.33422,1.33562,10030
1607400000,1.33563,1.33613,1.33426,1.33566,9219
1607414400,1.33567,1.33663,1.3322,1.33493,15088
1607428800,1.33493,1.33918,1.32884,1.33484,19296
1607443200,1.3348499999999999,1.33764,1.32944,1.33605,20992
1607457600,1.33606,1.3371,1.33391,1.33552,7844
1607472000,1.33513,1.33802,1.33457,1.33679,6012
1607486400,1.33676,1.3379699999999999,1.33639,1.33751,6266
1607500800,1.3375,1.34485,1.3361,1.34455,13125
1607515200,1.34454,1.34772,1.34372,1.3458999999999999,14882
1607529600,1.34591,1.34596,1.3354300000000001,1.33705,20378
1607544000,1.3370600000000001,1.34062,1.3360400000000001,1.34044,10542
1607558400,1.33905,1.3409499999999999,1.3314300000000001,1.33674,9946
1607572800,1.3367499999999999,1.33752,1.3357700000000001,1.33615,9076
1607587200,1.33615,1.33627,1.32905,1.33163,13606
1607601600,1.33161,1.33295,1.32447,1.32828,18011
1607616000,1.32828,1.33196,1.32632,1.33093,22407
1607630400,1.3309199999999999,1.33095,1.3263,1.32858,12122
1607644800,1.32896,1.33149,1.32858,1.33054,7547
1607659200,1.33053,1.33233,1.33034,1.33125,7337
1607673600,1.3312599999999999,1.33234,1.31829,1.32184,14577
1607688000,1.32183,1.32301,1.31334,1.31798,17074
1607702400,1.3179699999999999,1.32535,1.31747,1.32249,17584
1607716800,1.32249,1.32329,1.32101,1.32212,7734
1607904000,1.33465,1.33483,1.32891,1.3317700000000001,10711
1607918400,1.3317700000000001,1.33372,1.33077,1.33226,8176
1607932800,1.33225,1.34094,1.33222,1.34084,13217
1607947200,1.34084,1.34448,1.3392,1.34022,15417
1607961600,1.34015,1.34045,1.3308900000000001,1.33334,18522
1607976000,1.3333599999999999,1.33376,1.33192,1.33286,9246
1607990400,1.33192,1.33446,1.33178,1.33377,11195
1608004800,1.33377,1.3347,1.33234,1.3344,8062
1608019200,1.33439,1.3347,1.32793,1.33171,13257
1608033600,1.33174,1.33959,1.33025,1.33865,17858
1608048000,1.33866,1.34516,1.33582,1.3429,20806
1608062400,1.34281,1.34689,1.34006,1.34634,13304
1608076800,1.34534,1.34604,1.34336,1.34386,9112
1608091200,1.34385,1.34698,1.34384,1.3462100000000001,9851
1608105600,1.3462100000000001,1.35193,1.34475,1.35157,15645
1608120000,1.35157,1.3553600000000001,1.34978,1.35251,15578
1608134400,1.35251,1.35284,1.34596,1.347,15343
1608148800,1.34703,1.35122,1.3449900000000001,1.3507500000000001,14321
1608163200,1.34985,1.35274,1.34918,1.35259,7049
1608177600,1.35259,1.35595,1.35206,1.35593,8194
1608192000,1.35593,1.35853,1.35515,1.35843,13324
1608206400,1.35845,1.3622,1.3576,1.35911,15719
1608220800,1.35917,1.36236,1.35585,1.36072,18532
1608235200,1.36071,1.36201,1.3544100000000001,1.35837,11671
1608249600,1.35789,1.35852,1.35506,1.3554599999999999,7945
1608264000,1.35548,1.3555,1.3519,1.3523800000000001,7806
1608278400,1.3523800000000001,1.35568,1.34881,1.34924,13372
1608292800,1.34925,1.3547799999999999,1.34914,1.35132,15644
1608307200,1.3513,1.35244,1.34705,1.35056,16752
1608321600,1.35056,1.35355,1.34835,1.3523399999999999,7931
1608508800,1.34067,1.34409,1.33616,1.33738,8703
1608523200,1.33737,1.33777,1.33348,1.33649,8752
1608537600,1.33651,1.33651,1.32129,1.32182,18012
1608552000,1.3219,1.33236,1.31869,1.33145,24347
1608566400,1.33148,1.33651,1.32886,1.33556,19073
1608580800,1.33555,1.3498999999999999,1.33552,1.34628,15875
1608595200,1.34595,1.34691,1.34025,1.34084,7025
1608609600,1.34084,1.34235,1.33788,1.33873,8693
1608624000,1.33873,1.34511,1.33829,1.34097,17985
1608638400,1.34101,1.34478,1.33601,1.3404,15861
1608652800,1.34039,1.34127,1.3303,1.33561,21748
1608667200,1.3356,1.33769,1.33372,1.33619,9078
1608681600,1.3357299999999999,1.34008,1.3351,1.33865,7315
1608696000,1.33862,1.34114,1.3384800000000001,1.34017,10885
1608710400,1.34015,1.34435,1.34005,1.34173,12996
1608724800,1.34177,1.3474599999999999,1.3400699999999999,1.34637,14211
1608739200,1.34639,1.35698,1.34546,1.34821,23417
1608753600,1.3482,1.35157,1.34696,1.34972,9695
1608768000,1.34876,1.3548200000000001,1.34876,1.35323,6286
1608782400,1.35323,1.35619,1.3532,1.35555,10675
1608796800,1.35552,1.36055,1.3541,1.35968,10555
1608811200,1.35969,1.3618299999999999,1.35525,1.3589,9728
1608825600,1.35876,1.36141,1.35219,1.35469,10561
1609113600,1.35435,1.35746,1.35287,1.35455,6374
1609128000,1.35455,1.35728,1.35452,1.3571900000000001,5249
1609142400,1.3571900000000001,1.35741,1.35432,1.35526,10723
1609156800,1.35526,1.35531,1.34729,1.35102,13954
1609171200,1.35103,1.35348,1.34281,1.34509,15862
1609185600,1.34508,1.34608,1.34353,1.34574,8044
1609200000,1.34444,1.3484,1.34405,1.34782,9538
1609214400,1.34782,1.34944,1.34674,1.34856,12318
1609228800,1.34854,1.35219,1.34671,1.34713,12896
1609243200,1.34722,1.35126,1.34721,1.3502100000000001,13971
1609257600,1.35019,1.35208,1.34723,1.34882,17214
1609272000,1.34883,1.35094,1.34798,1.34979,10123
1609286400,1.3498299999999999,1.35402,1.34906,1.35381,11125
1609300800,1.3538299999999999,1.35564,1.35272,1.35437,12012
1609315200,1.35436,1.35791,1.3526799999999999,1.35764,15887
1609329600,1.35768,1.3614600000000001,1.35712,1.35992,14301
1609344000,1.35993,1.36175,1.35716,1.35977,18224
1609358400,1.35976,1.3625099999999999,1.35976,1.36231,7969
1609372800,1.36111,1.36478,1.36026,1.3643,9061
1609387200,1.3643100000000001,1.36486,1.36032,1.3624100000000001,12337
1609401600,1.3624,1.36691,1.36237,1.3657599999999999,16725
1609416000,1.36575,1.36853,1.36279,1.36496,14977
1609430400,1.36496,1.36778,1.36295,1.36498,19299
1609444800,1.36498,1.36534,1.36491,1.36528,109
1609718400,1.36477,1.3689,1.36406,1.36817,11434
1609732800,1.36817,1.3697599999999999,1.36669,1.3682400000000001,12351
1609747200,1.36828,1.37022,1.36636,1.36719,17228
1609761600,1.3672,1.37029,1.36128,1.3625099999999999,17735
1609776000,1.36247,1.3631,1.35407,1.35654,23018
1609790400,1.35654,1.35782,1.35506,1.35694,14053
1609804800,1.35649,1.35777,1.35606,1.35684,11055
1609819200,1.3568500000000001,1.36016,1.3566500000000001,1.35964,14346
1609833600,1.35964,1.36115,1.35533,1.3571900000000001,16723
1609848000,1.35718,1.36067,1.35579,1.35662,15701
1609862400,1.3566799999999999,1.36414,1.3562699999999999,1.3632,21273
1609876800,1.36322,1.36341,1.36125,1.36259,9581
1609891200,1.36166,1.36457,1.35982,1.3605800000000001,13531
1609905600,1.3606,1.36198,1.35907,1.36147,18460
1609920000,1.36151,1.366,1.36087,1.36435,18192
1609934400,1.36433,1.36701,1.35637,1.35637,18705
1609948800,1.35625,1.36062,1.35378,1.3604,25710
1609963200,1.3604,1.36258,1.35953,1.3605800000000001,17319
1609977600,1.36047,1.36323,1.35976,1.36192,9286
1609992000,1.36191,1.36199,1.35714,1.35835,9543
1610006400,1.35835,1.36259,1.35637,1.35934,16928
1610020800,1.35934,1.36123,1.35557,1.35882,17574
1610035200,1.35866,1.36029,1.35316,1.35474,23085
1610049600,1.3547500000000001,1.35767,1.3547500000000001,1.35635,11374
1610064000,1.35593,1.35712,1.35372,1.35523,8336
1610078400,1.35523,1.35697,1.35456,1.35594,10967
1610092800,1.35593,1.36014,1.35567,1.3599700000000001,17667
1610107200,1.35996,1.36254,1.35737,1.3618700000000001,18940
1610121600,1.36186,1.36349,1.35465,1.35784,27968
1610136000,1.35784,1.35786,1.35422,1.3554599999999999,13875
1610323200,1.35611,1.35676,1.3504399999999999,1.35083,8689
1610337600,1.35084,1.3515,1.34908,1.34998,10931
1610352000,1.34998,1.3515,1.34815,1.3491900000000001,16604
1610366400,1.34918,1.35016,1.34573,1.34639,18183
1610380800,1.3464,1.35296,1.34496,1.35247,23556
1610395200,1.35247,1.35341,1.35032,1.35052,8149
1610409600,1.35067,1.35294,1.35033,1.35222,9005
1610424000,1.35219,1.3544100000000001,1.3514599999999999,1.3542399999999999,10415
1610438400,1.35425,1.3605800000000001,1.35372,1.36018,18225
1610452800,1.36017,1.36045,1.35748,1.35862,16039
1610467200,1.35859,1.3636300000000001,1.35796,1.36234,19192
1610481600,1.36234,1.36692,1.36203,1.36639,9585
1610496000,1.36577,1.36821,1.36541,1.36782,6684
1610510400,1.36781,1.3691900000000001,1.36741,1.36767,10928
1610524800,1.3676599999999999,1.37002,1.36609,1.36887,15566
1610539200,1.3688500000000001,1.36929,1.36523,1.36811,17049
1610553600,1.36811,1.36817,1.36108,1.36386,20140
1610568000,1.36386,1.3651499999999999,1.3625,1.3635,7627
1610582400,1.3633199999999999,1.36545,1.36315,1.36493,8737
1610596800,1.36493,1.36504,1.36154,1.36382,11390
1610611200,1.36381,1.36794,1.36272,1.36514,16874
1610625600,1.36511,1.36615,1.36198,1.36261,17314
1610640000,1.36258,1.3709799999999999,1.36225,1.36882,18902
1610654400,1.36883,1.37006,1.36687,1.36838,11135
1610668800,1.36823,1.36969,1.3679999999999999,1.36821,9412
1610683200,1.36821,1.3691200000000001,1.36662,1.36734,13941
1610697600,1.36734,1.36794,1.36365,1.36394,16841
1610712000,1.3639299999999999,1.36601,1.36046,1.36049,18242
1610726400,1.36049,1.36148,1.35715,1.36047,19891
1610740800,1.36047,1.36047,1.35748,1.35803,6311
1610928000,1.35895,1.35982,1.35651,1.35846,8634
1610942400,1.35846,1.35887,1.35585,1.35708,12314
1610956800,1.35708,1.35724,1.35187,1.35282,14119
1610971200,1.35283,1.3556599999999999,1.35253,1.3554599999999999,13622
1610985600,1.35547,1.3587,1.35439,1.35803,9280
1611000000,1.35804,1.35867,1.35767,1.3584100000000001,5812
1611014400,1.35829,1.36094,1.35727,1.36023,9308
1611028800,1.36023,1.36138,1.3597299999999999,1.36077,11978
1611043200,1.36077,1.3611900000000001,1.35835,1.36067,15378
1611057600,1.36068,1.36263,1.36032,1.36148,14575
1611072000,1.36151,1.36279,1.36035,1.3624399999999999,15309
1611086400,1.36245,1.3636,1.36185,1.3635,7513
1611100800,1.36294,1.36498,1.36222,1.36425,7881
1611115200,1.36426,1.36568,1.36422,1.36539,9771
1611129600,1.36537,1.36978,1.36517,1.36898,16463
1611144000,1.36901,1.37177,1.36585,1.36718,17404
1611158400,1.36719,1.36796,1.36225,1.36412,16604
1611172800,1.36412,1.36596,1.36349,1.36588,7369
1611187200,1.36542,1.36809,1.36452,1.3672,7221
1611201600,1.3672,1.36938,1.36691,1.36934,7274
1611216000,1.36935,1.3745,1.36906,1.37327,16525
1611230400,1.37327,1.37358,1.37074,1.37107,17538
1611244800,1.3710499999999999,1.37394,1.37046,1.37094,17160
1611259200,1.37093,1.37377,1.37025,1.3733,9191
1611273600,1.37299,1.37355,1.37137,1.3715899999999999,6950
1611288000,1.3716,1.37207,1.37032,1.37058,9468
1611302400,1.37058,1.3706,1.36505,1.36666,13778
1611316800,1.36667,1.36762,1.36352,1.3646099999999999,13776
1611331200,1.3646099999999999,1.36839,1.36405,1.36784,14485
1611345600,1.36784,1.3692199999999999,1.36725,1.36798,5973
1611532800,1.3679700000000001,1.36902,1.36715,1.3681,8801
1611547200,1.3681,1.37145,1.3681,1.3713899999999999,9102
1611561600,1.3714,1.37228,1.36653,1.36723,14458
1611576000,1.36724,1.36984,1.36669,1.36818,12740
1611590400,1.36818,1.36901,1.36477,1.3669,18933
1611604800,1.36692,1.36765,1.36585,1.36744,7057
1611619200,1.36704,1.36784,1.36568,1.3674,5331
1611633600,1.36741,1.3676,1.36452,1.3652199999999999,7374
1611648000,1.36523,1.3664,1.36086,1.36577,13617
1611662400,1.36579,1.37134,1.36435,1.37072,14408
1611676800,1.37072,1.37435,1.37052,1.37307,14706
1611691200,1.37306,1.37406,1.37269,1.37336,6458
1611705600,1.3731200000000001,1.37508,1.37287,1.37318,7486
1611720000,1.37317,1.3743699999999999,1.37219,1.3742,9229
1611734400,1.37421,1.37579,1.37199,1.3734,13609
1611748800,1.37339,1.37439,1.36805,1.3694,15273
1611763200,1.36941,1.37125,1.36582,1.37117,22859
1611777600,1.37118,1.37297,1.36721,1.36886,17228
1611792000,1.36817,1.36913,1.36499,1.36769,10496
1611806400,1.36767,1.36799,1.36604,1.36786,11413
1611820800,1.36785,1.36785,1.36292,1.36493,15737
1611835200,1.3649200000000001,1.36835,1.36368,1.36815,18389
1611849600,1.36814,1.3733,1.36804,1.3725,21725
1611864000,1.37252,1.37451,1.37181,1.3721,11752
1611878400,1.37154,1.37305,1.37061,1.3713600000000001,8333
1611892800,1.37137,1.37164,1.36947,1.3703,13917
1611907200,1.3703,1.37181,1.36563,1.36661,16492
1611921600,1.36659,1.37488,1.36563,1.37384,19205
1611936000,1.37385,1.37507,1.36994,1.37051,21651
1611950400,1.37052,1.3719700000000001,1.3691499999999999,1.3693,13565
1612137600,1.3703400000000001,1.3727800000000001,1.36931,1.37201,8750
1612152000,1.3719999999999999,1.37523,1.37199,1.37455,11900
1612166400,1.37456,1.37569,1.37137,1.37286,15066
1612180800,1.37287,1.37289,1.36746,1.36773,14664
1612195200,1.3678,1.3696,1.36555,1.36749,17601
1612209600,1.36749,1.36862,1.36559,1.3661699999999999,10829
1612224000,1.366,1.36938,1.36564,1.3692,7368
1612238400,1.36921,1.36971,1.36792,1.3686,9474
1612252800,1.3686,1.37096,1.367,1.3686,12791
1612267200,1.36865,1.36929,1.36491,1.36606,15725
1612281600,1.3660700000000001,1.36615,1.36104,1.36459,17172
1612296000,1.36459,1.36691,1.3643399999999999,1.36665,11133
1612310400,1.36609,1.3679299999999999,1.36547,1.3678,6598
1612324800,1.36781,1.3682699999999999,1.36585,1.36609,9062
1612339200,1.3660999999999999,1.36775,1.3636599999999999,1.36368,14590
1612353600,1.3637299999999999,1.36528,1.36184,1.36474,12951
1612368000,1.36468,1.36681,1.36364,1.36567,15849
1612382400,1.36569,1.36579,1.3631199999999999,1.36413,8818
1612396800,1.36369,1.3651900000000001,1.36342,1.36362,10554
1612411200,1.36364,1.36465,1.35948,1.36042,9759
1612425600,1.36041,1.36105,1.35716,1.35835,14131
1612440000,1.35833,1.36974,1.35642,1.36802,19008
1612454400,1.36802,1.36868,1.3652,1.36594,15133
1612468800,1.36594,1.36765,1.36501,1.36689,6216
1612483200,1.36593,1.36887,1.3654899999999999,1.36815,8262
1612497600,1.36815,1.36852,1.36648,1.36807,7735
1612512000,1.36808,1.37114,1.36744,1.36894,11069
1612526400,1.36894,1.37182,1.3671,1.3704100000000001,14866
1612540800,1.37035,1.37392,1.36994,1.37325,16272
1612555200,1.37326,1.37382,1.37206,1.37329,5273
1612742400,1.37148,1.37402,1.37145,1.37317,10460
1612756800,1.37316,1.37344,1.3721999999999999,1.37284,4689
1612771200,1.37284,1.37404,1.37016,1.37058,8716
1612785600,1.37058,1.37108,1.36792,1.3694,11869
1612800000,1.3694,1.37485,1.36925,1.3740700000000001,14875
1612814400,1.37406,1.3743699999999999,1.37301,1.37406,6439
1612828800,1.37337,1.37591,1.3731200000000001,1.3756599999999999,6446
1612843200,1.37567,1.37833,1.37531,1.37822,8355
1612857600,1.37821,1.37883,1.37614,1.37802,13198
1612872000,1.37801,1.3788,1.37603,1.37827,12980
1612886400,1.37833,1.37975,1.37711,1.37969,15506
1612900800,1.37968,1.38191,1.3789799999999999,1.38119,7242
1612915200,1.3807800000000001,1.38166,1.3801700000000001,1.38145,5719
1612929600,1.3814600000000001,1.38267,1.38136,1.38196,4318
1612944000,1.38196,1.38552,1.38094,1.38337,11949
1612958400,1.38338,1.3851,1.38275,1.38476,12326
1612972800,1.38476,1.38653,1.38369,1.38506,19263
1612987200,1.3851200000000001,1.38524,1.3827,1.38333,6367
1613001600,1.38249,1.38353,1.38189,1.38283,4502
1613016000,1.3828,1.38511,1.3826,1.38457,4830
1613030400,1.38458,1.38583,1.38127,1.38341,7992
1613044800,1.38342,1.38442,1.38185,1.38354,8382
1613059200,1.38357,1.3836300000000001,1.37995,1.38103,15135
1613073600,1.38104,1.38187,1.38023,1.38151,8228
1613088000,1.3811,1.38172,1.38003,1.38011,4644
1613102400,1.38011,1.38011,1.37852,1.37995,4893
1613116800,1.37998,1.3806,1.37752,1.37874,9610
1613131200,1.37874,1.38098,1.37789,1.37989,9664
1613145600,1.37991,1.38604,1.3794,1.3858,15189
1613160000,1.38581,1.38618,1.38448,1.38534,5746
1613347200,1.38495,1.38894,1.3847800000000001,1.3888099999999999,9142
1613361600,1.38879,1.39017,1.38832,1.38993,5511
1613376000,1.38992,1.39133,1.3883,1.38975,8313
1613390400,1.38974,1.3912200000000001,1.38927,1.38962,8390
1613404800,1.38962,1.39181,1.38953,1.39105,7623
1613419200,1.39105,1.3914,1.38936,1.38962,3458
1613433600,1.3904,1.39447,1.3896600000000001,1.39387,5936
1613448000,1.39387,1.39506,1.39249,1.39329,8067
1613462400,1.3933,1.39411,1.39072,1.39288,10614
1613476800,1.39293,1.39397,1.38796,1.38842,13414
1613491200,1.38843,1.3933499999999999,1.38684,1.39124,19645
1613505600,1.39124,1.39199,1.3899599999999999,1.39006,6771
1613520000,1.38994,1.39069,1.38608,1.38739,6811
1613534400,1.3874,1.38979,1.38723,1.38902,10892
1613548800,1.38903,1.39029,1.3869500000000001,1.38835,12590
1613563200,1.38835,1.38855,1.38437,1.3847,12934
1613577600,1.3847,1.38629,1.38288,1.38554,18475
1613592000,1.38553,1.38652,1.3851499999999999,1.3863699999999999,4579
1613606400,1.38534,1.38764,1.38493,1.38625,4522
1613620800,1.38624,1.38643,1.38459,1.38521,6541
1613635200,1.38519,1.39267,1.38389,1.39241,10293
1613649600,1.39241,1.39851,1.39208,1.39765,13221
1613664000,1.39767,1.39791,1.39259,1.39626,16946
1613678400,1.39627,1.39798,1.39606,1.39719,5666
1613692800,1.39664,1.39747,1.39596,1.39615,5066
1613707200,1.39615,1.39746,1.39506,1.39713,5014
1613721600,1.39713,1.4007399999999999,1.39664,1.39886,10635
1613736000,1.39887,1.4035199999999999,1.39798,1.40292,11702
1613750400,1.4029099999999999,1.40294,1.40069,1.40224,13634
1613764800,1.40224,1.40224,1.40003,1.40024,6711
1613952000,1.40125,1.40512,1.40053,1.40328,11170
1613966400,1.40328,1.40329,1.4010500000000001,1.4016199999999999,8002
1613980800,1.40163,1.40248,1.3979599999999999,1.40127,11800
1613995200,1.40127,1.40455,1.40125,1.40455,10417
1614009600,1.40455,1.40854,1.40225,1.40816,15513
1614024000,1.40815,1.40852,1.40571,1.40609,5314
1614038400,1.40587,1.40824,1.4056199999999999,1.4080599999999999,5704
1614052800,1.40805,1.40834,1.40665,1.4081299999999999,3571
1614067200,1.40814,1.40972,1.40584,1.40884,9664
1614081600,1.40883,1.40955,1.40616,1.40737,11577
1614096000,1.40737,1.41162,1.40533,1.40909,19684
1614110400,1.40912,1.41157,1.40899,1.4114,7995
1614124800,1.40976,1.42407,1.40975,1.41767,8419
1614139200,1.41767,1.41797,1.41494,1.41626,11466
1614153600,1.41626,1.4206699999999999,1.41554,1.41614,12173
1614168000,1.41614,1.41635,1.40915,1.40968,12008
1614182400,1.4096600000000001,1.41284,1.40812,1.41005,18296
1614196800,1.41004,1.4144999999999999,1.40964,1.41387,7263
1614211200,1.41349,1.41496,1.41253,1.4126400000000001,7777
1614225600,1.41265,1.4169,1.41262,1.41617,8957
1614240000,1.41618,1.41751,1.41209,1.41742,14447
1614254400,1.41743,1.41743,1.41257,1.41417,18005
1614268800,1.4142000000000001,1.41812,1.40539,1.40636,22332
1614283200,1.40635,1.40665,1.39991,1.40073,18917
1614297600,1.40056,1.4025,1.39492,1.39961,13083
1614312000,1.3996,1.40209,1.39408,1.39492,11995
1614326400,1.3949,1.39604,1.3900000000000001,1.39423,17482
1614340800,1.39422,1.3967,1.38873,1.39563,21668
1614355200,1.39564,1.39865,1.3912200000000001,1.39441,27825
1614369600,1.3944,1.39569,1.39157,1.3916,11324
1614556800,1.39279,1.3998,1.39279,1.39844,11413
1614571200,1.39843,1.39947,1.39629,1.3982999999999999,7841
1614585600,1.39821,1.39977,1.39264,1.3945400000000001,12454
1614600000,1.39451,1.39774,1.39033,1.3936600000000001,12898
1614614400,1.39368,1.39605,1.39107,1.3918,18105
1614628800,1.39181,1.39313,1.3902999999999999,1.39233,9469
1614643200,1.39202,1.39311,1.39009,1.3905699999999999,7388
1614657600,1.39055,1.3911,1.38652,1.38809,11654
1614672000,1.38809,1.3901,1.3858,1.38656,13434
1614686400,1.38653,1.39279,1.38582,1.39102,13617
1614700800,1.39101,1.39695,1.39089,1.39669,18257
1614715200,1.39669,1.39761,1.39537,1.3954900000000001,7143
1614729600,1.39529,1.39651,1.39482,1.39601,5681
1614744000,1.396,1.39651,1.39482,1.39511,6737
1614758400,1.39511,1.40054,1.39362,1.39809,12048
1614772800,1.39809,1.39873,1.39413,1.39697,13889
1614787200,1.39696,1.39908,1.39199,1.39703,24174
1614801600,1.39703,1.39836,1.3946,1.39463,12092
1614816000,1.39493,1.39545,1.39199,1.39408,7812
1614830400,1.39409,1.396,1.3931,1.39543,10386
1614844800,1.39543,1.39675,1.39153,1.39282,14666
1614859200,1.3928,1.39717,1.39198,1.3961299999999999,15110
1614873600,1.39611,1.40163,1.39209,1.3924699999999999,27901
1614888000,1.39224,1.39374,1.3879299999999999,1.38917,20283
1614902400,1.38906,1.38974,1.3866399999999999,1.38805,11647
1614916800,1.38807,1.3905699999999999,1.38711,1.3885100000000001,9604
1614931200,1.3885100000000001,1.38893,1.38111,1.3819,14333
1614945600,1.38189,1.3837,1.3777599999999999,1.38245,17719
1614960000,1.38246,1.3869,1.37936,1.3823699999999999,30148
1614974400,1.3823699999999999,1.38531,1.38204,1.38293,11132
1615161600,1.38071,1.38643,1.38071,1.38494,12158
1615176000,1.38495,1.38526,1.38079,1.38337,11146
1615190400,1.3833199999999999,1.3845399999999999,1.37992,1.3830200000000001,13942
1615204800,1.3830200000000001,1.38555,1.38133,1.3848500000000001,17365
1615219200,1.38484,1.3853900000000001,1.38022,1.38374,22814
1615233600,1.38375,1.3846,1.3814,1.3820299999999999,11397
1615248000,1.3820000000000001,1.38263,1.38007,1.38064,8178
1615262400,1.38064,1.38499,1.38062,1.3838,12276
1615276800,1.38382,1.38995,1.38262,1.38951,15157
1615291200,1.38952,1.38962,1.38588,1.38863,16919
1615305600,1.38863,1.39246,1.38798,1.3889,19585
1615320000,1.38891,1.39041,1.38837,1.38866,8878
1615334400,1.3885399999999999,1.38961,1.38673,1.38692,7416
1615348800,1.38694,1.38711,1.38468,1.38571,9822
1615363200,1.3856899999999999,1.39092,1.3844699999999999,1.39079,11499
1615377600,1.39078,1.39135,1.3853900000000001,1.39056,14642
1615392000,1.3906,1.39338,1.3879299999999999,1.39042,20383
1615406400,1.39045,1.39372,1.38952,1.39351,11719
1615420800,1.3926,1.39351,1.39179,1.39255,7677
1615435200,1.39256,1.39406,1.39249,1.39383,10654
1615449600,1.39384,1.3957600000000001,1.39242,1.3949099999999999,11311
1615464000,1.3949099999999999,1.39768,1.3945,1.3964699999999999,13353
1615478400,1.39649,1.39805,1.39385,1.39689,17603
1615492800,1.39689,1.39948,1.3967100000000001,1.39916,7704
1615507200,1.39826,1.40039,1.39754,1.39937,5992
1615521600,1.39938,1.39939,1.39695,1.39743,7524
1615536000,1.3974,1.39758,1.39058,1.39117,13586
1615550400,1.39115,1.39327,1.38781,1.3884699999999999,13987
1615564800,1.38855,1.39345,1.38626,1.3921299999999999,18263
1615579200,1.39211,1.39316,1.39133,1.39151,7838
1615766400,1.39164,1.3948800000000001,1.39161,1.39355,9007
1615780800,1.39354,1.3940299999999999,1.39029,1.39067,12219
1615795200,1.39067,1.39466,1.38948,1.39333,12463
1615809600,1.39331,1.39352,1.3903699999999999,1.3907,13072
1615824000,1.39069,1.39118,1.38521,1.38922,14248
1615838400,1.38921,1.39029,1.38836,1.38999,5085
1615852800,1.38998,1.39022,1.38815,1.38835,6820
1615867200,1.38834,1.38846,1.38616,1.38711,9854
1615881600,1.38712,1.38717,1.3807800000000001,1.38272,11698
1615896000,1.3827099999999999,1.38938,1.3823699999999999,1.3878,15097
1615910400,1.38784,1.39053,1.38684,1.3891499999999999,15748
1615924800,1.3891499999999999,1.3902999999999999,1.38848,1.38914,6215
1615939200,1.38901,1.39043,1.38775,1.38853,7002
1615953600,1.38853,1.3897300000000001,1.38794,1.38808,8604
1615968000,1.38808,1.39287,1.3877,1.38992,10231
1615982400,1.38992,1.3923,1.38858,1.38984,12055
1615996800,1.38984,1.39097,1.38499,1.3855,13745
1616011200,1.38553,1.39704,1.38553,1.39557,15425
1616025600,1.39581,1.39771,1.3946399999999999,1.39517,7671
1616040000,1.39516,1.39593,1.3933900000000001,1.39561,9386
1616054400,1.39561,1.40006,1.39442,1.396,16180
1616068800,1.39601,1.39931,1.38984,1.39013,17589
1616083200,1.39012,1.39517,1.38965,1.39492,15835
1616097600,1.39493,1.39499,1.39141,1.3925,9072
1616112000,1.3926,1.39325,1.38914,1.39136,5448
1616126400,1.39134,1.3925,1.38999,1.39151,8313
1616140800,1.3915,1.39584,1.39056,1.39225,11283
1616155200,1.39225,1.39365,1.38328,1.38399,15571
1616169600,1.38397,1.38811,1.38296,1.38806,15041
1616184000,1.38807,1.38855,1.38559,1.38596,4973
1616371200,1.38358,1.38457,1.38167,1.38256,5269
1616385600,1.38256,1.3860999999999999,1.3825,1.3854,6195
1616400000,1.3854,1.38735,1.3835600000000001,1.38536,10735
1616414400,1.38535,1.38761,1.3820299999999999,1.38272,10167
1616428800,1.38272,1.38707,1.38219,1.38642,10616
1616443200,1.38641,1.38686,1.3854199999999999,1.3857300000000001,3774
1616457600,1.38581,1.38633,1.38384,1.3844,4730
1616472000,1.3844,1.3850500000000001,1.3824,1.383,6119
1616486400,1.383,1.38521,1.37669,1.37754,11674
1616500800,1.37752,1.38012,1.37506,1.37755,13873
1616515200,1.37754,1.37998,1.37554,1.37587,13334
1616529600,1.37587,1.37663,1.37399,1.37512,6557
1616544000,1.37477,1.3756300000000001,1.37229,1.3733,5306
1616558400,1.3733,1.3734600000000001,1.37006,1.3707500000000001,5181
1616572800,1.3707500000000001,1.37309,1.36734,1.37297,12185
1616587200,1.37298,1.37325,1.36971,1.37082,11707
1616601600,1.3707799999999999,1.37324,1.3695300000000001,1.37115,12346
1616616000,1.37116,1.3712,1.36788,1.36848,5760
1616630400,1.36868,1.36965,1.36781,1.36821,4993
1616644800,1.36823,1.37072,1.36813,1.3695300000000001,6292
1616659200,1.36955,1.37036,1.36694,1.37009,9043
1616673600,1.3700700000000001,1.373,1.36913,1.37165,13897
1616688000,1.3716599999999999,1.37426,1.3705,1.37369,16096
1616702400,1.3737,1.37446,1.37233,1.37338,6477
1616716800,1.37358,1.37646,1.3732199999999999,1.37612,4012
1616731200,1.37613,1.37684,1.37528,1.37653,4713
1616745600,1.37652,1.37907,1.37413,1.3790499999999999,8786
1616760000,1.3790499999999999,1.3798599999999999,1.37503,1.3793,10752
1616774400,1.3792900000000001,1.38117,1.37828,1.37924,12100
1616788800,1.37924,1.37957,1.37751,1.37899,5869
1616976000,1.37892,1.3795899999999999,1.377,1.37735,3066
1616990400,1.37735,1.3789,1.37648,1.3771900000000001,4807
1617004800,1.37721,1.38365,1.37558,1.3808799999999999,10340
1617019200,1.38087,1.38463,1.38067,1.38219,10881
1617033600,1.3822,1.3837,1.37638,1.37771,15793
1617048000,1.3777300000000001,1.3780999999999999,1.37545,1.376,6299
1617062400,1.376,1.3775,1.37568,1.3767800000000001,2653
1617076800,1.3768099999999999,1.37804,1.3759000000000001,1.37802,5006
1617091200,1.37804,1.37825,1.37412,1.3771900000000001,9483
1617105600,1.37718,1.3778299999999999,1.37292,1.37382,11893
1617120000,1.37382,1.37541,1.37053,1.37176,14753
1617134400,1.37175,1.37402,1.37127,1.37387,5741
1617148800,1.37326,1.3750200000000001,1.37277,1.3742,3695
1617163200,1.37419,1.37449,1.37174,1.37255,5116
1617177600,1.37255,1.37826,1.37154,1.3782,10395
1617192000,1.37816,1.3794,1.37534,1.37668,11240
1617206400,1.37669,1.3811,1.37584,1.3799299999999999,15815
1617220800,1.37992,1.38077,1.37758,1.37825,7041
1617235200,1.3779,1.3789,1.37708,1.37876,4312
1617249600,1.37877,1.37897,1.37644,1.37663,6831
1617264000,1.37663,1.3795,1.37451,1.37751,13531
1617278400,1.37751,1.37949,1.37575,1.3790499999999999,12404
1617292800,1.37906,1.38358,1.37901,1.3817599999999999,15303
1617307200,1.3817599999999999,1.38353,1.3817,1.38326,4555
1617321600,1.38277,1.38443,1.3827,1.38408,2403
1617336000,1.38406,1.38492,1.38328,1.38446,2569
1617350400,1.3844400000000001,1.38514,1.38319,1.38344,3420
1617364800,1.38343,1.38416,1.38093,1.38326,4639
1617379200,1.38326,1.38326,1.38098,1.38202,8282
1617393600,1.3820299999999999,1.38335,1.38123,1.38273,8853
1617580800,1.38225,1.38348,1.38136,1.38281,2844
1617595200,1.38281,1.3841700000000001,1.38257,1.3826399999999999,2783
1617609600,1.38263,1.38677,1.38121,1.38608,4035
1617624000,1.38613,1.38794,1.38526,1.38758,4195
1617638400,1.3875899999999999,1.39128,1.38726,1.39014,6032
1617652800,1.39014,1.39066,1.38984,1.39041,2975
1617667200,1.38932,1.39148,1.38932,1.39024,2371
1617681600,1.39024,1.39074,1.38889,1.39052,3795
1617696000,1.39049,1.39177,1.3838,1.38532,8989
1617710400,1.38533,1.38579,1.3817,1.38391,9431
1617724800,1.38392,1.38655,1.38187,1.38209,10789
1617739200,1.38208,1.38335,1.38012,1.38223,7036
1617753600,1.38188,1.38341,1.38172,1.38327,4060
1617768000,1.38327,1.3839000000000001,1.38189,1.3829500000000001,6610
1617782400,1.38296,1.3831,1.37714,1.38299,13011
1617796800,1.383,1.38371,1.37551,1.37606,12023
1617811200,1.37606,1.37934,1.37275,1.37413,15175
1617825600,1.37413,1.37484,1.37235,1.37372,6340
1617840000,1.37317,1.37435,1.3728799999999999,1.3739,3526
1617854400,1.37389,1.37621,1.37316,1.37582,5116
1617868800,1.37583,1.37816,1.37176,1.37255,8401
1617883200,1.37249,1.37728,1.37243,1.37662,10340
1617897600,1.37672,1.37695,1.3721700000000001,1.37392,13679
1617912000,1.37392,1.37456,1.3727,1.37321,6772
1617926400,1.3729,1.3749,1.3721,1.37474,3843
1617940800,1.3747500000000001,1.37497,1.3728099999999999,1.37324,5271
1617955200,1.37323,1.37338,1.36688,1.37116,9189
1617969600,1.37111,1.37273,1.36952,1.37164,9686
1617984000,1.37165,1.3744,1.37117,1.37256,13394
1617998400,1.37256,1.37317,1.36995,1.37019,4274
1618185600,1.3704100000000001,1.3713199999999999,1.36944,1.37083,3807
1618200000,1.37083,1.37085,1.3679999999999999,1.36809,9005
1618214400,1.3681,1.37465,1.36681,1.37397,10672
1618228800,1.37401,1.37758,1.37327,1.37659,8963
1618243200,1.37661,1.3767800000000001,1.37302,1.37421,9092
1618257600,1.37421,1.3746399999999999,1.37338,1.37431,4962
1618272000,1.37366,1.37549,1.3731499999999999,1.37416,2815
1618286400,1.37415,1.3743400000000001,1.37249,1.37259,5274
1618300800,1.37259,1.3765399999999999,1.37248,1.3754,9277
1618315200,1.37541,1.3768099999999999,1.37103,1.37292,12262
1618329600,1.37287,1.37542,1.36933,1.37364,13073
1618344000,1.37365,1.37572,1.37364,1.37503,6332
1618358400,1.37473,1.37618,1.37463,1.37509,3721
1618372800,1.37511,1.37781,1.37488,1.37684,6158
1618387200,1.3768500000000001,1.3808,1.37645,1.37943,9437
1618401600,1.37943,1.3796300000000001,1.37501,1.3753199999999999,8808
1618416000,1.37533,1.37984,1.3752499999999999,1.37954,11229
1618430400,1.37954,1.37961,1.37736,1.3774899999999999,4672
1618444800,1.37714,1.37912,1.37705,1.37899,3533
1618459200,1.3789799999999999,1.37937,1.37637,1.37655,5878
1618473600,1.37655,1.37978,1.37641,1.37772,8656
1618488000,1.3777300000000001,1.38082,1.37607,1.3784399999999999,9374
1618502400,1.37846,1.37945,1.37708,1.3786,13318
1618516800,1.37858,1.37936,1.37726,1.37794,6554
1618531200,1.37769,1.3786399999999999,1.37647,1.37675,3804
1618545600,1.37671,1.37703,1.37514,1.37649,6690
1618560000,1.37649,1.37676,1.37151,1.37555,9726
1618574400,1.37555,1.3815,1.37514,1.38026,12171
1618588800,1.38026,1.3827099999999999,1.37897,1.38249,9793
1618603200,1.38246,1.38421,1.38244,1.3838300000000001,3970
1618790400,1.3829799999999999,1.38344,1.38135,1.38148,4175
1618804800,1.3815,1.38568,1.38086,1.38502,8019
1618819200,1.38501,1.38889,1.38384,1.3876,12417
1618833600,1.38761,1.3968,1.38672,1.39629,13600
1618848000,1.39631,1.3992,1.3942,1.39853,13337
1618862400,1.3985400000000001,1.39902,1.3980000000000001,1.3985,4727
1618876800,1.39848,1.39936,1.39757,1.39848,3487
1618891200,1.39847,1.4007399999999999,1.39746,1.40025,8547
1618905600,1.40024,1.40082,1.39805,1.39807,10183
1618920000,1.39808,1.39897,1.3948800000000001,1.39569,9638
1618934400,1.39568,1.39724,1.39327,1.39389,10898
1618948800,1.39388,1.39435,1.39254,1.39387,5129
1618963200,1.39293,1.39468,1.39288,1.39349,4167
1618977600,1.39352,1.39487,1.39157,1.39196,8058
1618992000,1.39195,1.39466,1.39092,1.3928099999999999,10097
1619006400,1.39283,1.39398,1.3903699999999999,1.39105,7993
1619020800,1.39105,1.39421,1.38846,1.39286,11283
1619035200,1.39288,1.3937300000000001,1.39222,1.39273,4834
1619049600,1.39221,1.39386,1.39219,1.39359,3665
1619064000,1.39358,1.39485,1.39261,1.39275,6322
1619078400,1.39275,1.39453,1.38959,1.3898,8809
1619092800,1.38982,1.3918,1.38583,1.38682,10145
1619107200,1.38682,1.38748,1.38257,1.38423,12970
1619121600,1.38423,1.3845399999999999,1.38227,1.3839000000000001,8525
1619136000,1.3832,1.38458,1.38304,1.3845399999999999,3496
1619150400,1.38453,1.38653,1.38421,1.38628,7032
1619164800,1.38629,1.38899,1.38519,1.38743,8832
1619179200,1.38745,1.38947,1.38636,1.38836,8248
1619193600,1.38838,1.38882,1.38347,1.38553,10583
1619208000,1.38554,1.38893,1.3853,1.3879000000000001,5450
1619395200,1.38689,1.38922,1.3863400000000001,1.38871,2791
1619409600,1.38864,1.39066,1.38863,1.39015,5066
1619424000,1.39017,1.39285,1.38899,1.3903699999999999,8976
1619438400,1.39036,1.39256,1.3866100000000001,1.3868,10391
1619452800,1.38679,1.39036,1.3865,1.38864,10789
1619467200,1.38863,1.39074,1.3884699999999999,1.39008,5055
1619481600,1.38907,1.39012,1.3887,1.38913,3569
1619496000,1.38914,1.38938,1.38737,1.3888,5823
1619510400,1.3888,1.39004,1.38577,1.38589,7544
1619524800,1.3859,1.3917,1.38578,1.39032,9929
1619539200,1.39041,1.39232,1.38855,1.39051,11267
1619553600,1.39051,1.3914,1.38995,1.39075,3692
1619568000,1.39078,1.39093,1.38865,1.38868,3996
1619582400,1.38869,1.38909,1.38727,1.38737,5729
1619596800,1.38737,1.38911,1.38615,1.38803,8423
1619611200,1.38802,1.38963,1.38604,1.38673,9411
1619625600,1.38673,1.39226,1.38663,1.39138,11360
1619640000,1.39139,1.3949799999999999,1.38885,1.39421,11823
1619654400,1.39325,1.3968099999999999,1.3927399999999999,1.39634,3457
1619668800,1.39633,1.39758,1.39387,1.39499,5068
1619683200,1.39501,1.39688,1.39326,1.39409,9259
1619697600,1.39409,1.39655,1.39311,1.39612,10449
1619712000,1.39611,1.3964699999999999,1.39367,1.39414,15007
1619726400,1.39415,1.39505,1.39336,1.39389,6098
1619740800,1.39346,1.39534,1.39313,1.3952499999999999,3409
1619755200,1.39524,1.39574,1.39414,1.39443,3651
1619769600,1.39443,1.39459,1.39035,1.39065,8389
1619784000,1.3906399999999999,1.39226,1.38715,1.38777,9408
1619798400,1.38779,1.38867,1.38063,1.38288,16875
1619812800,1.38288,1.38301,1.38019,1.38104,6313
1620000000,1.38105,1.3833,1.38062,1.38324,1957
1620014400,1.38324,1.38348,1.38156,1.38197,3234
1620028800,1.38196,1.38572,1.37999,1.38554,7753
1620043200,1.38554,1.3893900000000001,1.38439,1.38773,7969
1620057600,1.38775,1.39309,1.38767,1.39062,11121
1620072000,1.39063,1.39139,1.39039,1.39069,5157
1620086400,1.39038,1.39112,1.38919,1.38998,2861
1620100800,1.3900000000000001,1.39007,1.38705,1.38737,3683
1620115200,1.38737,1.38913,1.38503,1.38687,9304
1620129600,1.38687,1.38901,1.38376,1.38497,11270
1620144000,1.38497,1.38951,1.38428,1.38869,17217
1620158400,1.38869,1.3896600000000001,1.38822,1.38842,7873
1620172800,1.38805,1.38992,1.38805,1.3897599999999999,2804
1620187200,1.38979,1.39137,1.3894199999999999,1.39083,3369
1620201600,1.39083,1.39134,1.38834,1.38926,9213
1620216000,1.38925,1.39256,1.38753,1.39054,8671
1620230400,1.39054,1.39204,1.38897,1.39015,10222
1620244800,1.39013,1.39119,1.38975,1.39081,6027
1620259200,1.38963,1.39128,1.38933,1.38988,2888
1620273600,1.38986,1.39101,1.3884400000000001,1.38974,7531
1620288000,1.3896899999999999,1.39126,1.38963,1.38993,8998
1620302400,1.38993,1.39398,1.3856,1.38918,12888
1620316800,1.38917,1.39106,1.3862,1.38856,12407
1620331200,1.38856,1.38986,1.38834,1.38916,5480
1620345600,1.38884,1.38995,1.38837,1.3896,2339
1620360000,1.3896,1.39111,1.38891,1.39078,5236
1620374400,1.39077,1.3928,1.3893900000000001,1.39238,7953
1620388800,1.3924,1.39713,1.38901,1.39533,11539
1620403200,1.39535,1.39995,1.39175,1.39812,17318
1620417600,1.39811,1.40048,1.39795,1.39875,6746
1620604800,1.40025,1.40433,1.39944,1.40273,4578
1620619200,1.40274,1.40365,1.4013900000000001,1.40247,4665
1620633600,1.40247,1.40957,1.40247,1.40892,11969
1620648000,1.40889,1.4157600000000001,1.40798,1.41467,10436
1620662400,1.41463,1.41544,1.41064,1.41417,14133
1620676800,1.41417,1.41524,1.4116,1.4117600000000001,8988
1620691200,1.4114499999999999,1.41336,1.41119,1.41157,3675
1620705600,1.41157,1.41317,1.41122,1.41244,6472
1620720000,1.41246,1.41425,1.41032,1.41397,10280
1620734400,1.41397,1.41573,1.4120300000000001,1.41506,11249
1620748800,1.41507,1.41662,1.41154,1.4163999999999999,17406
1620763200,1.4163999999999999,1.4165,1.41367,1.4139,7968
1620777600,1.41382,1.41463,1.41211,1.41252,4427
1620792000,1.41256,1.4127,1.41064,1.41137,5526
1620806400,1.41136,1.41486,1.41136,1.41405,9459
1620820800,1.41405,1.41456,1.40793,1.41329,12789
1620835200,1.4133,1.41523,1.40551,1.40565,22914
1620849600,1.40564,1.40672,1.40491,1.4053499999999999,12142
1620864000,1.40507,1.40701,1.40496,1.4064,3025
1620878400,1.40641,1.40771,1.4057,1.40652,6888
1620892800,1.40653,1.40705,1.40218,1.40293,11698
1620907200,1.40294,1.40517,1.40048,1.4031500000000001,11798
1620921600,1.40314,1.40617,1.40241,1.40359,14867
1620936000,1.4036,1.40545,1.40151,1.40482,9553
1620950400,1.40432,1.40526,1.4035,1.40451,3136
1620964800,1.40452,1.4051,1.40354,1.40431,6050
1620979200,1.4043,1.40755,1.4038,1.4065699999999999,9937
1620993600,1.4065699999999999,1.40951,1.4053200000000001,1.40886,11058
1621008000,1.40889,1.411,1.40771,1.4096,13305
1621022400,1.40958,1.41031,1.40846,1.40921,5225
1621209600,1.40991,1.41034,1.4083999999999999,1.40859,2942
1621224000,1.40859,1.4092500000000001,1.40772,1.40831,6479
1621238400,1.40832,1.41184,1.4079,1.41055,9533
1621252800,1.41055,1.41156,1.40764,1.40888,11346
1621267200,1.40889,1.41391,1.40872,1.41383,13526
1621281600,1.41381,1.41459,1.41342,1.41372,4999
1621296000,1.41288,1.41574,1.41288,1.415,3152
1621310400,1.41501,1.41773,1.4148800000000001,1.417,6125
1621324800,1.4170099999999999,1.42139,1.41636,1.42106,9899
1621339200,1.42104,1.42192,1.41822,1.42019,11054
1621353600,1.42019,1.42145,1.41802,1.41914,15052
1621368000,1.4191500000000001,1.4196900000000001,1.4182000000000001,1.41868,6919
1621382400,1.41834,1.41997,1.418,1.41925,2947
1621396800,1.41926,1.41948,1.4178600000000001,1.41868,8121
1621411200,1.41868,1.4199899999999999,1.4166699999999999,1.41814,11358
1621425600,1.41817,1.41868,1.41409,1.41498,12440
1621440000,1.41498,1.41797,1.41293,1.41573,18591
1621454400,1.4157199999999999,1.41659,1.40991,1.41053,15351
1621468800,1.41093,1.41204,1.4102999999999999,1.41204,3527
1621483200,1.41201,1.41204,1.41001,1.41153,7043
1621497600,1.41153,1.41407,1.41038,1.4110800000000001,9797
1621512000,1.41107,1.4135900000000001,1.41015,1.41317,10598
1621526400,1.41318,1.41828,1.41265,1.41791,14831
1621540800,1.41791,1.41917,1.41715,1.41867,6502
1621555200,1.4187,1.41931,1.41747,1.4179599999999999,9553
1621569600,1.41797,1.41833,1.41684,1.41801,5157
1621584000,1.418,1.42044,1.41673,1.42044,10225
1621598400,1.42045,1.42329,1.41846,1.42011,11762
1621612800,1.42012,1.42057,1.41397,1.41445,14967
1621627200,1.41445,1.41594,1.41424,1.41462,4809
1621814400,1.41476,1.41561,1.41364,1.41405,3380
1621828800,1.41407,1.41496,1.4135499999999999,1.41476,5957
1621843200,1.41476,1.41709,1.41105,1.41374,10967
1621857600,1.41377,1.41453,1.4118,1.41434,13366
1621872000,1.41433,1.41672,1.41342,1.41562,12192
1621886400,1.41559,1.4160300000000001,1.41467,1.41553,5401
1621900800,1.4151,1.4166400000000001,1.41461,1.41659,3897
1621915200,1.4166,1.41844,1.4163999999999999,1.41794,8848
1621929600,1.41795,1.421,1.41684,1.4184999999999999,12678
1621944000,1.4184999999999999,1.41933,1.41346,1.41403,11251
1621958400,1.41404,1.41434,1.41148,1.41397,12966
1621972800,1.4139599999999999,1.41604,1.41375,1.41452,6277
1621987200,1.41477,1.4153,1.4139300000000001,1.4148800000000001,3820
1622001600,1.4148800000000001,1.41689,1.41403,1.41677,7808
1622016000,1.41678,1.41709,1.41322,1.41558,9788
1622030400,1.41556,1.41753,1.41415,1.41439,10907
1622044800,1.41435,1.41587,1.41155,1.4120599999999999,12888
1622059200,1.4120599999999999,1.41276,1.41114,1.4114900000000001,5998
1622073600,1.41131,1.41244,1.40968,1.4104700000000001,3594
1622088000,1.4104999999999999,1.41185,1.40906,1.41124,8100
1622102400,1.41125,1.41387,1.4099599999999999,1.41151,11481
1622116800,1.4115199999999999,1.41826,1.41131,1.41562,14080
1622131200,1.41563,1.41954,1.41525,1.41768,14616
1622145600,1.41769,1.42185,1.4176199999999999,1.41984,7840
1622160000,1.41991,1.42074,1.41882,1.41893,3779
1622174400,1.41893,1.41986,1.41814,1.4194499999999999,6733
1622188800,1.41946,1.42048,1.41724,1.41983,12639
1622203200,1.41982,1.41992,1.41387,1.4141,15552
1622217600,1.41415,1.41986,1.41353,1.41959,18460
1622232000,1.41958,1.41991,1.4182299999999999,1.4184700000000001,8448
1622419200,1.41818,1.41923,1.41723,1.41806,2245
1622433600,1.4181,1.41997,1.41775,1.41939,5384
1622448000,1.4194,1.4196900000000001,1.41629,1.41705,9121
1622462400,1.41705,1.41852,1.41636,1.41805,8881
1622476800,1.41805,1.4217,1.41655,1.42046,10102
1622491200,1.42046,1.4212500000000001,1.41982,1.4212500000000001,3549
1622505600,1.42045,1.42283,1.42032,1.42266,2195
1622520000,1.42267,1.4249399999999999,1.42259,1.42324,8278
1622534400,1.42322,1.42424,1.41756,1.41888,12346
1622548800,1.41887,1.4194,1.41544,1.41586,11729
1622563200,1.41586,1.4191500000000001,1.41566,1.41602,18083
1622577600,1.4160300000000001,1.41621,1.41453,1.41462,6962
1622592000,1.41465,1.41617,1.41443,1.4157199999999999,3396
1622606400,1.41571,1.41631,1.41468,1.41474,4969
1622620800,1.41474,1.4157600000000001,1.41241,1.4135499999999999,12285
1622635200,1.4135499999999999,1.41714,1.41109,1.41662,12845
1622649600,1.4166400000000001,1.41824,1.41534,1.41736,13286
1622664000,1.41737,1.41792,1.41622,1.41684,7504
1622678400,1.41661,1.41785,1.41644,1.41771,1928
1622692800,1.41771,1.41777,1.4160300000000001,1.4161299999999999,3698
1622707200,1.4161299999999999,1.41868,1.41426,1.41775,11770
1622721600,1.41775,1.4202,1.41506,1.41559,17008
1622736000,1.4156,1.4157899999999999,1.40911,1.40982,19509
1622750400,1.40983,1.41074,1.40851,1.41049,6966
1622764800,1.40967,1.41113,1.4094,1.41035,2983
1622779200,1.41036,1.41097,1.40894,1.40938,6753
1622793600,1.40938,1.41309,1.40819,1.41263,11941
1622808000,1.41263,1.4184999999999999,1.41146,1.41779,15438
1622822400,1.41779,1.41996,1.4160300000000001,1.41625,15563
1622836800,1.41625,1.41662,1.41527,1.41553,5216
1623024000,1.41533,1.41695,1.41456,1.4160300000000001,3140
1623038400,1.4160300000000001,1.41608,1.41379,1.41455,7428
1623052800,1.41455,1.41461,1.41105,1.41409,10463
1623067200,1.41408,1.41798,1.41252,1.41744,10463
1623081600,1.41743,1.41842,1.41616,1.4179300000000001,12863
1623096000,1.41794,1.41903,1.41744,1.41745,4843
1623110400,1.41772,1.41836,1.41652,1.41696,2542
1623124800,1.41695,1.4176,1.41553,1.41563,6280
1623139200,1.41563,1.41643,1.41277,1.41414,10368
1623153600,1.41414,1.41565,1.41304,1.41437,12616
1623168000,1.41436,1.4157899999999999,1.41201,1.41471,13448
1623182400,1.41472,1.41636,1.4145400000000001,1.4151500000000001,5225
1623196800,1.4152,1.41591,1.41403,1.41587,2177
1623211200,1.41586,1.41675,1.4150800000000001,1.41512,3819
1623225600,1.41512,1.4188100000000001,1.41502,1.4184700000000001,8047
1623240000,1.41848,1.41856,1.41307,1.4133499999999999,8775
1623254400,1.41336,1.41589,1.41112,1.41129,10475
1623268800,1.41128,1.41184,1.4109099999999999,1.41125,3840
1623283200,1.41124,1.41154,1.4109099999999999,1.41097,1775
1623297600,1.41096,1.41239,1.41039,1.41069,3281
1623312000,1.41069,1.41157,1.40721,1.40873,10068
1623326400,1.40872,1.41499,1.40818,1.41475,16457
1623340800,1.41478,1.41709,1.41193,1.41646,18518
1623355200,1.41647,1.41773,1.41617,1.4175499999999999,6398
1623369600,1.4157600000000001,1.41775,1.41571,1.41704,3200
1623384000,1.41705,1.41836,1.41675,1.4181,3988
1623398400,1.41807,1.41845,1.4151500000000001,1.41552,10240
1623412800,1.41554,1.41648,1.4138899999999999,1.4139599999999999,12516
1623427200,1.4139599999999999,1.41489,1.41019,1.41046,13208
1623441600,1.41046,1.4117899999999999,1.40948,1.41083,4504
1623628800,1.4102299999999999,1.4118,1.40968,1.41072,2658
1623643200,1.41072,1.41175,1.41043,1.41121,4293
1623657600,1.41123,1.41157,1.40692,1.40827,10079
1623672000,1.40828,1.41174,1.4078,1.41083,10481
1623686400,1.41083,1.41231,1.41064,1.41117,11038
1623700800,1.41117,1.41143,1.41029,1.41037,5101
1623715200,1.4104700000000001,1.41159,1.40972,1.41107,2997
1623729600,1.41107,1.4114499999999999,1.40983,1.4113,5933
1623744000,1.41129,1.4128,1.4085,1.4086,9358
1623758400,1.40856,1.4087100000000001,1.40335,1.40675,10169
1623772800,1.40674,1.40938,1.40659,1.40775,11305
1623787200,1.4077600000000001,1.40849,1.40754,1.40807,6046
1623801600,1.40777,1.40852,1.40766,1.40775,2469
1623816000,1.40775,1.40888,1.40755,1.4086699999999999,5278
1623830400,1.40866,1.41224,1.40836,1.41029,9986
1623844800,1.41028,1.41319,1.4098,1.41105,9038
1623859200,1.41105,1.41198,1.40982,1.41017,10592
1623873600,1.41018,1.41043,1.39814,1.39826,21330
1623888000,1.39916,1.39951,1.3970099999999999,1.39749,6064
1623902400,1.39749,1.40025,1.39745,1.3998,6783
1623916800,1.3997899999999999,1.4008,1.39651,1.39758,13720
1623931200,1.39759,1.39832,1.39219,1.39267,14604
1623945600,1.39267,1.3961700000000001,1.3895,1.38953,18021
1623960000,1.38952,1.39345,1.3895,1.39188,9837
1623974400,1.39105,1.39414,1.3909099999999999,1.39328,3913
1623988800,1.39328,1.3943699999999999,1.39089,1.39096,6249
1624003200,1.39096,1.39117,1.3854,1.38788,13914
1624017600,1.38781,1.39096,1.38471,1.38482,15073
1624032000,1.38482,1.38609,1.37944,1.38178,21779
1624046400,1.38175,1.38323,1.37909,1.37967,9022
1624233600,1.37988,1.38281,1.3792900000000001,1.3827099999999999,5078
1624248000,1.3827,1.38283,1.37854,1.37999,11662
1624262400,1.38,1.38445,1.3790499999999999,1.38404,15301
1624276800,1.38403,1.38868,1.38375,1.38734,14349
1624291200,1.38735,1.3931200000000001,1.38706,1.3927100000000001,15497
1624305600,1.39272,1.39362,1.39231,1.39331,8144
1624320000,1.39321,1.39361,1.39075,1.3912499999999999,3042
1624334400,1.39124,1.39196,1.39001,1.3909500000000001,5501
1624348800,1.39096,1.39101,1.38655,1.38665,11894
1624363200,1.38666,1.39078,1.38595,1.38836,12066
1624377600,1.38836,1.3941,1.3879000000000001,1.39385,14487
1624392000,1.39383,1.39629,1.39352,1.39449,8518
1624406400,1.3948,1.39554,1.39246,1.3939300000000001,4466
1624420800,1.39394,1.39422,1.3923,1.39303,7429
1624435200,1.39303,1.39867,1.39235,1.39689,14185
1624449600,1.39689,1.3992499999999999,1.39523,1.3980299999999999,12765
1624464000,1.39801,1.40007,1.39572,1.39624,13226
1624478400,1.39623,1.3970799999999999,1.39509,1.39591,5917
1624492800,1.39591,1.39679,1.39555,1.39618,3695
1624507200,1.3961700000000001,1.3966,1.39504,1.39591,7206
1624521600,1.39591,1.3985699999999999,1.39475,1.39695,11745
1624536000,1.39694,1.39813,1.38897,1.39266,14475
1624550400,1.39266,1.39292,1.38885,1.39153,13233
1624564800,1.3915199999999999,1.39383,1.39143,1.39181,7319
1624579200,1.39099,1.39233,1.3909099999999999,1.39153,3286
1624593600,1.39153,1.39345,1.39153,1.39224,5642
1624608000,1.39223,1.39314,1.3895,1.39105,9063
1624622400,1.39102,1.39153,1.38898,1.39033,11412
1624636800,1.39036,1.39302,1.38934,1.39011,11627
1624651200,1.3901,1.39021,1.38705,1.3875899999999999,4400
1624838400,1.38882,1.38956,1.3869799999999999,1.38902,2706
1624852800,1.38902,1.38922,1.38754,1.38901,5420
1624867200,1.38902,1.39387,1.38889,1.3924400000000001,9586
1624881600,1.39243,1.39277,1.38855,1.39008,9702
1624896000,1.39004,1.39258,1.38796,1.38823,10950
1624910400,1.38825,1.3887399999999999,1.3869799999999999,1.38782,3827
1624924800,1.38785,1.3881700000000001,1.38585,1.38625,2608
1624939200,1.38626,1.38704,1.38578,1.3863699999999999,6438
1624953600,1.3863699999999999,1.3878599999999999,1.38358,1.38358,8059
1624968000,1.38357,1.3864,1.38132,1.38228,11872
1624982400,1.38227,1.38514,1.38147,1.38405,11723
1624996800,1.38404,1.38526,1.3836300000000001,1.38409,4139
1625011200,1.38342,1.38538,1.38326,1.3852,2709
1625025600,1.38519,1.38597,1.38426,1.38483,5024
1625040000,1.38483,1.38554,1.38141,1.38338,9921
1625054400,1.38339,1.3872200000000001,1.38304,1.38422,11941
1625068800,1.38418,1.38443,1.37992,1.37996,13115
1625083200,1.37997,1.38372,1.37977,1.38317,6396
1625097600,1.3831,1.38371,1.38109,1.38111,3036
1625112000,1.3811200000000001,1.38215,1.38096,1.38167,4994
1625126400,1.38167,1.38337,1.37738,1.37792,10220
1625140800,1.37797,1.3817300000000001,1.37642,1.38099,12289
1625155200,1.38101,1.38197,1.37602,1.3765100000000001,14919
1625169600,1.3765100000000001,1.37704,1.37521,1.37608,5215
1625184000,1.37565,1.3771900000000001,1.37503,1.37598,3268
1625198400,1.37599,1.37757,1.3757,1.37702,6359
1625212800,1.37701,1.37729,1.37431,1.37542,9525
1625227200,1.37542,1.37862,1.37304,1.37794,13690
1625241600,1.37793,1.38043,1.37585,1.38034,16272
1625256000,1.38033,1.38436,1.3798300000000001,1.38288,5263
1625443200,1.38242,1.38355,1.3816,1.38218,2993
1625457600,1.38217,1.38287,1.38174,1.3823400000000001,4010
1625472000,1.3823400000000001,1.38568,1.38174,1.38495,7725
1625486400,1.38494,1.38611,1.38432,1.38448,7281
1625500800,1.3844699999999999,1.3858,1.3837,1.38559,6606
1625515200,1.38559,1.38564,1.38384,1.38389,3390
1625529600,1.38413,1.38597,1.38342,1.3856899999999999,2877
1625544000,1.3857,1.38879,1.38554,1.38798,9171
1625558400,1.38796,1.38978,1.38499,1.3854899999999999,12064
1625572800,1.38548,1.3874,1.38337,1.3860000000000001,10703
1625587200,1.38601,1.38626,1.37718,1.37781,20368
1625601600,1.37784,1.38071,1.37763,1.37945,5500
1625616000,1.37937,1.3804699999999999,1.37836,1.37961,4801
1625630400,1.3796300000000001,1.38052,1.37918,1.38009,8971
1625644800,1.38007,1.3814600000000001,1.37763,1.3778299999999999,11423
1625659200,1.3778299999999999,1.38408,1.37779,1.38209,10815
1625673600,1.38206,1.38228,1.3752900000000001,1.3795899999999999,17947
1625688000,1.3796,1.3816899999999999,1.37885,1.37942,14047
1625702400,1.3796300000000001,1.38039,1.37881,1.37888,2461
1625716800,1.37889,1.3793,1.37737,1.3785,7459
1625731200,1.3785,1.37937,1.37592,1.37849,17327
1625745600,1.3785,1.3793199999999999,1.37411,1.37602,17045
1625760000,1.37602,1.37962,1.37535,1.37717,19696
1625774400,1.37716,1.37916,1.37611,1.37888,9677
1625788800,1.37768,1.37937,1.37667,1.3786800000000001,3402
1625803200,1.3786800000000001,1.37877,1.37662,1.3774,11285
1625817600,1.3773900000000001,1.37916,1.37548,1.37766,15607
1625832000,1.37766,1.38404,1.37699,1.38392,14214
1625846400,1.38391,1.38757,1.38226,1.38577,14476
1625860800,1.38578,1.39001,1.38567,1.3899599999999999,8321
1626048000,1.38877,1.39011,1.38832,1.38999,4839
1626062400,1.38998,1.3909500000000001,1.38826,1.38907,9030
1626076800,1.38906,1.38932,1.38555,1.38592,11064
1626091200,1.38593,1.3872,1.3838,1.38455,11847
1626105600,1.3845399999999999,1.39043,1.3838599999999999,1.38803,12712
1626120000,1.38802,1.3884,1.38709,1.38773,5938
1626134400,1.38766,1.38944,1.38766,1.38916,3701
1626148800,1.38917,1.39044,1.38821,1.38925,7042
1626163200,1.38924,1.38926,1.38502,1.38599,8762
1626177600,1.38599,1.38615,1.37988,1.38059,10959
1626192000,1.3806,1.38555,1.38011,1.38409,15611
1626206400,1.38409,1.38409,1.38079,1.38094,8032
1626220800,1.38073,1.38189,1.38007,1.38055,4168
1626235200,1.38056,1.38235,1.38048,1.38197,8521
1626249600,1.38196,1.3860999999999999,1.38184,1.38452,10376
1626264000,1.38452,1.3891200000000001,1.3834,1.3884400000000001,12705
1626278400,1.38845,1.38911,1.38474,1.38527,15578
1626292800,1.38527,1.38665,1.38493,1.3860700000000001,6057
1626307200,1.38541,1.3862999999999999,1.38342,1.38399,3974
1626321600,1.38404,1.3841999999999999,1.38208,1.38349,6834
1626336000,1.38349,1.38658,1.38123,1.38438,10609
1626350400,1.38439,1.38982,1.3829099999999999,1.38439,15329
1626364800,1.38439,1.3866,1.38224,1.38247,15546
1626379200,1.38246,1.38272,1.3804,1.38244,7644
1626393600,1.38231,1.38346,1.38167,1.38304,3419
1626408000,1.38305,1.38397,1.3823400000000001,1.38362,7635
1626422400,1.38364,1.38612,1.37904,1.38583,10306
1626436800,1.38583,1.38584,1.3799000000000001,1.38076,11101
1626451200,1.38075,1.38212,1.37716,1.37772,13718
1626465600,1.37772,1.37842,1.37599,1.3761,5832
1626652800,1.37689,1.37702,1.37474,1.37492,3480
1626667200,1.37492,1.37605,1.37462,1.37545,7747
1626681600,1.37545,1.37604,1.37012,1.3711,12351
1626696000,1.37111,1.37446,1.36876,1.37026,17924
1626710400,1.37026,1.37242,1.36612,1.36689,22930
1626724800,1.36689,1.36794,1.36541,1.3673899999999999,10936
1626739200,1.3670200000000001,1.36779,1.36651,1.36685,2815
1626753600,1.36686,1.36884,1.36597,1.36696,7802
1626768000,1.36697,1.36713,1.36259,1.3664399999999999,14171
1626782400,1.3664,1.36761,1.35862,1.3593,13760
1626796800,1.35927,1.36306,1.3571,1.36287,16536
1626811200,1.36286,1.36321,1.36125,1.36276,6740
1626825600,1.36158,1.36412,1.36158,1.3633199999999999,4196
1626840000,1.3633199999999999,1.36342,1.3605800000000001,1.36135,4519
1626854400,1.36136,1.36335,1.3590200000000001,1.3627500000000001,10994
1626868800,1.36276,1.36378,1.35952,1.36352,11266
1626883200,1.36351,1.36982,1.36343,1.36974,12846
1626897600,1.36974,1.37222,1.36968,1.37115,5252
1626912000,1.3704399999999999,1.37151,1.3697,1.36978,2159
1626926400,1.36979,1.37185,1.36896,1.3715,4940
1626940800,1.3715,1.37571,1.37101,1.37309,10017
1626955200,1.37309,1.37794,1.37238,1.37677,13780
1626969600,1.37674,1.3786399999999999,1.37391,1.37652,16247
1626984000,1.37652,1.37777,1.37616,1.3766,5928
1626998400,1.3744,1.37792,1.3743,1.3773,2905
1627012800,1.37729,1.37751,1.37555,1.37567,4740
1627027200,1.37568,1.37653,1.37228,1.37304,12159
1627041600,1.37305,1.37672,1.37192,1.37663,12361
1627056000,1.37663,1.37718,1.37433,1.37578,13192
1627070400,1.37577,1.37622,1.3744399999999999,1.37445,3444
1627257600,1.37535,1.3762699999999999,1.37398,1.37461,4523
1627272000,1.37461,1.37551,1.3740299999999999,1.3753,7710
1627286400,1.3752900000000001,1.3772199999999999,1.3736,1.37669,12250
1627300800,1.37669,1.37994,1.37629,1.37779,10909
1627315200,1.3778000000000001,1.3832499999999999,1.37762,1.38266,12455
1627329600,1.38266,1.38287,1.38099,1.38153,4382
1627344000,1.38155,1.38307,1.38144,1.3823699999999999,2876
1627358400,1.3823699999999999,1.38286,1.38178,1.38269,5205
1627372800,1.3827,1.38281,1.37659,1.37786,13026
1627387200,1.37782,1.38231,1.37728,1.38225,10758
1627401600,1.38226,1.38913,1.38031,1.38838,14450
1627416000,1.38839,1.38933,1.3875,1.38771,5089
1627430400,1.38767,1.38889,1.3873199999999999,1.38755,2577
1627444800,1.38755,1.3889,1.38697,1.38697,4740
1627459200,1.38697,1.38944,1.38609,1.38936,9043
1627473600,1.38937,1.38937,1.38633,1.38676,10196
1627488000,1.38677,1.38886,1.38441,1.38837,11181
1627502400,1.38838,1.39102,1.3841700000000001,1.39033,14293
1627516800,1.39018,1.39074,1.3896899999999999,1.39035,2544
1627531200,1.39036,1.39306,1.39018,1.39279,4369
1627545600,1.39279,1.39693,1.3926,1.39577,8265
1627560000,1.39578,1.39721,1.39451,1.39532,8285
1627574400,1.39537,1.39811,1.39506,1.39635,10043
1627588800,1.39635,1.39697,1.3957600000000001,1.39591,4404
1627603200,1.3957600000000001,1.39703,1.39473,1.39479,4493
1627617600,1.3948,1.39558,1.39407,1.39475,5126
1627632000,1.39475,1.39785,1.3933499999999999,1.39759,6761
1627646400,1.39756,1.39826,1.39468,1.3948,10017
1627660800,1.3948,1.39594,1.38896,1.38982,13589
1627675200,1.38985,1.39109,1.38872,1.39049,5161
1627862400,1.38961,1.39035,1.38856,1.3899599999999999,3259
1627876800,1.38997,1.39026,1.38853,1.38981,5037
1627891200,1.3898,1.39317,1.38954,1.392,7633
1627905600,1.39202,1.39236,1.38835,1.38893,8251
1627920000,1.38891,1.39175,1.3874900000000001,1.3894199999999999,14193
1627934400,1.38943,1.38945,1.38781,1.3884400000000001,5157
1627948800,1.38801,1.39004,1.38703,1.3893499999999999,2377
1627963200,1.38936,1.3903400000000001,1.38859,1.38944,6504
1627977600,1.38945,1.3924,1.38875,1.39123,8070
1627992000,1.3912200000000001,1.3937599999999999,1.39059,1.39212,8314
1628006400,1.39212,1.39237,1.38816,1.39162,14125
1628020800,1.39163,1.39178,1.39069,1.3912200000000001,4265
1628035200,1.39123,1.3917,1.38994,1.3902,2329
1628049600,1.39021,1.39323,1.39021,1.39256,3662
1628064000,1.39256,1.3946100000000001,1.39174,1.39309,6898
1628078400,1.39309,1.39412,1.39176,1.39383,9089
1628092800,1.39383,1.39568,1.38926,1.3897,15080
1628107200,1.3897300000000001,1.39047,1.38848,1.38885,5065
1628121600,1.38882,1.38968,1.38839,1.38862,1901
1628136000,1.38865,1.38933,1.38767,1.38897,3854
1628150400,1.38896,1.39237,1.38712,1.39143,8528
1628164800,1.39143,1.39453,1.39007,1.39051,12724
1628179200,1.39045,1.3948,1.38984,1.39303,11197
1628193600,1.39302,1.39372,1.3924699999999999,1.3926,5418
1628208000,1.39256,1.39307,1.39157,1.39176,2064
1628222400,1.39181,1.39224,1.39142,1.392,3638
1628236800,1.392,1.39321,1.3909099999999999,1.39168,6832
1628251200,1.39169,1.39291,1.38913,1.39014,10415
1628265600,1.39013,1.39063,1.38604,1.38648,10869
1628280000,1.38648,1.38806,1.3864,1.38724,3376
1628467200,1.38716,1.38774,1.38541,1.38597,4094
1628481600,1.3860000000000001,1.3869799999999999,1.38551,1.38692,3503
1628496000,1.38692,1.38891,1.38494,1.3856600000000001,7040
1628510400,1.38565,1.38937,1.3854899999999999,1.38824,8596
1628524800,1.38823,1.38884,1.38402,1.38463,12799
1628539200,1.38462,1.38574,1.38443,1.38449,4269
1628553600,1.38445,1.38502,1.38399,1.38498,1707
1628568000,1.38498,1.3850799999999999,1.38351,1.38436,3715
1628582400,1.38437,1.38716,1.38394,1.38636,7101
1628596800,1.3863400000000001,1.3865,1.38504,1.38514,7457
1628611200,1.3851499999999999,1.38675,1.38266,1.38318,11172
1628625600,1.38317,1.38425,1.3830200000000001,1.38357,3206
1628640000,1.38349,1.38376,1.38184,1.38225,1708
1628654400,1.38224,1.38326,1.3819,1.38276,3358
1628668800,1.38277,1.3832499999999999,1.38062,1.38084,7545
1628683200,1.3808500000000001,1.3875199999999999,1.38016,1.38592,9281
1628697600,1.38593,1.3878599999999999,1.3846,1.3878300000000001,10736
1628712000,1.3878300000000001,1.38869,1.38628,1.38636,4286
1628726400,1.38633,1.3873199999999999,1.38613,1.38702,2189
1628740800,1.38701,1.38741,1.38632,1.38675,2757
1628755200,1.38675,1.38776,1.38544,1.38617,5945
1628769600,1.38618,1.38654,1.38361,1.3846,8513
1628784000,1.3846,1.38466,1.38155,1.38156,8978
1628798400,1.38155,1.38167,1.37939,1.38033,6033
1628812800,1.38034,1.38128,1.38009,1.38094,1499
1628827200,1.38095,1.38158,1.38028,1.38129,2214
1628841600,1.38128,1.3813900000000001,1.37897,1.37991,4304
1628856000,1.3799000000000001,1.3833,1.37908,1.3829,6047
1628870400,1.3829,1.387,1.3829,1.38658,9034
1628884800,1.38658,1.3874,1.3863400000000001,1.3867,3833
1629072000,1.38528,1.3871,1.38415,1.3856899999999999,2097
1629086400,1.3857,1.3866100000000001,1.38504,1.38551,2939
1629100800,1.3855,1.38674,1.38374,1.38596,6152
1629115200,1.38595,1.38773,1.38474,1.38643,7682
1629129600,1.38642,1.38715,1.3827099999999999,1.38448,12097
1629144000,1.38448,1.38448,1.38346,1.38398,2993
1629158400,1.38395,1.38438,1.3832900000000001,1.38342,1529
1629172800,1.38343,1.38357,1.38137,1.38179,3371
1629187200,1.3818,1.38294,1.37869,1.38086,8352
1629201600,1.3808500000000001,1.3811,1.3765800000000001,1.37724,9355
1629216000,1.3773,1.3775,1.3725100000000001,1.3725800000000001,10776
1629230400,1.37257,1.37401,1.37257,1.37367,3696
1629244800,1.37353,1.3742,1.3716,1.3740299999999999,1510
1629259200,1.37401,1.37582,1.3738000000000001,1.37416,3196
1629273600,1.37415,1.37621,1.373,1.37567,5236
1629288000,1.37564,1.37682,1.37466,1.37659,5819
1629302400,1.37659,1.37698,1.3744,1.37479,7167
1629316800,1.37478,1.37853,1.37461,1.37555,6466
1629331200,1.37539,1.37571,1.3731900000000001,1.37326,2486
1629345600,1.37327,1.37381,1.37107,1.37202,3387
1629360000,1.37203,1.37212,1.3673199999999999,1.36757,10633
1629374400,1.36758,1.36982,1.36645,1.3679999999999999,8593
1629388800,1.36799,1.36934,1.3651900000000001,1.36524,10516
1629403200,1.36523,1.36527,1.3631,1.36325,5689
1629417600,1.36319,1.3639999999999999,1.3626800000000001,1.36395,1684
1629432000,1.36394,1.36399,1.36171,1.36324,3920
1629446400,1.36323,1.36331,1.36084,1.36213,7877
1629460800,1.36212,1.36219,1.36042,1.36043,6826
1629475200,1.36043,1.36351,1.36011,1.36272,9134
1629489600,1.3627099999999999,1.36284,1.36178,1.36205,3334
1629676800,1.3614600000000001,1.3643399999999999,1.3608,1.36406,2644
1629691200,1.36406,1.36537,1.36389,1.36475,4127
1629705600,1.36474,1.36609,1.36313,1.36529,7787
1629720000,1.36528,1.36986,1.36509,1.3696,7090
1629734400,1.36959,1.37238,1.36846,1.37208,8875
1629748800,1.37209,1.3731,1.3719000000000001,1.37232,2502
1629763200,1.37196,1.37257,1.37052,1.37153,1573
1629777600,1.37153,1.3725100000000001,1.37097,1.37249,2225
1629792000,1.37249,1.37469,1.36926,1.37079,7432
1629806400,1.3707799999999999,1.37314,1.37031,1.37112,7538
1629820800,1.37114,1.37466,1.3707799999999999,1.37207,8390
1629835200,1.37207,1.37308,1.3719700000000001,1.37289,2480
1629849600,1.3728099999999999,1.37309,1.37168,1.37189,1355
1629864000,1.37188,1.37223,1.3713,1.37169,2723
1629878400,1.3717,1.37421,1.37058,1.3728500000000001,6172
1629892800,1.3728500000000001,1.3732199999999999,1.36959,1.37027,6074
1629907200,1.37026,1.37389,1.36988,1.37369,9185
1629921600,1.3737,1.37659,1.37341,1.3761999999999999,4296
1629936000,1.37613,1.3767,1.37457,1.3759700000000001,2454
1629950400,1.37596,1.37598,1.37485,1.37549,2633
1629964800,1.37549,1.37571,1.37303,1.37344,6462
1629979200,1.3734600000000001,1.37489,1.37171,1.37179,7665
1629993600,1.37178,1.37356,1.37015,1.3702,11202
1630008000,1.37021,1.37065,1.3688500000000001,1.36993,4439
1630022400,1.36982,1.37019,1.36787,1.36816,1921
1630036800,1.36815,1.37002,1.36794,1.37002,2754
1630051200,1.37002,1.3719999999999999,1.3693,1.37013,6496
1630065600,1.3701400000000001,1.3728500000000001,1.3694899999999999,1.37238,7267
1630080000,1.37238,1.3780000000000001,1.3700999999999999,1.37771,16499
1630094400,1.37771,1.37781,1.37539,1.37561,3672
1630281600,1.37517,1.37649,1.37488,1.3761999999999999,2595
1630296000,1.37619,1.37745,1.37573,1.37691,2978
1630310400,1.3769,1.37741,1.3749799999999999,1.37621,5435
1630324800,1.37621,1.37669,1.37388,1.374,6078
1630339200,1.37397,1.37631,1.37327,1.37545,6524
1630353600,1.37542,1.37666,1.37531,1.37553,2154
1630368000,1.37552,1.37649,1.37466,1.37619,2271
1630382400,1.3761999999999999,1.37812,1.37569,1.37786,3803
1630396800,1.37787,1.37999,1.37684,1.37684,8272
1630411200,1.3768500000000001,1.37912,1.37583,1.37832,10471
1630425600,1.37833,1.38067,1.37421,1.37508,15275
1630440000,1.37509,1.37589,1.37463,1.3752499999999999,4868
1630454400,1.37516,1.37575,1.37348,1.37363,1792
1630468800,1.37363,1.37405,1.37301,1.37345,2840
1630483200,1.3734600000000001,1.37644,1.37301,1.37552,8691
1630497600,1.37552,1.3789799999999999,1.37432,1.3786100000000001,9325
1630512000,1.37866,1.37974,1.37734,1.37831,11792
1630526400,1.37831,1.37833,1.37662,1.37671,4787
1630540800,1.37673,1.37763,1.37664,1.3773900000000001,2273
1630555200,1.3773900000000001,1.37796,1.37702,1.37702,2219
1630569600,1.37703,1.3790499999999999,1.37699,1.3785,7324
1630584000,1.37851,1.38006,1.37816,1.37857,7237
1630598400,1.37856,1.38355,1.37809,1.38314,9359
1630612800,1.38313,1.38389,1.38279,1.38347,3570
1630627200,1.38342,1.3844400000000001,1.38315,1.38433,1472
1630641600,1.38433,1.38445,1.3831,1.38314,2618
1630656000,1.38315,1.38404,1.3823699999999999,1.38342,5591
1630670400,1.38342,1.38663,1.3817,1.3849,10646
1630684800,1.38491,1.3874,1.3837,1.38736,11432
1630699200,1.38735,1.3890799999999999,1.38558,1.3856,3643
1630886400,1.38557,1.38665,1.3845,1.38545,2845
1630900800,1.38544,1.38587,1.38422,1.38433,3737
1630915200,1.38434,1.38548,1.38354,1.38409,5968
1630929600,1.38411,1.38459,1.38303,1.38377,4591
1630944000,1.38377,1.38394,1.38177,1.38312,3818
1630958400,1.3831,1.38354,1.38244,1.38321,4950
1630972800,1.38314,1.38513,1.38217,1.3847,2008
1630987200,1.38471,1.38557,1.38374,1.38375,3397
1631001600,1.38376,1.3849,1.38092,1.38167,8260
1631016000,1.38168,1.38236,1.37671,1.37798,10909
1631030400,1.37797,1.37994,1.37671,1.37887,10361
1631044800,1.37888,1.37952,1.37784,1.3784100000000001,4525
1631059200,1.3783400000000001,1.37875,1.3774,1.37858,2236
1631073600,1.3786100000000001,1.3789500000000001,1.37762,1.37786,2965
1631088000,1.37787,1.37791,1.37497,1.37625,10083
1631102400,1.3762400000000001,1.3777599999999999,1.37523,1.37647,8859
1631116800,1.37648,1.37824,1.37256,1.37705,14056
1631131200,1.37704,1.3783699999999999,1.37675,1.37736,4132
1631145600,1.37727,1.37727,1.37583,1.37603,3232
1631160000,1.37604,1.37726,1.37524,1.37568,3684
1631174400,1.37567,1.38113,1.37545,1.38104,8640
1631188800,1.38102,1.38413,1.38046,1.3836300000000001,10455
1631203200,1.38364,1.38588,1.38243,1.3856,11818
1631217600,1.38558,1.38619,1.38339,1.38373,6921
1631232000,1.38366,1.38457,1.38316,1.3841,1612
1631246400,1.3841,1.38511,1.3832200000000001,1.3848099999999999,4150
1631260800,1.3848,1.38842,1.38392,1.38776,8469
1631275200,1.38776,1.38877,1.3862999999999999,1.3878599999999999,7906
1631289600,1.38787,1.38792,1.38408,1.38531,11323
1631304000,1.3853,1.38551,1.38247,1.38292,4363
1631491200,1.38305,1.38404,1.38231,1.38337,2724
1631505600,1.38338,1.3845100000000001,1.38209,1.38248,6326
1631520000,1.38247,1.38258,1.37962,1.38155,10724
1631534400,1.38154,1.38406,1.38132,1.3835,7517
1631548800,1.38349,1.38503,1.38129,1.38346,11765
1631563200,1.38344,1.38399,1.38257,1.3839000000000001,5553
1631577600,1.38385,1.3843,1.38273,1.3839299999999999,2033
1631592000,1.3839000000000001,1.38492,1.38366,1.3838599999999999,4920
1631606400,1.3838599999999999,1.3881700000000001,1.38287,1.38655,9907
1631620800,1.38657,1.39062,1.38498,1.39019,9921
1631635200,1.39022,1.3912200000000001,1.38387,1.3848,13530
1631649600,1.3848099999999999,1.38491,1.38026,1.38064,5731
1631664000,1.38071,1.38117,1.38021,1.38028,2708
1631678400,1.38028,1.3808799999999999,1.37917,1.38071,3777
1631692800,1.38072,1.38419,1.3797,1.3834,8318
1631707200,1.3834,1.38348,1.3812,1.38221,8984
1631721600,1.38222,1.3853,1.38165,1.3826399999999999,12457
1631736000,1.38265,1.38457,1.38243,1.38405,3098
1631750400,1.38397,1.38514,1.38258,1.38477,1746
1631764800,1.3847800000000001,1.3847800000000001,1.38314,1.38336,3159
1631779200,1.38335,1.3837,1.38111,1.38215,8172
1631793600,1.38214,1.38405,1.37998,1.38057,9377
1631808000,1.38056,1.38056,1.37637,1.37819,11557
1631822400,1.37819,1.3801700000000001,1.3773900000000001,1.37919,4316
1631836800,1.3791,1.3799299999999999,1.37733,1.37838,2252
1631851200,1.37838,1.3806,1.37833,1.38057,3795
1631865600,1.38059,1.38119,1.37857,1.37943,7114
1631880000,1.37943,1.38065,1.37748,1.37968,9608
1631894400,1.37968,1.38049,1.374,1.37462,14802
1631908800,1.37461,1.37542,1.3726099999999999,1.37263,4265
1632096000,1.37337,1.3746800000000001,1.3721,1.37242,1978
1632110400,1.37242,1.37244,1.37001,1.37042,3944
1632124800,1.37043,1.37147,1.36611,1.36733,9628
1632139200,1.36734,1.3699,1.36453,1.36699,9452
1632153600,1.36699,1.36845,1.3642699999999999,1.36428,13117
1632168000,1.36428,1.36653,1.36396,1.3655300000000001,6187
1632182400,1.36532,1.3664100000000001,1.36409,1.36527,2776
1632196800,1.36527,1.36741,1.36482,1.36734,4105
1632211200,1.36733,1.3691499999999999,1.36616,1.36839,9286
1632225600,1.36838,1.3692199999999999,1.36632,1.36674,9365
1632240000,1.36683,1.36724,1.36402,1.36608,16845
1632254400,1.3660700000000001,1.36735,1.36493,1.36592,7486
1632268800,1.36582,1.36619,1.36455,1.36557,2467
1632283200,1.36557,1.36774,1.36462,1.3651200000000001,6471
1632297600,1.36511,1.36597,1.36322,1.36377,8862
1632312000,1.36376,1.36496,1.36167,1.36265,7515
1632326400,1.36266,1.36682,1.36152,1.36521,11428
1632340800,1.36521,1.36889,1.36082,1.36159,18495
1632355200,1.36143,1.36231,1.36099,1.36164,3581
1632369600,1.36164,1.36455,1.36133,1.3645399999999999,3916
1632384000,1.3645399999999999,1.36703,1.36325,1.36541,9896
1632398400,1.36542,1.3725,1.36532,1.37239,16467
1632412800,1.37226,1.37497,1.37045,1.37439,14162
1632427200,1.37442,1.37455,1.37169,1.37191,7041
1632441600,1.37189,1.37354,1.37112,1.3734199999999999,2233
1632456000,1.37341,1.37345,1.37154,1.37215,4683
1632470400,1.37216,1.37264,1.36966,1.37162,9821
1632484800,1.37161,1.37167,1.366,1.36651,10354
1632499200,1.3665,1.36943,1.3657,1.36787,12138
1632513600,1.36786,1.36786,1.3658299999999999,1.36694,4122
1632700800,1.36629,1.36751,1.36561,1.36685,2240
1632715200,1.36686,1.36791,1.36636,1.36754,3933
1632729600,1.36755,1.37093,1.36573,1.37012,9273
1632744000,1.37013,1.37182,1.36799,1.3707099999999999,11556
1632758400,1.3707099999999999,1.3728099999999999,1.36905,1.37055,14386
1632772800,1.37054,1.37151,1.36992,1.37015,3968
1632787200,1.37003,1.3703699999999999,1.36897,1.3694600000000001,1588
1632801600,1.36948,1.37135,1.36874,1.37131,3413
1632816000,1.37134,1.37165,1.36586,1.36714,11242
1632830400,1.36715,1.36755,1.3529900000000001,1.3544399999999999,16678
1632844800,1.3544399999999999,1.35609,1.35221,1.35288,20189
1632859200,1.35287,1.3545099999999999,1.35198,1.35365,7516
1632873600,1.3535599999999999,1.35434,1.3528,1.35342,3115
1632888000,1.35343,1.3548499999999999,1.3529,1.35483,6021
1632902400,1.35483,1.3553899999999999,1.34992,1.3501,13246
1632916800,1.3501,1.35287,1.34541,1.34619,11955
1632931200,1.34619,1.3468,1.34111,1.34236,17248
1632945600,1.34235,1.34405,1.34116,1.34234,7291
1632960000,1.34228,1.3440699999999999,1.34211,1.34405,2358
1632974400,1.34406,1.34588,1.34354,1.34475,4861
1632988800,1.34474,1.34567,1.34147,1.3437700000000001,10459
1633003200,1.34376,1.3479,1.34315,1.34727,11675
1633017600,1.34726,1.3516599999999999,1.34463,1.346,19591
1633032000,1.346,1.34837,1.3449499999999999,1.3468,9410
1633046400,1.34681,1.34795,1.34531,1.34531,4075
1633060800,1.34532,1.3461699999999999,1.3443800000000001,1.34581,8317
1633075200,1.34581,1.34815,1.34328,1.34732,18483
1633089600,1.34731,1.35461,1.34729,1.35418,17727
1633104000,1.35419,1.35748,1.35339,1.35603,20403
1633118400,1.35603,1.3565,1.35411,1.3542,4947
1633305600,1.3550200000000001,1.35761,1.3536299999999999,1.35572,2222
1633320000,1.3557299999999999,1.35576,1.35328,1.35472,5020
1633334400,1.35471,1.35673,1.35311,1.35588,11330
1633348800,1.35589,1.36101,1.35565,1.36046,12358
1633363200,1.36048,1.36395,1.35938,1.36068,16919
1633377600,1.36068,1.36174,1.36025,1.3607,8415
1633392000,1.3606,1.36117,1.35922,1.35942,2737
1633406400,1.3593899999999999,1.36056,1.35835,1.35889,5912
1633420800,1.35887,1.36264,1.3584399999999999,1.3618999999999999,13206
1633435200,1.3618999999999999,1.36421,1.36124,1.36222,10751
1633449600,1.3622,1.36472,1.3599,1.36405,18609
1633464000,1.36406,1.36437,1.36201,1.36249,5198
1633478400,1.36254,1.36304,1.36206,1.36236,4255
1633492800,1.36236,1.36288,1.35985,1.36048,4573
1633507200,1.36047,1.36143,1.35493,1.3550200000000001,13474
1633521600,1.35503,1.35897,1.35431,1.35821,15359
1633536000,1.35821,1.35903,1.35491,1.35532,18179
1633550400,1.35532,1.35904,1.35526,1.35859,11094
1633564800,1.3584100000000001,1.35969,1.35759,1.35927,2886
1633579200,1.35927,1.35944,1.35763,1.35812,2622
1633593600,1.35812,1.36044,1.35696,1.35865,11780
1633608000,1.35864,1.36172,1.35799,1.35946,11562
1633622400,1.35944,1.3637299999999999,1.35846,1.36208,13954
1633636800,1.36208,1.36238,1.36113,1.36136,5823
1633651200,1.36129,1.36224,1.36096,1.36176,2285
1633665600,1.36179,1.36199,1.36011,1.36014,3735
1633680000,1.36013,1.36068,1.35827,1.35989,9634
1633694400,1.3599,1.36559,1.35969,1.36395,11963
1633708800,1.36396,1.36479,1.36101,1.3616,18303
1633723200,1.3616,1.36249,1.36091,1.36169,4426
1633910400,1.36171,1.36416,1.36055,1.36381,2889
1633924800,1.36381,1.36551,1.36335,1.36395,3599
1633939200,1.3639299999999999,1.36731,1.3630900000000001,1.36465,12101
1633953600,1.36464,1.3647,1.36103,1.36195,9681
1633968000,1.36194,1.36502,1.3608799999999999,1.36093,9412
1633982400,1.36094,1.361,1.35833,1.3593600000000001,6208
1633996800,1.35931,1.35941,1.3581400000000001,1.3584100000000001,2715
1634011200,1.35842,1.36016,1.35799,1.3596,4129
1634025600,1.35958,1.36109,1.35676,1.35994,9819
1634040000,1.3599,1.3636599999999999,1.35947,1.36067,10096
1634054400,1.3607,1.36212,1.35683,1.35862,16922
1634068800,1.35862,1.35967,1.35759,1.35881,6024
1634083200,1.35867,1.35957,1.35737,1.35956,2817
1634097600,1.35958,1.36175,1.35947,1.36175,3255
1634112000,1.36174,1.36377,1.36011,1.36264,8665
1634126400,1.36264,1.3643399999999999,1.35866,1.35946,13118
1634140800,1.35944,1.36504,1.35929,1.36412,14258
1634155200,1.36411,1.36638,1.36307,1.36589,7215
1634169600,1.36578,1.3669,1.3651200000000001,1.3666,1727
1634184000,1.36661,1.36715,1.3657599999999999,1.36636,2478
1634198400,1.36636,1.37176,1.36605,1.37114,6845
1634212800,1.37114,1.37335,1.36989,1.37153,8830
1634227200,1.37152,1.37187,1.36743,1.36845,11635
1634241600,1.36844,1.36866,1.36667,1.36726,4138
1634256000,1.36718,1.3676300000000001,1.3666800000000001,1.3675899999999999,2494
1634270400,1.3675899999999999,1.3688500000000001,1.36701,1.36855,3017
1634284800,1.36856,1.3738000000000001,1.3673899999999999,1.37208,9909
1634299200,1.37206,1.37572,1.37164,1.37332,10046
1634313600,1.37332,1.37723,1.3732,1.37573,11382
1634328000,1.37573,1.3761,1.37384,1.37433,4321
1634515200,1.37493,1.37643,1.37404,1.37423,3898
1634529600,1.37422,1.37455,1.37268,1.37299,3054
1634544000,1.37299,1.37465,1.3715899999999999,1.3719000000000001,8556
1634558400,1.37189,1.37451,1.37179,1.3731900000000001,9298
1634572800,1.37318,1.37387,1.37081,1.3732199999999999,11202
1634587200,1.3732199999999999,1.37393,1.3725399999999999,1.37264,3043
1634601600,1.37256,1.3751,1.37191,1.37509,2005
1634616000,1.3751,1.37738,1.37466,1.3768500000000001,3415
1634630400,1.37686,1.37941,1.37677,1.3793199999999999,7993
1634644800,1.3793199999999999,1.3832900000000001,1.37867,1.38124,8837
1634659200,1.38124,1.38181,1.37909,1.37957,10021
1634673600,1.37958,1.38119,1.3788,1.37908,3070
1634688000,1.3791,1.3799000000000001,1.3787099999999999,1.37981,1861
1634702400,1.37982,1.38141,1.3790499999999999,1.38069,2862
1634716800,1.3807,1.38089,1.37676,1.37778,8067
1634731200,1.3777599999999999,1.37857,1.37416,1.3780999999999999,8529
1634745600,1.37811,1.38297,1.37741,1.38286,9204
1634760000,1.38285,1.38337,1.38198,1.38224,3507
1634774400,1.38213,1.38272,1.38037,1.38262,1572
1634788800,1.3826100000000001,1.38323,1.38125,1.3815,4319
1634803200,1.3814899999999999,1.38192,1.37904,1.38032,7448
1634817600,1.3803,1.38153,1.37848,1.38068,6645
1634832000,1.38069,1.38236,1.37951,1.37982,10116
1634846400,1.3798300000000001,1.3798300000000001,1.37753,1.3792499999999999,5349
1634860800,1.37914,1.37945,1.37818,1.379,3320
1634875200,1.379,1.38089,1.37887,1.37976,4871
1634889600,1.37977,1.38104,1.377,1.38095,10068
1634904000,1.38095,1.38145,1.3779,1.37867,8304
1634918400,1.37867,1.37918,1.37351,1.37542,15252
1634932800,1.37541,1.3761,1.37397,1.37588,6120
1635120000,1.37436,1.37752,1.3740299999999999,1.37713,2230
1635134400,1.37713,1.37842,1.3759000000000001,1.37821,4834
1635148800,1.3782,1.37912,1.37589,1.377,9065
1635163200,1.37701,1.37756,1.37411,1.37477,9619
1635177600,1.37476,1.37792,1.37451,1.3758,12294
1635192000,1.37581,1.3775,1.37581,1.37665,3725
1635206400,1.37659,1.37659,1.3756,1.37588,1337
1635220800,1.37589,1.3771200000000001,1.37567,1.37607,4222
1635235200,1.37606,1.37872,1.37562,1.3783699999999999,10097
1635249600,1.37836,1.38289,1.37788,1.38048,9953
1635264000,1.3805100000000001,1.38061,1.37576,1.37595,13460
1635278400,1.37595,1.377,1.37577,1.37634,5894
1635292800,1.37632,1.37777,1.37577,1.37673,2615
1635307200,1.37671,1.3775,1.37646,1.37737,2948
1635321600,1.37738,1.37797,1.37213,1.37225,9514
1635336000,1.37226,1.37538,1.37097,1.3738000000000001,11375
1635350400,1.37379,1.37517,1.37086,1.37469,19720
1635364800,1.3746800000000001,1.37582,1.37313,1.37397,7121
1635379200,1.37391,1.37401,1.37233,1.37275,1893
1635393600,1.37276,1.37466,1.37216,1.3744399999999999,4921
1635408000,1.3744399999999999,1.37736,1.3734600000000001,1.37494,9124
1635422400,1.37494,1.37631,1.37294,1.37583,13883
1635436800,1.37582,1.3814199999999999,1.37546,1.37908,17649
1635451200,1.37908,1.3795899999999999,1.37848,1.37954,7622
1635465600,1.37944,1.38031,1.3788,1.37939,3338
1635480000,1.37939,1.3798300000000001,1.37869,1.37872,3691
1635494400,1.37872,1.3801,1.3768500000000001,1.37708,8559
1635508800,1.37708,1.37997,1.37538,1.37581,11438
1635523200,1.37583,1.37747,1.36676,1.36722,18518
1635537600,1.36721,1.36979,1.36703,1.36917,6282
1635724800,1.36807,1.36872,1.36648,1.36809,3660
1635739200,1.36808,1.36869,1.36721,1.3685800000000001,4497
1635753600,1.3686,1.3686,1.3642,1.3655599999999999,10473
1635768000,1.3655599999999999,1.36924,1.36411,1.36725,10136
1635782400,1.36724,1.36918,1.36526,1.3659,11464
1635796800,1.3659,1.36682,1.3652199999999999,1.3661699999999999,4012
1635811200,1.36618,1.36632,1.36469,1.36509,2784
1635825600,1.36508,1.36611,1.3645100000000001,1.36547,5846
1635840000,1.3654600000000001,1.36667,1.36281,1.36405,11365
1635854400,1.36404,1.36629,1.36246,1.36317,10577
1635868800,1.36316,1.36349,1.36047,1.36185,10320
1635883200,1.36184,1.36243,1.3605800000000001,1.36131,3745
1635897600,1.36117,1.36286,1.36097,1.36284,1880
1635912000,1.36285,1.36327,1.36221,1.36295,2596
1635926400,1.36294,1.36338,1.3606500000000001,1.36254,7960
1635940800,1.36255,1.3663699999999999,1.36164,1.36436,7939
1635955200,1.3641,1.36658,1.36322,1.36558,9010
1635969600,1.3656,1.36909,1.3642,1.3682699999999999,16994
1635984000,1.3682699999999999,1.3697300000000001,1.36701,1.36721,2714
1635998400,1.3672,1.3676,1.36509,1.36559,2803
1636012800,1.3656,1.36695,1.36237,1.36276,9639
1636027200,1.3627500000000001,1.36505,1.35202,1.35283,16837
1636041600,1.35279,1.35304,1.34703,1.34915,13813
1636056000,1.34916,1.35032,1.34886,1.34949,4895
1636070400,1.3495,1.35071,1.34849,1.3486,3488
1636084800,1.3486099999999999,1.35012,1.3483399999999999,1.34911,3872
1636099200,1.3491,1.3508200000000001,1.34294,1.3432,10179
1636113600,1.34321,1.34771,1.34235,1.34572,17308
1636128000,1.34572,1.35062,1.3452600000000001,1.34911,11392
1636142400,1.34911,1.34955,1.3479700000000001,1.34907,4181
1636329600,1.3483800000000001,1.34938,1.34715,1.34723,4593
1636344000,1.34722,1.34863,1.34713,1.34862,3636
1636358400,1.34862,1.34996,1.3449499999999999,1.34889,8634
1636372800,1.34889,1.35493,1.34741,1.35408,8747
1636387200,1.35409,1.3578999999999999,1.35298,1.35567,10380
1636401600,1.3556599999999999,1.35674,1.35496,1.35652,4577
1636416000,1.3564,1.3566799999999999,1.3547,1.3554,1803
1636430400,1.3554,1.35816,1.35535,1.35762,4082
1636444800,1.35764,1.36064,1.35559,1.35995,7793
1636459200,1.35994,1.3600400000000001,1.35443,1.35559,8906
1636473600,1.35558,1.35693,1.3523399999999999,1.35644,13822
1636488000,1.35646,1.35674,1.35525,1.35587,5338
1636502400,1.35576,1.35608,1.3546,1.35501,2110
1636516800,1.35501,1.35642,1.35452,1.35511,3296
1636531200,1.3551,1.35629,1.35171,1.35342,8726
1636545600,1.35343,1.35395,1.34791,1.35055,12666
1636560000,1.35053,1.35379,1.34539,1.34576,19069
1636574400,1.34575,1.34599,1.34016,1.34021,11967
1636588800,1.34022,1.34192,1.33975,1.3405,4040
1636603200,1.34052,1.34169,1.33921,1.34165,5614
1636617600,1.34165,1.34325,1.33632,1.33924,11069
1636632000,1.33923,1.34139,1.3383,1.34073,10063
1636646400,1.34074,1.34161,1.33685,1.33694,11695
1636660800,1.33694,1.33703,1.3357700000000001,1.33649,4272
1636675200,1.33656,1.33711,1.33542,1.33562,3044
1636689600,1.33563,1.33695,1.33524,1.33686,3271
1636704000,1.33685,1.34108,1.33621,1.33938,8819
1636718400,1.33936,1.34056,1.33813,1.33969,8859
1636732800,1.3397000000000001,1.34238,1.33783,1.34214,11068
1636747200,1.34215,1.34253,1.34062,1.34064,3584
1636934400,1.34067,1.34361,1.33993,1.34357,4878
1636948800,1.34357,1.34386,1.3425799999999999,1.34357,5320
1636963200,1.34358,1.34383,1.34023,1.3413300000000001,9751
1636977600,1.34131,1.3443100000000001,1.34073,1.34353,8219
1636992000,1.34353,1.34486,1.34198,1.34223,11996
1637006400,1.3422399999999999,1.34355,1.34044,1.34117,4017
1637020800,1.3411,1.34273,1.34046,1.34239,3454
1637035200,1.34238,1.3437700000000001,1.34161,1.34172,3530
1637049600,1.34173,1.34721,1.34167,1.3465,10857
1637064000,1.34649,1.34654,1.34313,1.34578,10244
1637078400,1.34578,1.34578,1.3414,1.3428,14692
1637092800,1.34281,1.34427,1.3419699999999999,1.34249,5419
1637107200,1.34245,1.3436,1.34196,1.34296,2426
1637121600,1.34297,1.34332,1.3395299999999999,1.34202,4788
1637136000,1.34201,1.34724,1.342,1.3430900000000001,13911
1637150400,1.34308,1.34818,1.34161,1.34539,9873
1637164800,1.34539,1.34937,1.34511,1.349,12411
1637179200,1.349,1.34954,1.34784,1.34925,4725
1637193600,1.34898,1.34961,1.34783,1.34881,2614
1637208000,1.34881,1.35031,1.34829,1.34881,3521
1637222400,1.3488,1.35125,1.34859,1.3491900000000001,9693
1637236800,1.3491900000000001,1.34996,1.34631,1.3466,10247
1637251200,1.34659,1.34999,1.34634,1.34972,12309
1637265600,1.34971,1.35043,1.3492600000000001,1.34993,2886
1637280000,1.34973,1.35032,1.34864,1.3489499999999999,2033
1637294400,1.34893,1.34903,1.34802,1.34862,2961
1637308800,1.34862,1.35088,1.34185,1.34323,12654
1637323200,1.34324,1.3456299999999999,1.34066,1.34398,17823
1637337600,1.34396,1.34742,1.34386,1.34551,15347
1637352000,1.3455300000000001,1.34582,1.3434599999999999,1.34399,4558
1637539200,1.34412,1.3456299999999999,1.34273,1.34302,4855
1637553600,1.34303,1.34458,1.34264,1.3445,7590
1637568000,1.34451,1.34481,1.34182,1.34273,16321
1637582400,1.34274,1.3449,1.34252,1.34443,11688
1637596800,1.34443,1.34443,1.3388900000000001,1.3393,17768
1637611200,1.3393,1.33984,1.33837,1.33924,4347
1637625600,1.33924,1.34047,1.33904,1.33987,2331
1637640000,1.33987,1.34002,1.33817,1.33878,3626
1637654400,1.33877,1.34087,1.3373599999999999,1.33777,16386
1637668800,1.33779,1.33857,1.33415,1.33674,13648
1637683200,1.33673,1.33875,1.33517,1.33732,15397
1637697600,1.33732,1.33846,1.3365,1.33777,5259
1637712000,1.3376700000000001,1.33816,1.33663,1.33803,3473
1637726400,1.33804,1.33823,1.33685,1.33792,4049
1637740800,1.33791,1.3389199999999999,1.33514,1.33533,13052
1637755200,1.33538,1.3378,1.33396,1.33525,13310
1637769600,1.33525,1.33576,1.33181,1.33226,18189
1637784000,1.33225,1.3334,1.33151,1.33267,7482
1637798400,1.3326,1.33438,1.33203,1.33356,2741
1637812800,1.33358,1.3351600000000001,1.3332899999999999,1.33436,2182
1637827200,1.33437,1.33529,1.3327499999999999,1.33331,6864
1637841600,1.3333,1.3336700000000001,1.33045,1.33136,7748
1637856000,1.33137,1.33266,1.33076,1.33233,5733
1637870400,1.33232,1.33311,1.3313,1.33169,15879
1637884800,1.33165,1.3321100000000001,1.32978,1.33035,4284
1637899200,1.33032,1.33067,1.32981,1.33046,5766
1637913600,1.33046,1.33332,1.32774,1.33138,17070
1637928000,1.33137,1.33486,1.33056,1.33375,13712
1637942400,1.33376,1.33447,1.33066,1.3332899999999999,17456
1637956800,1.33332,1.33579,1.332,1.33513,9756
1638144000,1.33354,1.33422,1.33256,1.33351,5828
1638158400,1.33349,1.33407,1.33267,1.33375,4483
1638172800,1.33375,1.33547,1.3317999999999999,1.33395,11861
1638187200,1.33393,1.33623,1.33186,1.33186,9177
1638201600,1.33186,1.33217,1.32869,1.33006,13226
1638216000,1.33002,1.33144,1.32866,1.33144,6237
1638230400,1.33134,1.33285,1.33039,1.33254,4239
1638244800,1.33254,1.33287,1.33115,1.33176,5408
1638259200,1.33175,1.33681,1.3306499999999999,1.33623,15975
1638273600,1.33624,1.33698,1.33277,1.33442,12383
1638288000,1.33441,1.33664,1.31936,1.32635,25809
1638302400,1.32642,1.33086,1.32522,1.33019,10394
1638316800,1.33007,1.33131,1.32873,1.32927,4455
1638331200,1.32926,1.33262,1.32918,1.33252,5919
1638345600,1.33252,1.33313,1.3275299999999999,1.33108,13769
1638360000,1.33109,1.33436,1.33004,1.3342800000000001,12282
1638374400,1.33427,1.33511,1.32977,1.33015,17043
1638388800,1.33015,1.33061,1.32608,1.3272300000000001,8659
1638403200,1.32721,1.32937,1.32697,1.3293599999999999,2863
1638417600,1.32937,1.3305,1.32853,1.32877,3077
1638432000,1.32876,1.3321100000000001,1.32757,1.33205,10270
1638446400,1.3320400000000001,1.3332899999999999,1.33068,1.33112,12498
1638460800,1.33111,1.33221,1.32984,1.33007,18116
1638475200,1.33007,1.33051,1.32885,1.32983,7960
1638489600,1.32978,1.33015,1.32831,1.32905,3113
1638504000,1.32905,1.32984,1.32826,1.32949,3084
1638518400,1.32947,1.32979,1.32673,1.32853,8631
1638532800,1.32854,1.3309,1.32535,1.3284099999999999,14493
1638547200,1.3284,1.32847,1.3207900000000001,1.32356,22970
1638561600,1.32355,1.32523,1.3226200000000001,1.32278,7374
1638748800,1.32345,1.3244500000000001,1.32161,1.32386,5356
1638763200,1.32386,1.32396,1.32285,1.3229600000000001,4053
1638777600,1.3229600000000001,1.3266200000000001,1.32215,1.32585,12225
1638792000,1.32585,1.32854,1.32484,1.3265500000000001,15171
1638806400,1.32654,1.32683,1.3229600000000001,1.3253300000000001,17903
1638820800,1.3253300000000001,1.32668,1.32462,1.3260100000000001,8693
1638835200,1.32585,1.32678,1.32427,1.32642,4508
1638849600,1.32641,1.32887,1.3262800000000001,1.32842,6476
1638864000,1.32835,1.32874,1.32453,1.32603,18158
1638878400,1.32602,1.32677,1.32178,1.32254,16834
1638892800,1.32246,1.32493,1.32076,1.32263,19231
1638907200,1.32264,1.32443,1.32205,1.32413,8476
1638921600,1.32389,1.3250899999999999,1.3226200000000001,1.32423,4458
1638936000,1.32423,1.3260399999999999,1.32423,1.32529,6393
1638950400,1.3253,1.32555,1.32313,1.32416,16513
1638964800,1.32416,1.32444,1.31593,1.32158,23907
1638979200,1.32157,1.32436,1.31884,1.32364,21068
1638993600,1.32363,1.32423,1.31904,1.3201,9776
1639008000,1.31988,1.32115,1.31925,1.31994,4536
1639022400,1.31994,1.32141,1.3192300000000001,1.32067,4968
1639036800,1.32068,1.32155,1.31916,1.32042,13178
1639051200,1.32042,1.32115,1.31692,1.32055,15020
1639065600,1.32055,1.32162,1.31847,1.3211300000000001,20256
1639080000,1.3211300000000001,1.32217,1.32064,1.3217400000000001,12578
1639094400,1.32172,1.3229,1.32124,1.3226499999999999,3860
1639108800,1.3226200000000001,1.3232300000000001,1.32153,1.32191,7232
1639123200,1.3219,1.32284,1.3195999999999999,1.32004,14349
1639137600,1.32004,1.32417,1.31861,1.32287,14637
1639152000,1.32285,1.32703,1.3203,1.3267,17622
1639166400,1.3267,1.3275000000000001,1.32548,1.32641,7746
1639353600,1.32476,1.32618,1.32476,1.32537,4883
1639368000,1.3253599999999999,1.32576,1.32454,1.32484,3497
1639382400,1.32483,1.32488,1.32206,1.3244500000000001,10086
1639396800,1.3244500000000001,1.32677,1.32369,1.32549,14768
1639411200,1.32549,1.32683,1.32114,1.32114,18814
1639425600,1.32118,1.32207,1.32065,1.3210899999999999,6811
1639440000,1.3207499999999999,1.32158,1.32002,1.3202,3716
1639454400,1.3202,1.32055,1.319,1.32043,4704
1639468800,1.32044,1.32243,1.31965,1.32215,11773
1639483200,1.32215,1.3256000000000001,1.32161,1.32321,13580
1639497600,1.32321,1.32471,1.32213,1.32268,14839
1639512000,1.3226499999999999,1.32306,1.32182,1.3226,6859
1639526400,1.3224,1.32413,1.32187,1.32317,3200
1639540800,1.32318,1.32436,1.32261,1.32416,3625
1639555200,1.32416,1.32819,1.32356,1.32593,9262
1639569600,1.3259400000000001,1.3267,1.32456,1.32554,7892
1639584000,1.32553,1.32583,1.32051,1.32114,13161
1639598400,1.32114,1.3272599999999999,1.31712,1.32608,17411
1639612800,1.32595,1.32675,1.32485,1.32526,3743
1639627200,1.32527,1.32553,1.32406,1.32427,3025
1639641600,1.32428,1.3302,1.32408,1.3291,9652
1639656000,1.3290899999999999,1.33739,1.32577,1.33557,17245
1639670400,1.33558,1.33565,1.33063,1.33183,14095
1639684800,1.3318400000000001,1.33271,1.33016,1.33217,5526
1639699200,1.33208,1.3330600000000001,1.33131,1.3324500000000001,3230
1639713600,1.33244,1.3336000000000001,1.3317700000000001,1.33355,3735
1639728000,1.33356,1.33385,1.33054,1.3317,10713
1639742400,1.33168,1.33168,1.32799,1.32892,10314
1639756800,1.32893,1.32973,1.3255,1.32607,13910
1639771200,1.32606,1.3265,1.32298,1.3235999999999999,4985
1639958400,1.3237,1.32424,1.32213,1.32267,3220
1639972800,1.32266,1.32315,1.32187,1.3222,3016
1639987200,1.3222,1.32242,1.31726,1.31843,10482
1640001600,1.31843,1.32439,1.31827,1.32386,9079
1640016000,1.32386,1.32425,1.32053,1.32098,11723
1640030400,1.32098,1.32181,1.31997,1.32061,4349
1640044800,1.32058,1.3213,1.31965,1.32111,2806
1640059200,1.32112,1.32186,1.32071,1.32164,2241
1640073600,1.32164,1.32507,1.32094,1.32467,7615
1640088000,1.32467,1.32609,1.32395,1.32532,7407
1640102400,1.3253300000000001,1.32605,1.3229899999999999,1.3248199999999999,9622
1640116800,1.32481,1.32701,1.32457,1.32671,3441
1640131200,1.32638,1.32742,1.32484,1.32711,2018
1640145600,1.32713,1.3272,1.32471,1.32483,2162
1640160000,1.32483,1.32903,1.32392,1.32849,6606
1640174400,1.3284799999999999,1.33298,1.32831,1.33284,7859
1640188800,1.33283,1.33618,1.3318400000000001,1.33557,8862
1640203200,1.33558,1.3362,1.33471,1.33529,2997
1640217600,1.33514,1.33597,1.33384,1.33499,1855
1640232000,1.33499,1.33532,1.33419,1.33504,1714
1640246400,1.33507,1.34049,1.33479,1.3403,4765
1640260800,1.34029,1.3435000000000001,1.33997,1.34138,7972
1640275200,1.34137,1.34369,1.33933,1.34174,8888
1640289600,1.34173,1.34195,1.34078,1.3413599999999999,2467
1640304000,1.34082,1.34121,1.33967,1.34051,4164
1640318400,1.34049,1.34103,1.33877,1.3389199999999999,12734
1640332800,1.3389199999999999,1.34125,1.33878,1.34087,13519
1640347200,1.34087,1.34175,1.33999,1.34016,9744
1640361600,1.34015,1.34114,1.33934,1.33984,4416
1640563200,1.3386,1.34073,1.3386,1.3400699999999999,2009
1640577600,1.3400699999999999,1.34145,1.33981,1.34016,2482
1640592000,1.34017,1.34182,1.33915,1.3402,4198
1640606400,1.34021,1.34274,1.33944,1.34262,3637
1640620800,1.34262,1.3443,1.34077,1.34388,4320
1640635200,1.34388,1.34443,1.34302,1.3442,1946
1640649600,1.34402,1.34415,1.34275,1.34294,1431
1640664000,1.34292,1.34386,1.34272,1.34366,1893
1640678400,1.34365,1.3446,1.34295,1.34458,3576
1640692800,1.34457,1.3461,1.34445,1.34559,2694
1640707200,1.3456000000000001,1.34589,1.34142,1.34356,7022
1640721600,1.34355,1.34358,1.34202,1.34306,3135
1640736000,1.34291,1.34356,1.34204,1.34236,1679
1640750400,1.34234,1.34367,1.34223,1.34286,1731
1640764800,1.34287,1.34299,1.34088,1.34119,3948
1640779200,1.34119,1.34623,1.3408,1.34543,5455
1640793600,1.34534,1.34986,1.3449,1.34816,8667
1640808000,1.34816,1.34893,1.34802,1.34856,2495
1640822400,1.34856,1.35042,1.34815,1.35034,1760
1640836800,1.35033,1.35038,1.34788,1.34802,1642
1640851200,1.34803,1.34823,1.34537,1.34585,4493
1640865600,1.34584,1.35161,1.34577,1.34849,5496
1640880000,1.34847,1.35212,1.34776,1.34851,7802
1640894400,1.3485,1.35123,1.34792,1.35003,2692
1640908800,1.34989,1.35058,1.34866,1.35026,1483
1640923200,1.35027,1.35043,1.34938,1.34954,1372
1640937600,1.3495300000000001,1.35189,1.3493,1.3509,4817
1640952000,1.35089,1.35155,1.3464800000000001,1.35032,7190
1640966400,1.35032,1.35495,1.35002,1.35339,9517
1640980800,1.35339,1.35345,1.3533,1.35339,48
1641168000,1.35269,1.3532,1.35148,1.35167,2124
1641182400,1.3516599999999999,1.35167,1.34944,1.34977,1935
1641196800,1.34976,1.35274,1.34958,1.35164,4892
1641211200,1.35163,1.3524,1.34825,1.3486099999999999,6325
1641225600,1.3486,1.3491,1.34301,1.34706,11662
1641240000,1.34706,1.34848,1.34694,1.34771,3406
1641254400,1.34756,1.3484099999999999,1.3467500000000001,1.3479700000000001,1908
1641268800,1.34791,1.34791,1.34619,1.34676,2322
1641283200,1.3468,1.35131,1.34586,1.35108,5853
1641297600,1.35108,1.35145,1.3477999999999999,1.3514,7797
1641312000,1.35142,1.35568,1.3508499999999999,1.3535300000000001,9730
1641326400,1.3535300000000001,1.35368,1.35199,1.3526799999999999,3525
1641340800,1.35267,1.35394,1.3522,1.35381,1774
1641355200,1.35381,1.35395,1.35218,1.35272,2194
1641369600,1.35271,1.35537,1.3526099999999999,1.35309,4728
1641384000,1.35308,1.35553,1.35273,1.3547500000000001,8283
1641398400,1.35476,1.35897,1.35445,1.35884,11167
1641412800,1.35884,1.3598,1.35474,1.3554300000000001,9447
1641427200,1.3553600000000001,1.3556,1.35369,1.35511,1875
1641441600,1.35513,1.35514,1.35246,1.3529200000000001,3643
1641456000,1.35294,1.35296,1.34891,1.35113,8728
1641470400,1.3511199999999999,1.35455,1.35089,1.3534,9947
1641484800,1.35341,1.35583,1.35154,1.35298,14724
1641499200,1.35297,1.35378,1.35214,1.35341,4207
1641513600,1.35325,1.35521,1.3526099999999999,1.35518,2329
1641528000,1.35517,1.35522,1.35416,1.35437,2071
1641542400,1.35436,1.35562,1.35263,1.35544,5729
1641556800,1.3554599999999999,1.35644,1.35286,1.35384,12213
1641571200,1.3538299999999999,1.35829,1.35351,1.35789,14528
1641585600,1.35788,1.35965,1.3575,1.3590499999999999,3041
1641772800,1.3572,1.35969,1.35675,1.35937,3146
1641787200,1.35938,1.35959,1.35794,1.35847,2088
1641801600,1.35847,1.3602699999999999,1.35736,1.35812,7348
1641816000,1.35812,1.3596599999999999,1.3551,1.35527,10036
1641830400,1.35526,1.357,1.35312,1.3562,14986
1641844800,1.3562,1.35797,1.35598,1.3578700000000001,4752
1641859200,1.35757,1.3587,1.35659,1.35792,3405
1641873600,1.3578999999999999,1.35991,1.35777,1.35962,2919
1641888000,1.35961,1.3618700000000001,1.3578999999999999,1.36084,10367
1641902400,1.3608500000000001,1.36118,1.35641,1.35725,9891
1641916800,1.35727,1.36231,1.35605,1.36161,13667
1641931200,1.3616,1.36355,1.36104,1.36337,4720
1641945600,1.3633199999999999,1.36416,1.3627,1.36325,2167
1641960000,1.36323,1.36449,1.36316,1.36405,2424
1641974400,1.36406,1.36439,1.36222,1.36265,6170
1641988800,1.36266,1.3683100000000001,1.362,1.3676300000000001,10947
1642003200,1.3676300000000001,1.37077,1.36665,1.37067,13872
1642017600,1.37066,1.37133,1.37003,1.37025,4963
1642032000,1.37019,1.37117,1.36985,1.37064,2936
1642046400,1.37064,1.37183,1.37061,1.37091,3108
1642060800,1.37092,1.37462,1.37047,1.37363,7061
1642075200,1.37363,1.37479,1.37125,1.37374,10417
1642089600,1.37375,1.37476,1.3707799999999999,1.3712,13041
1642104000,1.37121,1.37221,1.37002,1.37074,4245
1642118400,1.37072,1.37178,1.37029,1.37116,3214
1642132800,1.37116,1.37368,1.37107,1.37317,4570
1642147200,1.37318,1.37422,1.37154,1.37336,7869
1642161600,1.37337,1.37337,1.36941,1.36998,11591
1642176000,1.36999,1.37039,1.36529,1.36548,17311
1642190400,1.3654899999999999,1.3683,1.36524,1.36799,4936
1642377600,1.36718,1.36738,1.36626,1.36665,4483
1642392000,1.36669,1.36808,1.36634,1.3672900000000001,4968
1642406400,1.3673,1.3689,1.36685,1.36784,7990
1642420800,1.36785,1.3685800000000001,1.3636599999999999,1.36508,8845
1642435200,1.36509,1.36627,1.36405,1.36501,8009
1642449600,1.36504,1.36506,1.36416,1.36419,1817
1642464000,1.36418,1.3660700000000001,1.3639999999999999,1.3658299999999999,2373
1642478400,1.36584,1.36597,1.36204,1.36335,6644
1642492800,1.36334,1.36517,1.362,1.36252,11364
1642507200,1.3625099999999999,1.36269,1.35793,1.35986,14786
1642521600,1.35986,1.35986,1.35721,1.35766,16812
1642536000,1.35767,1.3603100000000001,1.3572600000000001,1.35971,6566
1642550400,1.35957,1.36015,1.35874,1.36006,3799
1642564800,1.36005,1.36086,1.35924,1.36077,4921
1642579200,1.36077,1.36193,1.3587,1.36127,11828
1642593600,1.36127,1.36439,1.36089,1.36281,10976
1642608000,1.36281,1.36482,1.36213,1.36249,13580
1642622400,1.3624800000000001,1.3633600000000001,1.36116,1.3612600000000001,4824
1642636800,1.3611900000000001,1.36348,1.36049,1.3627500000000001,3753
1642651200,1.36276,1.36293,1.36179,1.36229,5897
1642665600,1.3623,1.36364,1.3618299999999999,1.36262,10150
1642680000,1.36261,1.36337,1.35985,1.36321,10861
1642694400,1.36321,1.36612,1.36252,1.36257,14272
1642708800,1.36257,1.36266,1.3586,1.35965,8734
1642723200,1.35961,1.36008,1.35782,1.3595,7351
1642737600,1.3595,1.36008,1.35877,1.35918,7457
1642752000,1.35918,1.35937,1.35574,1.35678,13816
1642766400,1.35678,1.35757,1.35519,1.3572,10745
1642780800,1.35721,1.35727,1.35446,1.35561,17695
1642795200,1.3556,1.35669,1.3547500000000001,1.3551,6919
1642982400,1.35472,1.35596,1.35453,1.35595,3571
1642996800,1.35595,1.35646,1.35447,1.35455,3390
1643011200,1.35456,1.35541,1.35239,1.35242,10564
1643025600,1.35242,1.35269,1.34703,1.34724,15753
1643040000,1.34725,1.34802,1.34396,1.34544,24012
1643054400,1.34544,1.34915,1.34544,1.34907,10748
1643068800,1.349,1.349,1.3473600000000001,1.34815,4548
1643083200,1.34815,1.34816,1.34665,1.34756,6357
1643097600,1.34755,1.3495599999999999,1.34705,1.34817,11393
1643112000,1.34817,1.34817,1.34357,1.34663,13548
1643126400,1.34662,1.34999,1.34582,1.34966,17043
1643140800,1.34965,1.35179,1.34944,1.35033,7449
1643155200,1.3502399999999999,1.35125,1.34994,1.3512,3195
1643169600,1.35121,1.35199,1.35043,1.35076,3638
1643184000,1.35077,1.3513899999999999,1.34928,1.35086,8030
1643198400,1.35088,1.35227,1.34972,1.35073,7996
1643212800,1.35073,1.3522,1.34907,1.35214,14579
1643227200,1.35215,1.3524,1.34437,1.34632,31245
1643241600,1.3462,1.34673,1.34417,1.34496,5295
1643256000,1.34497,1.34497,1.34301,1.34313,7519
1643270400,1.3431199999999999,1.34322,1.34048,1.34257,14228
1643284800,1.3425799999999999,1.34308,1.33575,1.33789,17402
1643299200,1.33789,1.34058,1.33655,1.33719,23496
1643313600,1.33717,1.3389199999999999,1.33661,1.33803,10696
1643328000,1.3379400000000001,1.33939,1.3373300000000001,1.3393,6068
1643342400,1.33931,1.34144,1.33907,1.34121,6074
1643356800,1.3412,1.3414,1.3364500000000001,1.33814,12207
1643371200,1.33813,1.34261,1.33689,1.34259,16076
1643385600,1.34263,1.34318,1.33877,1.33878,21768
1643400000,1.33877,1.33995,1.33728,1.33937,5893
1643587200,1.3390900000000001,1.34134,1.33854,1.34127,3565
1643601600,1.34127,1.34195,1.34071,1.34165,4508
1643616000,1.34164,1.34479,1.34144,1.34442,9161
1643630400,1.34442,1.34476,1.33923,1.34423,12593
1643644800,1.34422,1.34541,1.3405,1.34355,17912
1643659200,1.34354,1.3459699999999999,1.34345,1.34439,7103
1643673600,1.34436,1.34474,1.34333,1.34378,2183
1643688000,1.3437700000000001,1.34564,1.34345,1.34517,4171
1643702400,1.34516,1.35004,1.34419,1.34977,9453
1643716800,1.34975,1.35133,1.34753,1.34948,10399
1643731200,1.34947,1.35184,1.34852,1.35053,17698
1643745600,1.35054,1.35273,1.3504399999999999,1.35236,6654
1643760000,1.35217,1.35264,1.35138,1.35251,2866
1643774400,1.35251,1.35266,1.35161,1.35193,3138
1643788800,1.35192,1.35472,1.35187,1.35405,8225
1643803200,1.35407,1.35852,1.35349,1.35595,11120
1643817600,1.35596,1.35827,1.35537,1.3577,17563
1643832000,1.35768,1.35858,1.3568,1.35716,5583
1643846400,1.3572,1.35752,1.35558,1.35645,2540
1643860800,1.35644,1.35666,1.35498,1.3552,4094
1643875200,1.35521,1.3561,1.35464,1.35574,9398
1643889600,1.3557299999999999,1.3627099999999999,1.35375,1.35813,24964
1643904000,1.35813,1.36188,1.35683,1.36072,27796
1643918400,1.36071,1.36081,1.35843,1.35991,6304
1643932800,1.35937,1.36113,1.35865,1.3603100000000001,2978
1643947200,1.3603100000000001,1.3614,1.35938,1.35961,5262
1643961600,1.35959,1.3597299999999999,1.35651,1.35681,12234
1643976000,1.35684,1.3578999999999999,1.35042,1.35113,19820
1643990400,1.35114,1.35504,1.35073,1.3534,20526
1644004800,1.3534,1.35473,1.35222,1.3526799999999999,5620
1644192000,1.35342,1.35431,1.35263,1.35321,3679
1644206400,1.3532199999999999,1.35341,1.3515,1.35199,4368
1644220800,1.35199,1.355,1.3514300000000001,1.35151,11583
1644235200,1.35151,1.35236,1.34897,1.35213,12069
1644249600,1.35212,1.35349,1.3501,1.35159,15788
1644264000,1.35158,1.35373,1.35148,1.35342,4047
1644278400,1.35342,1.3538299999999999,1.35167,1.35349,2863
1644292800,1.35349,1.35357,1.3510900000000001,1.35171,4737
1644307200,1.3517000000000001,1.3554,1.35068,1.35508,10195
1644321600,1.3550900000000001,1.3563100000000001,1.35149,1.35376,11895
1644336000,1.35376,1.35557,1.35347,1.35435,10274
1644350400,1.35433,1.3555,1.35366,1.35465,4457
1644364800,1.35443,1.35547,1.35339,1.35547,3063
1644379200,1.35547,1.3565800000000001,1.3554,1.35548,3623
1644393600,1.35547,1.35728,1.35366,1.35683,8485
1644408000,1.35683,1.35884,1.35633,1.3578700000000001,9196
1644422400,1.35788,1.35793,1.3529200000000001,1.35381,11414
1644436800,1.3538000000000001,1.35402,1.3525800000000001,1.35342,4388
1644451200,1.35339,1.35361,1.35257,1.35307,3135
1644465600,1.35308,1.35357,1.35255,1.35297,4161
1644480000,1.35296,1.35734,1.35284,1.3571,8022
1644494400,1.35708,1.35798,1.3523,1.35458,17722
1644508800,1.35459,1.3642699999999999,1.35224,1.36113,34761
1644523200,1.36112,1.362,1.35404,1.35585,17311
1644537600,1.35574,1.35614,1.35323,1.35495,7185
1644552000,1.35494,1.3554599999999999,1.35195,1.35323,9249
1644566400,1.35323,1.35682,1.3513,1.35551,17304
1644580800,1.3555,1.35981,1.35461,1.35724,12269
1644595200,1.35725,1.36086,1.35667,1.36003,20899
1644609600,1.36002,1.36048,1.35402,1.35606,36825
1644796800,1.35517,1.3571,1.3547,1.35532,6282
1644811200,1.35532,1.35533,1.35337,1.35461,8826
1644825600,1.3546,1.35461,1.34941,1.35121,16710
1644840000,1.35121,1.35467,1.3501,1.35267,22013
1644854400,1.3526799999999999,1.3538999999999999,1.35084,1.35301,24478
1644868800,1.35302,1.35401,1.35142,1.35327,16051
1644883200,1.35297,1.35454,1.35178,1.35369,5069
1644897600,1.35369,1.35428,1.35285,1.35297,7212
1644912000,1.35294,1.3566099999999999,1.35267,1.35507,15995
1644926400,1.35506,1.35625,1.35282,1.3541400000000001,16985
1644940800,1.35415,1.35513,1.34857,1.35312,23494
1644955200,1.35311,1.35423,1.35271,1.35423,7885
1644969600,1.35389,1.35463,1.3524,1.35457,5720
1644984000,1.35457,1.35526,1.35377,1.35504,4244
1644998400,1.35504,1.35731,1.35472,1.35619,12744
1645012800,1.35618,1.35738,1.35386,1.35492,14182
1645027200,1.35491,1.35907,1.35407,1.35799,17172
1645041600,1.35799,1.36001,1.35693,1.35825,14214
1645056000,1.35815,1.35924,1.35769,1.35894,5342
1645070400,1.35895,1.3596599999999999,1.35545,1.35826,15430
1645084800,1.35824,1.36074,1.35674,1.36038,20807
1645099200,1.3604,1.36277,1.35956,1.36168,16401
1645113600,1.36167,1.36372,1.36075,1.36229,23281
1645128000,1.36228,1.36308,1.3612600000000001,1.36131,7962
1645142400,1.36123,1.36193,1.36022,1.36087,6927
1645156800,1.36086,1.3613,1.35991,1.36084,6338
1645171200,1.3608500000000001,1.36418,1.36056,1.36225,12793
1645185600,1.36226,1.3627799999999999,1.36003,1.36054,14769
1645200000,1.36055,1.36112,1.35723,1.35818,23621
1645214400,1.35819,1.36052,1.35812,1.35926,6641
1645401600,1.35865,1.36158,1.35806,1.3612600000000001,7121
1645416000,1.3612600000000001,1.36237,1.36111,1.36182,6036
1645430400,1.36179,1.36375,1.36174,1.3635,11442
1645444800,1.36351,1.36375,1.35924,1.3603399999999999,14305
1645459200,1.3603399999999999,1.36174,1.35987,1.3615300000000001,14835
1645473600,1.36154,1.3617,1.35955,1.36002,6283
1645488000,1.35989,1.35998,1.35797,1.35826,6712
1645502400,1.35826,1.35977,1.35789,1.35964,8574
1645516800,1.35965,1.35967,1.35549,1.35785,18612
1645531200,1.3578700000000001,1.35882,1.3542,1.35504,20796
1645545600,1.3550499999999999,1.36038,1.35374,1.35931,21550
1645560000,1.3593199999999999,1.3596599999999999,1.3575,1.35849,13213
1645574400,1.35815,1.36035,1.35713,1.35991,4994
1645588800,1.3599,1.36023,1.3584100000000001,1.3591199999999999,8065
1645603200,1.35911,1.36197,1.3587799999999999,1.36028,14963
1645617600,1.3602699999999999,1.3612600000000001,1.35809,1.36051,14938
1645632000,1.3605,1.36059,1.35472,1.35497,19605
1645646400,1.35496,1.35525,1.35349,1.35435,9917
1645660800,1.35426,1.35484,1.35287,1.35378,6462
1645675200,1.35379,1.35392,1.34852,1.34964,27052
1645689600,1.3496299999999999,1.3512,1.34322,1.34331,33425
1645704000,1.3433,1.34413,1.3354300000000001,1.33579,32936
1645718400,1.33578,1.3379400000000001,1.3272,1.33666,40763
1645732800,1.3366500000000001,1.34039,1.33586,1.33722,27404
1645747200,1.33715,1.33902,1.33673,1.33899,11915
1645761600,1.33898,1.34379,1.33887,1.34354,13853
1645776000,1.34354,1.34361,1.33698,1.3373599999999999,24332
1645790400,1.33737,1.34114,1.33669,1.33975,26394
1645804800,1.33975,1.34237,1.33657,1.33826,27530
1645819200,1.33827,1.34182,1.33826,1.34106,10269
1646006400,1.33305,1.33807,1.3324099999999999,1.33617,16386
1646020800,1.33618,1.33659,1.33403,1.33608,11767
1646035200,1.33608,1.3387,1.3351,1.3375,27811
1646049600,1.33749,1.34118,1.33748,1.34117,23426
1646064000,1.34118,1.34308,1.33854,1.33897,28655
1646078400,1.33897,1.34238,1.33893,1.34209,11198
1646092800,1.34181,1.34225,1.34061,1.34152,3580
1646107200,1.34151,1.34208,1.34042,1.34176,11680
1646121600,1.34176,1.34365,1.34127,1.34127,17780
1646136000,1.3412600000000001,1.34239,1.33817,1.34012,23679
1646150400,1.34013,1.3406799999999999,1.33034,1.3311600000000001,31353
1646164800,1.3311600000000001,1.3333300000000001,1.33014,1.33236,16645
1646179200,1.33221,1.33382,1.33157,1.333,4369
1646193600,1.3329900000000001,1.3332899999999999,1.3301,1.33019,8772
1646208000,1.3302,1.33152,1.32707,1.33073,28057
1646222400,1.33072,1.3347,1.3303,1.33467,25846
1646236800,1.33467,1.33719,1.3308900000000001,1.33581,41709
1646251200,1.33581,1.34061,1.3357999999999999,1.34049,12741
1646265600,1.3403800000000001,1.34042,1.33765,1.33826,6946
1646280000,1.33826,1.34112,1.33765,1.3407499999999999,7162
1646294400,1.34073,1.3417,1.33679,1.33801,18945
1646308800,1.33801,1.3391899999999999,1.33617,1.33776,20009
1646323200,1.33776,1.3391600000000001,1.33166,1.3332899999999999,31710
1646337600,1.33328,1.33563,1.33281,1.33479,11732
1646352000,1.3347,1.3352,1.33147,1.33448,15269
1646366400,1.33448,1.33475,1.33325,1.33371,11935
1646380800,1.33371,1.33443,1.33018,1.33037,16951
1646395200,1.33038,1.3316,1.32191,1.323,24514
1646409600,1.323,1.32476,1.32015,1.32272,29562
1646424000,1.32273,1.32487,1.32162,1.32344,12514
1646611200,1.32207,1.32372,1.31842,1.32005,14347
1646625600,1.32006,1.32224,1.31883,1.32129,14993
1646640000,1.32128,1.32275,1.31551,1.3167900000000001,27073
1646654400,1.31677,1.3213599999999999,1.31405,1.31723,37299
1646668800,1.31723,1.31973,1.3101,1.31112,39705
1646683200,1.31112,1.31299,1.31018,1.31021,16140
1646697600,1.31022,1.3127499999999999,1.31007,1.3121800000000001,9603
1646712000,1.31219,1.31301,1.31059,1.31103,11813
1646726400,1.31104,1.3130600000000001,1.30811,1.31192,34935
1646740800,1.31192,1.31328,1.30847,1.3106200000000001,24852
1646755200,1.31055,1.3143799999999999,1.30888,1.3133,43761
1646769600,1.31328,1.31433,1.30919,1.30988,23555
1646784000,1.3097699999999999,1.31159,1.30874,1.31119,6969
1646798400,1.31119,1.31267,1.31052,1.3112300000000001,9115
1646812800,1.3112300000000001,1.31529,1.31041,1.31495,19565
1646827200,1.3149600000000001,1.31799,1.31364,1.31605,20696
1646841600,1.31606,1.31829,1.31463,1.31814,32848
1646856000,1.31815,1.3189,1.31592,1.31819,10766
1646870400,1.3181,1.31866,1.31427,1.31578,7141
1646884800,1.31577,1.31757,1.31498,1.3175,9370
1646899200,1.31751,1.31938,1.31458,1.31678,21599
1646913600,1.3167900000000001,1.31929,1.3140800000000001,1.31768,32683
1646928000,1.3176700000000001,1.31779,1.3090899999999999,1.30968,25377
1646942400,1.30969,1.31142,1.30807,1.30809,8347
1646956800,1.30812,1.31033,1.30736,1.30796,5389
1646971200,1.30799,1.3093,1.30685,1.30732,7172
1646985600,1.3073299999999999,1.31012,1.30502,1.30736,19423
1647000000,1.30736,1.3124,1.30698,1.30936,27466
1647014400,1.30936,1.30991,1.30414,1.30422,25352
1647028800,1.30424,1.30499,1.30266,1.30358,9668
1647216000,1.30328,1.30514,1.30278,1.30291,7981
1647230400,1.30292,1.3030300000000001,1.30088,1.30171,8449
1647244800,1.3017,1.30565,1.30126,1.30434,16226
1647259200,1.30435,1.30783,1.30183,1.3047900000000001,20209
1647273600,1.30478,1.30676,1.3023799999999999,1.3026200000000001,22009
1647288000,1.30263,1.30266,1.29988,1.30017,6568
1647302400,1.30017,1.30163,1.29996,1.30064,7120
1647316800,1.30063,1.3048899999999999,1.3006,1.30463,11386
1647331200,1.30465,1.30504,1.30169,1.30407,22143
1647345600,1.30404,1.30778,1.3031,1.3073000000000001,21001
1647360000,1.30729,1.30878,1.3039100000000001,1.30409,22313
1647374400,1.30408,1.30499,1.30203,1.30351,6889
1647388800,1.30347,1.30562,1.30346,1.30522,8526
1647403200,1.30522,1.30632,1.3047900000000001,1.30615,7718
1647417600,1.30614,1.30711,1.30349,1.30593,17575
1647432000,1.30593,1.31048,1.30518,1.30824,17870
1647446400,1.3082500000000001,1.3115700000000001,1.30736,1.30853,27620
1647460800,1.3072300000000001,1.3155700000000001,1.3042500000000001,1.31424,31465
1647475200,1.31424,1.31588,1.31249,1.31417,10081
1647489600,1.31418,1.31627,1.314,1.31536,9788
1647504000,1.31536,1.31904,1.31476,1.31728,16588
1647518400,1.31728,1.32103,1.30868,1.31164,26110
1647532800,1.31164,1.3173,1.31024,1.31676,18345
1647547200,1.31676,1.31695,1.31445,1.3148900000000001,6223
1647561600,1.31456,1.31829,1.31447,1.31603,7296
1647576000,1.31603,1.31643,1.31503,1.31628,6916
1647590400,1.31629,1.3172,1.31288,1.31379,15184
1647604800,1.31379,1.31467,1.3109600000000001,1.31303,16533
1647619200,1.31303,1.31961,1.31293,1.31884,19034
1647633600,1.31883,1.3189,1.31703,1.31757,6065
1647820800,1.31685,1.31756,1.31541,1.31653,6134
1647835200,1.3165200000000001,1.31654,1.31484,1.31539,5354
1647849600,1.31538,1.31693,1.31407,1.3149600000000001,13445
1647864000,1.31495,1.31868,1.3126,1.31725,15291
1647878400,1.31726,1.32092,1.31666,1.31761,19775
1647892800,1.31761,1.31773,1.31545,1.31612,7453
1647907200,1.31613,1.3168199999999999,1.31322,1.31421,7204
1647921600,1.3142,1.31535,1.31228,1.31256,10818
1647936000,1.31256,1.31959,1.31192,1.31843,18035
1647950400,1.31843,1.32675,1.31772,1.3266499999999999,20709
1647964800,1.32666,1.32729,1.32343,1.3250600000000001,20437
1647979200,1.32507,1.32656,1.32468,1.32576,6613
1647993600,1.32576,1.32801,1.32562,1.32798,6619
1648008000,1.32798,1.32977,1.32761,1.32857,9538
1648022400,1.32857,1.32866,1.32163,1.32263,14858
1648036800,1.32263,1.32314,1.3174299999999999,1.31745,20331
1648051200,1.31744,1.3213599999999999,1.31744,1.32065,18047
1648065600,1.32066,1.3212,1.3199100000000001,1.3201100000000001,5519
1648080000,1.32013,1.3212,1.3182800000000001,1.31906,8312
1648094400,1.31907,1.31949,1.3181,1.3183099999999999,10508
1648108800,1.31832,1.32046,1.31561,1.31744,18344
1648123200,1.3174299999999999,1.32131,1.31669,1.31795,22464
1648137600,1.31795,1.32046,1.3166,1.31703,23709
1648152000,1.31702,1.31946,1.31662,1.31796,7179
1648166400,1.31792,1.3212,1.31792,1.3212,9008
1648180800,1.3212,1.32239,1.3198699999999999,1.32172,9972
1648195200,1.32173,1.3219,1.31586,1.31635,16621
1648209600,1.31633,1.32044,1.31623,1.31859,17596
1648224000,1.31859,1.32217,1.31799,1.31937,25909
1648238400,1.31938,1.31972,1.31761,1.31788,8638
1648425600,1.3176700000000001,1.31814,1.31551,1.31579,4542
1648440000,1.31579,1.3165200000000001,1.31446,1.31458,14787
1648454400,1.31457,1.31665,1.31297,1.31619,23038
1648468800,1.31617,1.31617,1.30959,1.30998,24551
1648483200,1.30997,1.31045,1.3066,1.30891,25925
1648497600,1.3089,1.30986,1.3081,1.3093,9363
1648512000,1.30921,1.31053,1.30779,1.30792,6119
1648526400,1.30792,1.31048,1.30792,1.30922,12193
1648540800,1.30921,1.31146,1.30553,1.30589,19793
1648555200,1.3059,1.31588,1.305,1.31448,37214
1648569600,1.31446,1.31563,1.308,1.30851,35626
1648584000,1.3085,1.31048,1.30592,1.30925,9977
1648598400,1.30901,1.31013,1.30822,1.30971,5801
1648612800,1.3096999999999999,1.31109,1.30917,1.30997,17790
1648627200,1.30997,1.31405,1.3098,1.31395,24532
1648641600,1.31396,1.31668,1.31287,1.3158,23476
1648656000,1.3158,1.31819,1.31395,1.31429,24674
1648670400,1.31429,1.31433,1.31259,1.3134299999999999,8053
1648684800,1.31334,1.31417,1.31276,1.31407,6672
1648699200,1.3140800000000001,1.3143,1.3109199999999999,1.31145,12097
1648713600,1.31145,1.3147199999999999,1.3109600000000001,1.31201,21182
1648728000,1.31202,1.314,1.31113,1.31384,21130
1648742400,1.31383,1.31746,1.3105,1.31375,31478
1648756800,1.31373,1.31516,1.31295,1.31411,9307
1648771200,1.31393,1.31506,1.313,1.31363,6871
1648785600,1.31364,1.31387,1.3121,1.31297,10215
1648800000,1.31298,1.3138,1.31121,1.31276,16647
1648814400,1.31277,1.31446,1.3107199999999999,1.31113,17713
1648828800,1.31112,1.31172,1.30856,1.31036,21719
1648843200,1.31037,1.31146,1.3091300000000001,1.31102,8600
1649030400,1.3102,1.31152,1.30933,1.31113,4140
1649044800,1.31114,1.31192,1.31061,1.3117,6977
1649059200,1.31171,1.31358,1.31132,1.3114,13745
1649073600,1.31141,1.31229,1.30923,1.31063,13853
1649088000,1.31064,1.3128199999999999,1.30985,1.31029,15235
1649102400,1.3102800000000001,1.3119399999999999,1.30961,1.3115299999999999,6716
1649116800,1.31137,1.3115700000000001,1.31052,1.31102,3384
1649131200,1.31102,1.3123,1.31061,1.3119399999999999,7386
1649145600,1.3119399999999999,1.31439,1.31143,1.3119100000000001,13423
1649160000,1.3119,1.31417,1.31177,1.31353,11776
1649174400,1.31354,1.31659,1.30813,1.3084,18733
1649188800,1.30839,1.3094999999999999,1.30659,1.307,8159
1649203200,1.3070599999999999,1.30781,1.30627,1.30639,3210
1649217600,1.30639,1.30768,1.30554,1.30675,8024
1649232000,1.30676,1.3097400000000001,1.30446,1.30962,13916
1649246400,1.30963,1.3107199999999999,1.30709,1.3093,15673
1649260800,1.30932,1.30987,1.30674,1.30754,18132
1649275200,1.30753,1.31016,1.30473,1.3067,18315
1649289600,1.3066200000000001,1.30799,1.30514,1.30759,4463
1649304000,1.30759,1.30827,1.30677,1.30813,7913
1649318400,1.30813,1.3106,1.30702,1.30718,13444
1649332800,1.30717,1.30944,1.3062,1.30691,16057
1649347200,1.30692,1.30834,1.30507,1.30532,19075
1649361600,1.30532,1.30756,1.30532,1.3075,8938
1649376000,1.30746,1.3079,1.30639,1.30689,4800
1649390400,1.30689,1.3076400000000001,1.30597,1.30597,7794
1649404800,1.30597,1.30731,1.30251,1.3042799999999999,13075
1649419200,1.3042799999999999,1.30512,1.30119,1.30224,13358
1649433600,1.30223,1.30332,1.29812,1.30307,17616
1649448000,1.30308,1.30388,1.30207,1.30327,6666
1649635200,1.3029899999999999,1.3038699999999999,1.30197,1.302,4210
1649649600,1.302,1.30311,1.3007900000000001,1.30159,11973
1649664000,1.3016,1.30344,1.29881,1.30278,18127
1649678400,1.30277,1.30558,1.3018100000000001,1.30359,15757
1649692800,1.30356,1.30456,1.3017699999999999,1.3023799999999999,21413
1649707200,1.3023799999999999,1.30378,1.30187,1.30271,8096
1649721600,1.30271,1.30369,1.30169,1.3019,5011
1649736000,1.3019,1.30305,1.30033,1.3025,10240
1649750400,1.30251,1.30335,1.3,1.3002099999999999,18033
1649764800,1.3002099999999999,1.30491,1.29929,1.30481,18881
1649779200,1.3048,1.30531,1.30154,1.30209,29610
1649793600,1.3020800000000001,1.30244,1.29983,1.2999800000000001,11352
1649808000,1.2999800000000001,1.3005200000000001,1.29865,1.29916,4060
1649822400,1.29917,1.30139,1.29911,1.30029,9395
1649836800,1.30029,1.30244,1.29721,1.3005900000000001,17153
1649851200,1.3005900000000001,1.3023799999999999,1.2989600000000001,1.29938,17411
1649865600,1.29939,1.31022,1.29919,1.30927,24848
1649880000,1.30927,1.31163,1.3087900000000001,1.31163,8760
1649894400,1.31127,1.31294,1.3092,1.31148,4075
1649908800,1.31148,1.31406,1.31124,1.3136999999999999,8696
1649923200,1.31371,1.31463,1.3125499999999999,1.31344,11531
1649937600,1.31345,1.31454,1.30937,1.30953,20871
1649952000,1.30954,1.30961,1.30325,1.30561,32501
1649966400,1.3056,1.30816,1.30556,1.30785,7338
1649980800,1.30768,1.30768,1.30436,1.3054999999999999,4959
1649995200,1.3054999999999999,1.30688,1.3043,1.30674,15561
1650009600,1.30673,1.30727,1.3045499999999999,1.3063799999999999,17256
1650024000,1.3063500000000001,1.3069600000000001,1.30542,1.30641,21198
1650038400,1.30637,1.30681,1.30558,1.30584,7452
1650240000,1.30472,1.30634,1.30341,1.30433,5736
1650254400,1.30434,1.30521,1.30178,1.3020800000000001,10657
1650268800,1.30209,1.30284,1.30056,1.30139,8698
1650283200,1.30139,1.30441,1.30092,1.3035700000000001,8908
1650297600,1.30358,1.30439,1.30039,1.30088,13448
1650312000,1.30087,1.30179,1.3004,1.30094,7005
1650326400,1.30088,1.30179,1.30003,1.30051,3741
1650340800,1.3005200000000001,1.30101,1.29884,1.29978,11036
1650355200,1.29978,1.30393,1.2987199999999999,1.30392,16534
1650369600,1.30393,1.30399,1.29961,1.3000099999999999,17332
1650384000,1.3000099999999999,1.30115,1.29795,1.3006199999999999,21993
1650398400,1.3006199999999999,1.30141,1.29908,1.29996,8229
1650412800,1.29987,1.30196,1.29871,1.3018100000000001,4971
1650427200,1.30182,1.30446,1.30102,1.30355,13975
1650441600,1.30354,1.30374,1.29955,1.30287,14965
1650456000,1.30287,1.30655,1.3022,1.30542,17408
1650470400,1.30541,1.30648,1.30335,1.305,21472
1650484800,1.30501,1.30698,1.30483,1.30653,9901
1650499200,1.30615,1.30727,1.3042099999999999,1.30519,7530
1650513600,1.3052000000000001,1.30606,1.30415,1.30505,10712
1650528000,1.30505,1.30817,1.30476,1.30594,19238
1650542400,1.30594,1.30892,1.30234,1.30463,15516
1650556800,1.3046,1.30753,1.30215,1.30342,22598
1650571200,1.30343,1.30471,1.30218,1.3026200000000001,13798
1650585600,1.30264,1.30342,1.30145,1.30226,5308
1650600000,1.30226,1.3030599999999999,1.301,1.30254,14092
1650614400,1.30253,1.30323,1.28819,1.2886,23100
1650628800,1.2885900000000001,1.29154,1.28612,1.28797,17739
1650643200,1.28796,1.28939,1.2828,1.28355,26200
1650657600,1.28355,1.2844,1.28221,1.2836699999999999,11059
1650844800,1.28307,1.28396,1.2816,1.28207,7003
1650859200,1.28207,1.28246,1.2791299999999999,1.27987,15070
1650873600,1.27986,1.2806600000000001,1.27279,1.27461,27552
1650888000,1.2746,1.27542,1.27043,1.2736100000000001,26326
1650902400,1.2736100000000001,1.2737,1.2696399999999999,1.27291,30426
1650916800,1.27289,1.27439,1.27209,1.27405,15452
1650931200,1.27397,1.27467,1.27169,1.2745600000000001,6434
1650945600,1.27455,1.27712,1.27349,1.2760099999999999,12563
1650960000,1.2760099999999999,1.27607,1.271,1.27203,21201
1650974400,1.27202,1.27257,1.26695,1.26792,12008
1650988800,1.26793,1.26967,1.25995,1.26104,18723
1651003200,1.26104,1.26132,1.25705,1.25732,7598
1651017600,1.25748,1.25864,1.25595,1.25804,4460
1651032000,1.25803,1.25908,1.25733,1.25838,9600
1651046400,1.25837,1.25965,1.25354,1.25376,14979
1651060800,1.25376,1.26011,1.25266,1.2541,15911
1651075200,1.25409,1.25779,1.25018,1.25665,21007
1651089600,1.25666,1.25684,1.25346,1.2545899999999999,8092
1651104000,1.25452,1.25452,1.25258,1.25317,4886
1651118400,1.25315,1.25448,1.25079,1.2515100000000001,9351
1651132800,1.2515100000000001,1.2569,1.2490700000000001,1.25353,16677
1651147200,1.25352,1.25388,1.24208,1.24294,19080
1651161600,1.24297,1.24693,1.2410700000000001,1.24632,22288
1651176000,1.24632,1.24729,1.24462,1.24612,6562
1651190400,1.24559,1.24865,1.24378,1.24841,3319
1651204800,1.2484,1.24961,1.24651,1.24933,6344
1651219200,1.24932,1.25742,1.24931,1.25523,11961
1651233600,1.25523,1.25847,1.2532,1.25453,13497
1651248000,1.25451,1.25776,1.25294,1.25772,26363
1651262400,1.25773,1.26135,1.25689,1.2575,9883
1651449600,1.25785,1.25962,1.25665,1.25682,6586
1651464000,1.25682,1.25758,1.2545600000000001,1.25509,7545
1651478400,1.2551,1.25866,1.25389,1.25721,13202
1651492800,1.2572,1.25797,1.25339,1.2536100000000001,9466
1651507200,1.2536,1.2548599999999999,1.24927,1.24969,16886
1651521600,1.2497,1.2499500000000001,1.24719,1.24927,9272
1651536000,1.24914,1.25203,1.24786,1.25189,3093
1651550400,1.25189,1.2540499999999999,1.25086,1.25121,6286
1651564800,1.2511999999999999,1.25545,1.25048,1.25399,16051
1651579200,1.25399,1.25664,1.24918,1.25564,13820
1651593600,1.25564,1.25653,1.24865,1.2487300000000001,17010
1651608000,1.24874,1.25136,1.24697,1.2494,9698
1651622400,1.24936,1.2505,1.24807,1.24957,3814
1651636800,1.24958,1.24999,1.2481,1.24814,5296
1651651200,1.24814,1.25236,1.24662,1.25143,9660
1651665600,1.25144,1.25354,1.25015,1.25293,9691
1651680000,1.2529,1.25365,1.24667,1.24933,17245
1651694400,1.24932,1.26372,1.24506,1.26311,43876
1651708800,1.26289,1.26315,1.25998,1.26083,4934
1651723200,1.26083,1.26321,1.25406,1.25457,10541
1651737600,1.2545899999999999,1.25672,1.25167,1.25455,15709
1651752000,1.25455,1.2577,1.23606,1.23882,23881
1651766400,1.23884,1.24114,1.23255,1.2337,23019
1651780800,1.23371,1.23684,1.23243,1.23553,15447
1651795200,1.23554,1.23795,1.23535,1.23653,5544
1651809600,1.23653,1.23734,1.23325,1.23673,12984
1651824000,1.23674,1.23674,1.22754,1.23394,24614
1651838400,1.23394,1.23788,1.23175,1.23218,21359
1651852800,1.23216,1.23694,1.2300200000000001,1.23562,40975
1651867200,1.23563,1.23615,1.2322,1.23346,15085
1652054400,1.23333,1.2343600000000001,1.23015,1.23027,5011
1652068800,1.23026,1.23114,1.22801,1.22824,10603
1652083200,1.22824,1.23064,1.22602,1.2269700000000001,15745
1652097600,1.2269700000000001,1.24052,1.22681,1.23891,19633
1652112000,1.2389000000000001,1.23899,1.23,1.23472,27675
1652126400,1.23469,1.23544,1.23254,1.23267,12136
1652140800,1.23272,1.23413,1.2317,1.23299,4702
1652155200,1.23298,1.23715,1.23232,1.23647,8497
1652169600,1.23647,1.23749,1.23161,1.23366,16113
1652184000,1.23364,1.23578,1.23035,1.23182,15371
1652198400,1.23181,1.23406,1.22906,1.23089,38838
1652212800,1.23088,1.23297,1.23015,1.23157,19939
1652227200,1.23139,1.23258,1.23038,1.23159,5057
1652241600,1.2316,1.23393,1.23113,1.23348,11139
1652256000,1.23349,1.23724,1.23217,1.23719,17654
1652270400,1.23718,1.23888,1.22763,1.22868,30056
1652284800,1.22867,1.23994,1.22818,1.22888,52626
1652299200,1.22888,1.22919,1.22364,1.22445,21961
1652313600,1.2245,1.22511,1.22241,1.22435,8961
1652328000,1.22436,1.22455,1.2206299999999999,1.22072,15563
1652342400,1.22071,1.22202,1.21788,1.21789,35162
1652356800,1.21788,1.22466,1.21641,1.22269,29583
1652371200,1.22269,1.22425,1.21866,1.2190699999999999,42756
1652385600,1.2190699999999999,1.21986,1.21725,1.21974,21409
1652400000,1.21964,1.22133,1.21917,1.22065,6864
1652414400,1.22065,1.2226,1.21922,1.2222,14335
1652428800,1.2222,1.22305,1.21984,1.22043,22124
1652443200,1.22044,1.22156,1.21734,1.21986,18048
1652457600,1.21985,1.22479,1.21547,1.22352,26775
1652472000,1.22353,1.22591,1.22193,1.22577,10503
1652659200,1.2248,1.22698,1.22414,1.22684,9747
1652673600,1.22685,1.22957,1.22321,1.22394,14445
1652688000,1.22395,1.22525,1.22164,1.22347,21123
1652702400,1.22348,1.22698,1.22181,1.2253,19334
1652716800,1.22531,1.22803,1.22354,1.22746,27399
1652731200,1.22745,1.23286,1.22729,1.23215,10772
1652745600,1.23199,1.23363,1.23141,1.23282,5645
1652760000,1.23283,1.23455,1.23196,1.23418,10455
1652774400,1.23418,1.24818,1.2334100000000001,1.2475,20336
1652788800,1.2475100000000001,1.24978,1.24415,1.24876,30782
1652803200,1.24875,1.24886,1.24486,1.24797,27800
1652817600,1.24795,1.24926,1.24515,1.24905,23034
1652832000,1.24876,1.24996,1.24804,1.24878,5526
1652846400,1.24879,1.24923,1.24619,1.24711,10588
1652860800,1.2471,1.2494399999999999,1.2370700000000001,1.23733,19900
1652875200,1.23732,1.2435,1.23729,1.24184,20447
1652889600,1.24184,1.24254,1.23722,1.23816,28951
1652904000,1.23816,1.2382900000000001,1.23292,1.23396,16013
1652918400,1.23388,1.2364,1.23335,1.23519,8989
1652932800,1.23519,1.2393399999999999,1.23383,1.23852,14011
1652947200,1.23851,1.24061,1.23372,1.2391,26064
1652961600,1.23909,1.24371,1.23686,1.24279,31795
1652976000,1.24281,1.25237,1.24252,1.24976,46216
1652990400,1.24975,1.25114,1.24708,1.24775,25202
1653004800,1.24731,1.24741,1.24496,1.24626,7663
1653019200,1.24626,1.24681,1.24363,1.24535,16256
1653033600,1.24535,1.24955,1.24467,1.24859,25486
1653048000,1.24859,1.24899,1.2460499999999999,1.24777,18962
1653062400,1.24776,1.24988,1.24514,1.24712,30513
1653076800,1.24711,1.24955,1.24523,1.24896,18864
1653264000,1.24738,1.25289,1.24704,1.25252,7420
1653278400,1.25253,1.25519,1.25213,1.2545,14596
1653292800,1.25448,1.25747,1.2540200000000001,1.25708,24613
1653307200,1.25708,1.26002,1.25622,1.25667,21043
1653321600,1.25666,1.25925,1.25553,1.25675,26340
1653336000,1.2567599999999999,1.25873,1.25575,1.25873,10680
1653350400,1.25846,1.25862,1.25559,1.25577,6099
1653364800,1.25579,1.2568,1.2546599999999999,1.25593,10674
1653379200,1.25594,1.25975,1.24738,1.24854,25364
1653393600,1.24854,1.2521499999999999,1.24707,1.24909,22461
1653408000,1.24908,1.25538,1.24823,1.25343,36685
1653422400,1.25343,1.25427,1.25095,1.2534100000000001,16872
1653436800,1.25326,1.25479,1.2521,1.25267,6316
1653451200,1.25268,1.25417,1.25131,1.2537099999999999,15062
1653465600,1.25372,1.2559,1.25192,1.25223,23438
1653480000,1.2522199999999999,1.25227,1.24803,1.24996,24950
1653494400,1.24998,1.25575,1.24922,1.25313,28072
1653508800,1.25313,1.25899,1.25236,1.25805,21863
1653523200,1.2577099999999999,1.26112,1.25627,1.2604,5770
1653537600,1.2603900000000001,1.26081,1.25637,1.25672,17476
1653552000,1.25671,1.25966,1.2551,1.25632,19422
1653566400,1.25633,1.26199,1.2557,1.2563,25714
1653580800,1.25629,1.25865,1.25521,1.2574100000000001,24853
1653595200,1.25742,1.26074,1.2567300000000001,1.26068,10122
1653609600,1.26002,1.2625,1.25736,1.26206,6060
1653624000,1.26207,1.26658,1.26145,1.26515,16468
1653638400,1.26514,1.26514,1.26068,1.26174,18437
1653652800,1.26174,1.26431,1.25851,1.2624,19786
1653667200,1.26238,1.26531,1.25959,1.26065,23095
1653681600,1.26063,1.2631000000000001,1.26018,1.26285,6498
1653868800,1.26139,1.26336,1.26088,1.2627,5365
1653883200,1.26269,1.26567,1.26204,1.26456,12418
1653897600,1.26454,1.26501,1.26152,1.26285,18099
1653912000,1.26284,1.26545,1.26241,1.26311,15241
1653926400,1.26311,1.26589,1.26305,1.2653699999999999,15169
1653940800,1.26536,1.26579,1.26518,1.26543,9289
1653955200,1.26526,1.26526,1.26092,1.26111,9614
1653969600,1.26112,1.2628300000000001,1.25971,1.26113,19161
1653984000,1.26112,1.26305,1.25903,1.26116,18936
1653998400,1.26116,1.26179,1.25593,1.2561200000000001,21723
1654012800,1.25613,1.26294,1.25613,1.2618800000000001,32790
1654027200,1.2618800000000001,1.26228,1.25977,1.26043,11497
1654041600,1.26025,1.26157,1.25953,1.26082,4068
1654056000,1.26082,1.26083,1.25745,1.25815,11847
1654070400,1.25815,1.26111,1.25743,1.25774,20094
1654084800,1.25773,1.2604,1.25584,1.25866,17255
1654099200,1.25867,1.25937,1.2457799999999999,1.24692,34703
1654113600,1.24692,1.25014,1.24686,1.24852,15319
1654128000,1.24844,1.24908,1.24735,1.2485,4111
1654142400,1.2485,1.24868,1.24705,1.24847,10324
1654156800,1.24847,1.25437,1.24681,1.2536399999999999,13465
1654171200,1.2536100000000001,1.2570299999999999,1.25345,1.25539,16175
1654185600,1.2554,1.25809,1.25238,1.25803,26361
1654200000,1.25803,1.25857,1.25633,1.2577099999999999,10413
1654214400,1.25757,1.2588599999999999,1.25701,1.25776,4700
1654228800,1.25776,1.2584,1.2567599999999999,1.25694,9989
1654243200,1.25695,1.2582499999999999,1.25583,1.2573400000000001,11457
1654257600,1.25733,1.25756,1.25197,1.2534100000000001,17416
1654272000,1.25342,1.25724,1.24908,1.25137,25439
1654286400,1.25138,1.25147,1.24842,1.24846,10359
1654473600,1.24844,1.25015,1.24801,1.24814,4781
1654488000,1.24813,1.24997,1.24755,1.24984,10606
1654502400,1.24985,1.25765,1.24896,1.25717,18290
1654516800,1.25717,1.25722,1.25404,1.25553,13206
1654531200,1.25553,1.25601,1.25244,1.25387,23704
1654545600,1.25388,1.25471,1.25254,1.25261,11311
1654560000,1.25263,1.25296,1.2511999999999999,1.2515800000000001,7628
1654574400,1.2515800000000001,1.25218,1.24874,1.24903,18037
1654588800,1.24904,1.2533400000000001,1.24294,1.2493400000000001,29468
1654603200,1.24933,1.25183,1.24853,1.24862,19679
1654617600,1.24862,1.2598799999999999,1.24811,1.25923,26271
1654632000,1.2592400000000001,1.2598500000000001,1.25715,1.25896,8875
1654646400,1.25892,1.25964,1.25733,1.25739,4755
1654660800,1.25738,1.2586,1.25556,1.25564,17684
1654675200,1.25563,1.25826,1.25175,1.2521,21629
1654689600,1.25209,1.25589,1.25122,1.25356,21177
1654704000,1.25357,1.25634,1.25305,1.2546599999999999,24309
1654718400,1.2546599999999999,1.25476,1.25338,1.25351,11626
1654732800,1.25347,1.25449,1.25275,1.25333,7888
1654747200,1.25332,1.25474,1.2519,1.25278,12316
1654761600,1.25278,1.25319,1.24911,1.25247,19059
1654776000,1.25248,1.25476,1.25123,1.2530700000000001,30911
1654790400,1.25306,1.25574,1.2506300000000001,1.25137,36721
1654804800,1.25136,1.25218,1.24863,1.24954,12439
1654819200,1.24942,1.24991,1.24816,1.24985,5977
1654833600,1.24986,1.25006,1.24781,1.24953,12269
1654848000,1.24954,1.25167,1.24683,1.24814,23454
1654862400,1.24813,1.24833,1.23816,1.23823,29980
1654876800,1.23822,1.24133,1.23086,1.23103,39226
1654891200,1.23102,1.2321900000000001,1.2300200000000001,1.23084,16357
1655078400,1.23143,1.23193,1.227,1.22747,11616
1655092800,1.22747,1.22907,1.22611,1.22847,21843
1655107200,1.22848,1.22994,1.2211400000000001,1.22184,30451
1655121600,1.22183,1.22218,1.21607,1.21938,31426
1655136000,1.21939,1.21993,1.21227,1.21726,39307
1655150400,1.21726,1.21858,1.21059,1.21346,28866
1655164800,1.21336,1.21601,1.21164,1.21547,10220
1655179200,1.21546,1.2195,1.21332,1.21757,27260
1655193600,1.21755,1.22065,1.21485,1.21511,32211
1655208000,1.2151,1.21582,1.20614,1.20759,37533
1655222400,1.20759,1.2083,1.19882,1.19939,48314
1655236800,1.1993800000000001,1.20303,1.19326,1.19947,22645
1655251200,1.19942,1.20183,1.19841,1.20179,10918
1655265600,1.20179,1.20403,1.19974,1.20004,20487
1655280000,1.20005,1.20888,1.19884,1.20875,38601
1655294400,1.20876,1.21243,1.20574,1.20627,37536
1655308800,1.2062599999999999,1.20961,1.20451,1.20633,32177
1655323200,1.20634,1.22037,1.20273,1.217,57599
1655337600,1.21705,1.21881,1.2157,1.21768,8912
1655352000,1.21767,1.21849,1.21406,1.21455,15825
1655366400,1.21455,1.2154,1.20573,1.21272,34702
1655380800,1.21271,1.2246,1.204,1.22205,50611
1655395200,1.22204,1.24057,1.22201,1.23795,52614
1655409600,1.23795,1.2397,1.23437,1.23506,30586
1655424000,1.23507,1.23592,1.23184,1.23239,11586
1655438400,1.2324,1.23301,1.22846,1.23047,22304
1655452800,1.23047,1.2342,1.22512,1.23149,34541
1655467200,1.23149,1.2334100000000001,1.22516,1.22662,31551
1655481600,1.22662,1.2267299999999999,1.21716,1.21875,47207
1655496000,1.21873,1.22312,1.21862,1.2216,18222
1655683200,1.22141,1.22304,1.22049,1.2222,11079
1655697600,1.2222,1.22523,1.21981,1.22344,20190
1655712000,1.22345,1.22523,1.22172,1.2245300000000001,27168
1655726400,1.22452,1.22796,1.22326,1.22618,21652
1655740800,1.22618,1.22618,1.22249,1.22535,20689
1655755200,1.22536,1.22588,1.22303,1.22449,4344
1655769600,1.22433,1.22704,1.2237,1.22685,8560
1655784000,1.22686,1.22825,1.2261199999999999,1.2263600000000001,12536
1655798400,1.22637,1.23234,1.22439,1.23089,21389
1655812800,1.23086,1.23171,1.22503,1.22657,22605
1655827200,1.22658,1.22937,1.22473,1.2271,29134
1655841600,1.2271,1.22807,1.22608,1.22769,10882
1655856000,1.22755,1.22784,1.22422,1.2245300000000001,7902
1655870400,1.2245300000000001,1.22587,1.22277,1.22323,16561
1655884800,1.22324,1.22423,1.216,1.22169,27606
1655899200,1.2217,1.22716,1.22137,1.22526,28127
1655913600,1.22527,1.2314,1.22471,1.22644,40494
1655928000,1.22645,1.22869,1.2256,1.22613,13532
1655942400,1.2260900000000001,1.22647,1.22409,1.22592,7316
1655956800,1.22591,1.22631,1.22303,1.2254,21552
1655971200,1.22541,1.22628,1.2169,1.21986,31570
1655985600,1.21987,1.2257500000000001,1.21934,1.22436,27492
1656000000,1.22437,1.22938,1.22201,1.2227000000000001,46708
1656014400,1.22271,1.22718,1.22187,1.22596,16067
1656028800,1.22576,1.227,1.22395,1.22492,9979
1656043200,1.22493,1.22838,1.22448,1.22785,12168
1656057600,1.22782,1.22836,1.2241900000000001,1.22746,22128
1656072000,1.22746,1.23089,1.2260900000000001,1.22825,24996
1656086400,1.22824,1.23198,1.2263600000000001,1.22676,40092
1656100800,1.22675,1.2286299999999999,1.22491,1.22698,10842
1656288000,1.22568,1.22957,1.22561,1.22692,10766
1656302400,1.22693,1.22895,1.22656,1.2282899999999999,16903
1656316800,1.22831,1.23316,1.22635,1.23161,21557
1656331200,1.23162,1.2318,1.22371,1.22545,21143
1656345600,1.22547,1.23125,1.22544,1.229,32889
1656360000,1.22899,1.2291,1.22613,1.22657,11746
1656374400,1.2265,1.22789,1.22601,1.22706,7206
1656388800,1.22705,1.22828,1.22599,1.22666,17992
1656403200,1.22667,1.22905,1.225,1.22834,24737
1656417600,1.22833,1.2284,1.221,1.22122,24448
1656432000,1.22125,1.22249,1.21841,1.21925,36775
1656446400,1.21925,1.21991,1.21797,1.21835,16502
1656460800,1.2183,1.22021,1.21741,1.21911,12994
1656475200,1.21912,1.2212,1.21879,1.21966,18362
1656489600,1.2196500000000001,1.22107,1.21646,1.21736,27803
1656504000,1.21734,1.21891,1.21408,1.21522,29785
1656518400,1.21521,1.21756,1.21048,1.2121,43389
1656532800,1.2121,1.2137,1.21128,1.21232,13413
1656547200,1.21224,1.21314,1.2117499999999999,1.21253,9168
1656561600,1.21254,1.21405,1.21066,1.21299,15583
1656576000,1.213,1.2165,1.21239,1.21414,28767
1656590400,1.21414,1.21416,1.20911,1.21217,25076
1656604800,1.21216,1.2187000000000001,1.21205,1.21762,42916
1656619200,1.21762,1.21874,1.21628,1.21769,18225
1656633600,1.21769,1.21769,1.21483,1.21529,7692
1656648000,1.21528,1.21561,1.21103,1.21183,20208
1656662400,1.21183,1.21376,1.20922,1.21002,29316
1656676800,1.21001,1.2116500000000001,1.2003,1.20063,30010
1656691200,1.20064,1.20625,1.19747,1.20449,44187
1656705600,1.20447,1.21059,1.2036,1.20926,12787
1656892800,1.20977,1.21203,1.20946,1.21051,10477
1656907200,1.21052,1.21078,1.20835,1.2092,18879
1656921600,1.2092100000000001,1.21256,1.20902,1.2121,17605
1656936000,1.2121,1.21643,1.21072,1.21523,17813
1656950400,1.21523,1.21599,1.2095,1.211,18239
1656964800,1.21101,1.21123,1.20963,1.20994,4810
1656979200,1.20996,1.21176,1.20955,1.21099,9325
1656993600,1.21098,1.21216,1.2097,1.21118,14210
1657008000,1.21117,1.21244,1.20419,1.20431,28568
1657022400,1.20432,1.20558,1.19586,1.19684,34808
1657036800,1.1968,1.19715,1.18976,1.19231,41556
1657051200,1.19231,1.19585,1.1916,1.1957200000000001,16037
1657065600,1.195,1.19642,1.19295,1.19642,9868
1657080000,1.19642,1.19709,1.19259,1.19342,21563
1657094400,1.19343,1.19884,1.19099,1.1959,31667
1657108800,1.19591,1.19624,1.1875,1.1896200000000001,39007
1657123200,1.1896200000000001,1.19398,1.18851,1.1908400000000001,51922
1657137600,1.1908400000000001,1.19444,1.19071,1.19208,24394
1657152000,1.19196,1.19295,1.19078,1.19247,9395
1657166400,1.19248,1.19522,1.19143,1.19471,15268
1657180800,1.19472,1.19932,1.19326,1.19681,28944
1657195200,1.19682,1.20228,1.19539,1.19631,31116
1657209600,1.1963,1.20132,1.19472,1.20072,35012
1657224000,1.20072,1.2028699999999999,1.19955,1.20227,11909
1657238400,1.20218,1.20512,1.20079,1.2049,6917
1657252800,1.20491,1.20553,1.19956,1.20135,21056
1657267200,1.20134,1.20135,1.19186,1.1934,30561
1657281600,1.1934,1.2029,1.19271,1.19856,34306
1657296000,1.19858,1.20473,1.19705,1.20182,37206
1657310400,1.20183,1.20341,1.2011,1.20329,10267
1657497600,1.20139,1.20356,1.20029,1.20079,10300
1657512000,1.20079,1.20086,1.19761,1.19869,13579
1657526400,1.19869,1.19885,1.19526,1.19655,22659
1657540800,1.19654,1.19764,1.19064,1.19221,24418
1657555200,1.1922,1.19221,1.1865700000000001,1.1882,38087
1657569600,1.1882,1.19088,1.18796,1.18885,15144
1657584000,1.18879,1.19089,1.18836,1.18917,8337
1657598400,1.18918,1.18927,1.1859,1.18636,23224
1657612800,1.18636,1.18725,1.18066,1.18288,35756
1657627200,1.18288,1.18811,1.18117,1.1858,29001
1657641600,1.1858,1.1915,1.18576,1.19093,26361
1657656000,1.1909399999999999,1.19117,1.18808,1.18857,8131
1657670400,1.18841,1.18886,1.18738,1.18786,4856
1657684800,1.18785,1.1918,1.18691,1.19004,12799
1657699200,1.19005,1.19352,1.18754,1.18894,24800
1657713600,1.18893,1.19418,1.18264,1.18548,29888
1657728000,1.18545,1.19664,1.18421,1.19202,45116
1657742400,1.19204,1.19316,1.18859,1.18889,13828
1657756800,1.18888,1.18914,1.18489,1.18567,7031
1657771200,1.18569,1.18831,1.18456,1.18595,13186
1657785600,1.18594,1.18742,1.18226,1.18412,24992
1657800000,1.18411,1.18759,1.181,1.18106,30882
1657814400,1.18106,1.18412,1.1759,1.17785,48021
1657828800,1.17787,1.18377,1.17768,1.18261,17608
1657843200,1.1824,1.18401,1.1817199999999999,1.1826,5806
1657857600,1.18259,1.18504,1.18247,1.18302,11360
1657872000,1.18302,1.18443,1.18035,1.18263,23326
1657886400,1.18263,1.18522,1.18061,1.18459,27613
1657900800,1.18461,1.18737,1.18129,1.18543,36427
1657915200,1.18545,1.18692,1.1848,1.18622,8263
1658102400,1.18615,1.18895,1.18614,1.18818,14328
1658116800,1.18817,1.19058,1.18804,1.18852,25981
1658131200,1.18852,1.19651,1.18773,1.19449,38661
1658145600,1.19449,1.19913,1.19408,1.19787,31774
1658160000,1.19786,1.20327,1.19686,1.19752,41874
1658174400,1.19753,1.19797,1.19453,1.19517,9593
1658188800,1.19505,1.19562,1.19314,1.1934,4630
1658203200,1.19342,1.19555,1.19242,1.19446,8859
1658217600,1.19447,1.20233,1.19428,1.20201,23119
1658232000,1.20202,1.20389,1.19989,1.20108,25765
1658246400,1.20105,1.20438,1.20039,1.20065,27751
1658260800,1.20066,1.20098,1.19847,1.19979,7661
1658275200,1.19974,1.20162,1.19916,1.20145,6037
1658289600,1.20146,1.20364,1.20084,1.20286,16357
1658304000,1.20286,1.20336,1.19878,1.20035,42310
1658318400,1.20036,1.2032,1.1954500000000001,1.19824,43416
1658332800,1.19825,1.20055,1.1959,1.19708,33393
1658347200,1.19705,1.19781,1.19524,1.19776,11127
1658361600,1.19761,1.19805,1.19619,1.1966,3894
1658376000,1.19659,1.19994,1.19621,1.19977,10676
1658390400,1.19976,1.20028,1.19196,1.19381,23106
1658404800,1.19382,1.19917,1.19122,1.19838,32641
1658419200,1.19835,1.19908,1.18889,1.19502,40860
1658433600,1.19503,1.19956,1.195,1.19954,9282
1658448000,1.19927,1.20018,1.1978900000000001,1.19861,5299
1658462400,1.19859,1.19892,1.1954799999999999,1.19554,9768
1658476800,1.19555,1.19888,1.19152,1.19547,22792
1658491200,1.19546,1.19753,1.19258,1.19577,27752
1658505600,1.19576,1.20629,1.1951,1.20211,36501
1658520000,1.20212,1.20232,1.19699,1.20039,12558
1658707200,1.19902,1.20083,1.19591,1.19618,5599
1658721600,1.19618,1.1995,1.19604,1.19814,11130
1658736000,1.19813,1.20286,1.19618,1.20263,20719
1658750400,1.20264,1.20816,1.2021600000000001,1.20695,22675
1658764800,1.20696,1.20858,1.20239,1.20498,24066
1658779200,1.20497,1.20583,1.20448,1.20468,6348
1658793600,1.20435,1.20624,1.2032,1.20584,4019
1658808000,1.20583,1.2089,1.20563,1.20619,8667
1658822400,1.2062,1.20699,1.20294,1.20327,17030
1658836800,1.20328,1.2033800000000001,1.19629,1.20017,23484
1658851200,1.20016,1.2053,1.19885,1.2024,27555
1658865600,1.20239,1.2040899999999999,1.20197,1.20268,7571
1658880000,1.20243,1.20524,1.20136,1.20435,4852
1658894400,1.20434,1.20583,1.20364,1.20583,9423
1658908800,1.2058200000000001,1.20733,1.20351,1.20587,17379
1658923200,1.20587,1.20867,1.20416,1.2046000000000001,18580
1658937600,1.2046000000000001,1.20575,1.20195,1.20376,21125
1658952000,1.20378,1.21851,1.20284,1.2157,30299
1658966400,1.21544,1.21695,1.21412,1.21474,6299
1658980800,1.21475,1.21858,1.21452,1.21584,13121
1658995200,1.21584,1.21906,1.21532,1.21862,21076
1659009600,1.21861,1.21861,1.21023,1.21384,29204
1659024000,1.21383,1.21649,1.21081,1.21291,33669
1659038400,1.21291,1.21822,1.21286,1.21812,8079
1659052800,1.21792,1.21792,1.21613,1.21728,6745
1659067200,1.21728,1.22027,1.21618,1.21867,12295
1659081600,1.21868,1.22446,1.21543,1.21685,25591
1659096000,1.21684,1.21856,1.2105,1.21142,27300
1659110400,1.21142,1.21857,1.20622,1.21677,35934
1659124800,1.21676,1.21876,1.21507,1.2180900000000001,7544
1659312000,1.21617,1.21874,1.21547,1.21719,6443
1659326400,1.21718,1.2196799999999999,1.21673,1.21812,9223
1659340800,1.21812,1.22298,1.21732,1.22293,15340
1659355200,1.22294,1.22605,1.22176,1.22467,19966
1659369600,1.22468,1.22925,1.22342,1.22761,30242
1659384000,1.2276,1.22764,1.22404,1.22523,9751
1659398400,1.22506,1.22782,1.22394,1.22685,7669
1659412800,1.22685,1.22755,1.22432,1.22478,16488
1659427200,1.22479,1.22545,1.21849,1.21906,25434
1659441600,1.21906,1.22268,1.21903,1.22203,21756
1659456000,1.22204,1.224,1.21791,1.22131,35405
1659470400,1.2213,1.22131,1.21573,1.21613,13187
1659484800,1.21611,1.21718,1.21338,1.2146,8610
1659499200,1.21461,1.21927,1.21449,1.21788,12895
1659513600,1.21789,1.22069,1.2156,1.21774,19434
1659528000,1.21774,1.22044,1.21659,1.21738,21452
1659542400,1.21738,1.21791,1.2099199999999999,1.21416,33166
1659556800,1.21417,1.21543,1.21368,1.21458,9653
1659571200,1.21437,1.21594,1.21255,1.21578,4993
1659585600,1.21577,1.21668,1.21433,1.21546,8047
1659600000,1.21545,1.21751,1.21273,1.21639,15072
1659614400,1.21639,1.22101,1.20646,1.21118,30932
1659628800,1.21117,1.2160199999999999,1.2089,1.21449,30136
1659643200,1.21448,1.21747,1.21434,1.21574,8710
1659657600,1.21569,1.21624,1.21339,1.21372,4617
1659672000,1.21371,1.2145299999999999,1.21292,1.21394,7213
1659686400,1.21395,1.21684,1.2134800000000001,1.21435,12788
1659700800,1.21436,1.21476,1.20242,1.20265,23094
1659715200,1.20265,1.2083,1.20025,1.20766,32544
1659729600,1.20766,1.2093,1.20602,1.20723,10988
1659916800,1.20658,1.2067700000000001,1.20464,1.20554,5357
1659931200,1.20553,1.20793,1.20544,1.2074799999999999,5787
1659945600,1.20753,1.21219,1.20679,1.20846,13772
1659960000,1.20847,1.2121,1.20707,1.2119900000000001,14951
1659974400,1.2120199999999999,1.21369,1.20751,1.20762,17140
1659988800,1.20762,1.20924,1.20678,1.208,8719
1660003200,1.20792,1.20877,1.20726,1.20769,4290
1660017600,1.2077,1.20844,1.20692,1.20832,5249
1660032000,1.20833,1.21213,1.20644,1.21177,11195
1660046400,1.21176,1.21296,1.2094,1.21061,18078
1660060800,1.21063,1.21279,1.2075,1.20819,23328
1660075200,1.20819,1.20854,1.20622,1.20731,7431
1660089600,1.2073,1.20783,1.20638,1.20674,3721
1660104000,1.20674,1.20835,1.20651,1.20821,6883
1660118400,1.2082,1.21047,1.20666,1.20941,13295
1660132800,1.20943,1.22498,1.20801,1.22179,24999
1660147200,1.22179,1.2276,1.21902,1.22467,38238
1660161600,1.22466,1.22602,1.22095,1.22119,13577
1660176000,1.2213,1.22194,1.22038,1.22077,5922
1660190400,1.22076,1.22084,1.21814,1.21898,10293
1660204800,1.21898,1.22445,1.21822,1.22412,20832
1660219200,1.22411,1.22437,1.21933,1.22343,26930
1660233600,1.22344,1.22485,1.21958,1.22229,32650
1660248000,1.2223,1.22259,1.2184300000000001,1.21981,13165
1660262400,1.21979,1.22025,1.21765,1.21835,6178
1660276800,1.21839,1.21959,1.21777,1.21886,11163
1660291200,1.21883,1.22142,1.2167,1.2178,20195
1660305600,1.21779,1.21781,1.2107700000000001,1.21102,24978
1660320000,1.2110400000000001,1.21436,1.20988,1.2128,33786
1660334400,1.21281,1.21458,1.21278,1.2135,7317
1660521600,1.21269,1.21472,1.21125,1.21416,6223
1660536000,1.21417,1.21442,1.21072,1.21145,11871
1660550400,1.21144,1.21204,1.2068,1.20736,17137
1660564800,1.20735,1.2113800000000001,1.2049400000000001,1.20879,22880
1660579200,1.20882,1.21083,1.2067700000000001,1.2083599999999999,20711
1660593600,1.20837,1.20853,1.20493,1.20529,7941
1660608000,1.20527,1.20575,1.20369,1.20389,6631
1660622400,1.20388,1.20594,1.20341,1.20506,8941
1660636800,1.20507,1.20574,1.20067,1.20358,20401
1660651200,1.20359,1.20566,1.20122,1.20542,22547
1660665600,1.20542,1.2117,1.20477,1.20805,23399
1660680000,1.20805,1.21036,1.20782,1.20976,8302
1660694400,1.20957,1.21074,1.20781,1.21069,7362
1660708800,1.21067,1.21217,1.20972,1.21181,11452
1660723200,1.21179,1.21416,1.20767,1.21025,20876
1660737600,1.21024,1.21135,1.20467,1.20615,23023
1660752000,1.2061600000000001,1.20946,1.20272,1.20387,25406
1660766400,1.20389,1.2086999999999999,1.20346,1.20516,19454
1660780800,1.20496,1.20596,1.20413,1.205,7521
1660795200,1.20501,1.20578,1.20296,1.2039,11019
1660809600,1.20389,1.2057,1.1994,1.20467,23280
1660824000,1.20467,1.20786,1.20343,1.20483,24499
1660838400,1.20484,1.20524,1.19348,1.1936,28795
1660852800,1.19359,1.1942599999999999,1.19217,1.1931,12575
1660867200,1.19285,1.19352,1.19043,1.19051,8840
1660881600,1.19052,1.19254,1.1893,1.19011,11517
1660896000,1.19012,1.19248,1.18784,1.18946,21170
1660910400,1.18944,1.18954,1.18146,1.18466,25861
1660924800,1.18463,1.18566,1.17912,1.18245,25167
1660939200,1.18245,1.18335,1.18103,1.18237,9323
1661126400,1.18221,1.1828400000000001,1.18047,1.18066,7391
1661140800,1.18066,1.18359,1.18053,1.18295,12025
1661155200,1.18296,1.18353,1.17814,1.18116,23268
1661169600,1.18114,1.18218,1.17884,1.18174,25794
1661184000,1.18175,1.18256,1.17411,1.17741,28310
1661198400,1.17742,1.17751,1.17509,1.17644,9707
1661212800,1.17636,1.17813,1.17422,1.17733,6845
1661227200,1.17733,1.17842,1.17624,1.17625,11914
1661241600,1.17624,1.1778,1.17164,1.17766,26536
1661256000,1.17765,1.17818,1.1745,1.17637,24250
1661270400,1.17636,1.18768,1.17561,1.18476,39798
1661284800,1.1847699999999999,1.18495,1.18157,1.18313,12677
1661299200,1.18295,1.18369,1.18118,1.18122,7381
1661313600,1.18122,1.1826699999999999,1.17982,1.18236,12353
1661328000,1.18237,1.18326,1.18,1.18218,19634
1661342400,1.18217,1.18255,1.17572,1.17712,27497
1661356800,1.17713,1.18246,1.1755,1.17842,36205
1661371200,1.17841,1.18009,1.17802,1.17971,9814
1661385600,1.17954,1.18143,1.17827,1.18112,7777
1661400000,1.18113,1.18414,1.18029,1.18337,11849
1661414400,1.18338,1.18636,1.18243,1.18428,24153
1661428800,1.18428,1.18556,1.18082,1.18194,25719
1661443200,1.18194,1.18493,1.1792,1.182,30585
1661457600,1.18201,1.18378,1.1817,1.18329,11546
1661472000,1.18313,1.18365,1.18051,1.18129,5308
1661486400,1.1813,1.18302,1.18069,1.18078,9468
1661500800,1.1808,1.18092,1.17742,1.18002,18981
1661515200,1.18006,1.18534,1.18,1.1852800000000001,25517
1661529600,1.18527,1.19003,1.17445,1.17525,52340
1661544000,1.17526,1.17569,1.17325,1.17366,14442
1661731200,1.17315,1.17318,1.16745,1.16777,9739
1661745600,1.16778,1.16852,1.16513,1.16534,13475
1661760000,1.16536,1.16815,1.16475,1.16572,20888
1661774400,1.16572,1.17333,1.16559,1.1716,24766
1661788800,1.1716,1.17433,1.16851,1.17212,26624
1661803200,1.17212,1.1728399999999999,1.16977,1.1703000000000001,9427
1661817600,1.1703000000000001,1.1724700000000001,1.16988,1.17156,7473
1661832000,1.17155,1.17258,1.16864,1.17043,12124
1661846400,1.17042,1.17515,1.16973,1.17374,26283
1661860800,1.17368,1.17597,1.16873,1.16977,29329
1661875200,1.16976,1.1721300000000001,1.16204,1.16501,42802
1661889600,1.16502,1.1669100000000001,1.1646,1.16524,13795
1661904000,1.16512,1.16742,1.16449,1.16661,6506
1661918400,1.16662,1.16911,1.16586,1.1683,9860
1661932800,1.16829,1.16928,1.1635,1.16403,24537
1661947200,1.16402,1.16499,1.16009,1.16366,30916
1661961600,1.16366,1.16526,1.15984,1.16244,41632
1661976000,1.16244,1.16296,1.16048,1.16199,16813
1661990400,1.16195,1.16195,1.15731,1.15825,10406
1662004800,1.15825,1.15895,1.15675,1.15767,12767
1662019200,1.15768,1.16156,1.15711,1.15964,29223
1662033600,1.15962,1.16065,1.15486,1.15634,29362
1662048000,1.15636,1.15778,1.14979,1.15328,39768
1662062400,1.15329,1.15544,1.1531500000000001,1.15417,13947
1662076800,1.15417,1.15588,1.15252,1.15493,7256
1662091200,1.15494,1.15548,1.15387,1.15496,10691
1662105600,1.15495,1.15686,1.15314,1.15542,19467
1662120000,1.15541,1.15871,1.15307,1.15387,30015
1662134400,1.1538599999999999,1.15877,1.15146,1.15225,40902
1662148800,1.15225,1.15227,1.1495,1.1511,17976
1662336000,1.14796,1.14941,1.14649,1.14789,10843
1662350400,1.1479,1.14921,1.1455899999999999,1.1463700000000001,18706
1662364800,1.14634,1.14929,1.14425,1.14893,28947
1662379200,1.14894,1.15179,1.14795,1.14899,23173
1662393600,1.14899,1.15202,1.14899,1.15144,15698
1662408000,1.15144,1.15185,1.15123,1.15173,2630
1662422400,1.15156,1.15905,1.15076,1.15895,10030
1662436800,1.15896,1.15992,1.1559,1.15617,14552
1662451200,1.15618,1.16083,1.15482,1.15732,30843
1662465600,1.1573,1.16077,1.1546,1.15465,28238
1662480000,1.15464,1.15505,1.14931,1.15292,42328
1662494400,1.15292,1.15318,1.15115,1.15172,15169
1662508800,1.15102,1.15195,1.14779,1.1479,8495
1662523200,1.14791,1.14845,1.14506,1.14774,20007
1662537600,1.14775,1.15223,1.14686,1.14953,23720
1662552000,1.14954,1.15014,1.14132,1.14308,30155
1662566400,1.14307,1.1499,1.14044,1.14941,33698
1662580800,1.14941,1.15385,1.14931,1.15347,13797
1662595200,1.1531,1.154,1.15002,1.15054,7634
1662609600,1.15055,1.15153,1.14901,1.15038,14810
1662624000,1.15039,1.15206,1.1477,1.1494900000000001,25887
1662638400,1.14948,1.15597,1.14753,1.1502,34645
1662652800,1.15019,1.15154,1.14598,1.14809,50655
1662667200,1.1481,1.1516,1.14778,1.14996,17198
1662681600,1.14989,1.1551,1.14957,1.15422,9381
1662696000,1.15424,1.15948,1.15397,1.15872,19531
1662710400,1.15871,1.16472,1.15774,1.16284,26474
1662724800,1.16284,1.16297,1.15499,1.15746,28771
1662739200,1.15745,1.16012,1.15667,1.16005,32581
1662753600,1.16004,1.16004,1.15797,1.15852,8298
1662940800,1.16221,1.16357,1.16013,1.1610800000000001,7864
1662955200,1.16109,1.16279,1.15998,1.1604,9526
1662969600,1.16041,1.1699,1.1604,1.16905,25876
1662984000,1.16904,1.17031,1.16623,1.16913,23530
1662998400,1.16911,1.17096,1.16627,1.17078,24451
1663012800,1.17078,1.17081,1.16749,1.16816,9232
1663027200,1.16802,1.1705,1.16706,1.16944,6426
1663041600,1.16944,1.1696900000000001,1.1678,1.1681,9526
1663056000,1.1681,1.17316,1.16782,1.17134,17066
1663070400,1.17135,1.17373,1.15524,1.15546,28745
1663084800,1.15546,1.15836,1.15145,1.15232,36963
1663099200,1.15232,1.1536,1.14917,1.14919,13064
1663113600,1.14912,1.15113,1.14809,1.15012,9723
1663128000,1.15011,1.15287,1.14867,1.152,12793
1663142400,1.152,1.15515,1.1479,1.15369,29124
1663156800,1.15364,1.1571500000000001,1.15318,1.15558,30076
1663171200,1.15558,1.15888,1.1538599999999999,1.15645,33477
1663185600,1.15644,1.15696,1.15257,1.15391,10556
1663200000,1.15373,1.15479,1.15266,1.15327,4745
1663214400,1.15326,1.15466,1.15194,1.15239,8678
1663228800,1.15239,1.15373,1.15053,1.15269,16539
1663243200,1.1527,1.1527,1.14689,1.15083,24948
1663257600,1.15083,1.15164,1.14623,1.148,30323
1663272000,1.1480299999999999,1.1497600000000001,1.14607,1.14658,10316
1663286400,1.14646,1.14773,1.145,1.14698,5891
1663300800,1.14698,1.14792,1.14537,1.14645,8753
1663315200,1.14645,1.14645,1.13496,1.13697,25288
1663329600,1.1369799999999999,1.14124,1.13697,1.13773,25488
1663344000,1.13772,1.14461,1.13755,1.13963,38969
1663358400,1.13962,1.14253,1.13853,1.14214,13222
1663545600,1.14077,1.14409,1.14077,1.14236,6103
1663560000,1.14236,1.1427100000000001,1.13937,1.14004,7371
1663574400,1.14004,1.1404,1.1364,1.1365,12847
1663588800,1.1365,1.13901,1.13543,1.13705,16296
1663603200,1.13704,1.14201,1.13621,1.14168,18441
1663617600,1.14169,1.14397,1.14076,1.1431,6075
1663632000,1.1429,1.14599,1.14207,1.143,8353
1663646400,1.14298,1.14354,1.14082,1.14268,9180
1663660800,1.14267,1.14596,1.14119,1.14312,19173
1663675200,1.14313,1.14545,1.14051,1.1417,24274
1663689600,1.14169,1.1425,1.1371,1.13823,26213
1663704000,1.13823,1.13866,1.13565,1.13809,13220
1663718400,1.1378,1.13835,1.13619,1.13711,8507
1663732800,1.13711,1.13819,1.13646,1.13672,9463
1663747200,1.13673,1.13815,1.13028,1.13283,30085
1663761600,1.13286,1.13486,1.13266,1.1341700000000001,19816
1663776000,1.1341700000000001,1.13495,1.13117,1.13134,26291
1663790400,1.13135,1.13564,1.12348,1.12705,50718
1663804800,1.12679,1.12789,1.12238,1.12266,10548
1663819200,1.12267,1.1253199999999999,1.12193,1.12419,20193
1663833600,1.12419,1.13536,1.1211,1.1325,41199
1663848000,1.13248,1.13631,1.12682,1.1334,44734
1663862400,1.13329,1.13345,1.12409,1.12633,41314
1663876800,1.12633,1.12705,1.12493,1.1255,12348
1663891200,1.12548,1.12731,1.12491,1.12637,9249
1663905600,1.12636,1.12682,1.12215,1.12306,14028
1663920000,1.12305,1.12436,1.1149499999999999,1.11744,25708
1663934400,1.11743,1.12089,1.10194,1.106,54079
1663948800,1.10599,1.10954,1.08616,1.08951,50393
1663963200,1.08952,1.09034,1.08382,1.08441,24969
1664150400,1.07924,1.0844,1.03845,1.03961,24921
1664164800,1.03953,1.06008,1.03431,1.05323,47725
1664179200,1.05322,1.07872,1.05214,1.07531,53981
1664193600,1.07533,1.09284,1.06707,1.08793,60948
1664208000,1.08793,1.08899,1.06297,1.06799,70329
1664222400,1.06798,1.07196,1.0641,1.06879,28187
1664236800,1.0685,1.07875,1.06475,1.07689,20850
1664251200,1.0769,1.07913,1.07371,1.0768,28595
1664265600,1.07681,1.08366,1.07627,1.08059,42417
1664280000,1.08058,1.08245,1.07673,1.07702,41713
1664294400,1.07704,1.07933,1.06592,1.06743,64392
1664308800,1.06742,1.0735999999999999,1.06579,1.07287,26315
1664323200,1.07278,1.07378,1.06851,1.0691,14413
1664337600,1.06909,1.06985,1.06303,1.06478,34043
1664352000,1.06473,1.07109,1.06393,1.06888,51342
1664366400,1.0689,1.0836999999999999,1.05383,1.06713,73798
1664380800,1.06713,1.08743,1.06186,1.08596,70694
1664395200,1.08597,1.0915,1.08515,1.08875,24597
1664409600,1.08853,1.08853,1.08028,1.08051,16910
1664424000,1.08049,1.08257,1.07809,1.08059,25523
1664438400,1.0806,1.08158,1.07611,1.07971,51664
1664452800,1.07971,1.08963,1.0796000000000001,1.08776,60615
1664467200,1.08776,1.11076,1.08771,1.10586,66792
1664481600,1.10586,1.11043,1.10372,1.11042,23792
1664496000,1.11063,1.11994,1.11063,1.11562,25044
1664510400,1.11561,1.11741,1.1069,1.11049,28503
1664524800,1.11049,1.12333,1.10916,1.12159,48459
1664539200,1.12164,1.12199,1.10241,1.10674,52516
1664553600,1.10675,1.11757,1.10493,1.11283,70130
1664568000,1.11283,1.11793,1.11174,1.11517,27329
1664755200,1.11603,1.11924,1.11093,1.11267,15694
1664769600,1.1126800000000001,1.11622,1.10848,1.10923,23114
1664784000,1.10922,1.12791,1.10898,1.12091,49629
1664798400,1.1209,1.12386,1.11685,1.12158,27399
1664812800,1.12159,1.13336,1.11992,1.1274899999999999,54152
1664827200,1.1275,1.13255,1.12644,1.13197,18974
1664841600,1.13192,1.13425,1.13006,1.13294,12916
1664856000,1.13293,1.13351,1.12793,1.13195,23876
1664870400,1.13197,1.1428099999999999,1.13172,1.1378300000000001,45838
1664884800,1.13781,1.13929,1.12981,1.1384,50559
1664899200,1.13843,1.1488800000000001,1.13504,1.14535,49528
1664913600,1.14535,1.14807,1.14264,1.14737,24371
1664928000,1.14704,1.14859,1.14177,1.14381,15786
1664942400,1.1438,1.1463,1.14132,1.14313,35727
1664956800,1.14313,1.14942,1.13789,1.14213,44813
1664971200,1.14215,1.14284,1.1304,1.13201,40821
1664985600,1.13201,1.1327,1.1226099999999999,1.12897,51546
1665000000,1.12897,1.13557,1.12883,1.13252,22506
1665014400,1.13199,1.13824,1.12939,1.13623,25487
1665028800,1.13622,1.13778,1.13315,1.1365,32871
1665043200,1.13649,1.1366100000000001,1.1278,1.12875,49245
1665057600,1.12876,1.13145,1.12406,1.12658,44608
1665072000,1.12654,1.12682,1.11116,1.1143,64542
1665086400,1.11429,1.11919,1.11404,1.11602,28272
1665100800,1.11566,1.11698,1.11343,1.11472,15872
1665115200,1.11473,1.11886,1.11382,1.11526,24900
1665129600,1.11527,1.12179,1.11145,1.11921,38788
1665144000,1.11922,1.12241,1.10908,1.11314,41913
1665158400,1.11313,1.11687,1.10895,1.10966,63734
1665172800,1.10968,1.11033,1.10547,1.10848,23230
1665360000,1.10819,1.10952,1.10572,1.10869,16930
1665374400,1.10868,1.11101,1.10682,1.10794,20839
1665388800,1.10793,1.11097,1.10262,1.10534,34472
1665403200,1.10536,1.10983,1.10414,1.10726,36590
1665417600,1.10727,1.10803,1.10238,1.10256,47887
1665432000,1.10256,1.10805,1.10185,1.10585,22864
1665446400,1.1057,1.10945,1.10475,1.10867,13406
1665460800,1.10867,1.10928,1.10168,1.10221,26184
1665475200,1.10221,1.10553,1.09967,1.1043,43525
1665489600,1.10431,1.11128,1.10305,1.1087,40319
1665504000,1.10872,1.11786,1.10427,1.11608,57437
1665518400,1.1160700000000001,1.1164,1.09518,1.09706,41674
1665532800,1.09689,1.09907,1.09477,1.09688,16305
1665547200,1.09686,1.10566,1.09224,1.09946,31903
1665561600,1.09944,1.10611,1.09526,1.10351,50468
1665576000,1.10351,1.1097299999999999,1.10204,1.10462,47022
1665590400,1.10463,1.10984,1.10216,1.10615,49709
1665604800,1.10615,1.11324,1.10595,1.10958,30750
1665619200,1.10933,1.11192,1.10833,1.11109,9974
1665633600,1.11109,1.11142,1.10745,1.10882,16012
1665648000,1.10882,1.11028,1.10562,1.11021,28773
1665662400,1.11018,1.12957,1.10987,1.12155,56010
1665676800,1.12152,1.13792,1.11578,1.13286,91129
1665691200,1.13282,1.13514,1.13007,1.13296,33675
1665705600,1.1326,1.13326,1.12885,1.13063,14403
1665720000,1.13064,1.13651,1.1305,1.13198,27880
1665734400,1.13198,1.13339,1.12534,1.12738,45211
1665748800,1.12738,1.13097,1.11653,1.12601,58892
1665763200,1.126,1.1287,1.11508,1.11601,76112
1665777600,1.11599,1.11848,1.11544,1.11762,27899
1665964800,1.12118,1.12506,1.12091,1.12231,15642
1665979200,1.12232,1.12409,1.12147,1.12243,17983
1665993600,1.12242,1.13043,1.12224,1.12656,44241
1666008000,1.12658,1.13513,1.12546,1.13376,41050
1666022400,1.13374,1.14389,1.13333,1.13889,54440
1666036800,1.13888,1.14018,1.13428,1.13613,27077
1666051200,1.13579,1.13678,1.13448,1.13521,16863
1666065600,1.13521,1.14095,1.1329799999999999,1.13877,25899
1666080000,1.13878,1.14005,1.12853,1.1293199999999999,48472
1666094400,1.12933,1.13457,1.12545,1.13264,48117
1666108800,1.13263,1.13378,1.12791,1.1311499999999999,54461
1666123200,1.13113,1.1333199999999999,1.12791,1.13184,31160
1666137600,1.13163,1.13565,1.13064,1.134,14889
1666152000,1.13399,1.13496,1.13162,1.13242,20513
1666166400,1.13243,1.13282,1.1245,1.12614,41288
1666180800,1.12615,1.12851,1.12208,1.12449,46107
1666195200,1.12449,1.1277300000000001,1.11877,1.11922,55786
1666209600,1.11921,1.12262,1.11842,1.12173,34289
1666224000,1.12152,1.12232,1.11962,1.12079,15952
1666238400,1.1207799999999999,1.12399,1.11904,1.1219999999999999,31445
1666252800,1.12198,1.12392,1.11785,1.1184,52657
1666267200,1.11841,1.1305399999999999,1.11704,1.12543,61771
1666281600,1.12543,1.13357,1.12418,1.12537,67991
1666296000,1.12536,1.12545,1.12016,1.12312,41120
1666310400,1.12284,1.12365,1.11972,1.12054,16262
1666324800,1.12054,1.12183,1.1189,1.11949,33572
1666339200,1.11948,1.12215,1.11218,1.11289,48343
1666353600,1.11291,1.11532,1.10597,1.11284,53020
1666368000,1.11282,1.12985,1.1116,1.12582,112567
1666382400,1.12583,1.13132,1.12415,1.12909,35300
1666569600,1.13823,1.1406399999999999,1.13059,1.13267,38573
1666584000,1.13267,1.13526,1.12989,1.13463,31905
1666598400,1.1346,1.13811,1.13014,1.1325,56994
1666612800,1.13251,1.13476,1.12725,1.1323400000000001,50915
1666627200,1.13236,1.13432,1.12568,1.12741,68100
1666641600,1.12744,1.12954,1.1271,1.12803,20165
1666656000,1.12777,1.13242,1.12691,1.13178,20306
1666670400,1.13178,1.13233,1.12912,1.12979,39877
1666684800,1.12977,1.13315,1.12699,1.13196,41876
1666699200,1.13195,1.13631,1.13042,1.13623,35993
1666713600,1.13624,1.14982,1.13619,1.14687,56501
1666728000,1.14687,1.14878,1.14592,1.14741,24714
1666742400,1.14719,1.14749,1.14311,1.14378,18927
1666756800,1.14377,1.14668,1.14295,1.1451500000000001,30610
1666771200,1.14513,1.16051,1.1444,1.15993,50179
1666785600,1.15992,1.16188,1.15445,1.15537,58491
1666800000,1.15536,1.16382,1.15431,1.16099,66895
1666814400,1.16098,1.16329,1.15967,1.16283,29495
1666828800,1.1620300000000001,1.16448,1.15998,1.16236,24080
1666843200,1.16237,1.16391,1.16038,1.16218,34683
1666857600,1.16219,1.16353,1.1584699999999999,1.15894,47677
1666872000,1.15895,1.15945,1.15479,1.15767,57379
1666886400,1.15768,1.1633499999999999,1.15556,1.15721,76314
1666900800,1.15724,1.16009,1.15567,1.15649,23420
1666915200,1.15627,1.15726,1.15434,1.15515,13782
1666929600,1.15517,1.1593499999999999,1.15467,1.15709,36384
1666944000,1.15708,1.15719,1.15027,1.15262,51502
1666958400,1.15268,1.1574,1.15119,1.15381,48393
1666972800,1.1538,1.15994,1.15324,1.15877,60573
1666987200,1.15878,1.1623,1.15823,1.16129,17489
1667174400,1.15878,1.1613,1.15817,1.15938,17396
1667188800,1.15936,1.1609,1.1585,1.1593,16685
1667203200,1.15929,1.16063,1.15421,1.15639,33617
1667217600,1.15639,1.1564,1.14751,1.1479,38788
1667232000,1.1479,1.1528,1.14596,1.14674,42964
1667246400,1.14675,1.1476899999999999,1.1457600000000001,1.14665,15511
1667260800,1.14666,1.14957,1.14611,1.14906,15180
1667275200,1.14905,1.15317,1.1488800000000001,1.15226,28017
1667289600,1.15224,1.15491,1.15006,1.15336,40602
1667304000,1.15335,1.15656,1.15266,1.15476,39534
1667318400,1.15479,1.15495,1.14365,1.14846,55566
1667332800,1.14846,1.14856,1.14659,1.14816,18177
1667347200,1.14809,1.15094,1.14683,1.15059,18991
1667361600,1.15058,1.15262,1.14959,1.15094,22340
1667376000,1.15097,1.15231,1.14839,1.14974,33585
1667390400,1.14974,1.15163,1.14798,1.14927,42169
1667404800,1.14926,1.14939,1.14484,1.14665,29381
1667419200,1.14653,1.15636,1.13857,1.13897,59857
1667433600,1.13876,1.14212,1.13744,1.14121,18881
1667448000,1.1412,1.14199,1.1403,1.1408800000000001,24575
1667462400,1.14087,1.14087,1.1243400000000001,1.12524,44570
1667476800,1.12523,1.12689,1.1156,1.11738,58836
1667491200,1.11778,1.12288,1.11567,1.11757,52005
1667505600,1.11756,1.11786,1.11509,1.11571,18667
1667520000,1.11575,1.11977,1.11487,1.11974,17018
1667534400,1.1197300000000001,1.12402,1.11906,1.12068,25861
1667548800,1.12069,1.12491,1.1191,1.12183,43652
1667563200,1.12182,1.12961,1.11444,1.12694,63169
1667577600,1.12695,1.13365,1.1261700000000001,1.13321,68882
1667592000,1.1332,1.13815,1.13204,1.13735,23690
1667779200,1.13062,1.13429,1.12964,1.13255,20811
1667793600,1.13254,1.13493,1.13174,1.13345,26786
1667808000,1.13344,1.14699,1.12897,1.14402,50832
1667822400,1.1440299999999999,1.1476600000000001,1.14258,1.14693,48240
1667836800,1.14694,1.15181,1.1440299999999999,1.1517,45952
1667851200,1.1517,1.15408,1.1509,1.15122,15052
1667865600,1.15117,1.15358,1.14941,1.1514199999999999,16771
1667880000,1.15141,1.15182,1.1479300000000001,1.1486,23990
1667894400,1.14859,1.14966,1.14432,1.14905,42668
1667908800,1.14905,1.14924,1.14288,1.14451,40616
1667923200,1.1445,1.15984,1.14434,1.15772,50367
1667937600,1.15772,1.15846,1.15115,1.15444,28949
1667952000,1.15409,1.15567,1.15218,1.1529,19694
1667966400,1.15289,1.15586,1.15289,1.15337,32087
1667980800,1.15338,1.1565699999999999,1.14365,1.14509,49531
1667995200,1.14507,1.14752,1.1404,1.14096,51599
1668009600,1.14096,1.14392,1.1355,1.13781,61710
1668024000,1.13786,1.13842,1.1333,1.13551,30788
1668038400,1.13527,1.13907,1.13445,1.13861,15482
1668052800,1.1386,1.14107,1.13716,1.14063,28050
1668067200,1.14063,1.14118,1.13621,1.13655,43943
1668081600,1.13656,1.16529,1.13649,1.1607,51265
1668096000,1.16069,1.1685699999999999,1.15923,1.16428,80633
1668110400,1.16428,1.17302,1.16428,1.17139,30074
1668124800,1.17096,1.17138,1.1646,1.16494,22834
1668139200,1.16494,1.17165,1.16493,1.17076,29582
1668153600,1.17075,1.17699,1.16911,1.17546,51143
1668168000,1.17546,1.1795499999999999,1.17183,1.17793,56489
1668182400,1.17793,1.18032,1.17079,1.17977,51501
1668196800,1.17978,1.18537,1.17949,1.18322,22889
1668384000,1.18006,1.18165,1.17592,1.17878,27963
1668398400,1.17879,1.17925,1.17421,1.17461,27538
1668412800,1.17462,1.18282,1.17462,1.17994,45998
1668427200,1.17993,1.18123,1.17384,1.17568,47131
1668441600,1.17571,1.1766,1.1709100000000001,1.17565,48585
1668456000,1.17567,1.18015,1.17493,1.17517,18773
1668470400,1.17511,1.17659,1.17395,1.17474,15515
1668484800,1.17476,1.17821,1.17427,1.17751,18850
1668499200,1.1775,1.18434,1.1769,1.1822,49270
1668513600,1.18221,1.20279,1.18197,1.19668,54513
1668528000,1.19666,1.19878,1.18552,1.18915,67625
1668542400,1.18917,1.18963,1.17897,1.1865,61433
1668556800,1.18611,1.18859,1.1831,1.18425,22770
1668571200,1.18426,1.18833,1.18302,1.18692,31595
1668585600,1.18691,1.19016,1.18356,1.18946,43968
1668600000,1.18948,1.19411,1.18585,1.18711,47555
1668614400,1.18712,1.19046,1.1831,1.1894,53383
1668628800,1.1894,1.19239,1.18682,1.19141,23260
1668643200,1.19125,1.19186,1.18826,1.18863,13649
1668657600,1.18863,1.19035,1.18654,1.18963,25492
1668672000,1.1896200000000001,1.19571,1.1869,1.1885,38578
1668686400,1.18849,1.18878,1.17617,1.17638,55083
1668700800,1.17638,1.1843,1.17625,1.1836,51210
1668715200,1.18359,1.1867,1.18339,1.18656,17772
1668729600,1.18591,1.19005,1.18552,1.18852,14736
1668744000,1.1885,1.19303,1.18849,1.19021,22845
1668758400,1.19022,1.19499,1.18804,1.19263,38481
1668772800,1.19264,1.19402,1.18895,1.19057,31869
1668787200,1.19057,1.19369,1.18722,1.1877900000000001,41053
1668801600,1.1878,1.1899899999999999,1.18743,1.18836,17018
1668988800,1.18915,1.18939,1.18447,1.18559,15153
1669003200,1.18561,1.18561,1.18201,1.18312,18861
1669017600,1.18313,1.18388,1.17919,1.18046,35377
1669032000,1.18046,1.18291,1.17838,1.1808,33242
1669046400,1.18081,1.18263,1.17777,1.17923,34359
1669060800,1.17923,1.18232,1.17902,1.18199,13750
1669075200,1.18209,1.18583,1.18093,1.18521,14041
1669089600,1.18522,1.1863,1.18333,1.18437,20917
1669104000,1.18437,1.18829,1.1824,1.18588,33479
1669118400,1.18588,1.19017,1.18449,1.18758,26244
1669132800,1.18761,1.18905,1.18548,1.18809,35260
1669147200,1.18808,1.18929,1.18737,1.18818,12086
1669161600,1.1881599999999999,1.19083,1.18752,1.18836,12084
1669176000,1.18833,1.18929,1.18717,1.18851,12463
1669190400,1.18849,1.19353,1.18732,1.19184,26919
1669204800,1.19184,1.19806,1.1904,1.19699,31928
1669219200,1.19697,1.20796,1.1965,1.2028699999999999,46979
1669233600,1.2028699999999999,1.20712,1.20185,1.20506,28469
1669248000,1.205,1.2091,1.20391,1.2086999999999999,19580
1669262400,1.20871,1.21121,1.20785,1.20922,22701
1669276800,1.2092100000000001,1.20965,1.20589,1.20928,33282
1669291200,1.20929,1.21308,1.2086000000000001,1.21166,33881
1669305600,1.21166,1.21526,1.21152,1.2122600000000001,22101
1669320000,1.21227,1.21234,1.21097,1.21112,7836
1669334400,1.21044,1.21163,1.20956,1.21004,11220
1669348800,1.21004,1.21263,1.20944,1.20994,15142
1669363200,1.20993,1.21231,1.20715,1.20793,28288
1669377600,1.20793,1.2119,1.20571,1.2078,30549
1669392000,1.20782,1.21098,1.20622,1.20938,28583
1669406400,1.20938,1.21029,1.20682,1.20866,21665
1669593600,1.20646,1.20767,1.20295,1.20368,13985
1669608000,1.20369,1.20587,1.20246,1.20481,16633
1669622400,1.20482,1.21171,1.20455,1.20865,37987
1669636800,1.20865,1.21089,1.20585,1.2074799999999999,38076
1669651200,1.20747,1.2075,1.19997,1.1999900000000001,45854
1669665600,1.2,1.20068,1.19392,1.19577,18992
1669680000,1.19553,1.19908,1.19429,1.19883,15266
1669694400,1.19883,1.20213,1.19822,1.20101,24111
1669708800,1.20101,1.20632,1.1979,1.19855,42386
1669723200,1.19864,1.20339,1.19776,1.19863,39264
1669737600,1.19863,1.2016499999999999,1.1952,1.19702,44899
1669752000,1.19702,1.19759,1.19443,1.19494,15067
1669766400,1.19488,1.19894,1.19413,1.19804,13043
1669780800,1.19803,1.19925,1.19698,1.19778,19278
1669795200,1.19779,1.2015,1.19478,1.20141,30578
1669809600,1.2014,1.20283,1.19848,1.19857,36872
1669824000,1.19856,1.20235,1.18996,1.19416,51384
1669838400,1.19415,1.2086000000000001,1.19211,1.20563,49844
1669852800,1.2052100000000001,1.21036,1.20353,1.20817,17703
1669867200,1.20815,1.21069,1.20724,1.21011,21491
1669881600,1.21011,1.21501,1.20688,1.21489,39308
1669896000,1.21489,1.22406,1.21341,1.22134,38557
1669910400,1.22133,1.23084,1.22085,1.22587,64007
1669924800,1.22586,1.22752,1.22332,1.22538,27610
1669939200,1.22526,1.2278,1.22303,1.22411,12774
1669953600,1.22411,1.22527,1.22237,1.22279,20185
1669968000,1.22278,1.22969,1.2226,1.2273,35747
1669982400,1.22733,1.2293,1.21335,1.21839,40696
1669996800,1.21839,1.22991,1.2166,1.22762,56972
1670011200,1.22766,1.22981,1.22582,1.229,18016
1670198400,1.227,1.23343,1.22672,1.23231,14918
1670212800,1.23231,1.23434,1.23131,1.23329,17892
1670227200,1.23329,1.23329,1.22584,1.22825,32555
1670241600,1.2282,1.23194,1.22325,1.22611,34668
1670256000,1.2261199999999999,1.2274,1.2162600000000001,1.2180900000000001,45134
1670270400,1.2181,1.21961,1.21606,1.21914,19016
1670284800,1.21868,1.22227,1.21676,1.22071,13608
1670299200,1.22072,1.2218,1.21781,1.21922,22143
1670313600,1.21922,1.2222,1.21662,1.21768,35476
1670328000,1.21767,1.2240199999999999,1.21579,1.22014,33132
1670342400,1.22013,1.22686,1.2152,1.21749,46375
1670356800,1.2174800000000001,1.21807,1.21266,1.21299,16237
1670371200,1.2128700000000001,1.21452,1.21206,1.21427,11552
1670385600,1.21427,1.21491,1.21223,1.21282,21987
1670400000,1.21282,1.21555,1.21055,1.2128700000000001,35397
1670414400,1.21288,1.22244,1.21288,1.2216,37609
1670428800,1.2216,1.22295,1.21713,1.22232,50132
1670443200,1.22231,1.22336,1.2200199999999999,1.22088,17930
1670457600,1.22045,1.22123,1.2179,1.21833,11118
1670472000,1.21833,1.21951,1.2177,1.2187000000000001,15358
1670486400,1.21869,1.22137,1.21586,1.21709,24131
1670500800,1.2171,1.22329,1.21535,1.22119,26626
1670515200,1.2212,1.22462,1.21897,1.22324,32138
1670529600,1.22324,1.22464,1.22233,1.22374,14113
1670544000,1.22339,1.22711,1.2220900000000001,1.22671,12838
1670558400,1.2267299999999999,1.22756,1.22515,1.22578,14884
1670572800,1.22578,1.22689,1.2230699999999999,1.22465,26348
1670587200,1.22466,1.22961,1.21993,1.22688,33368
1670601600,1.22691,1.23217,1.2248999999999999,1.22858,43021
1670616000,1.22857,1.22867,1.2251400000000001,1.22602,13432
1670803200,1.22517,1.22651,1.2211,1.2220900000000001,11917
1670817600,1.2220900000000001,1.22371,1.22111,1.22258,12164
1670832000,1.22258,1.2277,1.22046,1.2273,29936
1670846400,1.2273,1.2297500000000001,1.22676,1.2292,23434
1670860800,1.22919,1.22977,1.22412,1.22811,31104
1670875200,1.22812,1.22838,1.224,1.22631,17494
1670889600,1.22628,1.22774,1.2254800000000001,1.22744,12741
1670904000,1.22744,1.22897,1.22509,1.22801,12743
1670918400,1.22802,1.23024,1.22474,1.22733,27637
1670932800,1.2273399999999999,1.24378,1.22598,1.24097,40290
1670947200,1.24096,1.24432,1.23512,1.2366,65521
1670961600,1.23661,1.23803,1.23446,1.23662,26331
1670976000,1.23634,1.23722,1.2341,1.23504,13202
1670990400,1.23505,1.23586,1.23424,1.23539,11724
1671004800,1.23539,1.24027,1.23414,1.23927,33350
1671019200,1.23929,1.24033,1.23544,1.2370700000000001,33490
1671033600,1.2370700000000001,1.24235,1.2358,1.24191,35745
1671048000,1.2419,1.24458,1.23442,1.24267,57992
1671062400,1.24237,1.2426300000000001,1.23978,1.23989,12486
1671076800,1.23991,1.24021,1.23761,1.23919,13031
1671091200,1.2392,1.24014,1.22954,1.23383,32616
1671105600,1.23382,1.23549,1.22825,1.23164,47211
1671120000,1.23163,1.23559,1.21555,1.21582,65847
1671134400,1.21584,1.21951,1.21571,1.21764,17892
1671148800,1.21757,1.2206,1.21721,1.22004,12678
1671163200,1.22005,1.2221899999999999,1.2199,1.22049,15086
1671177600,1.22049,1.22216,1.21189,1.21436,37324
1671192000,1.21436,1.22149,1.21387,1.21879,33770
1671206400,1.21878,1.22216,1.21448,1.21789,49303
1671220800,1.21789,1.21888,1.21493,1.2152,17787
1671408000,1.21402,1.21961,1.21398,1.2196,12520
1671422400,1.21961,1.22014,1.21664,1.21685,14997
1671436800,1.21684,1.22411,1.2168,1.22112,31348
1671451200,1.2211400000000001,1.22231,1.21549,1.21649,34642
1671465600,1.2165,1.21923,1.21198,1.21801,35696
1671480000,1.21802,1.21808,1.2138,1.21471,14826
1671494400,1.21458,1.21546,1.21375,1.21519,12705
1671508800,1.21519,1.22225,1.20846,1.2115,46350
1671523200,1.21151,1.21961,1.21135,1.21489,51138
1671537600,1.21488,1.21813,1.20968,1.21462,43233
1671552000,1.21462,1.21672,1.21213,1.21412,50982
1671566400,1.2141,1.21867,1.21324,1.21863,17436
1671580800,1.21825,1.21911,1.21606,1.21657,16457
1671595200,1.21656,1.21711,1.21599,1.21657,14313
1671609600,1.21657,1.21817,1.2127,1.21374,30748
1671624000,1.21374,1.21631,1.20848,1.21407,34606
1671638400,1.21406,1.2142,1.20543,1.20673,42591
1671652800,1.2067,1.20961,1.20586,1.2080899999999999,18560
1671667200,1.20786,1.21129,1.20672,1.21101,13775
1671681600,1.211,1.21336,1.21074,1.21176,17696
1671696000,1.21176,1.21465,1.20866,1.20988,29965
1671710400,1.20987,1.21079,1.2021,1.20299,40490
1671724800,1.20299,1.20428,1.19916,1.20202,45577
1671739200,1.20202,1.20462,1.2,1.20391,20785
1671753600,1.20356,1.20452,1.20174,1.2044,16693
1671768000,1.20439,1.2057,1.2033800000000001,1.20344,17709
1671782400,1.20343,1.2073800000000001,1.20279,1.20651,27301
1671796800,1.20652,1.20892,1.20219,1.20431,32335
1671811200,1.2043,1.20851,1.20274,1.20519,47162
1671825600,1.20519,1.20538,1.20267,1.20498,13246
1672041600,1.20568,1.2061600000000001,1.20445,1.20569,612
1672056000,1.20525,1.20785,1.20511,1.20725,1041
1672070400,1.20724,1.20739,1.20538,1.20545,3681
1672084800,1.2055500000000001,1.20645,1.20537,1.20602,879
1672099200,1.20505,1.20989,1.20505,1.20972,10216
1672113600,1.20972,1.2101600000000001,1.20781,1.20936,11986
1672128000,1.20935,1.21112,1.20511,1.20609,20323
1672142400,1.20609,1.20727,1.20193,1.20224,23898
1672156800,1.20223,1.20468,1.20014,1.20125,27835
1672171200,1.20124,1.20352,1.20101,1.20299,11465
1672185600,1.20262,1.203,1.20064,1.20258,13113
1672200000,1.2026,1.2028,1.20013,1.20244,15515
1672214400,1.20243,1.20533,1.2016499999999999,1.20286,23589
1672228800,1.2028699999999999,1.2099199999999999,1.20255,1.20831,30813
1672243200,1.20832,1.21251,1.20212,1.2043,39477
1672257600,1.2043,1.20534,1.20156,1.20179,15191
1672272000,1.20159,1.20497,1.20112,1.20391,11179
1672286400,1.20388,1.20446,1.20267,1.20367,9336
1672300800,1.20367,1.20624,1.20135,1.20543,20290
1672315200,1.20544,1.20585,1.20187,1.20486,29106
1672329600,1.20487,1.2077499999999999,1.20217,1.20673,41470
1672344000,1.20673,1.20732,1.20533,1.20538,15438
1672358400,1.20535,1.20658,1.20406,1.2058,8432
1672372800,1.20581,1.20581,1.20374,1.20424,12027
1672387200,1.20424,1.20739,1.20263,1.20307,25692
1672401600,1.20307,1.20646,1.20088,1.20513,33529
1672416000,1.20513,1.21068,1.20151,1.20972,55135
1672430400,1.20975,1.20987,1.20587,1.20916,29364
1672617600,1.20854,1.20953,1.20755,1.2084,148
1672632000,1.20841,1.20842,1.20581,1.20697,64
1672646400,1.20698,1.20757,1.20408,1.20438,9816
1672660800,1.20436,1.20532,1.20436,1.20495,5259
1672675200,1.20493,1.20516,1.20323,1.20449,5343
1672689600,1.20449,1.20483,1.20411,1.20456,917
1672704000,1.20443,1.20725,1.20339,1.205,17406
1672718400,1.20499,1.20837,1.20486,1.20684,20261
1672732800,1.20684,1.20781,1.18994,1.19228,47561
1672747200,1.19229,1.20091,1.19042,1.1992099999999999,36188
1672761600,1.19919,1.20563,1.19518,1.19636,49329
1672776000,1.19635,1.19906,1.19611,1.19657,20296
1672790400,1.19641,1.19954,1.19566,1.1993,16982
1672804800,1.19929,1.20002,1.19776,1.19833,16811
1672819200,1.19833,1.20854,1.19703,1.20591,43606
1672833600,1.2059199999999999,1.20867,1.20284,1.20553,34669
1672848000,1.20552,1.20756,1.20125,1.20647,53472
1672862400,1.20648,1.20719,1.2039900000000001,1.20566,30375
1672876800,1.20559,1.20767,1.20497,1.20621,14391
1672891200,1.20621,1.20623,1.20299,1.20363,19999
1672905600,1.20364,1.20497,1.19989,1.20295,32482
1672920000,1.20297,1.20373,1.19163,1.1919,39901
1672934400,1.19189,1.19274,1.18724,1.19063,56536
1672948800,1.19064,1.19344,1.1896,1.19068,23001
1672963200,1.19041,1.19274,1.18863,1.19174,23700
1672977600,1.19174,1.19346,1.18975,1.19029,23999
1672992000,1.1903,1.19251,1.1852800000000001,1.18571,33793
1673006400,1.18573,1.19287,1.18402,1.19253,43988
1673020800,1.19253,1.20842,1.18775,1.20838,68547
1673035200,1.20838,1.20984,1.20695,1.20937,17473
1673222400,1.20773,1.21271,1.20766,1.21126,14542
1673236800,1.21122,1.2157,1.2111,1.2145299999999999,16594
1673251200,1.21455,1.21731,1.21244,1.2158,37239
1673265600,1.21581,1.21874,1.21113,1.21672,34950
1673280000,1.21672,1.22089,1.21596,1.21939,43008
1673294400,1.21938,1.22036,1.21751,1.21835,20797
1673308800,1.21795,1.21967,1.21631,1.21789,12906
1673323200,1.21788,1.2185,1.21557,1.21738,22422
1673337600,1.21738,1.21837,1.21387,1.21827,36148
1673352000,1.21826,1.21829,1.2109,1.21364,29824
1673366400,1.21363,1.218,1.21342,1.21475,56674
1673380800,1.21476,1.21668,1.21411,1.21485,14207
1673395200,1.21482,1.21627,1.21375,1.21493,10134
1673409600,1.21493,1.21725,1.21447,1.21677,15074
1673424000,1.21678,1.21773,1.21249,1.21315,27070
1673438400,1.21314,1.21399,1.21026,1.2105299999999999,29276
1673452800,1.21052,1.21528,1.20994,1.21198,37838
1673467200,1.21198,1.21554,1.21128,1.2147999999999999,22098
1673481600,1.2145299999999999,1.21646,1.213,1.2157499999999999,11738
1673496000,1.21574,1.21691,1.21515,1.21549,11703
1673510400,1.21548,1.21812,1.21325,1.2175799999999999,28690
1673524800,1.2175799999999999,1.22411,1.20847,1.22351,45817
1673539200,1.22351,1.2239,1.20875,1.22275,78936
1673553600,1.22276,1.22458,1.22047,1.22113,30506
1673568000,1.2206299999999999,1.22318,1.21975,1.22173,15822
1673582400,1.22173,1.22178,1.21749,1.21802,19691
1673596800,1.218,1.22474,1.218,1.22274,36306
1673611200,1.22271,1.224,1.21579,1.21665,36131
1673625600,1.21666,1.2221,1.21494,1.22082,50331
1673640000,1.22082,1.22388,1.22028,1.22351,19402
1673827200,1.22103,1.22754,1.22083,1.22704,12085
1673841600,1.22704,1.22881,1.22538,1.22621,19048
1673856000,1.22624,1.22629,1.21706,1.21996,32420
1673870400,1.21997,1.22245,1.21792,1.21918,25274
1673884800,1.21918,1.22103,1.2187999999999999,1.219,22664
1673899200,1.21899,1.21981,1.2182,1.21927,5970
1673913600,1.21914,1.22118,1.21775,1.21868,12918
1673928000,1.21867,1.22049,1.21713,1.22,19018
1673942400,1.22,1.2229,1.21686,1.22073,35364
1673956800,1.22075,1.22713,1.21908,1.22511,42026
1673971200,1.2251,1.22992,1.22452,1.22614,55805
1673985600,1.22613,1.22906,1.22574,1.22864,19083
1674000000,1.22842,1.22872,1.22675,1.22834,10127
1674014400,1.22834,1.22893,1.22528,1.22816,27258
1674028800,1.22817,1.23627,1.22806,1.23581,47717
1674043200,1.23581,1.2420499999999999,1.23364,1.23941,47985
1674057600,1.2394,1.24349,1.23303,1.23446,64754
1674072000,1.23447,1.23474,1.23264,1.23441,24068
1674086400,1.2344,1.23485,1.23177,1.23355,13735
1674100800,1.23354,1.23443,1.23189,1.23301,19123
1674115200,1.23302,1.23485,1.23119,1.23366,36252
1674129600,1.23365,1.23582,1.23143,1.23482,43643
1674144000,1.2348,1.2376800000000001,1.23354,1.2371699999999999,48964
1674158400,1.23716,1.23965,1.23649,1.23906,23133
1674172800,1.23868,1.23971,1.2376,1.23842,9360
1674187200,1.23841,1.2393399999999999,1.23639,1.2377799999999999,15021
1674201600,1.2377799999999999,1.23817,1.23376,1.23404,31232
1674216000,1.23401,1.23701,1.23344,1.23403,33365
1674230400,1.23403,1.23947,1.23355,1.23855,42673
1674244800,1.23854,1.24036,1.23723,1.23996,19805
1674432000,1.23997,1.2432699999999999,1.2396,1.24249,10886
1674446400,1.24251,1.24469,1.24131,1.24132,11793
1674460800,1.24132,1.24308,1.23933,1.24058,30582
1674475200,1.24057,1.24079,1.23344,1.23449,34409
1674489600,1.23447,1.23868,1.23225,1.23678,41452
1674504000,1.23677,1.23871,1.2355,1.23784,21835
1674518400,1.23775,1.23894,1.23712,1.2387299999999999,8901
1674532800,1.23872,1.23931,1.23738,1.23857,10744
1674547200,1.23856,1.2413,1.2307,1.23296,28066
1674561600,1.23295,1.23347,1.22807,1.22915,32618
1674576000,1.22916,1.23391,1.22622,1.23252,50008
1674590400,1.23253,1.23411,1.23214,1.23403,16792
1674604800,1.23368,1.23368,1.23104,1.23252,11457
1674619200,1.23253,1.23361,1.23153,1.23211,13955
1674633600,1.23211,1.23379,1.23031,1.23093,27605
1674648000,1.23095,1.23353,1.2281900000000001,1.23145,28095
1674662400,1.23144,1.2398500000000001,1.23096,1.23811,46225
1674676800,1.2381,1.24031,1.23798,1.24011,14700
1674691200,1.23996,1.2417,1.23881,1.24089,10799
1674705600,1.2409,1.24097,1.23887,1.23998,11346
1674720000,1.23998,1.24295,1.23731,1.23836,27638
1674734400,1.23835,1.24059,1.23599,1.23918,29414
1674748800,1.23917,1.24185,1.23435,1.23738,50604
1674763200,1.23738,1.24146,1.23731,1.24122,13187
1674777600,1.24065,1.24174,1.23622,1.2403,9142
1674792000,1.24032,1.24032,1.2376,1.23806,10953
1674806400,1.23807,1.23887,1.23583,1.23697,23564
1674820800,1.23697,1.23905,1.23548,1.23675,24596
1674835200,1.23676,1.23973,1.23445,1.23909,44574
1674849600,1.2391,1.23989,1.23804,1.2398,14528
1675036800,1.23879,1.24034,1.2364600000000001,1.23915,10668
1675051200,1.23915,1.2405,1.23824,1.23955,18562
1675065600,1.23955,1.2399,1.23675,1.23916,29080
1675080000,1.23917,1.24165,1.2372,1.23734,27956
1675094400,1.23735,1.23936,1.23592,1.23624,36210
1675108800,1.23623,1.23631,1.23361,1.23504,16577
1675123200,1.23492,1.23701,1.23397,1.23655,10251
1675137600,1.2365599999999999,1.23657,1.23302,1.23373,13643
1675152000,1.23371,1.23617,1.23072,1.23244,28123
1675166400,1.23243,1.23287,1.22947,1.23207,32686
1675180800,1.23207,1.23275,1.22832,1.23244,44076
1675195200,1.23244,1.23368,1.23131,1.2319,12918
1675209600,1.23183,1.23223,1.23023,1.23094,7872
1675224000,1.23093,1.23187,1.23027,1.23138,9182
1675238400,1.23137,1.2327,1.2308,1.23161,22879
1675252800,1.2316,1.23433,1.23116,1.23388,23684
1675267200,1.23386,1.23458,1.22933,1.2301,36935
1675281600,1.23011,1.23935,1.22712,1.23704,52781
1675296000,1.2371,1.23999,1.23689,1.23771,14249
1675310400,1.2377,1.2395,1.23755,1.23896,13167
1675324800,1.23897,1.23963,1.23302,1.23434,28364
1675339200,1.23434,1.2388,1.22638,1.23,48220
1675353600,1.23001,1.23249,1.22306,1.2242899999999999,52544
1675368000,1.2243,1.22539,1.22221,1.22223,31115
1675382400,1.22226,1.22277,1.22039,1.2217,9143
1675396800,1.22171,1.22189,1.22011,1.22125,11869
1675411200,1.2212399999999999,1.22509,1.21821,1.22452,28608
1675425600,1.2245,1.22647,1.21,1.21266,37598
1675440000,1.21266,1.21469,1.20615,1.2073800000000001,65150
1675454400,1.20737,1.2074799999999999,1.20461,1.20506,21292
1675641600,1.20322,1.20554,1.203,1.20408,13474
1675656000,1.20408,1.20667,1.20373,1.20664,16839
1675670400,1.20665,1.20691,1.20337,1.20357,28550
1675684800,1.20356,1.2076500000000001,1.20205,1.20483,30045
1675699200,1.20481,1.20743,1.20047,1.20109,38454
1675713600,1.20108,1.20378,1.2006999999999999,1.20195,19577
1675728000,1.20194,1.20537,1.20132,1.20507,8154
1675742400,1.20508,1.20542,1.2034,1.20474,12205
1675756800,1.20475,1.20564,1.19857,1.2004299999999999,32104
1675771200,1.20042,1.20107,1.19603,1.19785,31506
1675785600,1.19786,1.20946,1.19668,1.2083599999999999,47073
1675800000,1.20837,1.20894,1.19861,1.20491,48160
1675814400,1.20451,1.20603,1.2031399999999999,1.20462,9443
1675828800,1.20461,1.20562,1.20391,1.20523,10132
1675843200,1.20523,1.21085,1.20374,1.21046,30275
1675857600,1.21045,1.21074,1.20746,1.20822,24172
1675872000,1.20823,1.20964,1.20535,1.20827,37978
1675886400,1.20828,1.20943,1.20591,1.20697,18612
1675900800,1.20678,1.20755,1.20557,1.20741,9404
1675915200,1.2074,1.20928,1.20729,1.20872,13096
1675929600,1.20872,1.21421,1.20849,1.214,25681
1675944000,1.214,1.21915,1.213,1.21915,23744
1675958400,1.21914,1.2193100000000001,1.21298,1.21412,35140
1675972800,1.21412,1.21412,1.21102,1.2117,22882
1675987200,1.2118,1.21201,1.20995,1.2109,8976
1676001600,1.2109,1.21097,1.20886,1.21003,14127
1676016000,1.21002,1.21383,1.20885,1.2099,39040
1676030400,1.20988,1.21213,1.20791,1.2111,31201
1676044800,1.21111,1.21293,1.20475,1.20481,40037
1676059200,1.20481,1.20622,1.20462,1.20575,15242
1676246400,1.20633,1.20633,1.20324,1.20467,10913
1676260800,1.20471,1.20517,1.2039,1.20443,15966
1676275200,1.20444,1.20656,1.20308,1.20373,23265
1676289600,1.20373,1.21143,1.20299,1.20872,23132
1676304000,1.20873,1.2144,1.20801,1.21346,30985
1676318400,1.21346,1.21509,1.21235,1.21376,14597
1676332800,1.21359,1.21513,1.21244,1.21397,8843
1676347200,1.21396,1.2150400000000001,1.21329,1.21452,9719
1676361600,1.21451,1.21873,1.21333,1.21872,26948
1676376000,1.21872,1.22687,1.21492,1.2208700000000001,39761
1676390400,1.22088,1.22202,1.21161,1.21702,71875
1676404800,1.21701,1.21894,1.21533,1.21757,26311
1676419200,1.2172399999999999,1.21806,1.2164,1.21654,9316
1676433600,1.21654,1.21665,1.21434,1.21485,12241
1676448000,1.21484,1.21549,1.2070400000000001,1.20953,34604
1676462400,1.20952,1.20999,1.20053,1.2013,37736
1676476800,1.20128,1.20336,1.19888,1.20039,52889
1676491200,1.2004,1.20376,1.19947,1.20321,19057
1676505600,1.20301,1.2043300000000001,1.20135,1.20387,13817
1676520000,1.20387,1.20523,1.20366,1.20449,14341
1676534400,1.20449,1.20736,1.20273,1.20539,31896
1676548800,1.20538,1.20681,1.19777,1.19868,34119
1676563200,1.19867,1.20262,1.19645,1.20158,51775
1676577600,1.20158,1.20265,1.19805,1.19864,27925
1676592000,1.19858,1.1988699999999999,1.19512,1.19526,12385
1676606400,1.19525,1.19579,1.19407,1.1947,12955
1676620800,1.19469,1.19577,1.1914,1.19415,32984
1676635200,1.19414,1.19729,1.19201,1.19691,33994
1676649600,1.19691,1.20359,1.19644,1.20191,51462
1676664000,1.2019199999999999,1.20484,1.20162,1.20387,16857
1676851200,1.20234,1.20332,1.20138,1.2018,11104
1676865600,1.2018,1.20441,1.20176,1.20412,15549
1676880000,1.20412,1.20559,1.20176,1.2021,28413
1676894400,1.20211,1.20407,1.20177,1.20366,24014
1676908800,1.20366,1.2042,1.20236,1.20354,16221
1676923200,1.20355,1.20416,1.20336,1.20411,4337
1676937600,1.20353,1.20427,1.20124,1.20249,10928
1676952000,1.2025000000000001,1.20356,1.20158,1.20294,14545
1676966400,1.20293,1.21128,1.19851,1.20902,40210
1676980800,1.20904,1.21291,1.20744,1.20985,37521
1676995200,1.20983,1.21466,1.20603,1.21263,57145
1677009600,1.21268,1.21278,1.20962,1.21095,21810
1677024000,1.21083,1.21346,1.21023,1.212,12662
1677038400,1.212,1.21244,1.20969,1.2105299999999999,13666
1677052800,1.21052,1.2128,1.20642,1.20767,33178
1677067200,1.2076500000000001,1.21195,1.20621,1.2104,35894
1677081600,1.21039,1.21127,1.20544,1.2073,44904
1677096000,1.20729,1.20818,1.2033800000000001,1.20443,32970
1677110400,1.20423,1.20597,1.20362,1.20563,8253
1677124800,1.20563,1.20673,1.20514,1.20598,10916
1677139200,1.20599,1.2073800000000001,1.20134,1.20294,30009
1677153600,1.20295,1.20605,1.20189,1.20339,33157
1677168000,1.2034,1.20685,1.19912,1.19977,48281
1677182400,1.19976,1.2031100000000001,1.19953,1.20141,18512
1677196800,1.20141,1.20321,1.20056,1.20154,17770
1677211200,1.20153,1.20304,1.2012,1.20219,15043
1677225600,1.20219,1.20411,1.19998,1.20229,28277
1677240000,1.20228,1.20295,1.19447,1.19638,37286
1677254400,1.19637,1.19657,1.19274,1.19448,51868
1677268800,1.19448,1.19537,1.19379,1.19386,16170
1677456000,1.19418,1.19623,1.19396,1.19618,10089
1677470400,1.19618,1.19632,1.19336,1.19369,13181
1677484800,1.19368,1.19838,1.19218,1.19729,30342
1677499200,1.1972800000000001,1.20233,1.1963300000000001,1.20181,27360
1677513600,1.20181,1.20594,1.20127,1.20583,37314
1677528000,1.20585,1.20651,1.20471,1.20611,14918
1677542400,1.2058,1.20673,1.20449,1.20522,9166
1677556800,1.20523,1.20618,1.20374,1.20392,11210
1677571200,1.20391,1.20969,1.20262,1.20735,30540
1677585600,1.20735,1.21273,1.20721,1.21214,26446
1677600000,1.21214,1.21423,1.20791,1.20989,40441
1677614400,1.2099,1.21012,1.20206,1.20212,15133
1677628800,1.20195,1.20434,1.20057,1.2033,15453
1677643200,1.20329,1.2046000000000001,1.2015500000000001,1.20396,11543
1677657600,1.20395,1.2088,1.20381,1.2067,33034
1677672000,1.2067,1.20741,1.20069,1.20079,36814
1677686400,1.20078,1.20441,1.1964299999999999,1.20221,52386
1677700800,1.2022,1.20267,1.19924,1.20249,17067
1677715200,1.20224,1.20354,1.1997200000000001,1.20084,10338
1677729600,1.20084,1.2016,1.19833,1.19872,13612
1677744000,1.19872,1.20086,1.19546,1.19724,31274
1677758400,1.19723,1.19869,1.19245,1.19279,37032
1677772800,1.1928,1.19622,1.19246,1.19327,41625
1677787200,1.1932800000000001,1.19567,1.19242,1.1947,19302
1677801600,1.19466,1.19744,1.19383,1.19618,9816
1677816000,1.19618,1.19758,1.1957,1.19638,12044
1677830400,1.19638,1.19981,1.19638,1.19848,27763
1677844800,1.19847,1.2018,1.19736,1.20073,26792
1677859200,1.20073,1.20167,1.19613,1.2009,39215
1677873600,1.2009,1.20478,1.20074,1.20435,12934
1678060800,1.20215,1.20383,1.20183,1.20346,8359
1678075200,1.20345,1.20471,1.20242,1.20352,11389
1678089600,1.20355,1.20446,1.20211,1.20275,25965
1678104000,1.20276,1.20306,1.19918,1.20103,26347
1678118400,1.20102,1.20479,1.19984,1.204,31812
1678132800,1.204,1.20401,1.20127,1.20255,12546
1678147200,1.20245,1.20416,1.20162,1.20371,6162
1678161600,1.20371,1.20472,1.20319,1.20358,11679
1678176000,1.20357,1.20646,1.20044,1.20115,28337
1678190400,1.20118,1.20154,1.19749,1.1979899999999999,25432
1678204800,1.1979899999999999,1.19857,1.18446,1.18486,62748
1678219200,1.18485,1.18579,1.18207,1.1825700000000001,17999
1678233600,1.18259,1.18392,1.18222,1.18278,8836
1678248000,1.18278,1.1831,1.18089,1.18205,12678
1678262400,1.18203,1.18411,1.18145,1.18319,25312
1678276800,1.18321,1.18476,1.18178,1.18225,20574
1678291200,1.18224,1.18581,1.1802,1.18303,39117
1678305600,1.18302,1.18491,1.18245,1.18419,13255
1678320000,1.18401,1.18539,1.1831,1.18363,7645
1678334400,1.18361,1.18649,1.1835,1.18536,8029
1678348800,1.18536,1.18885,1.18373,1.18686,20961
1678363200,1.18687,1.19104,1.18649,1.19093,26571
1678377600,1.19093,1.19355,1.1901,1.19239,32779
1678392000,1.19234,1.1938,1.19026,1.19213,23279
1678406400,1.19196,1.19322,1.19129,1.19237,9145
1678420800,1.19237,1.19311,1.19067,1.19229,17207
1678435200,1.19229,1.20085,1.19188,1.19872,35149
1678449600,1.19874,1.20441,1.19693,1.20172,42228
1678464000,1.20171,1.21126,1.20062,1.20588,76675
1678478400,1.20589,1.20647,1.2017,1.20306,32270
1678665600,1.20864,1.21022,1.20534,1.2058,24271
1678680000,1.20579,1.21402,1.20579,1.21103,27274
1678694400,1.21103,1.21232,1.20661,1.20751,53717
1678708800,1.20752,1.21315,1.20456,1.2095,81498
1678723200,1.20949,1.21859,1.2092,1.21742,63963
1678737600,1.21741,1.21988,1.2169,1.2181,29014
1678752000,1.21829,1.21864,1.21457,1.21503,17839
1678766400,1.21503,1.21621,1.21437,1.21584,17860
1678780800,1.21583,1.21821,1.21398,1.2154099999999999,49010
1678795200,1.2154099999999999,1.22027,1.2138,1.21633,60799
1678809600,1.21633,1.21773,1.21349,1.21677,46112
1678824000,1.21677,1.2184,1.21491,1.21526,22271
1678838400,1.21522,1.2164,1.21456,1.21635,11783
1678852800,1.2163599999999999,1.2180900000000001,1.21503,1.21551,14246
1678867200,1.21552,1.21634,1.21092,1.21133,36469
1678881600,1.21133,1.21273,1.20413,1.20483,76626
1678896000,1.20484,1.2073,1.20093,1.20545,61670
1678910400,1.20544,1.20843,1.20362,1.20472,33379
1678924800,1.20471,1.20808,1.20436,1.2066,18710
1678939200,1.20661,1.20858,1.206,1.20718,15688
1678953600,1.20721,1.21122,1.20576,1.20747,35652
1678968000,1.20747,1.20928,1.20258,1.20863,50516
1678982400,1.20863,1.21194,1.20603,1.2105299999999999,56037
1678996800,1.21052,1.21269,1.21006,1.21055,17968
1679011200,1.21064,1.21312,1.2101,1.21248,10216
1679025600,1.21248,1.21588,1.21239,1.21582,13937
1679040000,1.21581,1.21755,1.2127,1.21296,29656
1679054400,1.21295,1.21478,1.21124,1.21435,31973
1679068800,1.21422,1.2184300000000001,1.21346,1.2184300000000001,38281
1679083200,1.2184300000000001,1.21995,1.21677,1.2173,13832
1679270400,1.22033,1.22033,1.21677,1.2177,17650
1679284800,1.21773,1.21915,1.21703,1.21892,17946
1679299200,1.21891,1.22135,1.21662,1.21916,44156
1679313600,1.21915,1.22619,1.21877,1.22569,33072
1679328000,1.22569,1.22788,1.22405,1.22668,29389
1679342400,1.22668,1.22841,1.22644,1.22733,11056
1679356800,1.22733,1.22813,1.22643,1.22658,12074
1679371200,1.22658,1.2268,1.22471,1.22591,7311
1679385600,1.22588,1.22617,1.22278,1.22518,24844
1679400000,1.22518,1.22579,1.22221,1.22348,24452
1679414400,1.22348,1.2241900000000001,1.2178,1.22013,28902
1679428800,1.22014,1.22204,1.21984,1.2214800000000001,6486
1679443200,1.2215,1.22265,1.22073,1.2217500000000001,10475
1679457600,1.2217500000000001,1.22388,1.22173,1.22278,10871
1679472000,1.22278,1.22966,1.22234,1.22802,24716
1679486400,1.22803,1.22934,1.22287,1.22353,20022
1679500800,1.22353,1.22526,1.22203,1.22394,20762
1679515200,1.22403,1.2334100000000001,1.22403,1.22647,50517
1679529600,1.2263600000000001,1.22922,1.22621,1.22873,13322
1679544000,1.22875,1.2331699999999999,1.22841,1.23233,15911
1679558400,1.23232,1.23426,1.23039,1.23145,30940
1679572800,1.23144,1.23367,1.22642,1.23127,32124
1679587200,1.2313399999999999,1.23291,1.22907,1.2299,29767
1679601600,1.22989,1.23051,1.22606,1.22858,26213
1679616000,1.22858,1.22906,1.22608,1.22635,13354
1679630400,1.22634,1.22875,1.22623,1.22847,13440
1679644800,1.22846,1.22874,1.22103,1.22122,31908
1679659200,1.22123,1.22293,1.21894,1.22094,41272
1679673600,1.22094,1.22308,1.22064,1.22278,31951
1679688000,1.22279,1.22335,1.22187,1.22286,9596
1679875200,1.22271,1.2248999999999999,1.22221,1.223,9369
1679889600,1.223,1.22502,1.22296,1.22369,13882
1679904000,1.2236799999999999,1.2264599999999999,1.22179,1.22617,25112
1679918400,1.22616,1.22723,1.22406,1.22428,19721
1679932800,1.22427,1.22923,1.22391,1.22822,26322
1679947200,1.22821,1.22923,1.22713,1.22869,12280
1679961600,1.22849,1.23142,1.22771,1.23088,7971
1679976000,1.23087,1.23204,1.23062,1.23145,13009
1679990400,1.23144,1.23293,1.22882,1.2295,17835
1680004800,1.22948,1.23278,1.22803,1.23127,20629
1680019200,1.23126,1.23483,1.22986,1.23432,23486
1680033600,1.23433,1.2347299999999999,1.23285,1.23387,8512
1680048000,1.2338,1.23401,1.23272,1.23354,7101
1680062400,1.23357,1.23399,1.23199,1.23281,11565
1680076800,1.23284,1.23308,1.23038,1.23242,21262
1680091200,1.23242,1.2361,1.2316799999999999,1.23308,24622
1680105600,1.23309,1.23394,1.23019,1.23081,30503
1680120000,1.2308,1.23221,1.23039,1.2316,11160
1680134400,1.23136,1.23164,1.23004,1.23035,6011
1680148800,1.2303600000000001,1.2310699999999999,1.22926,1.2310699999999999,11829
1680163200,1.2310699999999999,1.2361900000000001,1.23077,1.23542,25526
1680177600,1.23542,1.23792,1.23278,1.23772,23053
1680192000,1.23773,1.23855,1.23566,1.2385,25265
1680206400,1.2385,1.23921,1.23755,1.23868,9218
1680220800,1.23852,1.23987,1.23788,1.23983,6442
1680235200,1.23982,1.24221,1.23889,1.23942,11857
1680249600,1.23942,1.23988,1.23528,1.23651,23076
1680264000,1.2365,1.2395100000000001,1.23592,1.23903,21947
1680278400,1.23902,1.23964,1.23403,1.23471,28458
1680292800,1.23472,1.23476,1.23232,1.23286,12898
1680480000,1.23253,1.23284,1.22809,1.23058,12047
1680494400,1.23057,1.2307,1.22747,1.22803,15163
1680508800,1.22804,1.23339,1.2273399999999999,1.23319,20483
1680523200,1.23318,1.23922,1.23307,1.23851,22140
1680537600,1.23853,1.24196,1.23771,1.23955,30844
1680552000,1.23954,1.24226,1.23866,1.24164,10390
1680566400,1.24134,1.24246,1.24023,1.24101,5317
1680580800,1.24101,1.24135,1.23978,1.24097,12629
1680595200,1.24096,1.24802,1.23942,1.24743,24505
1680609600,1.24742,1.25203,1.24651,1.24704,25616
1680624000,1.24703,1.25244,1.24697,1.24931,38732
1680638400,1.24931,1.25013,1.24882,1.25003,10019
1680652800,1.25,1.25098,1.24824,1.24851,5623
1680667200,1.24852,1.25046,1.2483,1.24842,10755
1680681600,1.24841,1.25132,1.24691,1.24868,20088
1680696000,1.24871,1.2493,1.24549,1.24888,23045
1680710400,1.24888,1.25051,1.24315,1.24511,36722
1680724800,1.24512,1.24654,1.24459,1.24591,10408
1680739200,1.24585,1.24658,1.2447,1.2447300000000001,3809
1680753600,1.24474,1.2448,1.24364,1.24453,7267
1680768000,1.24452,1.24858,1.2441200000000001,1.24676,20009
1680782400,1.24675,1.24809,1.24268,1.24309,20135
1680796800,1.24309,1.24664,1.2411699999999999,1.24615,26209
1680811200,1.24614,1.24663,1.24368,1.24372,8037
1680825600,1.2437,1.24438,1.24305,1.24364,3594
1680840000,1.24365,1.2450700000000001,1.24356,1.24469,6507
1680854400,1.24468,1.24548,1.24279,1.24393,7314
1680868800,1.24394,1.24445,1.23884,1.24151,11692
1680883200,1.2415,1.24253,1.23996,1.24138,13791
1680897600,1.24136,1.24262,1.2410700000000001,1.24116,2871
1681084800,1.24133,1.24335,1.2408,1.24156,5446
1681099200,1.24157,1.24208,1.24031,1.24049,8188
1681113600,1.24049,1.2433,1.23957,1.24275,12281
1681128000,1.24274,1.24418,1.23488,1.23506,19649
1681142400,1.23506,1.23788,1.23434,1.23743,20883
1681156800,1.23743,1.23842,1.23713,1.23818,7689
1681171200,1.2381,1.24026,1.23772,1.23974,4754
1681185600,1.23974,1.24122,1.23857,1.24029,12675
1681200000,1.24029,1.24445,1.24025,1.24344,21207
1681214400,1.24339,1.24554,1.2417,1.24306,22702
1681228800,1.24307,1.24394,1.2404600000000001,1.2408,22058
1681243200,1.24079,1.24279,1.24066,1.24247,8800
1681257600,1.2424,1.24307,1.24207,1.24285,4230
1681272000,1.24284,1.24398,1.24259,1.24364,8124
1681286400,1.24365,1.24451,1.24074,1.24176,17279
1681300800,1.24176,1.24691,1.23972,1.24457,25062
1681315200,1.24457,1.24838,1.24372,1.24834,34232
1681329600,1.24834,1.24943,1.24766,1.24836,14297
1681344000,1.24825,1.24945,1.24774,1.24917,5764
1681358400,1.24917,1.24953,1.24839,1.24885,10824
1681372800,1.24886,1.25198,1.24772,1.25195,19124
1681387200,1.25195,1.25343,1.25001,1.25306,22595
1681401600,1.2530999999999999,1.25363,1.24996,1.25279,27106
1681416000,1.25279,1.25345,1.252,1.25224,8998
1681430400,1.2521499999999999,1.25277,1.25083,1.25198,5664
1681444800,1.25197,1.25453,1.25194,1.25394,11553
1681459200,1.2539500000000001,1.25411,1.25014,1.25031,17990
1681473600,1.2503,1.25229,1.24626,1.2485,26253
1681488000,1.2484899999999999,1.24909,1.23984,1.24043,36669
1681502400,1.24043,1.24175,1.2402,1.24138,11170
1681689600,1.24061,1.2416,1.23902,1.23906,5118
1681704000,1.23907,1.24113,1.23825,1.24111,11595
1681718400,1.24111,1.24275,1.23734,1.23763,19962
1681732800,1.23761,1.24374,1.23735,1.24091,26226
1681747200,1.2409,1.24154,1.23525,1.23553,33037
1681761600,1.23552,1.23779,1.2355,1.23762,8656
1681776000,1.23743,1.23775,1.23666,1.23724,3979
1681790400,1.23723,1.23867,1.23668,1.23831,12588
1681804800,1.2383,1.24421,1.23806,1.24376,21705
1681819200,1.24374,1.2449,1.24248,1.24282,19765
1681833600,1.24283,1.2442,1.24114,1.2428,26859
1681848000,1.24279,1.24312,1.24225,1.24252,9044
1681862400,1.24249,1.24312,1.24217,1.24303,4215
1681876800,1.24303,1.24333,1.2409,1.24176,9278
1681891200,1.24175,1.24719,1.24013,1.2435,26409
1681905600,1.24349,1.2448299999999999,1.23916,1.24394,25018
1681920000,1.24394,1.24733,1.24335,1.24511,22487
1681934400,1.24513,1.24537,1.24347,1.24366,10889
1681948800,1.2437,1.24393,1.24237,1.24264,4831
1681963200,1.2426300000000001,1.24342,1.24195,1.24285,11200
1681977600,1.24284,1.24515,1.24146,1.24423,21774
1681992000,1.24423,1.24602,1.24039,1.24537,24058
1682006400,1.24537,1.24668,1.24404,1.24479,25555
1682020800,1.24481,1.2452,1.24286,1.24425,10873
1682035200,1.24407,1.24424,1.24287,1.24407,4672
1682049600,1.24406,1.24455,1.24298,1.24315,9738
1682064000,1.24315,1.24325,1.23772,1.23991,24226
1682078400,1.23992,1.24129,1.23765,1.24126,19354
1682092800,1.24124,1.24305,1.23661,1.24293,34003
1682107200,1.24292,1.2447300000000001,1.24217,1.2442199999999999,10853
1682294400,1.24393,1.2451,1.24353,1.24472,4987
1682308800,1.24472,1.24494,1.24304,1.24343,12128
1682323200,1.24343,1.2452,1.24099,1.2451,21462
1682337600,1.24509,1.24582,1.24255,1.24526,20147
1682352000,1.24525,1.24689,1.24319,1.2466599999999999,22194
1682366400,1.24667,1.2484899999999999,1.24647,1.2483,7742
1682380800,1.24813,1.2506300000000001,1.24721,1.24965,4408
1682395200,1.24966,1.25061,1.24798,1.24809,10837
1682409600,1.24809,1.24903,1.2455,1.24732,26094
1682424000,1.24732,1.24781,1.24195,1.2423899999999999,22444
1682438400,1.2423899999999999,1.24267,1.23858,1.2398500000000001,28977
1682452800,1.2398500000000001,1.24132,1.23941,1.24102,13701
1682467200,1.2408299999999999,1.24162,1.24024,1.24103,6890
1682481600,1.24103,1.24244,1.24019,1.24238,14652
1682496000,1.24238,1.24783,1.24206,1.24783,23002
1682510400,1.24781,1.24904,1.24585,1.24718,29260
1682524800,1.24719,1.25144,1.24585,1.24669,37199
1682539200,1.24667,1.24742,1.2453,1.2469000000000001,12887
1682553600,1.24663,1.24729,1.24586,1.24702,5271
1682568000,1.24701,1.24766,1.24622,1.24741,10881
1682582400,1.2474,1.2487300000000001,1.24558,1.2471700000000001,22805
1682596800,1.24712,1.24953,1.24355,1.24477,25785
1682611200,1.24478,1.24931,1.24404,1.24649,33543
1682625600,1.24649,1.24988,1.24607,1.24978,10439
1682640000,1.24925,1.24992,1.24722,1.24956,6759
1682654400,1.24955,1.25031,1.24771,1.24814,18832
1682668800,1.24814,1.2493,1.24492,1.24545,29696
1682683200,1.24547,1.249,1.24458,1.24864,27894
1682697600,1.24863,1.25831,1.24846,1.2573699999999999,37636
1682712000,1.2573699999999999,1.25746,1.25569,1.25665,12395
1682899200,1.25553,1.25668,1.25498,1.2558099999999999,6737
1682913600,1.25582,1.25681,1.2553,1.25567,9181
1682928000,1.25566,1.25568,1.25169,1.25173,16909
1682942400,1.25172,1.25564,1.25135,1.2554400000000001,17144
1682956800,1.2554400000000001,1.25587,1.24796,1.2492,25602
1682971200,1.24919,1.2495,1.24831,1.24927,10459
1682985600,1.2493,1.24963,1.24829,1.24919,4817
1683000000,1.24919,1.25113,1.24911,1.24956,12852
1683014400,1.24955,1.25111,1.24623,1.24699,26249
1683028800,1.2469999999999999,1.24836,1.24525,1.24572,24163
1683043200,1.24573,1.24887,1.24344,1.24775,35476
1683057600,1.24776,1.24781,1.24667,1.24673,8707
1683072000,1.24662,1.24834,1.24616,1.2481,4701
1683086400,1.24809,1.24923,1.2476,1.24867,9023
1683100800,1.24868,1.25328,1.24807,1.25201,17640
1683115200,1.25201,1.25274,1.24819,1.24961,21656
1683129600,1.24961,1.2554,1.24939,1.25503,23781
1683144000,1.25503,1.2588599999999999,1.2537,1.25627,35421
1683158400,1.25597,1.25913,1.25489,1.25763,8864
1683172800,1.25763,1.259,1.25716,1.2582,11857
1683187200,1.25819,1.25926,1.2555100000000001,1.25575,25657
1683201600,1.25579,1.2585,1.25482,1.25511,32260
1683216000,1.2551,1.2597800000000001,1.25474,1.25945,42149
1683230400,1.2594400000000001,1.25968,1.25692,1.2572,11898
1683244800,1.25712,1.2587,1.25656,1.25835,4738
1683259200,1.25836,1.26133,1.25813,1.26061,9181
1683273600,1.26062,1.26335,1.25965,1.26067,17987
1683288000,1.26068,1.26167,1.2556,1.25686,21104
1683302400,1.25685,1.26515,1.2567599999999999,1.2646899999999999,28453
1683316800,1.26468,1.26468,1.26272,1.26299,9469
1683504000,1.2629299999999999,1.26364,1.26239,1.26336,5707
1683518400,1.26337,1.26528,1.2625899999999999,1.2651,8937
1683532800,1.26511,1.26565,1.26309,1.26369,13399
1683547200,1.26369,1.26678,1.26308,1.26455,13782
1683561600,1.26455,1.2654,1.26261,1.26383,16226
1683576000,1.26383,1.26436,1.26123,1.26182,8149
1683590400,1.26172,1.2618800000000001,1.26031,1.26086,4622
1683604800,1.26085,1.26177,1.26044,1.26121,8434
1683619200,1.26121,1.26389,1.25958,1.2608,21701
1683633600,1.26081,1.26243,1.25842,1.25855,17644
1683648000,1.25855,1.26227,1.25774,1.26104,22727
1683662400,1.26104,1.2628300000000001,1.26092,1.26208,8458
1683676800,1.2619799999999999,1.2631000000000001,1.26115,1.26272,4048
1683691200,1.26273,1.26336,1.26197,1.26206,7298
1683705600,1.26205,1.26438,1.26105,1.26217,15998
1683720000,1.26217,1.26791,1.26018,1.26725,20158
1683734400,1.26728,1.26768,1.26062,1.26193,29632
1683748800,1.26193,1.26303,1.26058,1.26245,10914
1683763200,1.26228,1.26365,1.26169,1.26362,4682
1683777600,1.26362,1.26398,1.2612700000000001,1.2617,9259
1683792000,1.26169,1.26241,1.25643,1.25824,24693
1683806400,1.25824,1.26144,1.25672,1.25849,31624
1683820800,1.25848,1.25852,1.24958,1.2511999999999999,31304
1683835200,1.25119,1.2516,1.2504,1.25123,7406
1683849600,1.25115,1.25173,1.25062,1.25168,3556
1683864000,1.25169,1.25256,1.25073,1.2523900000000001,8832
1683878400,1.25237,1.25394,1.25054,1.25317,19984
1683892800,1.25317,1.2539799999999999,1.24911,1.25049,16198
1683907200,1.25048,1.25187,1.2448,1.24508,24982
1683921600,1.24508,1.24583,1.24439,1.24471,8292
1684108800,1.2447300000000001,1.2453400000000001,1.2442,1.24496,4514
1684123200,1.24495,1.24657,1.24494,1.24618,8644
1684137600,1.24618,1.24904,1.24608,1.24878,13797
1684152000,1.24878,1.25201,1.24758,1.2506599999999999,17443
1684166400,1.25065,1.25325,1.25027,1.25325,17721
1684180800,1.25324,1.25339,1.2524,1.25258,6008
1684195200,1.2524199999999999,1.2530700000000001,1.25153,1.25297,3134
1684209600,1.25296,1.25313,1.25137,1.2526,7800
1684224000,1.25259,1.2532,1.24644,1.25213,21163
1684238400,1.2521200000000001,1.25452,1.2494399999999999,1.2512699999999999,17893
1684252800,1.25128,1.25352,1.2476099999999999,1.24844,27098
1684267200,1.24846,1.24894,1.24765,1.24824,7147
1684281600,1.24813,1.24893,1.24772,1.24852,3561
1684296000,1.24852,1.24928,1.2476099999999999,1.24774,8383
1684310400,1.24775,1.2478799999999999,1.24207,1.24264,21164
1684324800,1.2426300000000001,1.24768,1.24215,1.24687,18910
1684339200,1.24686,1.25069,1.24434,1.25033,25055
1684353600,1.25033,1.25095,1.24823,1.24847,9634
1684368000,1.24839,1.24892,1.24775,1.24837,4206
1684382400,1.24836,1.24921,1.24716,1.24733,9697
1684396800,1.24733,1.24758,1.24312,1.24367,19067
1684411200,1.24366,1.24487,1.24137,1.24237,20464
1684425600,1.24237,1.24366,1.23941,1.2395,24026
1684440000,1.23949,1.24116,1.23907,1.24072,7992
1684454400,1.24052,1.24154,1.24001,1.24125,4833
1684468800,1.24124,1.24133,1.23911,1.23958,10297
1684483200,1.23958,1.24265,1.23945,1.2408,19858
1684497600,1.24079,1.24671,1.24079,1.24477,22221
1684512000,1.24471,1.24832,1.24207,1.24658,35323
1684526400,1.24657,1.24701,1.2435100000000001,1.24448,9415
1684713600,1.24402,1.24671,1.24394,1.24658,5077
1684728000,1.24657,1.24718,1.24549,1.24564,12510
1684742400,1.24564,1.24567,1.24129,1.24404,20213
1684756800,1.24403,1.2469999999999999,1.244,1.24589,18958
1684771200,1.24589,1.24592,1.24131,1.24196,25352
1684785600,1.24194,1.24429,1.24193,1.24365,8562
1684800000,1.24357,1.24458,1.2427,1.24384,5013
1684814400,1.24383,1.24386,1.24247,1.24353,10544
1684828800,1.2435100000000001,1.24365,1.23842,1.24084,24468
1684843200,1.24082,1.24126,1.23721,1.23783,21078
1684857600,1.23785,1.24332,1.23761,1.24143,28824
1684872000,1.24143,1.24233,1.24082,1.24147,10167
1684886400,1.24135,1.24286,1.24112,1.24245,3409
1684900800,1.24245,1.24365,1.2414399999999999,1.24338,9842
1684915200,1.24338,1.24691,1.24016,1.24214,30536
1684929600,1.24214,1.24276,1.23633,1.24017,29430
1684944000,1.24018,1.24146,1.23569,1.23709,34259
1684958400,1.23706,1.23769,1.23572,1.23651,15407
1684972800,1.23636,1.23703,1.2354,1.23633,5235
1684987200,1.23629,1.23666,1.23313,1.23403,11398
1685001600,1.23403,1.23793,1.23325,1.2367,22053
1685016000,1.23668,1.23862,1.23379,1.23398,24765
1685030400,1.23399,1.23605,1.23082,1.23084,32346
1685044800,1.23083,1.23324,1.23072,1.23199,10839
1685059200,1.23202,1.23241,1.23103,1.2322,4805
1685073600,1.23221,1.2336,1.23211,1.23348,9382
1685088000,1.23346,1.23684,1.23305,1.23527,19639
1685102400,1.23527,1.23946,1.23452,1.2370700000000001,23336
1685116800,1.23706,1.2381199999999999,1.23203,1.23429,31810
1685131200,1.23428,1.23561,1.23426,1.2349700000000001,8451
1685318400,1.23381,1.23508,1.23379,1.23452,4035
1685332800,1.23452,1.23571,1.23426,1.23546,7509
1685347200,1.23547,1.2371,1.2334100000000001,1.23459,11858
1685361600,1.23458,1.23517,1.23357,1.23458,9601
1685376000,1.23458,1.23614,1.23418,1.23584,6376
1685390400,1.2358500000000001,1.23609,1.23529,1.23543,1516
1685404800,1.23528,1.23625,1.2343600000000001,1.23602,5818
1685419200,1.23603,1.23782,1.2342,1.23561,11615
1685433600,1.23561,1.23781,1.23262,1.23755,22654
1685448000,1.23756,1.24452,1.23675,1.24223,24436
1685462400,1.24224,1.24391,1.23923,1.23971,25389
1685476800,1.23971,1.2411,1.23827,1.24109,9289
1685491200,1.24089,1.24253,1.24042,1.24217,4630
1685505600,1.24216,1.2422,1.2381,1.23916,12122
1685520000,1.23915,1.23988,1.23472,1.23513,25322
1685534400,1.23512,1.2374,1.23487,1.23633,18604
1685548800,1.23632,1.24132,1.2355800000000001,1.23858,37841
1685563200,1.23857,1.24424,1.23801,1.2442,15707
1685577600,1.24394,1.24487,1.24308,1.24381,5265
1685592000,1.24381,1.24424,1.24268,1.24315,12290
1685606400,1.24315,1.244,1.23997,1.2429999999999999,20611
1685620800,1.24301,1.24856,1.24249,1.24834,18040
1685635200,1.24835,1.25387,1.24736,1.2532,24006
1685649600,1.25321,1.2534399999999999,1.25209,1.2525,7056
1685664000,1.2524,1.2530700000000001,1.25176,1.25243,4596
1685678400,1.25244,1.25436,1.2522,1.25285,6835
1685692800,1.25286,1.2542499999999999,1.25209,1.25351,12789
1685707200,1.2535,1.25406,1.2490999999999999,1.25125,16617
1685721600,1.25129,1.25345,1.24485,1.2449,23808
1685736000,1.2449,1.24573,1.24408,1.24487,7082
1685923200,1.24409,1.24479,1.24253,1.24305,4614
1685937600,1.24305,1.24389,1.24262,1.24317,7809
1685952000,1.24317,1.24365,1.2387,1.24071,15179
1685966400,1.24072,1.24086,1.23676,1.23749,11731
1685980800,1.23749,1.24425,1.23726,1.24344,21290
1685995200,1.24346,1.24364,1.24262,1.24335,7581
1686009600,1.24311,1.2436099999999999,1.24174,1.24336,3090
1686024000,1.24337,1.24503,1.24315,1.24493,7901
1686038400,1.24493,1.24579,1.24183,1.2420200000000001,16844
1686052800,1.24203,1.24232,1.23909,1.24,13192
1686067200,1.24,1.24279,1.23939,1.24258,16240
1686081600,1.24259,1.24302,1.2417799999999999,1.24216,5936
1686096000,1.24217,1.24371,1.24136,1.24306,2952
1686110400,1.24306,1.2432400000000001,1.24164,1.24225,6237
1686124800,1.24225,1.24384,1.2394,1.24384,11918
1686139200,1.2438500000000001,1.2471,1.24301,1.24632,14707
1686153600,1.24633,1.24991,1.24313,1.24331,21805
1686168000,1.24332,1.24453,1.24264,1.2437,8027
1686182400,1.24353,1.24498,1.24287,1.24481,2629
1686196800,1.24481,1.24533,1.24415,1.24527,5691
1686211200,1.24527,1.24782,1.24406,1.24771,13129
1686225600,1.24768,1.24965,1.24527,1.24825,15850
1686240000,1.24824,1.25567,1.24801,1.25532,20154
1686254400,1.25529,1.256,1.25468,1.25572,6811
1686268800,1.25546,1.25624,1.25488,1.2554,2542
1686283200,1.2554,1.25563,1.25442,1.25445,6302
1686297600,1.25444,1.25668,1.25331,1.25417,12715
1686312000,1.25418,1.2578,1.25352,1.25677,15975
1686326400,1.25677,1.25894,1.25618,1.25813,17590
1686340800,1.25812,1.25824,1.25712,1.25786,4530
1686528000,1.25593,1.25799,1.25593,1.25751,2409
1686542400,1.25748,1.25757,1.2564199999999999,1.25692,4039
1686556800,1.2569,1.25955,1.25683,1.25901,10585
1686571200,1.25901,1.25983,1.25504,1.25504,12587
1686585600,1.25504,1.25545,1.24862,1.24933,18213
1686600000,1.24933,1.25122,1.24915,1.25118,6779
1686614400,1.25104,1.25197,1.25052,1.25167,2318
1686628800,1.25166,1.25346,1.25132,1.25306,5676
1686643200,1.25306,1.2576,1.2527300000000001,1.25648,17743
1686657600,1.25647,1.2604600000000001,1.25552,1.25936,19479
1686672000,1.25937,1.26238,1.25715,1.26221,23799
1686686400,1.2622200000000001,1.26233,1.25923,1.2610000000000001,8066
1686700800,1.26092,1.26108,1.2600500000000001,1.26078,3137
1686715200,1.26077,1.26166,1.2604600000000001,1.26112,4837
1686729600,1.26112,1.26366,1.2598,1.26336,11185
1686744000,1.26335,1.26776,1.26315,1.26738,12559
1686758400,1.26736,1.26982,1.26705,1.26941,13341
1686772800,1.2694,1.2694,1.26258,1.26599,29726
1686787200,1.26589,1.26731,1.26543,1.26581,2583
1686801600,1.26584,1.26589,1.2628599999999999,1.26368,7101
1686816000,1.26367,1.26718,1.2631000000000001,1.26601,13003
1686830400,1.26601,1.26691,1.26388,1.26671,16588
1686844800,1.26669,1.27752,1.2662200000000001,1.27731,19132
1686859200,1.27731,1.27847,1.2766899999999999,1.27828,7379
1686873600,1.27812,1.27923,1.27767,1.27806,2750
1686888000,1.27805,1.27875,1.27674,1.27787,5843
1686902400,1.27786,1.28169,1.2777,1.2795,13598
1686916800,1.2795,1.28477,1.27833,1.28149,12694
1686931200,1.28149,1.2846199999999999,1.2802799999999999,1.2826,23318
1686945600,1.2826,1.2834400000000001,1.2819099999999999,1.28196,8768
1687132800,1.28178,1.28361,1.28171,1.28203,3228
1687147200,1.28202,1.28244,1.28095,1.28126,7134
1687161600,1.28125,1.28296,1.28071,1.28171,12480
1687176000,1.28171,1.28194,1.28011,1.28079,10218
1687190400,1.28079,1.28119,1.27697,1.27728,8781
1687204800,1.2772700000000001,1.2785,1.27725,1.2785,1853
1687219200,1.27826,1.2805,1.27741,1.2800799999999999,5024
1687233600,1.2800799999999999,1.28039,1.27775,1.2778,8843
1687248000,1.27779,1.28052,1.27614,1.27829,16832
1687262400,1.2783,1.27864,1.27251,1.27389,15691
1687276800,1.27389,1.2756,1.27128,1.2754400000000001,22851
1687291200,1.27543,1.27677,1.27462,1.27627,7641
1687305600,1.27611,1.27652,1.2751000000000001,1.27582,4166
1687320000,1.2758099999999999,1.27671,1.27533,1.2764,9680
1687334400,1.2764,1.28003,1.27145,1.27193,23004
1687348800,1.27194,1.27341,1.26904,1.2729599999999999,18972
1687363200,1.27298,1.27594,1.27013,1.27554,26642
1687377600,1.27554,1.2784499999999999,1.27523,1.27653,10599
1687392000,1.27628,1.2772700000000001,1.27597,1.27677,3311
1687406400,1.27676,1.2772999999999999,1.2757,1.2758,6454
1687420800,1.2758,1.27865,1.27378,1.27751,15974
1687435200,1.2775,1.28338,1.27369,1.27482,25856
1687449600,1.2748,1.27631,1.2726600000000001,1.27318,23601
1687464000,1.27319,1.27473,1.27247,1.27448,7967
1687478400,1.27436,1.2748300000000001,1.27401,1.27459,5319
1687492800,1.2746,1.27478,1.2695699999999999,1.27068,16989
1687507200,1.27067,1.27292,1.26831,1.27001,27872
1687521600,1.27001,1.27356,1.2689599999999999,1.27108,18854
1687536000,1.27109,1.27276,1.2688,1.26977,22290
1687550400,1.26976,1.2721,1.26975,1.27149,8414
1687737600,1.2705600000000001,1.27345,1.26993,1.27328,5864
1687752000,1.27328,1.27379,1.2726199999999999,1.27313,7933
1687766400,1.27312,1.2747600000000001,1.27096,1.2736399999999999,16019
1687780800,1.27363,1.27436,1.26871,1.27107,15880
1687795200,1.27108,1.27268,1.26938,1.27209,16948
1687809600,1.2721,1.2725,1.2709,1.2711299999999999,6553
1687824000,1.2711000000000001,1.27151,1.26978,1.27046,3724
1687838400,1.27046,1.27355,1.27039,1.27284,10206
1687852800,1.27284,1.27572,1.27255,1.2736399999999999,15170
1687867200,1.2736399999999999,1.27434,1.2711000000000001,1.27365,16614
1687881600,1.27363,1.27586,1.2732299999999999,1.27489,23548
1687896000,1.27487,1.27566,1.2742499999999999,1.27462,8351
1687910400,1.27461,1.27509,1.27411,1.27429,4430
1687924800,1.27431,1.27451,1.27233,1.27248,11086
1687939200,1.2725,1.27363,1.27012,1.27103,14164
1687953600,1.27103,1.27139,1.26314,1.26391,18232
1687968000,1.26392,1.26493,1.26057,1.2647300000000001,22191
1687982400,1.2647300000000001,1.26529,1.26342,1.26343,6995
1687996800,1.26345,1.26448,1.26246,1.26334,3205
1688011200,1.26336,1.26456,1.2616399999999999,1.26196,8076
1688025600,1.26196,1.26531,1.2614,1.26453,14720
1688040000,1.26453,1.2666,1.25996,1.26054,16518
1688054400,1.26056,1.26306,1.25901,1.26226,24634
1688068800,1.26226,1.26239,1.26081,1.26093,6471
1688083200,1.26092,1.2618800000000001,1.26057,1.26163,3063
1688097600,1.26163,1.26246,1.26097,1.26223,8424
1688112000,1.2622200000000001,1.26502,1.2598500000000001,1.26141,13657
1688126400,1.26142,1.26898,1.26101,1.2684,18029
1688140800,1.2684,1.27265,1.26809,1.27152,23803
1688155200,1.27151,1.27213,1.26913,1.26929,7678
1688342400,1.26897,1.27031,1.26867,1.26894,3952
1688356800,1.26894,1.27062,1.2687599999999999,1.27044,8050
1688371200,1.27044,1.27044,1.26577,1.26694,13277
1688385600,1.26693,1.26944,1.26608,1.26931,14457
1688400000,1.2692999999999999,1.27221,1.26732,1.26963,19447
1688414400,1.26963,1.26996,1.26801,1.2690000000000001,2640
1688428800,1.2687,1.26994,1.26809,1.26963,2695
1688443200,1.26965,1.27009,1.2683900000000001,1.26858,6119
1688457600,1.26857,1.271,1.26826,1.26953,9911
1688472000,1.26951,1.27381,1.26928,1.2735400000000001,9724
1688486400,1.2735400000000001,1.2736399999999999,1.27159,1.2717800000000001,7658
1688500800,1.2717800000000001,1.27233,1.27112,1.27131,2703
1688515200,1.2711700000000001,1.27203,1.27066,1.27129,2438
1688529600,1.2713,1.27154,1.26993,1.27047,5473
1688544000,1.27048,1.27216,1.26943,1.2711299999999999,13959
1688558400,1.27112,1.27254,1.2687300000000001,1.27143,12664
1688572800,1.27143,1.27341,1.27005,1.27066,15755
1688587200,1.27067,1.2711299999999999,1.26908,1.2702499999999999,7679
1688601600,1.2699799999999999,1.27063,1.26914,1.26963,5132
1688616000,1.26962,1.2711000000000001,1.26887,1.27028,8620
1688630400,1.27029,1.27302,1.26974,1.271,18053
1688644800,1.27101,1.278,1.2705199999999999,1.27453,23258
1688659200,1.27454,1.2759,1.26725,1.27263,26231
1688673600,1.27263,1.27431,1.27233,1.27387,6637
1688688000,1.27387,1.27443,1.27279,1.27309,2869
1688702400,1.2731,1.27435,1.27259,1.27394,5325
1688716800,1.27394,1.2748599999999999,1.27251,1.27337,12781
1688731200,1.27336,1.28068,1.27325,1.27796,20154
1688745600,1.27796,1.28484,1.2753,1.28481,23761
1688760000,1.28481,1.28482,1.28291,1.28372,6583
1688947200,1.28265,1.2840500000000001,1.2821,1.28244,3719
1688961600,1.2824499999999999,1.28334,1.28083,1.28094,7051
1688976000,1.28099,1.28243,1.27975,1.28175,11241
1688990400,1.28174,1.28233,1.27494,1.27527,15852
1689004800,1.27528,1.28457,1.27528,1.28453,18784
1689019200,1.28452,1.28675,1.28424,1.28594,5410
1689033600,1.28589,1.28686,1.2852000000000001,1.28677,2624
1689048000,1.2867600000000001,1.28829,1.28641,1.28775,7818
1689062400,1.2877399999999999,1.29124,1.28666,1.28849,18060
1689076800,1.28849,1.29338,1.28841,1.28959,16190
1689091200,1.28959,1.29217,1.28852,1.29216,19184
1689105600,1.29219,1.29329,1.29142,1.29297,5940
1689120000,1.2929599999999999,1.29519,1.29269,1.2946,3433
1689134400,1.29458,1.29685,1.29432,1.29654,8468
1689148800,1.2965499999999999,1.29661,1.2931300000000001,1.29314,12457
1689163200,1.29312,1.29751,1.29033,1.2946900000000001,21761
1689177600,1.29475,1.29996,1.29456,1.29953,28930
1689192000,1.2995,1.29956,1.29758,1.29883,8336
1689206400,1.2987199999999999,1.29993,1.29833,1.29905,3935
1689220800,1.29904,1.3018100000000001,1.29879,1.30054,8321
1689235200,1.30053,1.30607,1.29823,1.30417,19447
1689249600,1.30416,1.30827,1.30355,1.30824,21134
1689264000,1.30824,1.31151,1.30782,1.31131,22164
1689278400,1.3113000000000001,1.314,1.31083,1.31342,7820
1689292800,1.3131300000000001,1.31378,1.31121,1.31198,5816
1689307200,1.31196,1.31413,1.31185,1.31299,7546
1689321600,1.31299,1.3131599999999999,1.30926,1.31202,14783
1689336000,1.31201,1.31413,1.30997,1.31124,17016
1689350400,1.3112300000000001,1.31294,1.30933,1.31121,27750
1689364800,1.3112599999999999,1.31139,1.30887,1.30904,7079
1689552000,1.3090600000000001,1.30968,1.3082799999999999,1.30922,3976
1689566400,1.30923,1.30958,1.30811,1.30872,6997
1689580800,1.30871,1.31081,1.30643,1.3093,15048
1689595200,1.30931,1.31063,1.30527,1.30668,17831
1689609600,1.30671,1.3091599999999999,1.305,1.30739,17157
1689624000,1.30739,1.30863,1.30697,1.30728,5987
1689638400,1.3072599999999999,1.30814,1.3067,1.30773,3284
1689652800,1.30773,1.30989,1.30732,1.30936,9240
1689667200,1.30937,1.3106,1.30711,1.30778,18568
1689681600,1.30779,1.31247,1.30716,1.30883,23027
1689696000,1.30884,1.30978,1.30273,1.30342,25320
1689710400,1.30342,1.30484,1.30288,1.30337,6448
1689724800,1.30343,1.30405,1.30293,1.30351,3760
1689739200,1.3035,1.30378,1.30121,1.30157,9064
1689753600,1.30157,1.30305,1.29217,1.29318,27450
1689768000,1.2931599999999999,1.2955999999999999,1.28966,1.29149,21779
1689782400,1.29151,1.2919399999999999,1.28666,1.29078,28439
1689796800,1.2907899999999999,1.29391,1.29051,1.2938,7025
1689811200,1.29367,1.29465,1.29292,1.29454,3864
1689825600,1.29454,1.29637,1.29406,1.29431,10638
1689840000,1.29432,1.29443,1.29047,1.29231,13963
1689854400,1.2923,1.2923,1.28537,1.28704,17386
1689868800,1.28705,1.2882,1.28392,1.2852299999999999,20931
1689883200,1.28522,1.2867600000000001,1.28505,1.28666,4425
1689897600,1.28656,1.28768,1.28617,1.28757,3515
1689912000,1.28756,1.28853,1.28656,1.28786,7891
1689926400,1.28785,1.29032,1.28394,1.28574,18361
1689940800,1.28573,1.28689,1.28151,1.28292,16925
1689955200,1.28292,1.28604,1.2828,1.28576,16045
1689969600,1.28575,1.2865199999999999,1.28479,1.28525,5063
1690156800,1.28478,1.28661,1.28472,1.28634,3053
1690171200,1.28634,1.28691,1.28488,1.2863,7284
1690185600,1.28629,1.28829,1.28064,1.28153,19499
1690200000,1.28152,1.28583,1.28148,1.28358,17292
1690214400,1.28357,1.28437,1.2797,1.28315,21813
1690228800,1.28315,1.284,1.28143,1.28193,5526
1690243200,1.2818,1.28248,1.28084,1.28148,3772
1690257600,1.28147,1.2842,1.28146,1.28295,7104
1690272000,1.28294,1.28637,1.2828300000000001,1.28499,16410
1690286400,1.28498,1.28531,1.28192,1.2833999999999999,11711
1690300800,1.28341,1.28785,1.28115,1.28772,16667
1690315200,1.28772,1.29039,1.28702,1.29005,6231
1690329600,1.2898,1.2902,1.28816,1.2883499999999999,3098
1690344000,1.28834,1.28917,1.28746,1.28868,6391
1690358400,1.28868,1.29116,1.28804,1.29093,14151
1690372800,1.29093,1.29236,1.28943,1.29075,13017
1690387200,1.2907600000000001,1.29356,1.29024,1.29144,14946
1690401600,1.29143,1.2959399999999999,1.28926,1.2941799999999999,26341
1690416000,1.29402,1.29451,1.2923200000000001,1.29398,3595
1690430400,1.29397,1.29758,1.29397,1.29612,8512
1690444800,1.29611,1.29948,1.29385,1.29913,16142
1690459200,1.29914,1.29943,1.2881,1.28948,22849
1690473600,1.2894700000000001,1.29021,1.2825,1.28402,31430
1690488000,1.28404,1.28514,1.27813,1.27935,15014
1690502400,1.27925,1.27989,1.27866,1.27897,4015
1690516800,1.27898,1.28068,1.27621,1.2778399999999999,16574
1690531200,1.27785,1.28149,1.27715,1.28044,24882
1690545600,1.28044,1.28868,1.28009,1.28687,17356
1690560000,1.28686,1.28838,1.28373,1.28717,20305
1690574400,1.28716,1.28716,1.28449,1.28455,6420
1690761600,1.28384,1.2859,1.2838,1.28568,3377
1690776000,1.28567,1.28585,1.28431,1.28473,7281
1690790400,1.28472,1.28664,1.28345,1.28502,12557
1690804800,1.28502,1.28716,1.28444,1.28526,11890
1690819200,1.2852700000000001,1.28694,1.28274,1.28572,18487
1690833600,1.28572,1.28663,1.2830599999999999,1.28356,5096
1690848000,1.2834400000000001,1.284,1.28269,1.28282,2771
1690862400,1.28282,1.28354,1.28145,1.28305,7110
1690876800,1.28304,1.28379,1.28121,1.28247,13346
1690891200,1.28247,1.28319,1.27551,1.2763900000000001,14786
1690905600,1.2764,1.27933,1.27405,1.27602,19981
1690920000,1.27602,1.27798,1.27482,1.27749,4106
1690934400,1.27741,1.2802799999999999,1.27633,1.27797,5184
1690948800,1.27796,1.27941,1.27626,1.27767,6900
1690963200,1.27768,1.27981,1.27599,1.27866,15066
1690977600,1.27866,1.27914,1.27222,1.27228,18836
1690992000,1.27229,1.2729599999999999,1.26796,1.27249,22544
1691006400,1.27249,1.27379,1.27077,1.27082,6030
1691020800,1.27038,1.27212,1.2703,1.27128,2823
1691035200,1.27124,1.27271,1.26989,1.26994,6161
1691049600,1.2699500000000001,1.27082,1.26718,1.26748,17859
1691064000,1.26748,1.2692,1.2619,1.2671700000000001,28110
1691078400,1.26716,1.2723200000000001,1.26492,1.27182,21842
1691092800,1.2718099999999999,1.27185,1.26959,1.27074,4759
1691107200,1.2707,1.27245,1.26993,1.27244,4033
1691121600,1.27245,1.27405,1.2723200000000001,1.2727,9397
1691136000,1.2726899999999999,1.27335,1.2693699999999999,1.26987,11501
1691150400,1.26986,1.27536,1.26824,1.27444,18219
1691164800,1.27443,1.27827,1.27421,1.27803,24880
1691179200,1.27804,1.27915,1.274,1.27491,6545
1691366400,1.27409,1.27603,1.27407,1.27577,4305
1691380800,1.27577,1.27577,1.27313,1.27338,6194
1691395200,1.27339,1.27436,1.27123,1.27272,11074
1691409600,1.27272,1.27714,1.2716,1.27711,11722
1691424000,1.27712,1.2786,1.2753700000000001,1.2774,12701
1691438400,1.27739,1.2788300000000001,1.2766199999999999,1.27832,4352
1691452800,1.27827,1.27846,1.27677,1.27728,2416
1691467200,1.27728,1.27728,1.27501,1.27612,6593
1691481600,1.27612,1.27715,1.27374,1.27523,13512
1691496000,1.27522,1.27539,1.2683200000000001,1.26967,16733
1691510400,1.26966,1.2742200000000001,1.26863,1.27321,15562
1691524800,1.27322,1.27507,1.2730299999999999,1.27467,4527
1691539200,1.27414,1.2749,1.27276,1.27402,3504
1691553600,1.27401,1.27584,1.27386,1.27561,7801
1691568000,1.27562,1.27814,1.27477,1.27534,11016
1691582400,1.27534,1.2754400000000001,1.27116,1.27286,11865
1691596800,1.27287,1.27504,1.27114,1.27222,14245
1691611200,1.27223,1.27372,1.2717800000000001,1.27187,4829
1691625600,1.27184,1.272,1.27096,1.27127,2691
1691640000,1.27126,1.27229,1.27064,1.2711299999999999,5318
1691654400,1.27114,1.27682,1.27108,1.27559,10911
1691668800,1.27559,1.28176,1.27527,1.27805,17175
1691683200,1.27803,1.27846,1.27047,1.27149,26886
1691697600,1.27148,1.27161,1.2668,1.26732,12991
1691712000,1.26735,1.26802,1.26653,1.26801,2395
1691726400,1.26802,1.26898,1.26772,1.26811,5815
1691740800,1.2681200000000001,1.2722,1.26786,1.2705,13386
1691755200,1.2705,1.27377,1.26806,1.26851,16758
1691769600,1.26848,1.27278,1.26807,1.26898,21969
1691784000,1.2689599999999999,1.2701799999999999,1.2685,1.26955,5355
1691971200,1.26915,1.27032,1.26785,1.26814,4411
1691985600,1.2681499999999999,1.26854,1.2665600000000001,1.26701,8773
1692000000,1.26704,1.27065,1.26688,1.26971,13700
1692014400,1.2697,1.27136,1.26443,1.2656,14720
1692028800,1.2656100000000001,1.2705600000000001,1.26159,1.2696399999999999,20398
1692043200,1.2696399999999999,1.27009,1.26726,1.26821,5810
1692057600,1.26827,1.26867,1.26754,1.26824,2994
1692072000,1.26825,1.26926,1.26742,1.26843,10004
1692086400,1.2684199999999999,1.27187,1.26767,1.2711000000000001,19149
1692100800,1.27108,1.27291,1.26802,1.2715,22370
1692115200,1.27153,1.27519,1.27071,1.27226,27445
1692129600,1.27226,1.27247,1.26936,1.27013,7017
1692144000,1.27005,1.27016,1.26912,1.26949,3764
1692158400,1.26946,1.27064,1.26861,1.27063,10231
1692172800,1.27063,1.27655,1.26981,1.27572,16017
1692187200,1.2757,1.27655,1.2720099999999999,1.2720099999999999,14036
1692201600,1.272,1.276,1.2717399999999999,1.2732,20834
1692216000,1.2732,1.27492,1.27106,1.27281,13519
1692230400,1.2727,1.27315,1.27142,1.27197,4245
1692244800,1.27196,1.27223,1.27102,1.2722,9220
1692259200,1.27221,1.2742499999999999,1.2708599999999999,1.27115,13827
1692273600,1.2711299999999999,1.2782499999999999,1.27016,1.27698,21682
1692288000,1.27697,1.27865,1.27366,1.27591,21333
1692302400,1.27591,1.27595,1.27261,1.27448,10735
1692316800,1.27436,1.27579,1.27394,1.27508,3691
1692331200,1.27508,1.27652,1.2741799999999999,1.2744,9733
1692345600,1.27439,1.27504,1.27062,1.27183,16191
1692360000,1.2718,1.27412,1.2688,1.27098,17325
1692374400,1.27099,1.27484,1.2707,1.27437,20726
1692388800,1.27437,1.27551,1.27264,1.27325,7031
1692576000,1.27263,1.27497,1.2726199999999999,1.2745600000000001,3256
1692590400,1.27455,1.27455,1.2729,1.27375,7806
1692604800,1.27374,1.27446,1.27094,1.2720099999999999,13520
1692619200,1.272,1.2764,1.27194,1.27512,15388
1692633600,1.2751299999999999,1.27564,1.27218,1.2756,20129
1692648000,1.2756,1.27658,1.27499,1.27556,5457
1692662400,1.27549,1.27652,1.2751299999999999,1.27623,3109
1692676800,1.27623,1.27769,1.2757100000000001,1.27689,8168
1692691200,1.27688,1.27994,1.27681,1.27808,12612
1692705600,1.27807,1.27909,1.27407,1.27414,16390
1692720000,1.27412,1.27527,1.27176,1.27342,20445
1692734400,1.27341,1.27423,1.27273,1.27322,4821
1692748800,1.2732299999999999,1.27402,1.27224,1.27335,2926
1692763200,1.2733400000000001,1.27498,1.27322,1.27497,6394
1692777600,1.27496,1.2764,1.26699,1.26779,20086
1692792000,1.2677800000000001,1.2679,1.26138,1.26298,23373
1692806400,1.26299,1.27251,1.26296,1.27202,24609
1692820800,1.2720099999999999,1.27321,1.2707899999999999,1.27199,6230
1692835200,1.27197,1.27277,1.27096,1.27185,4238
1692849600,1.27184,1.2721,1.27046,1.27193,8051
1692864000,1.27194,1.2726899999999999,1.26907,1.26976,14352
1692878400,1.26977,1.27028,1.26253,1.26349,16020
1692892800,1.2635,1.26619,1.2619799999999999,1.2622499999999999,21841
1692907200,1.26224,1.26236,1.25904,1.2598099999999999,7251
1692921600,1.25987,1.2604199999999999,1.25849,1.25891,3708
1692936000,1.2589000000000001,1.25901,1.25586,1.2564,6918
1692950400,1.2564,1.25913,1.256,1.2585600000000001,11397
1692964800,1.25855,1.26228,1.2581,1.2619,10570
1692979200,1.2619,1.26533,1.2547,1.25808,33354
1692993600,1.25809,1.26004,1.25743,1.2576,7325
1693180800,1.25757,1.25984,1.2572999999999999,1.25931,3642
1693195200,1.2593,1.26033,1.25916,1.25989,5730
1693209600,1.2598799999999999,1.26097,1.2568,1.25754,8030
1693224000,1.25753,1.25938,1.2564600000000001,1.25931,6934
1693238400,1.25925,1.2598799999999999,1.25719,1.25943,11781
1693252800,1.25942,1.2606600000000001,1.2591700000000001,1.25989,4585
1693267200,1.25968,1.26181,1.25904,1.26132,2775
1693281600,1.26133,1.26312,1.26124,1.2622200000000001,5578
1693296000,1.2622200000000001,1.2635,1.2604600000000001,1.26108,11667
1693310400,1.26108,1.2616100000000001,1.25619,1.25724,14894
1693324800,1.25725,1.2633,1.25619,1.26196,27256
1693339200,1.26196,1.2654,1.26194,1.26426,7418
1693353600,1.26416,1.26489,1.26314,1.26401,3119
1693368000,1.26398,1.26414,1.26214,1.26219,4643
1693382400,1.2622,1.26468,1.26179,1.2637,13279
1693396800,1.26373,1.27199,1.2634699999999999,1.27128,19019
1693411200,1.27128,1.27455,1.27013,1.27154,21740
1693425600,1.27153,1.27281,1.27058,1.27194,5540
1693440000,1.27165,1.27219,1.2708300000000001,1.27192,2730
1693454400,1.27191,1.27336,1.27182,1.27224,5418
1693468800,1.27225,1.27234,1.26938,1.26946,12840
1693483200,1.26946,1.2697,1.26626,1.26841,18980
1693497600,1.2684,1.2686600000000001,1.26518,1.26616,23389
1693512000,1.26616,1.26734,1.26601,1.2671000000000001,6560
1693526400,1.26682,1.2674699999999999,1.26574,1.2662200000000001,3580
1693540800,1.2662200000000001,1.26827,1.26582,1.26675,5990
1693555200,1.26672,1.26886,1.26393,1.26741,12250
1693569600,1.2674,1.27122,1.26615,1.26912,17355
1693584000,1.26913,1.27019,1.25765,1.25878,34380
1693598400,1.25879,1.2598,1.25838,1.25865,4915
1693785600,1.2586300000000001,1.2597800000000001,1.25855,1.25949,2198
1693800000,1.25948,1.26064,1.25879,1.26062,4435
1693814400,1.26064,1.26332,1.26048,1.26314,8606
1693828800,1.26315,1.2641499999999999,1.26204,1.26245,8738
1693843200,1.26247,1.26383,1.2614,1.26274,6218
1693857600,1.26276,1.26321,1.26254,1.26267,1645
1693872000,1.26251,1.26295,1.26196,1.26289,1795
1693886400,1.2629000000000001,1.26309,1.26116,1.2625199999999999,5865
1693900800,1.26251,1.26274,1.25272,1.2534100000000001,17719
1693915200,1.2533699999999999,1.25775,1.25325,1.25738,17467
1693929600,1.2574,1.25861,1.25462,1.25758,21592
1693944000,1.25759,1.25793,1.25575,1.25647,4972
1693958400,1.25636,1.25721,1.25528,1.25565,2479
1693972800,1.25566,1.25735,1.25485,1.2573400000000001,5869
1693987200,1.25735,1.25866,1.25458,1.2558799999999999,14215
1694001600,1.25587,1.25664,1.25403,1.2554,13557
1694016000,1.25541,1.25579,1.24811,1.2501,26501
1694030400,1.2501,1.25102,1.24989,1.25058,5092
1694044800,1.25024,1.25045,1.24916,1.24951,2780
1694059200,1.24952,1.25053,1.24902,1.24972,5171
1694073600,1.24972,1.25073,1.24567,1.24771,15212
1694088000,1.24772,1.24867,1.24448,1.24612,14139
1694102400,1.24611,1.24887,1.24462,1.24742,15696
1694116800,1.24742,1.2486,1.24669,1.24704,5104
1694131200,1.24703,1.24923,1.24642,1.24903,3080
1694145600,1.24902,1.25004,1.2473,1.24894,5655
1694160000,1.24891,1.25087,1.24776,1.24858,11669
1694174400,1.24858,1.24974,1.24659,1.24789,13025
1694188800,1.2478799999999999,1.25133,1.24585,1.24612,15332
1694203200,1.24611,1.24691,1.24503,1.24591,5202
1694390400,1.24662,1.24935,1.24634,1.24855,5046
1694404800,1.24854,1.25192,1.24816,1.2517800000000001,7451
1694419200,1.2517800000000001,1.25295,1.25092,1.2518799999999999,11380
1694433600,1.25187,1.25362,1.2500200000000001,1.25264,11283
1694448000,1.25264,1.25474,1.25199,1.25209,16005
1694462400,1.25209,1.2521,1.25064,1.25076,5068
1694476800,1.25072,1.2512699999999999,1.25026,1.25051,2389
1694491200,1.2505,1.2522,1.25001,1.25099,6722
1694505600,1.25098,1.25281,1.24619,1.24663,13235
1694520000,1.24663,1.24829,1.24585,1.24671,11446
1694534400,1.24668,1.2490700000000001,1.24604,1.2477,13057
1694548800,1.2477,1.24977,1.2475100000000001,1.24952,5656
1694563200,1.24929,1.24996,1.24823,1.24932,2799
1694577600,1.24933,1.25013,1.24804,1.24937,5552
1694592000,1.2494,1.24973,1.24403,1.24767,15206
1694606400,1.24766,1.2499,1.24312,1.2485,19344
1694620800,1.2484899999999999,1.25108,1.24711,1.24939,21782
1694635200,1.24937,1.25054,1.24803,1.24887,5509
1694649600,1.2487,1.25023,1.24796,1.25011,2644
1694664000,1.25011,1.25035,1.24845,1.2500200000000001,5701
1694678400,1.25003,1.25054,1.24784,1.24858,9779
1694692800,1.24857,1.24857,1.2413,1.24392,21799
1694707200,1.24392,1.24599,1.24001,1.24135,26045
1694721600,1.24134,1.2416800000000001,1.23956,1.2408,6033
1694736000,1.24071,1.24105,1.23988,1.24105,2575
1694750400,1.24106,1.2429000000000001,1.24007,1.24279,6293
1694764800,1.24279,1.24449,1.24154,1.24393,11803
1694779200,1.24394,1.24396,1.23894,1.23898,10416
1694793600,1.23897,1.24244,1.23841,1.23986,19994
1694808000,1.23986,1.23987,1.2378,1.23832,5599
1694995200,1.23789,1.24014,1.23783,1.2399,1942
1695009600,1.2399,1.24032,1.23851,1.23949,4576
1695024000,1.23949,1.24038,1.23692,1.23794,9068
1695038400,1.23795,1.24094,1.23765,1.238,8847
1695052800,1.238,1.24039,1.2372,1.23943,13288
1695067200,1.23942,1.23983,1.23734,1.23842,4561
1695081600,1.23836,1.23906,1.23793,1.2381199999999999,2409
1695096000,1.2381199999999999,1.23825,1.23743,1.23776,3786
1695110400,1.23775,1.2392,1.2368999999999999,1.23752,9071
1695124800,1.23752,1.2423899999999999,1.23697,1.24045,10720
1695139200,1.24044,1.24059,1.23814,1.23861,13393
1695153600,1.23862,1.23958,1.2385,1.23916,5089
1695168000,1.23902,1.23957,1.23852,1.23889,2166
1695182400,1.2389000000000001,1.23926,1.23816,1.2387299999999999,4430
1695196800,1.23874,1.23947,1.23314,1.23677,15090
1695211200,1.23677,1.23796,1.23569,1.23755,10039
1695225600,1.23755,1.2420499999999999,1.23744,1.24162,14337
1695240000,1.24162,1.24162,1.23314,1.23435,24347
1695254400,1.23396,1.23445,1.23095,1.2312400000000001,4242
1695268800,1.23126,1.23243,1.23035,1.23192,6654
1695283200,1.23193,1.23306,1.22935,1.23032,13329
1695297600,1.23031,1.2307299999999999,1.22268,1.22669,22258
1695312000,1.22672,1.23058,1.22569,1.22958,18850
1695326400,1.22957,1.23067,1.22874,1.22933,6526
1695340800,1.22932,1.2294100000000001,1.22807,1.2285300000000001,2836
1695355200,1.2285300000000001,1.22854,1.22722,1.22836,6495
1695369600,1.22835,1.22872,1.22338,1.22522,19107
1695384000,1.22521,1.22662,1.22316,1.22561,13501
1695398400,1.22562,1.22838,1.22497,1.22508,17224
1695412800,1.22507,1.2258,1.2229700000000001,1.22355,6624
1695600000,1.22438,1.22489,1.22356,1.22478,12118
1695614400,1.22479,1.22487,1.2236,1.22409,4198
1695628800,1.22409,1.22493,1.22173,1.22195,10954
1695643200,1.22194,1.22425,1.22117,1.22161,10874
1695657600,1.2216,1.22195,1.21927,1.22105,15895
1695672000,1.22105,1.22212,1.22046,1.22108,4958
1695686400,1.22102,1.22146,1.22036,1.22049,2756
1695700800,1.22046,1.22082,1.21928,1.22044,5720
1695715200,1.22045,1.22062,1.21665,1.2184,12376
1695729600,1.2184,1.21932,1.21694,1.21902,12785
1695744000,1.21902,1.21912,1.21579,1.21701,15515
1695758400,1.21702,1.21752,1.21516,1.21537,5271
1695772800,1.21546,1.21594,1.21401,1.21416,2773
1695787200,1.21416,1.21568,1.21393,1.21461,6387
1695801600,1.21461,1.21633,1.21332,1.21488,10983
1695816000,1.21488,1.21554,1.21295,1.21437,13297
1695830400,1.21436,1.21584,1.21156,1.2124,19479
1695844800,1.21239,1.21523,1.21095,1.21346,11619
1695859200,1.21324,1.21438,1.21274,1.21432,3371
1695873600,1.21431,1.21442,1.21292,1.21394,5700
1695888000,1.21394,1.21735,1.21192,1.21704,12018
1695902400,1.21705,1.22216,1.21692,1.21769,15467
1695916800,1.21768,1.22238,1.21747,1.21988,21418
1695931200,1.21988,1.22043,1.2187000000000001,1.22032,8056
1695945600,1.22009,1.22096,1.21943,1.22005,2247
1695960000,1.22005,1.22274,1.21984,1.22214,5064
1695974400,1.22213,1.22531,1.2219,1.2234,13029
1695988800,1.22342,1.2271,1.2231,1.22589,16212
1696003200,1.22588,1.22623,1.21796,1.22049,25475
1696017600,1.22048,1.22073,1.2185,1.22011,10110
1696204800,1.21816,1.22035,1.21791,1.21873,3929
1696219200,1.21872,1.21946,1.21854,1.21857,3705
1696233600,1.21859,1.22192,1.2174800000000001,1.21863,11420
1696248000,1.21863,1.2187000000000001,1.21475,1.21503,12292
1696262400,1.21502,1.21512,1.21071,1.21074,23486
1696276800,1.21073,1.21263,1.20856,1.20866,7938
1696291200,1.20867,1.20914,1.20767,1.20853,3703
1696305600,1.20853,1.2086999999999999,1.20601,1.20634,5810
1696320000,1.20633,1.2096,1.20605,1.20866,12196
1696334400,1.20866,1.20879,1.20515,1.20727,14078
1696348800,1.20728,1.2101,1.20525,1.20743,32768
1696363200,1.20743,1.20906,1.20684,1.20768,9133
1696377600,1.2074799999999999,1.20834,1.20715,1.20801,3196
1696392000,1.208,1.20811,1.20597,1.2080899999999999,6893
1696406400,1.2081,1.21147,1.20363,1.21126,13544
1696420800,1.21125,1.2176,1.21116,1.21691,19301
1696435200,1.2169,1.21728,1.2105299999999999,1.21511,25978
1696449600,1.2151,1.21558,1.21299,1.21356,8717
1696464000,1.21353,1.21505,1.21301,1.2149,2817
1696478400,1.21489,1.21624,1.21481,1.21553,6346
1696492800,1.21552,1.2161,1.21152,1.21217,11714
1696507200,1.21218,1.2155,1.21069,1.213,16453
1696521600,1.21299,1.21868,1.21252,1.21791,23520
1696536000,1.21792,1.21951,1.21689,1.21916,7438
1696550400,1.21893,1.21917,1.21801,1.21804,2692
1696564800,1.21805,1.21882,1.21752,1.21759,5413
1696579200,1.21759,1.22062,1.2163,1.21978,11487
1696593600,1.21978,1.22186,1.21048,1.21217,21812
1696608000,1.21219,1.22604,1.21159,1.2233100000000001,36176
1696622400,1.2233,1.22546,1.22303,1.22324,8045
1696809600,1.22001,1.22238,1.21973,1.22216,6517
1696824000,1.22217,1.22228,1.2190699999999999,1.21926,7296
1696838400,1.21927,1.22163,1.21631,1.2177,13695
1696852800,1.21771,1.21902,1.21619,1.21828,11719
1696867200,1.21828,1.22196,1.21825,1.21967,16567
1696881600,1.21966,1.22432,1.21966,1.22361,7417
1696896000,1.22353,1.2254,1.22311,1.22462,4465
1696910400,1.22464,1.22559,1.2224,1.22258,7066
1696924800,1.22257,1.22747,1.22109,1.22704,18380
1696939200,1.22703,1.2275,1.22345,1.22487,18602
1696953600,1.22487,1.22906,1.22375,1.22901,20246
1696968000,1.229,1.22906,1.22628,1.2286,9523
1696982400,1.2283,1.23029,1.22684,1.22979,4381
1696996800,1.22978,1.23005,1.22866,1.22918,5449
1697011200,1.22918,1.23032,1.22689,1.22797,16313
1697025600,1.22796,1.23146,1.22652,1.23113,19208
1697040000,1.23114,1.23366,1.22877,1.22956,23670
1697054400,1.22955,1.23135,1.22744,1.2312,10214
1697068800,1.2309,1.23184,1.23064,1.2312400000000001,2775
1697083200,1.23123,1.2322,1.23098,1.23184,5168
1697097600,1.23183,1.23306,1.22912,1.2295099999999999,12214
1697112000,1.22952,1.23138,1.22506,1.22614,18488
1697126400,1.22616,1.22693,1.21982,1.22003,24001
1697140800,1.2200199999999999,1.22013,1.2171,1.21731,9991
1697155200,1.21732,1.21888,1.21711,1.21866,3074
1697169600,1.21866,1.22071,1.21852,1.2202,5193
1697184000,1.22021,1.22244,1.21841,1.22129,12985
1697198400,1.2213,1.22133,1.21591,1.21878,18059
1697212800,1.21877,1.2193,1.21306,1.2136,23372
1697227200,1.21361,1.2140900000000001,1.21217,1.21356,9112
1697414400,1.21305,1.21563,1.2121,1.21459,4261
1697428800,1.21459,1.21609,1.21459,1.2159200000000001,4316
1697443200,1.2159200000000001,1.21769,1.21506,1.21588,14362
1697457600,1.21588,1.21836,1.2142,1.21755,15786
1697472000,1.21754,1.22041,1.21526,1.21991,17795
1697486400,1.2199,1.22186,1.21978,1.22163,5508
1697500800,1.22119,1.22153,1.2201,1.22082,2524
1697515200,1.22083,1.22085,1.21924,1.21958,5081
1697529600,1.21958,1.21999,1.21489,1.21539,13159
1697544000,1.21538,1.21901,1.2132100000000001,1.214,18652
1697558400,1.21401,1.22111,1.21352,1.21909,23148
1697572800,1.21908,1.21925,1.21698,1.21821,7511
1697587200,1.21802,1.21825,1.21577,1.21618,2937
1697601600,1.21617,1.21832,1.21581,1.218,5493
1697616000,1.21799,1.22105,1.21769,1.21984,14200
1697630400,1.21984,1.22094,1.21707,1.21755,14789
1697644800,1.21755,1.21857,1.21371,1.21519,20358
1697659200,1.21519,1.21755,1.21365,1.2139,10037
1697673600,1.21391,1.2145,1.21354,1.21406,2816
1697688000,1.21407,1.21441,1.21229,1.21247,5202
1697702400,1.21248,1.21441,1.21012,1.21059,13548
1697716800,1.21058,1.21439,1.20891,1.21407,14359
1697731200,1.21406,1.21905,1.21233,1.21731,31411
1697745600,1.2173,1.2182,1.21376,1.21398,17107
1697760000,1.21394,1.21436,1.21211,1.21248,3371
1697774400,1.21249,1.21436,1.21172,1.21336,5725
1697788800,1.21336,1.21375,1.20923,1.21227,14908
1697803200,1.21227,1.21486,1.21131,1.21397,14026
1697817600,1.21398,1.21603,1.21304,1.21532,21415
1697832000,1.2153100000000001,1.21694,1.21485,1.21628,9103
1698019200,1.21611,1.21652,1.21501,1.21614,4717
1698033600,1.21614,1.21615,1.21433,1.21486,7248
1698048000,1.21484,1.2184,1.21446,1.21608,15019
1698062400,1.21608,1.21821,1.21425,1.21635,14311
1698076800,1.21634,1.22361,1.21496,1.2233,19542
1698091200,1.2233,1.22576,1.22269,1.22458,8358
1698105600,1.22416,1.22561,1.22204,1.22543,2894
1698120000,1.22544,1.2273,1.2248,1.22641,6168
1698134400,1.22642,1.22878,1.22426,1.2263,14020
1698148800,1.2263,1.2263,1.21969,1.22027,14144
1698163200,1.2202600000000001,1.22061,1.21526,1.21577,21266
1698177600,1.2157499999999999,1.21666,1.21551,1.21577,6265
1698192000,1.21573,1.21679,1.21547,1.21651,3359
1698206400,1.2165300000000001,1.21743,1.21629,1.21743,4369
1698220800,1.21744,1.21751,1.21326,1.21372,9737
1698235200,1.21372,1.21378,1.21128,1.21298,10112
1698249600,1.21298,1.21554,1.21212,1.21262,20301
1698264000,1.21261,1.21293,1.21064,1.21064,9250
1698278400,1.21065,1.21115,1.20857,1.20896,3159
1698292800,1.20898,1.20984,1.2076,1.2079,5347
1698307200,1.20789,1.20951,1.2068699999999999,1.20786,11350
1698321600,1.20786,1.21227,1.20737,1.21227,14926
1698336000,1.21231,1.21327,1.20971,1.21037,21086
1698350400,1.21036,1.21388,1.21032,1.21266,8889
1698364800,1.21253,1.21381,1.21212,1.21264,3249
1698379200,1.21263,1.21381,1.21216,1.21367,4195
1698393600,1.21366,1.21405,1.21108,1.21274,9436
1698408000,1.21273,1.21463,1.21046,1.213,12070
1698422400,1.21301,1.21617,1.21233,1.21312,20645
1698436800,1.21309,1.21313,1.21095,1.21194,10255
1698624000,1.21214,1.21215,1.21054,1.21121,3974
1698638400,1.2112,1.21206,1.21099,1.2113,2732
1698652800,1.2113,1.21359,1.20895,1.21275,10948
1698667200,1.21274,1.21477,1.21187,1.21369,11902
1698681600,1.21371,1.2164,1.21192,1.21542,15968
1698696000,1.2154099999999999,1.21737,1.21523,1.21631,4671
1698710400,1.21642,1.21672,1.21483,1.21552,3706
1698724800,1.21553,1.21563,1.2136,1.21474,5911
1698739200,1.21474,1.21939,1.2140900000000001,1.21899,9924
1698753600,1.219,1.21996,1.2133099999999999,1.21369,15457
1698768000,1.21366,1.21548,1.21187,1.21472,19924
1698782400,1.21472,1.21545,1.21401,1.2147999999999999,5668
1698796800,1.21473,1.21532,1.21334,1.21356,3668
1698811200,1.21356,1.21477,1.21308,1.2135,4096
1698825600,1.2135,1.21601,1.21317,1.21381,9757
1698840000,1.2138200000000001,1.2144,1.20948,1.2104300000000001,19365
1698854400,1.21042,1.2163599999999999,1.21042,1.2111,20345
1698868800,1.21105,1.2156,1.20962,1.21484,24497
1698883200,1.21483,1.21956,1.21483,1.2190699999999999,6125
1698897600,1.21906,1.21938,1.21763,1.21815,5006
1698912000,1.21814,1.21894,1.21545,1.21848,10981
1698926400,1.21847,1.22243,1.21793,1.21985,20813
1698940800,1.21984,1.22009,1.21668,1.22005,16756
1698955200,1.22005,1.22085,1.21946,1.21979,5621
1698969600,1.21979,1.22032,1.21835,1.21905,3892
1698984000,1.21905,1.22079,1.219,1.22076,4530
1698998400,1.22075,1.22142,1.21851,1.22138,9797
1699012800,1.22138,1.23393,1.22108,1.23282,24713
1699027200,1.23293,1.23888,1.23103,1.23835,24628
1699041600,1.23836,1.23862,1.23711,1.23745,5656
1699228800,1.23689,1.23763,1.23629,1.23683,4902
1699243200,1.23684,1.23806,1.23682,1.23772,4638
1699257600,1.23772,1.24227,1.23757,1.23975,11121
1699272000,1.23976,1.24275,1.2382,1.23841,11149
1699286400,1.23843,1.24003,1.23694,1.23703,13862
1699300800,1.23702,1.2371699999999999,1.23374,1.2341,6730
1699315200,1.23398,1.23461,1.23333,1.23373,3832
1699329600,1.23374,1.23405,1.23259,1.23329,5706
1699344000,1.23329,1.23358,1.23009,1.23026,11365
1699358400,1.23025,1.23119,1.22744,1.22998,13056
1699372800,1.22997,1.23108,1.22618,1.22708,18026
1699387200,1.22708,1.2306,1.22684,1.2298,8431
1699401600,1.22964,1.23005,1.22773,1.22842,4130
1699416000,1.22843,1.22953,1.22733,1.22743,5966
1699430400,1.22743,1.22776,1.22408,1.22471,11746
1699444800,1.22471,1.22679,1.22421,1.22633,11384
1699459200,1.22632,1.23003,1.22611,1.2291400000000001,19336
1699473600,1.22915,1.23007,1.22806,1.22847,9507
1699488000,1.22837,1.22913,1.22737,1.22868,4286
1699502400,1.22867,1.22929,1.2277,1.22773,6772
1699516800,1.22774,1.23075,1.22689,1.22995,12756
1699531200,1.22993,1.2304,1.22511,1.22711,13967
1699545600,1.22712,1.22944,1.22633,1.22655,19886
1699560000,1.22656,1.22679,1.22119,1.22212,22399
1699574400,1.2220900000000001,1.22273,1.22108,1.22234,4225
1699588800,1.22233,1.22282,1.2218499999999999,1.22252,4657
1699603200,1.22252,1.22369,1.22056,1.22163,13023
1699617600,1.22163,1.22292,1.21996,1.22232,12872
1699632000,1.22233,1.22239,1.21862,1.22161,20311
1699646400,1.2216,1.22305,1.22118,1.22232,7363
1699833600,1.22044,1.22349,1.2202600000000001,1.22346,3956
1699848000,1.22347,1.22352,1.22225,1.22293,4295
1699862400,1.22293,1.2252399999999999,1.22273,1.22427,10090
1699876800,1.22428,1.22547,1.22345,1.22458,10706
1699891200,1.22458,1.22763,1.22286,1.22675,15918
1699905600,1.22676,1.22794,1.22608,1.22787,6101
1699920000,1.22751,1.22794,1.22565,1.2272,3838
1699934400,1.22719,1.22754,1.2264599999999999,1.22682,4294
1699948800,1.22682,1.23024,1.2267299999999999,1.23013,11012
1699963200,1.23014,1.24063,1.2275,1.24003,18500
1699977600,1.24001,1.24922,1.23984,1.24916,29346
1699992000,1.24917,1.25051,1.2483,1.24973,7087
1700006400,1.24964,1.24984,1.24783,1.24839,5009
1700020800,1.2484,1.24967,1.24794,1.2488,5584
1700035200,1.24881,1.2493,1.24527,1.24618,15853
1700049600,1.24617,1.24782,1.24247,1.24419,18353
1700064000,1.2442,1.24533,1.24029,1.24221,23738
1700078400,1.24221,1.24222,1.24059,1.24143,7711
1700092800,1.24132,1.24233,1.23998,1.24025,4566
1700107200,1.24025,1.24032,1.23795,1.2394,5642
1700121600,1.2394,1.24122,1.23757,1.24001,13329
1700136000,1.24,1.24406,1.23814,1.24404,15103
1700150400,1.24405,1.24548,1.24099,1.24244,22281
1700164800,1.24244,1.24303,1.24051,1.2413,6833
1700179200,1.24108,1.24217,1.24055,1.24124,4024
1700193600,1.24123,1.24156,1.24031,1.24134,4612
1700208000,1.24135,1.24179,1.23731,1.2409,14619
1700222400,1.24089,1.24393,1.24074,1.24206,16994
1700236800,1.24206,1.24364,1.24042,1.24348,24129
1700251200,1.24348,1.2463899999999999,1.2432400000000001,1.2461,7058
1700438400,1.24463,1.24685,1.24452,1.24674,6678
1700452800,1.24675,1.24947,1.24655,1.24796,8482
1700467200,1.24795,1.25094,1.24705,1.25092,14848
1700481600,1.25092,1.25092,1.24604,1.24722,12227
1700496000,1.24723,1.25166,1.24613,1.24997,15162
1700510400,1.24997,1.25165,1.24974,1.25042,7704
1700524800,1.25034,1.25237,1.24942,1.25164,5945
1700539200,1.2515800000000001,1.25392,1.2511999999999999,1.25255,7355
1700553600,1.25255,1.254,1.25191,1.25302,13952
1700568000,1.25302,1.2558500000000001,1.25259,1.25388,13686
1700582400,1.25388,1.25531,1.25258,1.25461,19884
1700596800,1.25461,1.25465,1.25169,1.25358,9563
1700611200,1.2534399999999999,1.2548599999999999,1.25251,1.25347,4936
1700625600,1.25347,1.2543199999999999,1.25231,1.2524600000000001,4710
1700640000,1.25245,1.25363,1.2505899999999999,1.25284,13392
1700654400,1.2528299999999999,1.25476,1.25084,1.25146,16632
1700668800,1.25145,1.25161,1.24482,1.24783,22256
1700683200,1.24782,1.24958,1.24776,1.24953,6122
1700697600,1.2493,1.24961,1.24882,1.24951,3274
1700712000,1.2495,1.2511700000000001,1.2494399999999999,1.25108,4625
1700726400,1.25109,1.25663,1.25006,1.25576,14795
1700740800,1.25575,1.25618,1.25321,1.25363,9603
1700755200,1.2536399999999999,1.2542499999999999,1.25243,1.25305,6768
1700769600,1.25304,1.25369,1.25296,1.25352,1213
1700784000,1.25332,1.25439,1.25257,1.25318,4087
1700798400,1.25318,1.25451,1.25235,1.25447,4082
1700812800,1.25448,1.25654,1.25257,1.25482,9723
1700827200,1.25481,1.25788,1.25453,1.2576399999999999,9757
1700841600,1.25765,1.26144,1.25749,1.26067,12662
1700856000,1.26065,1.26102,1.25931,1.2600500000000001,6653
1701043200,1.25943,1.26092,1.25907,1.26027,4837
1701057600,1.26028,1.26117,1.25903,1.26101,6717
1701072000,1.26101,1.26261,1.26032,1.26078,11005
1701086400,1.26078,1.26432,1.26011,1.26246,13643
1701100800,1.26247,1.26278,1.25996,1.26027,18041
1701115200,1.26026,1.26329,1.2601,1.26289,6476
1701129600,1.26274,1.26411,1.26181,1.26337,5084
1701144000,1.26337,1.2640500000000001,1.26213,1.26248,5704
1701158400,1.26247,1.26322,1.2606,1.26276,11235
1701172800,1.26277,1.26474,1.2607300000000001,1.2641499999999999,12940
1701187200,1.26414,1.2713999999999999,1.26349,1.26914,30320
1701201600,1.26914,1.27005,1.26723,1.26967,10462
1701216000,1.26952,1.27322,1.26902,1.27179,6989
1701230400,1.2718,1.27217,1.2705199999999999,1.27124,6811
1701244800,1.27122,1.27206,1.26728,1.26798,15166
1701259200,1.26797,1.27077,1.26731,1.26853,17534
1701273600,1.26852,1.271,1.26639,1.26968,21290
1701288000,1.26968,1.27267,1.26897,1.26928,7623
1701302400,1.26913,1.27041,1.26845,1.26919,4685
1701316800,1.26919,1.27048,1.26897,1.26981,4926
1701331200,1.2698,1.27099,1.26475,1.26483,15259
1701345600,1.26482,1.26769,1.26218,1.26243,17080
1701360000,1.26244,1.26632,1.26025,1.26189,31219
1701374400,1.26189,1.26364,1.26113,1.26243,8013
1701388800,1.2622200000000001,1.26547,1.26139,1.26521,5522
1701403200,1.26521,1.26554,1.26322,1.26432,5353
1701417600,1.26431,1.26742,1.2628300000000001,1.26672,12146
1701432000,1.26669,1.26675,1.26267,1.26288,11727
1701446400,1.2628599999999999,1.26953,1.2612999999999999,1.2693699999999999,31500
1701460800,1.2693699999999999,1.27151,1.26912,1.27094,9578
1701648000,1.27003,1.27233,1.26666,1.26756,9794
1701662400,1.26755,1.26859,1.26707,1.26766,6525
1701676800,1.26766,1.26847,1.26558,1.26733,15013
1701691200,1.26733,1.2686600000000001,1.26521,1.26558,14889
1701705600,1.26559,1.26563,1.2603,1.26215,25495
1701720000,1.26215,1.26336,1.2604600000000001,1.26309,6639
1701734400,1.26287,1.2643499999999999,1.26244,1.26353,5018
1701748800,1.26353,1.26404,1.2627,1.26382,5841
1701763200,1.26382,1.26388,1.26054,1.26303,15730
1701777600,1.26301,1.26446,1.26159,1.26356,15271
1701792000,1.26355,1.26508,1.25817,1.2594400000000001,28978
1701806400,1.25945,1.2596,1.25765,1.25941,7692
1701820800,1.25933,1.26074,1.25839,1.26016,4232
1701835200,1.2601499999999999,1.26128,1.2599,1.26102,4602
1701849600,1.26102,1.2610700000000001,1.25904,1.25992,11773
1701864000,1.25993,1.26084,1.2581,1.2598,16539
1701878400,1.2598099999999999,1.26037,1.25757,1.25799,20317
1701892800,1.2579799999999999,1.25828,1.2551,1.25576,6040
1701907200,1.25569,1.25638,1.25507,1.2558500000000001,4208
1701921600,1.25586,1.25613,1.25434,1.25492,5933
1701936000,1.25491,1.25884,1.25457,1.25852,15906
1701950400,1.25853,1.25925,1.25496,1.25826,19386
1701964800,1.25826,1.26117,1.25447,1.26022,27586
1701979200,1.26021,1.26021,1.25826,1.25894,8824
1701993600,1.25877,1.26007,1.25759,1.25897,7537
1702008000,1.25897,1.25973,1.2585600000000001,1.2587,7386
1702022400,1.2587,1.2589000000000001,1.25537,1.25561,14254
1702036800,1.25562,1.2585899999999999,1.25098,1.25447,21680
1702051200,1.25447,1.2561499999999999,1.25013,1.25446,29803
1702065600,1.25443,1.2555,1.25424,1.2548300000000001,7576
1702252800,1.25268,1.25575,1.25243,1.2545,6345
1702267200,1.2545,1.25458,1.2534100000000001,1.2541,4153
1702281600,1.2541,1.25599,1.25342,1.25531,11620
1702296000,1.25532,1.259,1.25529,1.2579799999999999,11319
1702310400,1.258,1.2581,1.25393,1.2539500000000001,14397
1702324800,1.25394,1.2566899999999999,1.25373,1.25532,5877
1702339200,1.25526,1.25685,1.25507,1.25643,3653
1702353600,1.25643,1.25831,1.25625,1.25751,4807
1702368000,1.25751,1.25833,1.25418,1.25644,11668
1702382400,1.25643,1.26145,1.25386,1.25423,17164
1702396800,1.25421,1.2570700000000001,1.25134,1.25444,21163
1702411200,1.25442,1.25711,1.2542200000000001,1.25637,6329
1702425600,1.25636,1.25701,1.25451,1.25583,3481
1702440000,1.25582,1.25595,1.25473,1.25564,3831
1702454400,1.25564,1.25575,1.25165,1.25252,9303
1702468800,1.25251,1.25472,1.25088,1.25388,10489
1702483200,1.25386,1.25468,1.25045,1.2507,14087
1702497600,1.25071,1.26336,1.2499500000000001,1.26148,28465
1702512000,1.26146,1.2641,1.26118,1.26394,7677
1702526400,1.26397,1.26516,1.26285,1.26346,9186
1702540800,1.2634699999999999,1.267,1.26112,1.26666,18509
1702555200,1.26666,1.2732,1.26516,1.27263,23840
1702569600,1.2726199999999999,1.2793,1.2702,1.27833,26132
1702584000,1.27834,1.27834,1.27474,1.2763,7346
1702598400,1.27621,1.27707,1.27465,1.2753999999999999,4990
1702612800,1.2753999999999999,1.27732,1.27539,1.27582,6714
1702627200,1.27582,1.27753,1.27394,1.27738,14348
1702641600,1.27737,1.27896,1.26981,1.271,14832
1702656000,1.271,1.2729300000000001,1.26844,1.27044,19777
1702670400,1.27043,1.27044,1.26675,1.26728,8323
1702857600,1.26788,1.26829,1.26558,1.26804,4189
1702872000,1.2680500000000001,1.26987,1.26802,1.26925,5041
1702886400,1.26926,1.27029,1.26645,1.2665600000000001,9399
1702900800,1.26657,1.26775,1.26447,1.26663,10923
1702915200,1.26664,1.26695,1.26277,1.2652,12399
1702929600,1.2652,1.26523,1.26327,1.26465,5183
1702944000,1.26437,1.26621,1.26324,1.2652,3115
1702958400,1.2652,1.26635,1.2649,1.26572,6005
1702972800,1.26571,1.27006,1.26502,1.26981,12296
1702987200,1.2698,1.2745600000000001,1.2692700000000001,1.27421,11881
1703001600,1.27423,1.27609,1.27246,1.27349,16340
1703016000,1.27348,1.27377,1.27149,1.27299,6204
1703030400,1.27272,1.27326,1.2715,1.2718099999999999,3319
1703044800,1.2718099999999999,1.27247,1.27162,1.27211,3074
1703059200,1.27211,1.27211,1.26465,1.2677399999999999,12356
1703073600,1.26777,1.26787,1.26289,1.26601,11289
1703088000,1.266,1.26806,1.26518,1.26692,13213
1703102400,1.26692,1.2673,1.26243,1.26359,8569
1703116800,1.26343,1.26494,1.26243,1.26416,4014
1703131200,1.2641499999999999,1.2650299999999999,1.26296,1.26487,4854
1703145600,1.26487,1.26488,1.26114,1.26304,8965
1703160000,1.26304,1.26948,1.26207,1.26803,12660
1703174400,1.26804,1.26895,1.26422,1.26634,21588
1703188800,1.26636,1.26915,1.26581,1.26907,7997
1703203200,1.26886,1.26909,1.2665,1.26803,4065
1703217600,1.26801,1.26906,1.26791,1.26846,5078
1703232000,1.26848,1.27126,1.26779,1.26858,10006
1703246400,1.26857,1.27426,1.26854,1.2734,13762
1703260800,1.27341,1.27432,1.26973,1.2708,16890
1703275200,1.2708,1.27091,1.26891,1.26973,6859
1703577600,1.26938,1.2702499999999999,1.26854,1.26899,2472
1703592000,1.26901,1.2711000000000001,1.26836,1.27031,6758
1703606400,1.27031,1.27191,1.27004,1.27057,7759
1703620800,1.2705899999999999,1.27294,1.27045,1.2723499999999999,4347
1703635200,1.27227,1.27285,1.27099,1.2724199999999999,2900
1703649600,1.27243,1.27315,1.27192,1.27312,3187
1703664000,1.27312,1.27342,1.26978,1.27194,7531
1703678400,1.27194,1.27584,1.27096,1.27538,7892
1703692800,1.27538,1.28017,1.27433,1.27889,12300
1703707200,1.27888,1.28009,1.27827,1.27985,6222
1703721600,1.27965,1.2812700000000001,1.27859,1.2812000000000001,2833
1703736000,1.28118,1.28153,1.28006,1.28081,4028
1703750400,1.2808,1.28266,1.27899,1.27936,9410
1703764800,1.27935,1.28043,1.27376,1.2741,10369
1703779200,1.27412,1.27743,1.27279,1.27383,13762
1703793600,1.27383,1.2739,1.2711700000000001,1.27301,5813
1703808000,1.27294,1.27461,1.27206,1.2736,3530
1703822400,1.27359,1.27629,1.27313,1.27621,4154
1703836800,1.2762,1.27716,1.2699799999999999,1.27046,8085
1703851200,1.27046,1.27485,1.27027,1.27196,10552
1703865600,1.27197,1.2766,1.27004,1.27617,16551
1703880000,1.27617,1.27617,1.27329,1.27331,7820
1704182400,1.27346,1.27589,1.27162,1.27166,7715
1704196800,1.27165,1.27176,1.26207,1.2628599999999999,15286
1704211200,1.26282,1.26438,1.2610000000000001,1.2631999999999999,20007
1704225600,1.2631999999999999,1.2634,1.26152,1.26182,6616
1704240000,1.2617,1.26326,1.26128,1.2628300000000001,3365
1704254400,1.26282,1.26407,1.26255,1.26297,4213
1704268800,1.26297,1.26515,1.26236,1.26268,10853
1704283200,1.26266,1.26422,1.26175,1.26289,12657
1704297600,1.26289,1.26553,1.26149,1.26441,23280
1704312000,1.2644,1.26759,1.26303,1.26628,15383
1704326400,1.2659500000000001,1.2673,1.26594,1.26613,3581
1704340800,1.26612,1.26752,1.26562,1.26646,4932
1704355200,1.26645,1.27236,1.26644,1.27194,13569
1704369600,1.27194,1.2729,1.26696,1.26724,12908
1704384000,1.26722,1.27096,1.26639,1.26824,17202
1704398400,1.26824,1.26862,1.26732,1.26816,5379
1704412800,1.2681200000000001,1.26945,1.26763,1.26926,3699
1704427200,1.26926,1.26955,1.26733,1.26736,4461
1704441600,1.26735,1.26882,1.26563,1.26587,10113
1704456000,1.26589,1.26705,1.26098,1.26565,14967
1704470400,1.26566,1.27699,1.26545,1.27225,29141
1704484800,1.27224,1.27387,1.27095,1.27153,9937
1704672000,1.27077,1.27288,1.27057,1.2720099999999999,3216
1704686400,1.272,1.272,1.26972,1.27028,4842
1704700800,1.27027,1.27192,1.26723,1.2694,10530
1704715200,1.26945,1.272,1.26925,1.27111,10762
1704729600,1.27111,1.27663,1.27082,1.27539,14111
1704744000,1.27539,1.27597,1.2739,1.2748,5521
1704758400,1.27475,1.27599,1.27397,1.27595,4452
1704772800,1.27595,1.27641,1.27372,1.27427,4765
1704787200,1.27428,1.27498,1.27236,1.27336,8921
1704801600,1.27335,1.27371,1.27065,1.27244,10706
1704816000,1.27245,1.27307,1.26888,1.27098,14524
1704830400,1.27097,1.27167,1.26911,1.27091,6867
1704844800,1.2699799999999999,1.2717,1.26967,1.27098,3870
1704859200,1.27099,1.27119,1.26963,1.27007,4182
1704873600,1.27006,1.27278,1.26854,1.27246,9492
1704888000,1.27246,1.2735400000000001,1.2717100000000001,1.2723200000000001,9391
1704902400,1.27233,1.274,1.27124,1.27329,11832
1704916800,1.2732999999999999,1.27431,1.2726899999999999,1.274,6793
1704931200,1.27362,1.27607,1.27251,1.27595,3623
1704945600,1.27595,1.27701,1.27572,1.27625,4850
1704960000,1.27625,1.27732,1.27375,1.2738800000000001,8018
1704974400,1.2738800000000001,1.27717,1.27017,1.27098,15813
1704988800,1.271,1.27529,1.2689300000000001,1.27195,31713
1705003200,1.27196,1.27656,1.27183,1.27611,12219
1705017600,1.27588,1.27804,1.27433,1.27789,5218
1705032000,1.2779099999999999,1.27836,1.27674,1.27716,5784
1705046400,1.27718,1.27785,1.2748599999999999,1.27515,9736
1705060800,1.27515,1.27673,1.27185,1.27542,14505
1705075200,1.2754400000000001,1.27848,1.27317,1.27386,21233
1705089600,1.27385,1.27555,1.27344,1.27497,7320
1705276800,1.27358,1.27478,1.27279,1.27407,5032
1705291200,1.27409,1.27645,1.27409,1.2752,4420
1705305600,1.27519,1.27592,1.2718,1.27251,9226
1705320000,1.27253,1.2738399999999999,1.27123,1.2727,10749
1705334400,1.2726899999999999,1.27376,1.27123,1.27281,7739
1705348800,1.27282,1.27311,1.27252,1.2726,1120
1705363200,1.27265,1.27277,1.26779,1.2694,5642
1705377600,1.26939,1.26939,1.26759,1.26796,6109
1705392000,1.26795,1.2686,1.26345,1.26399,14554
1705406400,1.26399,1.2671700000000001,1.26196,1.2641499999999999,16206
1705420800,1.26413,1.26783,1.26236,1.26239,26496
1705435200,1.26239,1.26395,1.26186,1.2634400000000001,7020
1705449600,1.26331,1.26424,1.26304,1.26349,4059
1705464000,1.2635,1.26431,1.26053,1.2609,5498
1705478400,1.2609,1.26827,1.25958,1.26796,17673
1705492800,1.26791,1.2695400000000001,1.2641200000000001,1.26497,14528
1705507200,1.26497,1.26814,1.2637800000000001,1.26776,19417
1705521600,1.26775,1.26861,1.26617,1.2677800000000001,8206
1705536000,1.26767,1.26906,1.26694,1.26884,5552
1705550400,1.26884,1.26945,1.2677,1.26861,5881
1705564800,1.26862,1.27031,1.26729,1.26731,11994
1705579200,1.26728,1.26948,1.26497,1.26515,14255
1705593600,1.26515,1.26912,1.2647300000000001,1.26803,21218
1705608000,1.26803,1.27073,1.26761,1.27057,7189
1705622400,1.27054,1.27114,1.26993,1.27063,3655
1705636800,1.27062,1.27136,1.2695400000000001,1.26983,4165
1705651200,1.26982,1.26999,1.26647,1.2683,11618
1705665600,1.26829,1.26898,1.26694,1.26734,11240
1705680000,1.26735,1.26877,1.26606,1.2687300000000001,17656
1705694400,1.26872,1.27043,1.2681499999999999,1.27013,5783
1705881600,1.26786,1.27122,1.26786,1.2707899999999999,4669
1705896000,1.2708,1.27183,1.27058,1.27179,4934
1705910400,1.27179,1.27236,1.26861,1.27037,9456
1705924800,1.27039,1.27308,1.26976,1.27259,9261
1705939200,1.27261,1.27318,1.2707899999999999,1.27204,11612
1705953600,1.27203,1.27207,1.26971,1.27071,5819
1705968000,1.2705199999999999,1.27204,1.27007,1.27195,3273
1705982400,1.27195,1.27378,1.27145,1.2736399999999999,6718
1705996800,1.27363,1.27463,1.27193,1.27276,10574
1706011200,1.27275,1.27279,1.2699099999999999,1.27073,10265
1706025600,1.27073,1.27073,1.26484,1.2656800000000001,13668
1706040000,1.26567,1.26909,1.2656100000000001,1.26868,4801
1706054400,1.26829,1.2697,1.26699,1.26916,6234
1706068800,1.26916,1.27034,1.26848,1.2701500000000001,4395
1706083200,1.27014,1.27725,1.26989,1.27636,12436
1706097600,1.27636,1.2770000000000001,1.27271,1.2766,11907
1706112000,1.2766,1.27737,1.27329,1.27472,18558
1706126400,1.27471,1.27496,1.27126,1.27236,8243
1706140800,1.27219,1.2724,1.27027,1.2711000000000001,5079
1706155200,1.27111,1.27164,1.27065,1.27095,5311
1706169600,1.27095,1.27359,1.27081,1.27255,9375
1706184000,1.27255,1.2741799999999999,1.26948,1.27351,14234
1706198400,1.27355,1.27355,1.26807,1.26892,22218
1706212800,1.26892,1.27109,1.26853,1.27098,7724
1706227200,1.27064,1.2711000000000001,1.26958,1.2708,2952
1706241600,1.2707899999999999,1.2715,1.2701500000000001,1.27047,3091
1706256000,1.27048,1.2720799999999999,1.2674699999999999,1.27135,10044
1706270400,1.27136,1.27573,1.27136,1.2748,12376
1706284800,1.27478,1.27536,1.27053,1.27122,14579
1706299200,1.27123,1.27142,1.26979,1.27036,4752
1706486400,1.26949,1.27051,1.2689300000000001,1.26994,4489
1706500800,1.26993,1.2707,1.26941,1.27013,4276
1706515200,1.27012,1.2718099999999999,1.26979,1.27024,9025
1706529600,1.27026,1.2711999999999999,1.26824,1.2692700000000001,9147
1706544000,1.26928,1.26951,1.26612,1.26824,10737
1706558400,1.26827,1.27166,1.26758,1.27092,5973
1706572800,1.27082,1.27203,1.2699799999999999,1.27099,3530
1706587200,1.27098,1.27128,1.27029,1.27048,3607
1706601600,1.27048,1.2707899999999999,1.26705,1.26802,9845
1706616000,1.26802,1.26829,1.26617,1.2674,8957
1706630400,1.26742,1.26881,1.26394,1.268,15552
1706644800,1.26799,1.2698800000000001,1.26727,1.26987,4670
1706659200,1.26939,1.2699799999999999,1.26822,1.26838,3831
1706673600,1.26837,1.26837,1.26718,1.26769,4919
1706688000,1.26768,1.2696399999999999,1.2666,1.26687,10072
1706702400,1.26688,1.2711700000000001,1.26665,1.27046,11731
1706716800,1.27046,1.27497,1.2699799999999999,1.27175,21322
1706731200,1.27175,1.2738399999999999,1.26571,1.26852,26174
1706745600,1.2681200000000001,1.2687,1.26692,1.26789,4719
1706760000,1.26784,1.26972,1.26672,1.26672,5261
1706774400,1.26671,1.26733,1.2641200000000001,1.26545,11502
1706788800,1.26546,1.26844,1.26244,1.26582,15093
1706803200,1.26581,1.27389,1.26386,1.2735400000000001,21984
1706817600,1.27355,1.27548,1.27275,1.2742499999999999,7644
1706832000,1.2741799999999999,1.27538,1.27389,1.2744900000000001,3053
1706846400,1.27451,1.27538,1.27424,1.27485,4007
1706860800,1.27485,1.27667,1.27412,1.27567,8603
1706875200,1.27568,1.27711,1.26677,1.26705,12597
1706889600,1.26705,1.26727,1.26131,1.26176,21605
1706904000,1.26175,1.26429,1.2615,1.26338,7296
1707091200,1.26228,1.26316,1.2598099999999999,1.2610700000000001,7178
1707105600,1.26106,1.26132,1.25983,1.26108,6961
1707120000,1.2610700000000001,1.26288,1.25997,1.26004,9196
1707134400,1.26004,1.26026,1.2549299999999999,1.2551700000000001,8536
1707148800,1.25518,1.2561200000000001,1.2517800000000001,1.25352,12642
1707163200,1.25351,1.25433,1.25256,1.2535,4388
1707177600,1.25335,1.25476,1.25251,1.2546,3130
1707192000,1.2546,1.25561,1.25387,1.25518,5488
1707206400,1.25518,1.25647,1.2539500000000001,1.25419,9128
1707220800,1.25417,1.25714,1.25358,1.25633,9669
1707235200,1.25631,1.25989,1.25574,1.25945,14484
1707249600,1.25945,1.26024,1.25866,1.25973,6242
1707264000,1.2596,1.26122,1.25854,1.2610000000000001,3598
1707278400,1.2610000000000001,1.26116,1.25976,1.2604899999999999,4485
1707292800,1.2604899999999999,1.26368,1.25986,1.26326,9204
1707307200,1.26325,1.26393,1.2619799999999999,1.26246,7036
1707321600,1.26245,1.26414,1.26158,1.26228,13838
1707336000,1.26226,1.26338,1.26196,1.26266,5039
1707350400,1.26251,1.26356,1.26194,1.26328,3343
1707364800,1.26327,1.2638,1.26264,1.26301,4171
1707379200,1.26301,1.26361,1.26124,1.263,7761
1707393600,1.26301,1.26336,1.25711,1.258,9538
1707408000,1.25801,1.2622,1.25779,1.2616800000000001,11699
1707422400,1.26169,1.26288,1.26112,1.26187,5419
1707436800,1.26159,1.26205,1.2604600000000001,1.26178,2167
1707451200,1.26177,1.26218,1.2610999999999999,1.2614,2832
1707465600,1.2614,1.26341,1.26058,1.26104,7345
1707480000,1.26102,1.26348,1.25986,1.26199,10926
1707494400,1.26196,1.26424,1.26153,1.26294,10937
1707508800,1.26294,1.26368,1.26247,1.26296,2989
1707696000,1.26203,1.26429,1.2619799999999999,1.2635399999999999,3114
1707710400,1.26355,1.26373,1.2625899999999999,1.26287,2160
1707724800,1.26288,1.2654,1.2616800000000001,1.26206,7741
1707739200,1.26207,1.26251,1.26055,1.26088,6938
1707753600,1.26088,1.26392,1.26087,1.2639,7544
1707768000,1.26391,1.26397,1.26205,1.26269,4674
1707782400,1.2625899999999999,1.26277,1.26178,1.26201,2193
1707796800,1.26202,1.26202,1.26083,1.26144,3026
1707811200,1.26144,1.2655,1.26141,1.26536,8928
1707825600,1.2653699999999999,1.26864,1.2589299999999999,1.25925,13128
1707840000,1.2592400000000001,1.26077,1.25751,1.25993,16890
1707854400,1.25992,1.26027,1.25726,1.25907,5179
1707868800,1.2588599999999999,1.25983,1.2584,1.25962,3993
1707883200,1.25961,1.26045,1.25918,1.26022,4815
1707897600,1.2602,1.26104,1.25351,1.25386,11824
1707912000,1.25384,1.25674,1.25351,1.2557,9089
1707926400,1.25569,1.25647,1.25391,1.25638,11557
1707940800,1.2563900000000001,1.25698,1.25563,1.25641,4607
1707955200,1.25614,1.25728,1.25555,1.2562,2378
1707969600,1.25619,1.25689,1.2558,1.2564199999999999,2869
1707984000,1.25643,1.25726,1.25415,1.25541,8358
1707998400,1.2554,1.25753,1.25384,1.25692,10435
1708012800,1.25691,1.25959,1.25605,1.2585899999999999,13062
1708027200,1.2586,1.2600799999999999,1.25837,1.25998,4291
1708041600,1.25959,1.26041,1.25793,1.25877,3256
1708056000,1.25876,1.25878,1.2576399999999999,1.25816,3755
1708070400,1.25817,1.26043,1.25729,1.25851,8247
1708084800,1.25852,1.2600500000000001,1.25501,1.25661,9492
1708099200,1.25664,1.26079,1.25529,1.26071,13298
1708113600,1.2607,1.26239,1.25967,1.25997,5951
1708300800,1.25993,1.26266,1.25962,1.26133,3562
1708315200,1.2613400000000001,1.26206,1.2610999999999999,1.26183,3295
1708329600,1.26183,1.2629000000000001,1.26065,1.26141,7168
1708344000,1.26142,1.26212,1.25971,1.2599,6300
1708358400,1.25989,1.25997,1.25826,1.25905,4058
1708372800,1.25905,1.26003,1.25892,1.25973,1265
1708387200,1.25939,1.25948,1.25806,1.25837,4363
1708401600,1.25838,1.2588300000000001,1.25789,1.25814,4236
1708416000,1.25812,1.26062,1.25799,1.26028,8562
1708430400,1.26027,1.26454,1.25866,1.26423,11879
1708444800,1.26423,1.26678,1.26288,1.26345,12752
1708459200,1.2634400000000001,1.26345,1.2616100000000001,1.26204,5309
1708473600,1.26194,1.26275,1.26165,1.26272,3208
1708488000,1.26271,1.26368,1.26271,1.2633,4706
1708502400,1.26331,1.2634400000000001,1.2602,1.2610999999999999,7974
1708516800,1.2610999999999999,1.26298,1.26077,1.26231,8048
1708531200,1.2623,1.2634,1.26047,1.26152,10525
1708545600,1.26153,1.26411,1.26053,1.26353,8498
1708560000,1.26343,1.2646,1.26237,1.26392,3114
1708574400,1.26391,1.2648,1.26307,1.26445,4030
1708588800,1.26445,1.27089,1.26441,1.2675,12808
1708603200,1.2674400000000001,1.2689300000000001,1.2625600000000001,1.26276,10974
1708617600,1.26276,1.26593,1.26111,1.2656,16212
1708632000,1.26559,1.2664,1.26438,1.2659799999999999,4980
1708646400,1.26586,1.2665600000000001,1.26475,1.2662,3562
1708660800,1.26621,1.26655,1.26571,1.26611,2872
1708675200,1.26611,1.26762,1.26485,1.26555,7826
1708689600,1.26555,1.27006,1.26555,1.26931,9213
1708704000,1.26928,1.2699500000000001,1.2665,1.2677399999999999,11283
1708718400,1.26773,1.26854,1.26657,1.26696,4857
1708905600,1.26727,1.26759,1.26602,1.26611,3480
1708920000,1.26612,1.26695,1.2656,1.26662,3808
1708934400,1.26661,1.26806,1.26623,1.26789,6791
1708948800,1.26789,1.26987,1.2673,1.2696399999999999,7396
1708963200,1.26966,1.2698,1.26716,1.26757,8941
1708977600,1.26756,1.26874,1.26702,1.26838,3472
1708992000,1.26745,1.26851,1.26743,1.26783,2818
1709006400,1.26784,1.2686600000000001,1.26736,1.26796,4165
1709020800,1.26798,1.26962,1.26773,1.26885,7039
1709035200,1.26885,1.2694,1.26706,1.2681200000000001,8473
1709049600,1.2681200000000001,1.26944,1.26597,1.26848,10491
1709064000,1.26847,1.26936,1.26772,1.26852,4350
1709078400,1.2681,1.26847,1.26721,1.26755,3208
1709092800,1.26756,1.2677399999999999,1.26566,1.26585,3862
1709107200,1.26585,1.26616,1.2622900000000001,1.26246,7921
1709121600,1.26244,1.26572,1.26212,1.2643,10444
1709136000,1.2643,1.26728,1.26358,1.2659,10619
1709150400,1.26589,1.26633,1.26505,1.26601,4134
1709164800,1.26489,1.26661,1.26488,1.26586,4062
1709179200,1.26586,1.26705,1.26575,1.2665899999999999,4939
1709193600,1.2666,1.26738,1.26519,1.26655,10129
1709208000,1.2665600000000001,1.26737,1.26345,1.26519,12576
1709222400,1.26518,1.26811,1.26144,1.26169,14230
1709236800,1.2617,1.26271,1.26119,1.26237,4912
1709251200,1.2621,1.2634,1.26148,1.2634,3467
1709265600,1.26339,1.2635100000000001,1.26239,1.26257,3280
1709280000,1.26258,1.2641,1.26245,1.26298,6880
1709294400,1.26297,1.26465,1.2617,1.26296,9437
1709308800,1.26297,1.2659,1.25994,1.26554,15499
1709323200,1.26553,1.2663,1.26481,1.26545,5163
1709510400,1.26483,1.26653,1.26444,1.2659,3888
1709524800,1.26589,1.2666,1.26552,1.26619,2964
1709539200,1.2662,1.26792,1.26604,1.2677,8621
1709553600,1.2677,1.26828,1.26653,1.26769,8897
1709568000,1.26769,1.27057,1.26721,1.2695699999999999,11830
1709582400,1.26956,1.26971,1.26852,1.2689599999999999,4422
1709596800,1.26886,1.2694,1.26864,1.26897,2559
1709611200,1.26897,1.2690299999999999,1.26804,1.26828,3012
1709625600,1.26827,1.26878,1.26708,1.26849,6739
1709640000,1.26848,1.26921,1.26736,1.26906,7201
1709654400,1.26909,1.27341,1.26862,1.27106,13902
1709668800,1.27107,1.27107,1.26955,1.27039,6066
1709683200,1.2702,1.27064,1.2689599999999999,1.26921,2939
1709697600,1.26922,1.2705899999999999,1.26911,1.2703,2922
1709712000,1.27031,1.27308,1.27021,1.27301,7455
1709726400,1.2730000000000001,1.27302,1.2704900000000001,1.2723499999999999,9941
1709740800,1.2723499999999999,1.2760799999999999,1.27151,1.27437,13015
1709755200,1.2744,1.27529,1.27252,1.27285,7097
1709769600,1.2728,1.27387,1.27249,1.27295,4508
1709784000,1.2729599999999999,1.27399,1.27225,1.27331,4142
1709798400,1.27329,1.27508,1.2729,1.27496,8391
1709812800,1.27495,1.27619,1.27442,1.2751299999999999,10637
1709827200,1.27514,1.27975,1.27484,1.27915,14216
1709841600,1.27915,1.28103,1.2791299999999999,1.28085,5378
1709856000,1.28064,1.2819099999999999,1.2801,1.28086,2845
1709870400,1.28086,1.28118,1.28036,1.28088,3109
1709884800,1.2808899999999999,1.28287,1.2800500000000001,1.28268,7913
1709899200,1.28268,1.28929,1.28216,1.28632,12901
1709913600,1.28632,1.28858,1.28426,1.28484,18979
1709928000,1.28481,1.2858,1.28394,1.28573,6391
1710115200,1.28529,1.28612,1.28472,1.28546,4437
1710129600,1.2854700000000001,1.28549,1.28451,1.28488,3499
1710144000,1.28488,1.28574,1.28311,1.28416,9019
1710158400,1.28417,1.28532,1.28192,1.28233,8416
1710172800,1.28234,1.28254,1.27946,1.2808,10769
1710187200,1.28081,1.28142,1.27992,1.2811,4136
1710201600,1.28109,1.2821500000000001,1.28091,1.28202,2965
1710216000,1.28201,1.28229,1.28138,1.28199,3834
1710230400,1.282,1.28204,1.2775400000000001,1.27896,8050
1710244800,1.27896,1.2807,1.27454,1.2760099999999999,18504
1710259200,1.27609,1.27887,1.275,1.27835,10870
1710273600,1.27834,1.27945,1.27816,1.27904,3145
1710288000,1.279,1.2797100000000001,1.279,1.27923,2506
1710302400,1.27924,1.27983,1.27867,1.27927,3138
1710316800,1.27928,1.28002,1.27748,1.27756,7583
1710331200,1.2775699999999999,1.28084,1.27738,1.2790300000000001,8874
1710345600,1.27904,1.28106,1.2789,1.28067,10428
1710360000,1.28067,1.28084,1.27893,1.27953,3939
1710374400,1.27963,1.28038,1.27945,1.27994,2405
1710388800,1.27994,1.28009,1.27863,1.27884,3055
1710403200,1.27888,1.28187,1.27882,1.28152,6907
1710417600,1.28153,1.28221,1.2766899999999999,1.27737,14614
1710432000,1.27736,1.27776,1.27299,1.27503,13376
1710446400,1.27503,1.2757100000000001,1.27429,1.27529,4485
1710460800,1.2753,1.2753700000000001,1.27333,1.2736,3101
1710475200,1.2736,1.27403,1.27295,1.27375,2916
1710489600,1.27374,1.27532,1.27326,1.27514,7124
1710504000,1.27516,1.27582,1.27416,1.27421,9225
1710518400,1.2742200000000001,1.27531,1.27246,1.27288,9784
1710532800,1.27288,1.27402,1.27272,1.2730000000000001,2882
1710720000,1.27294,1.27362,1.27258,1.27331,2355
1710734400,1.27332,1.27372,1.27254,1.27321,2809
1710748800,1.27322,1.27461,1.27313,1.27341,5057
1710763200,1.27341,1.27451,1.2726899999999999,1.27329,6395
1710777600,1.27328,1.27376,1.2717399999999999,1.27241,8306
1710792000,1.2724199999999999,1.27311,1.27187,1.27237,2637
1710806400,1.27243,1.27282,1.27131,1.2717800000000001,2858
1710820800,1.2718,1.27281,1.2707,1.2708,6311
1710835200,1.27081,1.27115,1.2665899999999999,1.26709,9281
1710849600,1.26705,1.2708,1.26699,1.26982,8362
1710864000,1.2698,1.27322,1.26959,1.27292,7700
1710878400,1.2729,1.27292,1.27177,1.27182,2949
1710892800,1.27191,1.27214,1.27096,1.27157,2142
1710907200,1.27157,1.2724199999999999,1.27139,1.27185,2919
1710921600,1.27186,1.27291,1.26859,1.26918,7693
1710936000,1.26918,1.27003,1.2683900000000001,1.2699500000000001,6187
1710950400,1.26994,1.27207,1.26967,1.27134,6501
1710964800,1.27138,1.27865,1.27092,1.27824,18981
1710979200,1.27823,1.28019,1.27823,1.27948,4033
1710993600,1.2794699999999999,1.27985,1.27877,1.27885,4565
1711008000,1.2788599999999999,1.28027,1.27615,1.27711,10922
1711022400,1.2771,1.27841,1.27062,1.27088,12694
1711036800,1.2707899999999999,1.27094,1.26529,1.2655,11518
1711051200,1.26551,1.26627,1.26498,1.26544,3366
1711065600,1.26552,1.2674400000000001,1.26504,1.26512,3085
1711080000,1.26512,1.26535,1.26334,1.26419,4979
1711094400,1.26416,1.26416,1.25831,1.25866,8763
1711108800,1.25867,1.26219,1.25744,1.26202,9561
1711123200,1.26203,1.2623199999999999,1.25869,1.2591700000000001,7983
1711137600,1.2591700000000001,1.2600799999999999,1.25852,1.25957,2892
1711324800,1.25961,1.26135,1.25907,1.26123,3761
1711339200,1.26123,1.26165,1.26037,1.26131,3354
1711353600,1.26131,1.26167,1.2594400000000001,1.26138,6169
1711368000,1.2613699999999999,1.26482,1.26124,1.26444,7240
1711382400,1.2644199999999999,1.26517,1.2634699999999999,1.26389,5482
1711396800,1.2639,1.264,1.26312,1.26346,2383
1711411200,1.2634400000000001,1.26465,1.26331,1.26414,2648
1711425600,1.26414,1.2647300000000001,1.26355,1.26455,3039
1711440000,1.26454,1.26628,1.26391,1.26538,5971
1711454400,1.2653699999999999,1.26673,1.26346,1.26418,7518
1711468800,1.2640500000000001,1.26446,1.2621,1.26267,7713
1711483200,1.26265,1.2631999999999999,1.26208,1.26267,2560
1711497600,1.26266,1.2628,1.2610700000000001,1.26155,2554
1711512000,1.26158,1.26175,1.26082,1.26139,3179
1711526400,1.26136,1.26371,1.26126,1.2625600000000001,7207
1711540800,1.26257,1.2638099999999999,1.2605,1.26172,7246
1711555200,1.26172,1.26338,1.26133,1.26275,6948
1711569600,1.26275,1.2640500000000001,1.2625600000000001,1.26346,2754
1711584000,1.2634699999999999,1.2634699999999999,1.2610000000000001,1.2625,3372
1711598400,1.2625199999999999,1.26366,1.26247,1.2631299999999999,2924
1711612800,1.26312,1.26312,1.25853,1.25923,5804
1711627200,1.25922,1.26512,1.25908,1.2643499999999999,9130
1711641600,1.26432,1.2654,1.26209,1.26243,9087
1711656000,1.26242,1.2628,1.26146,1.26197,3362
1711670400,1.26196,1.26305,1.26181,1.26241,2560
1711684800,1.26241,1.26241,1.26148,1.26189,2468
1711699200,1.26189,1.26261,1.26124,1.26125,1620
1711713600,1.26133,1.26445,1.2607599999999999,1.2644199999999999,2719
1711728000,1.2644199999999999,1.2644199999999999,1.26176,1.26193,2139
1711742400,1.26192,1.26247,1.26129,1.26177,1112
1711929600,1.26211,1.2641499999999999,1.26179,1.2634400000000001,4194
1711944000,1.26343,1.26385,1.2625199999999999,1.26289,2676
1711958400,1.26289,1.2631000000000001,1.26157,1.26216,3190
1711972800,1.26215,1.26235,1.26019,1.26115,4285
1711987200,1.26114,1.26128,1.2539,1.25446,8833
1712001600,1.25446,1.25505,1.25415,1.25504,3015
1712016000,1.25501,1.25526,1.25408,1.25465,2347
1712030400,1.25464,1.25488,1.25401,1.2544,3234
1712044800,1.25438,1.25641,1.2539,1.25617,7079
1712059200,1.2561499999999999,1.25759,1.25529,1.25564,7123
1712073600,1.25562,1.2577,1.25508,1.25709,11677
1712088000,1.25708,1.25777,1.25659,1.25767,2954
1712102400,1.25754,1.2579799999999999,1.25693,1.25723,2062
1712116800,1.25722,1.25823,1.25664,1.25781,3187
1712131200,1.25782,1.2582,1.2562,1.25766,5901
1712145600,1.2576399999999999,1.25878,1.25668,1.25723,9896
1712160000,1.25724,1.26504,1.2566899999999999,1.2645,18169
1712174400,1.26451,1.26553,1.26394,1.26514,5328
1712188800,1.26497,1.26554,1.26441,1.26519,2204
1712203200,1.2652,1.26547,1.26463,1.26518,2513
1712217600,1.26521,1.26688,1.26501,1.26627,6433
1712232000,1.26626,1.2669000000000001,1.26472,1.26678,6208
1712246400,1.26675,1.26828,1.2661,1.26653,7187
1712260800,1.2665199999999999,1.26692,1.26342,1.26421,8453
1712275200,1.264,1.26479,1.26329,1.26464,3007
1712289600,1.26463,1.26468,1.26208,1.2625,4371
1712304000,1.2624900000000001,1.26399,1.26138,1.26362,5858
1712318400,1.26364,1.26443,1.2582,1.25941,10334
1712332800,1.25941,1.26349,1.25738,1.26341,15479
1712347200,1.26342,1.264,1.26305,1.26364,4297
1712534400,1.2623199999999999,1.26311,1.26141,1.26158,2520
1712548800,1.26157,1.2639,1.26154,1.26287,5484
1712563200,1.26288,1.26342,1.26182,1.26212,6854
1712577600,1.26213,1.26356,1.26119,1.2625600000000001,5902
1712592000,1.26257,1.26553,1.26253,1.26477,9963
1712606400,1.26478,1.26633,1.26465,1.26538,4137
1712620800,1.2651,1.26586,1.26426,1.2653400000000001,1748
1712635200,1.26535,1.26609,1.26517,1.26558,3091
1712649600,1.2656,1.26636,1.26482,1.2659500000000001,4472
1712664000,1.26596,1.27029,1.26562,1.2696100000000001,6576
1712678400,1.26962,1.27087,1.2666,1.2669000000000001,10866
1712692800,1.26689,1.26794,1.2662499999999999,1.2677399999999999,3816
1712707200,1.26662,1.26772,1.2664900000000001,1.26745,1684
1712721600,1.26746,1.2678099999999999,1.26684,1.26767,3076
1712736000,1.26767,1.2694,1.26726,1.2693699999999999,4723
1712750400,1.26938,1.27074,1.25945,1.26111,11232
1712764800,1.2610999999999999,1.26118,1.25198,1.25332,22033
1712779200,1.25333,1.25533,1.25213,1.25396,11084
1712793600,1.25299,1.25411,1.2528000000000001,1.25367,2408
1712808000,1.2536800000000001,1.25488,1.25356,1.25467,4128
1712822400,1.25468,1.2569,1.2530700000000001,1.25498,7722
1712836800,1.25498,1.2570999999999999,1.2524199999999999,1.25664,12211
1712851200,1.25665,1.25779,1.25104,1.2536399999999999,16567
1712865600,1.25363,1.25635,1.25324,1.25525,5307
1712880000,1.25523,1.2556,1.25492,1.25548,1537
1712894400,1.2555100000000001,1.25582,1.25363,1.2537099999999999,3184
1712908800,1.2537099999999999,1.25437,1.2505,1.25074,7639
1712923200,1.25074,1.2511,1.24503,1.24539,10405
1712937600,1.2454,1.24651,1.24261,1.24484,19238
1712952000,1.24485,1.24615,1.24423,1.24493,8397
1713139200,1.2432,1.24621,1.24318,1.2451699999999999,4032
1713153600,1.24519,1.24642,1.24402,1.24601,6534
1713168000,1.24601,1.24866,1.24575,1.2481,9498
1713182400,1.2481,1.2498,1.24501,1.24786,11166
1713196800,1.24787,1.24957,1.24444,1.2456800000000001,15438
1713211200,1.24567,1.24617,1.2435100000000001,1.24437,8354
1713225600,1.24421,1.24485,1.24354,1.24368,2675
1713240000,1.24368,1.24383,1.24198,1.24326,6166
1713254400,1.24325,1.24481,1.24079,1.2436099999999999,9347
1713268800,1.24362,1.24712,1.24362,1.246,9059
1713283200,1.246,1.24661,1.24268,1.24348,17513
1713297600,1.24352,1.24503,1.24051,1.24244,14503
1713312000,1.24241,1.24318,1.24219,1.24286,3180
1713326400,1.24285,1.24393,1.24245,1.24287,5533
1713340800,1.24288,1.2481200000000001,1.24165,1.24708,10746
1713355200,1.24706,1.2476,1.24455,1.245,8668
1713369600,1.245,1.24688,1.24237,1.24283,16637
1713384000,1.24282,1.24647,1.24261,1.24535,10220
1713398400,1.24524,1.24573,1.24469,1.24525,2178
1713412800,1.24524,1.24708,1.24487,1.24699,4903
1713427200,1.2469999999999999,1.24837,1.2462,1.24736,7538
1713441600,1.24737,1.24814,1.24467,1.24583,8871
1713456000,1.24586,1.24677,1.24358,1.24482,13744
1713470400,1.24477,1.24495,1.2432699999999999,1.24347,8312
1713484800,1.24346,1.24378,1.24258,1.2427,2623
1713499200,1.24269,1.24291,1.23885,1.2419,16666
1713513600,1.24191,1.24512,1.24024,1.24397,12256
1713528000,1.24398,1.24631,1.2429000000000001,1.24479,9648
1713542400,1.24479,1.24676,1.2370700000000001,1.23896,15415
1713556800,1.23895,1.23926,1.23662,1.237,7368
1713744000,1.23652,1.23842,1.23638,1.23718,3504
1713758400,1.23719,1.23916,1.23719,1.23855,4340
1713772800,1.23857,1.23869,1.23502,1.23653,7657
1713787200,1.23653,1.23667,1.23084,1.23109,9270
1713801600,1.23108,1.23465,1.22987,1.23464,9819
1713816000,1.2346300000000001,1.23612,1.23447,1.2351,3888
1713830400,1.23448,1.2355,1.2344,1.23537,1517
1713844800,1.23538,1.23573,1.23471,1.23508,4244
1713859200,1.23509,1.23878,1.23314,1.23693,9757
1713873600,1.23693,1.24058,1.23452,1.23908,9455
1713888000,1.23908,1.2457799999999999,1.23805,1.24442,16231
1713902400,1.24442,1.2458,1.2444,1.24492,4137
1713916800,1.2447,1.24597,1.2441,1.24579,2038
1713931200,1.24577,1.24641,1.24524,1.2454399999999999,3750
1713945600,1.2454399999999999,1.24565,1.24222,1.24255,5754
1713960000,1.24257,1.24469,1.24245,1.24411,7300
1713974400,1.2441200000000001,1.24546,1.24261,1.24457,11027
1713988800,1.24459,1.24694,1.24452,1.24623,4258
1714003200,1.2449,1.2464,1.24477,1.24614,1921
1714017600,1.24615,1.24678,1.24539,1.24665,3958
1714032000,1.2466599999999999,1.25225,1.24659,1.25206,7737
1714046400,1.25205,1.25232,1.24662,1.24777,11761
1714060800,1.2478,1.25165,1.24562,1.2514,19298
1714075200,1.25141,1.2522199999999999,1.2503,1.25109,7452
1714089600,1.251,1.2512699999999999,1.24989,1.2504,2253
1714104000,1.25039,1.25078,1.24932,1.25004,4540
1714118400,1.25003,1.25404,1.24961,1.25266,9761
1714132800,1.25266,1.2537099999999999,1.24961,1.25076,12293
1714147200,1.25077,1.25175,1.24484,1.24867,14816
1714161600,1.24867,1.25033,1.24846,1.24919,4100
1714348800,1.24716,1.25162,1.24676,1.25147,2626
1714363200,1.25147,1.25478,1.25119,1.25419,8616
1714377600,1.25419,1.2547,1.2511700000000001,1.25179,14203
1714392000,1.2518,1.2543199999999999,1.25071,1.25291,8792
1714406400,1.25291,1.25686,1.2514,1.25623,11399
1714420800,1.25626,1.25689,1.25515,1.25606,4746
1714435200,1.25506,1.2563,1.255,1.25545,1988
1714449600,1.25545,1.25577,1.25416,1.25448,3425
1714464000,1.25449,1.25457,1.25236,1.25389,6919
1714478400,1.25391,1.25542,1.25017,1.25177,13849
1714492800,1.2518,1.25397,1.25008,1.25065,22263
1714507200,1.2506599999999999,1.25114,1.24896,1.24912,7420
1714521600,1.24894,1.24931,1.24805,1.24852,2548
1714536000,1.24852,1.24888,1.2471700000000001,1.24768,3079
1714550400,1.24767,1.24975,1.24655,1.2497099999999999,6815
1714564800,1.24972,1.24976,1.24757,1.2487,9585
1714579200,1.24871,1.24975,1.24766,1.24802,16059
1714593600,1.24803,1.25494,1.24781,1.25285,25803
1714608000,1.25261,1.2539500000000001,1.25106,1.25268,4824
1714622400,1.25268,1.25389,1.25201,1.25335,6620
1714636800,1.25335,1.25438,1.25111,1.25202,14038
1714651200,1.25203,1.25321,1.25047,1.25144,14515
1714665600,1.25145,1.25211,1.24713,1.25147,23589
1714680000,1.2515,1.25385,1.25137,1.25353,8112
1714694400,1.25135,1.25446,1.25135,1.25434,3456
1714708800,1.25435,1.25562,1.25417,1.25473,5536
1714723200,1.25473,1.25623,1.25388,1.25589,10474
1714737600,1.25589,1.26319,1.25511,1.26056,16139
1714752000,1.26054,1.26097,1.25288,1.2542,31422
1714766400,1.25419,1.2554,1.25389,1.2546,6967
1714953600,1.25324,1.25523,1.25316,1.25502,2987
1714968000,1.25501,1.25563,1.25428,1.2543,4753
1714982400,1.25431,1.25811,1.25417,1.25805,7068
1714996800,1.25804,1.25937,1.25716,1.25905,6524
1715011200,1.25905,1.25915,1.25577,1.25628,7976
1715025600,1.25627,1.25688,1.25574,1.25617,4131
1715040000,1.25604,1.25685,1.2554699999999999,1.25679,2694
1715054400,1.25678,1.25701,1.25482,1.2552400000000001,5410
1715068800,1.25525,1.25557,1.25313,1.2539,8649
1715083200,1.25389,1.25541,1.25288,1.25529,7943
1715097600,1.2553,1.25644,1.25251,1.25261,9600
1715112000,1.25262,1.25268,1.25004,1.25079,5343
1715126400,1.25065,1.25104,1.24943,1.24951,2496
1715140800,1.24952,1.24967,1.24835,1.24864,4505
1715155200,1.24864,1.24923,1.24672,1.24744,7048
1715169600,1.24745,1.2500200000000001,1.24734,1.24792,8161
1715184000,1.24792,1.25043,1.24722,1.2497,9592
1715198400,1.2497099999999999,1.25011,1.24922,1.2496,3773
1715212800,1.24929,1.24982,1.24867,1.24894,1852
1715227200,1.24893,1.25011,1.24875,1.24912,3930
1715241600,1.24913,1.24927,1.24686,1.24726,5975
1715256000,1.24725,1.25107,1.24449,1.25018,14698
1715270400,1.25019,1.2522,1.24872,1.25135,12055
1715284800,1.25135,1.25262,1.25109,1.25232,4782
1715299200,1.25199,1.25284,1.25162,1.25195,1895
1715313600,1.25195,1.25241,1.2511700000000001,1.25146,3721
1715328000,1.25146,1.2540499999999999,1.2511700000000001,1.25317,8753
1715342400,1.2532,1.25353,1.25153,1.25217,7282
1715356800,1.2521900000000001,1.25366,1.25021,1.25339,11484
1715371200,1.25339,1.25353,1.25224,1.25229,3564
1715558400,1.25122,1.25267,1.25112,1.25207,2191
1715572800,1.25208,1.25282,1.2517,1.25241,5282
1715587200,1.25248,1.25351,1.25172,1.25326,7002
1715601600,1.25327,1.2557,1.25253,1.25552,7169
1715616000,1.2555100000000001,1.2568,1.2546300000000001,1.25607,10577
1715630400,1.25607,1.2563,1.25525,1.25583,3967
1715644800,1.25552,1.2561200000000001,1.2553,1.25568,2112
1715659200,1.25569,1.25591,1.2552400000000001,1.25535,5231
1715673600,1.25536,1.25629,1.25089,1.2528000000000001,10247
1715688000,1.25279,1.25643,1.25187,1.25528,11766
1715702400,1.25528,1.25923,1.25482,1.25847,15557
1715716800,1.25847,1.25918,1.25809,1.259,3885
1715731200,1.25865,1.2589299999999999,1.258,1.25878,1952
1715745600,1.25877,1.2599,1.25872,1.25925,3325
1715760000,1.25925,1.2613400000000001,1.25862,1.26119,7580
1715774400,1.26118,1.2669000000000001,1.26025,1.26443,13832
1715788800,1.26443,1.26765,1.26133,1.26737,17889
1715803200,1.26738,1.26855,1.26714,1.2684199999999999,5186
1715817600,1.26827,1.27003,1.26722,1.2698800000000001,3430
1715832000,1.26989,1.26989,1.26826,1.26871,6101
1715846400,1.26872,1.26881,1.2668599999999999,1.26739,8726
1715860800,1.26741,1.26749,1.26518,1.26539,8770
1715875200,1.2654,1.26796,1.26425,1.26727,10637
1715889600,1.26727,1.26763,1.26667,1.2669000000000001,4292
1715904000,1.26673,1.26718,1.26609,1.26642,2001
1715918400,1.26643,1.26648,1.26518,1.26546,4473
1715932800,1.26546,1.26693,1.26444,1.26486,7207
1715947200,1.26487,1.2661,1.26449,1.2659,6173
1715961600,1.26592,1.2708300000000001,1.26592,1.27005,10768
1715976000,1.27004,1.27112,1.26976,1.2699099999999999,3749
1716163200,1.26853,1.27078,1.26852,1.27044,2359
1716177600,1.27044,1.27106,1.2699799999999999,1.27075,4377
1716192000,1.27074,1.27087,1.26887,1.27044,5947
1716206400,1.27043,1.27051,1.2692,1.2695699999999999,6193
1716220800,1.2695400000000001,1.27179,1.26953,1.2717399999999999,8203
1716235200,1.2717399999999999,1.27247,1.27039,1.2705199999999999,3159
1716249600,1.27042,1.27111,1.26986,1.27088,1546
1716264000,1.27088,1.27115,1.26965,1.27096,4411
1716278400,1.27097,1.2720099999999999,1.27034,1.27106,6005
1716292800,1.27104,1.27231,1.27055,1.27072,6060
1716307200,1.27071,1.27263,1.26857,1.27068,12101
1716321600,1.2707,1.27153,1.27012,1.27073,3661
1716336000,1.2705600000000001,1.27157,1.2702499999999999,1.2713,1907
1716350400,1.27129,1.27223,1.2708300000000001,1.27091,4877
1716364800,1.27092,1.27607,1.27074,1.2728,8806
1716379200,1.2728,1.27337,1.26996,1.27261,8575
1716393600,1.2726,1.27472,1.2720799999999999,1.27434,10642
1716408000,1.27433,1.27499,1.27094,1.27175,7533
1716422400,1.27167,1.27237,1.27131,1.27195,2236
1716436800,1.27195,1.27313,1.27161,1.27253,4523
1716451200,1.27253,1.2738,1.2714400000000001,1.27198,8331
1716465600,1.27197,1.2744,1.27045,1.27316,8594
1716480000,1.27316,1.2746,1.27005,1.27119,15513
1716494400,1.2711999999999999,1.2711999999999999,1.26847,1.26973,7564
1716508800,1.26904,1.26981,1.26867,1.26938,2216
1716523200,1.2693699999999999,1.26974,1.26868,1.26913,3247
1716537600,1.26911,1.27067,1.26734,1.27042,6855
1716552000,1.27043,1.27244,1.27024,1.27199,6845
1716566400,1.272,1.27503,1.27169,1.2733400000000001,11002
1716580800,1.2733400000000001,1.27455,1.27316,1.27345,4176
1716768000,1.27287,1.27421,1.27284,1.27379,1702
1716782400,1.27378,1.27429,1.27374,1.27417,2712
1716796800,1.27417,1.27466,1.27325,1.27414,5279
1716811200,1.27414,1.27579,1.27411,1.27562,6572
1716825600,1.27563,1.27769,1.27542,1.2769300000000001,5505
1716840000,1.2769300000000001,1.27712,1.27667,1.27676,1864
1716854400,1.27674,1.2775699999999999,1.2765900000000001,1.27707,2165
1716868800,1.27707,1.27826,1.27699,1.27743,4216
1716883200,1.27743,1.27806,1.27619,1.27684,6306
1716897600,1.27684,1.27941,1.2763200000000001,1.27915,7169
1716912000,1.27915,1.27997,1.2770299999999999,1.27758,12009
1716926400,1.27759,1.27774,1.2753700000000001,1.2760099999999999,6886
1716940800,1.27588,1.27629,1.2749,1.27535,2397
1716955200,1.27536,1.2759,1.27458,1.27515,5631
1716969600,1.27515,1.27712,1.2748300000000001,1.27553,10368
1716984000,1.27552,1.2764199999999999,1.27351,1.2744,8804
1716998400,1.27441,1.27453,1.27046,1.27162,14260
1717012800,1.27162,1.27166,1.26972,1.2699500000000001,5712
1717027200,1.26992,1.27034,1.26897,1.26931,2985
1717041600,1.26932,1.27024,1.2689599999999999,1.26948,5869
1717056000,1.26947,1.27143,1.26804,1.27118,9684
1717070400,1.2711700000000001,1.27273,1.27029,1.2724,8679
1717084800,1.2724,1.27466,1.27172,1.27407,11132
1717099200,1.27407,1.27433,1.27258,1.27316,4082
1717113600,1.27241,1.27333,1.2723499999999999,1.27298,2556
1717128000,1.27298,1.27317,1.27146,1.2720799999999999,5144
1717142400,1.27207,1.27228,1.26997,1.27088,7941
1717156800,1.27089,1.275,1.27062,1.27461,10560
1717171200,1.27462,1.27654,1.2717100000000001,1.27291,15984
1717185600,1.27292,1.27462,1.27238,1.2741500000000001,5720
1717372800,1.27331,1.2755,1.27291,1.27532,2240
1717387200,1.27532,1.27553,1.27365,1.27428,3789
1717401600,1.27427,1.27428,1.27037,1.2704,6942
1717416000,1.27041,1.27352,1.2694,1.27305,8006
1717430400,1.27306,1.2793700000000001,1.2729,1.27787,13263
1717444800,1.27786,1.2806,1.27749,1.28057,6431
1717459200,1.28041,1.28171,1.27904,1.28116,2669
1717473600,1.28114,1.28121,1.2803200000000001,1.2809,4265
1717488000,1.2809,1.2812000000000001,1.27731,1.27759,10526
1717502400,1.2776,1.2778100000000001,1.2742200000000001,1.27644,13106
1717516800,1.27644,1.2791299999999999,1.27579,1.27861,16225
1717531200,1.2786,1.27966,1.27668,1.27686,7235
1717545600,1.27665,1.27769,1.27612,1.27749,2247
1717560000,1.27749,1.27803,1.2769300000000001,1.27732,3949
1717574400,1.27733,1.2782200000000001,1.2764199999999999,1.27742,7489
1717588800,1.27743,1.27941,1.2766199999999999,1.27919,7862
1717603200,1.27919,1.2794699999999999,1.2754400000000001,1.27772,15825
1717617600,1.27773,1.2793999999999999,1.27742,1.27877,4562
1717632000,1.27853,1.2802799999999999,1.2778,1.28016,2153
1717646400,1.28016,1.28087,1.27939,1.27946,4557
1717660800,1.2794699999999999,1.27999,1.27748,1.27863,7430
1717675200,1.27862,1.27907,1.27652,1.2778100000000001,10258
1717689600,1.2778100000000001,1.27887,1.2760799999999999,1.27779,11322
1717704000,1.27778,1.27951,1.27771,1.2790599999999999,4178
1717718400,1.27894,1.27931,1.27853,1.27881,1678
1717732800,1.27882,1.2791299999999999,1.27829,1.27899,3035
1717747200,1.279,1.28016,1.27812,1.2788,5934
1717761600,1.2788,1.28146,1.27243,1.27374,10306
1717776000,1.27373,1.27404,1.27152,1.2723499999999999,16405
1717790400,1.27234,1.27265,1.2717399999999999,1.27212,6049
1717977600,1.27255,1.27302,1.27109,1.27236,2827
1717992000,1.2723499999999999,1.2726,1.27099,1.27157,2700
1718006400,1.27158,1.2724199999999999,1.27048,1.2707,6812
1718020800,1.27071,1.2729,1.26875,1.2711999999999999,7613
1718035200,1.27121,1.27366,1.27035,1.27282,8032
1718049600,1.27283,1.27366,1.2723900000000001,1.2730299999999999,4303
1718064000,1.27291,1.27326,1.27078,1.27274,1817
1718078400,1.27274,1.27385,1.2724199999999999,1.27343,3281
1718092800,1.27344,1.2739500000000001,1.27134,1.2724,6627
1718107200,1.2724,1.27488,1.27222,1.27438,10190
1718121600,1.27437,1.27472,1.27055,1.27284,12869
1718136000,1.27284,1.27511,1.27265,1.27374,5083
1718150400,1.27362,1.27399,1.2731,1.2732999999999999,1760
1718164800,1.27329,1.27444,1.27325,1.27386,3870
1718179200,1.27383,1.27593,1.2736399999999999,1.2757,7153
1718193600,1.2757,1.28575,1.27484,1.28528,11655
1718208000,1.2852700000000001,1.28597,1.28255,1.28455,16988
1718222400,1.28454,1.28483,1.27907,1.27963,16905
1718236800,1.27959,1.27985,1.27917,1.2794699999999999,2513
1718251200,1.2794699999999999,1.27987,1.27794,1.27797,3835
1718265600,1.27798,1.27986,1.27719,1.27985,8078
1718280000,1.27984,1.2807,1.27612,1.27841,12650
1718294400,1.27841,1.27924,1.27379,1.2744900000000001,16108
1718308800,1.27448,1.2766600000000001,1.27444,1.27613,6104
1718323200,1.2743,1.2761,1.27426,1.275,2138
1718337600,1.27501,1.27629,1.27482,1.27485,4193
1718352000,1.2748599999999999,1.27524,1.2719,1.27214,11860
1718366400,1.27213,1.27223,1.26695,1.2689599999999999,16997
1718380800,1.26897,1.26955,1.26559,1.2686,15735
1718395200,1.26861,1.26922,1.2678099999999999,1.26855,4961
1718582400,1.26796,1.26878,1.2674,1.26837,2545
1718596800,1.26834,1.26859,1.26763,1.26827,2995
1718611200,1.26828,1.26837,1.26608,1.26737,10751
1718625600,1.26736,1.2677100000000001,1.26586,1.26665,8967
1718640000,1.26666,1.26973,1.26637,1.26959,11512
1718654400,1.26959,1.27091,1.26948,1.27034,4560
1718668800,1.27026,1.2714400000000001,1.26983,1.27094,2314
1718683200,1.27093,1.27106,1.26926,1.26936,4227
1718697600,1.26935,1.27013,1.26723,1.26796,10016
1718712000,1.26796,1.26932,1.26675,1.26907,12297
1718726400,1.26908,1.27204,1.26847,1.2702,14268
1718740800,1.2701799999999999,1.27097,1.26977,1.27073,6104
1718755200,1.27054,1.27105,1.26974,1.27034,1892
1718769600,1.27035,1.2713,1.27028,1.27054,3714
1718784000,1.27054,1.2732299999999999,1.2699500000000001,1.2732,8692
1718798400,1.2732,1.27394,1.2715,1.27192,8102
1718812800,1.27193,1.2733400000000001,1.27164,1.27203,5654
1718827200,1.27203,1.27215,1.27128,1.27187,1044
1718841600,1.27167,1.27213,1.27111,1.27148,2433
1718856000,1.27149,1.27185,1.27095,1.2713,3612
1718870400,1.2713,1.2714699999999999,1.26953,1.26966,8115
1718884800,1.26966,1.27071,1.26746,1.26769,12575
1718899200,1.26769,1.26871,1.2658800000000001,1.2662900000000001,12642
1718913600,1.2662900000000001,1.26819,1.26543,1.26556,6875
1718928000,1.26545,1.26615,1.26519,1.2655699999999999,1929
1718942400,1.26556,1.26646,1.26542,1.26613,2878
1718956800,1.26613,1.26709,1.26298,1.26538,10671
1718971200,1.26538,1.26601,1.26306,1.26482,10126
1718985600,1.26483,1.26504,1.26211,1.26384,15442
1719000000,1.26384,1.26506,1.2635100000000001,1.26393,4893
1719187200,1.26315,1.2644199999999999,1.26289,1.26396,2668
1719201600,1.26397,1.26446,1.26319,1.26445,5038
1719216000,1.26446,1.26654,1.26441,1.26572,8452
1719230400,1.26572,1.26712,1.2656399999999999,1.26648,9606
1719244800,1.26648,1.26975,1.26648,1.26792,10738
1719259200,1.26791,1.26931,1.26724,1.26849,5441
1719273600,1.2683200000000001,1.26886,1.26782,1.26858,2226
1719288000,1.26859,1.26958,1.26829,1.2693699999999999,3281
1719302400,1.2693400000000001,1.27014,1.26824,1.27005,6536
1719316800,1.27005,1.27019,1.26746,1.26793,7782
1719331200,1.26793,1.2687,1.26692,1.2678099999999999,11184
1719345600,1.2678,1.26955,1.26766,1.26853,4055
1719360000,1.26831,1.26868,1.26773,1.26843,1779
1719374400,1.2684199999999999,1.26928,1.26833,1.26851,3167
1719388800,1.26852,1.26874,1.26609,1.26653,7065
1719403200,1.26653,1.26734,1.26388,1.26445,9321
1719417600,1.26443,1.26504,1.26172,1.26257,13411
1719432000,1.26255,1.26375,1.2615,1.26194,5885
1719446400,1.26203,1.2623,1.26115,1.26141,2148
1719460800,1.26141,1.26357,1.26139,1.26356,2422
1719475200,1.26357,1.2646899999999999,1.2625899999999999,1.26345,7016
1719489600,1.26346,1.26606,1.26339,1.26547,9415
1719504000,1.26546,1.26701,1.26433,1.26506,11517
1719518400,1.26504,1.26528,1.2637,1.26397,3478
1719532800,1.26389,1.26461,1.26278,1.2628300000000001,2257
1719547200,1.2628300000000001,1.2637399999999999,1.26213,1.2622499999999999,3354
1719561600,1.2622499999999999,1.26493,1.2622200000000001,1.2635,7203
1719576000,1.26349,1.26612,1.26305,1.26497,10190
1719590400,1.26497,1.26509,1.2619,1.26417,16128
1719604800,1.2641499999999999,1.26536,1.26298,1.26426,4749
1719792000,1.26531,1.26552,1.26379,1.2652,2655
1719806400,1.26521,1.2665199999999999,1.2649599999999999,1.26567,2942
1719820800,1.26565,1.26889,1.2656100000000001,1.26733,9720
1719835200,1.26732,1.26796,1.26574,1.2665,8192
1719849600,1.26651,1.27055,1.26357,1.26477,15363
1719864000,1.26478,1.26507,1.26328,1.26506,3167
1719878400,1.26482,1.26499,1.26382,1.26404,1696
1719892800,1.2640500000000001,1.26417,1.2631299999999999,1.26324,2056
1719907200,1.26325,1.26389,1.26149,1.26284,8152
1719921600,1.26278,1.26685,1.26267,1.26639,8198
1719936000,1.26638,1.26849,1.26609,1.26678,12808
1719950400,1.26679,1.26875,1.26665,1.2684199999999999,2575
1719964800,1.26666,1.26926,1.2665899999999999,1.2688,1483
1719979200,1.2688,1.2688,1.26809,1.26861,1698
1719993600,1.26861,1.2701,1.2677800000000001,1.2695,5266
1720008000,1.26949,1.27218,1.26911,1.2718099999999999,6779
1720022400,1.2718099999999999,1.27767,1.27163,1.27535,12120
1720036800,1.27535,1.27535,1.27331,1.27411,2611
1720051200,1.27386,1.27508,1.27345,1.27501,1501
1720065600,1.27504,1.2753,1.27405,1.27431,1758
1720080000,1.2743,1.2762,1.27404,1.2755,5896
1720094400,1.27551,1.2763,1.27462,1.27489,5102
1720108800,1.27488,1.2766899999999999,1.27466,1.2760500000000001,3612
1720123200,1.27604,1.27621,1.2757399999999999,1.27582,995
1720137600,1.2757800000000001,1.27664,1.2753,1.27636,1880
1720152000,1.2763499999999999,1.27716,1.27611,1.27699,2249
1720166400,1.27699,1.27809,1.27628,1.2779,5253
1720180800,1.2779099999999999,1.28101,1.27594,1.28021,8189
1720195200,1.2802,1.28134,1.27865,1.27979,13478
1720209600,1.27978,1.28165,1.2797399999999999,1.28135,2938
1720396800,1.27882,1.28146,1.27833,1.28044,2214
1720411200,1.28044,1.28183,1.28021,1.28137,2205
1720425600,1.28137,1.28208,1.27992,1.28187,8018
1720440000,1.28186,1.28396,1.28126,1.28376,7372
1720454400,1.28375,1.2845,1.28194,1.28207,6831
1720468800,1.28208,1.2822,1.28052,1.28052,2024
1720483200,1.28071,1.28158,1.28016,1.28078,1483
1720497600,1.28078,1.28086,1.27979,1.28077,2517
1720512000,1.28077,1.28119,1.27955,1.28049,5281
1720526400,1.2805,1.28243,1.27932,1.28058,7289
1720540800,1.28067,1.28207,1.27772,1.27826,10996
1720555200,1.27828,1.27898,1.2781,1.2787,3173
1720569600,1.27855,1.2791000000000001,1.27808,1.2785199999999999,1510
1720584000,1.2785199999999999,1.2793999999999999,1.27838,1.27938,2145
1720598400,1.2793700000000001,1.28014,1.2788,1.27955,5458
1720612800,1.27959,1.28121,1.27959,1.28079,6509
1720627200,1.2808,1.2846199999999999,1.2805900000000001,1.28456,8355
1720641600,1.28455,1.28474,1.28343,1.2846899999999999,2329
1720656000,1.28468,1.28578,1.28454,1.28545,1260
1720670400,1.28544,1.28636,1.2848899999999999,1.28572,1788
1720684800,1.28573,1.2875,1.2854700000000001,1.28748,6118
1720699200,1.28748,1.29486,1.28683,1.29312,10912
1720713600,1.29299,1.2948,1.29023,1.29101,16633
1720728000,1.29102,1.29143,1.2898100000000001,1.2911000000000001,5266
1720742400,1.29041,1.29237,1.2904,1.29088,3427
1720756800,1.29088,1.29118,1.29016,1.29105,3232
1720771200,1.2910599999999999,1.29452,1.29024,1.29452,6238
1720785600,1.29454,1.29681,1.29267,1.29648,11245
1720800000,1.29649,1.29902,1.29574,1.29867,12246
1720814400,1.29868,1.29897,1.29799,1.29859,3193
1721001600,1.29627,1.298,1.29616,1.29657,2811
1721016000,1.29656,1.29746,1.2961,1.29742,2094
1721030400,1.29741,1.29892,1.2963,1.29884,6230
1721044800,1.29885,1.29905,1.29667,1.29765,7450
1721059200,1.29765,1.29945,1.29672,1.29767,10335
1721073600,1.29769,1.29769,1.29612,1.29677,4966
1721088000,1.29671,1.29696,1.29616,1.29644,1896
1721102400,1.29645,1.29661,1.2961,1.2962500000000001,2819
1721116800,1.2962500000000001,1.29721,1.29508,1.2962799999999999,7004
1721131200,1.29627,1.29792,1.29379,1.29466,10208
1721145600,1.29468,1.29577,1.29404,1.2953999999999999,10529
1721160000,1.2953999999999999,1.29761,1.29525,1.29738,4188
1721174400,1.29721,1.2977699999999999,1.29657,1.29688,2167
1721188800,1.29688,1.29779,1.2965900000000001,1.29678,2329
1721203200,1.29675,1.30298,1.29657,1.3028,11485
1721217600,1.30279,1.30436,1.30205,1.30317,8098
1721232000,1.30316,1.30358,1.29984,1.30036,12879
1721246400,1.30036,1.30114,1.3000099999999999,1.30068,5446
1721260800,1.3006199999999999,1.301,1.3001800000000001,1.30032,2061
1721275200,1.30032,1.30067,1.29988,1.30012,3255
1721289600,1.30012,1.30121,1.29821,1.29853,8849
1721304000,1.29854,1.29959,1.29738,1.29809,7788
1721318400,1.2980800000000001,1.29846,1.29671,1.2971300000000001,12227
1721332800,1.29712,1.29715,1.29399,1.29426,4453
1721347200,1.29422,1.29498,1.29402,1.2944200000000001,2594
1721361600,1.2944200000000001,1.29464,1.29337,1.29382,2620
1721376000,1.2938100000000001,1.2941099999999999,1.29136,1.29169,8370
1721390400,1.29168,1.29283,1.29006,1.29197,9163
1721404800,1.29197,1.29261,1.29111,1.29136,9319
1721419200,1.29138,1.29178,1.29062,1.29097,4228
1721606400,1.29083,1.2938399999999999,1.29083,1.29281,3291
1721620800,1.29282,1.29294,1.29118,1.29172,2552
1721635200,1.29172,1.2931300000000001,1.29094,1.29271,9070
1721649600,1.29271,1.2941500000000001,1.29131,1.29159,7737
1721664000,1.29159,1.29192,1.29048,1.29175,8795
1721678400,1.29177,1.29309,1.29176,1.29309,2663
1721692800,1.29299,1.29342,1.29199,1.29279,2181
1721707200,1.29279,1.29331,1.29242,1.29275,2297
1721721600,1.29274,1.29279,1.2907899999999999,1.29231,6919
1721736000,1.29231,1.2925,1.28873,1.2904900000000001,10672
1721750400,1.29052,1.2917100000000001,1.29038,1.29095,8838
1721764800,1.29095,1.29126,1.28995,1.29061,3044
1721779200,1.29053,1.29081,1.28952,1.28964,2474
1721793600,1.28963,1.28993,1.2883499999999999,1.28865,2944
1721808000,1.2886600000000001,1.2901099999999999,1.2876699999999999,1.28961,8608
1721822400,1.28961,1.2929300000000001,1.2888,1.29277,8379
1721836800,1.29279,1.2937,1.29141,1.29256,10736
1721851200,1.29256,1.29267,1.2899,1.2906,4000
1721865600,1.28906,1.29077,1.2889599999999999,1.2895400000000001,3130
1721880000,1.2895400000000001,1.2898100000000001,1.28856,1.28882,3704
1721894400,1.28884,1.29127,1.28729,1.28852,9719
1721908800,1.28853,1.28933,1.28582,1.28745,10290
1721923200,1.28746,1.28914,1.28628,1.28824,15073
1721937600,1.28827,1.28892,1.2849,1.28499,4449
1721952000,1.285,1.28601,1.28485,1.28559,1891
1721966400,1.28559,1.2865199999999999,1.28536,1.28632,2240
1721980800,1.28632,1.28723,1.28566,1.28654,7262
1721995200,1.28653,1.28734,1.28533,1.2866,8559
1722009600,1.28659,1.28748,1.2848899999999999,1.28736,10716
1722024000,1.28738,1.28775,1.28654,1.28656,3617
1722211200,1.2858399999999999,1.28873,1.28569,1.28843,2598
1722225600,1.28843,1.28872,1.28734,1.28744,2677
1722240000,1.28745,1.2877399999999999,1.28075,1.28125,9462
1722254400,1.28125,1.2846199999999999,1.28063,1.28376,10206
1722268800,1.28376,1.28592,1.28226,1.28539,8731
1722283200,1.28539,1.28673,1.2852999999999999,1.2860800000000001,3432
1722297600,1.28571,1.2865,1.28504,1.28531,1875
1722312000,1.28532,1.28586,1.28448,1.28569,1986
1722326400,1.28569,1.28633,1.28427,1.28587,6803
1722340800,1.28586,1.28639,1.28282,1.28282,5686
1722355200,1.28282,1.2843499999999999,1.2818100000000001,1.28331,10673
1722369600,1.28331,1.28385,1.28265,1.28358,3849
1722384000,1.2833700000000001,1.28422,1.28281,1.2840099999999999,2434
1722398400,1.28402,1.28521,1.28349,1.28453,4914
1722412800,1.28452,1.2846600000000001,1.28205,1.28296,9585
1722427200,1.28294,1.28526,1.28197,1.2847,9186
1722441600,1.2847,1.28534,1.28217,1.28358,12212
1722456000,1.28358,1.28635,1.28205,1.28528,10472
1722470400,1.28522,1.28617,1.28446,1.2852999999999999,2806
1722484800,1.28528,1.28601,1.28474,1.28499,3964
1722499200,1.285,1.28528,1.2775699999999999,1.27786,10534
1722513600,1.27785,1.28228,1.27461,1.2810000000000001,11481
1722528000,1.28099,1.28389,1.27511,1.27535,13000
1722542400,1.27534,1.27575,1.27261,1.27368,6322
1722556800,1.27351,1.2739099999999999,1.27202,1.27231,3874
1722571200,1.2723,1.2729,1.27122,1.27243,4125
1722585600,1.27244,1.27392,1.27067,1.27347,11406
1722600000,1.27348,1.28075,1.27326,1.28017,12403
1722614400,1.28016,1.28397,1.27828,1.2788300000000001,21247
1722628800,1.27882,1.28121,1.2787899999999999,1.28039,6646
1722816000,1.28009,1.2808,1.27793,1.27834,4978
1722830400,1.27835,1.28044,1.27777,1.28,8732
1722844800,1.27999,1.2816100000000001,1.27085,1.27617,23566
1722859200,1.27616,1.2777,1.27268,1.27516,17793
1722873600,1.2751700000000001,1.27956,1.27478,1.2765900000000001,29003
1722888000,1.2765900000000001,1.2778100000000001,1.27428,1.27746,8295
1722902400,1.27726,1.28023,1.2762,1.28023,6886
1722916800,1.28024,1.28024,1.27717,1.27722,8903
1722931200,1.2772299999999999,1.27782,1.27292,1.27314,16496
1722945600,1.27317,1.27317,1.26718,1.26787,16146
1722960000,1.26789,1.27256,1.26782,1.27044,17637
1722974400,1.27043,1.27088,1.26838,1.2689300000000001,7582
1722988800,1.26871,1.27028,1.26801,1.27019,3669
1723003200,1.27019,1.2717399999999999,1.26929,1.27038,7094
1723017600,1.27037,1.27157,1.26868,1.27011,13551
1723032000,1.27012,1.2735,1.26968,1.27219,10901
1723046400,1.2722,1.27252,1.2704,1.27068,11038
1723060800,1.27067,1.2709,1.26829,1.26884,6956
1723075200,1.2687599999999999,1.26944,1.26775,1.2680500000000001,3136
1723089600,1.2680500000000001,1.2701799999999999,1.26804,1.26949,4505
1723104000,1.2695,1.27129,1.26891,1.26996,9381
1723118400,1.2699500000000001,1.27037,1.26642,1.26748,12166
1723132800,1.2675100000000001,1.27429,1.2675100000000001,1.2741500000000001,14293
1723147200,1.2741500000000001,1.27516,1.2734,1.27458,5744
1723161600,1.27455,1.27482,1.27376,1.27399,2842
1723176000,1.27401,1.27597,1.2739500000000001,1.27492,3302
1723190400,1.2749,1.27715,1.27474,1.27647,7621
1723204800,1.27647,1.27678,1.27256,1.2736399999999999,9162
1723219200,1.2736399999999999,1.27731,1.27308,1.2757399999999999,11719
1723233600,1.2757399999999999,1.27695,1.27534,1.27568,3674
1723420800,1.27543,1.27606,1.2746,1.27564,2009
1723435200,1.27564,1.27627,1.27558,1.27624,2565
1723449600,1.27623,1.27816,1.27594,1.27634,8412
1723464000,1.27634,1.27747,1.27524,1.27633,7689
1723478400,1.27633,1.27934,1.27566,1.27577,12563
1723492800,1.27576,1.27706,1.27548,1.27636,4465
1723507200,1.27638,1.27702,1.27595,1.2766,1804
1723521600,1.2765900000000001,1.27785,1.27638,1.27783,2932
1723536000,1.27783,1.28124,1.27758,1.27973,8982
1723550400,1.2797399999999999,1.28122,1.2778800000000001,1.28067,10890
1723564800,1.2806899999999999,1.28465,1.27995,1.28446,11697
1723579200,1.28447,1.28725,1.28431,1.28637,5324
1723593600,1.2862,1.2866900000000001,1.28537,1.28627,1994
1723608000,1.28627,1.28677,1.28535,1.2858100000000001,3068
1723622400,1.28582,1.2860800000000001,1.28137,1.2840500000000001,9539
1723636800,1.28406,1.28585,1.28261,1.28396,10937
1723651200,1.28391,1.28635,1.28329,1.28376,11474
1723665600,1.28375,1.28375,1.28207,1.28264,3143
1723680000,1.28253,1.2830300000000001,1.2821799999999999,1.28265,1278
1723694400,1.28265,1.284,1.28186,1.28395,2135
1723708800,1.28394,1.28573,1.2837399999999999,1.28434,6502
1723723200,1.28433,1.28692,1.28086,1.28168,8664
1723737600,1.28169,1.2871000000000001,1.27983,1.28509,11918
1723752000,1.28512,1.28639,1.28478,1.28517,2970
1723766400,1.28505,1.2863,1.2848899999999999,1.28619,1589
1723780800,1.2862,1.28745,1.28601,1.28723,1717
1723795200,1.28722,1.28906,1.28698,1.2885,5099
1723809600,1.2885,1.29134,1.28845,1.28967,6614
1723824000,1.28967,1.2921,1.288,1.292,8984
1723838400,1.29199,1.29453,1.29186,1.2943799999999999,3541
1724025600,1.29303,1.29524,1.29247,1.29446,2050
1724040000,1.29447,1.29597,1.29433,1.29523,2979
1724054400,1.29525,1.29745,1.29518,1.2971300000000001,7802
1724068800,1.29714,1.29717,1.2942,1.2950300000000001,6600
1724083200,1.29502,1.29966,1.29386,1.29812,9391
1724097600,1.29812,1.29956,1.2978399999999999,1.29891,2868
1724112000,1.29857,1.29928,1.29798,1.29849,1575
1724126400,1.29852,1.29923,1.29765,1.29792,3724
1724140800,1.29791,1.30124,1.29736,1.30002,7236
1724155200,1.30002,1.30294,1.29911,1.30267,8334
1724169600,1.30267,1.30517,1.30122,1.30244,12355
1724184000,1.30244,1.30352,1.30171,1.30331,2890
1724198400,1.30345,1.30376,1.30249,1.3034,1871
1724212800,1.3034,1.30355,1.30221,1.30257,2739
1724227200,1.30256,1.30307,1.30103,1.30124,6194
1724241600,1.3012299999999999,1.30476,1.30122,1.30445,7218
1724256000,1.30446,1.3090899999999999,1.30338,1.30885,15917
1724270400,1.3088600000000001,1.31177,1.3084,1.30892,5053
1724284800,1.30881,1.3096,1.30843,1.30893,1820
1724299200,1.30892,1.30905,1.30808,1.30832,2227
1724313600,1.30832,1.3128,1.30806,1.3112599999999999,7265
1724328000,1.31131,1.31271,1.30951,1.31175,8942
1724342400,1.31175,1.31287,1.3081,1.30856,12937
1724356800,1.30857,1.3094299999999999,1.30761,1.30911,5013
1724371200,1.30899,1.31003,1.3084799999999999,1.3098,2427
1724385600,1.3098,1.31088,1.30963,1.31086,2621
1724400000,1.31086,1.31307,1.31063,1.31303,5945
1724414400,1.31304,1.31363,1.31103,1.3119,7078
1724428800,1.3118400000000001,1.32295,1.31071,1.31903,21056
1724443200,1.31902,1.32203,1.31883,1.32168,7039
1724630400,1.32088,1.3219,1.3195700000000001,1.32139,3169
1724644800,1.32138,1.32214,1.31983,1.32002,3158
1724659200,1.32003,1.32092,1.31894,1.31973,6742
1724673600,1.31973,1.32051,1.3179400000000001,1.32012,7874
1724688000,1.3201100000000001,1.32088,1.31795,1.31982,12455
1724702400,1.31981,1.32064,1.31812,1.31853,4701
1724716800,1.31848,1.3191899999999999,1.31773,1.3181,1809
1724731200,1.31809,1.31948,1.3180399999999999,1.3192300000000001,1905
1724745600,1.31924,1.32226,1.31911,1.32172,7694
1724760000,1.32171,1.32462,1.32033,1.32123,9805
1724774400,1.32122,1.32417,1.32121,1.32321,12137
1724788800,1.32322,1.32652,1.32312,1.32626,5465
1724803200,1.32589,1.32609,1.32498,1.32587,2254
1724817600,1.32587,1.32599,1.32398,1.3241100000000001,2570
1724832000,1.3241,1.32437,1.3216700000000001,1.3229600000000001,6847
1724846400,1.3229600000000001,1.3239,1.3198400000000001,1.32093,9045
1724860800,1.32093,1.32298,1.3173599999999999,1.31853,12252
1724875200,1.31851,1.31908,1.31669,1.31895,5557
1724889600,1.3189,1.32074,1.31861,1.32056,1691
1724904000,1.32058,1.32118,1.31965,1.32117,2331
1724918400,1.32117,1.32263,1.31677,1.31877,9088
1724932800,1.31879,1.32016,1.31532,1.31603,9960
1724947200,1.31603,1.31898,1.31444,1.31822,12977
1724961600,1.31822,1.31888,1.31629,1.31692,5924
1724976000,1.3168,1.3170600000000001,1.31575,1.31673,1902
1724990400,1.31671,1.31707,1.31596,1.31637,2840
1725004800,1.31638,1.31993,1.31636,1.31822,6108
1725019200,1.31822,1.31887,1.3143,1.31547,7827
1725033600,1.31546,1.31632,1.31085,1.3118400000000001,15316
1725048000,1.31185,1.31351,1.3112,1.31289,5322
1725235200,1.31215,1.3137400000000001,1.31212,1.31332,1858
1725249600,1.31332,1.3136700000000001,1.31196,1.31254,2256
1725264000,1.31253,1.31455,1.3122,1.3134299999999999,5261
1725278400,1.31342,1.31471,1.3127,1.3142,4520
1725292800,1.31421,1.31545,1.31354,1.31415,4667
1725307200,1.31414,1.3147,1.31414,1.31447,802
1725321600,1.31439,1.31481,1.31332,1.31366,1667
1725336000,1.3136700000000001,1.3146499999999999,1.31223,1.31239,3283
1725350400,1.31239,1.31393,1.31084,1.31215,8429
1725364800,1.3121399999999999,1.31388,1.31093,1.31301,8786
1725379200,1.31302,1.31455,1.30866,1.31027,16162
1725393600,1.3102800000000001,1.31158,1.3087,1.3115700000000001,5414
1725408000,1.31146,1.31146,1.31005,1.31036,2588
1725422400,1.31037,1.3118,1.31009,1.3117,2466
1725436800,1.3117,1.31269,1.31005,1.31199,6780
1725451200,1.31198,1.31263,1.31061,1.3123,6668
1725465600,1.31231,1.3174299999999999,1.31206,1.31498,14379
1725480000,1.31494,1.3152300000000001,1.31268,1.31464,4890
1725494400,1.3145,1.31478,1.31396,1.3143,3190
1725508800,1.3143099999999999,1.31556,1.3143099999999999,1.31467,2536
1725523200,1.31466,1.3170600000000001,1.31366,1.31685,6932
1725537600,1.31686,1.31793,1.31532,1.31604,8173
1725552000,1.31609,1.3178,1.31507,1.31727,14688
1725566400,1.31726,1.31848,1.31637,1.31808,5024
1725580800,1.31795,1.31814,1.31739,1.31778,1318
1725595200,1.31776,1.31793,1.31722,1.31781,2112
1725609600,1.3178,1.3192300000000001,1.31657,1.3167,6778
1725624000,1.3167,1.32378,1.31471,1.32093,10535
1725638400,1.32094,1.3216,1.31094,1.31197,26189
1725652800,1.31198,1.31386,1.31121,1.31296,8444
1725840000,1.31169,1.31407,1.31122,1.31296,2642
1725854400,1.31297,1.31426,1.3119100000000001,1.3119100000000001,2810
1725868800,1.3119,1.31192,1.30824,1.30877,6997
1725883200,1.30878,1.30995,1.3072300000000001,1.30829,6966
1725897600,1.3082799999999999,1.31005,1.3066900000000001,1.30965,9641
1725912000,1.30966,1.31018,1.30712,1.30715,4627
1725926400,1.3071,1.30755,1.30567,1.30621,1525
1725940800,1.3062,1.30768,1.3061099999999999,1.30762,2065
1725955200,1.30763,1.31071,1.3072300000000001,1.3084799999999999,6827
1725969600,1.30849,1.3104,1.30681,1.3069899999999999,6208
1725984000,1.3069600000000001,1.3075,1.3049,1.30678,10929
1725998400,1.30678,1.30861,1.30654,1.30789,4666
1726012800,1.30714,1.30836,1.30645,1.30716,2032
1726027200,1.30717,1.31016,1.30698,1.31015,4072
1726041600,1.31016,1.31105,1.30771,1.3082500000000001,7680
1726056000,1.30826,1.30973,1.30456,1.30609,10272
1726070400,1.3061099999999999,1.30725,1.30014,1.3035999999999999,15852
1726084800,1.30359,1.30493,1.3035,1.30426,5692
1726099200,1.30373,1.3045200000000001,1.30334,1.30336,1801
1726113600,1.30335,1.30481,1.30316,1.3047900000000001,2765
1726128000,1.3047900000000001,1.30559,1.30319,1.30468,5870
1726142400,1.30467,1.30614,1.3037,1.30535,8871
1726156800,1.30541,1.30942,1.30496,1.3091599999999999,12263
1726171200,1.30915,1.31264,1.3084799999999999,1.31254,8190
1726185600,1.31243,1.31451,1.31209,1.31446,1710
1726200000,1.31446,1.315,1.3136700000000001,1.31467,3330
1726214400,1.31468,1.31491,1.31239,1.31425,7114
1726228800,1.3142800000000001,1.31517,1.31141,1.31369,10498
1726243200,1.3136999999999999,1.31572,1.3122500000000001,1.31305,13368
1726257600,1.3130600000000001,1.31339,1.31166,1.31231,7873
1726444800,1.31175,1.3142800000000001,1.31175,1.31405,1605
1726459200,1.31405,1.31624,1.31378,1.31525,2701
1726473600,1.31525,1.31924,1.31521,1.31877,6989
1726488000,1.31877,1.32083,1.31818,1.31977,7851
1726502400,1.31978,1.32135,1.31907,1.32065,10014
1726516800,1.32064,1.32172,1.31968,1.32162,4119
1726531200,1.32151,1.3216700000000001,1.31998,1.32013,1617
1726545600,1.3201399999999999,1.3211,1.31996,1.32025,2074
1726560000,1.32026,1.3229,1.31979,1.32276,6493
1726574400,1.32272,1.32287,1.3198699999999999,1.321,9039
1726588800,1.32101,1.32123,1.31516,1.31573,13362
1726603200,1.31573,1.31684,1.31456,1.31569,5985
1726617600,1.31536,1.31708,1.31479,1.31683,1752
1726632000,1.31685,1.31718,1.31574,1.31583,2339
1726646400,1.31583,1.32114,1.31558,1.3205200000000001,6420
1726660800,1.32051,1.32266,1.32042,1.32177,6155
1726675200,1.32178,1.32535,1.31947,1.32097,10677
1726689600,1.32098,1.32965,1.31748,1.3211300000000001,26126
1726704000,1.3209,1.3216700000000001,1.31676,1.31704,4441
1726718400,1.31703,1.32129,1.31529,1.32084,6985
1726732800,1.32085,1.32645,1.32081,1.3262,10910
1726747200,1.32623,1.33132,1.32395,1.32395,14635
1726761600,1.32395,1.32888,1.3219400000000001,1.3281,14518
1726776000,1.32808,1.32889,1.3273,1.3284099999999999,4995
1726790400,1.32827,1.3284,1.32712,1.3277,1848
1726804800,1.32772,1.33012,1.3274,1.32922,3868
1726819200,1.32923,1.3339699999999999,1.32865,1.33,11093
1726833600,1.33002,1.33225,1.32802,1.33201,7748
1726848000,1.33202,1.3331,1.32678,1.33259,16624
1726862400,1.33258,1.3326799999999999,1.3306200000000001,1.33209,10321
1727049600,1.33025,1.33217,1.33016,1.33106,2541
1727064000,1.33104,1.33191,1.33064,1.33157,3046
1727078400,1.33156,1.33196,1.32477,1.3271,10592
1727092800,1.32709,1.33287,1.32707,1.3327200000000001,8888
1727107200,1.3327,1.33585,1.33121,1.3342800000000001,14902
1727121600,1.33429,1.33533,1.33366,1.3348,5639
1727136000,1.3345799999999999,1.33536,1.33371,1.33437,2168
1727150400,1.33438,1.33575,1.3339699999999999,1.33574,3927
1727164800,1.33576,1.33807,1.33312,1.33766,10427
1727179200,1.3376700000000001,1.3389199999999999,1.33582,1.3386,8056
1727193600,1.33861,1.33985,1.3367200000000001,1.339,13476
1727208000,1.339,1.34149,1.33874,1.3414,6613
1727222400,1.3413,1.34291,1.3409499999999999,1.34229,2418
1727236800,1.3423,1.34243,1.34103,1.34172,4886
1727251200,1.34172,1.3418,1.33751,1.33788,9395
1727265600,1.3378700000000001,1.33954,1.3363399999999999,1.33952,9606
1727280000,1.33952,1.34118,1.33271,1.33321,15875
1727294400,1.3332,1.33321,1.33117,1.33198,8366
1727308800,1.3317700000000001,1.3328,1.3311899999999999,1.3327,2262
1727323200,1.33274,1.3342100000000001,1.3320400000000001,1.33391,3425
1727337600,1.3338999999999999,1.3357299999999999,1.33338,1.33505,9863
1727352000,1.33506,1.3388499999999999,1.3348499999999999,1.33716,12358
1727366400,1.33717,1.34335,1.33503,1.3409200000000001,20808
1727380800,1.34091,1.34249,1.34081,1.3412600000000001,8555
1727395200,1.34107,1.3415599999999999,1.3397000000000001,1.33979,2593
1727409600,1.33979,1.34009,1.3379400000000001,1.33849,4895
1727424000,1.3384800000000001,1.33959,1.33593,1.33734,14127
1727438400,1.33735,1.3425799999999999,1.337,1.3424,10876
1727452800,1.3424,1.3427,1.33795,1.3382800000000001,17000
1727467200,1.33829,1.33879,1.33696,1.33714,7806
1727654400,1.33667,1.33841,1.33667,1.33818,3394
1727668800,1.33819,1.3388900000000001,1.33731,1.33877,5245
1727683200,1.33878,1.3422399999999999,1.33739,1.34173,10550
1727697600,1.34174,1.34174,1.33809,1.3385799999999999,9189
1727712000,1.33859,1.34162,1.33595,1.34013,17270
1727726400,1.3401399999999999,1.3407200000000001,1.3349199999999999,1.3374,12356
1727740800,1.33713,1.33816,1.33663,1.33745,3241
1727755200,1.33745,1.33891,1.33678,1.33798,5632
1727769600,1.33799,1.33844,1.33256,1.33315,13166
1727784000,1.33313,1.33382,1.33105,1.33178,12297
1727798400,1.3317700000000001,1.3327,1.32453,1.32541,23958
1727812800,1.32542,1.32896,1.32367,1.32836,13301
1727827200,1.32828,1.32862,1.32713,1.32763,2348
1727841600,1.32765,1.32954,1.32672,1.3268900000000001,5516
1727856000,1.32688,1.33049,1.32599,1.3296299999999999,12191
1727870400,1.32962,1.3296999999999999,1.32727,1.32729,11013
1727884800,1.32738,1.32829,1.32453,1.32705,15332
1727899200,1.32707,1.3274599999999999,1.32579,1.32675,5732
1727913600,1.32643,1.3269,1.32528,1.32614,3244
1727928000,1.32612,1.3262399999999999,1.32427,1.32436,5190
1727942400,1.32437,1.32455,1.31048,1.31158,17042
1727956800,1.31156,1.31276,1.30923,1.31131,14510
1727971200,1.31128,1.31307,1.30915,1.31247,21197
1727985600,1.3124799999999999,1.31312,1.31121,1.3121800000000001,6604
1728000000,1.31203,1.31334,1.31152,1.31303,2324
1728014400,1.31304,1.3135,1.31228,1.3127,5645
1728028800,1.31272,1.31669,1.31264,1.31559,10847
1728043200,1.31559,1.31742,1.30748,1.30782,13086
1728057600,1.3078400000000001,1.31188,1.30691,1.31147,20734
1728072000,1.31146,1.31287,1.31139,1.312,6795
1728259200,1.31029,1.31274,1.3094999999999999,1.3121800000000001,4496
1728273600,1.31219,1.31339,1.31164,1.31164,6130
1728288000,1.31163,1.3122099999999999,1.3085200000000001,1.30881,12262
1728302400,1.3088,1.30892,1.30585,1.30783,12140
1728316800,1.30783,1.30934,1.30678,1.30892,15521
1728331200,1.30891,1.3096,1.30685,1.30813,5982
1728345600,1.30797,1.30997,1.30768,1.30997,2771
1728360000,1.30996,1.31029,1.30841,1.30896,6951
1728374400,1.30895,1.31033,1.3063799999999999,1.30992,11830
1728388800,1.30992,1.31128,1.30895,1.3100399999999999,9957
1728403200,1.31003,1.31114,1.30807,1.30877,12855
1728417600,1.30876,1.31041,1.3075700000000001,1.31039,6538
1728432000,1.3102,1.31041,1.30885,1.30995,1951
1728446400,1.30995,1.31015,1.30806,1.30834,6954
1728460800,1.30835,1.31012,1.3054999999999999,1.30768,13559
1728475200,1.30772,1.3094999999999999,1.30756,1.3082099999999999,9442
1728489600,1.30822,1.30884,1.3065,1.30678,12126
1728504000,1.30679,1.30754,1.30593,1.3072300000000001,6430
1728518400,1.3070599999999999,1.30735,1.30615,1.30687,2729
1728532800,1.30683,1.30774,1.30667,1.30717,4869
1728547200,1.30716,1.30884,1.3067199999999999,1.30734,8375
1728561600,1.30735,1.30933,1.30171,1.30754,12312
1728576000,1.30755,1.3084500000000001,1.30243,1.30345,18789
1728590400,1.30346,1.30636,1.30214,1.3058,6299
1728604800,1.30541,1.30634,1.30436,1.30634,2021
1728619200,1.30634,1.3066,1.3048,1.30488,2721
1728633600,1.30487,1.30807,1.30413,1.3073000000000001,7339
1728648000,1.30731,1.3081,1.30512,1.3064200000000001,9114
1728662400,1.30643,1.30824,1.3056,1.30721,11418
1728676800,1.3072,1.30775,1.30624,1.30649,3495
1728864000,1.30606,1.3066,1.30401,1.30506,2569
1728878400,1.30504,1.3062,1.30417,1.30586,5659
1728892800,1.30586,1.30713,1.30557,1.30661,8514
1728907200,1.30658,1.3067,1.30305,1.30337,8042
1728921600,1.30335,1.30598,1.30297,1.30511,10413
1728936000,1.30511,1.30609,1.3041,1.3058100000000001,4666
1728950400,1.30567,1.3067199999999999,1.30519,1.30655,2152
1728964800,1.30653,1.30681,1.3047,1.30492,4169
1728979200,1.30492,1.30859,1.30349,1.30759,10321
1728993600,1.3075999999999999,1.3096,1.3068,1.30877,9299
1729008000,1.30881,1.31022,1.30682,1.30691,14544
1729022400,1.3069,1.30732,1.3060100000000001,1.30714,5313
1729036800,1.3070599999999999,1.30759,1.30595,1.30641,2412
1729051200,1.30643,1.30768,1.3063,1.30738,3576
1729065600,1.30734,1.30759,1.29816,1.30033,14137
1729080000,1.30034,1.30371,1.30005,1.30148,9267
1729094400,1.30149,1.3030599999999999,1.29944,1.30035,9714
1729108800,1.30036,1.30048,1.29765,1.29889,4619
1729123200,1.29865,1.29963,1.29812,1.29871,2857
1729137600,1.2987,1.30008,1.29802,1.2983,5377
1729152000,1.29832,1.29955,1.29734,1.29772,8048
1729166400,1.29773,1.30227,1.29755,1.30081,10882
1729180800,1.30081,1.30182,1.2979,1.30097,16709
1729195200,1.30098,1.30146,1.30041,1.30104,4796
1729209600,1.3008600000000001,1.3019,1.30031,1.30133,2047
1729224000,1.30134,1.30259,1.30132,1.30212,5038
1729238400,1.30214,1.30702,1.30196,1.30405,9296
1729252800,1.30407,1.30542,1.30336,1.3048199999999999,7823
1729267200,1.30484,1.30664,1.30195,1.30436,10417
1729281600,1.30436,1.30496,1.30376,1.3048,5034
1729468800,1.30451,1.30557,1.30263,1.3042500000000001,3234
1729483200,1.30424,1.30525,1.30379,1.30398,4758
1729497600,1.30399,1.30441,1.30115,1.30258,7459
1729512000,1.30259,1.30329,1.30128,1.30287,7712
1729526400,1.30286,1.3031,1.29779,1.29863,10818
1729540800,1.29864,1.29907,1.29762,1.29834,5057
1729555200,1.29824,1.29871,1.29783,1.29801,2009
1729569600,1.29803,1.29993,1.29799,1.2999,5090
1729584000,1.2999100000000001,1.30145,1.29858,1.29886,7777
1729598400,1.29885,1.29915,1.29554,1.29556,8198
1729612800,1.29555,1.29824,1.2944,1.2974,11432
1729627200,1.2974,1.29849,1.29725,1.29849,4653
1729641600,1.29791,1.29863,1.29673,1.29763,2441
1729656000,1.29764,1.29912,1.29708,1.29881,6958
1729670400,1.29882,1.29943,1.29611,1.29839,8067
1729684800,1.2983799999999999,1.29865,1.2944499999999999,1.29522,8409
1729699200,1.29523,1.29613,1.29222,1.29279,10942
1729713600,1.29278,1.29329,1.29068,1.2922,6580
1729728000,1.29205,1.29261,1.29078,1.29253,3070
1729742400,1.29251,1.2929599999999999,1.2917399999999999,1.29294,3529
1729756800,1.29295,1.2972000000000001,1.2925200000000001,1.29605,9859
1729771200,1.29604,1.29818,1.29544,1.29739,9292
1729785600,1.29738,1.2986900000000001,1.2947600000000001,1.2959,13225
1729800000,1.29589,1.2977,1.29584,1.29724,5874
1729814400,1.2971599999999999,1.2974999999999999,1.29649,1.29681,2176
1729828800,1.2968199999999999,1.29725,1.29593,1.29641,4178
1729843200,1.2964,1.29791,1.29555,1.29753,7726
1729857600,1.29752,1.29962,1.29737,1.29919,6402
1729872000,1.29918,1.29979,1.29714,1.29759,10163
1729886400,1.2976,1.29768,1.29576,1.2959,7535
1730073600,1.29619,1.2964,1.29497,1.29541,4007
1730088000,1.29541,1.29581,1.29385,1.29478,4167
1730102400,1.29478,1.2978,1.2946,1.2972299999999999,8180
1730116800,1.29722,1.2996699999999999,1.29653,1.29865,8322
1730131200,1.29865,1.3001,1.29728,1.29743,9429
1730145600,1.29742,1.2978100000000001,1.2966,1.29665,4571
1730160000,1.29666,1.2976,1.2964,1.29728,3821
1730174400,1.29729,1.2974,1.29576,1.2963,5137
1730188800,1.29631,1.29893,1.29618,1.29791,8416
1730203200,1.29792,1.29922,1.29665,1.29771,10755
1730217600,1.29764,1.30111,1.29759,1.29979,15066
1730232000,1.2998,1.30159,1.29921,1.30094,5546
1730246400,1.30085,1.30194,1.30068,1.30101,3560
1730260800,1.30099,1.30105,1.29953,1.3,3738
1730275200,1.3,1.30264,1.29921,1.3000099999999999,10681
1730289600,1.30002,1.30016,1.29364,1.29953,14193
1730304000,1.29954,1.30429,1.29731,1.29776,17291
1730318400,1.29776,1.29862,1.29596,1.29638,6148
1730332800,1.29629,1.29629,1.29436,1.29443,2819
1730347200,1.2944200000000001,1.2956400000000001,1.29424,1.29554,3906
1730361600,1.29554,1.29987,1.29527,1.29817,9007
1730376000,1.29816,1.2999100000000001,1.29233,1.2934999999999999,14261
1730390400,1.29351,1.29351,1.2843200000000001,1.28595,21317
1730404800,1.28595,1.28997,1.2858,1.28933,6741
1730419200,1.28902,1.29019,1.28882,1.28958,2979
1730433600,1.28959,1.29017,1.2884,1.28884,4950
1730448000,1.28884,1.2917399999999999,1.28874,1.29093,7285
1730462400,1.29092,1.29795,1.29044,1.29668,13703
1730476800,1.29679,1.29768,1.29264,1.2927,14292
1730491200,1.29271,1.2934,1.2913299999999999,1.29156,7518
1730678400,1.29672,1.29787,1.29488,1.29744,3968
1730692800,1.29744,1.29981,1.29712,1.29921,4462
1730707200,1.29923,1.29956,1.29449,1.29709,9514
1730721600,1.2971,1.29822,1.2951,1.29691,8907
1730736000,1.29694,1.29927,1.29338,1.29558,14267
1730750400,1.29558,1.29609,1.29413,1.29557,6106
1730764800,1.29544,1.29575,1.29475,1.29549,2382
1730779200,1.29548,1.2963,1.29524,1.29595,3760
1730793600,1.29595,1.29841,1.29571,1.29818,6069
1730808000,1.29818,1.2993999999999999,1.2978399999999999,1.29824,6894
1730822400,1.29823,1.30341,1.29807,1.30329,13480
1730836800,1.3033000000000001,1.3041,1.30154,1.30408,6029
1730851200,1.30366,1.30467,1.29485,1.2966199999999999,14854
1730865600,1.29661,1.29691,1.28626,1.28878,27717
1730880000,1.28877,1.29231,1.28451,1.29005,24915
1730894400,1.29002,1.2909,1.28406,1.2864,21157
1730908800,1.28638,1.2908,1.28335,1.28891,22795
1730923200,1.28891,1.29188,1.28788,1.28793,9661
1730937600,1.2877,1.28911,1.28707,1.28884,3937
1730952000,1.2888600000000001,1.29338,1.28882,1.29301,4438
1730966400,1.2929599999999999,1.29468,1.29068,1.2906900000000001,12501
1730980800,1.29068,1.29743,1.28941,1.2971599999999999,16671
1730995200,1.29717,1.30087,1.29638,1.2989,15735
1731009600,1.2989,1.29905,1.29478,1.29848,14469
1731024000,1.29847,1.29879,1.2964,1.29726,3399
1731038400,1.29725,1.29757,1.29612,1.29692,4978
1731052800,1.2969300000000001,1.29736,1.29348,1.29596,13107
1731067200,1.29597,1.29759,1.29272,1.29409,10998
1731081600,1.2941,1.2947899999999999,1.28831,1.28964,16712
1731096000,1.28964,1.29249,1.28956,1.29187,7088
1731283200,1.28883,1.29253,1.28873,1.29176,4242
1731297600,1.29176,1.29227,1.29005,1.29146,3986
1731312000,1.29147,1.29217,1.28823,1.28998,9296
1731326400,1.28992,1.29062,1.28553,1.28659,10005
1731340800,1.28659,1.2877399999999999,1.28574,1.28636,10186
1731355200,1.28635,1.28687,1.28567,1.28683,4000
1731369600,1.2867,1.28725,1.28572,1.28607,3677
1731384000,1.28606,1.28606,1.2828300000000001,1.28326,6411
1731398400,1.28326,1.28326,1.27919,1.28231,13536
1731412800,1.2823,1.28307,1.28043,1.2809300000000001,12167
1731427200,1.28092,1.28103,1.27188,1.27325,17960
1731441600,1.27325,1.27503,1.27315,1.27469,7903
1731456000,1.27467,1.27523,1.2730299999999999,1.27494,4329
1731470400,1.27495,1.2753999999999999,1.27371,1.27427,3990
1731484800,1.27426,1.27551,1.2729300000000001,1.27508,8878
1731499200,1.27503,1.27673,1.27337,1.2753700000000001,12701
1731513600,1.27538,1.2756,1.2686,1.27096,24172
1731528000,1.27096,1.27194,1.26993,1.2708599999999999,7708
1731542400,1.27061,1.271,1.26913,1.26935,3722
1731556800,1.26935,1.26936,1.26722,1.2687300000000001,4508
1731571200,1.2687,1.26948,1.26549,1.26563,9921
1731585600,1.2656399999999999,1.26791,1.26288,1.26566,16049
1731600000,1.26563,1.27196,1.26551,1.27029,19255
1731614400,1.27028,1.27043,1.26467,1.26662,11308
1731628800,1.26647,1.26714,1.2655699999999999,1.26645,4740
1731643200,1.26646,1.26818,1.26646,1.26745,5538
1731657600,1.26745,1.26898,1.26484,1.26516,10834
1731672000,1.26518,1.26965,1.26403,1.26495,13204
1731686400,1.26495,1.26538,1.26139,1.26265,20518
1731700800,1.26266,1.2631299999999999,1.25966,1.26147,9064
1731888000,1.26145,1.26418,1.26023,1.26348,6266
1731902400,1.26349,1.26396,1.26196,1.26292,4761
1731916800,1.26292,1.264,1.26126,1.26292,10447
1731931200,1.26291,1.26316,1.26131,1.26245,10102
1731945600,1.26244,1.26679,1.26184,1.26651,13014
1731960000,1.2665199999999999,1.2686,1.2664,1.26776,7308
1731974400,1.26706,1.2679,1.2665199999999999,1.26765,3619
1731988800,1.26766,1.2689,1.26669,1.26687,3931
1732003200,1.26687,1.26791,1.26126,1.26268,14252
1732017600,1.26267,1.26528,1.26246,1.26353,13316
1732032000,1.2635100000000001,1.26816,1.26272,1.26707,16767
1732046400,1.26707,1.26846,1.2661,1.26814,6709
1732060800,1.26798,1.26945,1.2675100000000001,1.26887,3682
1732075200,1.26888,1.26929,1.26792,1.26834,3783
1732089600,1.26834,1.27139,1.2663,1.26687,11836
1732104000,1.26689,1.2674699999999999,1.26485,1.26734,11116
1732118400,1.26735,1.26743,1.26304,1.2653699999999999,15457
1732132800,1.26536,1.26543,1.26411,1.26521,5903
1732147200,1.26508,1.26586,1.26465,1.26544,3048
1732161600,1.26545,1.26594,1.26488,1.26495,3218
1732176000,1.2649599999999999,1.2657,1.2622499999999999,1.26318,13192
1732190400,1.26319,1.26572,1.26251,1.2646899999999999,12280
1732204800,1.2646899999999999,1.26523,1.25758,1.25995,20117
1732219200,1.25996,1.2604899999999999,1.2586,1.25864,6261
1732233600,1.2586300000000001,1.25935,1.25827,1.25876,3776
1732248000,1.25877,1.25934,1.25657,1.25682,6351
1732262400,1.25682,1.25813,1.24911,1.25113,18777
1732276800,1.25113,1.2539500000000001,1.24865,1.25198,16057
1732291200,1.25198,1.25372,1.25068,1.25295,17170
1732305600,1.25294,1.25346,1.25214,1.25305,7212
1732492800,1.25882,1.26044,1.2574,1.25936,5548
1732507200,1.25936,1.26062,1.2588,1.25938,5417
1732521600,1.25937,1.2604600000000001,1.2548,1.2573400000000001,13178
1732536000,1.25735,1.2612700000000001,1.2551,1.2610999999999999,13771
1732550400,1.26111,1.26128,1.25411,1.25537,18509
1732564800,1.25537,1.25778,1.25532,1.25643,6866
1732579200,1.25641,1.25716,1.25065,1.2526,11399
1732593600,1.25262,1.25619,1.2523900000000001,1.25477,7547
1732608000,1.25478,1.25779,1.25375,1.25713,14188
1732622400,1.2570999999999999,1.26155,1.25702,1.25816,15616
1732636800,1.25816,1.25877,1.25306,1.25366,19365
1732651200,1.25365,1.25682,1.25243,1.25681,9644
1732665600,1.2567599999999999,1.25794,1.25663,1.2574100000000001,7191
1732680000,1.25742,1.25751,1.25661,1.25674,4832
1732694400,1.2567300000000001,1.26156,1.25665,1.26034,14297
1732708800,1.26034,1.2662200000000001,1.25974,1.26619,14101
1732723200,1.2662,1.26936,1.26326,1.26741,20170
1732737600,1.2674,1.2682,1.26689,1.26791,7453
1732752000,1.26776,1.2681200000000001,1.26646,1.26721,4488
1732766400,1.26722,1.26748,1.26583,1.26637,4647
1732780800,1.26638,1.26677,1.26446,1.26504,11359
1732795200,1.26505,1.26731,1.2646899999999999,1.26633,9862
1732809600,1.26633,1.26894,1.26604,1.26871,7317
1732824000,1.26871,1.26906,1.26838,1.26871,995
1732838400,1.2677399999999999,1.27112,1.2677100000000001,1.27016,4701
1732852800,1.27016,1.27162,1.27009,1.2706,5340
1732867200,1.2706,1.27493,1.26889,1.26924,12655
1732881600,1.26923,1.2702499999999999,1.26767,1.26849,12735
1732896000,1.26849,1.2723900000000001,1.26715,1.2723900000000001,17861
1732910400,1.2723900000000001,1.27448,1.27231,1.27335,11495
1733097600,1.27217,1.27304,1.26857,1.26899,6820
1733112000,1.2690000000000001,1.26941,1.26799,1.26859,7167
1733126400,1.26859,1.27081,1.26785,1.27027,14424
1733140800,1.27028,1.2722,1.26618,1.2684199999999999,15717
1733155200,1.26843,1.26917,1.26166,1.26438,20158
1733169600,1.26437,1.26699,1.26402,1.26536,8524
1733184000,1.26516,1.26593,1.26423,1.26457,4240
1733198400,1.26456,1.26493,1.2638,1.2646899999999999,5187
1733212800,1.2646899999999999,1.26965,1.26424,1.26769,12303
1733227200,1.2677,1.26827,1.26429,1.26691,12132
1733241600,1.26693,1.26918,1.26362,1.26911,17765
1733256000,1.2691,1.2699099999999999,1.26651,1.26728,8036
1733270400,1.26721,1.26773,1.26596,1.26668,3873
1733284800,1.26669,1.26946,1.26513,1.2690299999999999,6216
1733299200,1.26902,1.27008,1.26291,1.26752,13653
1733313600,1.26755,1.26852,1.2659500000000001,1.26699,13276
1733328000,1.26698,1.2721,1.26621,1.27159,18586
1733342400,1.27159,1.27187,1.26864,1.26978,8215
1733356800,1.26974,1.27064,1.26919,1.26962,2847
1733371200,1.26956,1.27162,1.26939,1.27139,4002
1733385600,1.27138,1.27398,1.27119,1.27207,9137
1733400000,1.2720500000000001,1.27511,1.27135,1.27508,11839
1733414400,1.27509,1.27702,1.27329,1.27459,15403
1733428800,1.27458,1.27603,1.27315,1.27597,6498
1733443200,1.27576,1.27604,1.27393,1.27437,3335
1733457600,1.27438,1.27533,1.2741799999999999,1.27443,3581
1733472000,1.27442,1.27735,1.27406,1.27589,8535
1733486400,1.2759,1.28105,1.27492,1.27941,13187
1733500800,1.27941,1.27981,1.27207,1.2727,22748
1733515200,1.27268,1.27426,1.2723,1.2742,6036
1733702400,1.27318,1.27506,1.27315,1.27382,4245
1733716800,1.27382,1.27432,1.27164,1.27195,5370
1733731200,1.27196,1.2778100000000001,1.27196,1.2768,11797
1733745600,1.27681,1.27839,1.27509,1.2778100000000001,11522
1733760000,1.2778,1.27983,1.2763200000000001,1.27699,13064
1733774400,1.27699,1.27711,1.27428,1.27508,6663
1733788800,1.27491,1.27522,1.2738800000000001,1.27468,4288
1733803200,1.27469,1.27543,1.27349,1.27536,7204
1733817600,1.27536,1.27626,1.2736399999999999,1.27539,10178
1733832000,1.27538,1.27654,1.27427,1.27501,11096
1733846400,1.275,1.27622,1.27229,1.2745,14634
1733860800,1.27451,1.27771,1.2744,1.27704,6221
1733875200,1.27689,1.27789,1.27643,1.27774,3985
1733889600,1.27775,1.27812,1.27624,1.2765,4653
1733904000,1.27653,1.27711,1.2726600000000001,1.27292,12861
1733918400,1.27291,1.27811,1.2711999999999999,1.27699,14808
1733932800,1.27698,1.2775400000000001,1.27333,1.27428,18357
1733947200,1.27429,1.27567,1.27324,1.27491,7328
1733961600,1.27484,1.2771,1.27446,1.27677,4535
1733976000,1.27678,1.2770000000000001,1.27606,1.2763900000000001,4492
1733990400,1.2764,1.27874,1.27541,1.27586,10399
1734004800,1.27585,1.27637,1.27185,1.27285,14529
1734019200,1.2729,1.2736,1.26706,1.27023,21664
1734033600,1.2702499999999999,1.27034,1.2665899999999999,1.26705,8505
1734048000,1.26685,1.26784,1.26633,1.2665899999999999,4425
1734062400,1.26658,1.2669000000000001,1.26566,1.26634,4502
1734076800,1.26635,1.26647,1.26182,1.2639,11177
1734091200,1.26397,1.26675,1.26331,1.26644,10736
1734105600,1.26644,1.2665,1.26075,1.26206,14047
1734120000,1.26205,1.26278,1.26128,1.26212,6174
1734307200,1.2610299999999999,1.2635399999999999,1.26102,1.26348,5523
1734321600,1.26345,1.26389,1.2628,1.26358,7492
1734336000,1.2636,1.26709,1.26289,1.2652999999999999,12029
1734350400,1.26531,1.26638,1.26411,1.26633,8139
1734364800,1.26634,1.26978,1.2631999999999999,1.26819,14995
1734379200,1.26818,1.26981,1.2677100000000001,1.26851,5440
1734393600,1.2683200000000001,1.26976,1.26762,1.26892,3648
1734408000,1.2689,1.26971,1.26719,1.2674,4518
1734422400,1.2674,1.27062,1.26654,1.26865,10627
1734436800,1.2686600000000001,1.27077,1.26701,1.2701799999999999,11137
1734451200,1.27017,1.2728,1.26836,1.2719,14326
1734465600,1.2719,1.27275,1.27024,1.27118,6222
1734480000,1.27092,1.27128,1.27027,1.27102,3143
1734494400,1.27103,1.27115,1.26944,1.27017,3994
1734508800,1.27016,1.27251,1.26792,1.26871,9838
1734523200,1.26872,1.27218,1.26863,1.26906,11291
1734537600,1.26905,1.2709,1.2683200000000001,1.27045,12869
1734552000,1.27046,1.27179,1.25617,1.2570299999999999,23668
1734566400,1.25689,1.25897,1.25622,1.25892,7633
1734580800,1.25894,1.2596,1.25811,1.25848,6690
1734595200,1.25849,1.26662,1.25826,1.26605,15629
1734609600,1.26604,1.26604,1.25824,1.25915,15320
1734624000,1.25912,1.26021,1.25072,1.25096,20200
1734638400,1.25096,1.25308,1.24942,1.24997,9267
1734652800,1.2498,1.25058,1.2486,1.24893,4469
1734667200,1.24893,1.24902,1.24739,1.24863,5634
1734681600,1.24863,1.25168,1.2476099999999999,1.25026,14310
1734696000,1.25026,1.25589,1.24949,1.25538,12652
1734710400,1.25538,1.2613400000000001,1.2537099999999999,1.26027,18679
1734724800,1.26026,1.26079,1.25635,1.2567,7058
1734912000,1.25583,1.25826,1.25534,1.25805,4246
1734926400,1.25806,1.25873,1.2575,1.25773,3695
1734940800,1.25773,1.25826,1.25552,1.25686,7822
1734955200,1.25687,1.25715,1.25118,1.25247,8398
1734969600,1.25248,1.25379,1.25094,1.25202,11222
1734984000,1.25202,1.25384,1.25202,1.25348,6528
1734998400,1.2534100000000001,1.25375,1.25241,1.25312,2576
1735012800,1.25312,1.25412,1.25271,1.25373,3391
1735027200,1.25374,1.25444,1.25277,1.2533400000000001,5039
1735041600,1.25333,1.25674,1.25263,1.2565,7207
1735056000,1.25651,1.2574100000000001,1.25217,1.25227,9002
1735200000,1.25297,1.25325,1.25232,1.2530000000000001,2510
1735214400,1.25301,1.25342,1.25139,1.25231,5060
1735228800,1.2523,1.2524199999999999,1.25003,1.25149,9192
1735243200,1.25149,1.25358,1.25149,1.25253,6344
1735257600,1.25228,1.25305,1.25152,1.25225,2959
1735272000,1.25224,1.25282,1.2518,1.25199,3666
1735286400,1.252,1.2534,1.25046,1.25082,5786
1735300800,1.25082,1.2573699999999999,1.25082,1.25736,8394
1735315200,1.2573699999999999,1.2591700000000001,1.25533,1.25596,15297
1735329600,1.25595,1.2582900000000001,1.25594,1.25746,8268
1735516800,1.25723,1.25866,1.25586,1.258,2150
1735531200,1.258,1.25845,1.25746,1.25811,2677
1735545600,1.25812,1.25885,1.2561,1.25767,6673
1735560000,1.25766,1.26065,1.25525,1.25542,8737
1735574400,1.25538,1.25675,1.2505899999999999,1.25439,16827
1735588800,1.2544,1.25583,1.25406,1.25496,6283
1735603200,1.25467,1.25591,1.25258,1.25576,2527
1735617600,1.25576,1.25594,1.25441,1.25502,2573
1735632000,1.255,1.25687,1.2541,1.25539,7283
1735646400,1.25538,1.25539,1.25196,1.25286,10100
1735660800,1.25287,1.25536,1.25047,1.25186,16485
1735804800,1.25211,1.25235,1.24797,1.24818,6087
1735819200,1.24818,1.24916,1.23972,1.24037,14946
1735833600,1.24038,1.2410700000000001,1.23519,1.23714,19878
1735848000,1.23715,1.23846,1.23634,1.23794,7639
1735862400,1.23777,1.23895,1.23709,1.23847,2768
1735876800,1.23846,1.23969,1.23837,1.23949,3021
1735891200,1.23949,1.2416,1.2387,1.24054,8987
1735905600,1.2405599999999999,1.24162,1.23853,1.2401,8704
1735920000,1.2401,1.24287,1.23876,1.2417799999999999,13726
1735934400,1.2417799999999999,1.24335,1.24148,1.24213,5571
1736121600,1.24204,1.24382,1.24091,1.24346,4604
1736136000,1.24345,1.24435,1.24312,1.24357,3908
1736150400,1.24357,1.24908,1.2435100000000001,1.2475,10310
1736164800,1.2475100000000001,1.25503,1.24548,1.25338,20426
1736179200,1.25338,1.25367,1.24679,1.25176,20183
1736193600,1.25177,1.25229,1.2502,1.2518799999999999,4982
1736208000,1.25169,1.25228,1.2503,1.25187,3853
1736222400,1.25186,1.2542,1.2516,1.25373,3929
1736236800,1.25372,1.25751,1.25312,1.25629,10884
1736251200,1.25628,1.25683,1.25234,1.25418,11709
1736265600,1.25419,1.25434,1.24796,1.24997,21656
1736280000,1.24994,1.25031,1.24766,1.24775,6685
1736294400,1.24767,1.24847,1.24719,1.24843,3424
1736308800,1.24844,1.24885,1.24777,1.24877,3888
1736323200,1.24876,1.24933,1.24398,1.24497,11311
1736337600,1.24497,1.24513,1.23201,1.2355800000000001,21061
1736352000,1.23559,1.2368000000000001,1.23236,1.23454,15714
1736366400,1.23453,1.23764,1.23447,1.23617,6665
1736380800,1.23606,1.23662,1.23469,1.23588,3327
1736395200,1.23587,1.23645,1.23283,1.23314,4922
1736409600,1.23312,1.23315,1.22375,1.22814,17755
1736424000,1.22814,1.23228,1.225,1.23,15179
1736438400,1.22999,1.23165,1.22866,1.23007,11138
1736452800,1.23006,1.23146,1.22961,1.23081,2857
1736467200,1.23068,1.23092,1.22932,1.23027,3373
1736481600,1.23027,1.23068,1.22736,1.22754,4157
1736496000,1.22753,1.23074,1.22659,1.23017,9892
1736510400,1.23018,1.23212,1.2190699999999999,1.2231,15076
1736524800,1.22309,1.22621,1.21942,1.22214,28572
1736539200,1.22215,1.22225,1.22016,1.22067,9945
1736726400,1.21971,1.2209,1.21883,1.21906,5031
1736740800,1.2190699999999999,1.21924,1.21255,1.21462,6332
1736755200,1.21462,1.21707,1.21011,1.21058,16300
1736769600,1.21057,1.21527,1.20993,1.21413,16806
1736784000,1.21412,1.21742,1.21313,1.21734,19280
1736798400,1.21734,1.21999,1.21629,1.21998,7794
1736812800,1.21991,1.22491,1.21969,1.2211,8098
1736827200,1.22109,1.2217,1.21914,1.2202,6837
1736841600,1.22019,1.2245300000000001,1.21756,1.21779,16196
1736856000,1.21777,1.21927,1.21374,1.21527,14841
1736870400,1.21527,1.22122,1.21402,1.21849,21464
1736884800,1.2184599999999999,1.22132,1.2183,1.22131,6945
1736899200,1.2212,1.22121,1.21987,1.21993,3544
1736913600,1.2199200000000001,1.22073,1.21918,1.21991,4745
1736928000,1.2199,1.22406,1.21571,1.2218,13779
1736942400,1.22177,1.23055,1.2201,1.22974,12426
1736956800,1.22977,1.23051,1.21928,1.22143,20722
1736971200,1.22142,1.22445,1.22126,1.22409,5222
1736985600,1.22391,1.22474,1.22264,1.22282,5284
1737000000,1.22286,1.2233,1.22061,1.22083,5191
1737014400,1.22082,1.22258,1.21886,1.2197,11980
1737028800,1.21969,1.22122,1.21737,1.21966,12855
1737043200,1.21966,1.22598,1.2176,1.22362,22836
1737057600,1.22361,1.2246,1.22268,1.22377,7554
1737072000,1.22362,1.22393,1.2229,1.22321,2644
1737086400,1.22321,1.22437,1.22118,1.22168,3649
1737100800,1.22166,1.22172,1.21603,1.21955,12086
1737115200,1.21954,1.22163,1.21752,1.21814,11420
1737129600,1.21813,1.22276,1.21603,1.21729,19371
1737144000,1.21728,1.21858,1.2164,1.21669,7035
1737331200,1.2167,1.2194,1.21598,1.21915,4002
1737345600,1.21914,1.22147,1.21851,1.2209699999999999,3778
1737360000,1.22096,1.22213,1.2165,1.21775,10755
1737374400,1.21777,1.22982,1.21777,1.22982,13288
1737388800,1.22979,1.23257,1.2254800000000001,1.22816,19461
1737403200,1.22815,1.23438,1.22782,1.23222,5784
1737417600,1.23209,1.23437,1.22469,1.22747,13717
1737432000,1.22746,1.23111,1.2272,1.22756,8099
1737446400,1.22755,1.22856,1.22344,1.22475,12273
1737460800,1.22474,1.22807,1.22288,1.22781,14152
1737475200,1.2279,1.23348,1.22691,1.23255,19439
1737489600,1.23254,1.23593,1.2322899999999999,1.23535,6359
1737504000,1.23509,1.2353,1.23216,1.23321,6226
1737518400,1.23321,1.23472,1.23282,1.23432,3586
1737532800,1.23431,1.2364600000000001,1.23111,1.23635,13258
1737547200,1.23634,1.23755,1.23355,1.23452,12344
1737561600,1.23448,1.23477,1.23069,1.23212,16088
1737576000,1.23211,1.23305,1.23131,1.23152,5671
1737590400,1.2315,1.2322899999999999,1.23065,1.231,3336
1737604800,1.231,1.23206,1.23015,1.23112,3919
1737619200,1.23111,1.23205,1.22929,1.23166,9799
1737633600,1.23165,1.23304,1.22996,1.23227,11754
1737648000,1.23226,1.2375,1.22981,1.23719,20744
1737662400,1.2371699999999999,1.23721,1.23465,1.23512,8110
1737676800,1.23508,1.23573,1.23471,1.23546,2556
1737691200,1.23543,1.24036,1.23541,1.23992,8663
1737705600,1.23991,1.2447,1.23761,1.24273,16065
1737720000,1.24271,1.24356,1.24,1.24139,10320
1737734400,1.24139,1.25014,1.2409,1.24874,16278
1737748800,1.2487300000000001,1.24949,1.24773,1.24838,6877
1737936000,1.24669,1.2472,1.2447300000000001,1.24486,5584
1737950400,1.24485,1.24628,1.24417,1.24465,7158
1737964800,1.24464,1.24861,1.24255,1.24857,14926
1737979200,1.24856,1.25228,1.24851,1.25023,14964
1737993600,1.25022,1.25112,1.24669,1.24743,17215
1738008000,1.24742,1.24997,1.24692,1.24989,8446
1738022400,1.24982,1.24982,1.2436,1.245,9201
1738036800,1.24498,1.2454399999999999,1.2434,1.24444,7106
1738051200,1.24443,1.24552,1.24256,1.24477,11902
1738065600,1.24475,1.24514,1.2414,1.24233,10408
1738080000,1.24233,1.24465,1.24213,1.24282,14177
1738094400,1.2428,1.24449,1.24219,1.24395,7353
1738108800,1.24391,1.24465,1.24343,1.24355,3422
1738123200,1.24354,1.24546,1.2434,1.2453400000000001,4596
1738137600,1.24533,1.24627,1.24155,1.24203,11394
1738152000,1.2420200000000001,1.24279,1.23927,1.23973,12496
1738166400,1.23972,1.24488,1.2396099999999999,1.24418,17812
1738180800,1.24418,1.24575,1.24118,1.24498,17831
1738195200,1.2449,1.2459,1.2435,1.2449,3724
1738209600,1.24489,1.24549,1.24415,1.24478,4153
1738224000,1.24477,1.24618,1.24313,1.24426,9475
1738238400,1.24424,1.24708,1.2423899999999999,1.24671,12995
1738252800,1.2466599999999999,1.24764,1.2435100000000001,1.24442,18143
1738267200,1.24442,1.24636,1.24071,1.24175,9892
1738281600,1.24159,1.24299,1.24063,1.24183,4384
1738296000,1.24186,1.24269,1.24134,1.242,3883
1738310400,1.242,1.24389,1.24004,1.24207,10070
1738324800,1.24206,1.24312,1.24055,1.2413,10472
1738339200,1.24135,1.2471,1.23872,1.2453400000000001,20006
1738353600,1.24533,1.24609,1.23857,1.23907,19653
1738540800,1.23055,1.23225,1.22638,1.22873,16658
1738555200,1.22874,1.22874,1.22487,1.22766,13100
1738569600,1.22764,1.23225,1.22726,1.2292399999999999,17237
1738584000,1.22922,1.23743,1.22916,1.23644,16310
1738598400,1.23642,1.24357,1.23353,1.23935,33653
1738612800,1.2393399999999999,1.2454,1.23814,1.24439,14355
1738627200,1.24405,1.24515,1.24088,1.24208,4602
1738641600,1.24207,1.2426599999999999,1.23781,1.23973,7919
1738656000,1.23972,1.24364,1.23929,1.24247,13648
1738670400,1.24244,1.24339,1.23953,1.24281,11816
1738684800,1.2428,1.24929,1.2428,1.2482199999999999,19527
1738699200,1.24821,1.24899,1.24744,1.24819,6467
1738713600,1.24802,1.24888,1.24699,1.2469999999999999,3622
1738728000,1.24699,1.24818,1.2462900000000001,1.24673,3764
1738742400,1.24671,1.25285,1.24655,1.25174,11801
1738756800,1.25173,1.25494,1.25114,1.25144,12116
1738771200,1.25146,1.2537,1.25013,1.25085,16204
1738785600,1.25084,1.25135,1.24974,1.25015,5479
1738800000,1.25014,1.25089,1.24975,1.25072,2692
1738814400,1.25069,1.25083,1.24826,1.24831,3213
1738828800,1.2483,1.24904,1.24171,1.2425,8526
1738843200,1.24249,1.24307,1.23597,1.23833,16642
1738857600,1.23828,1.24447,1.2381,1.24413,14650
1738872000,1.2441200000000001,1.2455,1.24326,1.24364,6277
1738886400,1.2435100000000001,1.24417,1.24221,1.24304,2760
1738900800,1.24305,1.24391,1.24192,1.24211,3200
1738915200,1.2421,1.2468,1.24189,1.24589,7065
1738929600,1.24589,1.24917,1.24196,1.24299,11383
1738944000,1.24298,1.2466,1.23757,1.24021,28179
1738958400,1.24021,1.24222,1.23978,1.2399,9132
1739145600,1.23695,1.23998,1.23694,1.23825,5761
1739160000,1.23825,1.24081,1.23796,1.24004,4445
1739174400,1.24002,1.242,1.23907,1.2408,8896
1739188800,1.2408,1.24215,1.23788,1.23902,8615
1739203200,1.23903,1.23937,1.23709,1.23799,10324
1739217600,1.23798,1.23807,1.23625,1.23653,4288
1739232000,1.23647,1.23691,1.23532,1.23592,3486
1739246400,1.23591,1.23624,1.23446,1.23612,3729
1739260800,1.23611,1.23774,1.2332,1.23649,8117
1739275200,1.2365,1.23983,1.23555,1.23975,8384
1739289600,1.23976,1.24257,1.23965,1.2423,10213
1739304000,1.2422900000000001,1.24542,1.24203,1.24461,6213
1739318400,1.24428,1.24529,1.24273,1.245,3583
1739332800,1.24499,1.24581,1.244,1.24447,4483
1739347200,1.24445,1.24648,1.24346,1.24461,8264
1739361600,1.24459,1.24614,1.23759,1.23885,12416
1739376000,1.23883,1.24831,1.23777,1.24772,23238
1739390400,1.2477,1.24824,1.24347,1.24405,8937
1739404800,1.24391,1.24574,1.24363,1.24561,3962
1739419200,1.2456,1.24954,1.2451699999999999,1.24906,5855
1739433600,1.24906,1.25166,1.24716,1.2490700000000001,11479
1739448000,1.24906,1.25048,1.24523,1.24707,12966
1739462400,1.24704,1.25426,1.24606,1.25213,17193
1739476800,1.25214,1.25677,1.24766,1.25675,12920
1739491200,1.25626,1.25717,1.25446,1.25634,4847
1739505600,1.25634,1.25652,1.25492,1.25534,3926
1739520000,1.25533,1.25955,1.25515,1.25872,10637
1739534400,1.25871,1.26087,1.25717,1.26023,11150
1739548800,1.26024,1.26295,1.26003,1.26088,13064
1739563200,1.26087,1.26099,1.25831,1.25844,5484
1739750400,1.2582499999999999,1.25998,1.2577,1.2598799999999999,4399
1739764800,1.25987,1.2598799999999999,1.25827,1.2588,5921
1739779200,1.25879,1.2603900000000001,1.25831,1.2591,8527
1739793600,1.25909,1.26072,1.25874,1.25928,7345
1739808000,1.25928,1.2626,1.25848,1.2622,6051
1739822400,1.26219,1.26343,1.26181,1.26248,1896
1739836800,1.26224,1.26234,1.25994,1.26052,3943
1739851200,1.26051,1.26119,1.25926,1.25977,5506
1739865600,1.25976,1.2622499999999999,1.25925,1.2606600000000001,8659
1739880000,1.26065,1.26089,1.25819,1.25918,8327
1739894400,1.25918,1.262,1.25889,1.25999,10656
1739908800,1.25998,1.26105,1.25921,1.26097,5102
1739923200,1.26104,1.26384,1.26067,1.2612999999999999,4932
1739937600,1.26129,1.2624,1.2607599999999999,1.26239,4236
1739952000,1.26238,1.26339,1.2603,1.2604199999999999,8547
1739966400,1.26041,1.26052,1.25749,1.25907,8476
1739980800,1.25906,1.26061,1.25628,1.25723,12308
1739995200,1.25723,1.259,1.25659,1.25861,7601
1740009600,1.25841,1.25935,1.25775,1.2582900000000001,3648
1740024000,1.25827,1.25989,1.25807,1.25934,5196
1740038400,1.25933,1.26153,1.25885,1.26136,7567
1740052800,1.26135,1.26224,1.25967,1.26126,8872
1740067200,1.26125,1.26597,1.2604600000000001,1.2652,14633
1740081600,1.26518,1.26706,1.26484,1.26694,5490
1740096000,1.2668,1.26732,1.26532,1.26556,4111
1740110400,1.26554,1.26739,1.26553,1.2659500000000001,4798
1740124800,1.26594,1.2678,1.26417,1.2649599999999999,9756
1740139200,1.26498,1.26559,1.26364,1.26453,6223
1740153600,1.26452,1.26669,1.26296,1.26444,13113
1740168000,1.26443,1.26447,1.26246,1.26301,8485
1740355200,1.26278,1.26791,1.2626,1.26779,6989
1740369600,1.26777,1.26901,1.26704,1.26739,7119
1740384000,1.26739,1.26741,1.2625199999999999,1.26373,11566
1740398400,1.26371,1.26502,1.2626,1.26447,8625
1740412800,1.26446,1.26492,1.26115,1.26398,13984
1740427200,1.26397,1.26502,1.2618,1.2625,6448
1740441600,1.26246,1.26297,1.2615,1.26226,3549
1740456000,1.26227,1.2638099999999999,1.26208,1.26367,4405
1740470400,1.26365,1.26384,1.26055,1.26236,9446
1740484800,1.26235,1.26773,1.2615,1.267,11107
1740499200,1.26701,1.26768,1.26401,1.26628,15226
1740513600,1.26627,1.26769,1.2659500000000001,1.26658,8163
1740528000,1.26644,1.26766,1.26615,1.26643,3605
1740542400,1.26642,1.26663,1.2634699999999999,1.2638099999999999,5136
1740556800,1.2638,1.2664,1.2635399999999999,1.26531,9666
1740571200,1.2652999999999999,1.26642,1.26394,1.2653400000000001,8859
1740585600,1.26533,1.27152,1.26512,1.2684199999999999,17769
1740600000,1.26841,1.2696,1.26694,1.26742,9786
1740614400,1.26737,1.26831,1.26603,1.2664,3601
1740628800,1.26639,1.2665899999999999,1.26498,1.26543,5460
1740643200,1.26542,1.26784,1.26538,1.26782,8186
1740657600,1.2678099999999999,1.26883,1.2628,1.26319,12472
1740672000,1.2631999999999999,1.26444,1.26085,1.26123,18001
1740686400,1.26122,1.26292,1.25975,1.25987,9499
1740700800,1.2598,1.26097,1.25937,1.2594,4886
1740715200,1.25939,1.26003,1.2580200000000001,1.25853,6028
1740729600,1.25852,1.26065,1.25725,1.25948,10065
1740744000,1.2594699999999999,1.2610000000000001,1.2583199999999999,1.26021,8523
1740758400,1.26024,1.26213,1.25803,1.25895,17328
1740772800,1.25894,1.25905,1.25589,1.25789,12813
1740960000,1.2579,1.26133,1.25777,1.26083,7094
1740974400,1.26081,1.26131,1.25962,1.2604600000000001,5391
1740988800,1.26047,1.2629299999999999,1.25819,1.2628300000000001,9711
1741003200,1.26281,1.26885,1.26281,1.26793,14807
1741017600,1.26792,1.27173,1.26721,1.2716,17147
1741032000,1.27159,1.27244,1.26795,1.2698800000000001,12340
1741046400,1.26981,1.2708300000000001,1.26871,1.26969,6663
1741060800,1.26968,1.2699099999999999,1.2678099999999999,1.26953,7492
1741075200,1.26952,1.27403,1.26881,1.27244,13159
1741089600,1.27243,1.27532,1.27041,1.27218,13492
1741104000,1.27219,1.27455,1.2699099999999999,1.27435,21535
1741118400,1.27434,1.27992,1.27409,1.2793999999999999,16292
1741132800,1.27929,1.27956,1.27759,1.27767,7094
1741147200,1.27767,1.27963,1.27672,1.27952,7597
1741161600,1.27951,1.28539,1.27868,1.28353,15132
1741176000,1.28352,1.2842799999999999,1.28034,1.2822,15000
1741190400,1.2822,1.28806,1.28189,1.28787,23663
1741204800,1.28787,1.29003,1.28625,1.28949,10127
1741219200,1.28938,1.29071,1.28863,1.2904499999999999,7508
1741233600,1.29044,1.2907899999999999,1.28829,1.29019,6601
1741248000,1.2901799999999999,1.2923,1.28686,1.28762,16006
1741262400,1.28761,1.28971,1.28653,1.28966,15769
1741276800,1.28962,1.29181,1.2880099999999999,1.28877,23420
1741291200,1.28875,1.29028,1.2870300000000001,1.28816,10176
1741305600,1.28795,1.28887,1.2873,1.28833,3740
1741320000,1.28833,1.28922,1.28768,1.28841,5142
1741334400,1.2884,1.29441,1.28795,1.29379,10605
1741348800,1.2937699999999999,1.2942,1.29019,1.29025,14194
1741363200,1.29023,1.29365,1.28941,1.2907,22501
1741377600,1.29068,1.29291,1.2896,1.2922500000000001,10195
1741564800,1.29147,1.29449,1.29138,1.29285,6243
1741579200,1.29284,1.29306,1.2905,1.29119,5106
1741593600,1.29118,1.2922,1.28738,1.29086,13016
1741608000,1.29087,1.29459,1.29016,1.2925499999999999,15226
1741622400,1.2925200000000001,1.29253,1.2877100000000001,1.2877100000000001,15538
1741636800,1.2877,1.28804,1.2861099999999999,1.28753,7030
1741651200,1.28755,1.28899,1.28715,1.2889,6222
1741665600,1.2888899999999999,1.28975,1.28729,1.28761,6828
1741680000,1.28762,1.29409,1.28741,1.29344,13837
1741694400,1.29342,1.2951,1.29188,1.29304,14165
1741708800,1.29308,1.29559,1.29175,1.29491,19005
1741723200,1.2949,1.29654,1.2941099999999999,1.2943799999999999,8804
1741737600,1.29429,1.29494,1.29308,1.29365,3546
1741752000,1.29364,1.2942,1.29187,1.29304,4045
1741766400,1.29303,1.29453,1.29131,1.29341,11200
1741780800,1.2934,1.29878,1.29271,1.29346,16307
1741795200,1.29345,1.2982,1.2924,1.29668,13589
1741809600,1.29667,1.29722,1.29552,1.2961,5113
1741824000,1.29612,1.29694,1.29599,1.29663,3018
1741838400,1.2966199999999999,1.29731,1.29521,1.2958,4394
1741852800,1.29579,1.2965499999999999,1.2941,1.29592,10388
1741867200,1.2959100000000001,1.29673,1.29206,1.29367,14237
1741881600,1.29366,1.29599,1.29351,1.294,15270
1741896000,1.29398,1.29555,1.29388,1.29527,4761
1741910400,1.29485,1.2958,1.29401,1.2941500000000001,3778
1741924800,1.29412,1.29493,1.2935400000000001,1.29487,5521
1741939200,1.29486,1.29486,1.2916699999999999,1.29277,11464
1741953600,1.29276,1.2953299999999999,1.29242,1.2937400000000001,16086
1741968000,1.29378,1.29452,1.29107,1.29279,13515
1741982400,1.29278,1.2938100000000001,1.29267,1.29292,3733
1742169600,1.29295,1.29439,1.29241,1.29378,3770
1742184000,1.2937699999999999,1.29444,1.29287,1.2934,3581
1742198400,1.29341,1.29571,1.29277,1.29524,7948
1742212800,1.29523,1.29822,1.295,1.29794,9724
1742227200,1.29793,1.29944,1.29672,1.29908,8562
1742241600,1.29905,1.29982,1.2983,1.2990599999999999,3295
1742256000,1.29844,1.29887,1.29804,1.2981099999999999,2820
1742270400,1.2981,1.29822,1.29703,1.29738,3153
1742284800,1.29739,1.30043,1.29673,1.3001,8430
1742299200,1.3001,1.3002099999999999,1.29511,1.29669,11209
1742313600,1.2967,1.30067,1.29556,1.30044,12501
1742328000,1.30043,1.30091,1.29962,1.29996,3845
1742342400,1.30015,1.30034,1.29916,1.29939,2408
1742356800,1.29938,1.30022,1.2981099999999999,1.29837,2877
1742371200,1.29836,1.29866,1.29572,1.29717,10415
1742385600,1.2971599999999999,1.29819,1.29547,1.29657,9897
1742400000,1.29656,1.29756,1.29554,1.29634,8906
1742414400,1.29634,1.30105,1.29582,1.30023,11881
1742428800,1.30026,1.30137,1.29977,1.3002500000000001,3504
1742443200,1.30024,1.30125,1.29902,1.29942,4021
1742457600,1.29941,1.29955,1.29455,1.2955,10185
1742472000,1.2955,1.29785,1.29355,1.29526,13296
1742486400,1.29514,1.29733,1.29513,1.2961,10101
1742500800,1.29609,1.29696,1.29562,1.2968,3201
1742515200,1.2968199999999999,1.29694,1.2959,1.29636,2833
1742529600,1.29635,1.2965900000000001,1.2925200000000001,1.2928899999999999,4287
1742544000,1.2929,1.29448,1.2922,1.29327,8489
1742558400,1.29326,1.29549,1.2922799999999999,1.29364,11154
1742572800,1.29363,1.29387,1.28871,1.2922,12062
1742587200,1.29219,1.2928899999999999,1.29025,1.29111,3480
1742774400,1.2900800000000001,1.29345,1.2900800000000001,1.29236,4640
1742788800,1.2923499999999999,1.29297,1.29108,1.2922799999999999,4619
1742803200,1.29226,1.29645,1.29221,1.29603,11206
1742817600,1.29605,1.29736,1.29176,1.29178,11119
1742832000,1.29176,1.29493,1.28951,1.29102,12991
1742846400,1.29098,1.29295,1.2904900000000001,1.29207,4118
1742860800,1.29208,1.2925,1.29156,1.29209,2543
1742875200,1.29208,1.29282,1.29114,1.2922500000000001,3671
1742889600,1.29224,1.29305,1.29016,1.29302,8998
1742904000,1.29301,1.29604,1.29275,1.29446,10522
1742918400,1.2943799999999999,1.29663,1.29326,1.2959100000000001,10484
1742932800,1.29585,1.29585,1.29392,1.2943799999999999,3830
1742947200,1.29404,1.29477,1.29267,1.29432,3308
1742961600,1.29431,1.29456,1.29291,1.29309,3877
1742976000,1.29308,1.29427,1.2885900000000001,1.2909,12033
1742990400,1.29089,1.29128,1.2873700000000001,1.28827,12912
1743004800,1.28827,1.2903,1.28758,1.2883,12078
1743019200,1.28829,1.28929,1.28716,1.2876,3993
1743033600,1.2875,1.29017,1.28701,1.29,4513
1743048000,1.28998,1.29251,1.28995,1.2912,5354
1743062400,1.29118,1.29287,1.29009,1.2919800000000001,11362
1743076800,1.29197,1.29687,1.29143,1.29276,11796
1743091200,1.29277,1.29917,1.29222,1.29489,13956
1743105600,1.29488,1.29576,1.2941,1.29491,3670
1743120000,1.29511,1.29516,1.29402,1.29461,3001
1743134400,1.2946,1.29525,1.29372,1.2941,3495
1743148800,1.2940800000000001,1.29678,1.2938100000000001,1.2951,9417
1743163200,1.29509,1.29636,1.29216,1.29548,11802
1743177600,1.29547,1.29674,1.29291,1.294,12704
1743192000,1.29399,1.29473,1.29337,1.29369,3665
1743379200,1.2932299999999999,1.2959,1.2921,1.2959,5429
1743393600,1.29589,1.2971,1.29546,1.29566,6327
1743408000,1.29565,1.29722,1.29348,1.29441,10949
1743422400,1.2944,1.2959,1.29178,1.29321,9351
1743436800,1.2932000000000001,1.29406,1.2885900000000001,1.29068,16700
1743451200,1.29064,1.29237,1.29044,1.29195,5238
1743465600,1.29177,1.29267,1.29066,1.29257,2805
1743480000,1.29256,1.29402,1.29173,1.2937,5730
1743494400,1.29369,1.29372,1.2902,1.2925200000000001,10129
1743508800,1.29253,1.29376,1.2885,1.2889300000000001,12843
1743523200,1.28892,1.2929300000000001,1.28789,1.29261,15656
1743537600,1.2926,1.29324,1.2907899999999999,1.29244,5481
1743552000,1.2923,1.2932000000000001,1.29095,1.29102,3515
1743566400,1.29101,1.293,1.29059,1.29182,4678
1743580800,1.29181,1.29242,1.29001,1.29199,7536
1743595200,1.2920099999999999,1.29496,1.29193,1.29431,9707
1743609600,1.29429,1.29783,1.29335,1.29701,14236
1743624000,1.297,1.3024,1.2953299999999999,1.30005,12274
1743638400,1.29948,1.30566,1.29702,1.304,15555
1743652800,1.30399,1.30765,1.3036699999999999,1.30579,13759
1743667200,1.30578,1.3167900000000001,1.3057,1.3162,22719
1743681600,1.3161800000000001,1.32073,1.3137400000000001,1.31575,26855
1743696000,1.31574,1.31958,1.3103799999999999,1.31046,27180
1743710400,1.31042,1.31082,1.30796,1.30964,10946
1743724800,1.30953,1.31074,1.30831,1.3101,7555
1743739200,1.31009,1.3109,1.308,1.30971,12651
1743753600,1.30971,1.31132,1.29748,1.29823,21185
1743768000,1.29823,1.30499,1.29618,1.30006,37005
1743782400,1.30003,1.30166,1.28875,1.28945,40145
1743796800,1.28946,1.29138,1.28522,1.28838,21391
1743984000,1.2825,1.29322,1.28236,1.29088,21759
1743998400,1.29088,1.29155,1.28494,1.29014,19626
1744012800,1.29013,1.29336,1.28651,1.2870599999999999,30830
1744027200,1.2870599999999999,1.28761,1.28033,1.28368,32186
1744041600,1.28366,1.2846199999999999,1.27099,1.27298,39439
1744056000,1.2730000000000001,1.27778,1.27082,1.27199,19652
1744070400,1.27179,1.2765,1.27176,1.27515,6724
1744084800,1.2751299999999999,1.27915,1.2751000000000001,1.27855,12155
1744099200,1.27854,1.27959,1.27453,1.27523,22064
1744113600,1.27522,1.27956,1.27241,1.27753,23649
1744128000,1.27752,1.27932,1.27433,1.2772299999999999,30781
1744142400,1.2772299999999999,1.28142,1.27545,1.27652,20398
1744156800,1.27542,1.28153,1.27525,1.28143,9874
1744171200,1.28142,1.28562,1.28129,1.28549,21719
1744185600,1.28546,1.28637,1.27859,1.28248,29183
1744200000,1.28247,1.2836699999999999,1.2770000000000001,1.28031,26670
1744214400,1.2803,1.2814,1.27509,1.27647,25056
1744228800,1.27646,1.28369,1.27427,1.2824200000000001,31757
1744243200,1.28041,1.28463,1.27989,1.28438,9640
1744257600,1.28437,1.28603,1.28216,1.2859,12940
1744272000,1.2859,1.28811,1.28445,1.28688,21701
1744286400,1.28689,1.29565,1.2860800000000001,1.29246,24589
1744300800,1.29246,1.2978100000000001,1.28917,1.2953999999999999,33681
1744315200,1.29538,1.29956,1.2931,1.29697,19492
1744329600,1.2963,1.30469,1.29629,1.3016,14639
1744344000,1.30159,1.30468,1.29938,1.30205,23926
1744358400,1.3020399999999999,1.3133,1.29846,1.31087,29209
1744372800,1.31084,1.31446,1.3056,1.31222,29279
1744387200,1.3122099999999999,1.31337,1.30292,1.30508,34228
1744401600,1.30507,1.3082799999999999,1.30432,1.3072,17616
1744588800,1.30869,1.31053,1.30587,1.30964,10098
1744603200,1.30965,1.3127900000000001,1.30949,1.31041,14830
1744617600,1.3104,1.31871,1.3096,1.31707,18553
1744632000,1.3170600000000001,1.32006,1.31409,1.31454,16694
1744646400,1.31455,1.3191899999999999,1.31224,1.31659,25207
1744660800,1.31659,1.31989,1.3165499999999999,1.31856,10644
1744675200,1.31816,1.31962,1.31637,1.31729,4257
1744689600,1.31728,1.32171,1.31689,1.32111,6396
1744704000,1.3211,1.32383,1.3183799999999999,1.3229,15317
1744718400,1.32287,1.32513,1.32183,1.32227,15491
1744732800,1.32227,1.3246,1.32049,1.32118,21671
1744747200,1.32118,1.3234,1.32058,1.32311,7652
1744761600,1.32214,1.32534,1.32173,1.32461,4845
1744776000,1.32462,1.32664,1.32423,1.32639,6814
1744790400,1.32637,1.32905,1.32566,1.32885,17055
1744804800,1.32884,1.32918,1.32501,1.3259400000000001,15376
1744819200,1.3259400000000001,1.3271,1.32261,1.32333,16888
1744833600,1.32332,1.32492,1.32116,1.32381,13379
1744848000,1.32304,1.32439,1.3210899999999999,1.32118,6514
1744862400,1.32117,1.32293,1.32023,1.32093,7545
1744876800,1.32093,1.3247200000000001,1.32034,1.32393,12667
1744891200,1.32392,1.32497,1.32189,1.32489,14812
1744905600,1.32487,1.32727,1.32271,1.32578,19947
1744920000,1.32577,1.3272,1.32464,1.32641,6763
1744934400,1.32606,1.32826,1.32451,1.32808,6053
1744948800,1.32805,1.32824,1.32633,1.32666,38317
1744963200,1.32666,1.3277,1.32561,1.32717,33216
1744977600,1.3271600000000001,1.32792,1.32656,1.32757,33979
1744992000,1.3275000000000001,1.32849,1.32712,1.32813,33975
1745006400,1.32815,1.32978,1.32782,1.32921,17698
1745193600,1.32738,1.33555,1.3271600000000001,1.3345799999999999,8035
1745208000,1.33457,1.33864,1.33422,1.33827,10073
1745222400,1.33826,1.3415599999999999,1.33713,1.34141,12756
1745236800,1.3414,1.34215,1.33788,1.34036,12560
1745251200,1.34035,1.34084,1.33748,1.33784,14042
1745265600,1.33783,1.33837,1.33622,1.33791,5798
1745280000,1.3369900000000001,1.3384,1.33613,1.33701,5683
1745294400,1.3370199999999999,1.3409499999999999,1.33701,1.3402,8395
1745308800,1.34019,1.34232,1.3368,1.33869,18103
1745323200,1.33869,1.33901,1.33549,1.33712,15181
1745337600,1.33715,1.33901,1.3342399999999999,1.3345799999999999,18241
1745352000,1.33457,1.33539,1.33257,1.33277,9029
1745366400,1.33257,1.33327,1.32331,1.33052,14030
1745380800,1.33054,1.33169,1.32866,1.33049,9995
1745395200,1.33048,1.33277,1.328,1.33194,16603
1745409600,1.33193,1.33382,1.32901,1.33036,15296
1745424000,1.33035,1.3319,1.32496,1.32603,27305
1745438400,1.32602,1.3277,1.32498,1.32546,9311
1745452800,1.32471,1.32788,1.32471,1.32765,4954
1745467200,1.32764,1.32862,1.32648,1.32698,5948
1745481600,1.32696,1.3308900000000001,1.3264,1.33012,12269
1745496000,1.33013,1.3320400000000001,1.32972,1.3301,12336
1745510400,1.33009,1.33319,1.32898,1.33282,16256
1745524800,1.33281,1.33481,1.33147,1.33445,6474
1745539200,1.33228,1.33402,1.33057,1.33066,4553
1745553600,1.3306499999999999,1.33168,1.32791,1.32867,8900
1745568000,1.32866,1.33137,1.32736,1.3302100000000001,12547
1745582400,1.33019,1.33258,1.32868,1.33226,8663
1745596800,1.33225,1.33318,1.32976,1.33191,11453
1745611200,1.3319,1.33318,1.33094,1.33127,5694
1745798400,1.33036,1.33098,1.32874,1.3299699999999999,4239
1745812800,1.3299699999999999,1.3315000000000001,1.32797,1.33149,4735
1745827200,1.33148,1.33335,1.32876,1.33288,10400
1745841600,1.33287,1.33542,1.33287,1.3342100000000001,10439
1745856000,1.3342,1.342,1.33407,1.34125,16605
1745870400,1.34124,1.34423,1.34107,1.34423,6460
1745884800,1.34305,1.34429,1.3417,1.3425500000000001,3745
1745899200,1.34254,1.34417,1.33937,1.3395299999999999,6951
1745913600,1.33954,1.3425500000000001,1.33954,1.34109,10894
1745928000,1.34107,1.3413599999999999,1.33799,1.34087,8673
1745942400,1.34086,1.34202,1.33877,1.3406799999999999,14536
1745956800,1.34067,1.34101,1.33927,1.3407,5640
1745971200,1.3405,1.34141,1.33964,1.34019,3400
1745985600,1.34018,1.34109,1.33818,1.33904,5741
1746000000,1.33903,1.34055,1.33625,1.33667,9851
1746014400,1.33666,1.33735,1.33426,1.33513,12270
1746028800,1.33513,1.33582,1.3308499999999999,1.33461,19566
1746043200,1.3346,1.33575,1.33186,1.33259,7936
1746057600,1.33273,1.33303,1.33172,1.3318699999999999,3115
1746072000,1.33186,1.3318699999999999,1.32925,1.32931,5334
1746086400,1.3293,1.33325,1.32744,1.33244,10148
1746100800,1.33243,1.3345,1.33115,1.3315299999999999,10794
1746115200,1.33148,1.3326799999999999,1.32612,1.32803,16861
1746129600,1.32802,1.32862,1.32599,1.328,6162
1746144000,1.3268,1.32894,1.3259,1.32785,3797
1746158400,1.3278400000000001,1.33134,1.32751,1.33079,7104
1746172800,1.33078,1.3321399999999999,1.3282,1.32915,11779
1746187200,1.32897,1.3315299999999999,1.32599,1.32904,15567
1746201600,1.32903,1.33303,1.32757,1.32833,21362
1746216000,1.32832,1.3293300000000001,1.3263,1.32673,7481
1746403200,1.3260100000000001,1.32755,1.3259,1.32707,4242
1746417600,1.32706,1.33,1.32706,1.32948,8243
1746432000,1.32946,1.33063,1.3275000000000001,1.32812,12121
1746446400,1.32815,1.33351,1.32815,1.33303,12392
1746460800,1.3330199999999999,1.33361,1.32699,1.32733,15418
1746475200,1.32732,1.32992,1.32714,1.3293599999999999,5995
1746489600,1.32886,1.32964,1.32668,1.3269,3474
1746504000,1.3269,1.33047,1.32598,1.33019,7893
1746518400,1.33018,1.33332,1.3285,1.3314599999999999,12482
1746532800,1.33145,1.34021,1.33073,1.33963,13618
1746547200,1.33962,1.33965,1.33514,1.33576,14975
1746561600,1.33575,1.33861,1.33559,1.33691,7524
1746576000,1.3361399999999999,1.33758,1.33328,1.33515,8757
1746590400,1.33514,1.3361399999999999,1.33351,1.33419,10334
1746604800,1.33418,1.3366799999999999,1.33354,1.33357,12976
1746619200,1.33354,1.33677,1.33222,1.33662,10282
1746633600,1.33661,1.33766,1.33322,1.33477,14154
1746648000,1.33476,1.33526,1.32794,1.3290199999999999,15720
1746662400,1.32858,1.33064,1.32849,1.32953,4072
1746676800,1.32952,1.33558,1.3293,1.33317,9806
1746691200,1.33317,1.33324,1.32607,1.3265799999999999,17393
1746705600,1.32657,1.33418,1.32406,1.33235,14854
1746720000,1.33235,1.33446,1.32614,1.32656,19448
1746734400,1.3265500000000001,1.32669,1.32361,1.32471,9201
1746748800,1.3241399999999999,1.3251,1.32188,1.32395,3533
1746763200,1.3239,1.32417,1.32114,1.3235999999999999,10100
1746777600,1.32358,1.32706,1.3223099999999999,1.32697,10905
1746792000,1.32695,1.32865,1.32616,1.32849,10562
1746806400,1.3284799999999999,1.33221,1.32836,1.33067,12642
1746820800,1.33064,1.33186,1.32964,1.32966,5100
1747008000,1.32559,1.32942,1.32559,1.32885,6164
1747022400,1.32884,1.32938,1.32745,1.32853,8056
1747036800,1.32851,1.32989,1.3158699999999999,1.31939,21417
1747051200,1.31938,1.32039,1.31395,1.31958,19058
1747065600,1.3195700000000001,1.32148,1.31766,1.3177400000000001,18081
1747080000,1.3177400000000001,1.31843,1.3161800000000001,1.31765,8036
1747094400,1.31651,1.31847,1.31649,1.3178,5105
1747108800,1.31778,1.32003,1.31745,1.32003,8358
1747123200,1.32002,1.32163,1.3188900000000001,1.3210899999999999,11999
1747137600,1.3210899999999999,1.3244099999999999,1.32015,1.32429,12166
1747152000,1.32428,1.32942,1.32208,1.32919,18102
1747166400,1.32919,1.33152,1.32871,1.33056,5834
1747180800,1.33037,1.33157,1.32988,1.33131,3916
1747195200,1.3313,1.33193,1.32978,1.33039,8183
1747209600,1.33038,1.33578,1.32904,1.33465,15026
1747224000,1.33465,1.33599,1.33159,1.33247,15201
1747238400,1.33246,1.33287,1.32703,1.3282,19349
1747252800,1.3282,1.32878,1.32527,1.32598,7946
1747267200,1.32538,1.32741,1.3250600000000001,1.3272,4051
1747281600,1.32718,1.32859,1.32718,1.3274,8016
1747296000,1.32739,1.33046,1.3262,1.32895,12663
1747310400,1.32891,1.3308499999999999,1.32667,1.3305,12721
1747324800,1.33048,1.33194,1.32632,1.32886,18014
1747339200,1.32887,1.33081,1.32862,1.33038,6304
1747353600,1.32978,1.33169,1.32935,1.33137,3667
1747368000,1.33136,1.33188,1.33063,1.3317700000000001,6956
1747382400,1.33176,1.3332,1.3301,1.33042,10344
1747396800,1.33041,1.33083,1.3273,1.32827,10712
1747411200,1.32826,1.32986,1.3250199999999999,1.32681,16880
1747425600,1.32683,1.32831,1.3267,1.3281800000000001,7253
1747612800,1.32722,1.33132,1.3268900000000001,1.33121,6334
1747627200,1.3312,1.33129,1.32897,1.32984,9028
1747641600,1.32984,1.33718,1.32925,1.33673,14059
1747656000,1.33671,1.34035,1.33626,1.33708,14211
1747670400,1.33708,1.33752,1.33452,1.33542,15998
1747684800,1.33542,1.3363800000000001,1.33445,1.3361399999999999,5739
1747699200,1.33523,1.3360699999999999,1.33444,1.33557,3997
1747713600,1.33557,1.33734,1.33464,1.33633,9454
1747728000,1.33632,1.33945,1.3363,1.3373,13948
1747742400,1.3372899999999999,1.33835,1.3335,1.3339699999999999,11613
1747756800,1.3339400000000001,1.33737,1.33344,1.33711,15868
1747771200,1.33711,1.33932,1.33693,1.3391600000000001,6390
1747785600,1.33907,1.34114,1.33784,1.3408,3655
1747800000,1.34079,1.34352,1.33982,1.34298,8723
1747814400,1.34298,1.34684,1.33905,1.33986,15084
1747828800,1.33985,1.34376,1.3388200000000001,1.34219,14586
1747843200,1.34219,1.34509,1.34142,1.34464,14967
1747857600,1.34463,1.34522,1.34127,1.34191,10870
1747872000,1.34125,1.3431,1.34042,1.34244,5860
1747886400,1.34244,1.3440400000000001,1.34159,1.34284,9125
1747900800,1.34283,1.34401,1.34012,1.3402,14322
1747915200,1.34017,1.3425799999999999,1.33902,1.34125,14308
1747929600,1.34124,1.34362,1.34052,1.34174,16879
1747944000,1.34173,1.34294,1.3403100000000001,1.34167,6865
1747958400,1.34071,1.34348,1.3407,1.34318,3637
1747972800,1.3431600000000001,1.34549,1.34294,1.34517,5760
1747987200,1.34517,1.34912,1.34435,1.34878,10287
1748001600,1.34877,1.35331,1.34733,1.35176,18689
1748016000,1.35175,1.35233,1.34802,1.35213,17023
1748030400,1.35212,1.35389,1.35205,1.35343,6382
1748217600,1.35217,1.35606,1.35216,1.3560400000000001,6710
1748232000,1.3560400000000001,1.35928,1.35529,1.3582,9395
1748246400,1.3582,1.35922,1.35574,1.35639,10662
1748260800,1.35641,1.35675,1.35508,1.35554,7083
1748275200,1.35552,1.35677,1.35521,1.35638,5958
1748289600,1.35637,1.35646,1.35572,1.35628,2023
1748304000,1.35565,1.35846,1.35525,1.35819,3758
1748318400,1.35818,1.35863,1.3553600000000001,1.35547,7499
1748332800,1.35548,1.3572899999999999,1.35215,1.3536299999999999,15330
1748347200,1.3536000000000001,1.35619,1.35332,1.35616,11751
1748361600,1.35615,1.35644,1.34999,1.35069,15801
1748376000,1.35068,1.35147,1.35016,1.35076,5854
1748390400,1.35023,1.35218,1.35023,1.35148,3422
1748404800,1.35147,1.35159,1.34703,1.34718,10448
1748419200,1.3471899999999999,1.3510499999999999,1.34607,1.3509,12516
1748433600,1.3508499999999999,1.35189,1.34653,1.34689,11067
1748448000,1.34688,1.34888,1.3449499999999999,1.34744,16606
1748462400,1.3474300000000001,1.34792,1.34616,1.34681,6302
1748476800,1.34643,1.34698,1.34146,1.34281,10627
1748491200,1.3428,1.34463,1.34185,1.34394,9135
1748505600,1.34393,1.34745,1.3426,1.34595,12907
1748520000,1.3459400000000001,1.35045,1.34578,1.35009,14088
1748534400,1.35008,1.35067,1.34761,1.3492600000000001,18040
1748548800,1.34925,1.35039,1.3486799999999999,1.34948,6324
1748563200,1.34822,1.35088,1.34812,1.34958,4821
1748577600,1.3496000000000001,1.35101,1.34677,1.3471,8416
1748592000,1.3470900000000001,1.3485,1.34546,1.3465500000000001,11886
1748606400,1.34654,1.3498999999999999,1.3462100000000001,1.34921,13131
1748620800,1.3492,1.34937,1.34476,1.34602,19259
1748635200,1.346,1.34761,1.34547,1.34557,7821
1748822400,1.34629,1.34915,1.34497,1.34879,4538
1748836800,1.34878,1.3505,1.34722,1.34879,8172
1748851200,1.34878,1.35569,1.34872,1.35426,12218
1748865600,1.35425,1.35545,1.35267,1.35419,13743
1748880000,1.3542,1.3559,1.35179,1.35219,16543
1748894400,1.35217,1.35487,1.3517000000000001,1.35464,5581
1748908800,1.35377,1.35581,1.3533,1.35472,3648
1748923200,1.35471,1.35471,1.35144,1.35233,6650
1748937600,1.35232,1.35368,1.3504800000000001,1.35147,11216
1748952000,1.35145,1.35259,1.34913,1.3503,10998
1748966400,1.35031,1.3532899999999999,1.34958,1.35179,16079
1748980800,1.35179,1.35288,1.35133,1.35196,5784
1748995200,1.3511600000000001,1.3532899999999999,1.35114,1.35263,3452
1749009600,1.35262,1.35439,1.35101,1.35115,7891
1749024000,1.35114,1.35453,1.35005,1.35396,12087
1749038400,1.35395,1.35436,1.35114,1.35426,12459
1749052800,1.35425,1.35794,1.35308,1.35709,16532
1749067200,1.35708,1.35735,1.3544,1.35523,5683
1749081600,1.35504,1.35591,1.35459,1.35591,3730
1749096000,1.3559,1.35654,1.35402,1.35468,8613
1749110400,1.35467,1.35738,1.3542100000000001,1.3566799999999999,9931
1749124800,1.35667,1.35937,1.35601,1.35785,12788
1749139200,1.35784,1.36161,1.35705,1.3586,20176
1749153600,1.35859,1.35891,1.35663,1.35727,8503
1749168000,1.3568,1.3584,1.3566099999999999,1.35786,3141
1749182400,1.35785,1.35833,1.3565,1.35747,6948
1749196800,1.35745,1.35745,1.35342,1.35377,9499
1749211200,1.35375,1.3563100000000001,1.35181,1.35359,11854
1749225600,1.35355,1.35477,1.3507,1.35187,21806
1749240000,1.35186,1.35339,1.35154,1.35244,7357
1749427200,1.3523800000000001,1.35391,1.3519999999999999,1.3531,3415
1749441600,1.35309,1.3565,1.35309,1.3553600000000001,6684
1749456000,1.35535,1.35775,1.35484,1.35728,8904
1749470400,1.35727,1.3580999999999999,1.35335,1.35357,9615
1749484800,1.3535599999999999,1.35639,1.35239,1.35579,12423
1749499200,1.35578,1.35654,1.3548200000000001,1.3548200000000001,4410
1749513600,1.35395,1.35635,1.35366,1.3554,3951
1749528000,1.3553899999999999,1.3559999999999999,1.3519,1.35374,9608
1749542400,1.35373,1.35455,1.3455599999999999,1.34874,16699
1749556800,1.34872,1.35122,1.34794,1.35069,11136
1749571200,1.35067,1.35362,1.34975,1.34982,12813
1749585600,1.34984,1.35077,1.3489900000000001,1.34982,5438
1749600000,1.34932,1.35091,1.3490199999999999,1.34916,3967
1749614400,1.34915,1.34952,1.34742,1.3482,5748
1749628800,1.34819,1.34957,1.34636,1.34941,9798
1749643200,1.3494,1.35489,1.34845,1.35185,13186
1749657600,1.35184,1.35574,1.3501400000000001,1.35492,16034
1749672000,1.35491,1.3567,1.3535599999999999,1.35464,7633
1749686400,1.35381,1.35879,1.3538000000000001,1.35831,4638
1749700800,1.35828,1.35929,1.35666,1.35819,8214
1749715200,1.35818,1.35894,1.35224,1.35657,14776
1749729600,1.35656,1.36188,1.35594,1.36099,17062
1749744000,1.36099,1.36229,1.35816,1.3591199999999999,17730
1749758400,1.35911,1.36148,1.35836,1.3614600000000001,5233
1749772800,1.36053,1.36318,1.35585,1.35693,7992
1749787200,1.3569200000000001,1.35705,1.3529900000000001,1.35337,11075
1749801600,1.35337,1.35697,1.35209,1.35589,14685
1749816000,1.35586,1.35623,1.35228,1.35338,15319
1749830400,1.35337,1.36025,1.35162,1.35942,15649
1749844800,1.35941,1.35941,1.35581,1.35677,9516
1750032000,1.35582,1.3559999999999999,1.35367,1.35492,5363
1750046400,1.35489,1.35577,1.3534,1.35465,5925
1750060800,1.35466,1.35922,1.35463,1.35784,12165
1750075200,1.35785,1.35903,1.35733,1.35821,10683
1750089600,1.3582,1.3621400000000001,1.3582,1.36081,17469
1750104000,1.36082,1.36105,1.35723,1.35792,6846
1750118400,1.35675,1.35785,1.35567,1.3566500000000001,5512
1750132800,1.35669,1.35789,1.35583,1.3572600000000001,7017
1750147200,1.3572600000000001,1.35786,1.35479,1.35479,12235
1750161600,1.35477,1.35731,1.35411,1.35472,11458
1750176000,1.35471,1.35643,1.3465799999999999,1.34707,18287
1750190400,1.34707,1.34742,1.34148,1.34256,13893
1750204800,1.34202,1.34374,1.34141,1.34307,4367
1750219200,1.34306,1.3446500000000001,1.34263,1.3443100000000001,5843
1750233600,1.3443,1.3476,1.34375,1.34522,10293
1750248000,1.34522,1.3468200000000001,1.34375,1.34467,11055
1750262400,1.34466,1.34751,1.34349,1.34564,16985
1750276800,1.3456299999999999,1.34755,1.34003,1.34191,18455
1750291200,1.3416299999999999,1.34256,1.34073,1.34146,4448
1750305600,1.34145,1.34151,1.33869,1.3410199999999999,6908
1750320000,1.34101,1.34279,1.33823,1.34267,12391
1750334400,1.34266,1.34489,1.34037,1.34406,13661
1750348800,1.34403,1.34449,1.34166,1.34244,10179
1750363200,1.34243,1.34693,1.3424,1.3468499999999999,3774
1750377600,1.3451,1.34898,1.34387,1.34875,4214
1750392000,1.34874,1.34992,1.34763,1.34949,5895
1750406400,1.34948,1.35004,1.3462,1.34906,10697
1750420800,1.34904,1.35106,1.34849,1.35011,12111
1750435200,1.35013,1.35056,1.34531,1.34703,17584
1750449600,1.34702,1.34761,1.34405,1.34476,7698
1750636800,1.33996,1.34405,1.33985,1.34214,5980
1750651200,1.34214,1.3437299999999999,1.34027,1.34089,7536
1750665600,1.34087,1.3448,1.34086,1.3414,11967
1750680000,1.34139,1.34165,1.33698,1.3391199999999999,15624
1750694400,1.33913,1.35055,1.33865,1.34918,20724
1750708800,1.34918,1.35305,1.34894,1.3525,11275
1750723200,1.35125,1.35537,1.34962,1.3548,8467
1750737600,1.35481,1.3572199999999999,1.35348,1.35645,9573
1750752000,1.35644,1.36028,1.35592,1.3599999999999999,16435
1750766400,1.35999,1.36261,1.35942,1.36006,10905
1750780800,1.36005,1.36479,1.3590499999999999,1.3625,18959
1750795200,1.3624800000000001,1.36386,1.36125,1.36155,7178
1750809600,1.36121,1.36188,1.3608500000000001,1.36169,3985
1750824000,1.36167,1.36288,1.36108,1.3615300000000001,8274
1750838400,1.36152,1.36331,1.36056,1.36209,10053
1750852800,1.36208,1.36215,1.35903,1.3596300000000001,9235
1750867200,1.35964,1.36429,1.35938,1.36399,11117
1750881600,1.36398,1.36712,1.36361,1.36638,7131
1750896000,1.36532,1.36952,1.3653,1.36893,4035
1750910400,1.3689200000000001,1.37242,1.36765,1.36999,10113
1750924800,1.36998,1.37644,1.36963,1.37492,14915
1750939200,1.37491,1.3753199999999999,1.36992,1.37178,14916
1750953600,1.37176,1.37702,1.3706800000000001,1.37546,19391
1750968000,1.37544,1.37628,1.37225,1.3727,7969
1750982400,1.3725399999999999,1.37352,1.37147,1.37302,3887
1750996800,1.373,1.37492,1.3721999999999999,1.37225,7666
1751011200,1.3722400000000001,1.37499,1.3719700000000001,1.37429,9844
1751025600,1.37429,1.37521,1.37196,1.37399,11518
1751040000,1.37398,1.37462,1.37027,1.3707,15843
1751054400,1.37069,1.37181,1.36823,1.37181,10971
1751241600,1.37005,1.37276,1.36984,1.37135,5111
1751256000,1.37134,1.37301,1.37108,1.37289,7625
1751270400,1.3728799999999999,1.3740299999999999,1.36929,1.36992,11988
1751284800,1.36989,1.37114,1.36845,1.36929,9434
1751299200,1.36928,1.3722400000000001,1.3673899999999999,1.37137,16423
1751313600,1.3713600000000001,1.3734199999999999,1.3703400000000001,1.37308,7370
1751328000,1.37226,1.3740299999999999,1.3707799999999999,1.374,3532
1751342400,1.37399,1.37483,1.37237,1.37404,6779
1751356800,1.3740299999999999,1.37828,1.3732,1.37734,10620
1751371200,1.37735,1.37881,1.374,1.37409,11977
1751385600,1.37408,1.3743,1.37033,1.37242,17577
1751400000,1.37244,1.37497,1.37205,1.37466,7386
1751414400,1.37449,1.37491,1.37406,1.3748,3285
1751428800,1.37479,1.37522,1.37316,1.3743699999999999,6761
1751443200,1.3743400000000001,1.37451,1.36937,1.36974,9987
1751457600,1.36972,1.37125,1.35881,1.36074,17055
1751472000,1.36072,1.36317,1.35621,1.36304,18665
1751486400,1.36303,1.3644,1.36265,1.36323,6879
1751500800,1.36353,1.36646,1.36297,1.36469,4090
1751515200,1.36467,1.3653,1.36232,1.36287,6323
1751529600,1.36286,1.36753,1.36246,1.3664,10586
1751544000,1.36638,1.3667799999999999,1.3585099999999999,1.36147,14336
1751558400,1.3614600000000001,1.36733,1.36112,1.36503,19462
1751572800,1.365,1.36529,1.36387,1.36523,2726
1751587200,1.36537,1.3667799999999999,1.3645399999999999,1.36628,3372
1751601600,1.36627,1.36742,1.36447,1.36731,7089
1751616000,1.3673,1.36809,1.36563,1.36636,9556
1751630400,1.36632,1.3664,1.36344,1.36349,8386
1751644800,1.36348,1.3653,1.36345,1.36468,7840
1751659200,1.36467,1.36569,1.36414,1.3642699999999999,16485
1751846400,1.3646099999999999,1.36571,1.36439,1.36469,4182
1751860800,1.36468,1.36468,1.36155,1.36166,7295
1751875200,1.36165,1.36261,1.35789,1.35803,12440
1751889600,1.35801,1.36208,1.35748,1.36171,9798
1751904000,1.3617,1.36471,1.35937,1.35948,14444
1751918400,1.35947,1.36161,1.35887,1.35987,10126
1751932800,1.35995,1.36364,1.35958,1.36283,4901
1751947200,1.36282,1.36418,1.36174,1.36311,8127
1751961600,1.3631,1.36462,1.3609499999999999,1.36118,11597
1751976000,1.36117,1.3614,1.35628,1.35777,10734
1751990400,1.35777,1.3581699999999999,1.35251,1.35782,18527
1752004800,1.35781,1.35969,1.35767,1.35913,9488
1752019200,1.35869,1.35938,1.35755,1.35857,3145
1752033600,1.35857,1.35927,1.35637,1.35849,8462
1752048000,1.3584800000000001,1.3605800000000001,1.35788,1.36012,10820
1752062400,1.36007,1.3612600000000001,1.35734,1.36078,9991
1752076800,1.36078,1.36191,1.3578700000000001,1.35838,11754
1752091200,1.35837,1.36003,1.35804,1.3587,5566
1752105600,1.35816,1.36127,1.35812,1.36093,3903
1752120000,1.3609200000000001,1.36118,1.35995,1.36046,6185
1752134400,1.36045,1.36191,1.36016,1.36054,7765
1752148800,1.36053,1.36158,1.35564,1.35598,8446
1752163200,1.3559700000000001,1.35723,1.35327,1.35636,14290
1752177600,1.35635,1.3583,1.35603,1.35803,5749
1752192000,1.35718,1.35846,1.35445,1.3554599999999999,5336
1752206400,1.35545,1.3569,1.3548200000000001,1.35559,8713
1752220800,1.35558,1.35637,1.3528,1.35349,10217
1752235200,1.35348,1.35524,1.3495599999999999,1.35038,11147
1752249600,1.35037,1.35196,1.3480699999999999,1.3506,14726
1752264000,1.35059,1.35169,1.3484,1.3492199999999999,7249
1752451200,1.3483100000000001,1.35039,1.34806,1.34984,5387
1752465600,1.3498299999999999,1.3502,1.34714,1.34757,7877
1752480000,1.34756,1.34889,1.34511,1.3475,9506
1752494400,1.34749,1.3493,1.347,1.34775,8424
1752508800,1.34774,1.34843,1.34266,1.3435000000000001,13525
1752523200,1.34349,1.34406,1.3424,1.3425500000000001,5171
1752537600,1.34236,1.34403,1.34185,1.3435000000000001,3510
1752552000,1.3435000000000001,1.3439,1.34264,1.34311,5490
1752566400,1.3431,1.34531,1.34272,1.34457,7584
1752580800,1.34453,1.34669,1.34313,1.34477,10480
1752595200,1.34476,1.34501,1.33796,1.33865,20368
1752609600,1.33865,1.33928,1.33785,1.3381,6487
1752624000,1.33788,1.33983,1.33784,1.33929,3190
1752638400,1.33928,1.34002,1.3382100000000001,1.33958,7025
1752652800,1.33958,1.34158,1.3388499999999999,1.33907,9457
1752667200,1.33908,1.3412,1.33827,1.33922,11206
1752681600,1.3392,1.34855,1.33647,1.34216,28631
1752696000,1.34212,1.34402,1.3404099999999999,1.34204,9593
1752710400,1.3407,1.34207,1.33951,1.3399,3828
1752724800,1.33989,1.3405,1.33837,1.33949,6855
1752739200,1.33948,1.3409900000000001,1.33737,1.3409900000000001,11708
1752753600,1.34098,1.3413,1.3379400000000001,1.34005,10524
1752768000,1.3400400000000001,1.34201,1.33923,1.34002,13240
1752782400,1.34001,1.3419400000000001,1.33986,1.34152,5118
1752796800,1.34116,1.34374,1.34083,1.3431199999999999,3133
1752811200,1.34311,1.34401,1.34233,1.34234,4989
1752825600,1.34232,1.34421,1.34103,1.34365,7417
1752840000,1.34365,1.34718,1.3434599999999999,1.34574,7187
1752854400,1.34575,1.34745,1.34165,1.34185,13525
1752868800,1.34184,1.34211,1.34053,1.34079,5811
1753056000,1.34127,1.34232,1.34025,1.34033,4166
1753070400,1.34032,1.34188,1.34017,1.34183,5447
1753084800,1.34182,1.34656,1.34164,1.34517,7936
1753099200,1.34516,1.3483,1.34447,1.34794,8227
1753113600,1.34795,1.35101,1.34663,1.34938,12105
1753128000,1.34937,1.34955,1.34828,1.34906,5514
1753142400,1.34863,1.34901,1.34761,1.34827,2441
1753156800,1.34826,1.34871,1.3473600000000001,1.34764,3939
1753171200,1.34764,1.3491900000000001,1.34615,1.34893,7619
1753185600,1.3489200000000001,1.3498999999999999,1.3474599999999999,1.34808,7869
1753200000,1.34808,1.3532199999999999,1.34704,1.35294,15971
1753214400,1.3529200000000001,1.35323,1.35187,1.35313,4891
1753228800,1.35262,1.35337,1.35159,1.3526099999999999,3871
1753243200,1.3526,1.35343,1.35159,1.3527,6797
1753257600,1.35269,1.35481,1.35149,1.35415,8285
1753272000,1.3541400000000001,1.35483,1.3529499999999999,1.3545099999999999,8385
1753286400,1.3544800000000001,1.35757,1.35232,1.35612,15710
1753300800,1.35611,1.35834,1.35568,1.35807,7039
1753315200,1.3572899999999999,1.35863,1.35705,1.35734,3271
1753329600,1.35733,1.35877,1.3572899999999999,1.35788,5911
1753344000,1.3578700000000001,1.3581400000000001,1.35423,1.35434,8954
1753358400,1.35433,1.35535,1.35311,1.3535,8946
1753372800,1.35349,1.3562400000000001,1.35046,1.35107,17460
1753387200,1.35107,1.35275,1.35027,1.3504,6546
1753401600,1.35052,1.35114,1.3502,1.35066,3316
1753416000,1.35065,1.35115,1.3485800000000001,1.34908,5882
1753430400,1.34907,1.35042,1.34589,1.34628,10816
1753444800,1.34626,1.34638,1.34231,1.3433,9575
1753459200,1.34329,1.3443100000000001,1.34159,1.34205,14753
1753473600,1.34202,1.34375,1.34192,1.34293,4625
1753660800,1.34219,1.34487,1.34219,1.34428,4747
1753675200,1.34428,1.34517,1.34293,1.34358,6482
1753689600,1.34356,1.3436,1.34056,1.34206,12399
1753704000,1.34205,1.34379,1.34025,1.34375,13025
1753718400,1.34375,1.34394,1.33759,1.33783,13528
1753732800,1.33781,1.338,1.33509,1.33539,5148
1753747200,1.3352,1.33605,1.33445,1.33449,3210
1753761600,1.33448,1.3357700000000001,1.3336000000000001,1.33491,7057
1753776000,1.3349,1.3353,1.33151,1.33413,11495
1753790400,1.33412,1.33612,1.3315000000000001,1.3315000000000001,11520
1753804800,1.33149,1.3347,1.33071,1.33382,16768
1753819200,1.33381,1.33636,1.33351,1.33488,7527
1753833600,1.33413,1.33659,1.33362,1.33653,2822
1753848000,1.33652,1.33687,1.33491,1.33504,7391
1753862400,1.33503,1.33685,1.33412,1.3367200000000001,9353
1753876800,1.3366799999999999,1.33849,1.33067,1.33087,13315
1753891200,1.33088,1.33133,1.32693,1.3281399999999999,16316
1753905600,1.32813,1.33122,1.32273,1.32386,18327
1753920000,1.32253,1.32579,1.32253,1.32508,3636
1753934400,1.3250600000000001,1.32693,1.32413,1.3268499999999999,8455
1753948800,1.32684,1.32815,1.32391,1.32493,11801
1753963200,1.32492,1.32495,1.32083,1.32161,12607
1753977600,1.3216,1.32392,1.31853,1.32225,17174
1753992000,1.32222,1.3226499999999999,1.31988,1.32047,8469
1754006400,1.31996,1.32128,1.3197,1.32096,4302
1754020800,1.32095,1.32124,1.3189600000000001,1.31983,6730
1754035200,1.31982,1.32126,1.31599,1.31603,10211
1754049600,1.31602,1.33027,1.31407,1.3284500000000001,14886
1754064000,1.3283800000000001,1.33102,1.3241800000000001,1.3244500000000001,29942
1754078400,1.32443,1.3291,1.32155,1.32832,11775
1754265600,1.32736,1.32927,1.32578,1.3261,6439
1754280000,1.3261,1.32892,1.3253300000000001,1.32775,8269
1754294400,1.32774,1.32908,1.32641,1.32774,12178
1754308800,1.32771,1.33136,1.32704,1.32973,12339
1754323200,1.32971,1.33305,1.32773,1.3284799999999999,16896
1754337600,1.32847,1.32873,1.3272,1.32873,6901
1754352000,1.32833,1.3302399999999999,1.32769,1.32986,3517
1754366400,1.32985,1.3299,1.32751,1.32853,7190
1754380800,1.32852,1.32949,1.32592,1.32794,10589
1754395200,1.32793,1.32946,1.3266,1.32813,10656
1754409600,1.32813,1.33156,1.3268,1.33091,16198
1754424000,1.3309199999999999,1.33151,1.32884,1.32983,6002
1754438400,1.3291,1.33054,1.32893,1.33003,2554
1754452800,1.33003,1.33135,1.32944,1.3311,3854
1754467200,1.33109,1.33114,1.3281100000000001,1.32837,6877
1754481600,1.32835,1.33296,1.32831,1.33167,8512
1754496000,1.33167,1.33619,1.3312300000000001,1.33468,14169
1754510400,1.33466,1.33677,1.33447,1.3355299999999999,6297
1754524800,1.33473,1.33595,1.33415,1.33474,2605
1754539200,1.33474,1.33682,1.33454,1.33679,4935
1754553600,1.33678,1.33795,1.33626,1.33688,7433
1754568000,1.33687,1.34361,1.33644,1.34203,12631
1754582400,1.34204,1.3433899999999999,1.33903,1.34294,15548
1754596800,1.34295,1.34478,1.3403399999999999,1.34449,8395
1754611200,1.34397,1.3453,1.34351,1.34476,3286
1754625600,1.34477,1.34503,1.34338,1.3435000000000001,3957
1754640000,1.34349,1.34504,1.34239,1.3433899999999999,7215
1754654400,1.34341,1.34528,1.34176,1.34225,9567
1754668800,1.34226,1.34538,1.34226,1.34469,10911
1754683200,1.34469,1.34584,1.34426,1.34456,5474
1754870400,1.34412,1.3449,1.34274,1.34422,2344
1754884800,1.3442,1.34676,1.34405,1.34659,3725
1754899200,1.3465799999999999,1.34764,1.34477,1.34642,5855
1754913600,1.3464,1.34689,1.3412,1.34228,7647
1754928000,1.34227,1.34264,1.33991,1.3424,10077
1754942400,1.34241,1.34367,1.34171,1.34337,5245
1754956800,1.34291,1.3437000000000001,1.3422399999999999,1.34299,2522
1754971200,1.34297,1.34391,1.34241,1.34378,4082
1754985600,1.3437700000000001,1.34708,1.34199,1.3468499999999999,9290
1755000000,1.34684,1.35092,1.3446,1.34848,11166
1755014400,1.34851,1.35233,1.34628,1.35152,20060
1755028800,1.35151,1.35154,1.34877,1.34958,5787
1755043200,1.3492600000000001,1.35057,1.34876,1.3502,2447
1755057600,1.3502100000000001,1.35072,1.34924,1.3504399999999999,3892
1755072000,1.35043,1.35625,1.34992,1.35568,7567
1755086400,1.35568,1.35794,1.35557,1.35602,8279
1755100800,1.3559999999999999,1.35843,1.35534,1.35728,10837
1755115200,1.35728,1.35804,1.3563100000000001,1.35792,3634
1755129600,1.35656,1.3587099999999999,1.35601,1.35853,2294
1755144000,1.35855,1.35914,1.35705,1.35752,4908
1755158400,1.35751,1.35907,1.35628,1.35718,9572
1755172800,1.35717,1.35944,1.35458,1.35524,11168
1755187200,1.35524,1.3556599999999999,1.3520400000000001,1.35227,14104
1755201600,1.35228,1.35389,1.35226,1.35296,4505
1755216000,1.35276,1.35349,1.3523,1.35339,2257
1755230400,1.35341,1.35507,1.35304,1.3547,3580
1755244800,1.3547,1.3559700000000001,1.35423,1.3546,5422
1755259200,1.35458,1.3569,1.35454,1.35606,7125
1755273600,1.3560699999999999,1.35747,1.3553600000000001,1.3557000000000001,10833
1755288000,1.35571,1.35587,1.35496,1.3555,3621
1755475200,1.35486,1.35618,1.35477,1.35526,2672
1755489600,1.35525,1.35645,1.35486,1.35625,3540
1755504000,1.3562400000000001,1.35637,1.35306,1.3546,7416
1755518400,1.35459,1.35498,1.35348,1.35435,6723
1755532800,1.35435,1.35458,1.35066,1.35086,9431
1755547200,1.35086,1.35151,1.35018,1.3502,4400
1755561600,1.35009,1.35127,1.34996,1.3502100000000001,2773
1755576000,1.35023,1.35059,1.34864,1.3504800000000001,4968
1755590400,1.35049,1.35223,1.34961,1.35195,6807
1755604800,1.35198,1.35308,1.35031,1.35094,6918
1755619200,1.35092,1.35153,1.3485,1.34888,9443
1755633600,1.3489,1.3495,1.34772,1.34912,4142
1755648000,1.34855,1.34916,1.34744,1.34798,2919
1755662400,1.3479700000000001,1.3483100000000001,1.34615,1.3474,5921
1755676800,1.3473899999999999,1.35089,1.34715,1.35007,9214
1755691200,1.35005,1.3504800000000001,1.3471199999999999,1.34886,7200
1755705600,1.34885,1.34912,1.3446799999999999,1.34601,10572
1755720000,1.346,1.34701,1.34478,1.34566,5184
1755734400,1.34551,1.34662,1.34491,1.34565,2820
1755748800,1.34564,1.34642,1.34475,1.34515,4010
1755763200,1.34518,1.34706,1.34348,1.3465500000000001,6999
1755777600,1.34656,1.3482,1.34414,1.34458,8735
1755792000,1.34457,1.3458999999999999,1.34051,1.34186,14957
1755806400,1.34185,1.34263,1.34111,1.3413,4823
1755820800,1.34059,1.34198,1.34055,1.34198,2410
1755835200,1.3419699999999999,1.34229,1.33929,1.33934,4573
1755849600,1.33935,1.3414,1.339,1.34131,5914
1755864000,1.34132,1.34199,1.3407,1.34127,6570
1755878400,1.34128,1.35437,1.34119,1.3525,21184
1755892800,1.35251,1.35436,1.35167,1.3526099999999999,7012
1756080000,1.35142,1.3523800000000001,1.34944,1.34969,3201
1756094400,1.34968,1.35144,1.34888,1.3511199999999999,3910
1756108800,1.35111,1.3526799999999999,1.35019,1.35027,6392
1756123200,1.35026,1.35202,1.3483399999999999,1.35045,5826
1756137600,1.35043,1.35125,1.34842,1.34877,10874
1756152000,1.34876,1.34894,1.34457,1.3452600000000001,6201
1756166400,1.34482,1.349,1.34454,1.34805,6234
1756180800,1.3480400000000001,1.34824,1.3449900000000001,1.34564,5709
1756195200,1.34565,1.3469,1.34342,1.34631,10701
1756209600,1.3463,1.3492600000000001,1.34611,1.34787,8945
1756224000,1.34784,1.34924,1.34699,1.34771,12872
1756238400,1.34772,1.3485,1.3467799999999999,1.3477000000000001,5038
1756252800,1.34725,1.34817,1.34649,1.3470900000000001,2987
1756267200,1.3471,1.3474300000000001,1.3446500000000001,1.34479,4726
1756281600,1.34478,1.34652,1.34303,1.34447,7506
1756296000,1.34448,1.34493,1.34162,1.3441100000000001,8199
1756310400,1.3441,1.34969,1.34354,1.34957,12441
1756324800,1.34958,1.35013,1.34901,1.34981,5802
1756339200,1.34863,1.35052,1.3482,1.3504399999999999,2671
1756353600,1.35045,1.3518,1.35005,1.35039,4714
1756368000,1.35036,1.3513,1.34827,1.34986,7700
1756382400,1.34985,1.3525800000000001,1.3497,1.35026,9923
1756396800,1.35027,1.35267,1.34885,1.35217,13928
1756411200,1.35216,1.35301,1.35068,1.35098,4828
1756425600,1.35064,1.35106,1.35025,1.35083,2959
1756440000,1.3508200000000001,1.3511,1.34936,1.35026,5997
1756454400,1.35027,1.35028,1.34692,1.34767,8000
1756468800,1.34768,1.34783,1.34457,1.3459699999999999,9959
1756483200,1.34598,1.35157,1.34463,1.35074,14896
1756497600,1.35073,1.35164,1.34992,1.35029,5320
1756684800,1.34921,1.3519,1.3491,1.35179,2393
1756699200,1.35178,1.35287,1.35049,1.35176,5865
1756713600,1.35175,1.354,1.35147,1.35348,8590
1756728000,1.35347,1.35366,1.35222,1.35321,5619
1756742400,1.35324,1.35493,1.35307,1.3541699999999999,5987
1756756800,1.35415,1.35494,1.35398,1.35465,1028
1756771200,1.35433,1.35484,1.35348,1.35371,2187
1756785600,1.3537,1.35411,1.35226,1.3527,4625
1756800000,1.35269,1.35331,1.3375,1.3413,14446
1756814400,1.3412899999999999,1.34173,1.3339699999999999,1.33513,15354
1756828800,1.33514,1.3418,1.3342,1.33918,17081
1756843200,1.3392,1.33952,1.33745,1.33939,6303
1756857600,1.33887,1.3394599999999999,1.33718,1.33753,2583
1756872000,1.33754,1.33775,1.33602,1.33687,6058
1756886400,1.33686,1.34088,1.3332899999999999,1.34066,12399
1756900800,1.3406799999999999,1.34289,1.33945,1.34242,11760
1756915200,1.34241,1.34536,1.34098,1.34494,17210
1756929600,1.3449499999999999,1.34578,1.34342,1.34405,6216
1756944000,1.3434300000000001,1.34435,1.3434300000000001,1.34417,3077
1756958400,1.34416,1.34497,1.3425,1.34264,5843
1756972800,1.34263,1.3456299999999999,1.3416000000000001,1.34536,8360
1756987200,1.34535,1.34589,1.34215,1.34406,11488
1757001600,1.34405,1.3446500000000001,1.34166,1.3421,14499
1757016000,1.34209,1.34369,1.34184,1.34353,4343
1757030400,1.34215,1.34498,1.34215,1.34488,3095
1757044800,1.34487,1.34566,1.34463,1.3449900000000001,4581
1757059200,1.34498,1.3471600000000001,1.34494,1.34695,7148
1757073600,1.34696,1.35335,1.34572,1.35205,13744
1757088000,1.3520699999999999,1.3554300000000001,1.35045,1.3525800000000001,23114
1757102400,1.35256,1.3525800000000001,1.35005,1.35059,7861
1757289600,1.3498700000000001,1.35012,1.34815,1.34955,3663
1757304000,1.34957,1.3505,1.34862,1.34959,5798
1757318400,1.34958,1.35257,1.3495,1.35119,8451
1757332800,1.35118,1.35486,1.3501699999999999,1.35427,7775
1757347200,1.35426,1.35559,1.35276,1.35369,11443
1757361600,1.35368,1.35545,1.3526799999999999,1.35452,4816
1757376000,1.35416,1.35617,1.35408,1.3558,2581
1757390400,1.35579,1.35748,1.35527,1.35734,4319
1757404800,1.35733,1.35821,1.35575,1.3572600000000001,9996
1757419200,1.35725,1.35899,1.3544800000000001,1.35538,8528
1757433600,1.3553899999999999,1.35737,1.35222,1.35341,16268
1757448000,1.3534,1.35381,1.35179,1.3526,5932
1757462400,1.3519999999999999,1.35297,1.35159,1.35218,2860
1757476800,1.35217,1.35422,1.3514300000000001,1.35418,5922
1757491200,1.3541699999999999,1.3543,1.35125,1.35269,9769
1757505600,1.3526799999999999,1.35633,1.3523,1.35297,11419
1757520000,1.35298,1.35608,1.3525,1.3535599999999999,13108
1757534400,1.35355,1.35411,1.3521,1.35276,4916
1757548800,1.35304,1.3538999999999999,1.35199,1.35271,2504
1757563200,1.3527,1.35334,1.3522,1.35264,3899
1757577600,1.35262,1.35262,1.35028,1.35141,7888
1757592000,1.35142,1.35486,1.34925,1.35446,13154
1757606400,1.35447,1.35785,1.35392,1.35773,18375
1757620800,1.35772,1.35824,1.35682,1.35762,5917
1757635200,1.35689,1.35795,1.35662,1.3572199999999999,2694
1757649600,1.35723,1.35731,1.35517,1.35559,5043
1757664000,1.35558,1.35745,1.35304,1.35332,9003
1757678400,1.35333,1.35623,1.35235,1.35427,10083
1757692800,1.35426,1.35693,1.35373,1.3559700000000001,11955
1757707200,1.35596,1.35702,1.35549,1.35596,4792
1757894400,1.35412,1.35614,1.35385,1.35552,2908
1757908800,1.35551,1.35705,1.35524,1.3566799999999999,3834
1757923200,1.35669,1.35987,1.35528,1.3581400000000001,7541
1757937600,1.35813,1.36196,1.35782,1.36141,9652
1757952000,1.36142,1.36169,1.35843,1.35983,10959
1757966400,1.35984,1.36108,1.3594300000000001,1.35972,4799
1757980800,1.3593600000000001,1.36053,1.35931,1.36013,2175
1757995200,1.36012,1.36245,1.35976,1.3615300000000001,4635
1758009600,1.36154,1.36423,1.36141,1.36259,9286
1758024000,1.36265,1.36493,1.36236,1.36401,11993
1758038400,1.36402,1.36713,1.36382,1.3657599999999999,14226
1758052800,1.36575,1.36676,1.36421,1.36456,5965
1758067200,1.3642699999999999,1.36585,1.36399,1.36446,3390
1758081600,1.36445,1.36475,1.36389,1.36414,4182
1758096000,1.36415,1.3651900000000001,1.36294,1.3639700000000001,7233
1758110400,1.36396,1.3656,1.3638,1.36536,8095
1758124800,1.36537,1.3669,1.36478,1.36645,9790
1758139200,1.36646,1.37259,1.36194,1.36252,29720
1758153600,1.36164,1.36347,1.36157,1.36265,4745
1758168000,1.36264,1.36301,1.36043,1.3606099999999999,7585
1758182400,1.3606,1.36479,1.35858,1.3639000000000001,12665
1758196800,1.36392,1.36605,1.35942,1.35942,14477
1758211200,1.35941,1.35952,1.35336,1.35522,22311
1758225600,1.35521,1.35626,1.3544,1.35488,6505
1758240000,1.3544399999999999,1.35558,1.35351,1.35481,4880
1758254400,1.3548,1.35591,1.35307,1.35438,8098
1758268800,1.35437,1.3550900000000001,1.3482,1.3498999999999999,15595
1758283200,1.34989,1.35098,1.34626,1.34681,12170
1758297600,1.3468,1.34976,1.3467799999999999,1.34821,15982
1758312000,1.34822,1.34847,1.34662,1.34694,5077
1758499200,1.34569,1.3471899999999999,1.34555,1.34673,3840
1758513600,1.34672,1.3474,1.3452600000000001,1.34601,6162
1758528000,1.346,1.35029,1.34586,1.34954,10366
1758542400,1.34955,1.35157,1.34897,1.35077,9117
1758556800,1.3507799999999999,1.3519999999999999,1.3491900000000001,1.3508,11999
1758571200,1.35079,1.35188,1.35065,1.3514599999999999,3914
1758585600,1.35065,1.35202,1.35009,1.35201,2822
1758600000,1.3519999999999999,1.35269,1.35029,1.3507,5015
1758614400,1.35066,1.35275,1.3486500000000001,1.35034,12316
1758628800,1.35033,1.35291,1.34965,1.35242,10112
1758643200,1.35243,1.35361,1.35055,1.35202,16834
1758657600,1.35201,1.3526500000000001,1.35127,1.3523,6522
1758672000,1.3518,1.35266,1.35111,1.3514300000000001,4511
1758686400,1.35144,1.35157,1.35049,1.35083,5506
1758700800,1.3508200000000001,1.3511600000000001,1.34727,1.34832,9416
1758715200,1.3483100000000001,1.34871,1.34358,1.34451,10973
1758729600,1.3445,1.3457,1.3426,1.34422,16635
1758744000,1.34423,1.3455300000000001,1.34417,1.34449,5777
1758758400,1.34442,1.34572,1.34394,1.34562,3889
1758772800,1.3456299999999999,1.34641,1.34486,1.3462399999999999,4795
1758787200,1.34623,1.34666,1.3433899999999999,1.34522,9656
1758801600,1.34521,1.3458700000000001,1.33719,1.33832,13454
1758816000,1.3383099999999999,1.33939,1.33355,1.3338700000000001,21784
1758830400,1.33386,1.33464,1.33233,1.33452,8550
1758844800,1.33344,1.33453,1.3326,1.33447,4005
1758859200,1.33446,1.3355000000000001,1.33389,1.33539,5087
1758873600,1.33538,1.33701,1.33447,1.3364500000000001,8802
1758888000,1.33644,1.33765,1.3342800000000001,1.33765,10446
1758902400,1.33764,1.34124,1.33748,1.33978,17561
1758916800,1.33979,1.34109,1.33975,1.3403399999999999,4510
1759104000,1.33866,1.34243,1.33866,1.34234,3243
1759118400,1.34233,1.3441,1.34159,1.34371,5962
1759132800,1.3437000000000001,1.345,1.34311,1.34351,8430
1759147200,1.34356,1.34561,1.34241,1.3451,8955
1759161600,1.34509,1.34515,1.34155,1.34305,13103
1759176000,1.34304,1.34383,1.34228,1.34306,4212
1759190400,1.34201,1.34369,1.3419400000000001,1.34245,3224
1759204800,1.34244,1.34383,1.34201,1.34378,6111
1759219200,1.34379,1.34515,1.34279,1.34454,11820
1759233600,1.34453,1.34515,1.34242,1.34418,9636
1759248000,1.34419,1.34666,1.34131,1.34583,18079
1759262400,1.34582,1.34633,1.34391,1.34409,6691
1759276800,1.34398,1.34504,1.34354,1.3440400000000001,3663
1759291200,1.34403,1.34633,1.34345,1.34626,5092
1759305600,1.34629,1.3479700000000001,1.34531,1.34668,14439
1759320000,1.34669,1.35211,1.34573,1.35121,17259
1759334400,1.3512,1.35269,1.34649,1.34737,23416
1759348800,1.34738,1.34889,1.3468200000000001,1.34734,6017
1759363200,1.3471600000000001,1.34825,1.3468,1.34688,2901
1759377600,1.34689,1.3487,1.34668,1.34749,4808
1759392000,1.34748,1.35097,1.34686,1.35041,10317
1759406400,1.3504,1.35074,1.34635,1.34653,10307
1759420800,1.34654,1.3468200000000001,1.33998,1.34386,17557
1759435200,1.34385,1.34514,1.34354,1.3440699999999999,5255
1759449600,1.34289,1.34535,1.3427799999999999,1.34443,2297
1759464000,1.34442,1.3450199999999999,1.34326,1.3435000000000001,4595
1759478400,1.34349,1.34667,1.34283,1.34575,8745
1759492800,1.34574,1.3459400000000001,1.34366,1.34576,8793
1759507200,1.34578,1.34848,1.345,1.34771,16516
1759521600,1.3477000000000001,1.34855,1.34626,1.34793,5027
1759708800,1.3435000000000001,1.34475,1.34223,1.34395,8215
1759723200,1.34394,1.34576,1.34351,1.34464,5793
1759737600,1.34463,1.34639,1.3418,1.34355,16284
1759752000,1.34354,1.34398,1.34158,1.34369,12703
1759766400,1.3437000000000001,1.34836,1.34369,1.34747,12980
1759780800,1.34748,1.3489499999999999,1.34747,1.34851,3980
1759795200,1.34789,1.34863,1.34764,1.34818,2910
1759809600,1.34816,1.34816,1.3467500000000001,1.34691,3754
1759824000,1.34689,1.34704,1.34288,1.34364,9861
1759838400,1.34363,1.34436,1.33917,1.34137,10805
1759852800,1.34138,1.34539,1.3409200000000001,1.3442,13940
1759867200,1.34421,1.34514,1.3415300000000001,1.34246,7045
1759881600,1.3425099999999999,1.34273,1.34114,1.34148,3575
1759896000,1.3415,1.3415,1.33897,1.33933,7411
1759910400,1.3393,1.34254,1.33836,1.34081,10149
1759924800,1.3408,1.34268,1.33999,1.34188,10002
1759939200,1.3418700000000001,1.34381,1.33717,1.33868,12243
1759953600,1.33869,1.34058,1.3370600000000001,1.3403399999999999,7046
1759968000,1.34024,1.3412600000000001,1.33886,1.34094,3601
1759982400,1.34093,1.3418700000000001,1.3406,1.34121,5880
1759996800,1.34122,1.34161,1.33422,1.33612,12838
1760011200,1.3361,1.33896,1.33579,1.33842,14155
1760025600,1.33842,1.33949,1.32905,1.3293599999999999,23481
1760040000,1.32935,1.33053,1.32792,1.33034,9256
1760054400,1.32894,1.33053,1.32866,1.33039,3144
1760068800,1.3304,1.33134,1.32995,1.33083,5703
1760083200,1.33084,1.3314,1.3279,1.33077,12892
1760097600,1.33076,1.33086,1.3261,1.32788,11914
1760112000,1.3278699999999999,1.33705,1.32681,1.33445,28237
1760126400,1.33444,1.33548,1.33311,1.3352,10134
1760313600,1.33429,1.33527,1.33254,1.33504,7174
1760328000,1.33503,1.33626,1.33447,1.3356,6384
1760342400,1.33561,1.33657,1.33145,1.33258,13532
1760356800,1.33257,1.3352,1.33242,1.33332,13260
1760371200,1.3333,1.33381,1.3319,1.33296,15897
1760385600,1.33297,1.3339699999999999,1.33258,1.3330600000000001,4900
1760400000,1.33247,1.33378,1.33247,1.33357,3487
1760414400,1.33356,1.3351899999999999,1.33347,1.33515,6655
1760428800,1.3351600000000001,1.33517,1.32523,1.32835,18073
1760443200,1.32834,1.32834,1.32481,1.3261,16524
1760457600,1.32608,1.33288,1.32603,1.33172,25610
1760472000,1.33173,1.33317,1.33118,1.3319,9436
1760486400,1.33165,1.33304,1.33094,1.33282,3316
1760500800,1.33283,1.33534,1.33252,1.3348200000000001,7019
1760515200,1.33483,1.3373,1.33411,1.33453,12982
1760529600,1.33452,1.33663,1.33358,1.33454,12303
1760544000,1.33454,1.34028,1.33342,1.33902,19486
1760558400,1.33901,1.3407200000000001,1.33698,1.3401100000000001,8782
1760572800,1.3397299999999999,1.34277,1.3384800000000001,1.34215,4891
1760587200,1.34216,1.34416,1.34122,1.34137,7541
1760601600,1.3413599999999999,1.34424,1.34037,1.34375,14051
1760616000,1.3437700000000001,1.34483,1.3421,1.3447200000000001,12426
1760630400,1.34471,1.34541,1.34113,1.34262,22237
1760644800,1.34261,1.34473,1.34196,1.34356,10930
1760659200,1.34271,1.34518,1.34262,1.34467,3454
1760673600,1.34466,1.34532,1.34306,1.34516,7568
1760688000,1.34515,1.3470900000000001,1.34107,1.34235,17744
1760702400,1.34237,1.34428,1.34078,1.34117,17399
1760716800,1.34116,1.34303,1.33904,1.34166,21977
1760731200,1.34165,1.34385,1.34101,1.34264,8598
1760918400,1.3425799999999999,1.34345,1.34135,1.34338,3480
1760932800,1.34337,1.34425,1.34266,1.34353,4685
1760947200,1.34351,1.34405,1.3405,1.34273,9998
1760961600,1.34272,1.34383,1.33996,1.34253,11829
1760976000,1.34254,1.34269,1.3401399999999999,1.3415300000000001,12613
1760990400,1.34152,1.34157,1.33996,1.3404,4769
1761004800,1.34051,1.34155,1.3397700000000001,1.34137,2579
1761019200,1.3413599999999999,1.3413599999999999,1.33872,1.33917,5563
1761033600,1.3391600000000001,1.33967,1.33716,1.33792,14629
1761048000,1.33793,1.33939,1.33657,1.33862,13694
1761062400,1.33861,1.33976,1.3360699999999999,1.33728,19393
1761076800,1.33727,1.33764,1.33648,1.33658,6632
1761091200,1.33631,1.3374,1.33628,1.33707,3274
1761105600,1.3370600000000001,1.33796,1.3367499999999999,1.33788,4062
1761120000,1.3378700000000001,1.33865,1.3312300000000001,1.33201,14435
1761134400,1.332,1.33399,1.33052,1.33234,11173
1761148800,1.33239,1.3376000000000001,1.33156,1.33708,16584
1761163200,1.33707,1.33719,1.3352,1.33582,6303
1761177600,1.33579,1.33585,1.33388,1.33449,2677
1761192000,1.3345,1.33467,1.3329,1.3338700000000001,3856
1761206400,1.33385,1.33566,1.33377,1.33491,7698
1761220800,1.3349,1.3354300000000001,1.33262,1.33429,7702
1761235200,1.3343,1.33473,1.33104,1.33121,14670
1761249600,1.33122,1.3327499999999999,1.33076,1.3327499999999999,4546
1761264000,1.33197,1.33319,1.33179,1.33297,2422
1761278400,1.33296,1.33307,1.33173,1.33206,3813
1761292800,1.33205,1.33331,1.33003,1.3320400000000001,11300
1761307200,1.33201,1.33646,1.3299699999999999,1.33452,13988
1761321600,1.3345099999999999,1.33587,1.32871,1.3295,19279
1761336000,1.32949,1.33173,1.32949,1.33093,4598
1761523200,1.33205,1.33353,1.33169,1.33273,5526
1761537600,1.3327200000000001,1.33276,1.3312300000000001,1.33199,3714
1761552000,1.33198,1.33463,1.33098,1.33447,10322
1761566400,1.33446,1.33527,1.3324799999999999,1.33341,11049
1761580800,1.3334,1.33383,1.33172,1.33332,9853
1761595200,1.33331,1.33383,1.33242,1.33358,4033
1761609600,1.33353,1.3357700000000001,1.33344,1.33517,4174
1761624000,1.3351600000000001,1.33692,1.33483,1.33616,5707
1761638400,1.33618,1.3366799999999999,1.3300100000000001,1.33168,11860
1761652800,1.33169,1.33281,1.3247200000000001,1.32549,12838
1761667200,1.3255,1.3290600000000001,1.32535,1.32766,11547
1761681600,1.32767,1.3283,1.3268,1.32721,3508
1761696000,1.32722,1.32798,1.32633,1.32637,4940
1761710400,1.32636,1.32676,1.32328,1.32347,4843
1761724800,1.32346,1.32405,1.31972,1.32198,9834
1761739200,1.32196,1.32245,1.31942,1.3206,11379
1761753600,1.32059,1.32469,1.32017,1.32234,13342
1761768000,1.32234,1.32274,1.31392,1.31938,22607
1761782400,1.3195299999999999,1.32068,1.31867,1.32057,4855
1761796800,1.32056,1.32182,1.31961,1.32098,7950
1761811200,1.32095,1.3213599999999999,1.31837,1.3188,12619
1761825600,1.31877,1.31903,1.31162,1.31561,14075
1761840000,1.31562,1.318,1.31344,1.31524,14980
1761854400,1.31525,1.31573,1.31389,1.31497,4975
1761868800,1.31476,1.31642,1.31466,1.31529,3226
1761883200,1.31528,1.31574,1.31474,1.31493,3702
1761897600,1.3149199999999999,1.31567,1.31246,1.31429,9069
1761912000,1.3143,1.31471,1.3096700000000001,1.3113299999999999,12070
1761926400,1.31131,1.31425,1.31033,1.31311,13564
1761940800,1.3131,1.3148900000000001,1.31291,1.31421,4795
1762128000,1.31264,1.3140800000000001,1.31262,1.3134299999999999,3831
1762142400,1.31344,1.31452,1.31326,1.31415,3112
1762156800,1.31413,1.31484,1.31167,1.31247,6348
1762171200,1.31246,1.31464,1.31201,1.3126,6461
1762185600,1.31262,1.31617,1.31075,1.31445,9387
1762200000,1.31444,1.31473,1.3134299999999999,1.31406,3455
1762214400,1.3130899999999999,1.31392,1.31182,1.31241,3452
1762228800,1.3124,1.31331,1.31176,1.31208,4473
1762243200,1.3121,1.31387,1.30587,1.30622,12190
1762257600,1.30621,1.3078400000000001,1.30524,1.30571,8954
1762272000,1.30568,1.30646,1.30256,1.30281,12311
1762286400,1.3028,1.30281,1.30097,1.30196,4682
1762300800,1.30149,1.3026200000000001,1.30098,1.30152,4010
1762315200,1.30154,1.30295,1.30135,1.30214,4641
1762329600,1.30213,1.30528,1.30191,1.30392,7411
1762344000,1.3039100000000001,1.30463,1.30112,1.30252,8806
1762358400,1.30251,1.30487,1.30131,1.30382,14511
1762372800,1.30383,1.30534,1.30373,1.30519,3708
1762387200,1.3045900000000001,1.30648,1.3045,1.30627,2760
1762401600,1.30626,1.30651,1.30569,1.3060100000000001,3308
1762416000,1.306,1.30888,1.30528,1.30797,8132
1762430400,1.30796,1.31247,1.30591,1.31076,12350
1762444800,1.31075,1.31243,1.30801,1.3121800000000001,15698
1762459200,1.31219,1.3142,1.31198,1.31376,4966
1762473600,1.31228,1.3140800000000001,1.31224,1.3124799999999999,3393
1762488000,1.31249,1.31299,1.31149,1.31188,3907
1762502400,1.3118699999999999,1.31269,1.30942,1.30973,6659
1762516800,1.30973,1.31373,1.30957,1.31302,9216
1762531200,1.31301,1.3174000000000001,1.3127,1.317,13776
1762545600,1.31699,1.31744,1.31525,1.31598,6746
1762732800,1.3155999999999999,1.31593,1.31359,1.31504,4563
1762747200,1.31505,1.31597,1.3142,1.31547,4537
1762761600,1.31545,1.3184,1.31388,1.31728,7914
1762776000,1.31727,1.31907,1.31514,1.3174299999999999,7334
1762790400,1.31744,1.31792,1.31451,1.31779,11132
1762804800,1.3178,1.31844,1.31731,1.31739,3835
1762819200,1.31663,1.31765,1.31572,1.31643,3330
1762833600,1.31642,1.31714,1.31606,1.31659,4848
1762848000,1.31657,1.31708,1.31162,1.31291,10409
1762862400,1.31292,1.3177699999999999,1.31205,1.31707,9285
1762876800,1.31708,1.3184,1.31583,1.31738,11267
1762891200,1.31737,1.3177699999999999,1.3148,1.3151,4083
1762905600,1.3149,1.3153000000000001,1.31368,1.31382,2783
1762920000,1.31384,1.31434,1.3128199999999999,1.31332,3920
1762934400,1.31331,1.31548,1.31142,1.3115700000000001,8450
1762948800,1.31161,1.31394,1.30955,1.31046,9762
1762963200,1.31045,1.31392,1.30838,1.31387,12715
1762977600,1.31386,1.31436,1.31241,1.3129,4350
1762992000,1.31251,1.31305,1.31102,1.31234,3804
1763006400,1.31235,1.31281,1.31145,1.31168,4865
1763020800,1.31167,1.31704,1.3100399999999999,1.31555,10580
1763035200,1.31554,1.3183799999999999,1.31432,1.31684,10277
1763049600,1.31685,1.32153,1.31651,1.32111,16158
1763064000,1.32112,1.3213599999999999,1.3184,1.31895,7626
1763078400,1.3186499999999999,1.31908,1.31349,1.31463,5311
1763092800,1.3146200000000001,1.3158699999999999,1.31384,1.31473,3891
1763107200,1.31471,1.32,1.31076,1.31546,13453
1763121600,1.31543,1.31806,1.31219,1.31666,10357
1763136000,1.31667,1.31778,1.3124799999999999,1.31607,14307
1763150400,1.31606,1.31742,1.31494,1.31741,6812
1763337600,1.31457,1.31704,1.31457,1.31552,4821
1763352000,1.3155299999999999,1.31555,1.3141,1.31427,4909
1763366400,1.31426,1.31802,1.31353,1.31637,9760
1763380800,1.31637,1.3192599999999999,1.31487,1.31724,10316
1763395200,1.31723,1.31785,1.31607,1.31694,12494
1763409600,1.31693,1.31703,1.31443,1.31548,7381
1763424000,1.3149899999999999,1.31558,1.31448,1.31506,4446
1763438400,1.31507,1.31637,1.31446,1.31603,7516
1763452800,1.31602,1.31764,1.31475,1.3152,14505
1763467200,1.31521,1.31603,1.31334,1.31539,14305
1763481600,1.31538,1.31708,1.3135,1.31407,19919
1763496000,1.31406,1.31565,1.31396,1.31455,6967
1763510400,1.31437,1.31481,1.31312,1.31324,4427
1763524800,1.31325,1.31467,1.31287,1.31457,6119
1763539200,1.31456,1.31547,1.31174,1.31266,12254
1763553600,1.31265,1.31294,1.30924,1.31185,11555
1763568000,1.31186,1.3121800000000001,1.30565,1.30677,16699
1763582400,1.30678,1.3075999999999999,1.3043,1.30571,9360
1763596800,1.30524,1.30615,1.3044799999999999,1.30458,4397
1763611200,1.30457,1.30617,1.30375,1.30525,5915
1763625600,1.30524,1.30793,1.30493,1.30786,10773
1763640000,1.3079399999999999,1.30993,1.30491,1.30953,13812
1763654400,1.30952,1.31233,1.30653,1.30674,25299
1763668800,1.30673,1.30871,1.30664,1.30716,9100
1763683200,1.30653,1.30868,1.30653,1.30816,6392
1763697600,1.30817,1.30957,1.30746,1.30888,8393
1763712000,1.3089,1.31024,1.30585,1.3061099999999999,16787
1763726400,1.3060800000000001,1.30944,1.3038,1.30836,19902
1763740800,1.30835,1.3107,1.30692,1.3100100000000001,23606
1763755200,1.31002,1.31091,1.3091,1.31024,10396
1763942400,1.30956,1.30994,1.3085,1.3088199999999999,3688
1763956800,1.30881,1.3106900000000001,1.30881,1.31019,9032
1763971200,1.31018,1.31114,1.30874,1.30893,12743
1763985600,1.30892,1.31175,1.30874,1.3105,8781
1764000000,1.31048,1.3107,1.30801,1.31002,15057
1764014400,1.3100100000000001,1.3115999999999999,1.30994,1.31056,5376
1764028800,1.3103,1.31155,1.31016,1.31074,4506
1764043200,1.31073,1.31154,1.30953,1.31012,6135
1764057600,1.3101099999999999,1.3137699999999999,1.30979,1.3134700000000001,10342
1764072000,1.31346,1.31593,1.31087,1.3153299999999999,13476
1764086400,1.31532,1.32038,1.31524,1.32004,18155
1764100800,1.32006,1.32137,1.31531,1.31661,8458
1764115200,1.31624,1.31873,1.31572,1.31781,5720
1764129600,1.3178,1.31967,1.31765,1.3191,5663
1764144000,1.31909,1.31976,1.31649,1.31737,10173
1764158400,1.31735,1.3223799999999999,1.31239,1.3192,21098
1764172800,1.31922,1.32374,1.31843,1.32256,17035
1764187200,1.32257,1.32424,1.32233,1.324,6058
1764201600,1.32356,1.32603,1.32345,1.32565,4213
1764216000,1.32566,1.32683,1.32474,1.32584,6929
1764230400,1.32587,1.32635,1.32095,1.32134,8397
1764244800,1.32132,1.32486,1.32116,1.32429,7560
1764259200,1.32427,1.32546,1.32285,1.32375,5133
1764273600,1.32374,1.324,1.32333,1.32381,2055
1764288000,1.323,1.32435,1.3228,1.32325,3778
1764302400,1.32324,1.32437,1.32266,1.3232300000000001,21565
1764316800,1.32335,1.3234,1.3201,1.32077,40339
1764331200,1.32076,1.32275,1.32004,1.32252,50943
1764345600,1.32254,1.32542,1.32054,1.32364,14428
1764360000,1.32365,1.32462,1.32297,1.32375,5295
1764547200,1.32227,1.32478,1.322,1.32374,6898
1764561600,1.32373,1.32395,1.32182,1.32208,6539
1764576000,1.32205,1.32361,1.32051,1.3232599999999999,12400
1764590400,1.3232300000000001,1.32751,1.32171,1.32656,14915
1764604800,1.3265500000000001,1.32656,1.32209,1.32242,18730
1764619200,1.32241,1.32274,1.3207900000000001,1.32134,5740
1764633600,1.32151,1.32154,1.32026,1.32117,2555
1764648000,1.32116,1.32213,1.32103,1.3214000000000001,3784
1764662400,1.32138,1.3220399999999999,1.32001,1.32102,10125
1764676800,1.321,1.32115,1.3180399999999999,1.32062,11264
1764691200,1.32061,1.3213,1.31792,1.31935,17227
1764705600,1.31934,1.32141,1.31902,1.32141,5145
1764720000,1.31947,1.32266,1.31946,1.3226200000000001,3493
1764734400,1.32263,1.32375,1.3224,1.32363,4401
1764748800,1.32362,1.32843,1.3235000000000001,1.32782,10702
1764763200,1.3278400000000001,1.33147,1.32736,1.32989,11135
1764777600,1.32987,1.33472,1.3292,1.3342100000000001,17198
1764792000,1.33422,1.33533,1.3338,1.33524,5164
1764806400,1.33495,1.33508,1.33344,1.33395,3428
1764820800,1.33396,1.3339699999999999,1.3327,1.33374,3595
1764835200,1.33374,1.33585,1.3331,1.33454,7693
1764849600,1.33453,1.33632,1.33218,1.33419,12397
1764864000,1.3342,1.33846,1.33403,1.33427,15350
1764878400,1.33426,1.33508,1.33244,1.3327499999999999,5896
1764892800,1.33219,1.3332899999999999,1.33191,1.3332600000000001,5080
1764907200,1.33325,1.3345099999999999,1.3324500000000001,1.33446,4588
1764921600,1.33448,1.33619,1.33414,1.3345500000000001,8275
1764936000,1.33456,1.3355299999999999,1.33274,1.33503,8566
1764950400,1.33502,1.3361399999999999,1.33157,1.33305,16821
1764964800,1.33304,1.33402,1.33256,1.33273,5362
1765152000,1.33148,1.33377,1.33147,1.33365,5071
1765166400,1.33364,1.33418,1.33343,1.33366,3751
1765180800,1.3336999999999999,1.3346,1.33133,1.33167,9280
1765195200,1.33163,1.33288,1.3312300000000001,1.33193,8841
1765209600,1.33195,1.33378,1.33051,1.33232,15288
1765224000,1.33233,1.33303,1.33185,1.33242,4427
1765238400,1.3315000000000001,1.3332600000000001,1.33139,1.33325,3160
1765252800,1.33324,1.33365,1.33256,1.3333,4851
1765267200,1.3332899999999999,1.33557,1.33228,1.33466,9738
1765281600,1.33464,1.3348200000000001,1.33098,1.33142,11674
1765296000,1.33141,1.33198,1.32867,1.32972,16716
1765310400,1.32969,1.33064,1.32904,1.32998,4796
1765324800,1.3292,1.33039,1.32907,1.32981,2659
1765339200,1.3298,1.33093,1.32971,1.33069,4128
1765353600,1.33067,1.3326500000000001,1.33052,1.33127,8206
1765368000,1.3312599999999999,1.33312,1.3301,1.33298,10088
1765382400,1.3329900000000001,1.33471,1.33142,1.33452,14223
1765396800,1.3345099999999999,1.33883,1.33247,1.33829,20149
1765411200,1.33716,1.33911,1.33714,1.33815,4985
1765425600,1.33814,1.33867,1.33609,1.3361,5784
1765440000,1.3361100000000001,1.3378700000000001,1.33541,1.33712,11297
1765454400,1.33711,1.34149,1.33673,1.34071,12413
1765468800,1.34073,1.3437700000000001,1.34064,1.34205,18137
1765483200,1.34204,1.34242,1.33819,1.33915,7251
1765497600,1.33859,1.33994,1.3385500000000001,1.33917,3855
1765512000,1.3391600000000001,1.33963,1.3388,1.33951,3063
1765526400,1.3395000000000001,1.33983,1.33725,1.3382399999999999,8206
1765540800,1.33822,1.3383,1.33637,1.33691,8289
1765555200,1.3369,1.33777,1.33412,1.33727,17226
1765569600,1.3372600000000001,1.33765,1.3356,1.33667,7514
1765756800,1.3371,1.33737,1.33552,1.33728,3691
1765771200,1.33727,1.33739,1.33544,1.33637,5921
1765785600,1.33636,1.33879,1.33572,1.33872,7652
1765800000,1.33871,1.33961,1.33742,1.33868,7674
1765814400,1.33867,1.3401100000000001,1.33652,1.3367200000000001,15973
1765828800,1.33673,1.3376000000000001,1.33592,1.33724,5387
1765843200,1.33652,1.33823,1.33612,1.3367499999999999,4625
1765857600,1.33674,1.3373300000000001,1.33602,1.33618,6588
1765872000,1.33616,1.34148,1.33552,1.3409900000000001,10058
1765886400,1.34098,1.3455300000000001,1.34062,1.34253,15959
1765900800,1.34254,1.3447,1.34035,1.34233,21514
1765915200,1.34234,1.34353,1.33993,1.3425,10976
1765929600,1.34192,1.34259,1.34158,1.34243,3563
1765944000,1.34241,1.34242,1.33796,1.3382800000000001,5494
1765958400,1.33829,1.33894,1.33108,1.33252,13823
1765972800,1.33251,1.33586,1.33198,1.33557,10873
1765987200,1.33558,1.34063,1.33481,1.33868,18781
1766001600,1.33866,1.33942,1.33721,1.33786,7363
1766016000,1.33695,1.33788,1.3361100000000001,1.33639,3857
1766030400,1.3364,1.33737,1.33613,1.33692,4401
1766044800,1.33691,1.33745,1.33405,1.3348200000000001,9098
1766059200,1.33481,1.3442,1.33404,1.34272,16230
1766073600,1.34274,1.34461,1.33698,1.33807,23150
1766088000,1.33808,1.33901,1.33745,1.33819,7266
1766102400,1.33708,1.33863,1.3370600000000001,1.3382100000000001,4242
1766116800,1.3382,1.33854,1.33694,1.33755,5576
1766131200,1.33753,1.33871,1.33627,1.33813,10567
1766145600,1.33812,1.3386,1.33567,1.33717,9975
1766160000,1.33718,1.33864,1.33566,1.3376700000000001,15243
1766174400,1.33766,1.33937,1.33723,1.3376000000000001,6961
1766361600,1.3372600000000001,1.3397299999999999,1.3372,1.3395299999999999,15998
1766376000,1.33952,1.3401100000000001,1.3391,1.33968,3727
1766390400,1.33966,1.34242,1.33913,1.34239,7551
1766404800,1.3424,1.3443800000000001,1.34238,1.34372,9083
1766419200,1.3437299999999999,1.34769,1.34311,1.34702,13073
1766433600,1.34703,1.34703,1.34537,1.346,5032
1766448000,1.34473,1.34828,1.34461,1.34764,4932
1766462400,1.34763,1.34932,1.34749,1.34884,4977
1766476800,1.34883,1.35181,1.34796,1.35049,10397
1766491200,1.3504800000000001,1.35184,1.34938,1.34942,11765
1766505600,1.34944,1.34998,1.34705,1.34728,14912
1766520000,1.34727,1.3523100000000001,1.34715,1.35224,5329
1766534400,1.35088,1.35314,1.34909,1.35288,4461
1766548800,1.35287,1.35336,1.3509,1.35187,4249
1766563200,1.35186,1.35275,1.35022,1.35215,7474
1766577600,1.35213,1.35232,1.3501,1.3504399999999999,7906
1766592000,1.35042,1.35102,1.34916,1.3497,9143
1766606400,1.34969,1.34969,1.34943,1.3495,23
1766736000,1.34817,1.34976,1.34764,1.34848,4357
1766750400,1.34847,1.35267,1.34832,1.35163,7718
1766764800,1.35164,1.35253,1.34813,1.34944,12338
1766779200,1.34943,1.35058,1.34893,1.34971,7832
1766966400,1.34803,1.3511600000000001,1.34803,1.35087,6885
1766980800,1.35086,1.35096,1.34832,1.34907,4889
1766995200,1.34906,1.3507500000000001,1.34732,1.3489900000000001,11061
1767009600,1.34898,1.35107,1.34686,1.3493,14488
1767024000,1.34931,1.35121,1.3481,1.34851,19307
1767038400,1.3485,1.35152,1.3483800000000001,1.35086,6654
1767052800,1.34999,1.35093,1.34972,1.3508200000000001,3266
1767067200,1.35083,1.35167,1.34994,1.35145,3972
1767081600,1.35144,1.35213,1.35002,1.35137,9091
1767096000,1.35138,1.35303,1.3486500000000001,1.34873,9734
1767110400,1.34872,1.34874,1.34489,1.34691,14611
1767124800,1.34686,1.34742,1.34609,1.34672,5140
1767139200,1.346,1.34669,1.34578,1.34607,3295
1767153600,1.34605,1.3465099999999999,1.3457,1.34602,3557
1767168000,1.34601,1.3465,1.3425500000000001,1.34367,7625
1767182400,1.3437000000000001,1.3476,1.34318,1.34535,10618
1767196800,1.34538,1.34598,1.34012,1.34516,16922
1767211200,1.34515,1.34576,1.34463,1.34546,1807
1767340800,1.34635,1.3468200000000001,1.34488,1.34545,6744
1767355200,1.34546,1.34591,1.34337,1.34571,10725
1767369600,1.34572,1.3501400000000001,1.34528,1.3462399999999999,15124
1767384000,1.34623,1.34663,1.34457,1.34606,7811
1767571200,1.34486,1.34555,1.34366,1.34398,6989
1767585600,1.34397,1.34423,1.34135,1.3427799999999999,7497
1767600000,1.34277,1.3443100000000001,1.34171,1.34422,10784
1767614400,1.34421,1.3473600000000001,1.34244,1.3452600000000001,12819
1767628800,1.34525,1.35389,1.34503,1.3532199999999999,18971
1767643200,1.35321,1.35474,1.35286,1.35404,6467
1767657600,1.35377,1.35459,1.35272,1.35457,3626
1767672000,1.35459,1.35616,1.35413,1.35491,4994
1767686400,1.35488,1.35672,1.35352,1.35352,11652
1767700800,1.35351,1.35395,1.35059,1.35233,11071
1767715200,1.35232,1.3534,1.34911,1.35097,16219
1767729600,1.35096,1.3511600000000001,1.3492,1.35013,6166
1767744000,1.34941,1.35095,1.34872,1.35055,4017
1767758400,1.35054,1.35164,1.35026,1.35077,5635
1767772800,1.35076,1.35164,1.34848,1.34942,10493
1767787200,1.34941,1.3505099999999999,1.34814,1.34941,12163
1767801600,1.3494,1.35013,1.34679,1.34728,18369
1767816000,1.34727,1.3473,1.34566,1.34588,6148
1767830400,1.3455,1.34603,1.3452600000000001,1.34554,2527
1767844800,1.34551,1.34649,1.3450199999999999,1.34578,4363
1767859200,1.34576,1.34612,1.34315,1.34376,9545
1767873600,1.3437700000000001,1.34501,1.3415300000000001,1.34228,10152
1767888000,1.34227,1.34463,1.34168,1.34356,15961
1767902400,1.34355,1.34447,1.34191,1.34429,5662
1767916800,1.34231,1.3440400000000001,1.34229,1.34275,3956
1767931200,1.34276,1.3437700000000001,1.3424,1.34297,4726
1767945600,1.34296,1.34338,1.34044,1.34096,9214
1767960000,1.34097,1.34504,1.33966,1.34348,16313
1767974400,1.34348,1.34428,1.33921,1.34024,23864
1767988800,1.34025,1.34141,1.33974,1.33975,6469
1768176000,1.33959,1.34405,1.33901,1.34267,7048
1768190400,1.34268,1.34357,1.34158,1.34334,5058
1768204800,1.34332,1.34687,1.3429,1.34532,10569
1768219200,1.34531,1.34853,1.34474,1.34812,11259
1768233600,1.34811,1.34828,1.34549,1.34638,14390
1768248000,1.34637,1.34695,1.34566,1.34671,4792
1768262400,1.3456299999999999,1.34768,1.3456299999999999,1.34699,4134
1768276800,1.34696,1.34783,1.34691,1.34718,5002
1768291200,1.3471600000000001,1.34849,1.34619,1.3480400000000001,8687
1768305600,1.34803,1.34938,1.34527,1.34748,12075
1768320000,1.34747,1.34769,1.34246,1.34331,18619
1768334400,1.3433,1.34405,1.34237,1.3425,6916
1768348800,1.34218,1.34271,1.34193,1.34222,3328
1768363200,1.3422100000000001,1.34473,1.34207,1.34351,3898
1768377600,1.3435000000000001,1.34582,1.3433899999999999,1.34564,8866
1768392000,1.34562,1.34581,1.34384,1.34442,11727
1768406400,1.3444099999999999,1.34636,1.34298,1.34313,17816
1768420800,1.3431199999999999,1.34413,1.34241,1.34398,6544
1768435200,1.34409,1.34437,1.34272,1.34348,5412
1768449600,1.3434599999999999,1.3434599999999999,1.34229,1.34266,3885
1768464000,1.34265,1.34446,1.34232,1.34363,9662
1768478400,1.34364,1.34382,1.33684,1.33722,11622
1768492800,1.33723,1.33935,1.33623,1.3387,14680
1768507200,1.33871,1.33934,1.33741,1.338,5859
1768521600,1.33712,1.33832,1.337,1.33792,4078
1768536000,1.33791,1.33907,1.33782,1.33825,4403
1768550400,1.3382399999999999,1.34048,1.33766,1.33966,7361
1768564800,1.33964,1.34125,1.3388200000000001,1.3403100000000001,9483
1768579200,1.34029,1.34044,1.33657,1.33782,16082
1768593600,1.33781,1.33866,1.33731,1.33751,7128
1768780800,1.33415,1.3408,1.33369,1.33913,10374
1768795200,1.3391600000000001,1.34055,1.33809,1.33944,7567
1768809600,1.33945,1.34151,1.33838,1.34054,10367
1768824000,1.34055,1.3416299999999999,1.34015,1.34134,7320
1768838400,1.3413300000000001,1.34347,1.3409900000000001,1.3430900000000001,7905
1768852800,1.34308,1.34331,1.34223,1.3425500000000001,1373
1768867200,1.34204,1.34263,1.34094,1.34233,3599
1768881600,1.34234,1.34493,1.3419400000000001,1.3441100000000001,4679
1768896000,1.3441,1.34909,1.34254,1.34745,16851
1768910400,1.3474300000000001,1.34847,1.3439,1.3452,19405
1768924800,1.34519,1.34765,1.3439999999999999,1.34559,20812
1768939200,1.34558,1.3457,1.3424800000000001,1.34399,7840
1768953600,1.34323,1.34561,1.34322,1.34517,4799
1768968000,1.34516,1.3454,1.34327,1.34371,4851
1768982400,1.3437000000000001,1.34485,1.3408,1.34098,9608
1768996800,1.34097,1.34437,1.34009,1.34415,14176
1769011200,1.34414,1.3458700000000001,1.34158,1.34275,22853
1769025600,1.34273,1.34318,1.34094,1.3428499999999999,10849
1769040000,1.34162,1.3431199999999999,1.34161,1.343,4823
1769054400,1.34299,1.34388,1.3422100000000001,1.34284,4174
1769068800,1.34286,1.34459,1.3409200000000001,1.34435,9566
1769083200,1.3443399999999999,1.34522,1.34,1.34226,16660
1769097600,1.34225,1.34984,1.3421699999999999,1.3492,16979
1769112000,1.34918,1.35062,1.34856,1.3502,6284
1769126400,1.34783,1.35074,1.34781,1.34974,5582
1769140800,1.34973,1.35001,1.34881,1.34978,4628
1769155200,1.34977,1.35342,1.34821,1.35291,14800
1769169600,1.35294,1.3536299999999999,1.35137,1.35245,11357
1769184000,1.35244,1.36222,1.35202,1.36079,18104
1769198400,1.36078,1.36453,1.35915,1.3643,16673
1769385600,1.36601,1.36811,1.36423,1.36604,11744
1769400000,1.36605,1.36791,1.36529,1.36664,9179
1769414400,1.36663,1.3676599999999999,1.36422,1.36715,16095
1769428800,1.36718,1.36749,1.36428,1.3660999999999999,12071
1769443200,1.36611,1.3712900000000001,1.36577,1.36876,17546
1769457600,1.36877,1.37009,1.36742,1.36782,7929
1769472000,1.36741,1.36821,1.36692,1.36792,5583
1769486400,1.36791,1.37001,1.36711,1.36777,7365
1769500800,1.36778,1.36993,1.36631,1.36986,13166
1769515200,1.36985,1.37481,1.36826,1.37348,18388
1769529600,1.3734600000000001,1.37904,1.37308,1.3787099999999999,25006
1769544000,1.3787,1.3868800000000001,1.37738,1.38519,16905
1769558400,1.38219,1.38461,1.3798599999999999,1.37996,10218
1769572800,1.37996,1.38098,1.37887,1.38045,10628
1769587200,1.38043,1.38307,1.3774899999999999,1.37866,18188
1769601600,1.37867,1.37994,1.37645,1.37696,16437
1769616000,1.37698,1.38009,1.37492,1.3789,27906
1769630400,1.37889,1.38107,1.37516,1.38097,18905
1769644800,1.37954,1.38343,1.3788,1.3802699999999999,15461
1769659200,1.38026,1.38435,1.3792900000000001,1.38375,11314
1769673600,1.38372,1.38475,1.37999,1.3803,17005
1769688000,1.3803,1.38178,1.37802,1.38055,16484
1769702400,1.38056,1.38334,1.37419,1.37974,40333
1769716800,1.37973,1.38129,1.37876,1.38118,13717
1769731200,1.37964,1.38134,1.37577,1.37605,12845
1769745600,1.37606,1.3767,1.37309,1.37551,18644
1769760000,1.37552,1.37826,1.37248,1.37331,24344
1769774400,1.37332,1.37872,1.37321,1.3744100000000001,22819
1769788800,1.37445,1.37573,1.36994,1.37085,35445
1769803200,1.37083,1.37179,1.36779,1.3684,25911
