time,open,high,low,close,volume
1566547200,1.33223,1.3326500000000001,1.33097,1.3314599999999999,5381
1566561600,1.3314599999999999,1.3338999999999999,1.3302399999999999,1.33193,10047
1566576000,1.33193,1.33277,1.32766,1.33225,23159
1566590400,1.33224,1.33261,1.3277700000000001,1.32826,11196
1566777600,1.32922,1.33192,1.32846,1.33064,7819
1566792000,1.33063,1.33091,1.3290899999999999,1.32957,11836
1566806400,1.32957,1.3314300000000001,1.32855,1.32937,12614
1566820800,1.32937,1.33156,1.3285,1.32984,11356
1566835200,1.32984,1.33154,1.3260399999999999,1.32632,17616
1566849600,1.3263099999999999,1.32682,1.32465,1.32541,7535
1566864000,1.32529,1.3256299999999999,1.3244,1.32444,3609
1566878400,1.32444,1.32454,1.32348,1.32408,6882
1566892800,1.32407,1.32467,1.32278,1.32415,7919
1566907200,1.32413,1.32413,1.32248,1.32339,8722
1566921600,1.32339,1.3286,1.32328,1.32839,16534
1566936000,1.32839,1.33006,1.32748,1.3284,7994
1566950400,1.3282,1.32999,1.32764,1.3299699999999999,4658
1566964800,1.3299699999999999,1.3309,1.32889,1.3306,6930
1566979200,1.3306200000000001,1.33105,1.32954,1.33041,7282
1566993600,1.33042,1.33181,1.32988,1.33099,9088
1567008000,1.33099,1.33111,1.32874,1.32918,13080
1567022400,1.32917,1.33122,1.3288,1.3306,7636
1567036800,1.33054,1.33104,1.33046,1.33069,2902
1567051200,1.3307,1.33189,1.3307,1.3315299999999999,6027
1567065600,1.33152,1.33163,1.32794,1.32809,6648
1567080000,1.32809,1.33041,1.3272599999999999,1.33023,9195
1567094400,1.33023,1.33167,1.32903,1.3301,14594
1567108800,1.33009,1.33045,1.3289,1.32893,7189
1567123200,1.32864,1.32949,1.32771,1.32859,4846
1567137600,1.3286,1.33029,1.32851,1.3301,5154
1567152000,1.3301,1.3311,1.32984,1.33033,7101
1567166400,1.33032,1.33043,1.32466,1.3256999999999999,8647
1567180800,1.32573,1.33046,1.32498,1.33012,15474
1567195200,1.33013,1.33334,1.32993,1.3305500000000001,11100
1567382400,1.33167,1.3324799999999999,1.33136,1.33199,4207
1567396800,1.33199,1.33219,1.33128,1.33171,6618
1567411200,1.33169,1.33374,1.3312599999999999,1.33353,5473
1567425600,1.33352,1.3361100000000001,1.3327,1.33454,7257
1567440000,1.33454,1.3348200000000001,1.3311899999999999,1.33194,5747
1567454400,1.33195,1.33314,1.33192,1.33205,2482
1567468800,1.33206,1.33399,1.33193,1.33357,3496
1567483200,1.33356,1.33463,1.33294,1.33399,7809
1567497600,1.33398,1.33576,1.33274,1.33475,12013
1567512000,1.33476,1.33802,1.33438,1.33727,10440
1567526400,1.33731,1.3382399999999999,1.33242,1.33271,13073
1567540800,1.33271,1.3343,1.3323,1.33372,7114
1567555200,1.33296,1.33442,1.33274,1.3336000000000001,3891
1567569600,1.33359,1.33364,1.33237,1.33263,5487
1567584000,1.3326,1.33286,1.33161,1.33208,8029
1567598400,1.33209,1.33286,1.3313,1.33223,7338
1567612800,1.33222,1.3338999999999999,1.32314,1.32333,13688
1567627200,1.32333,1.32371,1.32186,1.32225,7451
1567641600,1.3222,1.3229,1.32171,1.32285,2570
1567656000,1.32285,1.32339,1.32173,1.3220399999999999,7040
1567670400,1.32196,1.32208,1.31976,1.31978,8988
1567684800,1.31977,1.321,1.31912,1.32093,8910
1567699200,1.32094,1.32463,1.3195299999999999,1.32349,11889
1567713600,1.3235000000000001,1.32447,1.32272,1.323,5760
1567728000,1.32281,1.32314,1.32244,1.32298,2607
1567742400,1.32298,1.32352,1.3208,1.32162,5814
1567756800,1.32162,1.32172,1.31954,1.32042,7287
1567771200,1.32043,1.32336,1.31788,1.31882,11422
1567785600,1.31882,1.3189600000000001,1.31577,1.31677,12957
1567800000,1.31676,1.3182800000000001,1.3158400000000001,1.31643,8048
1567987200,1.31748,1.31768,1.31657,1.31728,5640
1568001600,1.31729,1.31734,1.31637,1.31674,9356
1568016000,1.31676,1.3171,1.31579,1.31588,8970
1568030400,1.31589,1.3164500000000001,1.3149600000000001,1.31504,10684
1568044800,1.31504,1.31677,1.31389,1.31501,16396
1568059200,1.31502,1.3170600000000001,1.31483,1.31684,8803
1568073600,1.31678,1.31753,1.31635,1.3175,5727
1568088000,1.31751,1.3178,1.31707,1.3173599999999999,7172
1568102400,1.3173599999999999,1.31916,1.31677,1.31834,10145
1568116800,1.31834,1.31836,1.3161,1.3166,11116
1568131200,1.3166,1.3178,1.31336,1.3139,18599
1568145600,1.31391,1.31548,1.31362,1.31505,10873
1568160000,1.31518,1.31529,1.31412,1.31475,5557
1568174400,1.31476,1.31507,1.31391,1.31421,6404
1568188800,1.31421,1.31606,1.3140399999999999,1.31534,8710
1568203200,1.31534,1.31583,1.314,1.31569,10429
1568217600,1.31569,1.32148,1.31509,1.31989,18515
1568232000,1.31989,1.32015,1.3192300000000001,1.31927,8025
1568246400,1.31915,1.31999,1.31814,1.31821,6615
1568260800,1.31822,1.31891,1.3176700000000001,1.31798,8492
1568275200,1.31798,1.3192300000000001,1.31784,1.31883,11490
1568289600,1.31883,1.32179,1.31822,1.32111,18979
1568304000,1.3211,1.32182,1.31765,1.32037,33513
1568318400,1.32038,1.32207,1.31874,1.32091,10844
1568332800,1.32084,1.32184,1.32029,1.3215,3748
1568347200,1.32147,1.32211,1.3212,1.322,5035
1568361600,1.3220100000000001,1.3228900000000001,1.32172,1.32271,12751
1568376000,1.32271,1.3241399999999999,1.32135,1.3226499999999999,10402
1568390400,1.32266,1.32736,1.32222,1.32639,17415
1568404800,1.32639,1.32861,1.32615,1.32849,10513
1568592000,1.32182,1.3247900000000001,1.3209,1.3224,17200
1568606400,1.32239,1.3235000000000001,1.32178,1.32306,9351
1568620800,1.32305,1.32626,1.32301,1.32589,14567
1568635200,1.32589,1.32663,1.3241800000000001,1.3241800000000001,14439
1568649600,1.3241800000000001,1.32712,1.32349,1.32451,23080
1568664000,1.32451,1.32511,1.3235700000000001,1.32399,13012
1568678400,1.32391,1.32546,1.32344,1.32415,4799
1568692800,1.32415,1.32546,1.3241,1.3250199999999999,8248
1568707200,1.3250199999999999,1.3259400000000001,1.32428,1.32491,15693
1568721600,1.3249,1.32779,1.32463,1.32646,14728
1568736000,1.32645,1.32996,1.3239,1.32395,26896
1568750400,1.32395,1.3256000000000001,1.32332,1.32435,14909
1568764800,1.3247200000000001,1.32518,1.32401,1.32501,5153
1568779200,1.32501,1.32564,1.32486,1.32559,6827
1568793600,1.3256000000000001,1.32715,1.32539,1.32704,10422
1568808000,1.32704,1.32713,1.32378,1.325,12522
1568822400,1.325,1.32873,1.32428,1.32775,16574
1568836800,1.32776,1.331,1.32677,1.3290600000000001,26533
1568851200,1.32843,1.33063,1.32809,1.3306,4664
1568865600,1.3306,1.33071,1.32883,1.32943,7845
1568880000,1.32945,1.3296000000000001,1.32788,1.3284799999999999,10862
1568894400,1.3284799999999999,1.3293599999999999,1.32671,1.32695,12417
1568908800,1.32696,1.32728,1.32462,1.32483,15973
1568923200,1.32484,1.32706,1.32416,1.32644,10412
1568937600,1.32616,1.32668,1.32539,1.32645,5595
1568952000,1.32646,1.32733,1.32617,1.32667,6150
1568966400,1.32668,1.32756,1.3259,1.32747,8899
1568980800,1.3274599999999999,1.32932,1.32607,1.32828,13770
1568995200,1.32828,1.33007,1.32606,1.32724,18002
1569009600,1.32725,1.32802,1.32541,1.32641,14700
1569196800,1.32547,1.32737,1.32547,1.32733,3681
1569211200,1.32732,1.3277,1.32705,1.32748,5067
1569225600,1.32749,1.3302399999999999,1.32705,1.3296700000000001,10065
1569240000,1.32966,1.33048,1.3265500000000001,1.3271899999999999,9942
1569254400,1.32718,1.32851,1.32622,1.32738,16808
1569268800,1.32739,1.32752,1.32542,1.32607,8600
1569283200,1.3259,1.32633,1.32534,1.32598,3549
1569297600,1.32598,1.32652,1.32557,1.32611,6093
1569312000,1.3261,1.3268,1.32492,1.32494,6987
1569326400,1.32495,1.32595,1.32451,1.32468,8487
1569340800,1.32468,1.3274599999999999,1.32345,1.32436,20255
1569355200,1.32431,1.3250600000000001,1.32318,1.32424,18039
1569369600,1.32376,1.32534,1.32352,1.32511,4771
1569384000,1.32511,1.32599,1.32505,1.32596,7357
1569398400,1.32596,1.3268900000000001,1.32555,1.3261,6924
1569412800,1.3261,1.32822,1.32508,1.32676,8407
1569427200,1.32677,1.32882,1.3263,1.3268,15747
1569441600,1.3268,1.3273,1.3252,1.32688,8544
1569456000,1.32621,1.3268499999999999,1.3253599999999999,1.32609,4798
1569470400,1.32611,1.3263,1.32453,1.3246,8415
1569484800,1.32461,1.32606,1.3246,1.32493,8185
1569499200,1.32494,1.32584,1.3231600000000001,1.3250600000000001,11203
1569513600,1.32507,1.32732,1.3238699999999999,1.3272300000000001,21080
1569528000,1.32722,1.32762,1.32593,1.32652,11987
1569542400,1.3263,1.3278400000000001,1.3263,1.3268,4102
1569556800,1.32679,1.32755,1.32644,1.32695,4380
1569571200,1.32695,1.32754,1.32564,1.3259,7451
1569585600,1.32589,1.32637,1.32505,1.32577,11054
1569600000,1.32577,1.32646,1.32137,1.32612,26490
1569614400,1.32613,1.32622,1.32302,1.32355,13402
1569801600,1.32395,1.32415,1.3232599999999999,1.32392,4349
1569816000,1.32391,1.32467,1.32339,1.3235700000000001,5232
1569830400,1.3235700000000001,1.3241800000000001,1.3224,1.32401,8823
1569844800,1.32402,1.3259699999999999,1.32366,1.32508,9996
1569859200,1.32508,1.3256999999999999,1.32278,1.3241,18085
1569873600,1.3241,1.32511,1.32333,1.324,9618
1569888000,1.3242099999999999,1.32434,1.32336,1.32392,3745
1569902400,1.32392,1.32518,1.32337,1.3247499999999999,6913
1569916800,1.32476,1.32718,1.32465,1.32694,7670
1569931200,1.32693,1.3290199999999999,1.32661,1.32842,12715
1569945600,1.32842,1.3287900000000001,1.32153,1.32182,29322
1569960000,1.32183,1.32284,1.32097,1.32236,11014
1569974400,1.32219,1.32244,1.32057,1.32119,3375
1569988800,1.3212,1.32169,1.3206,1.32132,4611
1570003200,1.32131,1.3244799999999999,1.32081,1.32436,9896
1570017600,1.32436,1.32532,1.3237999999999999,1.32458,12472
1570032000,1.32459,1.33182,1.32447,1.33095,22398
1570046400,1.33096,1.33257,1.33045,1.3324500000000001,11719
1570060800,1.33232,1.3335,1.33216,1.33217,5758
1570075200,1.33217,1.33283,1.33171,1.33174,6837
1570089600,1.33174,1.33304,1.33136,1.3324099999999999,11570
1570104000,1.33242,1.33433,1.33223,1.3338700000000001,15125
1570118400,1.33386,1.33475,1.33093,1.33286,27625
1570132800,1.33285,1.3345099999999999,1.33212,1.33353,11604
1570147200,1.33346,1.33383,1.33311,1.33335,3475
1570161600,1.33337,1.33362,1.3324099999999999,1.33331,7664
1570176000,1.3333,1.33386,1.33226,1.33262,10808
1570190400,1.33262,1.33339,1.32982,1.33016,19759
1570204800,1.33016,1.33335,1.3299,1.33206,21644
1570219200,1.3320699999999999,1.333,1.33052,1.33052,10087
1570406400,1.33172,1.33244,1.33039,1.33138,4846
1570420800,1.33137,1.33252,1.33131,1.332,5109
1570435200,1.33201,1.33305,1.33201,1.33259,9955
1570449600,1.33259,1.33269,1.32901,1.3295,12191
1570464000,1.32951,1.33166,1.32937,1.3312300000000001,14701
1570478400,1.3312300000000001,1.3315299999999999,1.3303099999999999,1.3308499999999999,12999
1570492800,1.33071,1.33118,1.3302,1.33051,3856
1570507200,1.33051,1.33051,1.32923,1.3293300000000001,7265
1570521600,1.3293300000000001,1.3305500000000001,1.32877,1.32987,12443
1570536000,1.32984,1.33263,1.3296000000000001,1.33113,16390
1570550400,1.33113,1.33365,1.33045,1.3330600000000001,23513
1570564800,1.3330600000000001,1.3335,1.33163,1.33246,16827
1570579200,1.3317999999999999,1.33284,1.33174,1.33213,4682
1570593600,1.33213,1.33213,1.33127,1.33162,6329
1570608000,1.33163,1.33192,1.33029,1.33057,13229
1570622400,1.3305799999999999,1.33234,1.3295,1.3323,19613
1570636800,1.3323,1.3332,1.33152,1.33271,19290
1570651200,1.3327,1.33386,1.3324500000000001,1.33338,10592
1570665600,1.33284,1.33457,1.3328,1.33417,8057
1570680000,1.33417,1.33441,1.33115,1.33179,10106
1570694400,1.33178,1.33189,1.33053,1.33075,13790
1570708800,1.33076,1.33179,1.32981,1.33179,14504
1570723200,1.3317999999999999,1.33203,1.32686,1.32831,24086
1570737600,1.32831,1.33006,1.32798,1.32897,12121
1570752000,1.3293599999999999,1.32954,1.32798,1.32944,5583
1570766400,1.32944,1.3300100000000001,1.32867,1.3289,6973
1570780800,1.3289,1.32898,1.3268,1.3274599999999999,14205
1570795200,1.3274599999999999,1.3294000000000001,1.32058,1.32178,25280
1570809600,1.32178,1.32214,1.31707,1.31872,26989
1570824000,1.31873,1.32071,1.31822,1.31939,12775
1571011200,1.32008,1.32124,1.31914,1.32084,3013
1571025600,1.32084,1.32171,1.32042,1.3208,5267
1571040000,1.3208199999999999,1.3216700000000001,1.32051,1.32064,11363
1571054400,1.32065,1.3226,1.3202099999999999,1.3222800000000001,12077
1571068800,1.32229,1.32343,1.32164,1.3229199999999999,13006
1571083200,1.32291,1.32393,1.32274,1.32337,4622
1571097600,1.32329,1.32329,1.32213,1.32277,3116
1571112000,1.32276,1.32348,1.32215,1.3232,3694
1571126400,1.3232,1.32392,1.3221,1.32331,10657
1571140800,1.3233,1.32372,1.32236,1.32273,13439
1571155200,1.32272,1.32364,1.31969,1.31983,26154
1571169600,1.31985,1.32062,1.31955,1.3197,7054
1571184000,1.31989,1.32102,1.31944,1.32043,4336
1571198400,1.32042,1.32117,1.32033,1.32092,4305
1571212800,1.32091,1.32237,1.32028,1.3215,13214
1571227200,1.32149,1.32339,1.32003,1.32244,20404
1571241600,1.32242,1.32281,1.31843,1.3186,20546
1571256000,1.31859,1.32044,1.31844,1.31993,7434
1571270400,1.32005,1.32063,1.31902,1.31958,3540
1571284800,1.31958,1.32092,1.31958,1.32089,2980
1571299200,1.32089,1.32116,1.3175,1.31762,8778
1571313600,1.31763,1.31817,1.31579,1.31606,21877
1571328000,1.31606,1.31662,1.31308,1.31373,16117
1571342400,1.31375,1.31457,1.31321,1.31352,7247
1571356800,1.31342,1.31419,1.31323,1.31333,2804
1571371200,1.31334,1.31399,1.3131,1.31384,4143
1571385600,1.31383,1.3145,1.31331,1.31338,7385
1571400000,1.31337,1.3145,1.31329,1.31388,7717
1571414400,1.31388,1.31455,1.3124,1.31263,13155
1571428800,1.31263,1.31321,1.31193,1.31247,8135
1571616000,1.3133,1.31379,1.31264,1.3127900000000001,2852
1571630400,1.3127900000000001,1.31369,1.3127900000000001,1.3130899999999999,3034
1571644800,1.31308,1.31364,1.3109,1.3115299999999999,6635
1571659200,1.3115299999999999,1.31168,1.30981,1.31049,8806
1571673600,1.31051,1.3117,1.3085499999999999,1.30899,16737
1571688000,1.30898,1.3094299999999999,1.30819,1.30883,6263
1571702400,1.30877,1.30936,1.3078400000000001,1.30802,3181
1571716800,1.30802,1.3088199999999999,1.30709,1.30809,4982
1571731200,1.30812,1.30926,1.30763,1.30832,8002
1571745600,1.30833,1.31229,1.30786,1.3114,9923
1571760000,1.31142,1.31181,1.30788,1.30829,16662
1571774400,1.30829,1.31047,1.30786,1.30918,13538
1571788800,1.30932,1.30995,1.30865,1.30973,3570
1571803200,1.30973,1.31093,1.30962,1.31037,4314
1571817600,1.3103799999999999,1.31043,1.30885,1.30973,7581
1571832000,1.30972,1.30999,1.30872,1.3088899999999999,10004
1571846400,1.3088899999999999,1.31055,1.30816,1.30817,13284
1571860800,1.30817,1.30841,1.30682,1.30701,6896
1571875200,1.30711,1.3079100000000001,1.30702,1.30776,3214
1571889600,1.30775,1.30805,1.30718,1.30805,3786
1571904000,1.30806,1.30857,1.30658,1.30801,8897
1571918400,1.30802,1.30863,1.30528,1.3057,9597
1571932800,1.3057,1.30929,1.3056,1.30813,21107
1571947200,1.30813,1.30813,1.30694,1.30707,6742
1571961600,1.30693,1.30736,1.30675,1.30715,2274
1571976000,1.30717,1.3076699999999999,1.30698,1.30714,3131
1571990400,1.30714,1.30729,1.3060100000000001,1.30634,6321
1572004800,1.30633,1.30739,1.30572,1.3064200000000001,7957
1572019200,1.3064200000000001,1.30716,1.3057,1.30711,12986
1572033600,1.3071,1.30724,1.30558,1.30583,6819
1572220800,1.30593,1.3070599999999999,1.30553,1.30701,3605
1572235200,1.30701,1.30781,1.30692,1.30759,3317
1572249600,1.3075999999999999,1.30782,1.30595,1.306,6378
1572264000,1.306,1.30721,1.30491,1.3050899999999999,11067
1572278400,1.3050899999999999,1.30677,1.30496,1.3054299999999999,9826
1572292800,1.30544,1.3057699999999999,1.3051,1.3054700000000001,4348
1572307200,1.30545,1.30585,1.30521,1.30558,3007
1572321600,1.30559,1.30596,1.3051300000000001,1.3051599999999999,3575
1572336000,1.30515,1.30636,1.30508,1.30634,6351
1572350400,1.3063500000000001,1.30702,1.30419,1.3066200000000001,11846
1572364800,1.30663,1.30958,1.30599,1.3085499999999999,14112
1572379200,1.3085499999999999,1.31003,1.30843,1.30865,4964
1572393600,1.30864,1.30946,1.30837,1.30894,3854
1572408000,1.30895,1.30927,1.30868,1.30878,3032
1572422400,1.3087900000000001,1.30954,1.30759,1.30815,6209
1572436800,1.30815,1.3100100000000001,1.30742,1.30872,12456
1572451200,1.30869,1.31857,1.3084799999999999,1.31724,21134
1572465600,1.31719,1.3208,1.3155000000000001,1.31598,17724
1572480000,1.31612,1.31724,1.3159,1.31634,4609
1572494400,1.31634,1.3165499999999999,1.31498,1.31577,4608
1572508800,1.31577,1.31781,1.31483,1.31738,11084
1572523200,1.31737,1.31751,1.3148900000000001,1.31544,16126
1572537600,1.31544,1.31673,1.31353,1.3162,18488
1572552000,1.31622,1.31723,1.31578,1.31644,6266
1572566400,1.31642,1.3173300000000001,1.31561,1.31564,3627
1572580800,1.31565,1.31603,1.31477,1.31564,2701
1572595200,1.31567,1.31684,1.3141,1.3167,6249
1572609600,1.31671,1.31961,1.31598,1.31772,16031
1572624000,1.31772,1.31772,1.31392,1.31449,17436
1572638400,1.3145,1.3153299999999999,1.31383,1.31389,6173
1572825600,1.31355,1.31454,1.31354,1.3139,3028
1572840000,1.31391,1.31403,1.31326,1.31378,3189
1572854400,1.31379,1.3154,1.31302,1.3152,7018
1572868800,1.31519,1.31604,1.31476,1.31544,8713
1572883200,1.31544,1.3158,1.31371,1.3144,10552
1572897600,1.3144,1.31563,1.3142,1.3151,6574
1572912000,1.3149199999999999,1.31593,1.31483,1.3154,4171
1572926400,1.3154,1.3161399999999999,1.31479,1.31485,5458
1572940800,1.31485,1.3149600000000001,1.31159,1.31185,9906
1572955200,1.3118400000000001,1.31399,1.31151,1.31381,10356
1572969600,1.3138,1.31781,1.31296,1.31599,18047
1572984000,1.31599,1.31662,1.31524,1.31543,7576
1572998400,1.31532,1.31604,1.31388,1.31547,4916
1573012800,1.31547,1.31657,1.31547,1.31609,3175
1573027200,1.3161,1.31702,1.31534,1.3159100000000001,8101
1573041600,1.31592,1.31763,1.31589,1.31678,7404
1573056000,1.3167900000000001,1.3193,1.31673,1.31898,15891
1573070400,1.31898,1.31929,1.31793,1.3182800000000001,6332
1573084800,1.31829,1.31948,1.31815,1.31927,2798
1573099200,1.31928,1.31971,1.3191,1.31917,3803
1573113600,1.31917,1.31968,1.31602,1.31631,11787
1573128000,1.31632,1.31803,1.31597,1.3177699999999999,11929
1573142400,1.31776,1.31888,1.3164,1.31762,17625
1573156800,1.31762,1.31836,1.31721,1.31735,7855
1573171200,1.31714,1.31819,1.31714,1.31808,4014
1573185600,1.31807,1.31877,1.31802,1.31854,3124
1573200000,1.31855,1.32,1.31851,1.31995,6741
1573214400,1.31995,1.32317,1.31854,1.3223,11368
1573228800,1.32229,1.32369,1.32128,1.32252,14459
1573243200,1.32251,1.32305,1.32233,1.32247,4984
1573430400,1.32181,1.32318,1.3216999999999999,1.32309,3248
1573444800,1.32308,1.32331,1.32254,1.32256,2643
1573459200,1.32256,1.32341,1.32193,1.32218,7430
1573473600,1.32217,1.32348,1.32176,1.32271,7022
1573488000,1.32271,1.32304,1.32124,1.32155,9273
1573502400,1.32155,1.32333,1.3213599999999999,1.32318,4190
1573516800,1.32314,1.32489,1.32211,1.32453,3423
1573531200,1.32451,1.32481,1.32363,1.32368,4672
1573545600,1.32367,1.32557,1.32328,1.32528,7832
1573560000,1.32531,1.32574,1.32244,1.32246,9467
1573574400,1.32245,1.32375,1.32163,1.3229,12952
1573588800,1.3228900000000001,1.32429,1.32164,1.32361,8551
1573603200,1.32309,1.32437,1.32293,1.32429,6727
1573617600,1.32433,1.32484,1.32407,1.32459,5323
1573632000,1.32459,1.32674,1.32431,1.32661,9317
1573646400,1.3266,1.32681,1.32534,1.32552,10636
1573660800,1.32553,1.3258,1.32356,1.32434,14347
1573675200,1.32435,1.32623,1.32407,1.32534,6912
1573689600,1.32523,1.32627,1.3248,1.32534,4192
1573704000,1.32537,1.32633,1.32537,1.32595,4430
1573718400,1.32595,1.32664,1.32531,1.32642,8979
1573732800,1.32642,1.32704,1.32582,1.32611,9293
1573747200,1.3261,1.32683,1.3243800000000001,1.32555,15806
1573761600,1.32554,1.32605,1.3247,1.32495,7380
1573776000,1.3247,1.32519,1.3235000000000001,1.32367,4828
1573790400,1.32368,1.32392,1.3219,1.32269,4335
1573804800,1.32268,1.3249900000000001,1.3226200000000001,1.32433,6276
1573819200,1.32436,1.32516,1.32365,1.32375,8973
1573833600,1.32376,1.32395,1.32163,1.32288,14146
1573848000,1.32288,1.32375,1.32216,1.32219,4776
1574035200,1.32219,1.32249,1.3216999999999999,1.32171,3818
1574049600,1.32172,1.32199,1.32146,1.32185,3298
1574064000,1.32185,1.32202,1.32092,1.32165,7509
1574078400,1.32166,1.3235299999999999,1.32126,1.3229,8571
1574092800,1.3228900000000001,1.32303,1.32,1.3204500000000001,11344
1574107200,1.3204500000000001,1.32134,1.32032,1.32042,4939
1574121600,1.32026,1.3234,1.31962,1.32111,4691
1574136000,1.32112,1.32121,1.32033,1.32069,5739
1574150400,1.32069,1.32118,1.32032,1.32037,8419
1574164800,1.32037,1.32161,1.3189899999999999,1.32034,10202
1574179200,1.32033,1.32408,1.32019,1.32334,13465
1574193600,1.32333,1.32722,1.32324,1.3266499999999999,9777
1574208000,1.32669,1.32835,1.32614,1.32829,4619
1574222400,1.32828,1.32831,1.32748,1.32772,2588
1574236800,1.32772,1.32995,1.32772,1.3299,10262
1574251200,1.32989,1.33151,1.3279,1.3286,12057
1574265600,1.3286,1.3327499999999999,1.32772,1.33232,18573
1574280000,1.33231,1.33264,1.3302399999999999,1.3303099999999999,9153
1574294400,1.33016,1.33219,1.33011,1.33188,5241
1574308800,1.33188,1.33193,1.33049,1.33053,7073
1574323200,1.33054,1.3315000000000001,1.33027,1.3308200000000001,12677
1574337600,1.33083,1.33246,1.3295,1.33229,14110
1574352000,1.33229,1.33249,1.32695,1.32788,22266
1574366400,1.32789,1.32857,1.3277,1.3284,6875
1574380800,1.3281100000000001,1.32849,1.32697,1.32799,5160
1574395200,1.32799,1.3287900000000001,1.32761,1.32877,4730
1574409600,1.32876,1.32883,1.32684,1.3287900000000001,15108
1574424000,1.3287900000000001,1.3290600000000001,1.32541,1.3263099999999999,11599
1574438400,1.3263099999999999,1.32981,1.32614,1.32966,15952
1574452800,1.32966,1.3302,1.32901,1.3296299999999999,5882
1574640000,1.32956,1.33012,1.32917,1.32945,4032
1574654400,1.32945,1.32979,1.329,1.3290199999999999,4583
1574668800,1.3290199999999999,1.32969,1.3284799999999999,1.32931,9499
1574683200,1.32931,1.33154,1.3293,1.33038,8776
1574697600,1.33038,1.33188,1.32895,1.33094,14293
1574712000,1.33098,1.33124,1.32985,1.32993,5084
1574726400,1.32983,1.33078,1.32958,1.33034,4628
1574740800,1.33034,1.33132,1.33034,1.33075,4108
1574755200,1.33075,1.33157,1.3305500000000001,1.3314300000000001,10342
1574769600,1.33144,1.33161,1.32984,1.33043,9074
1574784000,1.33043,1.33142,1.32742,1.32766,15955
1574798400,1.32766,1.32822,1.3269199999999999,1.32707,5789
1574812800,1.32693,1.32785,1.32677,1.32772,3478
1574827200,1.32773,1.32823,1.32756,1.32823,3418
1574841600,1.32824,1.32824,1.32635,1.32646,8805
1574856000,1.32647,1.32728,1.3260100000000001,1.3266499999999999,9842
1574870400,1.32666,1.32897,1.32632,1.32839,14512
1574884800,1.3284,1.32871,1.32775,1.32795,7145
1574899200,1.32774,1.32907,1.32759,1.32847,5191
1574913600,1.32847,1.32924,1.32837,1.3288,2592
1574928000,1.32881,1.3298,1.32873,1.3296000000000001,8331
1574942400,1.32961,1.32993,1.32862,1.32865,6014
1574956800,1.32866,1.32947,1.32801,1.32823,6328
1574971200,1.32822,1.32843,1.3279,1.3279,2202
1574985600,1.32793,1.32876,1.32788,1.32864,2747
1575000000,1.32864,1.32893,1.32836,1.32864,3316
1575014400,1.32864,1.32907,1.32801,1.32889,5136
1575028800,1.32889,1.3309,1.32873,1.3301,9385
1575043200,1.33009,1.33135,1.32771,1.3281800000000001,16553
1575057600,1.32817,1.32847,1.3268900000000001,1.3271,5743
1575244800,1.32674,1.32893,1.32674,1.32826,4623
1575259200,1.32826,1.32916,1.32824,1.3290899999999999,2609
1575273600,1.3290899999999999,1.32947,1.3275299999999999,1.32867,10848
1575288000,1.32868,1.33038,1.32815,1.32992,9232
1575302400,1.32993,1.3306499999999999,1.32893,1.32986,14325
1575316800,1.32987,1.33079,1.32926,1.33076,6976
1575331200,1.33047,1.33095,1.33012,1.33057,3684
1575345600,1.33057,1.33067,1.3299699999999999,1.33036,3765
1575360000,1.33036,1.3306200000000001,1.32831,1.32857,7699
1575374400,1.32855,1.33208,1.32836,1.3317,13501
1575388800,1.3317,1.3317,1.32931,1.32947,13098
1575403200,1.32948,1.3305,1.32931,1.32943,4817
1575417600,1.32908,1.32965,1.32844,1.32883,5022
1575432000,1.32883,1.32912,1.3284799999999999,1.32886,2780
1575446400,1.32885,1.32978,1.32797,1.32806,10900
1575460800,1.32806,1.32834,1.3265500000000001,1.32674,7512
1575475200,1.32675,1.3278400000000001,1.31942,1.31947,20467
1575489600,1.31947,1.32029,1.3191899999999999,1.3201100000000001,5895
1575504000,1.31958,1.32023,1.3180100000000001,1.31872,4427
1575518400,1.31872,1.31909,1.3181,1.31905,4000
1575532800,1.31907,1.3191899999999999,1.31768,1.31802,8836
1575547200,1.3180100000000001,1.31851,1.31582,1.31644,9455
1575561600,1.31643,1.31869,1.31609,1.31761,13153
1575576000,1.31761,1.31822,1.31705,1.3175,5507
1575590400,1.31754,1.3183799999999999,1.3171300000000001,1.31815,3710
1575604800,1.31815,1.31867,1.31799,1.31829,3494
1575619200,1.31829,1.31856,1.3171300000000001,1.31749,6663
1575633600,1.31749,1.32537,1.31723,1.32496,11638
1575648000,1.32495,1.32698,1.32434,1.32588,15138
1575662400,1.32589,1.32652,1.32476,1.32488,5959
1575849600,1.3250199999999999,1.32616,1.32478,1.32606,4182
1575864000,1.32606,1.32645,1.32555,1.32558,2624
1575878400,1.32558,1.32652,1.32504,1.32638,6494
1575892800,1.32638,1.3264,1.32481,1.32514,6474
1575907200,1.32513,1.32547,1.32224,1.32333,10323
1575921600,1.32333,1.32385,1.3225,1.32372,7555
1575936000,1.32358,1.32447,1.3228,1.32305,3946
1575950400,1.32305,1.3235299999999999,1.32283,1.32322,4572
1575964800,1.32321,1.32452,1.32242,1.32415,7077
1575979200,1.32416,1.325,1.32294,1.3235299999999999,10587
1575993600,1.32354,1.3241100000000001,1.32281,1.32352,12515
1576008000,1.32352,1.3238400000000001,1.32267,1.32303,6616
1576022400,1.323,1.32392,1.32284,1.32348,5857
1576036800,1.32346,1.32379,1.32302,1.3231,3688
1576051200,1.3231,1.32392,1.32266,1.32365,8124
1576065600,1.32364,1.32397,1.3227,1.32322,8047
1576080000,1.32322,1.32346,1.31816,1.3187,11395
1576094400,1.31869,1.31941,1.3162,1.31714,13367
1576108800,1.31696,1.31776,1.31633,1.31634,6529
1576123200,1.31634,1.31704,1.31627,1.31701,3389
1576137600,1.317,1.31729,1.31637,1.3171,6237
1576152000,1.31711,1.31852,1.3167499999999999,1.3182800000000001,10254
1576166400,1.3182800000000001,1.31941,1.31725,1.31839,25717
1576180800,1.31839,1.3192,1.31757,1.318,16265
1576195200,1.31725,1.31742,1.31505,1.31585,12609
1576209600,1.31585,1.31661,1.3157,1.31642,7923
1576224000,1.31644,1.31704,1.31592,1.31651,15151
1576238400,1.3165200000000001,1.31712,1.31539,1.31659,13887
1576252800,1.3166,1.32047,1.31518,1.31927,32537
1576267200,1.31927,1.31929,1.31617,1.31656,8995
1576454400,1.31715,1.31861,1.31715,1.3174299999999999,11678
1576468800,1.3174299999999999,1.31751,1.31634,1.31661,6170
1576483200,1.31662,1.3167200000000001,1.31349,1.31389,9810
1576497600,1.3139,1.3139,1.31149,1.31198,9402
1576512000,1.31197,1.31589,1.31197,1.31437,15817
1576526400,1.31437,1.31643,1.31394,1.3159399999999999,8329
1576540800,1.31543,1.3173599999999999,1.31543,1.31725,6172
1576555200,1.31725,1.31732,1.31595,1.31619,4926
1576569600,1.3162,1.31849,1.31616,1.3174000000000001,10537
1576584000,1.3174000000000001,1.31791,1.31571,1.31742,12121
1576598400,1.31741,1.3175,1.31453,1.31506,15003
1576612800,1.31506,1.31715,1.31488,1.31567,10557
1576627200,1.31565,1.31644,1.31525,1.31602,5094
1576641600,1.31602,1.31699,1.316,1.3164,6174
1576656000,1.31639,1.31758,1.31582,1.31626,9730
1576670400,1.31626,1.31639,1.3127900000000001,1.31303,9110
1576684800,1.31303,1.3134000000000001,1.31024,1.31173,13314
1576699200,1.31174,1.3118699999999999,1.3103799999999999,1.31143,8279
1576713600,1.31135,1.31181,1.31075,1.31152,5157
1576728000,1.31152,1.31195,1.3114,1.31188,3419
1576742400,1.3118699999999999,1.31196,1.31111,1.31165,8338
1576756800,1.31166,1.31265,1.3115,1.31205,9686
1576771200,1.31206,1.31379,1.31111,1.31189,14159
1576785600,1.31189,1.31266,1.31174,1.31239,7768
1576800000,1.31196,1.3134299999999999,1.31196,1.31328,3884
1576814400,1.31328,1.3138,1.3129,1.31295,4541
1576828800,1.31295,1.31412,1.31295,1.31385,7766
1576843200,1.31385,1.3181,1.3131,1.31583,9893
1576857600,1.31583,1.31781,1.31532,1.31644,13511
1576872000,1.31643,1.31722,1.3147,1.3147,9129
1577059200,1.31427,1.31585,1.31402,1.31549,5022
1577073600,1.31549,1.31597,1.31532,1.3158400000000001,4030
1577088000,1.3158400000000001,1.31604,1.31447,1.31495,8235
1577102400,1.31495,1.31707,1.31464,1.31676,8838
1577116800,1.31676,1.31765,1.31509,1.31537,11297
1577131200,1.31539,1.31559,1.31423,1.31479,8790
1577145600,1.3146900000000001,1.31571,1.31366,1.3155000000000001,4921
1577160000,1.31549,1.3158,1.31529,1.3155700000000001,4471
1577174400,1.31556,1.31608,1.31545,1.31605,8019
1577188800,1.31605,1.3167900000000001,1.31536,1.31583,7127
1577203200,1.3158400000000001,1.3165200000000001,1.31491,1.31619,8220
1577347200,1.31521,1.31545,1.31502,1.31505,769
1577361600,1.31505,1.31576,1.3146499999999999,1.31494,2336
1577376000,1.31491,1.31491,1.31098,1.31176,6826
1577390400,1.31176,1.31205,1.3103500000000001,1.3109600000000001,5282
1577404800,1.31076,1.31208,1.31056,1.31109,4711
1577419200,1.31109,1.31113,1.3102800000000001,1.31029,4549
1577433600,1.3102800000000001,1.31114,1.31,1.3101099999999999,8039
1577448000,1.3101099999999999,1.31013,1.30779,1.30881,8441
1577462400,1.30881,1.30966,1.30701,1.30714,15096
1577476800,1.30714,1.30863,1.3064,1.3078400000000001,8926
1577664000,1.30688,1.3084500000000001,1.30688,1.3069899999999999,5907
1577678400,1.30701,1.30716,1.30637,1.3064200000000001,8053
1577692800,1.3064200000000001,1.30786,1.30634,1.30719,8620
1577707200,1.30719,1.30741,1.30625,1.30629,8546
1577721600,1.3063,1.30773,1.30533,1.30597,16016
1577736000,1.30597,1.3070599999999999,1.30503,1.30677,10566
1577750400,1.30618,1.30683,1.30488,1.30497,4690
1577764800,1.30497,1.30534,1.30449,1.30466,3371
1577779200,1.30467,1.30534,1.30309,1.30324,5724
1577793600,1.30324,1.30324,1.29926,1.29931,11178
1577808000,1.29931,1.30094,1.29514,1.29779,19367
1577822400,1.29778,1.29785,1.2975400000000001,1.29756,117
1577952000,1.29865,1.2987199999999999,1.2968600000000001,1.2981,5057
1577966400,1.2981099999999999,1.30083,1.29801,1.29929,12406
1577980800,1.2993000000000001,1.30064,1.29755,1.2996400000000001,18131
1577995200,1.29963,1.29992,1.2984499999999999,1.29865,9619
1578009600,1.29801,1.2987,1.29773,1.29823,4856
1578024000,1.29824,1.29995,1.29756,1.29948,8832
1578038400,1.29948,1.29962,1.29609,1.29836,17391
1578052800,1.29836,1.3005200000000001,1.2972299999999999,1.29909,14808
1578067200,1.29909,1.2996699999999999,1.29761,1.29841,14346
1578081600,1.29841,1.30075,1.29841,1.29985,10492
1578268800,1.29846,1.299,1.29765,1.2981099999999999,6505
1578283200,1.29812,1.29826,1.29749,1.29766,5176
1578297600,1.29765,1.29875,1.2964,1.29671,11102
1578312000,1.29671,1.29803,1.29639,1.29707,11296
1578326400,1.29707,1.29897,1.29612,1.2965200000000001,13964
1578340800,1.29651,1.29715,1.296,1.2964,9769
1578355200,1.29629,1.2966,1.29596,1.29611,4316
1578369600,1.29611,1.29695,1.29595,1.2969300000000001,4803
1578384000,1.29695,1.29783,1.29568,1.29704,9761
1578398400,1.29705,1.30144,1.29691,1.30064,11290
1578412800,1.30065,1.30294,1.30006,1.30131,13105
1578427200,1.3013,1.30137,1.29999,1.3002799999999999,6945
1578441600,1.30015,1.30074,1.2982,1.29827,10435
1578456000,1.29825,1.29882,1.29799,1.29857,8940
1578470400,1.29857,1.3007900000000001,1.2976,1.30031,11556
1578484800,1.3003,1.30241,1.3003,1.30138,14035
1578499200,1.30138,1.30436,1.30098,1.30278,16608
1578513600,1.30279,1.30399,1.3023,1.30383,8903
1578528000,1.30348,1.30399,1.3026,1.30292,5574
1578542400,1.30289,1.30406,1.30283,1.30377,5274
1578556800,1.30377,1.30561,1.30356,1.30561,8437
1578571200,1.30561,1.30646,1.30422,1.30566,9460
1578585600,1.30566,1.31048,1.30563,1.3089,14154
1578600000,1.3089,1.3094299999999999,1.30533,1.30553,11012
1578614400,1.30538,1.30688,1.30534,1.30649,4661
1578628800,1.30649,1.3066499999999999,1.30598,1.30606,4668
1578643200,1.30606,1.30746,1.30537,1.30702,6545
1578657600,1.3070300000000001,1.30756,1.30288,1.30417,9470
1578672000,1.30417,1.30594,1.30335,1.30465,15308
1578686400,1.30464,1.30641,1.3045499999999999,1.30519,9394
1578873600,1.30476,1.30678,1.30476,1.30556,4297
1578888000,1.30556,1.30584,1.30451,1.3046,4509
1578902400,1.3046,1.3065,1.3045,1.3059,7460
1578916800,1.30591,1.30646,1.30412,1.30434,7562
1578931200,1.30434,1.30552,1.30313,1.30484,13983
1578945600,1.30484,1.30624,1.3045499999999999,1.30554,8215
1578960000,1.30515,1.30628,1.30495,1.3060399999999999,4044
1578974400,1.3060399999999999,1.30617,1.30537,1.3061,4457
1578988800,1.3060800000000001,1.30779,1.30521,1.30718,7360
1579003200,1.30718,1.3079399999999999,1.30664,1.30754,9792
1579017600,1.30754,1.3076400000000001,1.30498,1.3051,12651
1579032000,1.3050899999999999,1.3066499999999999,1.30468,1.30619,9334
1579046400,1.3051,1.30724,1.3051,1.30678,3768
1579060800,1.30677,1.30694,1.30558,1.30573,3666
1579075200,1.30573,1.3078,1.30569,1.3075999999999999,5899
1579089600,1.30761,1.30778,1.3060100000000001,1.30708,10320
1579104000,1.30709,1.30715,1.30349,1.30376,14364
1579118400,1.30377,1.30508,1.30359,1.30419,7996
1579132800,1.30426,1.30444,1.30349,1.30427,3686
1579147200,1.30427,1.30461,1.30423,1.3045499999999999,3054
1579161600,1.3045499999999999,1.3048,1.3032,1.30339,6458
1579176000,1.30338,1.30444,1.30323,1.3041800000000001,9345
1579190400,1.30417,1.30561,1.3037,1.30414,13859
1579204800,1.30414,1.30526,1.3039399999999999,1.30409,6842
1579219200,1.3038699999999999,1.30526,1.30379,1.30474,3793
1579233600,1.3046,1.30521,1.30419,1.30496,4154
1579248000,1.30497,1.3051599999999999,1.30335,1.3043,5732
1579262400,1.30431,1.30583,1.30405,1.30495,8852
1579276800,1.30494,1.30752,1.30399,1.30666,12642
1579291200,1.30666,1.30734,1.30605,1.30649,6949
1579478400,1.30548,1.30691,1.30548,1.30663,4952
1579492800,1.30663,1.30695,1.30626,1.30631,3548
1579507200,1.30631,1.30717,1.30548,1.30654,5541
1579521600,1.30654,1.3072300000000001,1.30613,1.3063,4551
1579536000,1.30631,1.30667,1.30439,1.30501,6517
1579550400,1.30501,1.30506,1.30435,1.30456,6076
1579564800,1.30461,1.30572,1.30444,1.3056,4010
1579579200,1.3056,1.30617,1.30539,1.30599,5062
1579593600,1.30597,1.30775,1.30594,1.30713,6834
1579608000,1.30713,1.30718,1.30565,1.30645,9508
1579622400,1.30645,1.30738,1.30515,1.30691,12458
1579636800,1.30691,1.30798,1.30644,1.30701,9016
1579651200,1.3068,1.3091599999999999,1.3068,1.30895,3787
1579665600,1.30893,1.3091599999999999,1.30797,1.30807,4745
1579680000,1.30807,1.30841,1.30659,1.30668,6542
1579694400,1.3066900000000001,1.3067199999999999,1.30358,1.30468,8634
1579708800,1.30469,1.31524,1.30444,1.31515,22195
1579723200,1.31512,1.31525,1.31318,1.31327,7458
1579737600,1.31355,1.31612,1.31324,1.31539,5340
1579752000,1.31538,1.31694,1.31535,1.31666,3983
1579766400,1.31665,1.31714,1.3155299999999999,1.31625,7509
1579780800,1.31626,1.31667,1.31513,1.31602,9833
1579795200,1.31604,1.31667,1.31345,1.31369,17189
1579809600,1.31371,1.3139,1.3124,1.3127,7597
1579824000,1.31247,1.3131599999999999,1.31243,1.31278,2291
1579838400,1.3127900000000001,1.31302,1.31241,1.31276,1927
1579852800,1.31277,1.31355,1.31208,1.3134700000000001,6706
1579867200,1.31346,1.31422,1.31177,1.3125,8211
1579881600,1.31251,1.3152300000000001,1.31239,1.31416,17949
1579896000,1.31416,1.31528,1.31388,1.31468,8818
1580083200,1.31505,1.31625,1.31477,1.31572,6170
1580097600,1.31574,1.31635,1.31571,1.3158699999999999,3759
1580112000,1.3158699999999999,1.31861,1.31585,1.3182800000000001,8071
1580126400,1.31827,1.31907,1.31754,1.3180100000000001,10820
1580140800,1.3180100000000001,1.31996,1.3173,1.3177400000000001,16941
1580155200,1.31775,1.31941,1.31748,1.31936,7890
1580169600,1.31891,1.31937,1.31833,1.3188900000000001,3676
1580184000,1.3188900000000001,1.3192,1.31817,1.31819,2899
1580198400,1.3182,1.3204500000000001,1.31798,1.31983,7596
1580212800,1.31983,1.32056,1.31876,1.31907,9371
1580227200,1.31907,1.32029,1.3171300000000001,1.31783,12944
1580241600,1.31785,1.31811,1.31542,1.31554,6456
1580256000,1.31537,1.31651,1.31537,1.31644,3539
1580270400,1.31643,1.3165,1.31586,1.31628,2736
1580284800,1.31628,1.3176,1.31602,1.31727,5912
1580299200,1.31728,1.319,1.31708,1.3189,6891
1580313600,1.3188900000000001,1.3208199999999999,1.31844,1.32,11258
1580328000,1.32,1.32094,1.31909,1.31977,8552
1580342400,1.3195299999999999,1.32046,1.31881,1.32,2970
1580356800,1.31999,1.32055,1.31998,1.32032,4115
1580371200,1.32031,1.32242,1.32023,1.32176,8163
1580385600,1.32175,1.3225,1.32065,1.32097,8734
1580400000,1.32098,1.3226499999999999,1.32095,1.32187,13415
1580414400,1.32187,1.32256,1.31902,1.32078,10862
1580428800,1.31998,1.32134,1.3195000000000001,1.32042,3425
1580443200,1.32042,1.32081,1.31998,1.3208,3071
1580457600,1.32081,1.32338,1.32081,1.32306,6334
1580472000,1.32306,1.32449,1.32203,1.32225,9574
1580486400,1.32225,1.32393,1.32181,1.32341,18862
1580500800,1.32341,1.32532,1.32264,1.32334,12658
1580688000,1.32312,1.32493,1.32312,1.3239,4979
1580702400,1.3239,1.32496,1.32379,1.3241,5269
1580716800,1.3241,1.32555,1.3235299999999999,1.32466,9359
1580731200,1.32466,1.32487,1.3231600000000001,1.3243,9835
1580745600,1.32429,1.33037,1.32348,1.32849,18862
1580760000,1.3285,1.33014,1.3280699999999999,1.32857,9654
1580774400,1.32865,1.33016,1.32865,1.32915,5238
1580788800,1.32917,1.3300100000000001,1.32866,1.32916,7252
1580803200,1.32916,1.32939,1.32668,1.32745,8581
1580817600,1.32745,1.3287,1.3272300000000001,1.3283800000000001,9723
1580832000,1.3283800000000001,1.32903,1.32636,1.32755,14171
1580846400,1.32755,1.32869,1.32735,1.32775,7773
1580860800,1.32735,1.32903,1.32735,1.3284,3913
1580875200,1.32842,1.32947,1.3284099999999999,1.32922,3856
1580889600,1.32922,1.3299400000000001,1.32629,1.32677,11000
1580904000,1.32677,1.32896,1.3266200000000001,1.32855,12539
1580918400,1.32855,1.33029,1.3272300000000001,1.32775,18553
1580932800,1.32776,1.3295,1.32765,1.32806,7776
1580947200,1.32805,1.32885,1.32797,1.32834,3683
1580961600,1.32833,1.32873,1.32804,1.3281,3189
1580976000,1.3281100000000001,1.32863,1.32754,1.32839,8699
1580990400,1.32839,1.32885,1.32701,1.32824,11869
1581004800,1.32824,1.3308900000000001,1.32803,1.32887,16751
1581019200,1.3289,1.32935,1.32827,1.32835,7747
1581033600,1.3280699999999999,1.32942,1.3280699999999999,1.32878,4579
1581048000,1.32878,1.32929,1.3285,1.32929,6055
1581062400,1.32929,1.33115,1.32891,1.331,9662
1581076800,1.331,1.33208,1.32779,1.33113,12951
1581091200,1.33113,1.3317999999999999,1.33007,1.33036,16474
1581105600,1.33035,1.33075,1.32953,1.33045,7080
1581292800,1.32979,1.3313,1.32979,1.33075,5850
1581307200,1.33075,1.33075,1.32894,1.32907,5468
1581321600,1.32908,1.33035,1.32886,1.32938,11019
1581336000,1.32938,1.33259,1.32885,1.33239,11860
1581350400,1.3324,1.33293,1.33124,1.33232,13349
1581364800,1.33232,1.33242,1.33152,1.33163,5405
1581379200,1.3315000000000001,1.332,1.33081,1.3309,3156
1581393600,1.33091,1.33121,1.32974,1.32974,3405
1581408000,1.32974,1.3301,1.32891,1.3295,7624
1581422400,1.32949,1.3314300000000001,1.32881,1.32999,9811
1581436800,1.32999,1.33033,1.32764,1.32921,14530
1581451200,1.32921,1.32948,1.32856,1.32867,5881
1581465600,1.32856,1.32959,1.32828,1.32831,3513
1581480000,1.3283,1.3286,1.32774,1.32795,4257
1581494400,1.32796,1.32861,1.32648,1.3271600000000001,9777
1581508800,1.32714,1.32748,1.3258,1.32645,8596
1581523200,1.32645,1.32702,1.3235700000000001,1.32454,13910
1581537600,1.32455,1.32643,1.32423,1.32487,5621
1581552000,1.3250600000000001,1.32617,1.32406,1.3244099999999999,6166
1581566400,1.3244099999999999,1.32547,1.32422,1.3250899999999999,4132
1581580800,1.3250899999999999,1.32646,1.32473,1.32587,8941
1581595200,1.32589,1.32711,1.32465,1.3253300000000001,12873
1581609600,1.3253300000000001,1.32635,1.32402,1.32576,15395
1581624000,1.32575,1.32681,1.32568,1.32667,4815
1581638400,1.3265799999999999,1.32691,1.32589,1.32605,4234
1581652800,1.32605,1.32622,1.32551,1.32576,3488
1581667200,1.32576,1.32588,1.32478,1.32489,6058
1581681600,1.32489,1.32513,1.3235700000000001,1.32376,8548
1581696000,1.32376,1.3260399999999999,1.32369,1.32504,11253
1581710400,1.32505,1.32565,1.32423,1.32508,4481
1581897600,1.32457,1.3251,1.3241800000000001,1.3242099999999999,3924
1581912000,1.3242099999999999,1.3243800000000001,1.32332,1.32345,3148
1581926400,1.32346,1.32461,1.32297,1.32303,4941
1581940800,1.32303,1.32348,1.3225,1.3232,5158
1581955200,1.3232,1.32403,1.32261,1.32295,4574
1581969600,1.32298,1.32372,1.32291,1.32328,2675
1581984000,1.32288,1.32517,1.32288,1.32484,3342
1581998400,1.32485,1.32556,1.32453,1.32457,2703
1582012800,1.32458,1.32706,1.32425,1.32659,7444
1582027200,1.32659,1.32785,1.32522,1.32705,9756
1582041600,1.32705,1.32763,1.3250199999999999,1.32551,10528
1582056000,1.32551,1.32623,1.32484,1.32584,3668
1582070400,1.32547,1.32596,1.32519,1.32527,5696
1582084800,1.32527,1.3253599999999999,1.32443,1.32477,2644
1582099200,1.32477,1.32493,1.32287,1.32352,6038
1582113600,1.3235299999999999,1.32394,1.32151,1.32257,8569
1582128000,1.32257,1.32534,1.32215,1.32358,12557
1582142400,1.3235700000000001,1.32367,1.32184,1.32195,5060
1582156800,1.32185,1.32264,1.32118,1.32246,3643
1582171200,1.32246,1.32404,1.3221,1.32304,5318
1582185600,1.32303,1.32568,1.32294,1.32504,8290
1582200000,1.32505,1.32657,1.32491,1.3262,9608
1582214400,1.32621,1.32688,1.32242,1.32592,15266
1582228800,1.32592,1.32645,1.32488,1.32589,5400
1582243200,1.32527,1.32625,1.32465,1.32572,4641
1582257600,1.32572,1.32671,1.32465,1.32466,4897
1582272000,1.32467,1.3268499999999999,1.3244500000000001,1.3260100000000001,9357
1582286400,1.32602,1.32671,1.32463,1.32587,9099
1582300800,1.32586,1.32648,1.3202099999999999,1.32071,15600
1582315200,1.32071,1.3226499999999999,1.32023,1.3223799999999999,5329
1582502400,1.32512,1.32666,1.32419,1.32606,8037
1582516800,1.32606,1.3272,1.32576,1.3271,3937
1582531200,1.32711,1.3296700000000001,1.32653,1.32949,12525
1582545600,1.3295,1.33076,1.32821,1.32888,10688
1582560000,1.32889,1.32924,1.32523,1.32731,17525
1582574400,1.32732,1.32935,1.3272599999999999,1.32917,8964
1582588800,1.32905,1.32965,1.32808,1.32857,6591
1582603200,1.32857,1.32972,1.32801,1.32956,6023
1582617600,1.32956,1.33005,1.32783,1.3299,11797
1582632000,1.32992,1.33057,1.32819,1.32846,12330
1582646400,1.32846,1.32931,1.32711,1.32829,18554
1582660800,1.32831,1.32977,1.32672,1.32791,11686
1582675200,1.32736,1.32941,1.32736,1.3286,5437
1582689600,1.32862,1.32883,1.32742,1.32805,4461
1582704000,1.32805,1.33078,1.32802,1.33032,12489
1582718400,1.3303099999999999,1.3306200000000001,1.32892,1.32979,16201
1582732800,1.3298,1.33252,1.32714,1.33205,20738
1582747200,1.3320400000000001,1.33349,1.33084,1.33338,11297
1582761600,1.33269,1.33476,1.33249,1.33461,6988
1582776000,1.33461,1.33475,1.33358,1.33374,6788
1582790400,1.33373,1.33462,1.33202,1.33234,14223
1582804800,1.33234,1.33698,1.33165,1.3360400000000001,14942
1582819200,1.3360400000000001,1.33744,1.33422,1.33622,26974
1582833600,1.33623,1.33944,1.33554,1.33937,13106
1582848000,1.33887,1.34168,1.33777,1.34151,7849
1582862400,1.34151,1.34486,1.34151,1.34427,8848
1582876800,1.34427,1.34566,1.34335,1.34453,20948
1582891200,1.34448,1.34646,1.34239,1.34542,22430
1582905600,1.34544,1.34608,1.3402,1.34322,35705
1582920000,1.34325,1.34447,1.33907,1.33925,19594
1583107200,1.34352,1.34394,1.3357999999999999,1.33764,8136
1583121600,1.3376299999999999,1.33811,1.33332,1.33433,7092
1583136000,1.33433,1.33549,1.33147,1.334,15370
1583150400,1.334,1.33833,1.3333,1.33782,20645
1583164800,1.33781,1.33964,1.33263,1.33396,28577
1583179200,1.33396,1.3357700000000001,1.3320400000000001,1.33221,14214
1583193600,1.3324,1.33493,1.33179,1.3348900000000001,6755
1583208000,1.3349,1.3351199999999999,1.33281,1.33474,8389
1583222400,1.33474,1.3369,1.334,1.33541,11575
1583236800,1.33541,1.3372600000000001,1.3348200000000001,1.33615,15496
1583251200,1.33617,1.33836,1.3319,1.33694,36781
1583265600,1.33694,1.3391,1.33598,1.3388499999999999,24230
1583280000,1.33811,1.33868,1.33534,1.33625,6480
1583294400,1.33625,1.33653,1.33445,1.33544,4505
1583308800,1.33545,1.33659,1.33493,1.33585,11920
1583323200,1.3358400000000001,1.33714,1.33454,1.33653,14993
1583337600,1.33654,1.34314,1.33287,1.34074,29455
1583352000,1.34073,1.34105,1.33835,1.33853,12634
1583366400,1.33832,1.3402,1.33826,1.33959,4377
1583380800,1.33958,1.3402,1.33902,1.33921,3089
1583395200,1.33921,1.34106,1.33873,1.3397000000000001,10118
1583409600,1.3397000000000001,1.34325,1.33924,1.3416299999999999,12641
1583424000,1.3416299999999999,1.3428,1.33891,1.34259,18468
1583438400,1.34259,1.34383,1.33993,1.34106,13186
1583452800,1.34043,1.34082,1.33869,1.3388499999999999,5643
1583467200,1.3388499999999999,1.34134,1.33879,1.3406799999999999,7366
1583481600,1.34067,1.34093,1.3379400000000001,1.34026,13618
1583496000,1.34027,1.34286,1.33929,1.34144,24848
1583510400,1.34147,1.34395,1.33991,1.34135,27226
1583524800,1.34135,1.34349,1.34084,1.3422,15595
1583712000,1.35888,1.37575,1.35798,1.36938,19991
1583726400,1.36939,1.37018,1.36258,1.36376,21010
1583740800,1.36375,1.3664399999999999,1.35707,1.36051,21233
1583755200,1.3605,1.36898,1.35832,1.35876,25787
1583769600,1.35877,1.3609,1.35174,1.3602699999999999,32149
1583784000,1.3602699999999999,1.37036,1.35869,1.36945,20979
1583798400,1.3689200000000001,1.36947,1.36276,1.3654600000000001,12375
1583812800,1.3654600000000001,1.3664,1.36089,1.36359,10062
1583827200,1.36358,1.36859,1.36204,1.36684,20246
1583841600,1.36685,1.36859,1.36385,1.36803,25953
1583856000,1.36803,1.37962,1.36747,1.37727,32591
1583870400,1.3773,1.37735,1.37047,1.37242,20162
1583884800,1.3725399999999999,1.37461,1.37043,1.3717,11147
1583899200,1.37169,1.37208,1.36905,1.37086,7897
1583913600,1.37086,1.37331,1.36813,1.36986,17242
1583928000,1.36988,1.37517,1.36815,1.37362,20987
1583942400,1.37362,1.37613,1.37119,1.37527,28157
1583956800,1.37527,1.37945,1.37332,1.37785,19650
1583971200,1.37785,1.3820299999999999,1.37661,1.3804699999999999,10994
1583985600,1.38048,1.38114,1.37647,1.37823,11250
1584000000,1.37821,1.37962,1.37524,1.37777,12309
1584014400,1.3777599999999999,1.38536,1.37643,1.37725,23217
1584028800,1.37724,1.38975,1.37073,1.37947,38777
1584043200,1.37947,1.3961299999999999,1.37881,1.3915,18124
1584057600,1.39126,1.39471,1.39093,1.39347,15431
1584072000,1.39347,1.39414,1.38655,1.38941,12790
1584086400,1.3894,1.39026,1.37832,1.3789500000000001,24761
1584100800,1.37897,1.38843,1.37818,1.3878300000000001,23883
1584115200,1.3878300000000001,1.3995199999999999,1.38525,1.38987,41164
1584129600,1.38988,1.39778,1.3796,1.38002,21848
1584316800,1.37425,1.38605,1.37287,1.38358,26397
1584331200,1.38357,1.3878,1.38313,1.38751,7347
1584345600,1.3874900000000001,1.39104,1.38491,1.38933,20933
1584360000,1.38932,1.39873,1.38903,1.39574,37070
1584374400,1.3956,1.40184,1.3924400000000001,1.39801,46584
1584388800,1.3980299999999999,1.40189,1.39634,1.3997899999999999,27557
1584403200,1.40004,1.40157,1.39603,1.3974199999999999,16537
1584417600,1.3974199999999999,1.39894,1.3968099999999999,1.3988399999999999,8638
1584432000,1.39881,1.40789,1.39833,1.40656,19685
1584446400,1.40655,1.41643,1.40551,1.41323,28937
1584460800,1.41322,1.4245999999999999,1.40833,1.4212,35769
1584475200,1.42123,1.42763,1.41801,1.4205999999999999,20651
1584489600,1.42047,1.42472,1.4193799999999999,1.42062,11048
1584504000,1.42056,1.42082,1.41663,1.41985,9864
1584518400,1.41985,1.43444,1.41983,1.43037,18406
1584532800,1.4304000000000001,1.44743,1.4298899999999999,1.44253,24504
1584547200,1.44252,1.46505,1.43927,1.4554,48652
1584561600,1.45538,1.46112,1.43481,1.44906,26864
1584576000,1.45073,1.4650400000000001,1.44235,1.46368,16636
1584590400,1.46369,1.46679,1.46065,1.46065,10896
1584604800,1.46065,1.46189,1.44592,1.4502,27014
1584619200,1.45021,1.46323,1.44268,1.44313,43939
1584633600,1.44311,1.45285,1.44199,1.4475,42533
1584648000,1.44754,1.4530699999999999,1.44677,1.45015,29767
1584662400,1.45014,1.45353,1.44031,1.44222,15502
1584676800,1.44221,1.44292,1.43712,1.43943,11689
1584691200,1.43939,1.43973,1.4149,1.42273,31162
1584705600,1.42278,1.43488,1.41994,1.42977,34169
1584720000,1.4298,1.44014,1.42374,1.43661,39990
1584734400,1.4365999999999999,1.4445999999999999,1.43178,1.43338,26816
1584921600,1.43524,1.44878,1.4350399999999999,1.44271,14197
1584936000,1.44272,1.4451399999999999,1.44004,1.44268,8922
1584950400,1.4426999999999999,1.44797,1.44063,1.44714,32968
1584964800,1.44714,1.44912,1.4335,1.44119,45325
1584979200,1.44119,1.45608,1.44071,1.44968,55056
1584993600,1.44978,1.45466,1.44891,1.44936,31409
1585008000,1.44955,1.45068,1.4422,1.4428,12667
1585022400,1.44281,1.44522,1.43995,1.44323,14588
1585036800,1.44323,1.44323,1.43811,1.4390100000000001,22690
1585051200,1.43902,1.45316,1.4374500000000001,1.4452,41743
1585065600,1.4452,1.4521,1.44264,1.44966,49484
1585080000,1.44963,1.4509400000000001,1.44435,1.44615,30833
1585094400,1.44646,1.44821,1.4413,1.44159,11223
1585108800,1.4416,1.44167,1.4337,1.43377,12492
1585123200,1.43375,1.44003,1.42956,1.4339,29741
1585137600,1.4339,1.44246,1.43015,1.43705,33777
1585152000,1.43702,1.43956,1.42065,1.42365,53312
1585166400,1.42364,1.42516,1.41776,1.41861,30310
1585180800,1.41864,1.42592,1.41851,1.42592,13309
1585195200,1.42592,1.42688,1.4227400000000001,1.42458,11657
1585209600,1.42458,1.42753,1.41632,1.4163700000000001,29249
1585224000,1.41638,1.41837,1.40658,1.41184,40213
1585238400,1.4117899999999999,1.41288,1.40099,1.40711,35122
1585252800,1.40711,1.4086,1.40085,1.40398,22220
1585267200,1.40436,1.40713,1.40278,1.40368,11938
1585281600,1.40367,1.40509,1.39889,1.39897,14145
1585296000,1.39896,1.40973,1.39887,1.4091,27285
1585310400,1.4090799999999999,1.4154200000000001,1.4049800000000001,1.4114499999999999,40265
1585324800,1.4114499999999999,1.4128,1.39994,1.4004699999999999,42572
1585339200,1.40042,1.40079,1.3921000000000001,1.39744,26102
1585526400,1.40182,1.40822,1.4009,1.40517,11330
1585540800,1.40515,1.40702,1.40351,1.40497,12920
1585555200,1.40497,1.40971,1.40107,1.40726,26751
1585569600,1.40727,1.41681,1.40648,1.41568,28128
1585584000,1.41567,1.41836,1.41175,1.41519,43670
1585598400,1.4152,1.41742,1.41302,1.41586,24381
1585612800,1.41544,1.42057,1.41489,1.4188399999999999,11164
1585627200,1.4188399999999999,1.42068,1.41625,1.41957,13700
1585641600,1.41957,1.42053,1.41634,1.41924,22509
1585656000,1.41924,1.42676,1.4187,1.42389,30865
1585670400,1.42389,1.43493,1.40927,1.41862,58939
1585684800,1.41862,1.42265,1.40115,1.40575,42668
1585699200,1.40608,1.40953,1.40591,1.40712,8578
1585713600,1.40712,1.41186,1.40703,1.41078,9959
1585728000,1.41077,1.42328,1.41008,1.4194200000000001,21786
1585742400,1.4194200000000001,1.42716,1.41818,1.42481,26727
1585756800,1.42481,1.42481,1.41317,1.42178,42303
1585771200,1.42179,1.4249100000000001,1.41599,1.41913,35675
1585785600,1.41855,1.41924,1.41461,1.41807,8694
1585800000,1.41807,1.41953,1.4165,1.4166400000000001,7764
1585814400,1.41665,1.41719,1.4077899999999999,1.41243,17401
1585828800,1.41245,1.42387,1.40937,1.42354,23317
1585843200,1.42354,1.4298,1.40808,1.41406,59841
1585857600,1.41406,1.42271,1.4132500000000001,1.41431,25142
1585872000,1.4131,1.4170099999999999,1.41151,1.41639,7680
1585886400,1.41639,1.4173200000000001,1.41471,1.41668,6563
1585900800,1.41668,1.4197199999999999,1.41322,1.4154900000000001,20878
1585915200,1.41548,1.42238,1.41225,1.41367,33615
1585929600,1.41367,1.41636,1.40941,1.41426,33929
1585944000,1.41425,1.42066,1.41254,1.41914,25480
1586131200,1.4217,1.4261300000000001,1.41843,1.4209100000000001,12313
1586145600,1.42093,1.42127,1.41718,1.41818,12276
1586160000,1.41818,1.41833,1.40805,1.41258,23182
1586174400,1.41258,1.4163299999999999,1.40892,1.4138600000000001,22977
1586188800,1.41385,1.41745,1.41058,1.41093,36947
1586203200,1.41092,1.41239,1.40948,1.41095,17286
1586217600,1.4108399999999999,1.41429,1.4096199999999999,1.41125,10127
1586232000,1.41124,1.4116900000000001,1.4053,1.40586,11736
1586246400,1.40586,1.40692,1.40119,1.4037,24166
1586260800,1.40371,1.40371,1.39633,1.39726,35374
1586275200,1.39727,1.40283,1.39447,1.39565,41954
1586289600,1.3956,1.40026,1.3951,1.3989099999999999,28674
1586304000,1.3986,1.4041000000000001,1.3979599999999999,1.40373,10567
1586318400,1.40374,1.40485,1.40151,1.4038,11133
1586332800,1.40381,1.40809,1.40271,1.40347,24042
1586347200,1.40347,1.40538,1.39906,1.40297,23461
1586361600,1.40297,1.40723,1.39946,1.40234,31015
1586376000,1.40234,1.40759,1.40061,1.40063,17806
1586390400,1.40147,1.40242,1.39996,1.40059,7473
1586404800,1.40057,1.40351,1.40029,1.40326,14913
1586419200,1.40327,1.40547,1.40082,1.40457,17624
1586433600,1.40458,1.40775,1.40028,1.40113,28044
1586448000,1.40113,1.4028,1.3930799999999999,1.39685,49426
1586462400,1.39683,1.40371,1.39318,1.39702,34232
1586476800,1.39699,1.40084,1.39609,1.40053,3154
1586491200,1.40053,1.40076,1.39499,1.39529,4430
1586505600,1.39512,1.3959,1.39445,1.39489,5340
1586520000,1.39489,1.39729,1.39479,1.39719,6729
1586534400,1.39718,1.39814,1.3958300000000001,1.39659,8371
1586548800,1.39659,1.39699,1.39477,1.3951500000000001,3659
1586736000,1.39245,1.40006,1.39222,1.3954900000000001,9109
1586750400,1.3954900000000001,1.39578,1.39405,1.3945699999999999,7502
1586764800,1.39458,1.39731,1.39223,1.3965,8759
1586779200,1.3965,1.39846,1.3952499999999999,1.3973200000000001,12656
1586793600,1.39733,1.39872,1.39195,1.39311,24452
1586808000,1.39321,1.3937300000000001,1.38553,1.39024,16476
1586822400,1.38882,1.39055,1.38673,1.38904,6375
1586836800,1.38904,1.38999,1.3863400000000001,1.38716,8516
1586851200,1.38715,1.39083,1.38624,1.38985,12669
1586865600,1.38986,1.39249,1.38944,1.3906800000000001,16469
1586880000,1.3906800000000001,1.39212,1.3867,1.39065,24620
1586894400,1.39065,1.39192,1.38763,1.38794,12722
1586908800,1.38785,1.38984,1.38762,1.38952,4813
1586923200,1.38952,1.39117,1.38932,1.39051,4757
1586937600,1.39052,1.40179,1.39029,1.40043,15495
1586952000,1.40043,1.4111500000000001,1.40007,1.41099,23044
1586966400,1.41099,1.41322,1.40512,1.40934,35291
1586980800,1.40938,1.41139,1.40523,1.41098,16876
1586995200,1.4102999999999999,1.41324,1.41021,1.41278,6272
1587009600,1.41278,1.41364,1.41079,1.4117600000000001,12119
1587024000,1.4117600000000001,1.41277,1.40876,1.40958,17027
1587038400,1.40958,1.41243,1.40662,1.4068,20391
1587052800,1.4068100000000001,1.41824,1.40629,1.41611,34618
1587067200,1.41609,1.41647,1.40904,1.4091,19659
1587081600,1.40811,1.40861,1.40143,1.40395,9848
1587096000,1.40395,1.4040599999999999,1.40051,1.4022700000000001,8217
1587110400,1.40226,1.41079,1.40179,1.4093499999999999,20744
1587124800,1.4093499999999999,1.41178,1.40495,1.40588,22445
1587139200,1.4058899999999999,1.40698,1.40222,1.40367,28715
1587153600,1.40368,1.40472,1.39939,1.40005,14668
1587340800,1.4013499999999999,1.40533,1.4013499999999999,1.40519,7305
1587355200,1.40518,1.40782,1.40515,1.40669,11139
1587369600,1.40673,1.4102999999999999,1.40499,1.40625,13890
1587384000,1.40624,1.4132500000000001,1.40503,1.41033,17166
1587398400,1.41033,1.41209,1.40313,1.40946,32215
1587412800,1.40946,1.41505,1.40668,1.41476,22978
1587427200,1.4135900000000001,1.41534,1.41174,1.41275,9764
1587441600,1.41275,1.41776,1.41132,1.41626,15632
1587456000,1.41626,1.42176,1.41422,1.42103,21309
1587470400,1.42102,1.4264999999999999,1.41993,1.42298,39369
1587484800,1.42297,1.42427,1.41669,1.4210099999999999,51137
1587499200,1.42099,1.4226,1.4161000000000001,1.42084,39346
1587513600,1.42043,1.42092,1.41834,1.4194499999999999,8117
1587528000,1.4194499999999999,1.42339,1.4168,1.42332,14716
1587542400,1.42332,1.4237600000000001,1.41388,1.41495,25995
1587556800,1.41494,1.41627,1.41212,1.41281,24111
1587571200,1.4128,1.41745,1.41148,1.4160300000000001,35227
1587585600,1.41602,1.41958,1.41516,1.41596,18647
1587600000,1.41563,1.4197899999999999,1.41563,1.4194,5641
1587614400,1.41941,1.41941,1.41512,1.41523,11379
1587628800,1.41525,1.41792,1.4114900000000001,1.41523,22803
1587643200,1.41522,1.4161299999999999,1.4080300000000001,1.40953,21451
1587657600,1.40956,1.41079,1.39999,1.40527,33387
1587672000,1.40526,1.40807,1.40443,1.40739,19932
1587686400,1.40738,1.40884,1.40531,1.40839,7470
1587700800,1.40839,1.40884,1.40602,1.40759,9222
1587715200,1.4076,1.4115,1.4074499999999999,1.40972,17174
1587729600,1.40973,1.40992,1.40235,1.40568,18446
1587744000,1.4056899999999999,1.41148,1.4052799999999999,1.4102999999999999,25606
1587758400,1.41029,1.412,1.40804,1.4093,14880
1587945600,1.40912,1.4117,1.40889,1.4096,5530
1587960000,1.4096,1.40987,1.4056199999999999,1.40622,12045
1587974400,1.40622,1.4071,1.40392,1.4041299999999999,17837
1587988800,1.40414,1.40737,1.40412,1.40629,14437
1588003200,1.40628,1.40831,1.40308,1.40599,24154
1588017600,1.40598,1.40601,1.4029099999999999,1.40361,12484
1588032000,1.40312,1.40416,1.40136,1.40287,6029
1588046400,1.4028800000000001,1.4069,1.40285,1.4062299999999999,9967
1588060800,1.40624,1.40729,1.40072,1.4012,13920
1588075200,1.4012,1.40156,1.39391,1.39533,17943
1588089600,1.39532,1.40057,1.39355,1.39941,24280
1588104000,1.39942,1.4,1.39727,1.39973,12842
1588118400,1.39929,1.40033,1.39594,1.39603,4734
1588132800,1.39602,1.39624,1.39409,1.39463,7773
1588147200,1.39463,1.39584,1.39298,1.39352,16004
1588161600,1.39352,1.39621,1.39273,1.39275,13602
1588176000,1.39277,1.39439,1.39117,1.39268,23956
1588190400,1.39269,1.3927399999999999,1.3874,1.38746,16551
1588204800,1.38735,1.38984,1.38735,1.3888,4280
1588219200,1.3888099999999999,1.38952,1.38649,1.38649,7339
1588233600,1.38654,1.38952,1.38581,1.38741,13857
1588248000,1.38742,1.38895,1.38502,1.38827,18133
1588262400,1.38827,1.39448,1.38726,1.39283,36881
1588276800,1.39283,1.3958599999999999,1.39092,1.39435,14883
1588291200,1.39433,1.39815,1.39246,1.39677,7710
1588305600,1.39677,1.40068,1.3963700000000001,1.3998300000000001,8574
1588320000,1.39984,1.40428,1.39953,1.40189,12512
1588334400,1.40189,1.40443,1.40085,1.40113,14178
1588348800,1.40112,1.41093,1.40097,1.40852,23950
1588363200,1.40852,1.40911,1.4050099999999999,1.4086,13233
1588550400,1.40798,1.41528,1.40766,1.41509,7767
1588564800,1.41507,1.41507,1.41015,1.41214,9285
1588579200,1.41214,1.41399,1.4093,1.41012,14336
1588593600,1.41011,1.41258,1.40512,1.40917,16238
1588608000,1.40918,1.41124,1.40729,1.4096600000000001,22519
1588622400,1.40965,1.4102299999999999,1.40685,1.40862,12761
1588636800,1.408,1.4092,1.40648,1.40652,4372
1588651200,1.40651,1.40727,1.40554,1.4064999999999999,5583
1588665600,1.40651,1.40944,1.40312,1.40887,16622
1588680000,1.40887,1.40948,1.40183,1.4043999999999999,18333
1588694400,1.40441,1.4064999999999999,1.40079,1.40301,23611
1588708800,1.403,1.40549,1.40214,1.4043,11520
1588723200,1.40423,1.4074499999999999,1.40312,1.40692,6166
1588737600,1.40693,1.4077600000000001,1.40461,1.40473,9713
1588752000,1.40473,1.40612,1.40228,1.40514,12921
1588766400,1.40515,1.41107,1.40439,1.41051,14339
1588780800,1.41051,1.4157199999999999,1.4093499999999999,1.41331,27959
1588795200,1.41331,1.41505,1.4115,1.41446,14770
1588809600,1.4143,1.41727,1.41412,1.41466,6198
1588824000,1.41466,1.41482,1.41244,1.41254,6723
1588838400,1.41255,1.41302,1.4078300000000001,1.40914,13698
1588852800,1.40915,1.40923,1.40639,1.40709,14516
1588867200,1.4071,1.40869,1.39526,1.39797,26328
1588881600,1.3979599999999999,1.40064,1.39667,1.39733,13226
1588896000,1.39718,1.39881,1.39311,1.3936899999999999,5695
1588910400,1.3936899999999999,1.39462,1.39248,1.39387,8059
1588924800,1.39387,1.39598,1.3927100000000001,1.39497,9269
1588939200,1.39496,1.39653,1.39252,1.3946,11915
1588953600,1.39459,1.3964400000000001,1.39087,1.39235,19965
1588968000,1.39235,1.39419,1.39193,1.39193,9029
1589155200,1.3929,1.39459,1.39233,1.39296,5732
1589169600,1.39297,1.39344,1.3900000000000001,1.3907,5987
1589184000,1.3907,1.39699,1.3906800000000001,1.3956,11022
1589198400,1.3956,1.4014199999999999,1.39545,1.39977,18016
1589212800,1.39978,1.40427,1.39759,1.4016,22226
1589227200,1.4016,1.4034499999999999,1.40042,1.40158,11434
1589241600,1.40147,1.40645,1.40066,1.40572,6340
1589256000,1.40571,1.40598,1.4042,1.40427,9547
1589270400,1.40428,1.40457,1.40073,1.4013499999999999,12931
1589284800,1.4013499999999999,1.40197,1.39724,1.39886,13343
1589299200,1.39886,1.40248,1.3982999999999999,1.40119,20622
1589313600,1.40118,1.40793,1.40117,1.40772,15308
1589328000,1.4075,1.40853,1.4058,1.4058899999999999,6947
1589342400,1.4059,1.40738,1.40478,1.40497,11719
1589356800,1.4049800000000001,1.40762,1.40353,1.40448,14174
1589371200,1.40448,1.4049800000000001,1.40064,1.4028100000000001,15659
1589385600,1.40283,1.41044,1.40209,1.40887,32894
1589400000,1.40888,1.4115,1.4087399999999999,1.40987,18655
1589414400,1.40974,1.41043,1.40854,1.40933,6739
1589428800,1.40934,1.41073,1.40887,1.41018,9810
1589443200,1.41019,1.41158,1.40891,1.41006,13688
1589457600,1.41006,1.41242,1.40683,1.41125,18790
1589472000,1.41125,1.41412,1.40751,1.40765,26635
1589486400,1.40765,1.40872,1.40324,1.40459,16035
1589500800,1.404,1.40512,1.4031799999999999,1.40482,8838
1589515200,1.40481,1.40597,1.40398,1.40398,9087
1589529600,1.40398,1.4056899999999999,1.40183,1.4047,12166
1589544000,1.40469,1.41104,1.40411,1.40768,19109
1589558400,1.40768,1.41074,1.40523,1.41025,27350
1589572800,1.41026,1.4117,1.4096199999999999,1.41069,12643
1589760000,1.4104999999999999,1.4115199999999999,1.4087100000000001,1.40906,4980
1589774400,1.40906,1.40916,1.4065699999999999,1.40784,6844
1589788800,1.40784,1.40886,1.40598,1.4072200000000001,10720
1589803200,1.4072200000000001,1.40798,1.4025400000000001,1.4029,11209
1589817600,1.40292,1.4032,1.3956,1.39754,22252
1589832000,1.39753,1.39753,1.39392,1.39395,9261
1589846400,1.39404,1.3945699999999999,1.39234,1.3930799999999999,6564
1589860800,1.39307,1.39695,1.39306,1.3948,10686
1589875200,1.3948,1.39622,1.39066,1.3921299999999999,18974
1589889600,1.39214,1.3942,1.39045,1.39112,15101
1589904000,1.39112,1.3918300000000001,1.3873199999999999,1.3891,19396
1589918400,1.38909,1.3946399999999999,1.38665,1.39422,12444
1589932800,1.39384,1.39607,1.39172,1.39216,5508
1589947200,1.3921700000000001,1.39361,1.39169,1.39288,6945
1589961600,1.39289,1.39504,1.39211,1.39266,13305
1589976000,1.39267,1.3931,1.3879299999999999,1.38837,12626
1589990400,1.38836,1.39245,1.38679,1.39023,19165
1590004800,1.39023,1.39121,1.38824,1.38979,11095
1590019200,1.38972,1.3924699999999999,1.38972,1.39245,6119
1590033600,1.3924400000000001,1.39409,1.39237,1.39345,7595
1590048000,1.39346,1.39467,1.39108,1.39131,9498
1590062400,1.3912900000000001,1.393,1.3891,1.39111,15141
1590076800,1.3911,1.39704,1.38947,1.39609,24568
1590091200,1.39608,1.39608,1.39302,1.39548,12276
1590105600,1.39504,1.39564,1.39412,1.3949,3526
1590120000,1.3949,1.4004400000000001,1.3945699999999999,1.40035,11592
1590134400,1.40036,1.4035199999999999,1.39975,1.40268,16623
1590148800,1.40268,1.4039,1.39994,1.40361,14917
1590163200,1.4036,1.40486,1.40119,1.40151,17387
1590177600,1.4015,1.4015,1.39824,1.4003,7142
1590364800,1.399,1.40027,1.39789,1.39887,5651
1590379200,1.39887,1.4007800000000001,1.39863,1.3989099999999999,11120
1590393600,1.3989099999999999,1.40027,1.39771,1.3978,9140
1590408000,1.39778,1.39927,1.3971,1.39914,7230
1590422400,1.39913,1.39962,1.39686,1.39844,5964
1590436800,1.39845,1.39957,1.3973900000000001,1.3975,28752
1590451200,1.3973499999999999,1.39859,1.39555,1.39592,4868
1590465600,1.39591,1.3965,1.3939300000000001,1.3945699999999999,6581
1590480000,1.3945699999999999,1.39478,1.3886,1.38866,11422
1590494400,1.38866,1.38929,1.38199,1.38235,14764
1590508800,1.3823400000000001,1.38427,1.37829,1.37863,21153
1590523200,1.37863,1.37976,1.37568,1.37734,14099
1590537600,1.377,1.38052,1.3768099999999999,1.37931,8516
1590552000,1.37931,1.37985,1.37708,1.3784100000000001,10935
1590566400,1.3784,1.37935,1.37552,1.37613,14395
1590580800,1.37615,1.37782,1.37277,1.37724,21925
1590595200,1.37726,1.38228,1.37578,1.3787099999999999,34817
1590609600,1.3787,1.37974,1.37484,1.37493,15285
1590624000,1.3752900000000001,1.3765,1.374,1.37435,9019
1590638400,1.37436,1.37811,1.37339,1.37738,15619
1590652800,1.37737,1.37894,1.3740299999999999,1.3784399999999999,17953
1590667200,1.3784399999999999,1.37893,1.37512,1.37625,17738
1590681600,1.37625,1.37865,1.37455,1.37528,28609
1590696000,1.37528,1.379,1.37478,1.3761,20309
1590710400,1.37605,1.37881,1.37588,1.37869,9481
1590724800,1.37867,1.37937,1.37633,1.37637,11863
1590739200,1.37636,1.37815,1.37531,1.37724,15616
1590753600,1.37723,1.37736,1.37144,1.37423,16356
1590768000,1.37424,1.38326,1.37424,1.38064,37803
1590782400,1.38064,1.3820999999999999,1.37596,1.3767,30315
1590969600,1.37705,1.38001,1.37257,1.37353,10696
1590984000,1.3735,1.37391,1.3698299999999999,1.37273,13575
1590998400,1.37274,1.3735,1.36731,1.3713199999999999,20460
1591012800,1.3713199999999999,1.3732,1.37003,1.37225,16006
1591027200,1.3722699999999999,1.3738000000000001,1.35839,1.35972,26443
1591041600,1.35972,1.3600400000000001,1.35582,1.35732,11719
1591056000,1.35739,1.3585099999999999,1.35449,1.35516,6515
1591070400,1.35514,1.3572,1.35487,1.35534,13875
1591084800,1.35535,1.3555,1.3501400000000001,1.35073,18014
1591099200,1.35074,1.35404,1.34928,1.3535300000000001,17135
1591113600,1.3535,1.35437,1.3484,1.35153,27513
1591128000,1.35153,1.35379,1.35038,1.35209,14690
1591142400,1.35087,1.35277,1.34877,1.34906,8034
1591156800,1.34908,1.35162,1.3479700000000001,1.35038,17169
1591171200,1.35036,1.35358,1.34909,1.3525,17906
1591185600,1.35249,1.35723,1.35036,1.3534,22246
1591200000,1.3534,1.35657,1.34805,1.34903,34716
1591214400,1.3490199999999999,1.3502100000000001,1.34847,1.3494,12789
1591228800,1.3490199999999999,1.35186,1.34898,1.35102,7412
1591243200,1.351,1.35179,1.34986,1.35108,12345
1591257600,1.35107,1.35302,1.34893,1.34932,13411
1591272000,1.3493,1.35412,1.34677,1.35172,21558
1591286400,1.3517299999999999,1.35366,1.3473,1.35137,35352
1591300800,1.3513600000000001,1.35175,1.34787,1.3497,17924
1591315200,1.34923,1.35114,1.349,1.35095,8282
1591329600,1.35094,1.35127,1.34836,1.349,10957
1591344000,1.3489900000000001,1.34958,1.34604,1.34791,16875
1591358400,1.34791,1.35035,1.33928,1.34479,25793
1591372800,1.34479,1.34528,1.33913,1.34301,34753
1591387200,1.34301,1.3449,1.34192,1.34205,15512
1591574400,1.3394300000000001,1.34214,1.3391600000000001,1.34139,6865
1591588800,1.34138,1.34361,1.3410199999999999,1.34268,12264
1591603200,1.34268,1.34368,1.33945,1.33983,16033
1591617600,1.33983,1.34188,1.3392,1.34058,16367
1591632000,1.34058,1.34076,1.33698,1.33932,27053
1591646400,1.33932,1.33936,1.33566,1.33811,12156
1591660800,1.33737,1.33862,1.33594,1.33774,7048
1591675200,1.33777,1.33999,1.33756,1.3399,13539
1591689600,1.3399,1.3485,1.33823,1.34749,20672
1591704000,1.34748,1.34879,1.34335,1.34591,19954
1591718400,1.34591,1.34604,1.34139,1.34172,31862
1591732800,1.34173,1.34204,1.3386,1.3412,18465
1591747200,1.3413300000000001,1.3428200000000001,1.34127,1.34169,6600
1591761600,1.34169,1.34211,1.33924,1.33951,12386
1591776000,1.3395299999999999,1.3400400000000001,1.33703,1.3391600000000001,17751
1591790400,1.3391600000000001,1.34141,1.33742,1.33863,19924
1591804800,1.33862,1.34378,1.33791,1.33928,35659
1591819200,1.33927,1.34147,1.33155,1.341,49557
1591833600,1.3407499999999999,1.34291,1.33968,1.34119,11877
1591848000,1.34118,1.34741,1.3401,1.34654,20660
1591862400,1.34652,1.34986,1.3458,1.34695,30308
1591876800,1.34696,1.35095,1.34518,1.3498999999999999,27270
1591891200,1.3498999999999999,1.35827,1.34818,1.35653,52719
1591905600,1.35653,1.36318,1.3563,1.3629,43487
1591920000,1.36201,1.3666,1.3618299999999999,1.36613,20257
1591934400,1.36613,1.36664,1.3608500000000001,1.36129,28264
1591948800,1.36128,1.3630200000000001,1.35406,1.35537,30402
1591963200,1.35537,1.3594,1.35272,1.35809,25947
1591977600,1.35808,1.3627500000000001,1.35379,1.36068,53551
1591992000,1.36071,1.36456,1.3577,1.3583,43700
1592179200,1.35991,1.36408,1.35975,1.3638,13175
1592193600,1.3638,1.36416,1.36106,1.36272,16757
1592208000,1.36273,1.36852,1.3626800000000001,1.36413,23639
1592222400,1.36413,1.3667500000000001,1.36229,1.36523,18085
1592236800,1.3652199999999999,1.36567,1.35784,1.35866,29830
1592251200,1.35864,1.35904,1.35456,1.35723,21211
1592265600,1.35646,1.35711,1.35271,1.35368,8817
1592280000,1.35368,1.35487,1.35103,1.35316,14326
1592294400,1.35315,1.3597299999999999,1.35178,1.3568500000000001,18453
1592308800,1.35684,1.35744,1.3504,1.35157,17599
1592323200,1.35154,1.3622,1.35097,1.3568,35533
1592337600,1.3568,1.35813,1.35368,1.35382,17940
1592352000,1.3541400000000001,1.35647,1.35318,1.35445,8966
1592366400,1.35445,1.35715,1.35347,1.35446,15795
1592380800,1.35447,1.35521,1.35114,1.35282,16651
1592395200,1.35279,1.3557299999999999,1.35167,1.35483,17726
1592409600,1.3548200000000001,1.3593600000000001,1.3526,1.35553,22933
1592424000,1.35553,1.3578700000000001,1.35401,1.3562400000000001,16015
1592438400,1.35652,1.35867,1.35538,1.35815,8449
1592452800,1.3581400000000001,1.36083,1.35555,1.35605,15862
1592467200,1.35606,1.3578000000000001,1.35252,1.35302,17253
1592481600,1.35303,1.3576,1.3520400000000001,1.35746,20067
1592496000,1.35746,1.36128,1.35579,1.36081,21108
1592510400,1.36081,1.36155,1.35952,1.3597299999999999,14491
1592524800,1.35975,1.36111,1.35864,1.36111,9631
1592539200,1.36111,1.36145,1.3590499999999999,1.3603,10833
1592553600,1.3603100000000001,1.3604,1.3569,1.35852,12056
1592568000,1.35852,1.35998,1.35463,1.35557,14480
1592582400,1.35557,1.36164,1.35547,1.35889,24005
1592596800,1.35888,1.36168,1.3588,1.36037,19308
1592784000,1.36081,1.36291,1.36081,1.36176,8281
1592798400,1.36179,1.36179,1.35797,1.35867,11450
1592812800,1.35868,1.36039,1.35617,1.35644,13988
1592827200,1.35645,1.35899,1.35589,1.3569,10291
1592841600,1.3568799999999999,1.35794,1.35302,1.35328,15763
1592856000,1.35328,1.35395,1.3517700000000001,1.35213,11269
1592870400,1.35192,1.35256,1.34996,1.35127,6418
1592884800,1.35128,1.35699,1.35103,1.35443,17631
1592899200,1.35443,1.35593,1.35089,1.35308,13810
1592913600,1.35308,1.35355,1.34847,1.34959,11959
1592928000,1.34962,1.35208,1.34869,1.35183,16856
1592942400,1.35183,1.35584,1.35101,1.35471,14110
1592956800,1.3548,1.35532,1.35276,1.35396,7025
1592971200,1.35395,1.35584,1.35267,1.35507,12392
1592985600,1.35507,1.35789,1.3542399999999999,1.35598,10846
1593000000,1.35598,1.3596300000000001,1.3557000000000001,1.35625,12654
1593014400,1.3562400000000001,1.36164,1.35508,1.35867,23457
1593028800,1.35867,1.3639700000000001,1.35842,1.3636,16617
1593043200,1.36338,1.36462,1.36213,1.36245,7247
1593057600,1.3624399999999999,1.3651200000000001,1.3618999999999999,1.36419,10517
1593072000,1.3642,1.36658,1.3620999999999999,1.36273,12798
1593086400,1.36274,1.36555,1.36068,1.36383,13468
1593100800,1.36387,1.36693,1.36206,1.36441,19187
1593115200,1.36441,1.36558,1.36311,1.36395,10450
1593129600,1.36322,1.36517,1.3628,1.36398,6699
1593144000,1.3639700000000001,1.36443,1.3627099999999999,1.36344,7997
1593158400,1.36344,1.3662,1.36313,1.36489,9767
1593172800,1.3649,1.36693,1.36355,1.3666,9259
1593187200,1.3666,1.37146,1.36592,1.36646,17552
1593201600,1.36645,1.36894,1.36505,1.36849,14356
1593388800,1.3673199999999999,1.36972,1.36608,1.36609,6210
1593403200,1.36609,1.36701,1.36465,1.36659,10046
1593417600,1.36659,1.3673199999999999,1.36482,1.36605,13516
1593432000,1.36605,1.36758,1.36496,1.36622,11318
1593446400,1.36615,1.3704399999999999,1.36587,1.36756,16611
1593460800,1.36756,1.36937,1.3657599999999999,1.36613,9118
1593475200,1.3654899999999999,1.36695,1.3651900000000001,1.36666,5533
1593489600,1.36665,1.36707,1.36552,1.3661400000000001,6119
1593504000,1.36613,1.36916,1.36602,1.36852,9584
1593518400,1.36852,1.36988,1.36681,1.3678,9751
1593532800,1.3678,1.36838,1.35954,1.36148,18430
1593547200,1.36147,1.36152,1.3569200000000001,1.35741,13029
1593561600,1.35723,1.35812,1.35672,1.35701,3604
1593576000,1.35699,1.35823,1.35585,1.3582,6373
1593590400,1.3582,1.35853,1.35449,1.35554,7815
1593604800,1.35554,1.35933,1.35514,1.35711,11125
1593619200,1.35712,1.35869,1.35503,1.35786,15839
1593633600,1.3578700000000001,1.36007,1.35732,1.35839,10743
1593648000,1.35832,1.3599999999999999,1.35776,1.35949,5699
1593662400,1.35951,1.36054,1.359,1.36053,7224
1593676800,1.36051,1.36103,1.35746,1.35835,8295
1593691200,1.35834,1.36012,1.35639,1.35778,9427
1593705600,1.35777,1.36235,1.35595,1.35918,17351
1593720000,1.35918,1.35951,1.35609,1.35615,10386
1593734400,1.35593,1.35743,1.35593,1.3568,4097
1593748800,1.35679,1.35718,1.3556300000000001,1.35649,8455
1593763200,1.35649,1.3568,1.35527,1.35635,8979
1593777600,1.35635,1.35767,1.35579,1.3568799999999999,8209
1593792000,1.35689,1.35808,1.3558,1.35595,7273
1593806400,1.35596,1.35706,1.35432,1.35459,7899
1593993600,1.35577,1.35609,1.35415,1.35487,3616
1594008000,1.35488,1.35524,1.3535300000000001,1.35369,6784
1594022400,1.35369,1.35437,1.3519,1.35405,8924
1594036800,1.35405,1.35591,1.35346,1.3548200000000001,7932
1594051200,1.3548200000000001,1.35519,1.353,1.35461,13221
1594065600,1.35461,1.3547500000000001,1.3535599999999999,1.35386,7049
1594080000,1.35355,1.35435,1.35239,1.35272,4348
1594094400,1.35275,1.35553,1.35249,1.355,8581
1594108800,1.355,1.3587799999999999,1.35425,1.35821,9419
1594123200,1.35819,1.35864,1.35596,1.35708,9286
1594137600,1.35707,1.36039,1.35642,1.3586,13638
1594152000,1.3586,1.3609,1.35764,1.3602699999999999,8584
1594166400,1.35978,1.36118,1.35928,1.361,4027
1594180800,1.36101,1.36113,1.3593899999999999,1.36044,6457
1594195200,1.36044,1.36231,1.35835,1.36019,10575
1594209600,1.36022,1.3613,1.35801,1.35864,9299
1594224000,1.35861,1.35892,1.35213,1.35235,14942
1594238400,1.3523399999999999,1.35305,1.34918,1.35103,8313
1594252800,1.35047,1.35206,1.35047,1.35154,3895
1594267200,1.35152,1.35244,1.34974,1.35022,8205
1594281600,1.35022,1.35157,1.34932,1.34962,9455
1594296000,1.34962,1.35087,1.3490199999999999,1.35026,7672
1594310400,1.35026,1.35854,1.3498700000000001,1.35764,20289
1594324800,1.35765,1.35935,1.35689,1.35829,7843
1594339200,1.35806,1.36047,1.35746,1.35954,5347
1594353600,1.35957,1.36066,1.35826,1.36062,6749
1594368000,1.36063,1.36308,1.3603,1.36123,10578
1594382400,1.36123,1.36136,1.35838,1.35886,10260
1594396800,1.35888,1.36258,1.35744,1.36072,15110
1594411200,1.36071,1.36105,1.35861,1.35933,6755
1594598400,1.35763,1.36014,1.35763,1.35829,4883
1594612800,1.35829,1.35829,1.3565800000000001,1.3566500000000001,5177
1594627200,1.35664,1.35768,1.3554300000000001,1.35664,9535
1594641600,1.35666,1.35803,1.3554300000000001,1.35652,9362
1594656000,1.35652,1.3576,1.35358,1.3569,12142
1594670400,1.35691,1.36114,1.35587,1.36069,12352
1594684800,1.36021,1.3618999999999999,1.359,1.36139,5040
1594699200,1.36139,1.3626,1.36089,1.36135,8024
1594713600,1.36136,1.3645399999999999,1.36056,1.3627500000000001,9732
1594728000,1.3627500000000001,1.36315,1.36074,1.36234,11429
1594742400,1.36233,1.36347,1.35961,1.3621699999999999,22201
1594756800,1.3621699999999999,1.36261,1.36099,1.36131,9924
1594771200,1.3612600000000001,1.36166,1.3587500000000001,1.36001,5413
1594785600,1.36002,1.36063,1.3584800000000001,1.35978,6645
1594800000,1.35978,1.36048,1.35766,1.3578700000000001,8141
1594814400,1.35788,1.35863,1.35611,1.35639,8996
1594828800,1.35639,1.35868,1.35042,1.35072,17422
1594843200,1.35073,1.3520699999999999,1.35042,1.35068,9544
1594857600,1.3504800000000001,1.35147,1.35015,1.3504399999999999,5072
1594872000,1.35042,1.35154,1.35007,1.3502,6895
1594886400,1.3502100000000001,1.35269,1.3501699999999999,1.35256,7294
1594900800,1.35254,1.35447,1.35229,1.35381,9050
1594915200,1.35382,1.35472,1.351,1.35465,12689
1594929600,1.35465,1.35805,1.35416,1.35728,10828
1594944000,1.35628,1.35798,1.35628,1.35721,3301
1594958400,1.35721,1.35823,1.35684,1.35798,5222
1594972800,1.35799,1.35884,1.35698,1.35708,6913
1594987200,1.35708,1.3587500000000001,1.35697,1.35784,7462
1595001600,1.35784,1.35858,1.35645,1.35743,9977
1595016000,1.35742,1.35843,1.35686,1.35778,6657
1595203200,1.3566099999999999,1.35891,1.3566099999999999,1.35837,3990
1595217600,1.35837,1.3599700000000001,1.35804,1.35806,6356
1595232000,1.35806,1.35927,1.35662,1.35702,7798
1595246400,1.35703,1.3573,1.35542,1.3572,6957
1595260800,1.3572,1.35752,1.35284,1.3531900000000001,10274
1595275200,1.35318,1.35386,1.35249,1.35325,5940
1595289600,1.3532600000000001,1.3535,1.35141,1.35199,2420
1595304000,1.35198,1.35199,1.35094,1.35127,5121
1595318400,1.35127,1.35155,1.34862,1.3492899999999999,7403
1595332800,1.3493,1.3498,1.34379,1.3455,7173
1595347200,1.34551,1.34657,1.34335,1.3440699999999999,11193
1595361600,1.34406,1.34599,1.34241,1.34584,7404
1595376000,1.34548,1.34581,1.34395,1.3452899999999999,4241
1595390400,1.3453,1.34531,1.34406,1.34452,4802
1595404800,1.34453,1.34823,1.34364,1.34722,10425
1595419200,1.34722,1.34794,1.34185,1.34279,10453
1595433600,1.34281,1.34544,1.33987,1.34036,13027
1595448000,1.3403399999999999,1.34262,1.34015,1.34167,7426
1595462400,1.34124,1.34185,1.34046,1.34112,3489
1595476800,1.34112,1.34159,1.33982,1.34039,5123
1595491200,1.34039,1.34042,1.33701,1.33792,7899
1595505600,1.33793,1.3425799999999999,1.33709,1.34257,9253
1595520000,1.34257,1.34267,1.33504,1.33536,14609
1595534400,1.33537,1.34168,1.33511,1.34046,15163
1595548800,1.34002,1.34138,1.33762,1.33779,5010
1595563200,1.33779,1.34223,1.33762,1.34175,8323
1595577600,1.34178,1.34444,1.34074,1.3431600000000001,13437
1595592000,1.34317,1.34379,1.3407499999999999,1.34123,10302
1595606400,1.34123,1.34356,1.3388499999999999,1.34283,14665
1595620800,1.34283,1.3437700000000001,1.34114,1.3419699999999999,9020
1595808000,1.34191,1.34301,1.33936,1.33979,6864
1595822400,1.33979,1.34008,1.337,1.33803,7470
1595836800,1.33804,1.34025,1.33745,1.33923,8366
1595851200,1.33921,1.33974,1.33704,1.33899,10255
1595865600,1.33903,1.3403800000000001,1.33654,1.33768,12395
1595880000,1.33768,1.33818,1.33531,1.33531,6570
1595894400,1.33522,1.33622,1.33371,1.33443,4650
1595908800,1.3344,1.33741,1.3330199999999999,1.33631,7025
1595923200,1.33631,1.33898,1.33587,1.3372899999999999,8419
1595937600,1.3372899999999999,1.34064,1.33721,1.33756,7582
1595952000,1.33757,1.34029,1.33481,1.33498,12672
1595966400,1.33499,1.33804,1.33445,1.33778,7270
1595980800,1.3366,1.33823,1.33656,1.33709,5151
1595995200,1.3371,1.33862,1.33656,1.3375,6068
1596009600,1.33751,1.33775,1.33393,1.33484,7337
1596024000,1.3348200000000001,1.3370199999999999,1.33399,1.33661,6659
1596038400,1.33662,1.33761,1.33423,1.3370600000000001,10685
1596052800,1.33708,1.33762,1.33319,1.33343,13919
1596067200,1.33322,1.33476,1.33312,1.33382,6406
1596081600,1.33381,1.33495,1.3333300000000001,1.33487,6199
1596096000,1.33486,1.34219,1.3348499999999999,1.34172,10574
1596110400,1.34173,1.3431899999999999,1.34051,1.34225,10385
1596124800,1.3422399999999999,1.34589,1.33947,1.34303,21653
1596139200,1.34305,1.34509,1.34145,1.3419699999999999,11182
1596153600,1.34214,1.34378,1.34091,1.34305,6809
1596168000,1.34305,1.34347,1.3406,1.3418999999999999,8025
1596182400,1.3418999999999999,1.3434,1.3403800000000001,1.34195,10591
1596196800,1.34196,1.34351,1.34085,1.34154,9425
1596211200,1.34148,1.34324,1.33714,1.34142,21220
1596225600,1.34141,1.34226,1.33739,1.34094,11777
1596412800,1.33988,1.34199,1.3389199999999999,1.3412600000000001,7365
1596427200,1.3412600000000001,1.34152,1.3395000000000001,1.34039,7754
1596441600,1.34039,1.3431,1.33989,1.34149,7257
1596456000,1.3415,1.34486,1.34144,1.34315,7590
1596470400,1.34315,1.34503,1.33949,1.34033,12367
1596484800,1.3403399999999999,1.34051,1.33793,1.33897,6976
1596499200,1.33874,1.34037,1.33834,1.33974,4294
1596513600,1.3397299999999999,1.33974,1.3383099999999999,1.3385,5233
1596528000,1.3385,1.3391600000000001,1.33601,1.33652,9730
1596542400,1.33653,1.34174,1.33626,1.3412600000000001,9647
1596556800,1.3412899999999999,1.34196,1.3348200000000001,1.33663,13152
1596571200,1.33664,1.33691,1.33174,1.33179,8449
1596585600,1.33235,1.3329,1.32938,1.32986,4160
1596600000,1.32986,1.33016,1.32826,1.32853,5099
1596614400,1.32856,1.33002,1.32629,1.3273,6934
1596628800,1.3273,1.32776,1.32339,1.32474,10316
1596643200,1.32474,1.3287900000000001,1.32327,1.3281399999999999,16919
1596657600,1.3281399999999999,1.32889,1.32612,1.32615,7499
1596672000,1.32602,1.32721,1.3254000000000001,1.32566,3705
1596686400,1.32565,1.32782,1.32537,1.32571,6056
1596700800,1.32572,1.32888,1.3243,1.3285,10731
1596715200,1.32849,1.33027,1.32679,1.328,10970
1596729600,1.328,1.33222,1.32671,1.32874,17295
1596744000,1.32873,1.33172,1.3282,1.33101,10273
1596758400,1.32985,1.33244,1.32932,1.3314,4997
1596772800,1.33141,1.33717,1.33122,1.33581,9641
1596787200,1.33581,1.33666,1.33386,1.33517,9861
1596801600,1.33517,1.33656,1.33237,1.3338,12897
1596816000,1.3338,1.33976,1.33376,1.33883,17259
1596830400,1.3388499999999999,1.33976,1.33761,1.33809,9979
1597017600,1.33801,1.33927,1.33646,1.33749,4945
1597032000,1.33749,1.33817,1.33697,1.33772,4463
1597046400,1.33772,1.3394,1.3367,1.33779,6238
1597060800,1.33779,1.3392,1.33691,1.33712,6961
1597075200,1.33711,1.33757,1.3333,1.33461,12794
1597089600,1.3346,1.33578,1.33399,1.33495,7702
1597104000,1.33472,1.336,1.33448,1.33501,5357
1597118400,1.33501,1.3351899999999999,1.33217,1.3328,6010
1597132800,1.3328,1.33518,1.33048,1.3305,9328
1597147200,1.3305,1.33061,1.32696,1.32948,11563
1597161600,1.32948,1.33182,1.32733,1.32789,17987
1597176000,1.32788,1.33174,1.32708,1.32978,16287
1597190400,1.33003,1.33234,1.32896,1.3314,8468
1597204800,1.33138,1.33465,1.3309,1.33418,12264
1597219200,1.33418,1.33453,1.33014,1.33098,11683
1597233600,1.33099,1.3312,1.32593,1.32678,10578
1597248000,1.32678,1.32759,1.32284,1.32343,17163
1597262400,1.32345,1.32609,1.3231600000000001,1.3247,10474
1597276800,1.32346,1.3256000000000001,1.3229600000000001,1.32404,7079
1597291200,1.32402,1.32455,1.32312,1.32405,10363
1597305600,1.32408,1.3250600000000001,1.32206,1.32261,8412
1597320000,1.32261,1.3235299999999999,1.32103,1.32156,7729
1597334400,1.32159,1.32313,1.31912,1.3208199999999999,15403
1597348800,1.32083,1.32379,1.32058,1.32219,12500
1597363200,1.32151,1.32286,1.32132,1.32263,4531
1597377600,1.32263,1.32336,1.32169,1.32221,5954
1597392000,1.32222,1.32474,1.32053,1.3243800000000001,8657
1597406400,1.3243800000000001,1.32531,1.32287,1.32456,9695
1597420800,1.32456,1.32711,1.32342,1.3247200000000001,15889
1597435200,1.32473,1.32666,1.32446,1.32664,8540
1597622400,1.32484,1.32614,1.32354,1.32557,3398
1597636800,1.32558,1.32612,1.32446,1.32538,4108
1597651200,1.32537,1.32548,1.3228,1.32366,8590
1597665600,1.32365,1.32399,1.32243,1.32268,8629
1597680000,1.32264,1.3228900000000001,1.3194,1.3201399999999999,12853
1597694400,1.32015,1.32128,1.31911,1.32112,6832
1597708800,1.32049,1.32309,1.32049,1.32068,4437
1597723200,1.32068,1.32119,1.3184,1.31849,6471
1597737600,1.31849,1.31901,1.3159,1.3161399999999999,8742
1597752000,1.3161399999999999,1.31717,1.31513,1.31588,9745
1597766400,1.31588,1.32038,1.31561,1.3180100000000001,15399
1597780800,1.3180100000000001,1.31839,1.31508,1.31666,10424
1597795200,1.31681,1.31738,1.3153299999999999,1.31578,5389
1597809600,1.31579,1.31688,1.31516,1.31624,7578
1597824000,1.31623,1.31687,1.31422,1.31436,11237
1597838400,1.3143500000000001,1.3157,1.31371,1.31567,9171
1597852800,1.31568,1.31861,1.31324,1.31814,14257
1597867200,1.31814,1.3226200000000001,1.31624,1.32179,15780
1597881600,1.32096,1.32185,1.31995,1.32129,4772
1597896000,1.32129,1.3231600000000001,1.32102,1.32168,8548
1597910400,1.32168,1.32329,1.3207900000000001,1.3216700000000001,12386
1597924800,1.3216999999999999,1.32261,1.31981,1.3224,11526
1597939200,1.3224,1.32439,1.3173300000000001,1.31833,17526
1597953600,1.31833,1.31859,1.31676,1.31847,12121
1597968000,1.31856,1.31861,1.31626,1.31663,5160
1597982400,1.31664,1.31763,1.31627,1.31635,5661
1597996800,1.31637,1.32038,1.3158,1.3195999999999999,10405
1598011200,1.31959,1.32276,1.31902,1.32185,13278
1598025600,1.32189,1.32333,1.31912,1.32061,16390
1598040000,1.32063,1.32093,1.31656,1.31732,8379
1598227200,1.31701,1.31859,1.31697,1.31792,4259
1598241600,1.31791,1.3184,1.31671,1.31693,5325
1598256000,1.31693,1.31725,1.3152,1.31602,8434
1598270400,1.31602,1.3165,1.31335,1.31581,9035
1598284800,1.31582,1.3229,1.3155299999999999,1.3223099999999999,15106
1598299200,1.32232,1.32374,1.3214299999999999,1.32147,10109
1598313600,1.32125,1.32343,1.3212,1.3231600000000001,4452
1598328000,1.32317,1.32359,1.32192,1.32355,5988
1598342400,1.32355,1.32385,1.32101,1.3221,8766
1598356800,1.3221,1.32216,1.3193,1.31951,9004
1598371200,1.31956,1.32128,1.31761,1.32023,16535
1598385600,1.32023,1.32024,1.31669,1.31692,7637
1598400000,1.31657,1.3171300000000001,1.31586,1.31676,3838
1598414400,1.3167499999999999,1.31791,1.31633,1.31783,5211
1598428800,1.31783,1.31939,1.31717,1.3176700000000001,9026
1598443200,1.3176700000000001,1.32046,1.31705,1.31888,10199
1598457600,1.31888,1.3194,1.31312,1.31418,13772
1598472000,1.31418,1.31599,1.31363,1.31452,8471
1598486400,1.31373,1.31488,1.3136,1.31441,3316
1598500800,1.31432,1.31545,1.31353,1.31476,5978
1598515200,1.31476,1.31657,1.31353,1.31487,8234
1598529600,1.31486,1.31573,1.31339,1.31398,8912
1598544000,1.31399,1.31606,1.31009,1.3139,30420
1598558400,1.31392,1.3140100000000001,1.31085,1.31251,16301
1598572800,1.31164,1.31319,1.31154,1.31292,4098
1598587200,1.31291,1.31307,1.30912,1.30917,9357
1598601600,1.30917,1.30993,1.30695,1.3072599999999999,13314
1598616000,1.3072599999999999,1.3082500000000001,1.30464,1.3082099999999999,11221
1598630400,1.30822,1.3117,1.3077,1.31042,17861
1598644800,1.31042,1.31249,1.30806,1.30954,11488
1598832000,1.30954,1.30993,1.30741,1.30929,4725
1598846400,1.30928,1.31036,1.30715,1.3081800000000001,6872
1598860800,1.3082,1.30971,1.3067199999999999,1.30681,9908
1598875200,1.30681,1.30736,1.30607,1.30622,8898
1598889600,1.30626,1.30707,1.30217,1.30412,18036
1598904000,1.3041,1.30519,1.30194,1.3045499999999999,14644
1598918400,1.304,1.3045900000000001,1.30268,1.30359,5860
1598932800,1.30359,1.30366,1.30034,1.30096,11817
1598947200,1.30096,1.3014700000000001,1.29935,1.2996699999999999,12828
1598961600,1.2996699999999999,1.30302,1.29932,1.3028,10716
1598976000,1.3028,1.30778,1.30217,1.30606,18786
1598990400,1.30607,1.30861,1.3057400000000001,1.30661,13121
1599004800,1.30606,1.30692,1.30523,1.30649,3950
1599019200,1.30649,1.30832,1.3061099999999999,1.30659,6585
1599033600,1.30659,1.30759,1.3054999999999999,1.30692,9049
1599048000,1.30693,1.30813,1.3054299999999999,1.30617,10184
1599062400,1.30623,1.3094700000000001,1.30526,1.30643,20561
1599076800,1.30643,1.30775,1.30365,1.30462,14660
1599091200,1.30399,1.30606,1.3036400000000001,1.30594,3658
1599105600,1.30593,1.30729,1.30505,1.3069899999999999,7566
1599120000,1.3069899999999999,1.30985,1.30691,1.30749,11183
1599134400,1.30749,1.31179,1.30747,1.31105,11154
1599148800,1.31104,1.3161100000000001,1.30861,1.31315,25186
1599163200,1.31318,1.31478,1.31174,1.31251,19637
1599177600,1.3122500000000001,1.31396,1.31124,1.3125200000000001,6653
1599192000,1.3125200000000001,1.31305,1.31115,1.31233,7442
1599206400,1.31233,1.31378,1.30896,1.30924,11202
1599220800,1.30924,1.31149,1.3076699999999999,1.31087,14297
1599235200,1.31087,1.31394,1.30639,1.30751,30045
1599249600,1.30748,1.30833,1.30435,1.30599,17471
1599436800,1.30449,1.30826,1.30449,1.30725,8166
1599451200,1.30725,1.30895,1.3066,1.30894,11264
1599465600,1.30894,1.31113,1.3088199999999999,1.31059,12647
1599480000,1.31058,1.31152,1.30905,1.30912,8512
1599494400,1.30914,1.30976,1.3075,1.30919,6386
1599508800,1.3092,1.30971,1.30919,1.30923,2370
1599523200,1.30923,1.31071,1.30897,1.3103799999999999,4847
1599537600,1.3103799999999999,1.31158,1.3102,1.31154,6376
1599552000,1.31154,1.31409,1.3085499999999999,1.31398,11254
1599566400,1.31398,1.31775,1.31336,1.31608,15955
1599580800,1.31608,1.32022,1.31586,1.31945,24936
1599595200,1.31945,1.32382,1.31927,1.32362,17121
1599609600,1.3228,1.32561,1.3228,1.32324,7103
1599624000,1.3232300000000001,1.32435,1.32302,1.32333,9468
1599638400,1.32333,1.32586,1.32162,1.32324,10693
1599652800,1.32325,1.3238400000000001,1.31939,1.32005,11282
1599667200,1.32005,1.3213599999999999,1.31525,1.31535,17955
1599681600,1.31535,1.3164,1.31448,1.31453,14395
1599696000,1.31419,1.31603,1.314,1.31583,5891
1599710400,1.31582,1.31666,1.31509,1.31532,8159
1599724800,1.31538,1.3168,1.31298,1.3158699999999999,10564
1599739200,1.31586,1.31659,1.31307,1.31437,14526
1599753600,1.3143799999999999,1.3189199999999999,1.3118,1.31764,22758
1599768000,1.31764,1.32015,1.31636,1.319,21153
1599782400,1.31805,1.31935,1.31769,1.31849,7699
1599796800,1.31848,1.31861,1.31712,1.31726,6388
1599811200,1.31726,1.31764,1.31502,1.31739,9497
1599825600,1.31739,1.31912,1.3158699999999999,1.31861,9447
1599840000,1.31861,1.31929,1.31727,1.31851,18082
1599854400,1.31849,1.32067,1.31744,1.31764,15310
1600041600,1.31766,1.31931,1.31761,1.31895,4988
1600056000,1.3189600000000001,1.31897,1.31571,1.31628,6145
1600070400,1.31628,1.31766,1.31522,1.3173300000000001,8849
1600084800,1.31731,1.31961,1.31644,1.3174000000000001,9390
1600099200,1.31742,1.31841,1.31596,1.31745,15541
1600113600,1.31744,1.31857,1.31718,1.31735,13409
1600128000,1.31748,1.31855,1.31715,1.31826,4524
1600142400,1.31825,1.3186,1.31434,1.31459,6180
1600156800,1.31458,1.3168,1.31337,1.31657,9166
1600171200,1.31657,1.31666,1.31395,1.31534,9223
1600185600,1.31536,1.32013,1.31427,1.31861,14489
1600200000,1.31861,1.31954,1.31762,1.31841,12189
1600214400,1.31802,1.31999,1.31773,1.31943,6023
1600228800,1.31944,1.31985,1.3167499999999999,1.31714,8848
1600243200,1.31715,1.31864,1.31609,1.31687,9636
1600257600,1.31687,1.31818,1.31549,1.31785,9902
1600272000,1.31787,1.31917,1.31456,1.31563,17108
1600286400,1.31563,1.31859,1.31267,1.3177699999999999,25292
1600300800,1.31739,1.32051,1.31687,1.32037,5832
1600315200,1.32037,1.32355,1.31983,1.32314,12855
1600329600,1.32314,1.32464,1.32047,1.3209,14109
1600344000,1.32089,1.32207,1.31806,1.32171,14640
1600358400,1.32172,1.32283,1.31854,1.32026,21383
1600372800,1.32026,1.32104,1.31491,1.31637,15069
1600387200,1.31564,1.31687,1.31361,1.31569,6170
1600401600,1.31569,1.31687,1.31445,1.3159100000000001,11365
1600416000,1.31592,1.3165200000000001,1.3145,1.31582,12488
1600430400,1.3158400000000001,1.31973,1.31568,1.31873,12760
1600444800,1.31873,1.32003,1.3168,1.31762,21207
1600459200,1.31763,1.32081,1.31729,1.3202099999999999,15986
1600646400,1.32093,1.32095,1.3180100000000001,1.31813,5236
1600660800,1.31814,1.31866,1.31702,1.31771,8583
1600675200,1.31771,1.32308,1.31749,1.3222,13285
1600689600,1.32221,1.32632,1.32102,1.32513,14592
1600704000,1.32513,1.33196,1.32403,1.33154,24309
1600718400,1.33154,1.33189,1.32944,1.33034,15616
1600732800,1.33036,1.33154,1.3296700000000001,1.33039,6553
1600747200,1.33039,1.33231,1.33008,1.33035,10592
1600761600,1.33035,1.3345,1.33035,1.33095,15635
1600776000,1.33095,1.33206,1.32886,1.33112,14444
1600790400,1.33113,1.33385,1.32829,1.33276,23072
1600804800,1.33276,1.33287,1.3299,1.33,12353
1600819200,1.32952,1.33185,1.32931,1.33137,6773
1600833600,1.33136,1.33288,1.32943,1.33283,10348
1600848000,1.33282,1.3345799999999999,1.33176,1.3320400000000001,12882
1600862400,1.3320400000000001,1.3355299999999999,1.33138,1.33515,11113
1600876800,1.33517,1.33738,1.33208,1.33488,22636
1600891200,1.33493,1.33843,1.33475,1.33843,18355
1600905600,1.3376700000000001,1.33934,1.33752,1.33772,7454
1600920000,1.33772,1.34088,1.33714,1.34076,10809
1600934400,1.34076,1.34138,1.33835,1.33959,14997
1600948800,1.33959,1.34152,1.33795,1.34083,13890
1600963200,1.3409200000000001,1.34176,1.33526,1.33545,24444
1600977600,1.33545,1.3364,1.3324500000000001,1.33587,21218
1600992000,1.33267,1.33569,1.33267,1.33533,5528
1601006400,1.33532,1.33595,1.3342800000000001,1.33465,7809
1601020800,1.33465,1.33662,1.33379,1.33557,12396
1601035200,1.33557,1.33897,1.3354599999999999,1.33746,12180
1601049600,1.33746,1.34175,1.33708,1.3410199999999999,18288
1601064000,1.34101,1.34169,1.33805,1.3383099999999999,12703
1601251200,1.33844,1.33976,1.3373300000000001,1.33967,7698
1601265600,1.33968,1.33972,1.33746,1.33806,6596
1601280000,1.33807,1.34028,1.33768,1.33936,12031
1601294400,1.33934,1.33937,1.33606,1.33846,11968
1601308800,1.33844,1.33959,1.33535,1.33823,19743
1601323200,1.33822,1.33849,1.33657,1.33687,15106
1601337600,1.33688,1.33719,1.33551,1.33657,5314
1601352000,1.33657,1.3383099999999999,1.3364,1.33722,7676
1601366400,1.33722,1.33911,1.3361399999999999,1.33624,10466
1601380800,1.33625,1.33816,1.33511,1.33765,11292
1601395200,1.33766,1.34178,1.33627,1.3400400000000001,18470
1601409600,1.3400400000000001,1.34067,1.33806,1.33888,13418
1601424000,1.33835,1.33904,1.33759,1.33904,5707
1601438400,1.33905,1.34105,1.3372,1.34055,13701
1601452800,1.34056,1.3419699999999999,1.3391,1.34023,15991
1601467200,1.34022,1.3409900000000001,1.3371,1.33799,13841
1601481600,1.33799,1.33875,1.33084,1.33103,22969
1601496000,1.33102,1.3326799999999999,1.33009,1.33196,21255
1601510400,1.3314300000000001,1.33225,1.3305,1.33144,4438
1601524800,1.33144,1.33144,1.32833,1.32927,5919
1601539200,1.32928,1.33101,1.32788,1.33096,11947
1601553600,1.33096,1.331,1.32816,1.32989,12747
1601568000,1.32989,1.33215,1.32882,1.32938,20837
1601582400,1.32939,1.32973,1.3266499999999999,1.32864,16821
1601596800,1.32827,1.32991,1.32728,1.32985,8824
1601611200,1.32983,1.33141,1.32877,1.33104,12530
1601625600,1.33105,1.3328,1.32915,1.3311600000000001,21063
1601640000,1.33114,1.33294,1.33005,1.33217,15511
1601654400,1.3322,1.33304,1.32941,1.33038,24026
1601668800,1.33039,1.33189,1.32976,1.33044,16612
1601856000,1.32957,1.33023,1.32778,1.3281399999999999,6947
1601870400,1.32815,1.32856,1.32727,1.3274599999999999,8355
1601884800,1.32749,1.32877,1.32638,1.32712,10026
1601899200,1.32711,1.3278400000000001,1.32622,1.32757,9832
1601913600,1.32757,1.32757,1.32564,1.32614,13754
1601928000,1.32614,1.32819,1.32548,1.32552,9418
1601942400,1.3256000000000001,1.32622,1.32515,1.32517,6066
1601956800,1.32517,1.32595,1.32413,1.32553,8029
1601971200,1.32551,1.32725,1.32538,1.32606,10371
1601985600,1.32607,1.32688,1.32466,1.32627,9877
1602000000,1.32627,1.32822,1.32569,1.32749,14885
1602014400,1.3275000000000001,1.33163,1.32508,1.33131,20292
1602028800,1.33004,1.3336000000000001,1.32992,1.33328,5643
1602043200,1.33328,1.33399,1.33147,1.33155,7745
1602057600,1.33154,1.33195,1.32862,1.32939,10849
1602072000,1.32937,1.33095,1.3268499999999999,1.32743,9464
1602086400,1.32742,1.3287900000000001,1.3269199999999999,1.32739,14971
1602100800,1.32738,1.32748,1.32546,1.32557,12563
1602115200,1.32579,1.32602,1.3250199999999999,1.32559,3725
1602129600,1.32558,1.32652,1.32532,1.3254299999999999,5816
1602144000,1.32542,1.32542,1.32361,1.32376,9505
1602158400,1.3237700000000001,1.32484,1.32283,1.32366,9086
1602172800,1.32368,1.32505,1.3201,1.32073,14504
1602187200,1.32073,1.3207499999999999,1.31941,1.31956,10572
1602201600,1.31938,1.32007,1.31886,1.31888,5285
1602216000,1.31887,1.31912,1.3179,1.31854,5574
1602230400,1.31855,1.31869,1.31607,1.3162,7926
1602244800,1.3162,1.3179699999999999,1.31333,1.31345,9084
1602259200,1.31345,1.31569,1.31148,1.31274,14234
1602273600,1.3127499999999999,1.31418,1.31088,1.31158,8970
1602460800,1.31243,1.3138,1.31139,1.31344,6253
1602475200,1.3134700000000001,1.31423,1.31243,1.3130899999999999,4676
1602489600,1.3131,1.31365,1.31173,1.31356,6471
1602504000,1.31356,1.31388,1.31176,1.31243,4888
1602518400,1.31243,1.31276,1.31005,1.31151,8218
1602532800,1.3115,1.31188,1.31079,1.31088,6936
1602547200,1.31077,1.31366,1.3106200000000001,1.3130899999999999,4669
1602561600,1.3131,1.31441,1.31254,1.31256,5839
1602576000,1.31256,1.31292,1.31051,1.31051,9288
1602590400,1.3105,1.31244,1.30984,1.31222,8604
1602604800,1.3122099999999999,1.31463,1.31196,1.3131,14246
1602619200,1.3130899999999999,1.31454,1.31284,1.31351,8949
1602633600,1.31311,1.3145,1.3129,1.31388,3739
1602648000,1.31388,1.31565,1.31336,1.31372,6532
1602662400,1.31371,1.31441,1.31181,1.31204,10174
1602676800,1.31203,1.31475,1.31152,1.31285,10303
1602691200,1.31285,1.31623,1.31253,1.3143,14295
1602705600,1.3143,1.31527,1.3137400000000001,1.31502,9517
1602720000,1.31483,1.31561,1.31375,1.3152599999999999,7683
1602734400,1.31528,1.31574,1.31443,1.31467,9552
1602748800,1.31467,1.31924,1.31457,1.31921,11200
1602763200,1.31921,1.32259,1.31903,1.32202,12573
1602777600,1.32205,1.32586,1.32205,1.3229199999999999,17943
1602792000,1.32291,1.32321,1.32099,1.32248,9425
1602806400,1.322,1.32327,1.32089,1.3222,5108
1602820800,1.32219,1.32368,1.3216700000000001,1.32364,6371
1602835200,1.32364,1.32364,1.3204,1.32126,8774
1602849600,1.32126,1.32234,1.31905,1.32093,10443
1602864000,1.32094,1.32168,1.31762,1.3179,15108
1602878400,1.31791,1.31961,1.31778,1.31876,9895
1603065600,1.31844,1.3191899999999999,1.31693,1.31698,4246
1603080000,1.31701,1.31895,1.31674,1.31876,6252
1603094400,1.31876,1.31898,1.31731,1.3178,7725
1603108800,1.31779,1.31789,1.31632,1.3173599999999999,7012
1603123200,1.31739,1.31754,1.31498,1.31567,12827
1603137600,1.31567,1.3192599999999999,1.31502,1.31876,11112
1603152000,1.31811,1.31968,1.31759,1.31821,4355
1603166400,1.31821,1.32006,1.31782,1.31898,5735
1603180800,1.3189899999999999,1.32031,1.31772,1.3188,7448
1603195200,1.3188,1.31967,1.31663,1.31884,7482
1603209600,1.31883,1.31898,1.31122,1.31151,12232
1603224000,1.3115,1.3131300000000001,1.31036,1.31268,9942
1603238400,1.3125,1.3127900000000001,1.31091,1.31141,4550
1603252800,1.31142,1.31146,1.3087900000000001,1.3088600000000001,5886
1603267200,1.30887,1.31154,1.30801,1.31148,9332
1603281600,1.31148,1.3127,1.31007,1.31088,8724
1603296000,1.31089,1.31389,1.3100399999999999,1.31242,13852
1603310400,1.31241,1.31514,1.31162,1.3143799999999999,9646
1603324800,1.31332,1.31667,1.31331,1.31602,4053
1603339200,1.31603,1.31765,1.3159,1.3167200000000001,4634
1603353600,1.3167200000000001,1.3168,1.31357,1.31406,8709
1603368000,1.31405,1.31722,1.31362,1.31537,8996
1603382400,1.31535,1.3158400000000001,1.31232,1.3136700000000001,12987
1603396800,1.31369,1.31453,1.31274,1.31376,5887
1603411200,1.31308,1.31569,1.31233,1.31485,3991
1603425600,1.31486,1.31551,1.31383,1.31464,5739
1603440000,1.31464,1.31572,1.31151,1.31256,8013
1603454400,1.31257,1.3127499999999999,1.31085,1.31185,7409
1603468800,1.31185,1.31596,1.31168,1.31474,10221
1603483200,1.31474,1.31502,1.31223,1.31232,5239
1603670400,1.31296,1.31603,1.31217,1.31534,6796
1603684800,1.31535,1.3164,1.3144,1.31627,4220
1603699200,1.31625,1.31833,1.31598,1.31819,9310
1603713600,1.31819,1.31966,1.3168,1.3182,8580
1603728000,1.3182,1.32245,1.31778,1.32116,11802
1603742400,1.32115,1.32141,1.31921,1.32051,7337
1603756800,1.32042,1.32112,1.31901,1.31946,6362
1603771200,1.31945,1.31946,1.31721,1.31771,3816
1603785600,1.31772,1.3195999999999999,1.31705,1.31922,9037
1603800000,1.31922,1.31941,1.31559,1.31752,8306
1603814400,1.31753,1.31816,1.31416,1.31504,8812
1603828800,1.31505,1.3189600000000001,1.31495,1.31805,4600
1603843200,1.31842,1.31993,1.31826,1.31875,7417
1603857600,1.31875,1.3193,1.31786,1.3182800000000001,4084
1603872000,1.31829,1.32439,1.31795,1.3241399999999999,11192
1603886400,1.3241399999999999,1.32952,1.3235000000000001,1.3277700000000001,13563
1603900800,1.32779,1.3332899999999999,1.32735,1.33074,18234
1603915200,1.33074,1.33277,1.3290600000000001,1.33183,9402
1603929600,1.33166,1.33183,1.32985,1.33,8632
1603944000,1.32999,1.33066,1.3286,1.32894,5019
1603958400,1.32895,1.3327200000000001,1.32773,1.33226,12188
1603972800,1.33227,1.33891,1.33179,1.33615,16616
1603987200,1.3361,1.33681,1.3326500000000001,1.3348499999999999,16146
1604001600,1.33487,1.33491,1.33064,1.33189,8410
1604016000,1.33192,1.33259,1.3296999999999999,1.32987,9253
1604030400,1.32986,1.33356,1.32934,1.33303,8301
1604044800,1.33304,1.3345099999999999,1.3312599999999999,1.33179,14083
1604059200,1.33178,1.33317,1.32791,1.33022,13634
1604073600,1.3302100000000001,1.33483,1.3300100000000001,1.33376,16652
1604088000,1.33373,1.33392,1.33086,1.33138,8835
1604275200,1.33101,1.33694,1.33101,1.33317,10666
1604289600,1.33315,1.33481,1.33263,1.33366,8978
1604304000,1.3336700000000001,1.33444,1.33074,1.33127,12638
1604318400,1.33129,1.33135,1.3256299999999999,1.32666,11215
1604332800,1.32668,1.3278699999999999,1.32439,1.32507,13837
1604347200,1.32507,1.32615,1.32148,1.32153,10274
1604361600,1.32156,1.32268,1.3210600000000001,1.32116,5393
1604376000,1.32116,1.32333,1.3206,1.32272,6078
1604390400,1.32273,1.3231899999999999,1.31366,1.31411,10186
1604404800,1.31411,1.3165499999999999,1.3138,1.31464,8920
1604419200,1.3146499999999999,1.31578,1.31032,1.31568,11956
1604433600,1.31567,1.31744,1.3136700000000001,1.31381,10169
1604448000,1.31314,1.31894,1.30949,1.31813,13313
1604462400,1.3181,1.32775,1.31699,1.32338,22221
1604476800,1.32349,1.32986,1.3204799999999999,1.32139,20187
1604491200,1.3214000000000001,1.3228900000000001,1.31344,1.31741,15442
1604505600,1.31744,1.3198699999999999,1.31102,1.31199,18551
1604520000,1.31198,1.3146200000000001,1.31079,1.31329,13219
1604534400,1.3126,1.31671,1.31167,1.31635,8709
1604548800,1.31634,1.31773,1.31242,1.31301,10360
1604563200,1.313,1.3146499999999999,1.31024,1.31259,17170
1604577600,1.31259,1.31339,1.30515,1.30647,17057
1604592000,1.30648,1.3082500000000001,1.30279,1.30532,18892
1604606400,1.30531,1.30627,1.30275,1.30416,14606
1604620800,1.30382,1.3085499999999999,1.30349,1.30711,9020
1604635200,1.30711,1.30959,1.30668,1.30874,9374
1604649600,1.30876,1.30907,1.30473,1.30707,12163
1604664000,1.30708,1.30829,1.30475,1.30537,13439
1604678400,1.30534,1.30705,1.3018399999999999,1.30309,16828
1604692800,1.30309,1.30616,1.30246,1.30595,7453
1604880000,1.3044799999999999,1.3051300000000001,1.3006199999999999,1.30142,10245
1604894400,1.30141,1.30189,1.3006,1.30096,9453
1604908800,1.30097,1.30259,1.30032,1.30254,11513
1604923200,1.30255,1.30291,1.2936,1.29398,21626
1604937600,1.29398,1.2987,1.29275,1.2971300000000001,25249
1604952000,1.2971300000000001,1.30241,1.29698,1.30069,15726
1604966400,1.30016,1.30198,1.2993999999999999,1.3008600000000001,6974
1604980800,1.3008600000000001,1.30142,1.29974,1.3009,7373
1604995200,1.30092,1.30207,1.29972,1.30112,11638
1605009600,1.30111,1.30501,1.30058,1.30327,14327
1605024000,1.30331,1.30339,1.29844,1.30111,18954
1605038400,1.3011,1.30415,1.30031,1.30301,11292
1605052800,1.30168,1.30426,1.30168,1.30198,5818
1605067200,1.30198,1.30359,1.30077,1.30294,6414
1605081600,1.30294,1.3057699999999999,1.30248,1.30313,10103
1605096000,1.30316,1.30752,1.30287,1.30568,10489
1605110400,1.30568,1.30701,1.30432,1.30552,10572
1605124800,1.30553,1.30766,1.30535,1.30619,6620
1605139200,1.30551,1.30687,1.3054999999999999,1.30656,3144
1605153600,1.30657,1.30798,1.30637,1.30769,3679
1605168000,1.30771,1.31056,1.3064200000000001,1.30679,8089
1605182400,1.30679,1.3103799999999999,1.30569,1.30896,8674
1605196800,1.30896,1.31491,1.3085200000000001,1.31273,13367
1605211200,1.31273,1.31475,1.31272,1.31411,9327
1605225600,1.3135,1.31554,1.31308,1.31538,3766
1605240000,1.31538,1.31695,1.31522,1.31629,3223
1605254400,1.31627,1.31658,1.31242,1.31254,6824
1605268800,1.31253,1.3147199999999999,1.31154,1.31416,7702
1605283200,1.31416,1.31717,1.31263,1.31479,11926
1605297600,1.31478,1.31538,1.3124799999999999,1.31297,6558
1605484800,1.31319,1.31375,1.31084,1.31139,4644
1605499200,1.31139,1.31139,1.3103799999999999,1.31074,2593
1605513600,1.31074,1.31171,1.30897,1.31156,6020
1605528000,1.31156,1.31233,1.30647,1.30857,12130
1605542400,1.30859,1.3096999999999999,1.30658,1.30857,11483
1605556800,1.30857,1.3103500000000001,1.30688,1.3072599999999999,7630
1605571200,1.30684,1.3078400000000001,1.30636,1.30707,3440
1605585600,1.30707,1.30775,1.3064,1.30748,3346
1605600000,1.30748,1.3088899999999999,1.30643,1.30761,7156
1605614400,1.30761,1.31158,1.30628,1.30996,9452
1605628800,1.30997,1.31102,1.30844,1.30981,13345
1605643200,1.30982,1.3103500000000001,1.30735,1.31034,7555
1605657600,1.3096700000000001,1.31167,1.30942,1.3113299999999999,4322
1605672000,1.3113299999999999,1.31141,1.3088199999999999,1.30939,3808
1605686400,1.30941,1.30984,1.30673,1.30714,7429
1605700800,1.30713,1.30894,1.3054999999999999,1.3089,8981
1605715200,1.3089,1.30982,1.30398,1.30451,11691
1605729600,1.3045,1.30853,1.30334,1.30847,9826
1605744000,1.3075999999999999,1.30988,1.30738,1.3091300000000001,6500
1605758400,1.30914,1.3094000000000001,1.30804,1.30853,5953
1605772800,1.3085200000000001,1.31159,1.30772,1.31121,10452
1605787200,1.31121,1.31224,1.30936,1.30975,10673
1605801600,1.30975,1.31125,1.30688,1.30747,12474
1605816000,1.30748,1.30778,1.3051599999999999,1.30722,6955
1605830400,1.30649,1.3087900000000001,1.30599,1.30732,7014
1605844800,1.30731,1.30817,1.30618,1.30657,6272
1605859200,1.30657,1.30763,1.30507,1.30612,10590
1605873600,1.3061,1.30631,1.30468,1.30546,8187
1605888000,1.30546,1.30905,1.30383,1.3084,11338
1605902400,1.30841,1.30965,1.30805,1.30912,7753
1606089600,1.3079399999999999,1.30934,1.30658,1.30681,6600
1606104000,1.3068,1.30806,1.30668,1.30724,3992
1606118400,1.3072,1.3078400000000001,1.30447,1.3050899999999999,9535
1606132800,1.3051,1.3066200000000001,1.3044799999999999,1.30605,9512
1606147200,1.30605,1.31118,1.30544,1.30905,15564
1606161600,1.30905,1.30958,1.30734,1.30853,8736
1606176000,1.30743,1.30836,1.30522,1.30617,5470
1606190400,1.30617,1.30625,1.3042799999999999,1.30457,6091
1606204800,1.3045200000000001,1.30527,1.30104,1.30281,9261
1606219200,1.30281,1.30776,1.30268,1.30734,11371
1606233600,1.30728,1.30901,1.30169,1.30251,14194
1606248000,1.3025,1.30255,1.2993999999999999,1.29969,8752
1606262400,1.29914,1.29985,1.29894,1.29945,5521
1606276800,1.29945,1.30168,1.29924,1.30164,6375
1606291200,1.30164,1.30278,1.29973,1.30046,12140
1606305600,1.30044,1.30284,1.30008,1.30121,9709
1606320000,1.30121,1.30257,1.29856,1.29929,14036
1606334400,1.2993000000000001,1.30092,1.2989600000000001,1.30057,7526
1606348800,1.2998,1.30073,1.299,1.29958,3828
1606363200,1.29958,1.30013,1.29902,1.29995,4453
1606377600,1.2999399999999999,1.30104,1.29897,1.30085,7354
1606392000,1.3008600000000001,1.30129,1.29988,1.29997,7055
1606406400,1.29997,1.30219,1.29995,1.3014999999999999,6738
1606420800,1.30148,1.30199,1.301,1.30119,7668
1606435200,1.30129,1.30243,1.30094,1.3020399999999999,4604
1606449600,1.30205,1.3024200000000001,1.30053,1.3005499999999999,5733
1606464000,1.3005499999999999,1.30117,1.29888,1.2996400000000001,7452
1606478400,1.2996400000000001,1.3003,1.29791,1.29837,7575
1606492800,1.29837,1.29921,1.29712,1.29867,11626
1606507200,1.29866,1.29987,1.29776,1.29921,8638
1606694400,1.29968,1.29968,1.29764,1.29816,7077
1606708800,1.2981500000000001,1.29943,1.29804,1.29826,6704
1606723200,1.29826,1.29948,1.2971599999999999,1.29736,10743
1606737600,1.29735,1.29761,1.2942,1.29439,9385
1606752000,1.2944200000000001,1.29932,1.2922500000000001,1.29763,17736
1606766400,1.29764,1.30093,1.29587,1.30077,10978
1606780800,1.29999,1.30072,1.29745,1.29772,4401
1606795200,1.29772,1.2978,1.29645,1.29665,4943
1606809600,1.29665,1.29759,1.2941799999999999,1.29724,8723
1606824000,1.29725,1.29809,1.29526,1.29528,9998
1606838400,1.29525,1.29751,1.29403,1.29432,16749
1606852800,1.29432,1.29517,1.29271,1.29324,9505
1606867200,1.29285,1.29487,1.29285,1.29462,6937
1606881600,1.29462,1.29488,1.29364,1.29449,6636
1606896000,1.29448,1.29452,1.29154,1.29271,10947
1606910400,1.29272,1.29579,1.29267,1.2947,10522
1606924800,1.2947,1.29489,1.2922500000000001,1.29326,14276
1606939200,1.29325,1.29395,1.29093,1.29182,8402
1606953600,1.29153,1.29275,1.29125,1.29215,4826
1606968000,1.29217,1.29264,1.2916699999999999,1.2925499999999999,4916
1606982400,1.2925499999999999,1.29404,1.29065,1.2932299999999999,8856
1606996800,1.29324,1.29388,1.29027,1.2915,10633
1607011200,1.29153,1.29179,1.28677,1.28684,13845
1607025600,1.28686,1.28806,1.28514,1.28616,9167
1607040000,1.28562,1.28731,1.28562,1.28674,5106
1607054400,1.28673,1.28685,1.28552,1.28558,4946
1607068800,1.2856,1.2864900000000001,1.28465,1.28551,8275
1607083200,1.28551,1.2867899999999999,1.2821799999999999,1.28346,11142
1607097600,1.28345,1.2840099999999999,1.27892,1.27942,13183
1607112000,1.27941,1.2799,1.27717,1.27836,8059
1607299200,1.27722,1.27894,1.27722,1.27808,5730
1607313600,1.27807,1.2791299999999999,1.27769,1.27869,4664
1607328000,1.27872,1.28322,1.2778399999999999,1.2818800000000001,11677
1607342400,1.2818800000000001,1.28226,1.27926,1.27939,9461
1607356800,1.27939,1.2814,1.27867,1.27932,10867
1607371200,1.27933,1.28094,1.27931,1.27985,8477
1607385600,1.2799,1.28081,1.27912,1.27964,4783
1607400000,1.27963,1.27977,1.2786,1.27871,3998
1607414400,1.2787,1.28018,1.27691,1.27721,9102
1607428800,1.27721,1.28067,1.2767,1.28043,11467
1607443200,1.28044,1.2822200000000001,1.2779099999999999,1.28189,11772
1607457600,1.2819,1.2825,1.28125,1.28182,6053
1607472000,1.28119,1.28197,1.28104,1.28131,4488
1607486400,1.28132,1.28144,1.2797100000000001,1.27979,4073
1607500800,1.27982,1.27986,1.27743,1.27768,8181
1607515200,1.27769,1.27926,1.27728,1.27805,7415
1607529600,1.27804,1.28187,1.27686,1.28117,13417
1607544000,1.28117,1.28326,1.28101,1.28177,11325
1607558400,1.28129,1.2828300000000001,1.28129,1.28172,4589
1607572800,1.28174,1.28186,1.27933,1.27964,5070
1607587200,1.27966,1.28105,1.27902,1.2794400000000001,8866
1607601600,1.27946,1.27973,1.27351,1.27529,11191
1607616000,1.27529,1.27673,1.27061,1.2731,16810
1607630400,1.2731,1.2748,1.27219,1.27377,8306
1607644800,1.27339,1.27467,1.27243,1.27276,5610
1607659200,1.27275,1.27362,1.27203,1.27298,4801
1607673600,1.27297,1.27704,1.27186,1.27667,9602
1607688000,1.27667,1.27803,1.27534,1.27705,11944
1607702400,1.27706,1.27918,1.2751299999999999,1.27676,11937
1607716800,1.27676,1.27751,1.27611,1.2762,6415
1607904000,1.27523,1.27634,1.2744,1.27584,4597
1607918400,1.27585,1.27602,1.27545,1.27565,3428
1607932800,1.27564,1.27567,1.27423,1.27526,7481
1607947200,1.27526,1.27569,1.27191,1.2720099999999999,7472
1607961600,1.2720099999999999,1.2789,1.27196,1.27688,15235
1607976000,1.27689,1.27793,1.2754699999999999,1.27649,7542
1607990400,1.27563,1.27636,1.27495,1.27568,4035
1608004800,1.2757100000000001,1.27707,1.27543,1.2762,5779
1608019200,1.27621,1.27683,1.2747,1.27496,8285
1608033600,1.27496,1.27667,1.27358,1.27381,8689
1608048000,1.27382,1.27494,1.27164,1.2718099999999999,11893
1608062400,1.2718,1.27185,1.26872,1.26978,8542
1608076800,1.26967,1.27099,1.2693699999999999,1.27067,3086
1608091200,1.27067,1.27387,1.26985,1.2733400000000001,4812
1608105600,1.27335,1.2739099999999999,1.27062,1.2720500000000001,9552
1608120000,1.2720500000000001,1.27629,1.272,1.27469,9373
1608134400,1.2747,1.2763900000000001,1.27358,1.2754699999999999,11890
1608148800,1.2754400000000001,1.27889,1.27338,1.27378,11749
1608163200,1.27344,1.27495,1.2727,1.27375,4543
1608177600,1.27375,1.2741500000000001,1.27103,1.27114,4285
1608192000,1.2711299999999999,1.27133,1.26986,1.27038,6551
1608206400,1.27038,1.2718,1.26967,1.27169,7621
1608220800,1.2717,1.27275,1.26878,1.27158,10904
1608235200,1.27158,1.27375,1.27151,1.2720799999999999,6573
1608249600,1.272,1.27409,1.27139,1.27392,4419
1608264000,1.2738800000000001,1.2754699999999999,1.27372,1.27524,4306
1608278400,1.27524,1.27616,1.2737,1.27589,6963
1608292800,1.27588,1.27641,1.27397,1.27585,8327
1608307200,1.27585,1.27977,1.27457,1.27882,10942
1608321600,1.27881,1.27953,1.27731,1.27803,7743
1608508800,1.2794400000000001,1.28234,1.2785199999999999,1.28205,6072
1608523200,1.28205,1.28541,1.28142,1.28396,6361
1608537600,1.28397,1.29107,1.28397,1.29093,13994
1608552000,1.29092,1.29566,1.28711,1.28814,21978
1608566400,1.28811,1.28822,1.28272,1.28281,18135
1608580800,1.28282,1.28613,1.28194,1.28574,10317
1608595200,1.28442,1.2864200000000001,1.28423,1.2858800000000001,6347
1608609600,1.2858800000000001,1.28824,1.28503,1.28789,5453
1608624000,1.28789,1.28882,1.28641,1.28852,11755
1608638400,1.28852,1.28959,1.28544,1.2895400000000001,9811
1608652800,1.2895400000000001,1.29328,1.28879,1.29096,15472
1608667200,1.29096,1.29187,1.28992,1.29067,8620
1608681600,1.29012,1.29142,1.28902,1.29016,6840
1608696000,1.29017,1.2904,1.28836,1.28922,5936
1608710400,1.2892299999999999,1.28977,1.28667,1.28751,8633
1608724800,1.28751,1.2885900000000001,1.2864900000000001,1.28816,8595
1608739200,1.28817,1.2885499999999999,1.28333,1.2839800000000001,15033
1608753600,1.28392,1.28643,1.28365,1.28427,9017
1608768000,1.28454,1.28504,1.28336,1.28387,5149
1608782400,1.28387,1.28531,1.28307,1.28483,5167
1608796800,1.28482,1.28519,1.28321,1.28376,8295
1608811200,1.28377,1.28501,1.2830300000000001,1.28377,13695
1608825600,1.28378,1.28468,1.2818800000000001,1.2827,10890
1609113600,1.2852000000000001,1.28597,1.28319,1.28458,6799
1609128000,1.2845900000000001,1.28568,1.28383,1.28389,4582
1609142400,1.28386,1.28418,1.2812700000000001,1.2815400000000001,6467
1609156800,1.2815400000000001,1.28504,1.28153,1.28308,9040
1609171200,1.28307,1.28752,1.2818100000000001,1.28627,9511
1609185600,1.28626,1.28655,1.28404,1.28448,6384
1609200000,1.2844,1.28532,1.28311,1.28333,3979
1609214400,1.28333,1.28381,1.2823,1.2823,4134
1609228800,1.2823,1.28267,1.28072,1.28151,5354
1609243200,1.28145,1.2821,1.27941,1.27983,6476
1609257600,1.27981,1.28179,1.27792,1.28152,13256
1609272000,1.28151,1.2819099999999999,1.28043,1.28168,9181
1609286400,1.28126,1.28263,1.28003,1.28015,5094
1609300800,1.28016,1.28026,1.27838,1.27928,4276
1609315200,1.27927,1.28088,1.27834,1.28007,7570
1609329600,1.2800799999999999,1.28023,1.27717,1.27917,6999
1609344000,1.2791299999999999,1.27991,1.2748599999999999,1.2766,12240
1609358400,1.27657,1.27697,1.27496,1.27511,7540
1609372800,1.27462,1.27587,1.27377,1.27396,3709
1609387200,1.27396,1.27543,1.27349,1.27416,4728
1609401600,1.2741500000000001,1.27552,1.27308,1.2749,7805
1609416000,1.27488,1.27535,1.27275,1.27343,8022
1609430400,1.27343,1.2769300000000001,1.27134,1.2766899999999999,11201
1609444800,1.27668,1.2767,1.27595,1.27621,121
1609718400,1.27237,1.2735400000000001,1.27046,1.27064,6816
1609732800,1.27065,1.27135,1.26944,1.27061,8145
1609747200,1.2706,1.27103,1.26727,1.26737,10860
1609761600,1.26738,1.27129,1.26643,1.26987,10762
1609776000,1.2699,1.2797100000000001,1.26946,1.27806,19835
1609790400,1.27805,1.27894,1.27691,1.27752,12230
1609804800,1.27775,1.2790300000000001,1.2765,1.27705,9758
1609819200,1.27706,1.27724,1.27385,1.27507,8632
1609833600,1.27508,1.27684,1.27316,1.27368,13457
1609848000,1.27368,1.27729,1.27295,1.2772700000000001,11162
1609862400,1.2772700000000001,1.27749,1.26729,1.26766,18603
1609876800,1.26766,1.26786,1.26552,1.2668599999999999,7853
1609891200,1.26635,1.2687,1.26631,1.26772,14088
1609905600,1.26769,1.26947,1.26621,1.26655,19740
1609920000,1.26655,1.2675100000000001,1.26457,1.26519,17685
1609934400,1.2652,1.27082,1.26292,1.27034,16643
1609948800,1.27036,1.27229,1.2669000000000001,1.2674699999999999,19791
1609963200,1.2674699999999999,1.2702,1.26615,1.26766,17304
1609977600,1.26706,1.26797,1.26627,1.26743,8901
1609992000,1.2674400000000001,1.26818,1.26698,1.26802,7387
1610006400,1.26803,1.2705899999999999,1.26706,1.27057,12319
1610020800,1.27057,1.2732999999999999,1.26997,1.2718,12535
1610035200,1.2718099999999999,1.27324,1.2702200000000001,1.27138,17082
1610049600,1.27138,1.27202,1.26737,1.26874,9604
1610064000,1.2685,1.27009,1.2676,1.26894,8146
1610078400,1.2689300000000001,1.26907,1.2674400000000001,1.26791,8317
1610092800,1.26791,1.27072,1.26722,1.26759,14069
1610107200,1.2676,1.27045,1.26689,1.26772,11388
1610121600,1.26772,1.27209,1.26577,1.27075,21937
1610136000,1.27075,1.27424,1.2686,1.26864,14274
1610323200,1.26949,1.27473,1.26861,1.27458,6322
1610337600,1.27458,1.2763,1.27404,1.27575,6580
1610352000,1.27575,1.2766899999999999,1.27405,1.27665,12804
1610366400,1.27664,1.2834400000000001,1.2764199999999999,1.28333,12714
1610380800,1.28334,1.28339,1.27631,1.27668,16379
1610395200,1.27671,1.27855,1.27615,1.27833,8038
1610409600,1.27654,1.27907,1.27652,1.27801,6228
1610424000,1.27801,1.27897,1.27604,1.27637,4824
1610438400,1.27637,1.27685,1.27318,1.27392,10258
1610452800,1.27393,1.2774,1.27385,1.27656,11397
1610467200,1.27657,1.27773,1.27387,1.27434,15089
1610481600,1.27435,1.27465,1.2707600000000001,1.27124,9710
1610496000,1.27075,1.27175,1.27026,1.2705899999999999,3212
1610510400,1.2705899999999999,1.27211,1.27033,1.27176,4047
1610524800,1.2718099999999999,1.27335,1.2708300000000001,1.27299,9785
1610539200,1.27299,1.27437,1.27084,1.27229,11963
1610553600,1.2723,1.27462,1.26889,1.2691,15215
1610568000,1.2691,1.27073,1.26796,1.26906,9201
1610582400,1.26936,1.27024,1.26841,1.26892,4633
1610596800,1.2689300000000001,1.27068,1.26837,1.2685,6914
1610611200,1.26851,1.26983,1.26648,1.26676,9372
1610625600,1.26676,1.27033,1.26674,1.27027,9804
1610640000,1.27027,1.27027,1.2624,1.26288,11753
1610654400,1.26287,1.26433,1.2625600000000001,1.26425,8766
1610668800,1.2635,1.26501,1.26321,1.26481,6271
1610683200,1.2648,1.2663,1.2641499999999999,1.26604,5872
1610697600,1.26603,1.26974,1.2657,1.2690299999999999,10562
1610712000,1.26905,1.2724,1.26836,1.2723,11178
1610726400,1.2723,1.27637,1.27021,1.27127,17390
1610740800,1.27128,1.27438,1.2711299999999999,1.27351,8417
1610928000,1.27321,1.27749,1.27254,1.27649,7210
1610942400,1.27648,1.27839,1.2757,1.2772299999999999,4760
1610956800,1.27724,1.27986,1.2771,1.2791000000000001,10040
1610971200,1.2791000000000001,1.27917,1.2763499999999999,1.27643,10033
1610985600,1.27644,1.27759,1.27551,1.27582,6450
1611000000,1.2758099999999999,1.2763499999999999,1.27398,1.27416,12585
1611014400,1.27506,1.2755,1.2724199999999999,1.27302,5394
1611028800,1.2730299999999999,1.27324,1.2718,1.27271,5124
1611043200,1.27272,1.27443,1.27227,1.27336,9090
1611057600,1.27336,1.27348,1.27192,1.27322,9722
1611072000,1.27321,1.27634,1.27146,1.27314,12922
1611086400,1.27314,1.27447,1.27275,1.27311,5186
1611100800,1.27247,1.27365,1.27186,1.2721,6091
1611115200,1.27209,1.27214,1.27047,1.27058,4186
1611129600,1.27057,1.2708300000000001,1.2689599999999999,1.2695,9332
1611144000,1.26951,1.27159,1.2690299999999999,1.26959,10358
1611158400,1.2696,1.2701799999999999,1.26053,1.26508,17797
1611172800,1.26508,1.26508,1.26309,1.26319,5867
1611187200,1.2631999999999999,1.2635399999999999,1.26111,1.26204,4586
1611201600,1.26203,1.2622499999999999,1.26114,1.26135,3389
1611216000,1.26136,1.26355,1.26096,1.26156,8426
1611230400,1.26159,1.26314,1.2588300000000001,1.2615,11634
1611244800,1.26151,1.26468,1.2605,1.2641499999999999,14665
1611259200,1.2640799999999999,1.26451,1.26239,1.2638,6271
1611273600,1.2635399999999999,1.26606,1.26315,1.26581,5437
1611288000,1.2658,1.26733,1.2656399999999999,1.26718,4662
1611302400,1.26718,1.27008,1.26718,1.26965,9449
1611316800,1.26965,1.27156,1.26895,1.26971,10349
1611331200,1.26973,1.27318,1.26814,1.27288,13802
1611345600,1.27288,1.27397,1.27172,1.27315,6126
1611532800,1.2717399999999999,1.27342,1.27089,1.27211,5400
1611547200,1.2721,1.2721,1.26922,1.26922,3618
1611561600,1.26926,1.27173,1.2686600000000001,1.27136,10772
1611576000,1.2713700000000001,1.27285,1.26938,1.27177,9232
1611590400,1.27176,1.27787,1.27105,1.27408,17898
1611604800,1.27407,1.27543,1.27302,1.27434,8272
1611619200,1.27333,1.27514,1.2730299999999999,1.27403,3536
1611633600,1.27405,1.27685,1.27372,1.27633,4068
1611648000,1.27633,1.27816,1.2742200000000001,1.27475,11153
1611662400,1.27475,1.27559,1.27047,1.27074,10028
1611676800,1.2707899999999999,1.27155,1.26953,1.26976,12548
1611691200,1.26977,1.27003,1.2689300000000001,1.26949,5702
1611705600,1.26856,1.27078,1.26843,1.27066,5330
1611720000,1.27067,1.2724199999999999,1.27067,1.27126,4271
1611734400,1.27127,1.27336,1.27089,1.27263,9578
1611748800,1.27264,1.27687,1.27127,1.27647,14800
1611763200,1.27646,1.28219,1.27561,1.2757,24739
1611777600,1.27569,1.2812000000000001,1.2748599999999999,1.28012,19724
1611792000,1.27922,1.28325,1.27787,1.28112,9755
1611806400,1.28113,1.28353,1.28056,1.28243,9664
1611820800,1.2824499999999999,1.28804,1.28243,1.28628,15983
1611835200,1.28631,1.28747,1.28294,1.28308,16395
1611849600,1.28307,1.28383,1.27885,1.2803499999999999,19928
1611864000,1.2803499999999999,1.28316,1.27874,1.28298,10515
1611878400,1.28285,1.2842500000000001,1.2812700000000001,1.28418,7338
1611892800,1.28417,1.28739,1.2838,1.28681,8456
1611907200,1.28682,1.28734,1.2836699999999999,1.28501,17895
1611921600,1.28501,1.28587,1.27529,1.27664,18789
1611936000,1.27665,1.28019,1.27369,1.28018,25929
1611950400,1.28023,1.28199,1.27735,1.27746,17257
1612137600,1.27858,1.28182,1.27758,1.27872,10879
1612152000,1.27873,1.2788,1.27618,1.27648,8971
1612166400,1.27649,1.28042,1.27606,1.2790300000000001,14020
1612180800,1.27904,1.28173,1.27894,1.28163,14842
1612195200,1.28164,1.28426,1.27895,1.28284,21085
1612209600,1.28286,1.28638,1.2815400000000001,1.28543,12663
1612224000,1.28456,1.28575,1.28259,1.28274,6210
1612238400,1.28274,1.28351,1.28217,1.28236,6529
1612252800,1.28237,1.28348,1.27809,1.27918,13691
1612267200,1.27916,1.28232,1.2784,1.28178,13552
1612281600,1.28178,1.28691,1.28105,1.28147,18767
1612296000,1.28146,1.28177,1.2779,1.27823,10160
1612310400,1.2778100000000001,1.2787600000000001,1.27641,1.27649,5683
1612324800,1.2765,1.27816,1.27626,1.27808,5260
1612339200,1.27809,1.27938,1.2765900000000001,1.27935,11492
1612353600,1.27934,1.28021,1.27823,1.2797399999999999,10915
1612368000,1.27975,1.28107,1.2764199999999999,1.27711,18198
1612382400,1.27711,1.27869,1.27704,1.27848,9706
1612396800,1.27798,1.27902,1.27763,1.27843,4242
1612411200,1.27844,1.2805,1.2778800000000001,1.28002,7125
1612425600,1.28004,1.28078,1.27765,1.28029,11855
1612440000,1.28029,1.28243,1.2794699999999999,1.2812999999999999,11177
1612454400,1.28129,1.28444,1.28107,1.28332,14061
1612468800,1.28332,1.28389,1.2818100000000001,1.2822200000000001,6998
1612483200,1.28197,1.2827899999999999,1.28146,1.28176,4587
1612497600,1.28174,1.28321,1.28115,1.28174,4605
1612512000,1.28174,1.28189,1.2785,1.27942,9473
1612526400,1.2793999999999999,1.28273,1.27856,1.28023,11211
1612540800,1.28023,1.28034,1.27643,1.2765,14800
1612555200,1.2765,1.27726,1.27545,1.27602,6751
1612742400,1.27524,1.27685,1.27524,1.27596,7973
1612756800,1.27596,1.27681,1.27585,1.27629,5098
1612771200,1.2763,1.27777,1.27543,1.27711,8184
1612785600,1.27711,1.27819,1.27647,1.27701,8946
1612800000,1.27702,1.27779,1.27409,1.2748300000000001,13636
1612814400,1.27485,1.27541,1.27339,1.27386,6454
1612828800,1.2735,1.27409,1.27263,1.2731,5768
1612843200,1.2731,1.27319,1.27186,1.2723499999999999,4234
1612857600,1.2723499999999999,1.27369,1.2711700000000001,1.27163,9082
1612872000,1.27164,1.27498,1.27157,1.27413,9772
1612886400,1.27414,1.27655,1.27016,1.27042,15400
1612900800,1.27042,1.2716,1.2690299999999999,1.2690299999999999,7378
1612915200,1.26978,1.27092,1.26912,1.2701,4543
1612929600,1.2701,1.2702,1.26923,1.26949,3246
1612944000,1.26953,1.27098,1.26735,1.27093,8134
1612958400,1.27093,1.27094,1.26755,1.26931,9611
1612972800,1.26932,1.27067,1.26667,1.26825,19759
1612987200,1.26824,1.27058,1.26817,1.26997,8886
1613001600,1.26963,1.27103,1.26944,1.27064,2871
1613016000,1.27058,1.27073,1.26874,1.26883,3309
1613030400,1.26882,1.26913,1.26756,1.26796,6452
1613044800,1.26796,1.2683499999999999,1.26596,1.26687,6735
1613059200,1.26688,1.27055,1.26641,1.2696399999999999,14662
1613073600,1.2696399999999999,1.2705,1.2686899999999999,1.27029,8372
1613088000,1.26978,1.27186,1.26923,1.27175,3488
1613102400,1.2717399999999999,1.27282,1.27173,1.27176,3335
1613116800,1.27175,1.27548,1.27175,1.27443,7217
1613131200,1.27443,1.27533,1.2723499999999999,1.27488,7196
1613145600,1.27487,1.27623,1.26759,1.26891,11734
1613160000,1.2689,1.27069,1.26875,1.26888,5238
1613347200,1.26798,1.26904,1.26769,1.26775,3380
1613361600,1.26773,1.26787,1.26616,1.26648,2908
1613376000,1.26647,1.26794,1.26593,1.26651,5681
1613390400,1.26655,1.2665600000000001,1.26485,1.26533,5484
1613404800,1.26533,1.26594,1.263,1.2634699999999999,5014
1613419200,1.26348,1.26446,1.2631700000000001,1.26365,3418
1613433600,1.26311,1.26399,1.26162,1.26174,3043
1613448000,1.26174,1.2636,1.26089,1.26299,3347
1613462400,1.263,1.26494,1.26236,1.26424,7843
1613476800,1.26423,1.26844,1.26242,1.26811,8954
1613491200,1.26811,1.27016,1.26712,1.2693699999999999,16828
1613505600,1.2693699999999999,1.26965,1.26767,1.26911,6116
1613520000,1.2683200000000001,1.27167,1.26813,1.27053,4867
1613534400,1.27054,1.27064,1.26863,1.2690299999999999,4231
1613548800,1.2690299999999999,1.27176,1.26899,1.27031,9645
1613563200,1.27029,1.2720799999999999,1.26865,1.27176,10336
1613577600,1.27175,1.27455,1.26978,1.27066,19713
1613592000,1.27065,1.2707899999999999,1.26926,1.26986,7266
1613606400,1.26947,1.27062,1.26858,1.27007,5497
1613620800,1.27007,1.27109,1.26904,1.2699799999999999,4239
1613635200,1.2699799999999999,1.27163,1.2683,1.26838,8178
1613649600,1.26843,1.27,1.26645,1.26826,8103
1613664000,1.26829,1.2730299999999999,1.26816,1.26984,15406
1613678400,1.26984,1.27067,1.26704,1.26762,6551
1613692800,1.26705,1.27012,1.26703,1.26977,4213
1613707200,1.26979,1.27129,1.2692999999999999,1.26945,5362
1613721600,1.26945,1.26965,1.2643,1.26533,8929
1613736000,1.2653400000000001,1.2656399999999999,1.26045,1.2606899999999999,10764
1613750400,1.26068,1.26316,1.25936,1.2607300000000001,12686
1613764800,1.2607300000000001,1.26282,1.26064,1.26155,7930
1613952000,1.26144,1.26175,1.25797,1.25912,6758
1613966400,1.25913,1.26145,1.25903,1.26014,6915
1613980800,1.26014,1.26531,1.25999,1.26346,10929
1613995200,1.2634699999999999,1.26388,1.26176,1.26238,8231
1614009600,1.26236,1.26449,1.2593,1.25948,14537
1614024000,1.25948,1.26196,1.25929,1.26165,6465
1614038400,1.26038,1.26177,1.25844,1.2586,4965
1614052800,1.2586,1.26007,1.25843,1.25874,4614
1614067200,1.25873,1.2616399999999999,1.25865,1.26149,9056
1614081600,1.26151,1.26245,1.2607300000000001,1.26088,9516
1614096000,1.26087,1.26464,1.25852,1.26105,20121
1614110400,1.26104,1.2613400000000001,1.25782,1.25875,10955
1614124800,1.25833,1.25959,1.2558500000000001,1.25687,9186
1614139200,1.25687,1.25905,1.25647,1.25873,9086
1614153600,1.25874,1.25945,1.25651,1.25683,11710
1614168000,1.25684,1.25974,1.25507,1.2587,11181
1614182400,1.25872,1.25909,1.25263,1.25338,19922
1614196800,1.2533699999999999,1.25408,1.25043,1.25104,8449
1614211200,1.25085,1.25205,1.25084,1.25183,6565
1614225600,1.25183,1.25205,1.24961,1.25016,8538
1614240000,1.25015,1.2511,1.24746,1.248,11459
1614254400,1.248,1.24947,1.24672,1.24904,13896
1614268800,1.24903,1.25462,1.24743,1.25454,22891
1614283200,1.25455,1.26138,1.25437,1.2603900000000001,23037
1614297600,1.26004,1.26484,1.25925,1.26082,13941
1614312000,1.26082,1.26237,1.25864,1.26176,11907
1614326400,1.26175,1.26424,1.25895,1.26187,17686
1614340800,1.26194,1.2684,1.26184,1.2634699999999999,19144
1614355200,1.2634699999999999,1.27288,1.26227,1.27109,28503
1614369600,1.2711000000000001,1.27443,1.26944,1.27427,15376
1614556800,1.27265,1.27369,1.26864,1.2701500000000001,7884
1614571200,1.2701500000000001,1.27123,1.26977,1.26992,5787
1614585600,1.2699099999999999,1.2707,1.26743,1.2699099999999999,11464
1614600000,1.2699,1.27027,1.26615,1.26673,10488
1614614400,1.26673,1.26776,1.26471,1.26613,17054
1614628800,1.2661,1.2675,1.26398,1.26437,9084
1614643200,1.26426,1.26693,1.26373,1.26657,6305
1614657600,1.2665600000000001,1.26878,1.26584,1.26825,9288
1614672000,1.26825,1.26974,1.26661,1.26715,12984
1614686400,1.26716,1.26758,1.26432,1.26559,11572
1614700800,1.2656,1.26585,1.2605,1.26184,19926
1614715200,1.26183,1.26423,1.25994,1.26364,11359
1614729600,1.26321,1.26429,1.26245,1.26279,5336
1614744000,1.26279,1.26365,1.2625899999999999,1.26323,4063
1614758400,1.26323,1.26352,1.25921,1.25984,10167
1614772800,1.2598500000000001,1.26575,1.25979,1.26426,12335
1614787200,1.26426,1.2655699999999999,1.26057,1.26236,23733
1614801600,1.26236,1.26552,1.2613699999999999,1.26539,14215
1614816000,1.26512,1.26743,1.26508,1.26518,6243
1614830400,1.26517,1.26731,1.26444,1.26511,8458
1614844800,1.26512,1.26599,1.26306,1.26541,14023
1614859200,1.26541,1.26651,1.26184,1.26221,13307
1614873600,1.26221,1.26487,1.25745,1.26446,28133
1614888000,1.2645,1.26933,1.26321,1.26661,26493
1614902400,1.26575,1.26944,1.26547,1.26849,9337
1614916800,1.2685,1.26921,1.26505,1.26514,9722
1614931200,1.26514,1.27071,1.26505,1.26992,13614
1614945600,1.26993,1.2736399999999999,1.26758,1.26885,15046
1614960000,1.26889,1.2692700000000001,1.26448,1.26635,31573
1614974400,1.26635,1.26734,1.264,1.26541,14719
1615161600,1.26444,1.26545,1.26215,1.2629000000000001,7464
1615176000,1.2629000000000001,1.26633,1.26247,1.26467,11554
1615190400,1.26471,1.26996,1.26409,1.26854,14268
1615204800,1.26853,1.2698,1.26511,1.26592,13701
1615219200,1.26594,1.26738,1.26377,1.26521,22503
1615233600,1.26521,1.26786,1.26394,1.26647,13884
1615248000,1.26605,1.26847,1.2653699999999999,1.2681,8699
1615262400,1.2681,1.26813,1.26463,1.26513,9762
1615276800,1.26512,1.2665,1.26064,1.26101,12872
1615291200,1.26101,1.26226,1.25897,1.26194,12707
1615305600,1.26197,1.26615,1.2610299999999999,1.2647,17662
1615320000,1.2647,1.26498,1.26266,1.264,8701
1615334400,1.2628599999999999,1.26583,1.2627,1.26575,5985
1615348800,1.26575,1.26801,1.26559,1.26753,7735
1615363200,1.26752,1.26826,1.26478,1.2648,8711
1615377600,1.2648,1.26615,1.26239,1.26288,11752
1615392000,1.26288,1.26631,1.26125,1.26448,19753
1615406400,1.26448,1.26538,1.26088,1.26193,12608
1615420800,1.2613400000000001,1.26245,1.26062,1.26096,4374
1615435200,1.26096,1.26132,1.25998,1.26128,3921
1615449600,1.2612700000000001,1.26187,1.2577099999999999,1.25788,7648
1615464000,1.25789,1.25925,1.25687,1.25804,11091
1615478400,1.25805,1.2607599999999999,1.25417,1.25488,13635
1615492800,1.25488,1.25512,1.25198,1.25346,10152
1615507200,1.25254,1.2536100000000001,1.25224,1.25288,3575
1615521600,1.25287,1.25499,1.25281,1.2546599999999999,4272
1615536000,1.25467,1.25726,1.25458,1.25594,10823
1615550400,1.25593,1.2564,1.25095,1.2538,11355
1615564800,1.2538,1.25444,1.24612,1.24704,15757
1615579200,1.24704,1.2484899999999999,1.24636,1.2474,7168
1615766400,1.24747,1.24816,1.24542,1.24637,5448
1615780800,1.24636,1.24858,1.24592,1.24858,5647
1615795200,1.24857,1.24926,1.244,1.24535,8466
1615809600,1.24538,1.24897,1.2451699999999999,1.24851,11228
1615824000,1.24846,1.2512400000000001,1.2472699999999999,1.2473,12338
1615838400,1.24729,1.24882,1.24665,1.24766,4610
1615852800,1.2475,1.24817,1.24712,1.24766,3569
1615867200,1.24767,1.24869,1.24742,1.24777,4220
1615881600,1.2477800000000001,1.24996,1.24764,1.24848,8085
1615896000,1.24847,1.24856,1.24583,1.24683,11044
1615910400,1.24687,1.24745,1.24388,1.24435,11935
1615924800,1.24434,1.24462,1.24326,1.24401,5751
1615939200,1.24414,1.24581,1.24362,1.24501,3308
1615953600,1.24502,1.24562,1.24486,1.24538,2697
1615968000,1.24538,1.24683,1.24465,1.24676,5944
1615982400,1.24676,1.24791,1.24598,1.2475100000000001,10018
1615996800,1.24749,1.24924,1.24641,1.24828,10782
1616011200,1.24824,1.24824,1.23996,1.24041,15112
1616025600,1.2406,1.2406,1.23765,1.23911,5360
1616040000,1.23911,1.2408,1.23854,1.23925,4676
1616054400,1.2392400000000001,1.24181,1.23644,1.24021,11991
1616068800,1.24021,1.24586,1.23984,1.24474,14801
1616083200,1.24475,1.24808,1.24214,1.24695,14395
1616097600,1.24695,1.25259,1.24679,1.24913,10892
1616112000,1.24884,1.25075,1.24863,1.24885,5130
1616126400,1.24886,1.2511,1.24855,1.24935,5254
1616140800,1.24936,1.25047,1.24612,1.2486,10879
1616155200,1.24862,1.25387,1.24738,1.25279,13874
1616169600,1.25281,1.25471,1.24835,1.24939,13704
1616184000,1.24938,1.25079,1.24908,1.24919,4924
1616371200,1.2518099999999999,1.25333,1.25156,1.25189,4571
1616385600,1.25189,1.25214,1.24919,1.24984,3080
1616400000,1.24984,1.25198,1.2487,1.24962,8122
1616414400,1.24962,1.25118,1.2472699999999999,1.25076,7847
1616428800,1.25075,1.25406,1.25027,1.25143,8432
1616443200,1.25142,1.25272,1.25062,1.2521200000000001,3907
1616457600,1.25205,1.25323,1.25177,1.25294,4024
1616472000,1.25292,1.25522,1.25289,1.25508,3613
1616486400,1.25509,1.25839,1.25346,1.25819,8112
1616500800,1.25818,1.25939,1.25592,1.25638,10642
1616515200,1.2563900000000001,1.2570299999999999,1.25202,1.25592,13224
1616529600,1.25591,1.25897,1.25573,1.25803,7970
1616544000,1.25742,1.25971,1.2574,1.25888,4720
1616558400,1.25889,1.26019,1.25867,1.25993,4381
1616572800,1.25992,1.26081,1.25641,1.25677,8661
1616587200,1.25677,1.2595100000000001,1.25546,1.25714,8864
1616601600,1.25712,1.25743,1.25419,1.2551,12270
1616616000,1.25509,1.2582900000000001,1.25465,1.2574,6070
1616630400,1.25743,1.25888,1.25671,1.25814,3951
1616644800,1.25814,1.2582,1.25628,1.25746,4056
1616659200,1.25745,1.2579799999999999,1.25598,1.25696,7614
1616673600,1.25694,1.2607599999999999,1.2545600000000001,1.26026,12870
1616688000,1.26026,1.26284,1.25887,1.26146,17729
1616702400,1.26147,1.26235,1.2600799999999999,1.26052,7858
1616716800,1.26048,1.26083,1.25874,1.25878,4245
1616731200,1.25879,1.25968,1.25736,1.25742,3176
1616745600,1.25743,1.25842,1.25685,1.25747,7723
1616760000,1.25747,1.2589000000000001,1.25599,1.25671,9311
1616774400,1.2567,1.25994,1.25629,1.25989,10629
1616788800,1.2599,1.2607599999999999,1.25677,1.25704,6995
1616976000,1.25696,1.26045,1.25672,1.26027,2747
1616990400,1.26028,1.26167,1.25918,1.26158,4146
1617004800,1.26159,1.26262,1.2598500000000001,1.26111,7440
1617019200,1.26115,1.26116,1.25793,1.25905,6481
1617033600,1.25906,1.2619500000000001,1.2583,1.25858,12419
1617048000,1.25857,1.25998,1.25815,1.25896,5670
1617062400,1.25871,1.25953,1.25823,1.25891,2858
1617076800,1.2589000000000001,1.2598500000000001,1.25812,1.25896,4076
1617091200,1.25896,1.26096,1.25836,1.25848,7580
1617105600,1.25847,1.26385,1.25797,1.26284,7618
1617120000,1.26288,1.26465,1.26151,1.26353,12612
1617134400,1.2635399999999999,1.26418,1.2624,1.26274,5716
1617148800,1.2622,1.26292,1.2607300000000001,1.26145,3364
1617163200,1.26145,1.2628,1.26106,1.26187,4020
1617177600,1.26187,1.2627,1.25922,1.25939,6443
1617192000,1.25943,1.2609,1.25906,1.2594400000000001,7717
1617206400,1.25943,1.26016,1.25386,1.25719,14260
1617220800,1.25718,1.25817,1.25583,1.25609,7895
1617235200,1.25541,1.25735,1.25541,1.25579,3519
1617249600,1.25583,1.25989,1.25559,1.25921,4922
1617264000,1.25921,1.26011,1.25709,1.25868,8552
1617278400,1.25868,1.2595399999999999,1.25742,1.25773,8030
1617292800,1.25772,1.2585600000000001,1.25513,1.2564899999999999,11482
1617307200,1.2564600000000001,1.25659,1.25418,1.25426,5592
1617321600,1.25396,1.25475,1.25318,1.25325,1679
1617336000,1.25324,1.2534,1.25271,1.25308,2000
1617350400,1.2530999999999999,1.25628,1.2527599999999999,1.25625,2400
1617364800,1.25624,1.25739,1.2539,1.25445,3812
1617379200,1.25443,1.25715,1.25415,1.2567,3832
1617393600,1.2566899999999999,1.25785,1.25604,1.25699,3450
1617580800,1.2567599999999999,1.25861,1.25607,1.25636,3017
1617595200,1.25636,1.25814,1.25616,1.25813,2858
1617609600,1.25813,1.25938,1.25569,1.25596,4111
1617624000,1.25594,1.25629,1.25258,1.25282,5416
1617638400,1.25281,1.25379,1.25011,1.25335,10378
1617652800,1.25335,1.25365,1.25182,1.25189,5729
1617667200,1.25205,1.25274,1.25153,1.25252,3197
1617681600,1.25253,1.25423,1.25192,1.25394,3567
1617696000,1.2539500000000001,1.25535,1.25248,1.2542499999999999,6350
1617710400,1.25424,1.25746,1.25396,1.25605,6890
1617724800,1.25605,1.25632,1.25383,1.25491,10042
1617739200,1.25492,1.25823,1.25477,1.25675,6460
1617753600,1.25627,1.25809,1.25613,1.25783,3429
1617768000,1.25784,1.2588,1.2565,1.2583,6015
1617782400,1.2583,1.26172,1.25813,1.25934,7848
1617796800,1.25935,1.26226,1.2582200000000001,1.26143,8248
1617811200,1.26146,1.26341,1.26004,1.26108,13094
1617825600,1.26109,1.26318,1.26055,1.26082,6390
1617840000,1.25998,1.2619,1.25998,1.2618,2543
1617854400,1.2618,1.26263,1.26033,1.26041,3861
1617868800,1.26041,1.26217,1.25885,1.26156,6049
1617883200,1.26155,1.26173,1.25807,1.2585899999999999,6858
1617897600,1.2586300000000001,1.26058,1.2564199999999999,1.25708,13917
1617912000,1.25709,1.25748,1.25574,1.25591,6195
1617926400,1.25607,1.25674,1.2554400000000001,1.2555,2778
1617940800,1.25549,1.25756,1.2554400000000001,1.25712,5248
1617955200,1.25712,1.2610299999999999,1.2570999999999999,1.25916,8248
1617969600,1.2591700000000001,1.25959,1.2540499999999999,1.25564,9730
1617984000,1.25562,1.25686,1.25304,1.25333,13408
1617998400,1.25333,1.25356,1.25245,1.25245,5041
1618185600,1.25348,1.25387,1.2524199999999999,1.25336,4079
1618200000,1.25336,1.25625,1.2533,1.25614,4857
1618214400,1.2561499999999999,1.2567,1.25552,1.25582,6706
1618228800,1.2558099999999999,1.2558099999999999,1.25306,1.25406,6692
1618243200,1.25406,1.25717,1.25345,1.25474,11070
1618257600,1.25474,1.25733,1.25461,1.25565,5882
1618272000,1.25535,1.2576100000000001,1.2551700000000001,1.25729,2667
1618286400,1.25728,1.25818,1.25704,1.25803,4285
1618300800,1.25803,1.2588,1.25725,1.25853,6371
1618315200,1.25854,1.26274,1.2584,1.25918,9427
1618329600,1.25922,1.2593,1.25318,1.25427,12633
1618344000,1.25428,1.25436,1.25263,1.2532,5446
1618358400,1.25321,1.2546300000000001,1.25278,1.25433,3094
1618372800,1.25433,1.25469,1.25333,1.25378,4946
1618387200,1.25376,1.2561,1.25329,1.25412,6393
1618401600,1.25411,1.25755,1.2536100000000001,1.25738,5940
1618416000,1.2574,1.25749,1.24991,1.25043,13607
1618430400,1.25044,1.25299,1.25033,1.2518099999999999,6941
1618444800,1.25129,1.25204,1.2505899999999999,1.25076,2784
1618459200,1.25075,1.25256,1.25034,1.25252,6432
1618473600,1.25254,1.25277,1.24817,1.24856,7056
1618488000,1.24857,1.2518500000000001,1.24762,1.25162,6829
1618502400,1.25161,1.2557800000000001,1.25035,1.254,12605
1618516800,1.25401,1.25504,1.25304,1.25467,6701
1618531200,1.25408,1.25568,1.25252,1.2555,3686
1618545600,1.2555,1.25587,1.25345,1.25347,4601
1618560000,1.25347,1.2537,1.25129,1.25138,5916
1618574400,1.25138,1.25169,1.2494,1.24969,7659
1618588800,1.24969,1.25175,1.24935,1.25034,10484
1618603200,1.2503199999999999,1.25078,1.24988,1.25051,4291
1618790400,1.2503199999999999,1.2518099999999999,1.2503199999999999,1.25155,2747
1618804800,1.25155,1.25277,1.25046,1.25054,4668
1618819200,1.25053,1.25087,1.24705,1.24769,7524
1618833600,1.24767,1.25051,1.24714,1.24802,6901
1618848000,1.24802,1.2539,1.24796,1.25323,13576
1618862400,1.25322,1.2543199999999999,1.25259,1.25291,7449
1618876800,1.25285,1.25298,1.25165,1.25202,2383
1618891200,1.25201,1.25232,1.24894,1.24899,6388
1618905600,1.249,1.24994,1.2478,1.2497099999999999,9146
1618920000,1.2496800000000001,1.2539500000000001,1.24941,1.25305,8523
1618934400,1.25305,1.25959,1.25157,1.25916,15633
1618948800,1.2591700000000001,1.26227,1.25911,1.26086,7862
1618963200,1.26064,1.26155,1.2600799999999999,1.26079,3275
1618977600,1.26079,1.26131,1.25969,1.26106,5532
1618992000,1.26106,1.26131,1.25823,1.25972,7156
1619006400,1.25972,1.26251,1.25876,1.26216,7682
1619020800,1.26217,1.26528,1.2459,1.24898,19213
1619035200,1.24898,1.25003,1.24848,1.24946,5647
1619049600,1.24945,1.2506300000000001,1.24875,1.2496,2461
1619064000,1.2496,1.2511999999999999,1.24887,1.25084,4931
1619078400,1.25084,1.25111,1.24722,1.25055,7419
1619092800,1.25055,1.25115,1.24898,1.24936,7930
1619107200,1.2494,1.2534399999999999,1.24759,1.2481,13493
1619121600,1.24809,1.25107,1.24785,1.2502900000000001,12378
1619136000,1.25028,1.25082,1.24914,1.24936,2859
1619150400,1.24936,1.24977,1.24704,1.24718,4276
1619164800,1.2471700000000001,1.24879,1.24693,1.24823,6916
1619179200,1.24823,1.24975,1.24725,1.24928,6822
1619193600,1.24927,1.25087,1.24789,1.2503199999999999,12825
1619208000,1.25031,1.25052,1.24601,1.24738,5292
1619395200,1.24777,1.24898,1.24585,1.24663,2687
1619409600,1.24664,1.24665,1.24482,1.24548,5092
1619424000,1.24547,1.24725,1.24523,1.24609,6876
1619438400,1.24609,1.24633,1.24322,1.24466,7890
1619452800,1.24467,1.2454,1.23836,1.24112,13062
1619467200,1.24111,1.24135,1.23898,1.23911,5638
1619481600,1.23935,1.24011,1.23878,1.2395,2673
1619496000,1.23949,1.24098,1.23925,1.24034,3829
1619510400,1.24034,1.24179,1.23932,1.24155,6431
1619524800,1.24156,1.2417799999999999,1.23921,1.24086,6904
1619539200,1.24086,1.24156,1.2393399999999999,1.24131,12044
1619553600,1.24131,1.2414100000000001,1.23947,1.24002,4729
1619568000,1.24014,1.24145,1.24003,1.24114,2353
1619582400,1.24114,1.24174,1.24043,1.24055,4128
1619596800,1.24055,1.24143,1.23989,1.24034,5095
1619611200,1.24036,1.24106,1.23814,1.23922,6699
1619625600,1.23921,1.24024,1.23301,1.23347,10804
1619640000,1.23346,1.23533,1.23096,1.23114,12490
1619654400,1.23138,1.23198,1.23004,1.23013,2400
1619668800,1.2301199999999999,1.23125,1.22867,1.23093,4393
1619683200,1.23093,1.23116,1.22898,1.23052,7018
1619697600,1.23051,1.23139,1.22797,1.22872,8226
1619712000,1.22874,1.23211,1.22817,1.22892,14886
1619726400,1.22891,1.2297500000000001,1.22746,1.22788,5706
1619740800,1.22786,1.2284,1.22711,1.22739,3296
1619755200,1.22739,1.22783,1.2267299999999999,1.22752,3248
1619769600,1.22752,1.22879,1.22692,1.22744,7238
1619784000,1.22742,1.22887,1.22651,1.22712,8069
1619798400,1.22714,1.2321900000000001,1.227,1.22859,16181
1619812800,1.2286,1.22935,1.22736,1.22854,6831
1620000000,1.22894,1.22905,1.22695,1.22708,2032
1620014400,1.2270699999999999,1.22981,1.22683,1.22929,2908
1620028800,1.2293,1.23098,1.22918,1.22976,6833
1620043200,1.22976,1.23176,1.22797,1.22992,7187
1620057600,1.22993,1.23004,1.2266,1.22757,10825
1620072000,1.22756,1.22828,1.22668,1.22749,4412
1620086400,1.22756,1.22866,1.22725,1.22837,2017
1620100800,1.22837,1.22978,1.22817,1.22896,3684
1620115200,1.22896,1.23196,1.22881,1.23163,6357
1620129600,1.23164,1.23451,1.23104,1.23161,9392
1620144000,1.2316,1.23509,1.22989,1.23184,16562
1620158400,1.2318500000000001,1.23192,1.22999,1.23027,7489
1620172800,1.23047,1.23085,1.22881,1.229,2700
1620187200,1.229,1.2292,1.22832,1.22876,3070
1620201600,1.22876,1.23055,1.22769,1.22823,7953
1620216000,1.22823,1.22862,1.22658,1.22765,6357
1620230400,1.22764,1.22823,1.2251,1.22756,9344
1620244800,1.22756,1.22838,1.2263,1.22642,4291
1620259200,1.22656,1.22749,1.22617,1.22745,1964
1620273600,1.22746,1.22875,1.22562,1.22705,5130
1620288000,1.22705,1.22714,1.2239200000000001,1.22541,7115
1620302400,1.22539,1.22582,1.22301,1.22339,8820
1620316800,1.22339,1.22383,1.21803,1.2193100000000001,12872
1620331200,1.2193,1.21956,1.21413,1.21477,5214
1620345600,1.21457,1.21617,1.2143,1.21574,2847
1620360000,1.2157499999999999,1.2166299999999999,1.21469,1.21643,3429
1620374400,1.21644,1.21874,1.21613,1.21759,6418
1620388800,1.21759,1.21927,1.21475,1.21725,8978
1620403200,1.21718,1.21899,1.21251,1.21508,14625
1620417600,1.21509,1.2158,1.2119900000000001,1.21221,6658
1620604800,1.21193,1.21327,1.21094,1.2124,2916
1620619200,1.21241,1.21299,1.21136,1.21213,3550
1620633600,1.21214,1.21216,1.20935,1.2109,7776
1620648000,1.21089,1.2123,1.20984,1.21001,6414
1620662400,1.21001,1.21265,1.2079900000000001,1.20868,13199
1620676800,1.20867,1.21045,1.20781,1.21039,6598
1620691200,1.20953,1.21105,1.20895,1.21083,3236
1620705600,1.21082,1.21124,1.20898,1.2099199999999999,5721
1620720000,1.20991,1.21134,1.2086999999999999,1.20923,8810
1620734400,1.20923,1.2111399999999999,1.2088700000000001,1.21049,7565
1620748800,1.21049,1.21253,1.20774,1.20967,17465
1620763200,1.20968,1.21034,1.2082600000000001,1.21006,7598
1620777600,1.20997,1.2111,1.20894,1.21076,2459
1620792000,1.21073,1.21317,1.21021,1.2119900000000001,6813
1620806400,1.212,1.21222,1.20824,1.2086999999999999,7700
1620820800,1.20866,1.21253,1.20581,1.20683,11251
1620835200,1.20683,1.2122600000000001,1.20453,1.21129,22514
1620849600,1.21129,1.21373,1.20976,1.2136,12630
1620864000,1.21273,1.21327,1.21107,1.21145,3197
1620878400,1.21146,1.21218,1.2103,1.2116,5646
1620892800,1.21159,1.21564,1.21143,1.21394,8953
1620907200,1.21393,1.21543,1.21197,1.21304,11094
1620921600,1.21303,1.21703,1.21131,1.21674,17550
1620936000,1.21673,1.22021,1.21547,1.21601,10400
1620950400,1.21595,1.21735,1.2159200000000001,1.2167,2690
1620964800,1.21668,1.21783,1.21628,1.21717,4935
1620979200,1.21715,1.2174800000000001,1.21356,1.21369,7817
1620993600,1.21369,1.21408,1.20997,1.2101600000000001,8314
1621008000,1.21013,1.21258,1.2079900000000001,1.21149,12786
1621022400,1.21149,1.21207,1.20935,1.20988,5605
1621209600,1.21118,1.21237,1.21033,1.2119900000000001,3266
1621224000,1.21201,1.21355,1.2117,1.2125,5510
1621238400,1.2125,1.21255,1.21033,1.2111,6984
1621252800,1.21109,1.21317,1.2105,1.21158,7360
1621267200,1.21158,1.21168,1.20685,1.20721,13790
1621281600,1.2072,1.20732,1.20601,1.20672,5832
1621296000,1.20637,1.20711,1.20542,1.20584,2233
1621310400,1.20584,1.20586,1.20297,1.2043,4233
1621324800,1.20431,1.2046000000000001,1.20123,1.20221,6126
1621339200,1.2022,1.20429,1.20187,1.20237,5593
1621353600,1.20238,1.20807,1.20234,1.20553,14159
1621368000,1.20552,1.20639,1.2049,1.20595,7172
1621382400,1.2059,1.20736,1.20533,1.20658,3153
1621396800,1.20658,1.20798,1.20644,1.20726,5504
1621411200,1.20726,1.20944,1.20571,1.20855,9057
1621425600,1.20854,1.20999,1.20533,1.20946,10439
1621440000,1.20947,1.21228,1.2067,1.20891,19276
1621454400,1.20889,1.21424,1.2078,1.21248,15612
1621468800,1.212,1.21394,1.21132,1.21134,3056
1621483200,1.21137,1.21326,1.21061,1.2107,5348
1621497600,1.21072,1.21374,1.2099199999999999,1.21326,7032
1621512000,1.21325,1.21436,1.21007,1.21018,6953
1621526400,1.2102,1.21073,1.20485,1.2062599999999999,13109
1621540800,1.2062599999999999,1.20671,1.20503,1.20568,7435
1621555200,1.20556,1.20671,1.20539,1.20624,2448
1621569600,1.20623,1.20863,1.20606,1.20719,4384
1621584000,1.20718,1.20942,1.20674,1.20723,6667
1621598400,1.20721,1.20721,1.20285,1.20316,8279
1621612800,1.20315,1.20907,1.20267,1.20901,14534
1621627200,1.209,1.20926,1.20546,1.20642,7464
1621814400,1.20658,1.20761,1.20556,1.20706,2583
1621828800,1.20706,1.20767,1.20639,1.20691,6403
1621843200,1.20691,1.20841,1.20543,1.2074,6626
1621857600,1.2073800000000001,1.20771,1.2055,1.20559,7285
1621872000,1.20557,1.20848,1.20486,1.20617,11286
1621886400,1.20618,1.2064,1.204,1.20444,4439
1621900800,1.20463,1.2055,1.20407,1.20447,2257
1621915200,1.20447,1.20493,1.20386,1.20402,4461
1621929600,1.20402,1.20515,1.2029,1.2042,8626
1621944000,1.20416,1.20527,1.20282,1.20506,7527
1621958400,1.20503,1.20776,1.20447,1.20508,15425
1621972800,1.20508,1.20693,1.20422,1.20604,7017
1621987200,1.2059,1.20675,1.2054,1.20629,2463
1622001600,1.20627,1.20637,1.20449,1.20483,5040
1622016000,1.20482,1.20812,1.20425,1.20757,7501
1622030400,1.20756,1.21198,1.20666,1.21147,8128
1622044800,1.21151,1.21237,1.20833,1.21122,14418
1622059200,1.21122,1.21269,1.21065,1.21242,5747
1622073600,1.2116,1.2135799999999999,1.21098,1.21293,3016
1622088000,1.21294,1.21416,1.21203,1.21242,3832
1622102400,1.21243,1.21289,1.21015,1.21169,7725
1622116800,1.2116500000000001,1.21173,1.20784,1.209,8499
1622131200,1.20901,1.20913,1.20559,1.20703,13683
1622145600,1.20702,1.20739,1.20613,1.20651,5809
1622160000,1.20637,1.20829,1.20605,1.20801,4282
1622174400,1.208,1.20876,1.20742,1.20788,3000
1622188800,1.20788,1.20946,1.20686,1.20811,6961
1622203200,1.20811,1.21193,1.20811,1.21169,7316
1622217600,1.21168,1.21168,1.20623,1.20853,12715
1622232000,1.20853,1.20861,1.20664,1.20706,6139
1622419200,1.20674,1.20853,1.20664,1.20795,2164
1622433600,1.20794,1.2080899999999999,1.2069,1.2077499999999999,3579
1622448000,1.20776,1.20822,1.20645,1.20663,4423
1622462400,1.20663,1.20743,1.20605,1.20734,4133
1622476800,1.20733,1.20911,1.20648,1.20667,6118
1622491200,1.20667,1.20723,1.20453,1.20573,11726
1622505600,1.20578,1.2065299999999999,1.20541,1.20543,1770
1622520000,1.20544,1.2057,1.20457,1.20491,3792
1622534400,1.20493,1.20589,1.2027700000000001,1.20366,6434
1622548800,1.20366,1.20543,1.20241,1.2031399999999999,5822
1622563200,1.20315,1.20504,1.20062,1.20501,12181
1622577600,1.205,1.20768,1.205,1.2067700000000001,5457
1622592000,1.20668,1.20756,1.2057,1.20637,2157
1622606400,1.20638,1.207,1.20557,1.20698,2785
1622620800,1.20699,1.20882,1.2065,1.20794,6787
1622635200,1.20791,1.20913,1.20601,1.20644,6393
1622649600,1.20644,1.20692,1.2039900000000001,1.20426,7983
1622664000,1.20423,1.20488,1.20284,1.20335,4078
1622678400,1.2031100000000001,1.20406,1.20294,1.20313,1133
1622692800,1.20313,1.20437,1.20298,1.20437,2312
1622707200,1.20437,1.20679,1.20428,1.2062599999999999,5759
1622721600,1.20628,1.20924,1.20511,1.20915,9532
1622736000,1.20913,1.21194,1.20825,1.211,14512
1622750400,1.21099,1.21151,1.2101,1.21082,4622
1622764800,1.21049,1.21209,1.21012,1.21133,2244
1622779200,1.21133,1.21233,1.21108,1.21167,3929
1622793600,1.21167,1.21272,1.21038,1.21234,5345
1622808000,1.21234,1.21323,1.20839,1.20876,10021
1622822400,1.20876,1.20979,1.20707,1.20815,10542
1622836800,1.20815,1.20832,1.20698,1.2073800000000001,3380
1623024000,1.20739,1.20817,1.20693,1.20808,1543
1623038400,1.20808,1.20941,1.20789,1.2082600000000001,2935
1623052800,1.2082600000000001,1.21059,1.2082,1.20891,5812
1623067200,1.20891,1.2096,1.2065,1.20877,5679
1623081600,1.20877,1.20937,1.20563,1.20607,10374
1623096000,1.20606,1.2082600000000001,1.2059199999999999,1.2081,3652
1623110400,1.20778,1.20868,1.20764,1.2080899999999999,2692
1623124800,1.2080899999999999,1.20902,1.20773,1.2086000000000001,4157
1623139200,1.20859,1.20942,1.20771,1.20853,5769
1623153600,1.20853,1.20914,1.20703,1.20882,8419
1623168000,1.2088,1.21135,1.20781,1.21096,12146
1623182400,1.21096,1.21168,1.21013,1.21153,4936
1623196800,1.21076,1.21164,1.20955,1.21074,2947
1623211200,1.21074,1.21105,1.21023,1.21066,3820
1623225600,1.21067,1.21108,1.20824,1.20882,5642
1623240000,1.20881,1.2093,1.2074799999999999,1.20817,6185
1623254400,1.20817,1.2116,1.20566,1.21125,10652
1623268800,1.21124,1.21168,1.20991,1.21074,3802
1623283200,1.21092,1.2121,1.21029,1.2117499999999999,2108
1623297600,1.21176,1.21228,1.2112,1.2113800000000001,4359
1623312000,1.2113800000000001,1.21241,1.21073,1.21124,6548
1623326400,1.21125,1.21237,1.2079900000000001,1.20846,9594
1623340800,1.20846,1.21153,1.20692,1.20855,14363
1623355200,1.20855,1.20967,1.20842,1.20926,4819
1623369600,1.20914,1.2098,1.2088,1.20902,2159
1623384000,1.20902,1.20963,1.20848,1.20863,3582
1623398400,1.20864,1.20961,1.20793,1.20929,6689
1623412800,1.20928,1.21189,1.20909,1.21079,8514
1623427200,1.2107999999999999,1.21671,1.21008,1.21634,11319
1623441600,1.21632,1.21766,1.21558,1.21558,3587
1623628800,1.21576,1.2165,1.21543,1.21649,2231
1623643200,1.2165,1.21676,1.21482,1.2149,2991
1623657600,1.21491,1.21647,1.2145,1.21633,7621
1623672000,1.21632,1.21706,1.21502,1.2151,7691
1623686400,1.21509,1.2154,1.21272,1.21421,10238
1623700800,1.21422,1.21489,1.21383,1.21471,4453
1623715200,1.21369,1.2146,1.21362,1.2139199999999999,2521
1623729600,1.2139199999999999,1.21503,1.21357,1.21359,5336
1623744000,1.2135799999999999,1.21645,1.21289,1.21624,7903
1623758400,1.21632,1.21982,1.2163,1.2182,7356
1623772800,1.21821,1.22033,1.217,1.21989,10245
1623787200,1.2199,1.22003,1.21796,1.21861,5017
1623801600,1.21787,1.21867,1.21749,1.21839,2335
1623816000,1.21838,1.21854,1.21741,1.21751,4271
1623830400,1.21752,1.21885,1.21698,1.21794,8497
1623844800,1.21793,1.21885,1.21709,1.21856,7064
1623859200,1.21856,1.21911,1.21562,1.2160199999999999,8871
1623873600,1.21607,1.2282899999999999,1.21607,1.22766,20214
1623888000,1.22751,1.22912,1.22569,1.22884,5275
1623902400,1.22884,1.22884,1.2268,1.22684,7332
1623916800,1.22685,1.23192,1.22617,1.23119,11152
1623931200,1.23119,1.23456,1.23096,1.23388,12673
1623945600,1.2339,1.23774,1.22952,1.23598,18518
1623960000,1.23597,1.2362,1.23404,1.2351,9902
1623974400,1.2353399999999999,1.23565,1.23418,1.23452,3818
1623988800,1.23451,1.23633,1.23383,1.23627,6083
1624003200,1.23627,1.23866,1.23576,1.23686,11395
1624017600,1.23682,1.2398500000000001,1.23549,1.2381199999999999,13477
1624032000,1.23813,1.248,1.23779,1.24363,23619
1624046400,1.24364,1.24715,1.24162,1.24705,9638
1624233600,1.2463899999999999,1.24672,1.2435,1.24365,5552
1624248000,1.24364,1.2476099999999999,1.24353,1.24678,11533
1624262400,1.24678,1.24862,1.24491,1.24546,14354
1624276800,1.24546,1.2458,1.24049,1.24084,11025
1624291200,1.2408299999999999,1.24135,1.23614,1.2365,14369
1624305600,1.2365,1.23699,1.23525,1.2362,8801
1624320000,1.23578,1.23818,1.23572,1.23764,3264
1624334400,1.23763,1.23821,1.23694,1.23754,5723
1624348800,1.23753,1.23908,1.23702,1.23875,10145
1624363200,1.23876,1.24026,1.23733,1.2398,9306
1624377600,1.2398,1.24009,1.23305,1.2334,12295
1624392000,1.23337,1.23415,1.2301,1.23039,8601
1624406400,1.23043,1.23209,1.22984,1.23164,4185
1624420800,1.23164,1.23271,1.2313399999999999,1.23241,7296
1624435200,1.23239,1.2328000000000001,1.22837,1.22946,10995
1624449600,1.22946,1.22999,1.22647,1.22744,8899
1624464000,1.22744,1.23021,1.22517,1.22996,12014
1624478400,1.22996,1.23147,1.22909,1.23031,6324
1624492800,1.23035,1.23077,1.22999,1.23039,2713
1624507200,1.2304,1.23126,1.23017,1.23044,6932
1624521600,1.23045,1.2314,1.2288000000000001,1.22993,8140
1624536000,1.22993,1.2301,1.22818,1.22899,9387
1624550400,1.22899,1.23401,1.22875,1.23214,11464
1624564800,1.23215,1.23258,1.23089,1.23212,6308
1624579200,1.23172,1.23288,1.23135,1.23232,2800
1624593600,1.23233,1.23236,1.23101,1.23145,3980
1624608000,1.23146,1.23164,1.22989,1.23025,7741
1624622400,1.23024,1.23127,1.22834,1.22947,8222
1624636800,1.22946,1.2299,1.22713,1.22933,11160
1624651200,1.22933,1.23094,1.22897,1.22905,5003
1624838400,1.22948,1.23039,1.22883,1.2292,2578
1624852800,1.2292,1.23126,1.2291400000000001,1.23089,3911
1624867200,1.23089,1.23096,1.2287,1.22955,8880
1624881600,1.22955,1.23398,1.22918,1.23337,8695
1624896000,1.23338,1.23471,1.23201,1.23421,11723
1624910400,1.2342,1.23456,1.23305,1.23384,4092
1624924800,1.23281,1.23424,1.23271,1.23362,2294
1624939200,1.23362,1.23479,1.23308,1.23447,3590
1624953600,1.23447,1.23811,1.2335099999999999,1.23793,8013
1624968000,1.23793,1.2387299999999999,1.23616,1.23723,9734
1624982400,1.23724,1.23976,1.23641,1.23925,10672
1624996800,1.23926,1.24021,1.23825,1.24001,4200
1625011200,1.2394,1.24023,1.23919,1.23965,2645
1625025600,1.23966,1.24033,1.23899,1.23905,4542
1625040000,1.23906,1.24207,1.23815,1.24201,7968
1625054400,1.242,1.2422900000000001,1.23681,1.23828,10735
1625068800,1.23827,1.24204,1.23549,1.24069,13545
1625083200,1.24069,1.2414100000000001,1.2389999999999999,1.23956,6708
1625097600,1.2396,1.24091,1.23894,1.2408299999999999,3999
1625112000,1.24082,1.24084,1.23941,1.23988,3448
1625126400,1.23987,1.24124,1.23868,1.24116,9048
1625140800,1.24116,1.24164,1.2364,1.23767,10839
1625155200,1.23767,1.2427,1.23645,1.24249,12805
1625169600,1.24251,1.24447,1.24197,1.24366,5598
1625184000,1.24345,1.24427,1.2434,1.24409,2466
1625198400,1.2441,1.24438,1.24272,1.24302,4185
1625212800,1.24303,1.2449,1.2422900000000001,1.24354,7568
1625227200,1.24356,1.24363,1.23777,1.23864,9775
1625241600,1.23866,1.23906,1.23413,1.23425,14296
1625256000,1.23426,1.23451,1.23082,1.2322,6019
1625443200,1.23164,1.23419,1.23143,1.2340200000000001,3057
1625457600,1.2340200000000001,1.23475,1.23319,1.23419,4710
1625472000,1.23419,1.23539,1.23332,1.23411,6602
1625486400,1.23411,1.23648,1.23364,1.23639,5964
1625500800,1.23638,1.23709,1.23232,1.23311,6361
1625515200,1.23312,1.2342,1.2324,1.23348,3714
1625529600,1.23306,1.23452,1.23261,1.23407,2635
1625544000,1.23408,1.23453,1.232,1.23265,5417
1625558400,1.23266,1.23516,1.23019,1.2341199999999999,8384
1625572800,1.2341199999999999,1.23779,1.23394,1.23779,7627
1625587200,1.2378,1.2494,1.23764,1.2484899999999999,18210
1625601600,1.24848,1.2490999999999999,1.24504,1.24552,5278
1625616000,1.2454,1.2471,1.24533,1.24692,3401
1625630400,1.24692,1.24737,1.2459500000000001,1.24703,5249
1625644800,1.24703,1.24719,1.24346,1.24449,8012
1625659200,1.24448,1.24486,1.24221,1.2447300000000001,9278
1625673600,1.2447300000000001,1.25187,1.24272,1.24823,15619
1625688000,1.24825,1.24888,1.24476,1.24828,9673
1625702400,1.24726,1.25014,1.24694,1.24991,3445
1625716800,1.2499,1.25253,1.24961,1.25214,7053
1625731200,1.25214,1.2573699999999999,1.2518799999999999,1.2564199999999999,13881
1625745600,1.25638,1.25895,1.25379,1.25826,15488
1625760000,1.25828,1.25828,1.25218,1.25241,16449
1625774400,1.25241,1.2539500000000001,1.25168,1.25317,7106
1625788800,1.25254,1.2546300000000001,1.25196,1.2530999999999999,3036
1625803200,1.2530999999999999,1.25558,1.2530000000000001,1.2537099999999999,6939
1625817600,1.2537,1.25442,1.25135,1.25211,9841
1625832000,1.25211,1.25251,1.2469999999999999,1.24859,10386
1625846400,1.24861,1.25007,1.24655,1.24733,10491
1625860800,1.24733,1.24759,1.24397,1.2441,4808
1626048000,1.24447,1.24609,1.24436,1.24549,2614
1626062400,1.2455,1.24753,1.24501,1.24641,4891
1626076800,1.24643,1.24853,1.24606,1.24851,7785
1626091200,1.24852,1.25135,1.24782,1.24945,8378
1626105600,1.24945,1.25033,1.24515,1.24655,10491
1626120000,1.2465600000000001,1.24689,1.2448299999999999,1.24501,4125
1626134400,1.2447300000000001,1.24572,1.24453,1.24461,1897
1626148800,1.24461,1.24562,1.24416,1.24547,3383
1626163200,1.24547,1.24725,1.24521,1.24634,5709
1626177600,1.24635,1.2533400000000001,1.24633,1.2530700000000001,8693
1626192000,1.25305,1.25387,1.24987,1.25095,13769
1626206400,1.25095,1.25252,1.25062,1.2513,6326
1626220800,1.25054,1.2524199999999999,1.2505,1.25132,2355
1626235200,1.25131,1.25138,1.24926,1.25081,4537
1626249600,1.25081,1.25165,1.24898,1.25163,7614
1626264000,1.25162,1.25255,1.24501,1.24559,9128
1626278400,1.24559,1.25234,1.2417,1.25134,15453
1626292800,1.25134,1.25206,1.24939,1.25082,5816
1626307200,1.24999,1.2532,1.24999,1.25271,2472
1626321600,1.25266,1.25477,1.25233,1.25381,4984
1626336000,1.25382,1.25461,1.25006,1.25057,8403
1626350400,1.25058,1.25572,1.25033,1.25552,9841
1626364800,1.25552,1.25868,1.25301,1.25862,14805
1626379200,1.25862,1.2612999999999999,1.25845,1.25916,8560
1626393600,1.25888,1.25996,1.25804,1.25898,2989
1626408000,1.25897,1.2595,1.25666,1.25689,4150
1626422400,1.2568,1.25983,1.25604,1.25638,6901
1626436800,1.2563900000000001,1.25984,1.2563900000000001,1.25873,8980
1626451200,1.25873,1.2610999999999999,1.25713,1.25853,13012
1626465600,1.25853,1.2619799999999999,1.25805,1.26112,7200
1626652800,1.26027,1.26359,1.26027,1.26338,2930
1626667200,1.26337,1.26426,1.26226,1.26403,4360
1626681600,1.26402,1.27393,1.2638,1.27321,8763
1626696000,1.2732,1.28067,1.27314,1.27454,12472
1626710400,1.27453,1.27807,1.2729599999999999,1.27715,20764
1626724800,1.27715,1.27722,1.2738,1.27454,11346
1626739200,1.27417,1.27532,1.2739,1.2744,2957
1626753600,1.2744,1.27651,1.2732299999999999,1.2757399999999999,6572
1626768000,1.27573,1.27839,1.27493,1.2752,11923
1626782400,1.27521,1.27772,1.27369,1.27717,12524
1626796800,1.27718,1.27859,1.27092,1.27092,15888
1626811200,1.27092,1.2723900000000001,1.26737,1.26795,6557
1626825600,1.2674400000000001,1.26833,1.26711,1.26819,2354
1626840000,1.26819,1.27119,1.26795,1.27065,5284
1626854400,1.27066,1.27292,1.26694,1.26734,10776
1626868800,1.26731,1.27036,1.26639,1.26647,9658
1626883200,1.26648,1.26666,1.25245,1.25579,13425
1626897600,1.25577,1.25687,1.25507,1.25609,5684
1626912000,1.25586,1.25814,1.25495,1.2581,2454
1626926400,1.2581,1.25833,1.25712,1.25824,3759
1626940800,1.2582499999999999,1.25877,1.25594,1.25689,7569
1626955200,1.25688,1.25742,1.25381,1.2556,9638
1626969600,1.2556,1.25936,1.2528299999999999,1.2565,13823
1626984000,1.2565,1.2576800000000001,1.2552699999999999,1.25598,6541
1626998400,1.25604,1.25659,1.25532,1.25579,4187
1627012800,1.2558,1.25722,1.25549,1.25714,3454
1627027200,1.25713,1.25811,1.25619,1.25652,7337
1627041600,1.25653,1.25815,1.2559,1.25651,8152
1627056000,1.25651,1.26064,1.2562,1.25721,11581
1627070400,1.25722,1.25779,1.25573,1.2558099999999999,6850
1627257600,1.2554699999999999,1.25828,1.2554699999999999,1.2578,3023
1627272000,1.2578,1.25867,1.2570999999999999,1.25739,5546
1627286400,1.2574,1.259,1.25589,1.2564,10595
1627300800,1.2564,1.25877,1.25442,1.25766,9301
1627315200,1.25767,1.25865,1.2527,1.25407,13110
1627329600,1.25407,1.25533,1.25382,1.25445,4578
1627344000,1.2538,1.25479,1.25369,1.25408,1783
1627358400,1.25409,1.25523,1.25394,1.25468,5523
1627372800,1.25468,1.25923,1.25465,1.25864,10541
1627387200,1.25864,1.25913,1.25523,1.2554,8894
1627401600,1.25539,1.25934,1.25538,1.2578,17666
1627416000,1.25779,1.26033,1.25725,1.2599,7910
1627430400,1.2597,1.26034,1.25857,1.25935,2822
1627444800,1.25932,1.25966,1.25774,1.25853,6437
1627459200,1.25854,1.25952,1.25662,1.25677,10970
1627473600,1.25677,1.25876,1.25593,1.2587,11431
1627488000,1.25871,1.26017,1.25541,1.25579,15638
1627502400,1.25579,1.26021,1.25147,1.25197,16625
1627516800,1.2518500000000001,1.25297,1.2517,1.25234,2547
1627531200,1.25234,1.25272,1.2484899999999999,1.24874,7390
1627545600,1.24874,1.24902,1.24505,1.2463,8357
1627560000,1.24632,1.24748,1.2454399999999999,1.24621,8075
1627574400,1.24622,1.24798,1.24334,1.24431,12677
1627588800,1.24431,1.24503,1.24313,1.24461,7007
1627603200,1.24419,1.24637,1.2429999999999999,1.24614,5062
1627617600,1.24613,1.24719,1.2447,1.24491,7621
1627632000,1.2449,1.24545,1.24257,1.24285,9435
1627646400,1.24286,1.24497,1.24258,1.2437,10357
1627660800,1.2437,1.24876,1.24216,1.24743,15798
1627675200,1.24742,1.24906,1.24593,1.24622,7879
1627862400,1.24777,1.24785,1.24633,1.24754,3674
1627876800,1.24754,1.24901,1.2471700000000001,1.24769,7674
1627891200,1.24768,1.24804,1.24575,1.24687,8773
1627905600,1.24687,1.24723,1.24545,1.24694,8593
1627920000,1.24691,1.25111,1.24521,1.24996,13594
1627934400,1.2499500000000001,1.2514,1.24972,1.25033,8288
1627948800,1.25,1.25049,1.24886,1.24941,2775
1627963200,1.24941,1.25177,1.24925,1.2515399999999999,10177
1627977600,1.2515399999999999,1.2525,1.24988,1.25144,10475
1627992000,1.25144,1.25362,1.24973,1.2526,9160
1628006400,1.25261,1.25749,1.25255,1.25491,16938
1628020800,1.25489,1.25529,1.25313,1.25338,5976
1628035200,1.2534,1.25511,1.25306,1.25465,2226
1628049600,1.25465,1.25488,1.2516,1.25262,5028
1628064000,1.25261,1.25418,1.25146,1.25366,8351
1628078400,1.25367,1.2551,1.25268,1.25366,8794
1628092800,1.25367,1.25618,1.2522,1.25472,16980
1628107200,1.25471,1.25539,1.25388,1.25413,6301
1628121600,1.25404,1.25469,1.2535,1.25393,2567
1628136000,1.25392,1.25434,1.25268,1.25275,6939
1628150400,1.25274,1.2537,1.25166,1.2519,8614
1628164800,1.25189,1.25221,1.24923,1.25131,11100
1628179200,1.2513,1.25227,1.24741,1.24986,15066
1628193600,1.24986,1.25027,1.24915,1.2499,5509
1628208000,1.24954,1.2509700000000001,1.24831,1.25079,2757
1628222400,1.25077,1.25119,1.25043,1.25074,3747
1628236800,1.25075,1.25109,1.24935,1.2509299999999999,7263
1628251200,1.25094,1.2540499999999999,1.25003,1.2524899999999999,9765
1628265600,1.2525,1.258,1.25155,1.25647,15909
1628280000,1.2564600000000001,1.2564600000000001,1.25484,1.25541,5087
1628467200,1.25461,1.25833,1.25455,1.25774,5387
1628481600,1.25774,1.25774,1.2557800000000001,1.25593,5246
1628496000,1.25594,1.25683,1.25408,1.2555,8934
1628510400,1.2555100000000001,1.25575,1.25317,1.25441,9563
1628524800,1.25442,1.2587,1.25308,1.25742,13545
1628539200,1.25742,1.25833,1.25628,1.2579,5667
1628553600,1.2579,1.25813,1.25683,1.25726,1739
1628568000,1.25727,1.2588599999999999,1.25702,1.2576399999999999,4352
1628582400,1.25765,1.25772,1.2554400000000001,1.25695,7928
1628596800,1.25698,1.2586300000000001,1.25627,1.2573400000000001,7477
1628611200,1.25738,1.25783,1.25199,1.25286,13251
1628625600,1.25285,1.2530999999999999,1.25204,1.25217,5376
1628640000,1.25207,1.2528000000000001,1.25159,1.25277,1758
1628654400,1.25277,1.25308,1.2517800000000001,1.25277,3450
1628668800,1.2527599999999999,1.25449,1.25241,1.2533,6347
1628683200,1.25329,1.25475,1.24889,1.25035,9772
1628697600,1.25035,1.25229,1.24918,1.2492,13746
1628712000,1.24921,1.25091,1.24884,1.25061,6230
1628726400,1.2504,1.25123,1.24981,1.25106,2096
1628740800,1.25105,1.25136,1.25006,1.25042,3557
1628755200,1.25042,1.2521,1.25018,1.25091,8840
1628769600,1.2509000000000001,1.25224,1.2504,1.25098,8556
1628784000,1.2509700000000001,1.2528000000000001,1.25,1.252,11099
1628798400,1.252,1.25326,1.2512400000000001,1.25221,5411
1628812800,1.2521900000000001,1.25243,1.25177,1.25218,2463
1628827200,1.2521900000000001,1.25286,1.25152,1.25165,3252
1628841600,1.25166,1.25284,1.25126,1.25159,5350
1628856000,1.25159,1.25311,1.2509000000000001,1.25201,6588
1628870400,1.25201,1.25261,1.25006,1.25116,11777
1628884800,1.25115,1.25201,1.25067,1.25134,4563
1629072000,1.25113,1.25347,1.25111,1.25316,1873
1629086400,1.25316,1.25418,1.25263,1.25323,3304
1629100800,1.25326,1.25523,1.25313,1.25403,5570
1629115200,1.2540200000000001,1.25647,1.25393,1.25584,7209
1629129600,1.25583,1.25834,1.25519,1.25739,12777
1629144000,1.2574,1.2576,1.25655,1.25747,3971
1629158400,1.25727,1.25826,1.2564600000000001,1.2580200000000001,1977
1629172800,1.25803,1.25979,1.2579500000000001,1.25848,6066
1629187200,1.25848,1.26291,1.25838,1.26117,9060
1629201600,1.26116,1.26295,1.26064,1.26138,9072
1629216000,1.26132,1.26477,1.26001,1.26474,15898
1629230400,1.26475,1.26482,1.26193,1.26238,6790
1629244800,1.26231,1.26363,1.26196,1.26348,2034
1629259200,1.26348,1.26402,1.26078,1.26109,4817
1629273600,1.2610999999999999,1.26234,1.26027,1.26174,8043
1629288000,1.26173,1.26318,1.25974,1.26088,9114
1629302400,1.26087,1.26521,1.26057,1.26418,12205
1629316800,1.26417,1.2661,1.26104,1.2659099999999999,10896
1629331200,1.26577,1.26773,1.26433,1.26745,2875
1629345600,1.2674400000000001,1.26985,1.2669000000000001,1.26969,8005
1629360000,1.2697,1.27542,1.26941,1.27484,12778
1629374400,1.27484,1.27719,1.27351,1.2754400000000001,13639
1629388800,1.27545,1.2817,1.27478,1.28012,18339
1629403200,1.28011,1.283,1.2801,1.28286,10064
1629417600,1.28266,1.28318,1.28143,1.28143,2592
1629432000,1.28144,1.28637,1.28136,1.286,8136
1629446400,1.286,1.2926199999999999,1.28564,1.29098,14045
1629460800,1.29104,1.2948,1.28926,1.29016,10257
1629475200,1.29017,1.29104,1.28331,1.28411,14356
1629489600,1.28411,1.28458,1.28197,1.28216,5585
1629676800,1.2815699999999999,1.2831000000000001,1.2797100000000001,1.28011,2889
1629691200,1.28012,1.28036,1.2768,1.2772299999999999,5087
1629705600,1.2772299999999999,1.27775,1.27394,1.27409,9431
1629720000,1.2741,1.27458,1.27116,1.27176,9563
1629734400,1.27176,1.27297,1.26581,1.266,13519
1629748800,1.266,1.26627,1.26418,1.26504,4995
1629763200,1.26488,1.26562,1.26423,1.2655699999999999,2103
1629777600,1.26556,1.2657,1.26458,1.26523,4009
1629792000,1.26522,1.26533,1.26116,1.2633,7690
1629806400,1.26331,1.26369,1.26053,1.26291,8639
1629820800,1.2629000000000001,1.26373,1.25779,1.26003,12147
1629835200,1.26004,1.26055,1.25877,1.25879,4272
1629849600,1.2588,1.2604600000000001,1.25868,1.26013,2719
1629864000,1.26013,1.2618,1.25986,1.26162,4712
1629878400,1.2616100000000001,1.26255,1.2602,1.2610299999999999,7572
1629892800,1.26102,1.26338,1.25996,1.26307,8099
1629907200,1.26307,1.26427,1.26093,1.2619099999999999,12089
1629921600,1.2619,1.26228,1.25871,1.25892,6084
1629936000,1.2589000000000001,1.25973,1.25852,1.2595100000000001,2121
1629950400,1.2595399999999999,1.26242,1.2595399999999999,1.26178,3985
1629964800,1.26178,1.26263,1.25935,1.26139,7366
1629979200,1.26138,1.2622200000000001,1.2595399999999999,1.26185,8348
1629993600,1.2618800000000001,1.2669000000000001,1.26092,1.26638,14994
1630008000,1.26637,1.26945,1.2662499999999999,1.26821,7154
1630022400,1.26821,1.27073,1.26783,1.26992,2888
1630036800,1.26994,1.27069,1.26796,1.26829,4905
1630051200,1.2683,1.2688,1.2658,1.26701,7182
1630065600,1.267,1.26947,1.26642,1.26892,8686
1630080000,1.26892,1.27058,1.2604600000000001,1.26064,17839
1630094400,1.26065,1.26223,1.26059,1.26126,4497
1630281600,1.26145,1.26213,1.26059,1.2617099999999999,2187
1630296000,1.2616800000000001,1.263,1.26108,1.26245,4219
1630310400,1.26245,1.26332,1.26026,1.26128,6912
1630324800,1.26129,1.2624,1.25931,1.26036,5598
1630339200,1.26037,1.2613699999999999,1.25728,1.26099,10099
1630353600,1.26099,1.26144,1.26007,1.2606600000000001,5494
1630368000,1.2604899999999999,1.26149,1.25972,1.26057,2475
1630382400,1.26057,1.26245,1.25977,1.2597800000000001,4617
1630396800,1.2597800000000001,1.2597800000000001,1.25692,1.25892,8422
1630411200,1.2589299999999999,1.26118,1.25686,1.25996,11911
1630425600,1.25997,1.2652700000000001,1.25965,1.26251,16692
1630440000,1.26251,1.2634699999999999,1.2601499999999999,1.26147,7293
1630454400,1.26132,1.26364,1.2607300000000001,1.26333,2416
1630468800,1.26336,1.26363,1.26158,1.26218,5761
1630483200,1.26217,1.26253,1.25819,1.25912,8058
1630497600,1.25912,1.26085,1.25794,1.25823,7749
1630512000,1.25818,1.2626,1.258,1.2604600000000001,14141
1630526400,1.26047,1.26261,1.2601200000000001,1.2619,5523
1630540800,1.26172,1.26346,1.26109,1.26277,3267
1630555200,1.26278,1.26375,1.26223,1.26228,4158
1630569600,1.2622900000000001,1.26237,1.25864,1.2596,7572
1630584000,1.25959,1.26208,1.25933,1.26035,6843
1630598400,1.26035,1.26114,1.25513,1.25534,13701
1630612800,1.25534,1.25613,1.25472,1.2549299999999999,6230
1630627200,1.25494,1.25559,1.25461,1.25512,2241
1630641600,1.25512,1.25584,1.25487,1.25535,7906
1630656000,1.25534,1.2555100000000001,1.25326,1.2541,7003
1630670400,1.25408,1.25533,1.24926,1.2509299999999999,12383
1630684800,1.2509299999999999,1.2542200000000001,1.24982,1.25138,18268
1630699200,1.25139,1.25317,1.25023,1.25279,5606
1630886400,1.25132,1.25418,1.25123,1.25377,3045
1630900800,1.25378,1.2543199999999999,1.25325,1.25426,5564
1630915200,1.2542499999999999,1.2544,1.25282,1.2542499999999999,7924
1630929600,1.25424,1.25582,1.25375,1.25375,5998
1630944000,1.25374,1.25446,1.25226,1.25274,4607
1630958400,1.2527599999999999,1.25351,1.25257,1.25301,5801
1630972800,1.25299,1.25339,1.25217,1.25267,2242
1630987200,1.25267,1.25357,1.2519,1.25351,5356
1631001600,1.2535,1.25735,1.25346,1.2558099999999999,8561
1631016000,1.25582,1.25986,1.25541,1.25968,11775
1631030400,1.25969,1.26426,1.25805,1.26332,16041
1631044800,1.26332,1.2655,1.26242,1.26453,6573
1631059200,1.26447,1.26501,1.26364,1.26382,2916
1631073600,1.26382,1.26423,1.26255,1.26373,6739
1631088000,1.26372,1.27057,1.26364,1.26806,14529
1631102400,1.2680500000000001,1.26888,1.26581,1.26677,11929
1631116800,1.26676,1.27612,1.26443,1.26676,20887
1631131200,1.26675,1.26915,1.2655699999999999,1.26901,9560
1631145600,1.26888,1.27053,1.2683200000000001,1.27037,3242
1631160000,1.27037,1.2723499999999999,1.26864,1.27166,7075
1631174400,1.27165,1.27267,1.26887,1.26945,12083
1631188800,1.26945,1.27048,1.26663,1.26799,12670
1631203200,1.26798,1.26916,1.26253,1.2628599999999999,18759
1631217600,1.26285,1.26645,1.26218,1.26599,12668
1631232000,1.26599,1.26658,1.2655699999999999,1.26638,2911
1631246400,1.2664,1.26721,1.2638099999999999,1.2647599999999999,6745
1631260800,1.2647599999999999,1.26483,1.25956,1.25972,9298
1631275200,1.25973,1.26196,1.25818,1.2588,10164
1631289600,1.2588,1.26445,1.25843,1.26377,18762
1631304000,1.26376,1.26888,1.2635,1.26875,9341
1631491200,1.26803,1.26894,1.26752,1.2683900000000001,2941
1631505600,1.2683900000000001,1.2691,1.26651,1.26847,5796
1631520000,1.26848,1.26945,1.26601,1.26698,9714
1631534400,1.26699,1.26877,1.26601,1.26637,9007
1631548800,1.26637,1.26731,1.26373,1.26639,18983
1631563200,1.26638,1.26796,1.26426,1.26427,9755
1631577600,1.26424,1.26546,1.26398,1.26475,1994
1631592000,1.26475,1.26554,1.26394,1.26518,6586
1631606400,1.26518,1.26615,1.26409,1.26457,9936
1631620800,1.26456,1.26641,1.26004,1.26094,12625
1631635200,1.26091,1.26843,1.26009,1.2668599999999999,20012
1631649600,1.26685,1.26976,1.26578,1.26912,12629
1631664000,1.26913,1.2698800000000001,1.26864,1.26986,2875
1631678400,1.26987,1.27077,1.26783,1.26807,6318
1631692800,1.26807,1.2701799999999999,1.2671700000000001,1.26723,9577
1631707200,1.26724,1.26947,1.26655,1.2677,10291
1631721600,1.2677100000000001,1.26853,1.26336,1.2647,18020
1631736000,1.2647,1.2650000000000001,1.2624,1.26254,5618
1631750400,1.26251,1.26291,1.26156,1.26216,2120
1631764800,1.26215,1.26404,1.26214,1.26343,4795
1631779200,1.26342,1.26504,1.26295,1.26359,8210
1631793600,1.2636,1.26494,1.26263,1.26397,8900
1631808000,1.26399,1.26989,1.26399,1.26851,14415
1631822400,1.2685,1.2689599999999999,1.2667,1.26827,5308
1631836800,1.26801,1.26898,1.2671000000000001,1.26889,1944
1631851200,1.26888,1.26898,1.26638,1.26638,5072
1631865600,1.26633,1.26665,1.26373,1.26386,5963
1631880000,1.26385,1.26669,1.26357,1.2658,8368
1631894400,1.26587,1.2762,1.2652999999999999,1.27378,16272
1631908800,1.27378,1.27704,1.27358,1.27692,7604
1632096000,1.27542,1.27771,1.2741,1.27647,1889
1632110400,1.27647,1.2800799999999999,1.27647,1.27981,6157
1632124800,1.2798,1.28182,1.27829,1.28122,14531
1632139200,1.28121,1.28952,1.2809,1.28473,14578
1632153600,1.2847,1.2855400000000001,1.27887,1.28365,22454
1632168000,1.28366,1.2842500000000001,1.28075,1.28174,11452
1632182400,1.28183,1.28213,1.27983,1.28054,2711
1632196800,1.28053,1.2809599999999999,1.27609,1.27617,5876
1632211200,1.2762,1.27745,1.27419,1.27546,11584
1632225600,1.27545,1.27753,1.27481,1.27749,9581
1632240000,1.2775,1.28474,1.27716,1.27922,21422
1632254400,1.27921,1.28243,1.27897,1.28095,11690
1632268800,1.28092,1.28254,1.28053,1.282,3124
1632283200,1.282,1.2822,1.27749,1.27972,9080
1632297600,1.2797100000000001,1.28087,1.27692,1.28002,9697
1632312000,1.28,1.2801,1.27724,1.27948,7163
1632326400,1.2794699999999999,1.28156,1.27243,1.27312,14838
1632340800,1.27311,1.2789,1.26968,1.27759,18560
1632355200,1.27739,1.2795,1.27649,1.27928,2195
1632369600,1.27929,1.2795,1.27522,1.2754699999999999,5577
1632384000,1.27546,1.27597,1.2649,1.26689,9779
1632398400,1.26689,1.26849,1.26494,1.26544,14467
1632412800,1.26542,1.26817,1.26324,1.26462,16884
1632427200,1.26461,1.26633,1.26375,1.2655,6289
1632441600,1.26544,1.26618,1.26401,1.26454,2894
1632456000,1.26453,1.26727,1.2643499999999999,1.26709,4995
1632470400,1.26712,1.26965,1.26606,1.2674400000000001,9320
1632484800,1.2674400000000001,1.27295,1.26679,1.2724199999999999,9535
1632499200,1.27243,1.27292,1.26514,1.26615,13638
1632513600,1.26616,1.26702,1.26395,1.26538,5986
1632700800,1.26427,1.26565,1.26361,1.26395,2670
1632715200,1.26393,1.26393,1.26105,1.26285,4642
1632729600,1.26285,1.26533,1.26092,1.26532,9540
1632744000,1.26531,1.2671299999999999,1.26396,1.26571,11933
1632758400,1.26572,1.26663,1.26201,1.26209,15978
1632772800,1.26207,1.26292,1.26153,1.26274,5740
1632787200,1.26272,1.2637800000000001,1.26221,1.26324,2158
1632801600,1.26323,1.26345,1.25993,1.25994,4530
1632816000,1.25995,1.26505,1.25926,1.26332,12058
1632830400,1.26331,1.26793,1.26278,1.26684,14372
1632844800,1.26682,1.27065,1.26482,1.26942,25208
1632859200,1.26941,1.27016,1.26669,1.26799,12920
1632873600,1.2680799999999999,1.26865,1.26676,1.2680500000000001,2617
1632888000,1.26802,1.2699,1.26733,1.26755,7733
1632902400,1.26757,1.2699799999999999,1.26681,1.26868,14842
1632916800,1.26867,1.27175,1.26736,1.27128,11480
1632931200,1.27127,1.27643,1.2701500000000001,1.27585,19811
1632945600,1.27584,1.27737,1.2741500000000001,1.27562,9887
1632960000,1.27552,1.27621,1.27403,1.27437,2813
1632974400,1.27439,1.27496,1.27319,1.27347,5933
1632988800,1.27347,1.27405,1.27097,1.27186,11953
1633003200,1.27186,1.2755,1.27168,1.27356,11743
1633017600,1.2735400000000001,1.27466,1.26291,1.26863,25901
1633032000,1.26864,1.27051,1.26467,1.2680799999999999,14923
1633046400,1.26801,1.27006,1.26732,1.27003,3161
1633060800,1.27002,1.27231,1.26955,1.27148,9142
1633075200,1.27149,1.27379,1.26989,1.26996,16267
1633089600,1.26994,1.27084,1.26513,1.2683200000000001,14587
1633104000,1.26831,1.26851,1.26434,1.26441,22713
1633118400,1.2644,1.26474,1.2627,1.26384,9044
1633305600,1.26414,1.26448,1.26129,1.26426,3224
1633320000,1.26426,1.26539,1.2617099999999999,1.26187,7187
1633334400,1.26186,1.26454,1.26135,1.26205,14413
1633348800,1.26204,1.26271,1.2591700000000001,1.25973,12316
1633363200,1.25971,1.26002,1.25566,1.25779,20917
1633377600,1.2578,1.25892,1.25713,1.25877,12372
1633392000,1.25873,1.2603900000000001,1.2582200000000001,1.26034,3663
1633406400,1.26033,1.26224,1.26004,1.26185,8548
1633420800,1.26184,1.26288,1.25874,1.25922,12182
1633435200,1.25922,1.2604600000000001,1.25804,1.25912,9424
1633449600,1.25912,1.2601,1.25442,1.25751,15664
1633464000,1.2575,1.25844,1.25688,1.25762,7481
1633478400,1.2574100000000001,1.25905,1.25651,1.25846,2746
1633492800,1.25847,1.26131,1.25803,1.26034,9418
1633507200,1.26033,1.26458,1.25905,1.2634,14840
1633521600,1.2634,1.26472,1.26053,1.26224,14273
1633536000,1.26223,1.26444,1.2604600000000001,1.2616399999999999,21228
1633550400,1.2616399999999999,1.2616399999999999,1.2583,1.2588599999999999,10577
1633564800,1.25885,1.2591999999999999,1.2570999999999999,1.25796,3524
1633579200,1.25797,1.25908,1.25735,1.25867,5396
1633593600,1.25867,1.25984,1.25627,1.25871,11772
1633608000,1.2587,1.25895,1.25695,1.25774,9950
1633622400,1.25773,1.25932,1.25394,1.25566,14556
1633636800,1.25565,1.25635,1.2539799999999999,1.25482,8602
1633651200,1.25477,1.25614,1.2544,1.25441,3478
1633665600,1.2544,1.25573,1.25323,1.25563,6224
1633680000,1.25562,1.25582,1.25423,1.25454,10263
1633694400,1.25452,1.25479,1.2489,1.24998,10262
1633708800,1.24998,1.25184,1.2450700000000001,1.24756,19879
1633723200,1.24757,1.24833,1.24569,1.24723,7875
1633910400,1.24703,1.24858,1.24565,1.24669,2831
1633924800,1.24669,1.24696,1.24491,1.24603,4827
1633939200,1.24602,1.24659,1.24454,1.2448,10578
1633953600,1.24479,1.24735,1.24477,1.24671,8559
1633968000,1.2467,1.24743,1.24478,1.24651,10631
1633982400,1.2465,1.2490700000000001,1.24647,1.24791,7131
1633996800,1.24781,1.24953,1.24586,1.24947,2837
1634011200,1.2494399999999999,1.24977,1.24817,1.24848,4493
1634025600,1.24848,1.2489,1.24604,1.24649,10029
1634040000,1.24649,1.24852,1.24501,1.24752,9633
1634054400,1.24748,1.24814,1.24332,1.24571,19749
1634068800,1.2457,1.24716,1.24511,1.24627,7549
1634083200,1.24606,1.2477800000000001,1.24539,1.24651,2327
1634097600,1.2465,1.24707,1.24493,1.24493,3475
1634112000,1.24493,1.24637,1.24344,1.24423,8492
1634126400,1.24423,1.2469999999999999,1.24337,1.2464,11885
1634140800,1.2463899999999999,1.2466,1.24318,1.24389,14810
1634155200,1.24389,1.24457,1.24297,1.2442,7154
1634169600,1.24418,1.24443,1.2423,1.24247,2090
1634184000,1.24247,1.24372,1.2423,1.24244,2845
1634198400,1.24245,1.24265,1.23831,1.23865,7970
1634212800,1.23865,1.23874,1.23716,1.2381,8945
1634227200,1.2381199999999999,1.23901,1.2354,1.2365,13513
1634241600,1.23649,1.2378,1.23609,1.23684,6082
1634256000,1.23672,1.23811,1.23604,1.23691,2306
1634270400,1.23691,1.23722,1.23538,1.2354,4337
1634284800,1.23541,1.23566,1.23357,1.23454,8850
1634299200,1.23455,1.23844,1.23395,1.23837,8610
1634313600,1.23837,1.23965,1.2354,1.23925,14729
1634328000,1.23926,1.23926,1.23607,1.23607,5954
1634515200,1.2359,1.23836,1.23477,1.23826,2843
1634529600,1.23827,1.23955,1.23726,1.23938,4959
1634544000,1.23938,1.24088,1.23819,1.24016,9390
1634558400,1.24018,1.24027,1.2377799999999999,1.23947,10309
1634572800,1.23946,1.23993,1.23501,1.23663,12898
1634587200,1.23662,1.2384,1.23655,1.23767,5271
1634601600,1.2375,1.23816,1.23627,1.23632,2088
1634616000,1.2363,1.23678,1.23406,1.23483,4846
1634630400,1.23484,1.2349,1.23192,1.23198,8964
1634644800,1.23197,1.2361,1.23102,1.23544,8649
1634659200,1.23544,1.23731,1.23464,1.23554,12924
1634673600,1.23554,1.23684,1.23484,1.23621,5966
1634688000,1.23614,1.23664,1.23513,1.23517,2396
1634702400,1.23517,1.23614,1.23354,1.23365,4920
1634716800,1.23364,1.23564,1.2335,1.2346,9192
1634731200,1.2346300000000001,1.23583,1.23335,1.23479,7772
1634745600,1.23478,1.23614,1.23141,1.23189,12130
1634760000,1.2319,1.23264,1.23066,1.23156,6504
1634774400,1.23143,1.23247,1.23094,1.23148,2069
1634788800,1.2315,1.23217,1.22872,1.23184,5776
1634803200,1.23184,1.23432,1.2316,1.23342,9859
1634817600,1.2334100000000001,1.23446,1.23251,1.23262,8851
1634832000,1.23261,1.23645,1.23115,1.23624,13607
1634846400,1.23621,1.23828,1.23609,1.23682,6434
1634860800,1.23662,1.23748,1.23597,1.23625,2675
1634875200,1.23626,1.23627,1.23418,1.2352,6257
1634889600,1.23519,1.23564,1.23296,1.23334,11013
1634904000,1.23335,1.23435,1.23198,1.23325,8863
1634918400,1.23331,1.23892,1.23237,1.237,17887
1634932800,1.23699,1.23782,1.2361,1.23662,7467
1635120000,1.23643,1.23784,1.23567,1.23607,2742
1635134400,1.23605,1.23683,1.23422,1.23477,5918
1635148800,1.23476,1.23648,1.23373,1.2346300000000001,9529
1635163200,1.2346300000000001,1.23736,1.23446,1.23706,9092
1635177600,1.23705,1.23992,1.23596,1.23947,14269
1635192000,1.23948,1.23954,1.238,1.23818,5764
1635206400,1.23798,1.23849,1.23732,1.23799,2287
1635220800,1.23798,1.23845,1.23671,1.23718,5622
1635235200,1.23718,1.23928,1.23702,1.23713,9213
1635249600,1.23713,1.23743,1.23494,1.23511,7839
1635264000,1.23509,1.23955,1.2349700000000001,1.23904,14223
1635278400,1.23903,1.2392,1.23783,1.23876,6607
1635292800,1.23864,1.2394,1.2382,1.23894,2722
1635307200,1.23895,1.23977,1.2385,1.23866,4672
1635321600,1.23868,1.24184,1.23821,1.24177,8231
1635336000,1.24176,1.24302,1.24014,1.24273,10722
1635350400,1.24274,1.24306,1.2299,1.23292,22799
1635364800,1.23291,1.23641,1.2315800000000001,1.23598,9465
1635379200,1.23586,1.23716,1.23482,1.23691,2982
1635393600,1.23689,1.2378,1.23665,1.23737,6274
1635408000,1.23737,1.23816,1.2364,1.23693,11086
1635422400,1.23693,1.23724,1.2349999999999999,1.2367,13403
1635436800,1.2367,1.23706,1.2328999999999999,1.23544,20662
1635451200,1.23544,1.23564,1.23372,1.23425,7848
1635465600,1.2342,1.23592,1.23388,1.2355800000000001,2810
1635480000,1.2355800000000001,1.2362,1.23426,1.23512,5719
1635494400,1.23512,1.23625,1.2334,1.2356,10340
1635508800,1.2356,1.23921,1.23269,1.23817,12356
1635523200,1.23817,1.24069,1.23705,1.23943,19804
1635537600,1.23943,1.2396099999999999,1.23698,1.23819,8148
1635724800,1.2377,1.23895,1.2372,1.238,4441
1635739200,1.23803,1.23914,1.23756,1.23791,3535
1635753600,1.23791,1.24023,1.23758,1.23794,9019
1635768000,1.23796,1.23867,1.23683,1.2381199999999999,10068
1635782400,1.2381199999999999,1.23937,1.23509,1.23632,12653
1635796800,1.23631,1.23731,1.2359,1.23668,5342
1635811200,1.23653,1.23796,1.23652,1.23742,3046
1635825600,1.23742,1.23886,1.2373,1.23882,6083
1635840000,1.23883,1.24072,1.23843,1.24037,8773
1635854400,1.24037,1.2416800000000001,1.23923,1.2399,11515
1635868800,1.2399,1.24237,1.23865,1.24005,11501
1635883200,1.24004,1.24095,1.23969,1.23983,4972
1635897600,1.23982,1.24182,1.23982,1.24158,2273
1635912000,1.24158,1.2421,1.24124,1.24195,3352
1635926400,1.24193,1.24225,1.24045,1.2412,7208
1635940800,1.2412,1.2445,1.2405599999999999,1.24434,9844
1635955200,1.24435,1.24562,1.24095,1.24106,11148
1635969600,1.2410700000000001,1.2432400000000001,1.23786,1.23858,16557
1635984000,1.23861,1.23986,1.23765,1.23972,3081
1635998400,1.23972,1.24076,1.23896,1.24062,3453
1636012800,1.24062,1.24156,1.23911,1.24155,10031
1636027200,1.24153,1.24328,1.24112,1.24259,12447
1636041600,1.24261,1.24708,1.2423,1.2463899999999999,14798
1636056000,1.2463899999999999,1.24687,1.245,1.24527,5591
1636070400,1.24527,1.24674,1.24503,1.24657,3811
1636084800,1.24659,1.24684,1.24543,1.24652,4136
1636099200,1.24652,1.24715,1.24548,1.24709,8207
1636113600,1.24708,1.24787,1.24399,1.24616,12467
1636128000,1.24616,1.24711,1.2435100000000001,1.24476,13647
1636142400,1.24477,1.24612,1.24424,1.24516,5652
1636329600,1.24439,1.24594,1.24434,1.24574,3655
1636344000,1.24575,1.24589,1.24468,1.2449,3461
1636358400,1.24489,1.24647,1.24387,1.24487,7667
1636372800,1.24488,1.24577,1.24347,1.24564,4688
1636387200,1.24564,1.24636,1.24391,1.24548,7413
1636401600,1.24549,1.24575,1.24396,1.24397,2846
1636416000,1.24396,1.24561,1.24342,1.2448,1746
1636430400,1.24481,1.24582,1.24326,1.2438500000000001,2480
1636444800,1.24383,1.24447,1.24275,1.24331,4178
1636459200,1.2433,1.24498,1.24297,1.24394,5390
1636473600,1.24393,1.2484899999999999,1.24315,1.2439,11833
1636488000,1.24389,1.24495,1.24325,1.24357,3914
1636502400,1.2436,1.2442,1.24304,1.24311,2016
1636516800,1.24311,1.24443,1.24304,1.24399,2415
1636531200,1.244,1.24407,1.241,1.24195,6138
1636545600,1.24193,1.24581,1.24136,1.24167,9915
1636560000,1.24166,1.24626,1.2386300000000001,1.24563,19080
1636574400,1.24561,1.2502499999999999,1.24545,1.24961,12644
1636588800,1.2492,1.24941,1.24648,1.2490700000000001,4065
1636603200,1.2490700000000001,1.25126,1.24858,1.25087,6585
1636617600,1.25087,1.2534399999999999,1.2502,1.25312,9586
1636632000,1.25311,1.25836,1.25235,1.25567,11549
1636646400,1.25568,1.25953,1.25552,1.25922,12812
1636660800,1.25921,1.2595399999999999,1.25784,1.2579799999999999,6715
1636675200,1.25776,1.2594400000000001,1.25693,1.25933,2690
1636689600,1.25933,1.25992,1.25812,1.2582900000000001,2709
1636704000,1.2583,1.26033,1.25685,1.2595100000000001,7426
1636718400,1.25952,1.25973,1.25803,1.25875,8337
1636732800,1.25876,1.25903,1.25455,1.2558,13709
1636747200,1.2557800000000001,1.25603,1.2540200000000001,1.25448,4983
1636934400,1.25427,1.25552,1.2539500000000001,1.25436,3371
1636948800,1.25437,1.25437,1.25279,1.25298,2877
1636963200,1.25297,1.25366,1.2523900000000001,1.25286,7062
1636977600,1.2528299999999999,1.25318,1.25199,1.2527300000000001,6781
1636992000,1.2527,1.25325,1.2500499999999999,1.25232,14364
1637006400,1.25235,1.2523900000000001,1.25039,1.25084,6069
1637020800,1.25083,1.25165,1.24918,1.24951,3328
1637035200,1.2495,1.2522199999999999,1.2493,1.25197,4389
1637049600,1.25196,1.25343,1.25132,1.25261,8547
1637064000,1.25259,1.25435,1.2522,1.25302,8602
1637078400,1.2530299999999999,1.25654,1.2530299999999999,1.25587,14737
1637092800,1.25587,1.25671,1.25513,1.25609,6520
1637107200,1.25575,1.25696,1.25453,1.25602,3085
1637121600,1.25603,1.25851,1.25574,1.25713,5407
1637136000,1.25713,1.25718,1.25394,1.2565,9487
1637150400,1.25647,1.25934,1.25472,1.25878,8758
1637164800,1.25877,1.26036,1.25729,1.26017,13539
1637179200,1.26016,1.26216,1.25911,1.26058,8191
1637193600,1.26058,1.26234,1.26033,1.2622200000000001,3504
1637208000,1.26221,1.26223,1.26096,1.2610000000000001,5106
1637222400,1.2610000000000001,1.26185,1.2598500000000001,1.2606,7360
1637236800,1.26058,1.26202,1.25921,1.26202,8968
1637251200,1.26203,1.26459,1.25962,1.26021,15000
1637265600,1.26019,1.2610999999999999,1.25946,1.25977,5973
1637280000,1.2597,1.2604,1.25941,1.25966,2636
1637294400,1.25965,1.26017,1.2593,1.2594699999999999,3692
1637308800,1.2594699999999999,1.2645,1.25835,1.26431,9892
1637323200,1.2643,1.26611,1.26314,1.26414,16081
1637337600,1.26413,1.26454,1.26099,1.26363,16385
1637352000,1.26363,1.26613,1.26333,1.26386,6778
1637539200,1.2639,1.26572,1.2639,1.26509,4037
1637553600,1.26508,1.26524,1.26362,1.26392,4652
1637568000,1.26393,1.26494,1.26294,1.26407,10336
1637582400,1.2640799999999999,1.26461,1.26269,1.26428,9008
1637596800,1.26427,1.26963,1.26427,1.26952,16128
1637611200,1.26951,1.27043,1.2689599999999999,1.26997,5596
1637625600,1.26982,1.27033,1.26731,1.26993,3189
1637640000,1.26992,1.27155,1.26973,1.27136,5476
1637654400,1.27136,1.27408,1.27023,1.2728,15014
1637668800,1.27279,1.27437,1.2720500000000001,1.27295,12761
1637683200,1.27294,1.27294,1.26973,1.27084,18384
1637697600,1.2708300000000001,1.27127,1.26594,1.26681,9278
1637712000,1.26674,1.26836,1.26647,1.26736,4472
1637726400,1.26737,1.26924,1.26735,1.26793,5844
1637740800,1.26794,1.26882,1.2664,1.268,10888
1637755200,1.26799,1.27092,1.26766,1.27012,11548
1637769600,1.27011,1.27016,1.26497,1.26673,16858
1637784000,1.26673,1.2674699999999999,1.26566,1.26632,6351
1637798400,1.26614,1.26631,1.26474,1.2656399999999999,2338
1637812800,1.26563,1.26585,1.26492,1.26517,2611
1637827200,1.26518,1.26678,1.26397,1.26645,6637
1637841600,1.26646,1.26762,1.26577,1.26681,5877
1637856000,1.26682,1.26698,1.26437,1.26475,4746
1637870400,1.26477,1.2652,1.26454,1.26461,5427
1637884800,1.26457,1.26837,1.26452,1.26817,5149
1637899200,1.26817,1.27185,1.2681200000000001,1.27151,6583
1637913600,1.27154,1.27735,1.27129,1.27622,18362
1637928000,1.27623,1.27697,1.27369,1.27687,16397
1637942400,1.27686,1.27984,1.27495,1.2775699999999999,19567
1637956800,1.27741,1.27885,1.27502,1.27855,7162
1638144000,1.27498,1.2759,1.27197,1.27385,6866
1638158400,1.27386,1.27536,1.27358,1.2748,6144
1638172800,1.2747899999999999,1.27588,1.2731,1.27434,12552
1638187200,1.27433,1.27534,1.27274,1.27353,11846
1638201600,1.27353,1.27923,1.27286,1.27722,14531
1638216000,1.27722,1.27734,1.27362,1.2736399999999999,5990
1638230400,1.27375,1.2745600000000001,1.27295,1.27372,3178
1638244800,1.27371,1.27914,1.27315,1.2791299999999999,6908
1638259200,1.2791299999999999,1.28114,1.2781,1.27865,17726
1638273600,1.27863,1.2795,1.27613,1.27665,13015
1638288000,1.2766199999999999,1.28358,1.27496,1.28168,26837
1638302400,1.28167,1.28269,1.27709,1.27801,10682
1638316800,1.2778800000000001,1.27841,1.2754699999999999,1.27577,5442
1638331200,1.27577,1.2758099999999999,1.27302,1.27322,5896
1638345600,1.27322,1.27742,1.27256,1.27424,12418
1638360000,1.2742499999999999,1.2761,1.2732999999999999,1.27337,10457
1638374400,1.27338,1.2803200000000001,1.27124,1.2803200000000001,16319
1638388800,1.28033,1.2829,1.27953,1.2818399999999999,13964
1638403200,1.2817,1.28274,1.2799,1.27991,4770
1638417600,1.27993,1.28115,1.27964,1.28015,5237
1638432000,1.28014,1.28046,1.27774,1.2782499999999999,11128
1638446400,1.2782499999999999,1.28284,1.2781500000000001,1.28124,12751
1638460800,1.28128,1.28366,1.28004,1.28153,23121
1638475200,1.28153,1.28343,1.28024,1.2803200000000001,10269
1638489600,1.28025,1.28345,1.28011,1.28261,3731
1638504000,1.28261,1.28309,1.28038,1.28094,3989
1638518400,1.28094,1.2835,1.28024,1.28244,8361
1638532800,1.28243,1.28442,1.2755,1.27631,12496
1638547200,1.27629,1.2845,1.27428,1.2837,25709
1638561600,1.28369,1.28537,1.28203,1.28417,12420
1638748800,1.28203,1.28421,1.28155,1.28232,6464
1638763200,1.28233,1.28297,1.28175,1.2824200000000001,4450
1638777600,1.2824200000000001,1.2834699999999999,1.27945,1.28007,13187
1638792000,1.28006,1.28098,1.27826,1.2794400000000001,10672
1638806400,1.2794400000000001,1.28061,1.27724,1.27728,21098
1638820800,1.27728,1.27814,1.27525,1.27561,9841
1638835200,1.27536,1.2766600000000001,1.27453,1.27459,4067
1638849600,1.27459,1.27545,1.27276,1.27282,5113
1638864000,1.27284,1.27346,1.27047,1.27048,9529
1638878400,1.27048,1.2706,1.2663,1.26721,11543
1638892800,1.26722,1.26853,1.26342,1.26584,15271
1638907200,1.26583,1.26668,1.26346,1.26362,8083
1638921600,1.2634699999999999,1.26464,1.26323,1.26416,4095
1638936000,1.26416,1.26474,1.2631700000000001,1.26457,4540
1638950400,1.26457,1.26634,1.2618,1.2621,10361
1638964800,1.26213,1.2644199999999999,1.2613699999999999,1.26207,18413
1638979200,1.26208,1.26657,1.26023,1.26432,20276
1638993600,1.26431,1.2659,1.26423,1.2651,6602
1639008000,1.2648,1.26664,1.26465,1.26662,3033
1639022400,1.26663,1.26696,1.26502,1.26679,3786
1639036800,1.2668,1.26795,1.26512,1.26775,8370
1639051200,1.2677399999999999,1.26979,1.26689,1.26916,12307
1639065600,1.26918,1.27153,1.26803,1.26889,15958
1639080000,1.2689,1.27216,1.26853,1.27121,9350
1639094400,1.27091,1.2718,1.26987,1.27031,4798
1639108800,1.2703,1.27161,1.26922,1.27159,4600
1639123200,1.27161,1.27217,1.27063,1.27187,9805
1639137600,1.27188,1.27236,1.26782,1.26931,10081
1639152000,1.26935,1.27389,1.26892,1.27094,18917
1639166400,1.27094,1.27321,1.2705899999999999,1.27225,5774
1639353600,1.27279,1.27292,1.2705,1.27088,3077
1639368000,1.27088,1.27225,1.27073,1.27188,3083
1639382400,1.27188,1.27507,1.27176,1.2748300000000001,7708
1639396800,1.27484,1.27738,1.2745600000000001,1.27718,10919
1639411200,1.27721,1.28198,1.27702,1.27881,20518
1639425600,1.27882,1.28206,1.27824,1.28079,7995
1639440000,1.28012,1.28217,1.2800099999999999,1.28164,3248
1639454400,1.28164,1.28265,1.28146,1.28156,4244
1639468800,1.28156,1.2823,1.27965,1.28198,9250
1639483200,1.28199,1.28348,1.28056,1.28322,12765
1639497600,1.28323,1.28595,1.2817,1.28507,17241
1639512000,1.28507,1.2864200000000001,1.28461,1.28617,8525
1639526400,1.28569,1.2867199999999999,1.2846600000000001,1.28483,3342
1639540800,1.28483,1.2854999999999999,1.28443,1.28525,3476
1639555200,1.28525,1.28725,1.28475,1.28678,5865
1639569600,1.28678,1.28848,1.28622,1.28754,7173
1639584000,1.28754,1.29193,1.28732,1.29012,13087
1639598400,1.2901,1.29359,1.2830599999999999,1.2831299999999999,19547
1639612800,1.28312,1.28559,1.2831000000000001,1.28517,4213
1639627200,1.28516,1.28566,1.28433,1.28444,4579
1639641600,1.28443,1.2845900000000001,1.2784499999999999,1.2787600000000001,8711
1639656000,1.27877,1.27939,1.27638,1.27668,11080
1639670400,1.2766600000000001,1.28101,1.27624,1.2776100000000001,17045
1639684800,1.27762,1.28018,1.2766199999999999,1.27725,9080
1639699200,1.27719,1.27892,1.27699,1.27868,3690
1639713600,1.27868,1.28088,1.2784499999999999,1.27956,4921
1639728000,1.27956,1.27991,1.27777,1.279,10137
1639742400,1.27899,1.28332,1.27884,1.28307,9679
1639756800,1.28307,1.28499,1.28111,1.28474,18143
1639771200,1.28474,1.29005,1.28433,1.2894999999999999,8849
1639958400,1.28853,1.29007,1.28789,1.28956,5014
1639972800,1.2895699999999999,1.29152,1.28918,1.29088,4864
1639987200,1.29088,1.2934700000000001,1.29059,1.2926199999999999,11878
1640001600,1.2926199999999999,1.29397,1.29098,1.29387,10487
1640016000,1.29386,1.29627,1.29284,1.29373,13690
1640030400,1.29376,1.29489,1.29336,1.2943500000000001,6678
1640044800,1.2941799999999999,1.29431,1.29129,1.29222,3795
1640059200,1.29223,1.29285,1.29184,1.2923499999999999,2599
1640073600,1.29237,1.29452,1.29231,1.2937,5985
1640088000,1.29367,1.29373,1.29184,1.29315,6601
1640102400,1.29314,1.2941,1.2920099999999999,1.29301,10674
1640116800,1.29299,1.29356,1.29115,1.29123,4425
1640131200,1.29117,1.29233,1.2904900000000001,1.29081,2119
1640145600,1.2908,1.29196,1.29054,1.29131,2478
1640160000,1.29132,1.29177,1.29034,1.29052,4978
1640174400,1.29051,1.29162,1.29013,1.29097,5654
1640188800,1.29097,1.2916,1.2836,1.28552,9791
1640203200,1.28551,1.2865199999999999,1.28316,1.28345,3882
1640217600,1.2834400000000001,1.28518,1.28342,1.28475,2020
1640232000,1.28474,1.28525,1.28329,1.28351,1268
1640246400,1.2835,1.28399,1.28153,1.28158,3513
1640260800,1.2816,1.28348,1.2810000000000001,1.2833,5258
1640275200,1.2833,1.28411,1.2797,1.28026,9659
1640289600,1.2802799999999999,1.2814999999999999,1.27987,1.2806600000000001,3248
1640304000,1.28049,1.28334,1.2800500000000001,1.28152,8244
1640318400,1.28152,1.28247,1.2814999999999999,1.28221,6660
1640332800,1.2822,1.28284,1.28043,1.28076,5369
1640347200,1.28076,1.2819,1.27846,1.28125,6465
1640361600,1.28125,1.28198,1.2802,1.28057,5041
1640563200,1.28033,1.28169,1.2803,1.28112,1830
1640577600,1.28112,1.28174,1.28026,1.28169,1229
1640592000,1.2817,1.28315,1.28152,1.28297,2766
1640606400,1.28296,1.28464,1.2819099999999999,1.28192,2990
1640620800,1.28192,1.28209,1.27777,1.27933,5473
1640635200,1.27934,1.2802,1.27834,1.27836,1939
1640649600,1.27827,1.2797,1.27746,1.2796,1411
1640664000,1.2796,1.27977,1.27859,1.27859,1178
1640678400,1.27857,1.28019,1.27812,1.27949,2723
1640692800,1.27948,1.27994,1.27814,1.27868,2350
1640707200,1.27872,1.2823,1.27857,1.28193,6368
1640721600,1.28194,1.28309,1.2807,1.28142,3169
1640736000,1.2804,1.28321,1.28026,1.2828300000000001,1712
1640750400,1.2828300000000001,1.28293,1.28142,1.2819,1546
1640764800,1.28186,1.28292,1.2809,1.28267,2607
1640779200,1.28269,1.28341,1.28057,1.28148,5263
1640793600,1.28148,1.28204,1.27872,1.28009,9068
1640808000,1.28011,1.2802799999999999,1.27885,1.27926,2902
1640822400,1.27905,1.27915,1.2769300000000001,1.2770000000000001,1699
1640836800,1.27701,1.28011,1.27699,1.28009,1480
1640851200,1.28009,1.28117,1.2794699999999999,1.2805,3378
1640865600,1.28051,1.28087,1.2770000000000001,1.2788300000000001,4680
1640880000,1.2788300000000001,1.28076,1.2772999999999999,1.27812,8270
1640894400,1.27811,1.27877,1.27331,1.27371,4633
1640908800,1.27371,1.2747600000000001,1.27348,1.27434,1720
1640923200,1.27434,1.27494,1.27248,1.27298,1709
1640937600,1.27298,1.27368,1.27151,1.2717800000000001,3331
1640952000,1.27177,1.27414,1.27028,1.27032,5697
1640966400,1.27033,1.27062,1.2619,1.2647300000000001,10628
1640980800,1.26474,1.26507,1.26468,1.26482,56
1641168000,1.26272,1.26634,1.26272,1.26611,2224
1641182400,1.26611,1.26845,1.26606,1.26786,2213
1641196800,1.26786,1.26851,1.2665600000000001,1.2679,3941
1641211200,1.26791,1.27187,1.26733,1.27153,4742
1641225600,1.27152,1.27777,1.27141,1.27542,10497
1641240000,1.27542,1.2757,1.27426,1.27437,3944
1641254400,1.27431,1.27543,1.2736399999999999,1.2752,2131
1641268800,1.2752,1.27532,1.27222,1.27224,1824
1641283200,1.27227,1.2748,1.27227,1.27447,4058
1641297600,1.27447,1.2765,1.27254,1.27277,5415
1641312000,1.27276,1.27301,1.26661,1.26916,10177
1641326400,1.26918,1.27187,1.26917,1.27032,3764
1641340800,1.2701,1.27095,1.26844,1.27093,2080
1641355200,1.27093,1.27245,1.27072,1.2723200000000001,1639
1641369600,1.2723200000000001,1.27233,1.2705899999999999,1.27119,3726
1641384000,1.27119,1.27389,1.27047,1.27069,6259
1641398400,1.27069,1.272,1.26905,1.2707,9573
1641412800,1.27071,1.27654,1.26955,1.27588,11408
1641427200,1.27573,1.27734,1.27485,1.27645,2391
1641441600,1.27644,1.2796699999999999,1.27644,1.27874,3430
1641456000,1.27875,1.28128,1.27807,1.27837,7695
1641470400,1.27836,1.27854,1.2753999999999999,1.27629,9537
1641484800,1.27628,1.2785199999999999,1.27057,1.27172,19207
1641499200,1.27173,1.2739099999999999,1.27148,1.2725,6290
1641513600,1.27231,1.2729,1.27058,1.27075,2491
1641528000,1.2707600000000001,1.27225,1.27072,1.27095,2542
1641542400,1.27096,1.2729599999999999,1.27075,1.27125,5825
1641556800,1.27124,1.27264,1.26776,1.27218,9540
1641571200,1.27219,1.27252,1.26413,1.2646600000000001,15291
1641585600,1.26465,1.26505,1.2631000000000001,1.2642,5060
1641772800,1.26363,1.26552,1.26323,1.26371,3167
1641787200,1.2637,1.26483,1.26335,1.26418,2653
1641801600,1.26417,1.26521,1.26146,1.2622900000000001,7955
1641816000,1.26228,1.26666,1.26093,1.2663,8148
1641830400,1.2662900000000001,1.26953,1.26618,1.26931,14933
1641844800,1.26931,1.26965,1.26691,1.26726,7004
1641859200,1.26707,1.2675,1.26584,1.26655,2824
1641873600,1.26658,1.26682,1.26444,1.26477,2922
1641888000,1.26478,1.26647,1.26294,1.26394,8928
1641902400,1.26395,1.26579,1.26325,1.26483,9188
1641916800,1.26482,1.26627,1.25852,1.25866,18810
1641931200,1.25865,1.25911,1.25663,1.2570999999999999,6153
1641945600,1.2570999999999999,1.25786,1.25598,1.25663,2289
1641960000,1.25662,1.25671,1.25452,1.25529,2381
1641974400,1.25529,1.25755,1.2545899999999999,1.25471,6310
1641988800,1.25472,1.25559,1.25123,1.25171,11050
1642003200,1.2517,1.25319,1.2494399999999999,1.2497099999999999,17101
1642017600,1.2497,1.25087,1.24964,1.25033,6669
1642032000,1.2502,1.25092,1.24997,1.25068,2480
1642046400,1.25067,1.25088,1.2494,1.25065,3585
1642060800,1.25065,1.25065,1.2465,1.24814,7324
1642075200,1.24814,1.24865,1.246,1.24604,7258
1642089600,1.24604,1.25022,1.24524,1.24911,14707
1642104000,1.2490999999999999,1.25187,1.24827,1.25168,6976
1642118400,1.2513,1.2524199999999999,1.25008,1.2518099999999999,4157
1642132800,1.25179,1.25207,1.24884,1.24893,3656
1642147200,1.24893,1.25037,1.24698,1.24805,9045
1642161600,1.24805,1.2534100000000001,1.24758,1.2526,10383
1642176000,1.25262,1.25643,1.25085,1.25629,20413
1642190400,1.2563,1.25695,1.2540499999999999,1.25437,7038
1642377600,1.2535,1.2556,1.25301,1.25468,4031
1642392000,1.2546599999999999,1.25475,1.25335,1.25412,2677
1642406400,1.25413,1.25467,1.2509000000000001,1.2509700000000001,7259
1642420800,1.25098,1.25351,1.24992,1.25279,8225
1642435200,1.25278,1.2535,1.25027,1.25107,8547
1642449600,1.25107,1.2523,1.25103,1.2515399999999999,1564
1642464000,1.25143,1.25179,1.24871,1.24895,1980
1642478400,1.24895,1.25325,1.2485,1.25165,6528
1642492800,1.25166,1.25281,1.2497,1.25235,11788
1642507200,1.25236,1.2524899999999999,1.24942,1.2506599999999999,11551
1642521600,1.25067,1.25628,1.2505600000000001,1.25549,20138
1642536000,1.25549,1.25598,1.25022,1.2511,8031
1642550400,1.25108,1.25113,1.24924,1.24993,4057
1642564800,1.24992,1.25099,1.24861,1.25008,4786
1642579200,1.2501,1.25235,1.24777,1.24794,10087
1642593600,1.24796,1.24824,1.24492,1.2477800000000001,10408
1642608000,1.24779,1.25176,1.24764,1.24871,18858
1642622400,1.24871,1.25136,1.24838,1.2513,7540
1642636800,1.25121,1.2515100000000001,1.24921,1.25054,4555
1642651200,1.25053,1.25108,1.24908,1.24927,4355
1642665600,1.24928,1.24965,1.2482,1.24864,8752
1642680000,1.24864,1.24962,1.24756,1.2477800000000001,9429
1642694400,1.24775,1.24887,1.24521,1.24613,13766
1642708800,1.24611,1.25141,1.24566,1.2500200000000001,10425
1642723200,1.25,1.25366,1.24974,1.25206,6562
1642737600,1.25207,1.25355,1.2512699999999999,1.25166,6823
1642752000,1.25168,1.25338,1.25078,1.25237,9124
1642766400,1.25238,1.25312,1.25049,1.25166,10898
1642780800,1.25165,1.25552,1.25134,1.2552400000000001,24582
1642795200,1.25523,1.25862,1.25436,1.2584,11139
1642982400,1.25773,1.25787,1.2561,1.25631,3911
1642996800,1.2563,1.25678,1.25534,1.25662,3469
1643011200,1.25661,1.26016,1.25653,1.25956,10069
1643025600,1.25957,1.2647,1.25948,1.2647,15866
1643040000,1.26467,1.27011,1.26333,1.26728,32902
1643054400,1.26728,1.2675,1.26219,1.26352,19910
1643068800,1.26345,1.2646899999999999,1.26174,1.26379,5356
1643083200,1.2638,1.26573,1.26341,1.26357,5628
1643097600,1.2635399999999999,1.26497,1.26267,1.26348,15244
1643112000,1.2634699999999999,1.26533,1.26266,1.26411,13104
1643126400,1.26414,1.26682,1.2619500000000001,1.26264,27835
1643140800,1.26263,1.26309,1.25966,1.26272,11566
1643155200,1.2625600000000001,1.26297,1.26126,1.2612700000000001,4431
1643169600,1.26126,1.2612700000000001,1.25984,1.26045,3792
1643184000,1.2604600000000001,1.26078,1.25688,1.2573699999999999,8124
1643198400,1.25738,1.25806,1.2558500000000001,1.25762,10418
1643212800,1.2576100000000001,1.26454,1.25631,1.25833,25863
1643227200,1.2583199999999999,1.2687,1.25786,1.26619,36257
1643241600,1.26613,1.26987,1.26558,1.26962,6474
1643256000,1.26966,1.27154,1.26894,1.27063,7989
1643270400,1.27067,1.27258,1.2665199999999999,1.2668599999999999,15079
1643284800,1.26688,1.27183,1.26619,1.2671999999999999,17269
1643299200,1.26722,1.27374,1.26493,1.2730000000000001,26987
1643313600,1.27301,1.27466,1.27172,1.27398,16220
1643328000,1.27393,1.27465,1.27267,1.2730000000000001,4781
1643342400,1.27299,1.27344,1.27119,1.27163,6168
1643356800,1.27165,1.27782,1.2713700000000001,1.27771,12784
1643371200,1.27771,1.27957,1.2748300000000001,1.27577,19135
1643385600,1.27576,1.2781500000000001,1.27469,1.27814,29160
1643400000,1.27814,1.27942,1.27604,1.27638,12167
1643587200,1.27614,1.2775400000000001,1.27445,1.27447,3639
1643601600,1.2744900000000001,1.27481,1.2730299999999999,1.27307,2841
1643616000,1.27307,1.27341,1.27193,1.27316,8834
1643630400,1.27315,1.27745,1.27288,1.2738,10728
1643644800,1.27382,1.27653,1.26809,1.26965,21103
1643659200,1.26963,1.2717,1.26889,1.27038,9751
1643673600,1.27038,1.27212,1.27017,1.27129,2110
1643688000,1.27127,1.27194,1.26929,1.26955,3980
1643702400,1.2695400000000001,1.27046,1.26543,1.26712,9119
1643716800,1.26712,1.2705,1.26673,1.2690000000000001,9349
1643731200,1.26901,1.27255,1.2676,1.26904,23356
1643745600,1.26905,1.27019,1.268,1.2681,6509
1643760000,1.26809,1.26912,1.26782,1.26809,2087
1643774400,1.26809,1.26939,1.2674400000000001,1.26857,2155
1643788800,1.26858,1.26982,1.26756,1.26848,6978
1643803200,1.26848,1.26923,1.2649,1.26682,9839
1643817600,1.26682,1.27048,1.26644,1.26813,17620
1643832000,1.26813,1.26865,1.26516,1.26696,6032
1643846400,1.2667,1.26861,1.26654,1.26816,2299
1643860800,1.26818,1.26843,1.26722,1.2683,2218
1643875200,1.2683,1.27089,1.26776,1.27084,7136
1643889600,1.27085,1.2714400000000001,1.2681499999999999,1.26883,14445
1643904000,1.26881,1.26942,1.26601,1.2674,25480
1643918400,1.26739,1.26923,1.26571,1.26758,8353
1643932800,1.26754,1.2683900000000001,1.26669,1.2679,2776
1643947200,1.26789,1.26813,1.2662,1.26793,2928
1643961600,1.26792,1.27148,1.26784,1.2711299999999999,9638
1643976000,1.27112,1.27847,1.27095,1.27762,17016
1643990400,1.2776100000000001,1.27866,1.27512,1.27609,24307
1644004800,1.2760799999999999,1.27654,1.27416,1.2760799999999999,7254
1644192000,1.27441,1.2755,1.27331,1.2739099999999999,4191
1644206400,1.27393,1.27515,1.27263,1.2729300000000001,3616
1644220800,1.27294,1.27408,1.27074,1.2732299999999999,10798
1644235200,1.2732299999999999,1.27387,1.27014,1.27104,10414
1644249600,1.27104,1.2726899999999999,1.26701,1.2686899999999999,16486
1644264000,1.2686899999999999,1.26872,1.2656800000000001,1.26667,5295
1644278400,1.26664,1.26763,1.2661,1.2671700000000001,2298
1644292800,1.2671700000000001,1.27001,1.26716,1.26931,2903
1644307200,1.26932,1.26978,1.2671700000000001,1.26826,9106
1644321600,1.26825,1.2716,1.26825,1.27064,10476
1644336000,1.27065,1.27199,1.26955,1.27062,13743
1644350400,1.27062,1.27172,1.26956,1.27023,5552
1644364800,1.27023,1.2714400000000001,1.26989,1.2701799999999999,1557
1644379200,1.27017,1.27067,1.26878,1.26935,2454
1644393600,1.26935,1.27131,1.26899,1.26936,6390
1644408000,1.2693699999999999,1.2696399999999999,1.26809,1.2689300000000001,7896
1644422400,1.26895,1.2699,1.26646,1.26681,11715
1644436800,1.26682,1.26836,1.26643,1.26691,4744
1644451200,1.26687,1.26853,1.26672,1.2681200000000001,2071
1644465600,1.26811,1.26855,1.26704,1.26754,2291
1644480000,1.26753,1.2678099999999999,1.26641,1.26743,6127
1644494400,1.2674400000000001,1.27138,1.26644,1.27021,11485
1644508800,1.2702200000000001,1.2718,1.2635100000000001,1.26639,26028
1644523200,1.26638,1.27267,1.2661,1.27206,16835
1644537600,1.27197,1.27496,1.27126,1.2738800000000001,3920
1644552000,1.2738800000000001,1.27515,1.2723200000000001,1.27405,5183
1644566400,1.27406,1.27528,1.27186,1.27284,10780
1644580800,1.27285,1.27313,1.26931,1.27093,9220
1644595200,1.27095,1.27152,1.267,1.26704,18539
1644609600,1.26705,1.27455,1.2668300000000001,1.27314,33903
1644796800,1.2730299999999999,1.27402,1.27195,1.27398,4484
1644811200,1.27396,1.27444,1.27254,1.27305,4581
1644825600,1.27306,1.2783,1.27284,1.27697,14294
1644840000,1.2769599999999999,1.27817,1.27373,1.27542,18988
1644854400,1.2754400000000001,1.27607,1.2720500000000001,1.27282,25618
1644868800,1.2728,1.275,1.27189,1.27241,15617
1644883200,1.2723200000000001,1.27385,1.27218,1.2735,2805
1644897600,1.27351,1.27521,1.2730299999999999,1.27467,3861
1644912000,1.27467,1.27489,1.27014,1.2701500000000001,12119
1644926400,1.2701500000000001,1.27289,1.27001,1.27213,13074
1644940800,1.27214,1.27736,1.27091,1.27432,15245
1644955200,1.27432,1.27482,1.27141,1.27146,6193
1644969600,1.27153,1.27246,1.2713999999999999,1.27146,2126
1644984000,1.27146,1.27215,1.27095,1.2715,2065
1644998400,1.27151,1.27166,1.26779,1.2681499999999999,8520
1645012800,1.2681499999999999,1.26889,1.26621,1.26794,13131
1645027200,1.26794,1.27032,1.26724,1.26836,15564
1645041600,1.26836,1.2699,1.26715,1.2688,13293
1645056000,1.26874,1.26984,1.2679,1.26945,2965
1645070400,1.26945,1.27331,1.26879,1.2702499999999999,9736
1645084800,1.27026,1.27241,1.2693400000000001,1.27069,17837
1645099200,1.2707,1.2713700000000001,1.26922,1.27075,12847
1645113600,1.27075,1.27106,1.26733,1.26859,22652
1645128000,1.26858,1.27091,1.26807,1.27073,7544
1645142400,1.27058,1.27162,1.26935,1.2697,4127
1645156800,1.2697,1.27036,1.26867,1.26925,2919
1645171200,1.26923,1.26972,1.26726,1.26794,8682
1645185600,1.26794,1.27091,1.26789,1.27084,11400
1645200000,1.27085,1.2754400000000001,1.2694,1.2754400000000001,19268
1645214400,1.27545,1.27596,1.2736,1.27531,9228
1645401600,1.27448,1.27594,1.27306,1.27359,5117
1645416000,1.27358,1.27385,1.27207,1.2723,3008
1645430400,1.27231,1.2739099999999999,1.27211,1.27359,10064
1645444800,1.2736,1.27554,1.2732999999999999,1.27393,11145
1645459200,1.27392,1.27514,1.27325,1.2749,12910
1645473600,1.2749,1.27579,1.27432,1.27509,3458
1645488000,1.27491,1.27644,1.27431,1.27586,5188
1645502400,1.27585,1.27679,1.27396,1.27407,4570
1645516800,1.27407,1.27657,1.27297,1.27419,14396
1645531200,1.27419,1.2742,1.27222,1.27248,14787
1645545600,1.27251,1.27497,1.2717800000000001,1.2748300000000001,16579
1645560000,1.27484,1.27823,1.2745199999999999,1.27691,15409
1645574400,1.27689,1.27689,1.2748300000000001,1.27495,2972
1645588800,1.27495,1.27596,1.27426,1.2745199999999999,3226
1645603200,1.27451,1.27542,1.2704,1.27094,8215
1645617600,1.27094,1.27163,1.26811,1.26822,9203
1645632000,1.26824,1.27365,1.26807,1.2716,19917
1645646400,1.27161,1.27471,1.27161,1.27339,9555
1645660800,1.2733400000000001,1.27555,1.27255,1.27399,6051
1645675200,1.27399,1.27915,1.27381,1.27762,19420
1645689600,1.2776100000000001,1.28203,1.2772999999999999,1.28202,24704
1645704000,1.28203,1.2846199999999999,1.28045,1.28211,27512
1645718400,1.2821,1.28765,1.28164,1.28382,34583
1645732800,1.28384,1.28485,1.2790300000000001,1.28162,23149
1645747200,1.28142,1.28146,1.27898,1.27924,7659
1645761600,1.27926,1.2800799999999999,1.2770299999999999,1.27778,8147
1645776000,1.27777,1.28193,1.27771,1.28074,16277
1645790400,1.28074,1.28169,1.27527,1.27567,17963
1645804800,1.27568,1.2794400000000001,1.27337,1.27518,21528
1645819200,1.27518,1.27522,1.26941,1.26974,10884
1646006400,1.2765,1.27802,1.27336,1.27796,10157
1646020800,1.27795,1.28086,1.27771,1.27851,7360
1646035200,1.2785199999999999,1.27892,1.27606,1.27678,18057
1646049600,1.27678,1.27692,1.27212,1.27299,18999
1646064000,1.27299,1.27355,1.2658800000000001,1.26865,23360
1646078400,1.2686600000000001,1.27045,1.26675,1.26708,11108
1646092800,1.267,1.26757,1.26644,1.26736,2798
1646107200,1.26734,1.26833,1.26668,1.26787,2975
1646121600,1.26787,1.26801,1.2652700000000001,1.26682,10184
1646136000,1.26684,1.26928,1.26635,1.26703,15483
1646150400,1.26704,1.27284,1.26538,1.27248,26113
1646164800,1.27249,1.27492,1.27228,1.27406,13438
1646179200,1.2738800000000001,1.27424,1.27154,1.27204,3628
1646193600,1.27202,1.27287,1.27135,1.27202,3937
1646208000,1.27202,1.27436,1.27021,1.2707899999999999,16449
1646222400,1.2707899999999999,1.2718099999999999,1.2683,1.26892,15884
1646236800,1.2689300000000001,1.27072,1.26481,1.26639,28449
1646251200,1.26638,1.26667,1.26272,1.26308,9590
1646265600,1.26303,1.26536,1.2628,1.26467,3181
1646280000,1.2646600000000001,1.26538,1.2624,1.26274,3367
1646294400,1.26275,1.26285,1.25857,1.26242,11137
1646308800,1.26243,1.26433,1.26193,1.2639,12106
1646323200,1.26391,1.26916,1.26258,1.26766,25399
1646337600,1.26767,1.26898,1.26669,1.26776,10573
1646352000,1.2676,1.2721,1.26651,1.26849,9585
1646366400,1.26847,1.27014,1.268,1.26918,6452
1646380800,1.26919,1.27307,1.2686899999999999,1.27299,14279
1646395200,1.2730000000000001,1.27896,1.27141,1.27697,19076
1646409600,1.2769599999999999,1.2791000000000001,1.27247,1.27291,25485
1646424000,1.2729,1.2744900000000001,1.2711999999999999,1.27353,12416
1646611200,1.2724,1.27552,1.27118,1.27211,9653
1646625600,1.27211,1.27279,1.27003,1.27102,8669
1646640000,1.27103,1.27284,1.26843,1.27107,18473
1646654400,1.27106,1.27403,1.27011,1.27362,26241
1646668800,1.27362,1.27925,1.27282,1.27881,31150
1646683200,1.27882,1.28194,1.27756,1.28162,14425
1646697600,1.28166,1.2818,1.27966,1.28068,5204
1646712000,1.28068,1.2828300000000001,1.2795,1.28236,7611
1646726400,1.28235,1.28361,1.28054,1.2828300000000001,20205
1646740800,1.28284,1.28429,1.28058,1.28255,18785
1646755200,1.28255,1.29001,1.28192,1.2882,37941
1646769600,1.2882,1.2895699999999999,1.2859099999999999,1.28876,17741
1646784000,1.28865,1.28929,1.28674,1.28711,6251
1646798400,1.28712,1.2891,1.28665,1.28814,7002
1646812800,1.28813,1.28816,1.28243,1.28251,15256
1646827200,1.2825,1.2843499999999999,1.2805,1.28235,17979
1646841600,1.28235,1.28362,1.28026,1.2815400000000001,28096
1646856000,1.2815400000000001,1.28343,1.28053,1.28054,10156
1646870400,1.28044,1.28406,1.27901,1.28289,5251
1646884800,1.28289,1.28307,1.28064,1.28158,4177
1646899200,1.2815699999999999,1.28308,1.27929,1.28155,14076
1646913600,1.2815400000000001,1.28315,1.27782,1.2784200000000001,19908
1646928000,1.2784200000000001,1.28047,1.2757100000000001,1.27732,22187
1646942400,1.27731,1.27758,1.27496,1.27686,7630
1646956800,1.27695,1.27837,1.27524,1.27834,4485
1646971200,1.27832,1.27928,1.27763,1.27864,4843
1646985600,1.27865,1.2788300000000001,1.27583,1.27705,15096
1647000000,1.27706,1.27765,1.2713999999999999,1.27156,20696
1647014400,1.27156,1.27304,1.2692999999999999,1.2730299999999999,19541
1647028800,1.27304,1.27492,1.27062,1.27481,9002
1647216000,1.27276,1.27495,1.27276,1.27445,6822
1647230400,1.27445,1.2788300000000001,1.27442,1.27775,5428
1647244800,1.27775,1.27866,1.27444,1.27531,12514
1647259200,1.2753,1.27772,1.27435,1.27619,14687
1647273600,1.2762,1.2814999999999999,1.27371,1.2808899999999999,20519
1647288000,1.2808899999999999,1.28257,1.28079,1.2816100000000001,7772
1647302400,1.28167,1.2852299999999999,1.28131,1.28483,6156
1647316800,1.28484,1.2849300000000001,1.28175,1.28238,6811
1647331200,1.28239,1.2870300000000001,1.28231,1.28571,16234
1647345600,1.28571,1.28657,1.2818,1.28187,13978
1647360000,1.2818800000000001,1.28288,1.27767,1.27844,21424
1647374400,1.2784499999999999,1.27933,1.276,1.27664,7628
1647388800,1.27661,1.27744,1.27569,1.27585,4358
1647403200,1.27584,1.27689,1.2736399999999999,1.27396,4061
1647417600,1.27397,1.27531,1.2718,1.27212,12309
1647432000,1.27212,1.27237,1.26859,1.26955,13762
1647446400,1.2695400000000001,1.27453,1.26909,1.27165,22417
1647460800,1.27163,1.27765,1.26732,1.26761,25865
1647475200,1.26762,1.26976,1.26681,1.26915,6368
1647489600,1.26916,1.26924,1.26714,1.26804,6026
1647504000,1.26803,1.2686899999999999,1.26509,1.2652700000000001,10892
1647518400,1.26523,1.2678099999999999,1.26519,1.2661,17103
1647532800,1.26609,1.26729,1.2629000000000001,1.26363,17100
1647547200,1.2636,1.26485,1.26116,1.26209,7463
1647561600,1.26201,1.26342,1.26131,1.26205,4546
1647576000,1.26205,1.26287,1.26034,1.26044,3413
1647590400,1.26045,1.26205,1.25942,1.2619099999999999,10168
1647604800,1.2619,1.2638099999999999,1.2597800000000001,1.2622200000000001,11759
1647619200,1.26221,1.26454,1.25995,1.26086,18451
1647633600,1.26085,1.26157,1.2588,1.2598099999999999,6072
1647820800,1.26101,1.2610299999999999,1.25903,1.25918,3362
1647835200,1.25918,1.26125,1.25918,1.26085,2870
1647849600,1.26085,1.26143,1.25887,1.26072,8760
1647864000,1.26071,1.26208,1.25823,1.25937,12852
1647878400,1.25938,1.2610999999999999,1.25641,1.25968,20774
1647892800,1.25968,1.26041,1.25797,1.2588599999999999,8972
1647907200,1.25887,1.26018,1.25867,1.2598500000000001,3616
1647921600,1.25984,1.2606,1.25697,1.26014,4977
1647936000,1.2601499999999999,1.2622900000000001,1.25885,1.26123,10148
1647950400,1.26124,1.26126,1.25731,1.25783,14257
1647964800,1.25782,1.26165,1.2573400000000001,1.2579500000000001,14638
1647979200,1.25794,1.25852,1.25632,1.25697,6129
1647993600,1.25697,1.25852,1.25638,1.2576100000000001,3252
1648008000,1.2576399999999999,1.25891,1.25645,1.25749,3261
1648022400,1.25748,1.25896,1.25692,1.25842,7120
1648036800,1.25843,1.26045,1.25807,1.25833,11783
1648051200,1.25834,1.25834,1.25412,1.25623,15349
1648065600,1.25624,1.25692,1.2555,1.25572,6008
1648080000,1.25575,1.25745,1.25545,1.25697,3757
1648094400,1.25697,1.2583,1.2562,1.25755,3906
1648108800,1.25756,1.25851,1.25582,1.25767,8891
1648123200,1.2576800000000001,1.25779,1.25507,1.25566,13452
1648137600,1.25567,1.25568,1.25087,1.2540499999999999,19198
1648152000,1.25409,1.25523,1.25195,1.25224,6980
1648166400,1.25225,1.25436,1.25166,1.25241,4704
1648180800,1.25243,1.25323,1.2524,1.25247,3059
1648195200,1.2524600000000001,1.25521,1.2524,1.2539799999999999,7352
1648209600,1.2539799999999999,1.2542200000000001,1.2509700000000001,1.2516,11321
1648224000,1.2516,1.25282,1.248,1.24825,16311
1648238400,1.24825,1.24843,1.24643,1.24722,5532
1648425600,1.24791,1.24981,1.24747,1.24937,2848
1648440000,1.24938,1.24988,1.24808,1.24923,5743
1648454400,1.24923,1.2502900000000001,1.24773,1.24833,9916
1648468800,1.24835,1.25048,1.24723,1.2503199999999999,10774
1648483200,1.25033,1.25918,1.2503199999999999,1.25411,19510
1648497600,1.25412,1.25494,1.25194,1.25198,8404
1648512000,1.25187,1.25287,1.25123,1.25261,2518
1648526400,1.25258,1.25258,1.25112,1.25179,3995
1648540800,1.25177,1.25186,1.24925,1.25103,8977
1648555200,1.25102,1.25287,1.24688,1.25095,18669
1648569600,1.25096,1.2527300000000001,1.2496,1.25141,20235
1648584000,1.25142,1.25203,1.24807,1.25022,7689
1648598400,1.24985,1.25075,1.24853,1.25011,2572
1648612800,1.25011,1.25035,1.2488,1.24891,4138
1648627200,1.2489,1.24931,1.24742,1.2479,8678
1648641600,1.24791,1.24869,1.24657,1.24657,10214
1648656000,1.2465600000000001,1.25015,1.24287,1.24681,16878
1648670400,1.24681,1.24861,1.24652,1.24807,6035
1648684800,1.24793,1.25026,1.2475,1.24941,3848
1648699200,1.24941,1.25187,1.2489,1.25182,3725
1648713600,1.2518099999999999,1.2528299999999999,1.24964,1.2523,7981
1648728000,1.25229,1.25322,1.24991,1.25068,8081
1648742400,1.25069,1.25257,1.24793,1.24811,19264
1648756800,1.24811,1.25086,1.24631,1.2505899999999999,7211
1648771200,1.25035,1.2509299999999999,1.2496,1.25035,2664
1648785600,1.25035,1.25072,1.24912,1.24949,3160
1648800000,1.24949,1.25256,1.24939,1.24986,6267
1648814400,1.24987,1.2508,1.24796,1.25023,8225
1648828800,1.25023,1.25306,1.24909,1.25281,13492
1648843200,1.2528000000000001,1.25385,1.25058,1.25143,7189
1649030400,1.2514,1.2527300000000001,1.2514,1.25169,1490
1649044800,1.2517,1.2518099999999999,1.2509000000000001,1.2509299999999999,2123
1649059200,1.25094,1.25101,1.24836,1.2495,6313
1649073600,1.24951,1.25041,1.24867,1.24917,6821
1649088000,1.24918,1.25018,1.24671,1.24958,9494
1649102400,1.24959,1.25015,1.24786,1.24832,3948
1649116800,1.2482,1.24916,1.24787,1.24846,1304
1649131200,1.24845,1.24902,1.24782,1.24794,2337
1649145600,1.24794,1.24828,1.24516,1.24536,6208
1649160000,1.24535,1.24677,1.24307,1.24307,7762
1649174400,1.24304,1.24732,1.24019,1.24667,13423
1649188800,1.24667,1.24969,1.24476,1.24889,6755
1649203200,1.24867,1.24946,1.24802,1.24926,1622
1649217600,1.24926,1.2503,1.24846,1.2499500000000001,3349
1649232000,1.24996,1.25085,1.24889,1.24926,6364
1649246400,1.24926,1.2503,1.24783,1.24905,6777
1649260800,1.24906,1.25202,1.24795,1.25034,10654
1649275200,1.25033,1.25576,1.24887,1.25446,12270
1649289600,1.25412,1.25668,1.25296,1.2558,2656
1649304000,1.2558,1.25674,1.25505,1.25573,3755
1649318400,1.25573,1.2564899999999999,1.25372,1.25631,6868
1649332800,1.2563,1.2573400000000001,1.2537099999999999,1.25693,7378
1649347200,1.25693,1.26104,1.25621,1.25971,12152
1649361600,1.25969,1.25971,1.25745,1.25876,6444
1649376000,1.25871,1.25939,1.25796,1.25874,2211
1649390400,1.25875,1.2593,1.2577,1.2589000000000001,2891
1649404800,1.25889,1.2597800000000001,1.2575,1.25909,5825
1649419200,1.2591,1.25986,1.25813,1.2595399999999999,5178
1649433600,1.25955,1.26178,1.25731,1.25813,11004
1649448000,1.25814,1.25933,1.25638,1.25723,5244
1649635200,1.25603,1.25968,1.25603,1.25968,2193
1649649600,1.25968,1.26162,1.25838,1.25965,4737
1649664000,1.25963,1.26163,1.2589299999999999,1.25975,9359
1649678400,1.25977,1.26087,1.25715,1.25949,9586
1649692800,1.2595,1.26362,1.25929,1.26326,15222
1649707200,1.26325,1.26392,1.26189,1.26332,6699
1649721600,1.26312,1.26522,1.26243,1.26505,2095
1649736000,1.26506,1.26552,1.26403,1.26432,3354
1649750400,1.26432,1.26606,1.2631299999999999,1.26528,8659
1649764800,1.26528,1.26601,1.25805,1.2591,10098
1649779200,1.25912,1.26185,1.25912,1.26112,20377
1649793600,1.26111,1.26445,1.26041,1.26409,9426
1649808000,1.26413,1.26428,1.2631000000000001,1.26388,2060
1649822400,1.26386,1.26386,1.26096,1.26257,4964
1649836800,1.26258,1.26481,1.26106,1.26423,9521
1649851200,1.26423,1.26636,1.26373,1.26636,11285
1649865600,1.26636,1.2675100000000001,1.25827,1.2585600000000001,20793
1649880000,1.25858,1.25862,1.2554,1.25605,8301
1649894400,1.25601,1.25684,1.25533,1.2566899999999999,2728
1649908800,1.25668,1.25683,1.2543,1.25482,4480
1649923200,1.25481,1.25656,1.2540200000000001,1.2543,7206
1649937600,1.2543,1.25808,1.25204,1.25797,13722
1649952000,1.2579799999999999,1.2641,1.25744,1.26209,18011
1649966400,1.26209,1.26251,1.25862,1.26023,5242
1649980800,1.25979,1.2619,1.25837,1.26181,5108
1649995200,1.26177,1.26182,1.25966,1.26029,10790
1650009600,1.26031,1.26085,1.2589000000000001,1.25941,22143
1650024000,1.25941,1.26058,1.25894,1.2603,15414
1650038400,1.26031,1.26148,1.2603,1.26053,8715
1650240000,1.2606,1.2628,1.2606,1.26264,2347
1650254400,1.26265,1.26425,1.2619,1.26394,3245
1650268800,1.26393,1.26419,1.26281,1.26368,4761
1650283200,1.26367,1.2643,1.26123,1.26231,7089
1650297600,1.2623,1.26278,1.26024,1.26153,14854
1650312000,1.26155,1.26255,1.26044,1.26101,8876
1650326400,1.26089,1.26138,1.25911,1.26047,2686
1650340800,1.2604600000000001,1.2612999999999999,1.2576100000000001,1.25786,4771
1650355200,1.25787,1.2591,1.25672,1.25846,10446
1650369600,1.25847,1.26349,1.25847,1.26331,10407
1650384000,1.26332,1.26456,1.26061,1.2621,18441
1650398400,1.26211,1.26276,1.26145,1.26151,7368
1650412800,1.26148,1.26174,1.25999,1.26047,2590
1650427200,1.2604600000000001,1.26235,1.25821,1.25824,5753
1650441600,1.25824,1.25884,1.25616,1.2563,7915
1650456000,1.2563,1.25632,1.2514,1.25235,10776
1650470400,1.25237,1.25268,1.24711,1.24982,18646
1650484800,1.24982,1.25082,1.24834,1.24942,8752
1650499200,1.24926,1.24997,1.24826,1.2494,2923
1650513600,1.24939,1.2496,1.24781,1.24854,4379
1650528000,1.24853,1.24902,1.24574,1.24719,9391
1650542400,1.24719,1.24992,1.24673,1.24939,7928
1650556800,1.24942,1.25523,1.24733,1.25494,17510
1650571200,1.2549299999999999,1.2589299999999999,1.254,1.25823,13294
1650585600,1.25815,1.25995,1.25667,1.25934,3429
1650600000,1.25934,1.26067,1.25858,1.25923,5995
1650614400,1.25922,1.26678,1.2589000000000001,1.26677,11228
1650628800,1.26677,1.2683,1.2652999999999999,1.26745,11580
1650643200,1.26745,1.27251,1.26685,1.27124,20125
1650657600,1.27124,1.27253,1.27017,1.27122,10973
1650844800,1.27098,1.27284,1.26974,1.27261,3871
1650859200,1.27258,1.2741799999999999,1.27241,1.27338,6632
1650873600,1.27337,1.27555,1.2718099999999999,1.27285,14411
1650888000,1.27284,1.27676,1.27256,1.27597,15715
1650902400,1.27597,1.2776399999999999,1.27491,1.27609,21670
1650916800,1.27609,1.27705,1.2714400000000001,1.2736100000000001,14573
1650931200,1.27345,1.27436,1.27179,1.27294,3140
1650945600,1.27294,1.27411,1.26833,1.2686600000000001,6812
1650960000,1.2686600000000001,1.27462,1.26857,1.27352,9132
1650974400,1.27351,1.2778100000000001,1.27306,1.2775699999999999,8901
1650988800,1.27758,1.28268,1.27702,1.2784,17183
1651003200,1.27841,1.28238,1.2783,1.2821500000000001,8945
1651017600,1.2823,1.28277,1.28017,1.28079,2656
1651032000,1.28078,1.28109,1.27839,1.2784,5941
1651046400,1.27841,1.28451,1.2777,1.28449,11693
1651060800,1.28449,1.2846600000000001,1.28162,1.28348,12510
1651075200,1.28348,1.28531,1.27951,1.28092,19020
1651089600,1.28092,1.28336,1.27995,1.28164,10659
1651104000,1.28152,1.2828300000000001,1.28103,1.28216,2433
1651118400,1.2821799999999999,1.28426,1.2809,1.2832,6225
1651132800,1.2832,1.28567,1.2797100000000001,1.28167,13646
1651147200,1.28166,1.28787,1.28118,1.28665,15002
1651161600,1.28667,1.28685,1.2799,1.2802799999999999,21239
1651176000,1.2802799999999999,1.28114,1.279,1.28045,10669
1651190400,1.28026,1.28114,1.27812,1.27812,2649
1651204800,1.27813,1.27922,1.2757,1.2758099999999999,5837
1651219200,1.2758099999999999,1.2759,1.2723499999999999,1.27488,11075
1651233600,1.27488,1.27502,1.27177,1.272,11261
1651248000,1.272,1.2824200000000001,1.27188,1.28152,20742
1651262400,1.28151,1.28595,1.2796,1.28543,12263
1651449600,1.28243,1.2860800000000001,1.28243,1.28566,4311
1651464000,1.28566,1.28727,1.28476,1.28634,5080
1651478400,1.28633,1.28786,1.28488,1.28765,10509
1651492800,1.28766,1.29048,1.28598,1.29013,8969
1651507200,1.29012,1.29129,1.28757,1.29005,24359
1651521600,1.29006,1.2913000000000001,1.28709,1.28761,12809
1651536000,1.2875,1.288,1.28377,1.28386,2903
1651550400,1.28388,1.28639,1.28348,1.28638,6002
1651564800,1.28636,1.28816,1.28484,1.28717,10295
1651579200,1.28717,1.28926,1.28454,1.2848,10158
1651593600,1.28481,1.28673,1.2824200000000001,1.28546,18613
1651608000,1.28545,1.28627,1.283,1.2836699999999999,9982
1651622400,1.28354,1.28391,1.2824,1.28287,2036
1651636800,1.28286,1.28315,1.2814999999999999,1.28311,3362
1651651200,1.28311,1.28414,1.28071,1.2810000000000001,7140
1651665600,1.28098,1.2819099999999999,1.2803,1.28116,5549
1651680000,1.28116,1.28521,1.2810000000000001,1.28101,14863
1651694400,1.28099,1.28455,1.2729,1.2735699999999999,36129
1651708800,1.27342,1.27471,1.27282,1.2737,3070
1651723200,1.2737,1.2741,1.27125,1.2723,6741
1651737600,1.27231,1.27638,1.27185,1.2754699999999999,10185
1651752000,1.27548,1.27708,1.27359,1.2766,11091
1651766400,1.2766,1.2859,1.27528,1.28363,29004
1651780800,1.28365,1.28671,1.28232,1.28359,18865
1651795200,1.28341,1.2836400000000001,1.28132,1.28328,3540
1651809600,1.28327,1.28551,1.28253,1.2834699999999999,7160
1651824000,1.2834699999999999,1.28655,1.28229,1.28429,13870
1651838400,1.2843,1.28667,1.2812000000000001,1.28661,16299
1651852800,1.28663,1.28952,1.28455,1.28781,36601
1651867200,1.28781,1.2911299999999999,1.2870599999999999,1.29041,14371
1652054400,1.29037,1.29389,1.2901099999999999,1.29382,4375
1652068800,1.29383,1.2947,1.29266,1.29443,6364
1652083200,1.29444,1.29487,1.29245,1.29312,12096
1652097600,1.2931300000000001,1.2953000000000001,1.29071,1.29157,17641
1652112000,1.29156,1.29926,1.29127,1.29641,31678
1652126400,1.29643,1.30142,1.29631,1.30128,14717
1652140800,1.30127,1.30305,1.3005499999999999,1.30236,4663
1652155200,1.3023799999999999,1.30355,1.2989899999999999,1.29977,9829
1652169600,1.2998,1.30202,1.29856,1.29912,12811
1652184000,1.29911,1.30103,1.29763,1.2983,13458
1652198400,1.29829,1.3047900000000001,1.29607,1.3045,33325
1652212800,1.3045,1.30514,1.30044,1.30278,20027
1652227200,1.30259,1.30338,1.30197,1.30277,3039
1652241600,1.30276,1.3030300000000001,1.30035,1.30048,5677
1652256000,1.30047,1.30131,1.2965,1.29663,9939
1652270400,1.2966,1.30382,1.29531,1.30335,16566
1652284800,1.30336,1.30354,1.29199,1.29728,41747
1652299200,1.29727,1.30056,1.2963,1.29921,18344
1652313600,1.29911,1.30037,1.2982,1.29866,4606
1652328000,1.29867,1.30183,1.29755,1.30178,7711
1652342400,1.30178,1.30363,1.30051,1.30263,16728
1652356800,1.30264,1.30468,1.2999399999999999,1.30137,17317
1652371200,1.30136,1.3063,1.30007,1.30381,38151
1652385600,1.30381,1.30756,1.30369,1.30447,21465
1652400000,1.30434,1.30473,1.30094,1.30193,3763
1652414400,1.30194,1.30251,1.29942,1.29959,7421
1652428800,1.2995999999999999,1.30231,1.29912,1.30047,9534
1652443200,1.30048,1.30192,1.29929,1.30127,7408
1652457600,1.30126,1.30133,1.2913700000000001,1.29283,20795
1652472000,1.29281,1.29605,1.29057,1.2906900000000001,10255
1652659200,1.29123,1.29176,1.28995,1.29035,4679
1652673600,1.29033,1.29802,1.28939,1.29641,9946
1652688000,1.29642,1.29725,1.2919,1.2922,11337
1652702400,1.2922,1.2941099999999999,1.29159,1.29221,9584
1652716800,1.2922,1.29287,1.28749,1.2882799999999999,25278
1652731200,1.28829,1.28838,1.28353,1.28465,11382
1652745600,1.28458,1.28519,1.2827,1.28338,3187
1652760000,1.2833999999999999,1.28423,1.2818100000000001,1.28281,5651
1652774400,1.28281,1.28315,1.28061,1.28101,8915
1652788800,1.2810000000000001,1.28402,1.28055,1.28298,9554
1652803200,1.28294,1.28533,1.28193,1.2824200000000001,16808
1652817600,1.28244,1.28572,1.28078,1.28079,13707
1652832000,1.28077,1.28101,1.27941,1.28049,2334
1652846400,1.28048,1.28404,1.28042,1.28355,6536
1652860800,1.28354,1.28504,1.28072,1.2846199999999999,10697
1652875200,1.28461,1.285,1.28018,1.28205,9438
1652889600,1.28204,1.28561,1.28113,1.28268,22275
1652904000,1.28268,1.28946,1.28254,1.28885,13369
1652918400,1.28885,1.28908,1.28604,1.28628,5609
1652932800,1.28628,1.28721,1.28171,1.28237,9053
1652947200,1.28237,1.28583,1.282,1.2837100000000001,16456
1652961600,1.28373,1.28455,1.2800099999999999,1.28183,16295
1652976000,1.2818399999999999,1.2828300000000001,1.27819,1.28187,38090
1652990400,1.28189,1.2828,1.2787600000000001,1.28185,18420
1653004800,1.2818800000000001,1.28288,1.28103,1.28204,3288
1653019200,1.28204,1.28336,1.28061,1.28107,7905
1653033600,1.28108,1.28165,1.2785199999999999,1.27869,11743
1653048000,1.27868,1.28011,1.27753,1.27938,7918
1653062400,1.27938,1.2851,1.27875,1.28404,23104
1653076800,1.2840500000000001,1.2867,1.28269,1.28309,16972
1653264000,1.28293,1.28397,1.2799,1.28009,3800
1653278400,1.2800799999999999,1.28107,1.27908,1.2801,5390
1653292800,1.2800799999999999,1.28051,1.27775,1.2798,13473
1653307200,1.27979,1.28031,1.27722,1.27924,11966
1653321600,1.27923,1.28029,1.2765900000000001,1.27922,20439
1653336000,1.27922,1.2807,1.27685,1.27689,7280
1653350400,1.27678,1.28017,1.27629,1.28,3410
1653364800,1.27999,1.28117,1.27908,1.28082,4634
1653379200,1.28081,1.28116,1.2778100000000001,1.28055,11951
1653393600,1.28056,1.28071,1.27804,1.27889,9732
1653408000,1.27887,1.2871299999999999,1.27887,1.2838,27018
1653422400,1.2838,1.28474,1.28023,1.28185,15233
1653436800,1.28174,1.2831000000000001,1.28131,1.28248,2941
1653451200,1.28248,1.2833,1.28091,1.28201,7402
1653465600,1.28201,1.28431,1.28175,1.28413,12445
1653480000,1.28411,1.2883200000000001,1.28312,1.2858,15136
1653494400,1.2858,1.28677,1.2811,1.2842500000000001,24922
1653508800,1.28427,1.2848600000000001,1.28015,1.28155,18474
1653523200,1.28146,1.28208,1.28,1.28045,4142
1653537600,1.28046,1.28407,1.28029,1.28379,10227
1653552000,1.28379,1.28475,1.28091,1.2824200000000001,10991
1653566400,1.2824200000000001,1.2831000000000001,1.28088,1.28229,10646
1653580800,1.28228,1.2833,1.27719,1.27873,20354
1653595200,1.27872,1.27872,1.27673,1.27685,8572
1653609600,1.27687,1.27823,1.27672,1.27746,2788
1653624000,1.27744,1.27771,1.27458,1.27462,6710
1653638400,1.27463,1.27613,1.27373,1.2739099999999999,11416
1653652800,1.2739,1.27519,1.2727,1.27328,15480
1653667200,1.27329,1.27646,1.27283,1.2745,20853
1653681600,1.27451,1.2748,1.27167,1.27189,8377
1653868800,1.27187,1.2726600000000001,1.27153,1.2717100000000001,4015
1653883200,1.2717,1.27207,1.26999,1.27014,6855
1653897600,1.27014,1.27071,1.26871,1.2691,10498
1653912000,1.26911,1.26931,1.2671299999999999,1.26788,8433
1653926400,1.26788,1.26788,1.2649599999999999,1.2652,10807
1653940800,1.2652,1.26612,1.26508,1.26522,2809
1653955200,1.26525,1.26795,1.26513,1.26757,4236
1653969600,1.26757,1.26841,1.26599,1.26684,10353
1653984000,1.26685,1.26796,1.2654,1.26696,15154
1653998400,1.26694,1.26854,1.26593,1.26792,15878
1654012800,1.26789,1.26789,1.26282,1.26315,29523
1654027200,1.26316,1.26531,1.2629299999999999,1.2649599999999999,14536
1654041600,1.26477,1.26485,1.2634400000000001,1.26464,3166
1654056000,1.26465,1.2671700000000001,1.26382,1.2665600000000001,8194
1654070400,1.26655,1.26703,1.26474,1.26538,15368
1654084800,1.2653699999999999,1.26544,1.26172,1.26192,9965
1654099200,1.2619,1.26759,1.26045,1.26513,29245
1654113600,1.26514,1.26641,1.26221,1.26571,14638
1654128000,1.26562,1.2674400000000001,1.2653699999999999,1.26619,4007
1654142400,1.2662,1.2674699999999999,1.26601,1.2668300000000001,7293
1654156800,1.2668300000000001,1.26853,1.2649599999999999,1.26509,8879
1654171200,1.2651,1.26605,1.26307,1.26399,11061
1654185600,1.264,1.26521,1.25688,1.25702,26425
1654200000,1.25702,1.25785,1.25632,1.25671,8935
1654214400,1.25672,1.25745,1.25569,1.25716,4005
1654228800,1.25714,1.25775,1.25651,1.25726,5255
1654243200,1.25725,1.25738,1.2555399999999999,1.25613,10044
1654257600,1.2561200000000001,1.25848,1.25539,1.25709,15211
1654272000,1.2570999999999999,1.25914,1.25503,1.25758,25223
1654286400,1.25758,1.2594400000000001,1.25722,1.2593,11402
1654473600,1.25903,1.25921,1.25775,1.25873,4112
1654488000,1.25874,1.26,1.25781,1.25781,5954
1654502400,1.25782,1.25847,1.25571,1.25574,11219
1654516800,1.25575,1.2567300000000001,1.2543199999999999,1.2544,9623
1654531200,1.2544,1.25846,1.25339,1.25706,21558
1654545600,1.2570299999999999,1.2582499999999999,1.25552,1.25797,10480
1654560000,1.25786,1.25962,1.25748,1.25912,3647
1654574400,1.25913,1.26021,1.25671,1.25961,11237
1654588800,1.2596,1.26173,1.25855,1.25965,16718
1654603200,1.25966,1.26115,1.25774,1.26026,14683
1654617600,1.26026,1.26033,1.25343,1.2536399999999999,23208
1654632000,1.25362,1.25448,1.25225,1.25315,9235
1654646400,1.25304,1.2540200000000001,1.25265,1.25351,3921
1654660800,1.25352,1.25507,1.25244,1.25504,9138
1654675200,1.25503,1.25546,1.25312,1.2554,13768
1654689600,1.25537,1.25577,1.25343,1.25412,12474
1654704000,1.25412,1.25438,1.25168,1.25324,21531
1654718400,1.25324,1.25645,1.25324,1.2555100000000001,12115
1654732800,1.25535,1.25611,1.25478,1.25593,2860
1654747200,1.25592,1.25691,1.25525,1.25563,6044
1654761600,1.25563,1.25797,1.2552699999999999,1.25611,11074
1654776000,1.2561,1.25873,1.25481,1.2579099999999999,17509
1654790400,1.25792,1.26749,1.25757,1.26545,29831
1654804800,1.26545,1.27041,1.2653400000000001,1.26971,11075
1654819200,1.26968,1.27084,1.26941,1.2697,3324
1654833600,1.26971,1.27069,1.26933,1.27004,6918
1654848000,1.27,1.2718,1.26801,1.27177,14018
1654862400,1.2717800000000001,1.27749,1.27149,1.27729,19607
1654876800,1.2772999999999999,1.28114,1.27554,1.27768,32024
1654891200,1.27767,1.27839,1.27509,1.27798,13766
1655078400,1.2772299999999999,1.2804,1.27715,1.27981,6297
1655092800,1.27981,1.28183,1.27968,1.28136,11057
1655107200,1.28137,1.28456,1.28029,1.28445,19329
1655121600,1.28444,1.28666,1.2825,1.28341,17957
1655136000,1.2833999999999999,1.2880099999999999,1.2830599999999999,1.28594,31347
1655150400,1.28593,1.28985,1.28411,1.28948,26476
1655164800,1.2894,1.28959,1.28796,1.28843,5208
1655179200,1.28842,1.28992,1.2866900000000001,1.28804,13636
1655193600,1.28804,1.29111,1.2865,1.29089,20853
1655208000,1.29089,1.29405,1.29085,1.29312,21227
1655222400,1.29311,1.2953000000000001,1.29019,1.29515,34037
1655236800,1.29515,1.29738,1.29335,1.2955,18976
1655251200,1.29517,1.29582,1.29385,1.29452,5935
1655265600,1.29453,1.2968199999999999,1.29311,1.29653,10222
1655280000,1.29653,1.2971599999999999,1.29422,1.29451,19297
1655294400,1.29452,1.2959,1.29146,1.29539,19723
1655308800,1.29539,1.2975400000000001,1.29212,1.29728,25824
1655323200,1.29727,1.29943,1.28614,1.28906,45548
1655337600,1.28895,1.28946,1.28613,1.28683,5494
1655352000,1.28684,1.28944,1.28596,1.28895,10521
1655366400,1.28895,1.29571,1.28882,1.29239,22473
1655380800,1.29239,1.29502,1.29157,1.29193,19894
1655395200,1.29199,1.2969300000000001,1.28915,1.29027,35515
1655409600,1.29028,1.29488,1.28865,1.29456,24531
1655424000,1.29456,1.2969300000000001,1.29379,1.29637,6598
1655438400,1.29638,1.29654,1.29398,1.29456,15861
1655452800,1.29456,1.29875,1.29422,1.29699,21466
1655467200,1.29699,1.30078,1.29622,1.30072,19114
1655481600,1.30073,1.30779,1.30042,1.30501,36969
1655496000,1.305,1.30549,1.3013,1.3023799999999999,19566
1655683200,1.3012299999999999,1.30347,1.29948,1.30051,6183
1655697600,1.30051,1.3024200000000001,1.29946,1.30047,13111
1655712000,1.30045,1.30106,1.29853,1.29955,15673
1655726400,1.29955,1.30056,1.29844,1.29961,11348
1655740800,1.2995999999999999,1.30121,1.2977699999999999,1.2987199999999999,12968
1655755200,1.2987199999999999,1.29993,1.29801,1.2981099999999999,2736
1655769600,1.29799,1.29846,1.29585,1.29606,4224
1655784000,1.29603,1.29636,1.2938100000000001,1.29453,7233
1655798400,1.29451,1.29552,1.2904900000000001,1.29102,12931
1655812800,1.29102,1.29618,1.29097,1.29468,12663
1655827200,1.2946900000000001,1.29481,1.29075,1.29156,21399
1655841600,1.29155,1.29297,1.29098,1.29143,10015
1655856000,1.29147,1.29498,1.29144,1.29451,4088
1655870400,1.2945,1.29738,1.29386,1.29666,9805
1655884800,1.29667,1.29955,1.29623,1.29841,15382
1655899200,1.29844,1.2989899999999999,1.29573,1.29573,16505
1655913600,1.29574,1.29677,1.29163,1.29426,34463
1655928000,1.29424,1.29475,1.29112,1.29464,12389
1655942400,1.29457,1.2962799999999999,1.29426,1.2943500000000001,4298
1655956800,1.29437,1.2983500000000001,1.29353,1.29571,10895
1655971200,1.29572,1.29864,1.29449,1.29772,18420
1655985600,1.29773,1.29822,1.2953299999999999,1.29576,16161
1656000000,1.29576,1.30065,1.29396,1.30036,35078
1656014400,1.30035,1.30166,1.29809,1.29935,14175
1656028800,1.29911,1.29983,1.29789,1.29883,5774
1656043200,1.29883,1.2993000000000001,1.29783,1.29801,7523
1656057600,1.29801,1.29922,1.2966,1.29676,14348
1656072000,1.29675,1.29827,1.29576,1.29698,13764
1656086400,1.29698,1.29775,1.28994,1.29163,30586
1656100800,1.29163,1.29338,1.2888899999999999,1.28922,10724
1656288000,1.28895,1.29154,1.2883499999999999,1.29121,4922
1656302400,1.2912,1.2912,1.28694,1.28698,9393
1656316800,1.28697,1.28901,1.28632,1.28699,13861
1656331200,1.28698,1.29135,1.28692,1.29009,13472
1656345600,1.2900800000000001,1.29146,1.28694,1.28701,25505
1656360000,1.28699,1.28872,1.28677,1.28732,13796
1656374400,1.28727,1.2877100000000001,1.2857,1.28629,3259
1656388800,1.2863,1.28768,1.28542,1.28607,8675
1656403200,1.28606,1.28623,1.28182,1.28227,16240
1656417600,1.28226,1.28518,1.28201,1.28424,14285
1656432000,1.28424,1.28937,1.28348,1.2862,28258
1656446400,1.2861799999999999,1.28799,1.28491,1.28728,13279
1656460800,1.28711,1.2876699999999999,1.28583,1.2873700000000001,4196
1656475200,1.28738,1.28768,1.2859099999999999,1.28663,9865
1656489600,1.28663,1.28853,1.2857,1.28717,17443
1656504000,1.28716,1.28897,1.2842799999999999,1.2857,16660
1656518400,1.2857,1.2899,1.28477,1.28848,33645
1656532800,1.2885,1.2899,1.28739,1.28932,11308
1656547200,1.28912,1.28966,1.28823,1.28915,3702
1656561600,1.28915,1.29062,1.28768,1.28881,7440
1656576000,1.28882,1.29176,1.28882,1.29129,18976
1656590400,1.2913000000000001,1.29325,1.28948,1.29038,16825
1656604800,1.29039,1.29248,1.28632,1.28705,34209
1656619200,1.28705,1.2886199999999999,1.28602,1.28739,17735
1656633600,1.28735,1.28827,1.28657,1.28769,4126
1656648000,1.2877,1.2922799999999999,1.28717,1.29221,10557
1656662400,1.29222,1.29372,1.29097,1.2913000000000001,16704
1656676800,1.29131,1.29557,1.29055,1.29507,15341
1656691200,1.2950599999999999,1.2965499999999999,1.29044,1.29154,28669
1656705600,1.29155,1.2919,1.28822,1.28826,8514
1656892800,1.28683,1.2892700000000001,1.28682,1.28821,4313
1656907200,1.28822,1.29017,1.2882,1.28921,9045
1656921600,1.2892000000000001,1.28928,1.28606,1.28647,10904
1656936000,1.2864900000000001,1.28731,1.28363,1.2857,9912
1656950400,1.28569,1.28934,1.2856,1.28678,10973
1656964800,1.2867899999999999,1.28686,1.28515,1.28575,1962
1656979200,1.28559,1.2861099999999999,1.28454,1.28492,4904
1656993600,1.28491,1.28678,1.28449,1.28506,9129
1657008000,1.28505,1.2922799999999999,1.2842500000000001,1.29222,15960
1657022400,1.2922,1.29983,1.29122,1.29935,17619
1657036800,1.29936,1.3082500000000001,1.29935,1.30718,34442
1657051200,1.30718,1.3074,1.30234,1.3030599999999999,14362
1657065600,1.30274,1.30366,1.30149,1.30228,4526
1657080000,1.30224,1.30467,1.30133,1.30407,9592
1657094400,1.30407,1.30634,1.30109,1.30342,18740
1657108800,1.30342,1.30505,1.30166,1.30252,19592
1657123200,1.30252,1.30772,1.30136,1.30639,37499
1657137600,1.30639,1.3066900000000001,1.30224,1.30368,19699
1657152000,1.30362,1.30493,1.30276,1.30359,4213
1657166400,1.30358,1.30544,1.3011,1.30144,10235
1657180800,1.30144,1.3026,1.29908,1.30102,14746
1657195200,1.30103,1.3018100000000001,1.29788,1.3002799999999999,16319
1657209600,1.30029,1.30199,1.2962,1.2983500000000001,22457
1657224000,1.2983799999999999,1.29921,1.29669,1.29673,6768
1657238400,1.29665,1.29743,1.29531,1.29531,3328
1657252800,1.29531,1.30162,1.29528,1.29969,11060
1657267200,1.29968,1.30232,1.2990300000000001,1.30157,12851
1657281600,1.30158,1.30339,1.2978399999999999,1.3011599999999999,18592
1657296000,1.30115,1.30115,1.29351,1.29687,27866
1657310400,1.2968600000000001,1.29765,1.29349,1.2934999999999999,8262
1657497600,1.2945,1.29589,1.2938399999999999,1.29516,4416
1657512000,1.29517,1.298,1.2951,1.29721,8118
1657526400,1.29721,1.3002,1.29709,1.29901,11185
1657540800,1.299,1.30257,1.29817,1.30203,13225
1657555200,1.30202,1.3050899999999999,1.29765,1.2990300000000001,25901
1657569600,1.29902,1.30103,1.29744,1.3002799999999999,8933
1657584000,1.30012,1.30121,1.29904,1.30096,4033
1657598400,1.30097,1.3032,1.30095,1.30219,10861
1657612800,1.30219,1.3047900000000001,1.30179,1.30355,15626
1657627200,1.30356,1.30495,1.3017,1.30332,17062
1657641600,1.30331,1.30442,1.2990300000000001,1.29941,27150
1657656000,1.2993999999999999,1.30318,1.29832,1.30226,9813
1657670400,1.30218,1.30337,1.29908,1.30291,4002
1657684800,1.3029,1.30292,1.30003,1.30114,8622
1657699200,1.3011300000000001,1.30293,1.30027,1.30117,14292
1657713600,1.30117,1.30593,1.29725,1.30226,16803
1657728000,1.30226,1.30388,1.29355,1.29478,41434
1657742400,1.2947600000000001,1.29796,1.29421,1.2977400000000001,11348
1657756800,1.29752,1.30051,1.29649,1.30003,4911
1657771200,1.30002,1.30034,1.29705,1.29794,8774
1657785600,1.29793,1.30618,1.2974999999999999,1.30583,18709
1657800000,1.30585,1.31673,1.30555,1.31653,22832
1657814400,1.31654,1.32225,1.30897,1.31326,41572
1657828800,1.31323,1.31387,1.30986,1.3111,14497
1657843200,1.31116,1.31278,1.3105,1.31207,4844
1657857600,1.31208,1.31251,1.30927,1.31091,9003
1657872000,1.31089,1.3134299999999999,1.31053,1.31104,15699
1657886400,1.31104,1.31128,1.30442,1.30495,19252
1657900800,1.30495,1.3073299999999999,1.3012299999999999,1.30334,32436
1657915200,1.30334,1.30399,1.30172,1.3025,6858
1658102400,1.30194,1.30243,1.30045,1.30156,5937
1658116800,1.30156,1.30168,1.2986,1.29981,14136
1658131200,1.2998,1.30007,1.29688,1.2983500000000001,21417
1658145600,1.2983500000000001,1.29894,1.29519,1.2953700000000001,18815
1658160000,1.2953700000000001,1.29607,1.28976,1.29452,35496
1658174400,1.29452,1.29819,1.29336,1.29806,11160
1658188800,1.29775,1.29882,1.29629,1.29857,3861
1658203200,1.29856,1.29857,1.29641,1.2972000000000001,7109
1658217600,1.29719,1.29731,1.29338,1.29525,16260
1658232000,1.29524,1.2959100000000001,1.2928600000000001,1.29428,15570
1658246400,1.29429,1.29483,1.28754,1.28841,25405
1658260800,1.2884,1.28962,1.28668,1.28678,7957
1658275200,1.28677,1.28745,1.28596,1.28628,3108
1658289600,1.28628,1.28709,1.28551,1.28631,8726
1658304000,1.2863,1.28814,1.2860800000000001,1.2867,23373
1658318400,1.2866900000000001,1.29063,1.28537,1.28849,26484
1658332800,1.2885,1.28991,1.28668,1.28772,31450
1658347200,1.28773,1.29055,1.28724,1.28836,12650
1658361600,1.28826,1.28958,1.2875,1.2879399999999999,2889
1658376000,1.28795,1.28876,1.28612,1.28612,8748
1658390400,1.2861099999999999,1.29149,1.28585,1.29056,14315
1658404800,1.29055,1.293,1.28867,1.2894999999999999,20006
1658419200,1.2894700000000001,1.2936,1.28779,1.28789,36154
1658433600,1.28789,1.28939,1.2864499999999999,1.28647,9281
1658448000,1.28647,1.28852,1.28641,1.28775,2770
1658462400,1.28775,1.28961,1.28739,1.2894999999999999,5800
1658476800,1.28949,1.28952,1.28675,1.28738,12494
1658491200,1.2873700000000001,1.28738,1.28519,1.28631,12640
1658505600,1.28632,1.28813,1.28214,1.28754,27566
1658520000,1.28755,1.29268,1.28746,1.29128,9586
1658707200,1.29168,1.29431,1.2910599999999999,1.29424,4365
1658721600,1.29425,1.2945,1.2922799999999999,1.29276,7141
1658736000,1.29277,1.29426,1.28876,1.28946,11841
1658750400,1.28945,1.28963,1.28478,1.28537,12720
1658764800,1.28537,1.2877,1.28414,1.28543,22345
1658779200,1.28544,1.28549,1.28338,1.28447,5626
1658793600,1.2843499999999999,1.28532,1.28379,1.28499,2500
1658808000,1.28498,1.28511,1.28235,1.28383,5906
1658822400,1.28384,1.2839,1.28148,1.28298,9768
1658836800,1.28299,1.28877,1.2829,1.28693,14255
1658851200,1.28691,1.28972,1.2858100000000001,1.28815,23639
1658865600,1.28816,1.29002,1.2873,1.28849,7867
1658880000,1.28846,1.2887,1.28616,1.28651,3205
1658894400,1.28653,1.28746,1.28583,1.28589,6187
1658908800,1.2858800000000001,1.28655,1.285,1.28534,9535
1658923200,1.28535,1.28661,1.28458,1.28653,11622
1658937600,1.28651,1.28987,1.2861799999999999,1.28902,19392
1658952000,1.28903,1.29102,1.28072,1.28195,25922
1658966400,1.28203,1.28329,1.28116,1.28293,3161
1658980800,1.28292,1.28354,1.2818100000000001,1.28284,7654
1658995200,1.2828300000000001,1.28301,1.2793999999999999,1.27991,12734
1659009600,1.27992,1.28341,1.27963,1.28231,17449
1659024000,1.28232,1.28683,1.28117,1.28382,26902
1659038400,1.28383,1.2842500000000001,1.28027,1.28027,8456
1659052800,1.2803,1.2811,1.28013,1.28039,3580
1659067200,1.28041,1.28152,1.27949,1.28063,7155
1659081600,1.28063,1.28179,1.2787600000000001,1.2815400000000001,12980
1659096000,1.2815400000000001,1.28541,1.2812999999999999,1.28412,14387
1659110400,1.28411,1.28534,1.27981,1.28107,26562
1659124800,1.28108,1.28297,1.27893,1.27964,7372
1659312000,1.27943,1.28195,1.27943,1.28057,3790
1659326400,1.28055,1.28108,1.2793700000000001,1.28072,5887
1659340800,1.2807,1.2809599999999999,1.2778800000000001,1.27841,9106
1659355200,1.27839,1.27865,1.27664,1.27846,11022
1659369600,1.27843,1.28377,1.27836,1.28208,23510
1659384000,1.28209,1.28551,1.28209,1.28368,10304
1659398400,1.28372,1.28548,1.28329,1.28438,5290
1659412800,1.28437,1.28623,1.28406,1.28573,10167
1659427200,1.28574,1.28772,1.28524,1.28593,13926
1659441600,1.28594,1.28748,1.2845900000000001,1.28612,13410
1659456000,1.2861,1.2886199999999999,1.28339,1.2834699999999999,35167
1659470400,1.28348,1.28807,1.28329,1.28775,12630
1659484800,1.28761,1.28908,1.2867,1.28841,3999
1659499200,1.28842,1.28842,1.28536,1.28563,7718
1659513600,1.28562,1.2871000000000001,1.28494,1.28579,10641
1659528000,1.28578,1.28637,1.28316,1.28358,13023
1659542400,1.2836,1.28839,1.2833700000000001,1.28545,26145
1659556800,1.28544,1.28573,1.2833700000000001,1.28382,8910
1659571200,1.28381,1.28548,1.28363,1.28403,2709
1659585600,1.28402,1.28498,1.28327,1.28414,4896
1659600000,1.28414,1.28537,1.28358,1.2848,9424
1659614400,1.2848,1.28514,1.28172,1.2837,15237
1659628800,1.2837100000000001,1.2875,1.2837100000000001,1.28687,24382
1659643200,1.2869,1.28714,1.28421,1.28629,8295
1659657600,1.28609,1.28724,1.28574,1.28705,2594
1659672000,1.28705,1.28778,1.28662,1.28671,5150
1659686400,1.2867199999999999,1.28865,1.28627,1.28813,6743
1659700800,1.28812,1.29622,1.2877399999999999,1.2959399999999999,14664
1659715200,1.2959399999999999,1.29839,1.29211,1.29258,26615
1659729600,1.29258,1.29395,1.2917399999999999,1.29348,9025
1659916800,1.29248,1.2949,1.29248,1.2944499999999999,3532
1659931200,1.29446,1.2947199999999999,1.29272,1.29281,3858
1659945600,1.2928,1.29305,1.28874,1.29078,8475
1659960000,1.29077,1.29128,1.28497,1.28513,9406
1659974400,1.28515,1.28665,1.2838,1.28495,14378
1659988800,1.2849599999999999,1.28678,1.28456,1.28544,9776
1660003200,1.28536,1.2865199999999999,1.2848600000000001,1.28599,2298
1660017600,1.28596,1.28732,1.28475,1.2854,4000
1660032000,1.28541,1.28717,1.28508,1.2851,7226
1660046400,1.28511,1.28657,1.28422,1.28628,10489
1660060800,1.28629,1.28995,1.28562,1.28943,20957
1660075200,1.28943,1.2898,1.28783,1.28848,6381
1660089600,1.28849,1.28943,1.2877399999999999,1.2891599999999999,2119
1660104000,1.28917,1.28925,1.28826,1.28856,3770
1660118400,1.2885499999999999,1.28944,1.28643,1.28659,6966
1660132800,1.28659,1.28883,1.28171,1.28324,14575
1660147200,1.28324,1.28416,1.27503,1.27629,29129
1660161600,1.27628,1.27855,1.27579,1.27741,8745
1660176000,1.27725,1.27813,1.27654,1.27768,2854
1660190400,1.27768,1.2789,1.27765,1.27887,4809
1660204800,1.27887,1.27908,1.27561,1.27579,10360
1660219200,1.2758099999999999,1.2775699999999999,1.27559,1.27592,13610
1660233600,1.27591,1.27698,1.27268,1.2737,24313
1660248000,1.27369,1.27753,1.27324,1.27596,9706
1660262400,1.27599,1.2771,1.27577,1.2765900000000001,2715
1660276800,1.2765900000000001,1.2768,1.27475,1.27529,4415
1660291200,1.27528,1.27551,1.27385,1.27551,9500
1660305600,1.27551,1.27889,1.27507,1.27817,11312
1660320000,1.27817,1.28019,1.27762,1.27801,22277
1660334400,1.27801,1.27814,1.27671,1.27721,4974
1660521600,1.27603,1.27806,1.27603,1.27736,2628
1660536000,1.27736,1.27955,1.27714,1.2795,6369
1660550400,1.27951,1.28695,1.27921,1.28694,10887
1660564800,1.28693,1.29331,1.28693,1.29202,15237
1660579200,1.2920099999999999,1.29329,1.2886600000000001,1.28946,15371
1660593600,1.28945,1.2913700000000001,1.28871,1.29025,5334
1660608000,1.29028,1.29206,1.28933,1.2918,3143
1660622400,1.2918,1.2918,1.28915,1.28931,6938
1660636800,1.28931,1.29275,1.28877,1.29022,12806
1660651200,1.29021,1.2919100000000001,1.2880099999999999,1.2886600000000001,13897
1660665600,1.2886600000000001,1.28926,1.28535,1.28619,19933
1660680000,1.2861799999999999,1.28644,1.283,1.28437,7335
1660694400,1.28423,1.28499,1.2832,1.28457,3122
1660708800,1.28458,1.2858100000000001,1.28349,1.28372,6983
1660723200,1.2837399999999999,1.28818,1.28264,1.28761,12126
1660737600,1.2876,1.29172,1.28688,1.2911299999999999,13264
1660752000,1.29114,1.29356,1.28986,1.29157,20671
1660766400,1.29156,1.29173,1.28772,1.29112,15217
1660780800,1.29098,1.29218,1.29048,1.2920099999999999,2891
1660795200,1.29202,1.29278,1.29128,1.29217,5500
1660809600,1.29218,1.29457,1.29036,1.29077,12969
1660824000,1.29078,1.29086,1.2879800000000001,1.28913,17439
1660838400,1.28913,1.29619,1.28851,1.29609,23633
1660852800,1.2961,1.29661,1.2928600000000001,1.29446,8923
1660867200,1.2944,1.29618,1.29406,1.29587,2979
1660881600,1.29586,1.29657,1.29461,1.29605,5612
1660896000,1.29604,1.29801,1.29563,1.29744,11655
1660910400,1.29743,1.30029,1.29707,1.2977400000000001,12605
1660924800,1.29773,1.30083,1.29702,1.29813,19904
1660939200,1.29812,1.29979,1.29792,1.29921,6898
1661126400,1.29813,1.30046,1.29813,1.3002099999999999,3696
1661140800,1.30022,1.30029,1.29849,1.29889,7053
1661155200,1.2989,1.30182,1.29875,1.29944,13729
1661169600,1.29944,1.30019,1.29705,1.29918,14702
1661184000,1.29919,1.3047900000000001,1.29919,1.30449,21225
1661198400,1.3044799999999999,1.3060100000000001,1.30415,1.30532,7894
1661212800,1.30524,1.3054700000000001,1.30359,1.30503,4132
1661227200,1.30503,1.30508,1.3023799999999999,1.30341,6435
1661241600,1.30342,1.30624,1.30051,1.30166,16422
1661256000,1.30166,1.30344,1.3012000000000001,1.30249,14381
1661270400,1.30249,1.30297,1.29326,1.2947199999999999,34530
1661284800,1.2947,1.29668,1.29449,1.29529,11650
1661299200,1.29528,1.29717,1.29521,1.297,3940
1661313600,1.297,1.29853,1.29632,1.29726,7648
1661328000,1.29725,1.29839,1.29597,1.29622,11483
1661342400,1.29622,1.3012000000000001,1.29558,1.30069,17740
1661356800,1.30068,1.3017699999999999,1.29581,1.29799,29249
1661371200,1.29799,1.29828,1.2960099999999999,1.29672,6861
1661385600,1.29657,1.29748,1.29542,1.29573,2958
1661400000,1.29574,1.29615,1.29348,1.29378,5878
1661414400,1.29378,1.29478,1.28992,1.29,14231
1661428800,1.28999,1.29464,1.28943,1.29351,15826
1661443200,1.29352,1.2955999999999999,1.29108,1.2941500000000001,23815
1661457600,1.29414,1.29437,1.2923,1.29246,8775
1661472000,1.29242,1.29545,1.29143,1.2952,3198
1661486400,1.29519,1.29551,1.2943,1.29549,4604
1661500800,1.2955,1.29583,1.29433,1.29492,8600
1661515200,1.29491,1.29524,1.29142,1.29149,15461
1661529600,1.29149,1.3026900000000001,1.29032,1.30194,38951
1661544000,1.30194,1.3041800000000001,1.3014999999999999,1.30404,8567
1661731200,1.30292,1.30673,1.30292,1.30615,6142
1661745600,1.30614,1.30724,1.30503,1.3069600000000001,8094
1661760000,1.30693,1.3075,1.30584,1.30745,12716
1661774400,1.30746,1.30746,1.30093,1.30207,14689
1661788800,1.3020800000000001,1.30288,1.29898,1.2995700000000001,21604
1661803200,1.29955,1.3011300000000001,1.29915,1.30104,9038
1661817600,1.30084,1.30142,1.3000099999999999,1.3005200000000001,2863
1661832000,1.30053,1.3024499999999999,1.29959,1.30073,7359
1661846400,1.30074,1.30134,1.2971300000000001,1.29743,12636
1661860800,1.29744,1.30192,1.2971300000000001,1.30191,13372
1661875200,1.3019,1.3106499999999999,1.30104,1.30999,31342
1661889600,1.31,1.31074,1.3088,1.30915,12675
1661904000,1.30914,1.30936,1.30809,1.30877,3551
1661918400,1.30877,1.30957,1.3066499999999999,1.30692,6013
1661932800,1.30693,1.31078,1.30623,1.31055,14441
1661947200,1.31056,1.31307,1.3096999999999999,1.3111,18761
1661961600,1.3111,1.314,1.30717,1.30937,37387
1661976000,1.30938,1.3136999999999999,1.30927,1.3134700000000001,14680
1661990400,1.31324,1.3166,1.31154,1.31592,5991
1662004800,1.31593,1.3170600000000001,1.3149199999999999,1.3164,7341
1662019200,1.3164,1.31936,1.31516,1.31917,15936
1662033600,1.31918,1.31918,1.31506,1.31575,16533
1662048000,1.31577,1.32071,1.31528,1.31683,31482
1662062400,1.31684,1.31699,1.31395,1.31536,14004
1662076800,1.31535,1.31582,1.31394,1.31471,3308
1662091200,1.31471,1.31624,1.31446,1.31531,5926
1662105600,1.31531,1.31688,1.31328,1.31381,10764
1662120000,1.31382,1.3155700000000001,1.3112300000000001,1.31267,17370
1662134400,1.31268,1.31384,1.30738,1.31294,37702
1662148800,1.31293,1.31473,1.3118400000000001,1.3124,14573
1662336000,1.31243,1.31519,1.31237,1.31474,5238
1662350400,1.31475,1.3161399999999999,1.31376,1.3149199999999999,9330
1662364800,1.3149199999999999,1.31727,1.31424,1.31633,12671
1662379200,1.31634,1.31643,1.31371,1.31394,13995
1662393600,1.31393,1.31446,1.3128600000000001,1.31361,10266
1662408000,1.31362,1.3146200000000001,1.3134700000000001,1.31415,822
1662422400,1.31399,1.31429,1.30955,1.30972,4484
1662436800,1.30971,1.31232,1.30961,1.31222,7581
1662451200,1.31223,1.31303,1.31002,1.3119100000000001,14047
1662465600,1.3119100000000001,1.31412,1.31113,1.31337,13506
1662480000,1.31336,1.31694,1.31131,1.31395,32419
1662494400,1.31395,1.31586,1.31394,1.3149600000000001,13741
1662508800,1.31493,1.31793,1.31484,1.31739,5573
1662523200,1.3174000000000001,1.3199100000000001,1.31739,1.31837,10676
1662537600,1.31836,1.32044,1.31636,1.3173300000000001,14053
1662552000,1.31732,1.31971,1.31491,1.319,19312
1662566400,1.31902,1.3208,1.3155000000000001,1.31559,33731
1662580800,1.3155999999999999,1.31568,1.3109600000000001,1.31185,14366
1662595200,1.31182,1.31358,1.31103,1.31338,3539
1662609600,1.31337,1.31375,1.31208,1.3124500000000001,8950
1662624000,1.31244,1.31474,1.31044,1.31335,12581
1662638400,1.31336,1.3149199999999999,1.31082,1.31475,20556
1662652800,1.31476,1.31586,1.31087,1.31125,39237
1662667200,1.31124,1.31162,1.30763,1.3089,16053
1662681600,1.3088,1.30933,1.3050899999999999,1.3054299999999999,3008
1662696000,1.30544,1.3063500000000001,1.30219,1.30224,8504
1662710400,1.30223,1.30361,1.29857,1.2989899999999999,13661
1662724800,1.2989899999999999,1.3039,1.2981,1.30267,17495
1662739200,1.30267,1.30535,1.30225,1.3026900000000001,27541
1662753600,1.30268,1.30369,1.30194,1.30198,7735
1662940800,1.3038699999999999,1.30405,1.30165,1.30191,3311
1662955200,1.30192,1.30351,1.30109,1.30327,4573
1662969600,1.3032599999999999,1.30328,1.29773,1.29799,11823
1662984000,1.298,1.30058,1.29793,1.2987199999999999,13957
1662998400,1.29873,1.29915,1.2963,1.29699,19364
1663012800,1.29699,1.2989899999999999,1.2962799999999999,1.29812,8811
1663027200,1.29816,1.29878,1.29742,1.29799,2433
1663041600,1.29801,1.29927,1.29787,1.2989600000000001,5786
1663056000,1.2989600000000001,1.29932,1.29684,1.2974,9849
1663070400,1.2974,1.3074,1.29531,1.30715,19484
1663084800,1.30715,1.31384,1.30613,1.31341,33168
1663099200,1.31342,1.31735,1.31215,1.31727,12157
1663113600,1.31711,1.31798,1.31561,1.31671,4819
1663128000,1.3167200000000001,1.31763,1.31568,1.3161399999999999,8338
1663142400,1.31613,1.31935,1.31474,1.31636,16279
1663156800,1.31638,1.32053,1.31515,1.31818,21957
1663171200,1.31819,1.31895,1.31385,1.3146,25980
1663185600,1.31459,1.3189,1.3141,1.31667,11908
1663200000,1.31658,1.31693,1.31527,1.31658,2648
1663214400,1.31659,1.31745,1.31536,1.31697,5827
1663228800,1.31696,1.31834,1.31549,1.31571,9567
1663243200,1.3157,1.31912,1.31559,1.31719,15726
1663257600,1.31718,1.32132,1.31664,1.3198699999999999,32888
1663272000,1.31986,1.32392,1.31816,1.32286,14372
1663286400,1.32279,1.32508,1.32252,1.3239,3106
1663300800,1.32389,1.3246,1.32272,1.32388,5729
1663315200,1.32389,1.32945,1.3238699999999999,1.3287499999999999,10391
1663329600,1.32874,1.33064,1.3263099999999999,1.33059,12719
1663344000,1.3306,1.3307,1.32612,1.32772,37678
1663358400,1.32774,1.32988,1.32653,1.32653,14472
1663545600,1.32608,1.3276,1.32492,1.32569,3719
1663560000,1.3256999999999999,1.3289900000000001,1.32552,1.32789,5947
1663574400,1.32789,1.33175,1.32788,1.33172,9712
1663588800,1.33174,1.33231,1.32953,1.33131,12471
1663603200,1.33131,1.33432,1.32704,1.32767,27878
1663617600,1.32769,1.32851,1.32444,1.32496,11694
1663632000,1.32491,1.32522,1.32263,1.32491,3674
1663646400,1.32492,1.32613,1.32437,1.32534,5491
1663660800,1.32535,1.32881,1.32385,1.32832,11287
1663675200,1.32832,1.33232,1.32735,1.33196,15563
1663689600,1.33197,1.33529,1.33111,1.33423,23604
1663704000,1.33422,1.33741,1.33413,1.33658,11515
1663718400,1.3364,1.33707,1.33566,1.33673,3436
1663732800,1.33673,1.33755,1.3361399999999999,1.33744,6582
1663747200,1.33742,1.33928,1.3358400000000001,1.33852,19158
1663761600,1.3385099999999999,1.33928,1.33591,1.33843,13763
1663776000,1.33843,1.34079,1.33727,1.33981,26108
1663790400,1.3397999999999999,1.34661,1.33568,1.3465,40269
1663804800,1.34623,1.35137,1.34518,1.35123,6289
1663819200,1.35122,1.35316,1.34968,1.35002,13129
1663833600,1.35001,1.35435,1.3414,1.3442,26503
1663848000,1.3442,1.34869,1.34082,1.3424800000000001,27471
1663862400,1.3424800000000001,1.35119,1.34241,1.34842,39422
1663876800,1.3484099999999999,1.3498999999999999,1.34582,1.34871,14843
1663891200,1.3486099999999999,1.34871,1.34669,1.34711,3500
1663905600,1.34713,1.34959,1.3467500000000001,1.34927,7167
1663920000,1.34928,1.35321,1.34757,1.3529,16837
1663934400,1.35289,1.3550499999999999,1.34996,1.35252,29148
1663948800,1.35254,1.3587799999999999,1.35135,1.3572600000000001,32732
1663963200,1.35724,1.36115,1.35677,1.35937,20168
1664150400,1.35991,1.36225,1.35684,1.36046,11195
1664164800,1.36046,1.36368,1.35582,1.36319,21103
1664179200,1.3632,1.3637299999999999,1.3567,1.35885,29097
1664193600,1.35884,1.36951,1.35836,1.36323,31422
1664208000,1.36325,1.38074,1.36234,1.37488,42388
1664222400,1.37488,1.37961,1.37213,1.3737300000000001,23150
1664236800,1.37351,1.3740299999999999,1.3686099999999999,1.36868,8360
1664251200,1.36867,1.37086,1.3679000000000001,1.36918,13151
1664265600,1.3691900000000001,1.36965,1.36387,1.3695,21311
1664280000,1.3695,1.37192,1.36701,1.37189,22733
1664294400,1.37187,1.37747,1.36725,1.37611,44064
1664308800,1.37615,1.37692,1.37064,1.37257,20694
1664323200,1.37245,1.37425,1.3713899999999999,1.37385,7371
1664337600,1.37387,1.37869,1.37337,1.3771499999999999,18895
1664352000,1.37713,1.38001,1.37572,1.37915,29097
1664366400,1.37914,1.3832,1.3707799999999999,1.37101,46463
1664380800,1.37106,1.37343,1.36201,1.36381,44340
1664395200,1.3638,1.36409,1.36022,1.3602699999999999,16236
1664409600,1.36029,1.36521,1.36025,1.36491,6944
1664424000,1.3649200000000001,1.3669799999999999,1.36337,1.36537,12899
1664438400,1.36536,1.37547,1.3652199999999999,1.37324,30697
1664452800,1.37325,1.37326,1.36564,1.3710200000000001,36591
1664467200,1.37101,1.37546,1.36551,1.37073,44340
1664481600,1.3707500000000001,1.37358,1.36836,1.36872,18388
1664496000,1.36842,1.36901,1.3665,1.36773,7798
1664510400,1.36773,1.37231,1.36752,1.37177,15350
1664524800,1.37176,1.37182,1.36575,1.36673,28037
1664539200,1.3667099999999999,1.3749500000000001,1.36647,1.37265,32690
1664553600,1.37265,1.37848,1.36867,1.3784,42608
1664568000,1.3784,1.38339,1.37774,1.38335,17834
1664755200,1.38019,1.38213,1.3777300000000001,1.37957,10007
1664769600,1.3795600000000001,1.3795600000000001,1.37354,1.37705,15043
1664784000,1.37705,1.37852,1.37298,1.37494,28255
1664798400,1.3749500000000001,1.37824,1.36928,1.37056,23669
1664812800,1.37057,1.3712900000000001,1.36333,1.36473,37381
1664827200,1.36472,1.36598,1.36194,1.36236,12972
1664841600,1.36229,1.3642,1.36192,1.3634,7699
1664856000,1.3634,1.36521,1.35962,1.36063,14385
1664870400,1.36064,1.36211,1.35671,1.36145,26442
1664884800,1.3614600000000001,1.36634,1.36102,1.36423,25419
1664899200,1.36423,1.36544,1.35213,1.35585,30203
1664913600,1.35585,1.35651,1.3502100000000001,1.3507500000000001,16673
1664928000,1.3507799999999999,1.35297,1.35031,1.35232,5925
1664942400,1.35233,1.3542,1.35079,1.3535300000000001,17377
1664956800,1.3535300000000001,1.35838,1.35027,1.35643,21283
1664971200,1.35642,1.3630200000000001,1.3561,1.36172,21559
1664985600,1.36173,1.3694600000000001,1.36038,1.3646099999999999,31774
1665000000,1.3646,1.36491,1.35899,1.36169,14812
1665014400,1.36159,1.36195,1.35792,1.35926,6690
1665028800,1.35926,1.36066,1.35636,1.3569,15517
1665043200,1.3569,1.3654899999999999,1.3566500000000001,1.36535,25173
1665057600,1.36535,1.36845,1.36385,1.36728,24508
1665072000,1.3672900000000001,1.37439,1.36716,1.37326,39880
1665086400,1.37326,1.37542,1.37273,1.3746800000000001,18638
1665100800,1.37458,1.37497,1.37385,1.3745,5103
1665115200,1.37451,1.37487,1.37235,1.37484,8640
1665129600,1.37485,1.37596,1.37147,1.37236,20787
1665144000,1.37234,1.37592,1.37025,1.3733,23374
1665158400,1.37329,1.37438,1.36748,1.37065,44386
1665172800,1.37062,1.37523,1.36985,1.37395,16166
1665360000,1.37268,1.3753,1.37252,1.37308,8592
1665374400,1.37308,1.37416,1.37155,1.37314,12687
1665388800,1.37313,1.37607,1.37259,1.37452,23805
1665403200,1.37452,1.37454,1.37019,1.3706,25750
1665417600,1.37059,1.3772,1.37027,1.3771900000000001,30782
1665432000,1.3771900000000001,1.37812,1.37414,1.37771,15770
1665446400,1.37764,1.37941,1.37699,1.3776,5716
1665460800,1.37763,1.38487,1.3768,1.38442,15612
1665475200,1.38442,1.3854199999999999,1.38153,1.3838300000000001,32405
1665489600,1.38382,1.38495,1.37592,1.37757,32817
1665504000,1.37756,1.3838,1.37135,1.37366,45518
1665518400,1.37365,1.3822,1.37249,1.37938,29708
1665532800,1.37939,1.3808500000000001,1.3780299999999999,1.37883,7386
1665547200,1.37883,1.3829099999999999,1.3783,1.3802699999999999,16270
1665561600,1.38026,1.3823400000000001,1.37743,1.37914,35736
1665576000,1.37914,1.38259,1.37594,1.38067,28926
1665590400,1.38066,1.38294,1.3768799999999999,1.38058,41224
1665604800,1.38057,1.38248,1.37733,1.38185,23692
1665619200,1.38164,1.38222,1.37995,1.38064,4080
1665633600,1.38063,1.38233,1.38038,1.3820299999999999,6568
1665648000,1.38202,1.38358,1.38036,1.38048,17684
1665662400,1.3805100000000001,1.3976600000000001,1.37764,1.39222,35552
1665676800,1.39226,1.3969,1.3732199999999999,1.37584,73854
1665691200,1.37583,1.37623,1.37058,1.37496,25037
1665705600,1.37485,1.3768,1.37425,1.37636,7279
1665720000,1.37636,1.37636,1.37089,1.37233,13951
1665734400,1.37236,1.37915,1.37028,1.37857,32200
1665748800,1.37858,1.38257,1.37369,1.3744399999999999,36695
1665763200,1.3744399999999999,1.38893,1.3740700000000001,1.38812,56374
1665777600,1.38812,1.3897300000000001,1.38707,1.3878300000000001,21228
1665964800,1.38693,1.38771,1.38395,1.3854600000000001,7429
1665979200,1.3854199999999999,1.38582,1.38199,1.38328,10819
1665993600,1.3832900000000001,1.38414,1.38004,1.38265,29340
1666008000,1.3826399999999999,1.38278,1.3752499999999999,1.37564,28034
1666022400,1.37565,1.37595,1.36996,1.37111,36350
1666036800,1.37113,1.37352,1.36979,1.37127,17614
1666051200,1.37127,1.37192,1.37023,1.37154,5731
1666065600,1.37154,1.37356,1.36564,1.36695,12887
1666080000,1.36694,1.37507,1.36621,1.37507,24207
1666094400,1.37508,1.37784,1.36981,1.37042,28166
1666108800,1.37042,1.38098,1.3692199999999999,1.37799,39083
1666123200,1.3780000000000001,1.37985,1.3731499999999999,1.37345,25409
1666137600,1.3734199999999999,1.37397,1.37173,1.37268,6601
1666152000,1.37271,1.37522,1.37181,1.3748,9847
1666166400,1.37481,1.3784100000000001,1.3743400000000001,1.3765800000000001,19359
1666180800,1.37657,1.37994,1.3723,1.3762400000000001,24874
1666195200,1.37625,1.3807800000000001,1.37391,1.37916,35066
1666209600,1.37917,1.38087,1.37587,1.37625,17638
1666224000,1.37618,1.37814,1.3756599999999999,1.37721,5951
1666238400,1.3771900000000001,1.38058,1.3763,1.3772199999999999,15829
1666252800,1.37723,1.37786,1.37436,1.37638,24762
1666267200,1.37637,1.37637,1.36955,1.37264,28786
1666281600,1.37265,1.37354,1.36499,1.37219,40869
1666296000,1.37218,1.37872,1.37204,1.37661,25279
1666310400,1.3765,1.3789799999999999,1.37602,1.37792,7129
1666324800,1.37791,1.37957,1.3768,1.37801,12705
1666339200,1.37802,1.38294,1.37652,1.38214,19563
1666353600,1.38214,1.38537,1.3792200000000001,1.3801999999999999,26174
1666368000,1.38023,1.38046,1.36538,1.36652,81925
1666382400,1.36652,1.36804,1.36289,1.36438,18811
1666569600,1.36289,1.36742,1.36054,1.36682,22891
1666584000,1.36681,1.3695300000000001,1.3661400000000001,1.36784,15463
1666598400,1.36783,1.37455,1.36707,1.37293,29133
1666612800,1.37293,1.37535,1.36826,1.37149,31089
1666627200,1.37148,1.37737,1.36863,1.37153,51300
1666641600,1.37151,1.37427,1.37032,1.37054,13723
1666656000,1.3705,1.37087,1.36779,1.36863,7282
1666670400,1.36867,1.37153,1.3679299999999999,1.37039,16234
1666684800,1.37039,1.3721700000000001,1.36933,1.37184,20329
1666699200,1.37182,1.3747,1.3703400000000001,1.37051,21235
1666713600,1.3705,1.37081,1.3603399999999999,1.36347,37044
1666728000,1.36346,1.36425,1.36002,1.3605800000000001,13152
1666742400,1.3606099999999999,1.3638,1.36051,1.36344,7053
1666756800,1.36346,1.36372,1.35949,1.36019,11675
1666771200,1.3602,1.36098,1.35167,1.35191,21639
1666785600,1.3519,1.35733,1.35069,1.3565,27762
1666800000,1.3565,1.365,1.3532199999999999,1.35612,44082
1666814400,1.35613,1.35798,1.35465,1.35522,21368
1666828800,1.35527,1.35686,1.35434,1.35655,6657
1666843200,1.35656,1.35791,1.35443,1.35473,12888
1666857600,1.35472,1.35921,1.35374,1.35778,23987
1666872000,1.35777,1.36258,1.3575300000000001,1.35805,35054
1666886400,1.35804,1.35965,1.34946,1.3538999999999999,52087
1666900800,1.35389,1.35786,1.35174,1.35663,18564
1666915200,1.35642,1.35682,1.35545,1.3559999999999999,5749
1666929600,1.3559999999999999,1.35617,1.35242,1.3534,13890
1666944000,1.3534,1.36155,1.35323,1.36064,20699
1666958400,1.36063,1.3629,1.3581400000000001,1.36163,25300
1666972800,1.36162,1.36337,1.35892,1.3621400000000001,37997
1666987200,1.36213,1.36262,1.36006,1.36049,8359
1667174400,1.36066,1.36288,1.36001,1.3612199999999999,9027
1667188800,1.3612199999999999,1.36272,1.36062,1.36211,9667
1667203200,1.36212,1.3657599999999999,1.36131,1.36413,14810
1667217600,1.36414,1.36844,1.36413,1.36751,22162
1667232000,1.36752,1.3675899999999999,1.3626,1.36384,30797
1667246400,1.36384,1.36447,1.3616,1.36176,12544
1667260800,1.3617,1.36247,1.36017,1.3603399999999999,7349
1667275200,1.3603399999999999,1.36045,1.35593,1.35647,11472
1667289600,1.35647,1.35821,1.35408,1.35495,19918
1667304000,1.35496,1.3595,1.3529200000000001,1.35833,23208
1667318400,1.35833,1.36679,1.35833,1.36225,42199
1667332800,1.36226,1.36349,1.36148,1.36282,8819
1667347200,1.36266,1.3634,1.36047,1.3606500000000001,8800
1667361600,1.3606500000000001,1.36154,1.35869,1.35928,9471
1667376000,1.35927,1.36124,1.35856,1.35946,14252
1667390400,1.35947,1.3639700000000001,1.3591,1.36308,22541
1667404800,1.3630900000000001,1.36487,1.36226,1.36267,21220
1667419200,1.3626,1.37124,1.35477,1.37045,40684
1667433600,1.37043,1.37235,1.36825,1.36921,10090
1667448000,1.3692,1.37002,1.36816,1.36942,8792
1667462400,1.36943,1.37741,1.3693,1.37638,23001
1667476800,1.37637,1.38072,1.37577,1.37872,35104
1667491200,1.37874,1.3796,1.37151,1.3732,40061
1667505600,1.3731900000000001,1.37486,1.37205,1.37415,10759
1667520000,1.37428,1.37496,1.37178,1.37183,6945
1667534400,1.37182,1.37242,1.366,1.3667500000000001,11659
1667548800,1.36674,1.3673600000000001,1.3628,1.36449,25293
1667563200,1.36448,1.36562,1.35115,1.35358,42855
1667577600,1.35359,1.35483,1.34681,1.35083,46374
1667592000,1.35083,1.35179,1.34703,1.34748,15820
1667779200,1.35243,1.35434,1.34972,1.35267,15216
1667793600,1.35266,1.35385,1.35066,1.35262,16002
1667808000,1.35262,1.35519,1.3464800000000001,1.3488,27021
1667822400,1.3488,1.34971,1.34643,1.3485,24437
1667836800,1.3485,1.35262,1.34782,1.34957,36138
1667851200,1.34958,1.34995,1.34821,1.3489900000000001,11594
1667865600,1.34903,1.35032,1.34749,1.34996,9197
1667880000,1.34997,1.3525800000000001,1.34966,1.35201,10419
1667894400,1.35201,1.35254,1.34959,1.34966,19303
1667908800,1.34966,1.35049,1.34792,1.34941,19779
1667923200,1.3494,1.35066,1.33866,1.33985,35160
1667937600,1.33986,1.34735,1.3394300000000001,1.34259,25315
1667952000,1.34259,1.3447,1.34128,1.34445,13407
1667966400,1.34445,1.34488,1.34205,1.34436,18007
1667980800,1.34435,1.34548,1.34122,1.34463,26351
1667995200,1.34461,1.34656,1.3428499999999999,1.3446799999999999,27057
1668009600,1.3446799999999999,1.3492899999999999,1.34098,1.34733,43978
1668024000,1.34733,1.35409,1.3468200000000001,1.35237,22358
1668038400,1.35245,1.3532199999999999,1.35142,1.35288,8685
1668052800,1.35287,1.3547,1.35225,1.35293,13516
1668067200,1.3529200000000001,1.35608,1.35097,1.35391,24138
1668081600,1.35391,1.35702,1.33679,1.34,37780
1668096000,1.33999,1.3422,1.3332600000000001,1.33937,59561
1668110400,1.33932,1.3394599999999999,1.33075,1.33182,19418
1668124800,1.33182,1.33602,1.3311600000000001,1.33544,14662
1668139200,1.33545,1.33549,1.33019,1.3304,19243
1668153600,1.33041,1.33234,1.32833,1.32987,33086
1668168000,1.32987,1.33166,1.32615,1.32645,28891
1668182400,1.32644,1.33041,1.32559,1.32638,38522
1668196800,1.32637,1.32644,1.32352,1.32515,15257
1668384000,1.32721,1.32995,1.32383,1.32612,18562
1668398400,1.32609,1.32809,1.32462,1.32806,17300
1668412800,1.32806,1.32932,1.32478,1.32823,24834
1668427200,1.32826,1.33037,1.3272,1.32831,24307
1668441600,1.32829,1.33087,1.32611,1.32974,35669
1668456000,1.32974,1.33134,1.32821,1.33124,13159
1668470400,1.33118,1.33252,1.33035,1.3315299999999999,9310
1668484800,1.33154,1.33196,1.32917,1.32932,12629
1668499200,1.3293300000000001,1.32957,1.32493,1.32741,23569
1668513600,1.3274,1.3303099999999999,1.3225,1.32582,34292
1668528000,1.32581,1.33352,1.3252,1.3272599999999999,56785
1668542400,1.32724,1.33269,1.32634,1.32767,48565
1668556800,1.32757,1.3303099999999999,1.32626,1.32943,15342
1668571200,1.32941,1.33052,1.32705,1.32727,24536
1668585600,1.32727,1.32801,1.32295,1.3238400000000001,26527
1668600000,1.32383,1.32792,1.32272,1.32681,26349
1668614400,1.32682,1.33461,1.32663,1.3318699999999999,37994
1668628800,1.33186,1.33391,1.33161,1.33291,17652
1668643200,1.33273,1.33522,1.33179,1.33472,5506
1668657600,1.33472,1.33606,1.33401,1.3351199999999999,9905
1668672000,1.33513,1.33568,1.33038,1.3345799999999999,20429
1668686400,1.33459,1.34001,1.33422,1.33908,34364
1668700800,1.33911,1.33964,1.33218,1.33296,35193
1668715200,1.33296,1.33384,1.33206,1.33242,13312
1668729600,1.33263,1.33287,1.33052,1.33131,7469
1668744000,1.3313,1.3325,1.32993,1.33159,10681
1668758400,1.33159,1.33467,1.33099,1.33385,19265
1668772800,1.33385,1.33626,1.33154,1.33623,19448
1668787200,1.33622,1.34081,1.33612,1.34035,27279
1668801600,1.3403399999999999,1.34063,1.33779,1.33897,10061
1668988800,1.33626,1.3416000000000001,1.3361399999999999,1.3407,6770
1669003200,1.34069,1.34223,1.3403399999999999,1.34111,9721
1669017600,1.34112,1.3441100000000001,1.34061,1.34379,18323
1669032000,1.34378,1.34427,1.34164,1.34295,18095
1669046400,1.34294,1.3494,1.34161,1.34493,29422
1669060800,1.34494,1.3455,1.34303,1.34512,12929
1669075200,1.34458,1.3453,1.3419699999999999,1.34274,7274
1669089600,1.34275,1.34369,1.34235,1.3431600000000001,12284
1669104000,1.3431600000000001,1.3443,1.33935,1.34025,23418
1669118400,1.34025,1.3409200000000001,1.33841,1.34051,16009
1669132800,1.34053,1.34178,1.3382100000000001,1.33868,22638
1669147200,1.33869,1.33914,1.3364099999999999,1.33677,8653
1669161600,1.3368,1.33774,1.33558,1.33722,5495
1669176000,1.33722,1.33945,1.3370199999999999,1.33942,5689
1669190400,1.33942,1.3394599999999999,1.33624,1.33861,11392
1669204800,1.33862,1.34392,1.3385799999999999,1.34112,16087
1669219200,1.34113,1.34207,1.3363399999999999,1.34043,31862
1669233600,1.34043,1.34071,1.33438,1.33533,19629
1669248000,1.33526,1.33536,1.33364,1.33409,6255
1669262400,1.33407,1.33448,1.3327200000000001,1.33447,5853
1669276800,1.33447,1.33612,1.33322,1.3347,11872
1669291200,1.3347,1.33576,1.33356,1.33461,13689
1669305600,1.3346,1.33505,1.33155,1.33361,11243
1669320000,1.33361,1.33412,1.33325,1.33358,1506
1669334400,1.33354,1.3348499999999999,1.33289,1.33391,4804
1669348800,1.33392,1.33399,1.33163,1.3324,6323
1669363200,1.33239,1.33691,1.3323800000000001,1.3363,13967
1669377600,1.33629,1.3385,1.33362,1.33838,11978
1669392000,1.33838,1.33976,1.33625,1.33801,17372
1669406400,1.33802,1.33864,1.33631,1.33768,7513
1669593600,1.33907,1.34724,1.33891,1.34638,7765
1669608000,1.34638,1.3467799999999999,1.3433899999999999,1.3457,9690
1669622400,1.3457,1.3458700000000001,1.34264,1.34433,17295
1669636800,1.3443399999999999,1.34528,1.34124,1.34433,19833
1669651200,1.34432,1.34666,1.34213,1.34443,28824
1669665600,1.34442,1.35038,1.34409,1.3492899999999999,9455
1669680000,1.3492199999999999,1.34947,1.34596,1.34604,5501
1669694400,1.34604,1.34653,1.34229,1.34301,10929
1669708800,1.343,1.3462,1.34078,1.34535,20800
1669723200,1.34534,1.3556300000000001,1.34375,1.35498,21856
1669737600,1.35499,1.36447,1.35361,1.35956,32545
1669752000,1.35957,1.3603399999999999,1.35683,1.35791,12583
1669766400,1.35785,1.35925,1.35705,1.35795,6749
1669780800,1.35797,1.35853,1.35614,1.35748,6700
1669795200,1.35747,1.35761,1.35277,1.3529900000000001,15893
1669809600,1.3529900000000001,1.3547799999999999,1.34954,1.35213,21020
1669824000,1.35214,1.35776,1.34881,1.35332,37777
1669838400,1.35334,1.35659,1.3425099999999999,1.34311,34655
1669852800,1.3427799999999999,1.3427799999999999,1.34017,1.34158,10090
1669867200,1.34159,1.34263,1.3394300000000001,1.33972,14948
1669881600,1.33974,1.34353,1.33944,1.34234,22276
1669896000,1.34237,1.3450199999999999,1.34055,1.3430900000000001,22797
1669910400,1.34311,1.3466,1.34066,1.34147,43935
1669924800,1.34148,1.347,1.34045,1.34283,19411
1669939200,1.34279,1.34514,1.34186,1.3444099999999999,6647
1669953600,1.3444099999999999,1.34511,1.34303,1.34376,9456
1669968000,1.34375,1.34522,1.3419699999999999,1.34335,18042
1669982400,1.34336,1.35198,1.34215,1.34787,27101
1669996800,1.34787,1.34887,1.34421,1.34729,41734
1670011200,1.34728,1.34936,1.34532,1.34639,12390
1670198400,1.34583,1.34727,1.34061,1.34088,7626
1670212800,1.34088,1.34165,1.33843,1.34036,9224
1670227200,1.34035,1.3446500000000001,1.34035,1.34175,18981
1670241600,1.34176,1.34384,1.33933,1.34223,19290
1670256000,1.3422399999999999,1.35845,1.34214,1.35766,32563
1670270400,1.35767,1.36043,1.35675,1.3587,14790
1670284800,1.3587,1.35926,1.35697,1.3580999999999999,5770
1670299200,1.35811,1.35991,1.35699,1.3584,10897
1670313600,1.3584,1.36188,1.35803,1.36072,21332
1670328000,1.36075,1.36408,1.3602,1.36255,18614
1670342400,1.36252,1.36719,1.3613,1.36551,30001
1670356800,1.3655,1.36747,1.36465,1.36483,14489
1670371200,1.36473,1.36578,1.36401,1.36421,6474
1670385600,1.36422,1.3654899999999999,1.3630499999999999,1.36486,8292
1670400000,1.3648500000000001,1.36991,1.36471,1.3688799999999999,22766
1670414400,1.36889,1.3698000000000001,1.3632900000000001,1.36396,22769
1670428800,1.3639700000000001,1.3657599999999999,1.3587500000000001,1.36322,42630
1670443200,1.36321,1.36606,1.36196,1.36521,14051
1670457600,1.36513,1.3688,1.3639000000000001,1.3675,7716
1670472000,1.3675,1.36881,1.3669,1.36737,8431
1670486400,1.36738,1.36855,1.3646099999999999,1.36738,15058
1670500800,1.36738,1.36743,1.35714,1.3578299999999999,18861
1670515200,1.35784,1.36054,1.35603,1.3572199999999999,32893
1670529600,1.3572199999999999,1.3593899999999999,1.35618,1.35915,15670
1670544000,1.3590900000000001,1.36051,1.35682,1.35725,5018
1670558400,1.35724,1.3593,1.35699,1.3591199999999999,9495
1670572800,1.3591199999999999,1.3641,1.35834,1.36364,15392
1670587200,1.3636300000000001,1.36905,1.3602699999999999,1.36452,21969
1670601600,1.36452,1.36601,1.36006,1.36226,37214
1670616000,1.36227,1.36497,1.36169,1.36472,11530
1670803200,1.36263,1.36738,1.36261,1.36674,6486
1670817600,1.3667500000000001,1.36735,1.3651,1.3652199999999999,7014
1670832000,1.3652199999999999,1.3667799999999999,1.36353,1.36599,16933
1670846400,1.36598,1.3676300000000001,1.36494,1.36683,14349
1670860800,1.36684,1.36822,1.36308,1.36527,25473
1670875200,1.36527,1.36636,1.36178,1.36325,15704
1670889600,1.36325,1.3636,1.36226,1.36291,4419
1670904000,1.36292,1.3643,1.36117,1.36181,10696
1670918400,1.36179,1.3625099999999999,1.36021,1.36221,17852
1670932800,1.3622,1.36321,1.35205,1.35408,28839
1670947200,1.35409,1.35645,1.35225,1.35449,49174
1670961600,1.35449,1.35625,1.35224,1.35433,19160
1670976000,1.35435,1.35691,1.3536299999999999,1.35591,7368
1670990400,1.3559,1.35731,1.35587,1.35677,6937
1671004800,1.35676,1.35683,1.35309,1.35373,17308
1671019200,1.35372,1.3578700000000001,1.35296,1.35703,18828
1671033600,1.35706,1.35838,1.35506,1.3557000000000001,26992
1671048000,1.3557000000000001,1.36115,1.35175,1.35432,48727
1671062400,1.35432,1.35703,1.3538000000000001,1.35646,6533
1671076800,1.35645,1.3572899999999999,1.3553899999999999,1.3559,7045
1671091200,1.3559,1.3589,1.35544,1.35734,17652
1671105600,1.35734,1.36315,1.35646,1.36242,20554
1671120000,1.36246,1.36645,1.35891,1.36634,41017
1671134400,1.36632,1.36733,1.36457,1.3664100000000001,16398
1671148800,1.36622,1.36624,1.36322,1.36376,6390
1671163200,1.36375,1.36405,1.36167,1.36288,9742
1671177600,1.36288,1.36717,1.36174,1.36697,16101
1671192000,1.3669799999999999,1.36871,1.36412,1.36741,19360
1671206400,1.3673899999999999,1.37043,1.3651499999999999,1.37031,34869
1671220800,1.37032,1.37042,1.36807,1.36968,16945
1671408000,1.36757,1.3689200000000001,1.36445,1.365,7241
1671422400,1.365,1.36781,1.36446,1.36748,9115
1671436800,1.36747,1.36754,1.36287,1.3645399999999999,17294
1671451200,1.36453,1.36626,1.36348,1.36542,15320
1671465600,1.36541,1.36937,1.36225,1.36318,29715
1671480000,1.36317,1.3669,1.3627799999999999,1.365,14167
1671494400,1.3648500000000001,1.36558,1.36313,1.36338,6970
1671508800,1.36337,1.37029,1.36139,1.36846,24598
1671523200,1.36844,1.36934,1.36123,1.36138,30078
1671537600,1.36139,1.36388,1.36042,1.36321,24277
1671552000,1.36321,1.3657599999999999,1.3578999999999999,1.36258,34521
1671566400,1.36257,1.36298,1.36039,1.36079,12050
1671580800,1.3606500000000001,1.36112,1.35883,1.36039,7708
1671595200,1.3604,1.36203,1.3593,1.3603399999999999,6886
1671609600,1.36035,1.3624399999999999,1.36002,1.36176,19833
1671624000,1.36177,1.36368,1.35934,1.3602400000000001,19018
1671638400,1.36023,1.36364,1.3593899999999999,1.36062,27466
1671652800,1.36062,1.362,1.35884,1.36096,12866
1671667200,1.3608500000000001,1.36189,1.3595,1.3596300000000001,4811
1671681600,1.35962,1.35996,1.35807,1.35888,6311
1671696000,1.35889,1.35933,1.35698,1.3587099999999999,15587
1671710400,1.3587,1.36383,1.3587,1.36348,21692
1671724800,1.36347,1.36747,1.36212,1.3673600000000001,31112
1671739200,1.36738,1.3684,1.3636300000000001,1.36465,17720
1671753600,1.36469,1.36574,1.36341,1.36353,5345
1671768000,1.36352,1.36362,1.36233,1.36342,7716
1671782400,1.36343,1.36344,1.36022,1.36046,11872
1671796800,1.36045,1.3611900000000001,1.35739,1.3596300000000001,15909
1671811200,1.35964,1.36462,1.35618,1.35834,32421
1671825600,1.35833,1.36096,1.35764,1.35916,10409
1672041600,1.35941,1.35944,1.3587,1.35881,564
1672056000,1.35879,1.35925,1.35877,1.35893,3411
1672070400,1.35893,1.3592,1.35728,1.35808,2599
1672084800,1.35808,1.35922,1.35718,1.35785,2273
1672099200,1.3578000000000001,1.35781,1.3547500000000001,1.35483,5692
1672113600,1.3548200000000001,1.35677,1.35471,1.35503,5761
1672128000,1.3550200000000001,1.35528,1.35264,1.3526799999999999,9549
1672142400,1.3526799999999999,1.35465,1.35055,1.35202,11063
1672156800,1.3520400000000001,1.3525,1.3483399999999999,1.34957,21042
1672171200,1.34957,1.35385,1.3492899999999999,1.35219,12145
1672185600,1.35171,1.3538700000000001,1.35036,1.3529499999999999,6536
1672200000,1.3529499999999999,1.3536299999999999,1.3523399999999999,1.35298,6090
1672214400,1.35297,1.35392,1.35091,1.35366,14516
1672228800,1.35365,1.35385,1.34848,1.3511600000000001,17740
1672243200,1.35115,1.35988,1.34925,1.35721,27935
1672257600,1.3572,1.36106,1.3562,1.36052,14220
1672272000,1.36039,1.36039,1.35872,1.35962,5013
1672286400,1.3596300000000001,1.35968,1.35772,1.3584800000000001,5645
1672300800,1.35846,1.36074,1.35816,1.35857,13031
1672315200,1.35857,1.36033,1.35697,1.35713,16774
1672329600,1.35712,1.35829,1.3538700000000001,1.35461,29386
1672344000,1.35462,1.3561,1.35373,1.35452,12258
1672358400,1.3544800000000001,1.35581,1.3541,1.35493,4932
1672372800,1.35494,1.35586,1.3541699999999999,1.35476,5200
1672387200,1.3547799999999999,1.35622,1.3526,1.3547500000000001,12607
1672401600,1.35476,1.3553899999999999,1.35131,1.35381,17104
1672416000,1.35381,1.35806,1.35259,1.35288,34512
1672430400,1.35285,1.3567,1.35249,1.35491,18796
1672617600,1.35303,1.35304,1.35215,1.35248,80
1672632000,1.35249,1.35518,1.3516,1.35396,35
1672646400,1.35406,1.35612,1.35289,1.3557299999999999,10936
1672660800,1.35567,1.35789,1.35551,1.3575,31011
1672675200,1.3574899999999999,1.35788,1.3559999999999999,1.3567,7494
1672689600,1.35669,1.35826,1.35643,1.3567,597
1672704000,1.35642,1.36181,1.35538,1.36094,9086
1672718400,1.36091,1.36181,1.35404,1.35611,12021
1672732800,1.3561,1.36367,1.35218,1.36128,21008
1672747200,1.36128,1.36775,1.36123,1.36672,18802
1672761600,1.36672,1.36789,1.36009,1.36659,35106
1672776000,1.3666,1.36841,1.36552,1.36666,16712
1672790400,1.36656,1.36792,1.36391,1.36407,7379
1672804800,1.36406,1.3648799999999999,1.36257,1.3645,8472
1672819200,1.3645,1.36568,1.35415,1.35554,22964
1672833600,1.35553,1.35567,1.35129,1.35129,22784
1672848000,1.35131,1.35569,1.34756,1.34862,40768
1672862400,1.3486099999999999,1.35126,1.34749,1.34755,21041
1672876800,1.34753,1.34928,1.3469,1.3485800000000001,7095
1672891200,1.34859,1.35155,1.34859,1.34958,9678
1672905600,1.34958,1.3526099999999999,1.34883,1.35043,20230
1672920000,1.3504399999999999,1.35373,1.34873,1.3534,27851
1672934400,1.35341,1.35945,1.35307,1.35785,42736
1672948800,1.35785,1.35821,1.3550200000000001,1.3568799999999999,16558
1672963200,1.3568500000000001,1.3568500000000001,1.35456,1.35523,5543
1672977600,1.35523,1.35769,1.35368,1.35713,8533
1672992000,1.35714,1.36276,1.3562400000000001,1.3614600000000001,18419
1673006400,1.36145,1.36638,1.35384,1.35396,31195
1673020800,1.35396,1.3566500000000001,1.34394,1.34423,45584
1673035200,1.34424,1.34513,1.34325,1.34432,15065
1673222400,1.34323,1.34436,1.34143,1.34154,7538
1673236800,1.34155,1.34169,1.33945,1.33985,8882
1673251200,1.33986,1.34179,1.3383,1.3391,21987
1673265600,1.3390900000000001,1.33983,1.33562,1.3375,21574
1673280000,1.3375,1.34146,1.33578,1.33677,30082
1673294400,1.33677,1.3393,1.3363399999999999,1.33879,18829
1673308800,1.33867,1.34049,1.33754,1.33777,7079
1673323200,1.33776,1.3409,1.33752,1.33798,9966
1673337600,1.33798,1.34047,1.33753,1.3382399999999999,21481
1673352000,1.33825,1.3427,1.33783,1.34036,22381
1673366400,1.34036,1.34443,1.3381,1.34348,41411
1673380800,1.34348,1.3437999999999999,1.34158,1.3423,12078
1673395200,1.34225,1.3441,1.34103,1.3434,5537
1673409600,1.34341,1.3439,1.34113,1.3422,6935
1673424000,1.3422,1.34341,1.34105,1.34212,15202
1673438400,1.3421,1.34443,1.34115,1.34123,17078
1673452800,1.34122,1.34402,1.3403399999999999,1.3433,29255
1673467200,1.3433,1.34342,1.34139,1.34231,12855
1673481600,1.3422100000000001,1.34365,1.34161,1.3425,6176
1673496000,1.3425099999999999,1.3430900000000001,1.34203,1.34288,5408
1673510400,1.34286,1.34474,1.3419400000000001,1.34228,13196
1673524800,1.34229,1.3457,1.3347,1.33533,28763
1673539200,1.33532,1.34421,1.33509,1.33535,55059
1673553600,1.33532,1.33691,1.33444,1.33653,21354
1673568000,1.3364099999999999,1.3390900000000001,1.33518,1.33783,6937
1673582400,1.33783,1.33952,1.3376700000000001,1.33875,6781
1673596800,1.33873,1.33899,1.33205,1.33468,18507
1673611200,1.33468,1.34303,1.3336000000000001,1.34263,23146
1673625600,1.34262,1.34387,1.3391899999999999,1.33988,37237
1673640000,1.33987,1.34085,1.33853,1.33927,11199
1673827200,1.3382800000000001,1.33994,1.33596,1.3360699999999999,8050
1673841600,1.3360699999999999,1.3370600000000001,1.33517,1.3366500000000001,8166
1673856000,1.33666,1.34173,1.33646,1.33933,18794
1673870400,1.33932,1.34022,1.33762,1.33955,12204
1673884800,1.33956,1.33999,1.33854,1.33903,10295
1673899200,1.33902,1.34149,1.33883,1.3407200000000001,2436
1673913600,1.34063,1.3410199999999999,1.33941,1.34045,6161
1673928000,1.34046,1.34209,1.33927,1.34053,7600
1673942400,1.34053,1.34275,1.33947,1.34259,15482
1673956800,1.3426,1.34362,1.3394599999999999,1.3408,21853
1673971200,1.34079,1.34079,1.3368,1.33936,33918
1673985600,1.33936,1.34016,1.337,1.33868,11893
1674000000,1.33868,1.3396,1.3382399999999999,1.33869,4923
1674014400,1.33869,1.34082,1.33744,1.33773,15660
1674028800,1.33774,1.33815,1.33496,1.3357299999999999,24187
1674043200,1.3357299999999999,1.33932,1.3354599999999999,1.33894,27598
1674057600,1.33895,1.3481,1.33643,1.34758,42601
1674072000,1.34758,1.34993,1.3471199999999999,1.34883,13071
1674086400,1.34877,1.3517299999999999,1.34823,1.35097,6426
1674100800,1.35096,1.35119,1.34897,1.34997,7218
1674115200,1.34998,1.35196,1.34888,1.35124,15666
1674129600,1.35123,1.3519,1.34751,1.34758,25304
1674144000,1.34758,1.34958,1.3453,1.34659,34116
1674158400,1.34659,1.34759,1.34457,1.34642,17712
1674172800,1.34633,1.34664,1.34477,1.34523,4862
1674187200,1.34522,1.34693,1.34447,1.34592,9120
1674201600,1.34591,1.34756,1.3441,1.3467799999999999,16658
1674216000,1.3467799999999999,1.3483800000000001,1.34605,1.3473600000000001,19767
1674230400,1.34735,1.34965,1.34028,1.34058,27025
1674244800,1.34058,1.34185,1.33723,1.33799,13058
1674432000,1.33788,1.33819,1.33545,1.33666,4251
1674446400,1.3366799999999999,1.33789,1.33654,1.33782,4395
1674460800,1.33781,1.3383,1.3341,1.33508,17081
1674475200,1.33508,1.33999,1.33494,1.33952,17608
1674489600,1.33952,1.34167,1.33691,1.33755,29998
1674504000,1.33755,1.33942,1.33648,1.33663,14630
1674518400,1.3366500000000001,1.3372899999999999,1.33513,1.33537,3386
1674532800,1.33537,1.33682,1.33498,1.33592,4085
1674547200,1.33592,1.33789,1.33456,1.33673,14489
1674561600,1.33673,1.3391,1.33509,1.33808,17981
1674576000,1.33809,1.34127,1.33527,1.33601,36454
1674590400,1.33602,1.33741,1.33529,1.33646,10850
1674604800,1.33639,1.33791,1.3361,1.33626,6315
1674619200,1.33626,1.33626,1.33471,1.33565,7324
1674633600,1.33565,1.33768,1.3342399999999999,1.33752,18198
1674648000,1.33753,1.33835,1.33629,1.3366500000000001,15456
1674662400,1.33666,1.34271,1.33392,1.34094,33543
1674676800,1.34094,1.34096,1.33753,1.33864,13286
1674691200,1.33867,1.3406799999999999,1.33791,1.33979,4520
1674705600,1.33978,1.34044,1.33925,1.33927,5964
1674720000,1.33927,1.34067,1.33692,1.34012,13926
1674734400,1.34013,1.34027,1.33479,1.33545,17431
1674748800,1.33544,1.33724,1.3302100000000001,1.33575,33090
1674763200,1.33575,1.3361100000000001,1.33188,1.33191,9809
1674777600,1.33192,1.33247,1.33117,1.33202,4231
1674792000,1.33203,1.33422,1.33194,1.3334,4658
1674806400,1.3334,1.33457,1.33148,1.33167,9905
1674820800,1.33167,1.3328,1.33066,1.33277,13400
1674835200,1.33278,1.33411,1.3299699999999999,1.3303099999999999,29650
1674849600,1.3303099999999999,1.33144,1.32996,1.33087,10610
1675036800,1.33113,1.33155,1.32988,1.33073,4906
1675051200,1.33074,1.33297,1.33074,1.33289,8331
1675065600,1.3329,1.33525,1.33244,1.3329,14702
1675080000,1.33289,1.33478,1.33148,1.3344,17837
1675094400,1.33441,1.3364099999999999,1.33213,1.3357999999999999,30456
1675108800,1.3357999999999999,1.33881,1.33558,1.3385799999999999,12570
1675123200,1.33847,1.33914,1.33606,1.33832,5898
1675137600,1.3383099999999999,1.34195,1.33826,1.34184,8911
1675152000,1.34184,1.34559,1.34054,1.34459,13639
1675166400,1.34458,1.34707,1.34058,1.34087,19773
1675180800,1.34086,1.34181,1.33122,1.33212,37295
1675195200,1.33212,1.33225,1.3298,1.33008,11300
1675209600,1.33015,1.3312,1.32976,1.33078,4467
1675224000,1.33079,1.3323800000000001,1.3304,1.33236,4846
1675238400,1.33237,1.33239,1.3287900000000001,1.33074,11987
1675252800,1.33073,1.3317700000000001,1.32948,1.33102,17091
1675267200,1.33102,1.33468,1.3291,1.33445,30226
1675281600,1.33444,1.33792,1.32657,1.32881,40919
1675296000,1.32869,1.32913,1.32623,1.32826,7205
1675310400,1.32826,1.32889,1.32737,1.32857,6016
1675324800,1.32857,1.32926,1.32614,1.32791,16735
1675339200,1.3279,1.3305,1.3269199999999999,1.32922,26303
1675353600,1.32923,1.33464,1.32826,1.33174,43612
1675368000,1.33173,1.33297,1.3302399999999999,1.33131,22005
1675382400,1.33135,1.3326,1.33105,1.33246,5878
1675396800,1.3324500000000001,1.33388,1.3320400000000001,1.3326500000000001,6390
1675411200,1.3326500000000001,1.33734,1.33218,1.3346,15963
1675425600,1.33459,1.34206,1.33414,1.3409,24446
1675440000,1.34091,1.34252,1.3351,1.33926,48590
1675454400,1.33925,1.34086,1.33826,1.3403100000000001,20051
1675641600,1.34112,1.34203,1.33975,1.3406500000000001,5935
1675656000,1.34066,1.34098,1.33963,1.33976,6374
1675670400,1.33976,1.34364,1.33955,1.3435000000000001,15980
1675684800,1.34351,1.34463,1.34116,1.3428200000000001,18543
1675699200,1.34283,1.34748,1.34235,1.34445,32277
1675713600,1.34446,1.34509,1.34236,1.34456,13099
1675728000,1.34454,1.34466,1.34212,1.3424,4228
1675742400,1.3424,1.34305,1.3400400000000001,1.34203,8878
1675756800,1.34201,1.34421,1.34043,1.34109,20949
1675771200,1.3411,1.34536,1.3406500000000001,1.3447,19582
1675785600,1.3447200000000001,1.3468,1.33834,1.33887,36860
1675800000,1.33888,1.34579,1.33788,1.33958,35382
1675814400,1.33936,1.34025,1.33873,1.3399,6039
1675828800,1.33991,1.34064,1.33891,1.3391899999999999,5166
1675843200,1.33918,1.33969,1.33593,1.33685,17587
1675857600,1.33685,1.3415599999999999,1.3364,1.34081,16390
1675872000,1.34082,1.3443399999999999,1.34042,1.34295,31575
1675886400,1.34295,1.34496,1.34205,1.34469,13969
1675900800,1.34444,1.34583,1.34369,1.34486,4294
1675915200,1.34486,1.34486,1.3428499999999999,1.34331,5110
1675929600,1.3433,1.34342,1.33997,1.34036,13024
1675944000,1.34035,1.34118,1.33715,1.33777,13533
1675958400,1.33776,1.34549,1.33717,1.34457,26836
1675972800,1.34459,1.34622,1.34406,1.3453300000000001,14497
1675987200,1.34524,1.3459400000000001,1.34403,1.3452899999999999,5989
1676001600,1.3453,1.34713,1.34514,1.34574,7029
1676016000,1.34574,1.34575,1.34125,1.34358,22284
1676030400,1.34358,1.34531,1.3360699999999999,1.33754,21311
1676044800,1.33754,1.33809,1.33441,1.336,35477
1676059200,1.33599,1.33642,1.3336999999999999,1.33432,12376
1676246400,1.33438,1.33786,1.33418,1.33612,5002
1676260800,1.33613,1.33781,1.3357999999999999,1.33722,5732
1676275200,1.33722,1.3372899999999999,1.33509,1.33639,12220
1676289600,1.3364,1.33707,1.3324099999999999,1.33566,10831
1676304000,1.33567,1.33717,1.33255,1.33321,21801
1676318400,1.33322,1.33419,1.33252,1.33315,10245
1676332800,1.33315,1.33526,1.3331,1.33462,5585
1676347200,1.33461,1.33513,1.33291,1.33353,6011
1676361600,1.33353,1.3348900000000001,1.33266,1.33344,12634
1676376000,1.33343,1.33658,1.32727,1.33239,27424
1676390400,1.3324,1.33897,1.33037,1.33511,50726
1676404800,1.33511,1.33615,1.33331,1.33362,15746
1676419200,1.33356,1.33462,1.3330600000000001,1.33446,4367
1676433600,1.33447,1.33666,1.33439,1.33624,7322
1676448000,1.33623,1.3401100000000001,1.33595,1.3394599999999999,18582
1676462400,1.33947,1.3432,1.33899,1.34213,23465
1676476800,1.34213,1.34394,1.33926,1.34218,35082
1676491200,1.3421699999999999,1.34294,1.33863,1.33925,9649
1676505600,1.3391,1.34067,1.3376700000000001,1.33811,7574
1676520000,1.33811,1.33854,1.337,1.33818,8307
1676534400,1.33818,1.33945,1.33564,1.33798,19319
1676548800,1.338,1.34313,1.33711,1.34214,23673
1676563200,1.34218,1.34783,1.34145,1.34313,35573
1676577600,1.3431,1.34602,1.34219,1.34557,17913
1676592000,1.34535,1.34818,1.34447,1.34787,5996
1676606400,1.34787,1.34885,1.34766,1.34859,6755
1676620800,1.3485800000000001,1.35214,1.34832,1.35031,16369
1676635200,1.35031,1.35367,1.34885,1.3496299999999999,20824
1676649600,1.34964,1.35218,1.34679,1.34842,37966
1676664000,1.3484099999999999,1.34905,1.34659,1.34738,13668
1676851200,1.34759,1.34939,1.34638,1.3486099999999999,5806
1676865600,1.3486099999999999,1.34883,1.34666,1.34671,9476
1676880000,1.34672,1.34731,1.34552,1.3464,13319
1676894400,1.3464,1.34701,1.3449200000000001,1.34534,15918
1676908800,1.3453300000000001,1.34585,1.34405,1.34504,12868
1676923200,1.34505,1.34539,1.3449,1.34534,2663
1676937600,1.34517,1.34801,1.34394,1.34708,6489
1676952000,1.3470900000000001,1.34774,1.34622,1.34671,8255
1676966400,1.34671,1.34911,1.34405,1.3453300000000001,22512
1676980800,1.3453300000000001,1.35003,1.34436,1.34955,23804
1676995200,1.34958,1.35301,1.34872,1.35189,39536
1677009600,1.35189,1.35483,1.35147,1.35378,14453
1677024000,1.35367,1.35433,1.3526099999999999,1.35393,7164
1677038400,1.35394,1.35459,1.3529499999999999,1.35423,7941
1677052800,1.3542399999999999,1.35594,1.35287,1.3552,17800
1677067200,1.3552,1.35588,1.35135,1.35313,18472
1677081600,1.35313,1.3558,1.35233,1.35294,31348
1677096000,1.3529499999999999,1.35674,1.35214,1.35501,23620
1677110400,1.3548200000000001,1.35519,1.35241,1.3526,4657
1677124800,1.3526,1.35309,1.35168,1.35257,6617
1677139200,1.35257,1.35433,1.35188,1.35397,16954
1677153600,1.35396,1.3551199999999999,1.35218,1.35458,18770
1677168000,1.35459,1.35804,1.35154,1.35635,34838
1677182400,1.35636,1.35674,1.35338,1.35467,14280
1677196800,1.3545,1.35462,1.3526500000000001,1.35366,7567
1677211200,1.35366,1.35452,1.35262,1.35436,8500
1677225600,1.35436,1.35777,1.35412,1.35679,15541
1677240000,1.35679,1.3627500000000001,1.35625,1.36256,23405
1677254400,1.36257,1.36643,1.3606099999999999,1.36155,41725
1677268800,1.3615599999999999,1.36281,1.35961,1.3606,16976
1677456000,1.36081,1.36081,1.35914,1.35929,6585
1677470400,1.35931,1.36215,1.35916,1.36204,9332
1677484800,1.36204,1.36233,1.35863,1.35959,18906
1677499200,1.35958,1.36076,1.3557000000000001,1.35672,17794
1677513600,1.35671,1.35877,1.35332,1.35697,30706
1677528000,1.35697,1.35819,1.35647,1.35734,12914
1677542400,1.35731,1.35798,1.35638,1.3578000000000001,5510
1677556800,1.3578000000000001,1.35914,1.35706,1.3588,8108
1677571200,1.35879,1.3605,1.35757,1.35887,17257
1677585600,1.35887,1.35904,1.3559999999999999,1.35843,16557
1677600000,1.35843,1.36184,1.35744,1.36158,35071
1677614400,1.36157,1.36471,1.36106,1.36456,11189
1677628800,1.36439,1.36581,1.363,1.36328,7372
1677643200,1.36327,1.36369,1.36138,1.3618700000000001,10116
1677657600,1.36186,1.36199,1.35894,1.36036,22233
1677672000,1.3603399999999999,1.3630499999999999,1.35834,1.36303,23167
1677686400,1.3630200000000001,1.36526,1.35931,1.35988,40729
1677700800,1.35988,1.36164,1.35891,1.35903,12275
1677715200,1.35904,1.36259,1.3581400000000001,1.3608799999999999,8248
1677729600,1.36087,1.36212,1.35983,1.3615,11097
1677744000,1.36152,1.36328,1.3596300000000001,1.36098,19865
1677758400,1.36098,1.36403,1.35999,1.36298,23838
1677772800,1.36297,1.3631,1.35958,1.36238,32820
1677787200,1.36237,1.36311,1.35882,1.3595,17962
1677801600,1.35941,1.36005,1.35755,1.35831,6976
1677816000,1.35831,1.35903,1.3578999999999999,1.3585,10713
1677830400,1.35849,1.35854,1.3554300000000001,1.3562,18762
1677844800,1.35619,1.36178,1.35603,1.36148,18949
1677859200,1.36147,1.36432,1.35951,1.35967,35174
1677873600,1.35968,1.36102,1.35823,1.35947,10820
1678060800,1.3596599999999999,1.36138,1.35898,1.3603,5224
1678075200,1.3603,1.36086,1.35831,1.35954,8816
1678089600,1.35954,1.36021,1.35812,1.35991,16066
1678104000,1.35991,1.36282,1.3596300000000001,1.36162,16932
1678118400,1.36162,1.36273,1.35959,1.36079,25110
1678132800,1.3608,1.36233,1.36068,1.36105,10448
1678147200,1.36106,1.36174,1.36036,1.36048,5229
1678161600,1.36047,1.36178,1.35989,1.36105,8685
1678176000,1.36106,1.36331,1.36047,1.36308,16664
1678190400,1.36307,1.36521,1.3623,1.36484,14661
1678204800,1.36483,1.37425,1.36445,1.3734600000000001,46204
1678219200,1.3734600000000001,1.37603,1.3731200000000001,1.37527,14460
1678233600,1.37507,1.37557,1.37446,1.37539,7288
1678248000,1.3754,1.37727,1.37511,1.3761700000000001,9678
1678262400,1.3761700000000001,1.37664,1.37514,1.37581,16002
1678276800,1.37581,1.37696,1.37442,1.37634,15375
1678291200,1.37635,1.37951,1.37442,1.37945,32641
1678305600,1.37944,1.3814,1.37893,1.38012,8970
1678320000,1.37998,1.38161,1.37941,1.38114,4853
1678334400,1.38114,1.38132,1.37938,1.3798,5694
1678348800,1.37981,1.38065,1.37886,1.3805,11067
1678363200,1.38049,1.3813900000000001,1.37801,1.3780700000000001,20270
1678377600,1.37806,1.37975,1.37517,1.37933,31705
1678392000,1.37933,1.38362,1.37889,1.3827099999999999,19198
1678406400,1.38257,1.38353,1.38218,1.38336,6972
1678420800,1.38336,1.38469,1.38305,1.38399,13737
1678435200,1.384,1.3860999999999999,1.38262,1.3835,22095
1678449600,1.38352,1.38435,1.3766,1.37842,31460
1678464000,1.37842,1.38114,1.37604,1.37967,72355
1678478400,1.37965,1.38464,1.37901,1.3826100000000001,31540
1678665600,1.38033,1.38137,1.37535,1.37836,19130
1678680000,1.3783699999999999,1.37858,1.3710200000000001,1.3731,20184
1678694400,1.3731200000000001,1.37723,1.37147,1.37717,43924
1678708800,1.37718,1.38009,1.37381,1.37396,66916
1678723200,1.37397,1.37521,1.3676300000000001,1.3721700000000001,63649
1678737600,1.3721700000000001,1.37395,1.3713899999999999,1.37287,20292
1678752000,1.3731,1.37479,1.37249,1.37386,11349
1678766400,1.37387,1.37424,1.37234,1.37289,11438
1678780800,1.3729,1.37494,1.37016,1.37345,39039
1678795200,1.3734600000000001,1.3740700000000001,1.36563,1.36579,48003
1678809600,1.36577,1.36979,1.36508,1.3683100000000001,39241
1678824000,1.3683100000000001,1.3691499999999999,1.36679,1.3683100000000001,18195
1678838400,1.36821,1.36947,1.36786,1.36806,5968
1678852800,1.36805,1.36918,1.3659,1.36911,9940
1678867200,1.3691,1.37155,1.3675899999999999,1.3714,27270
1678881600,1.3714,1.37856,1.37079,1.37811,55977
1678896000,1.37811,1.38133,1.37675,1.37696,47109
1678910400,1.37694,1.37775,1.37391,1.3761999999999999,28274
1678924800,1.3761999999999999,1.3768799999999999,1.37385,1.37494,11043
1678939200,1.37493,1.37605,1.37419,1.37519,15446
1678953600,1.37517,1.3765399999999999,1.37205,1.37485,28035
1678968000,1.37483,1.37682,1.37257,1.3754,39948
1678982400,1.37537,1.3786800000000001,1.37228,1.3726099999999999,46717
1678996800,1.3726,1.37419,1.37125,1.37198,11912
1679011200,1.37191,1.37354,1.37033,1.3704399999999999,7426
1679025600,1.3704399999999999,1.37049,1.36828,1.36945,9403
1679040000,1.36945,1.37103,1.36769,1.36972,19489
1679054400,1.36971,1.37595,1.36927,1.37433,27449
1679068800,1.37436,1.37723,1.37173,1.37174,36723
1679083200,1.37174,1.37379,1.3713199999999999,1.3726099999999999,12953
1679270400,1.37008,1.37233,1.3685100000000001,1.37153,10951
1679284800,1.37151,1.3725,1.37029,1.37157,11471
1679299200,1.3715600000000001,1.3746,1.37051,1.37174,35205
1679313600,1.37174,1.37245,1.3661400000000001,1.3661400000000001,28249
1679328000,1.36609,1.3691200000000001,1.36506,1.36743,24131
1679342400,1.36743,1.36765,1.36543,1.3664100000000001,7297
1679356800,1.3664100000000001,1.36817,1.36612,1.36764,7419
1679371200,1.36765,1.36896,1.36715,1.3685800000000001,6484
1679385600,1.36859,1.3698000000000001,1.36647,1.36674,17266
1679400000,1.36674,1.36784,1.36433,1.36684,16300
1679414400,1.3667500000000001,1.37364,1.36662,1.37274,19250
1679428800,1.37273,1.37299,1.37064,1.3708,5691
1679443200,1.37097,1.37175,1.37006,1.3703699999999999,5283
1679457600,1.3703699999999999,1.37096,1.36969,1.37022,6131
1679472000,1.37022,1.37181,1.36943,1.37002,13507
1679486400,1.37002,1.37153,1.36928,1.3707799999999999,14011
1679500800,1.37079,1.37433,1.3700999999999999,1.37335,15234
1679515200,1.37332,1.37345,1.3656,1.37294,37756
1679529600,1.3722400000000001,1.37296,1.37033,1.37088,8554
1679544000,1.37089,1.37123,1.3662,1.36696,10631
1679558400,1.36695,1.36813,1.36596,1.3675,18009
1679572800,1.3675,1.36849,1.36388,1.36499,19535
1679587200,1.36496,1.36906,1.36297,1.36856,21956
1679601600,1.36856,1.37324,1.36835,1.37074,20319
1679616000,1.37074,1.37358,1.37074,1.37316,8891
1679630400,1.3731499999999999,1.37348,1.37149,1.37204,8939
1679644800,1.37205,1.37758,1.37088,1.37731,23021
1679659200,1.37732,1.38038,1.3759299999999999,1.37735,34660
1679673600,1.37734,1.37943,1.37391,1.37399,30224
1679688000,1.37398,1.3746800000000001,1.37298,1.37374,7796
1679875200,1.37299,1.3737300000000001,1.3725100000000001,1.37324,5764
1679889600,1.37325,1.37428,1.37229,1.37302,8132
1679904000,1.37303,1.37442,1.3716599999999999,1.37238,17466
1679918400,1.37239,1.37337,1.36992,1.37124,15397
1679932800,1.37123,1.37154,1.3664100000000001,1.3666,22531
1679947200,1.36658,1.36679,1.36487,1.36588,8478
1679961600,1.36591,1.36636,1.36405,1.36432,4246
1679976000,1.36433,1.3648,1.36337,1.36389,8194
1679990400,1.36391,1.36817,1.36308,1.36801,13518
1680004800,1.3679999999999999,1.36943,1.36448,1.36571,13023
1680019200,1.3657,1.36664,1.3603,1.3604,16762
1680033600,1.36039,1.36175,1.35908,1.35968,6081
1680048000,1.3597000000000001,1.36006,1.35884,1.3590900000000001,4469
1680062400,1.35908,1.36045,1.35866,1.36002,6980
1680076800,1.35999,1.36158,1.35984,1.36057,12440
1680091200,1.36057,1.3606500000000001,1.35707,1.35862,11954
1680105600,1.35862,1.36039,1.35585,1.35731,17404
1680120000,1.35732,1.35765,1.35554,1.35556,7461
1680134400,1.35554,1.35704,1.35554,1.35684,3662
1680148800,1.35683,1.35801,1.3565800000000001,1.3566500000000001,7163
1680163200,1.35664,1.35677,1.35324,1.35345,14382
1680177600,1.35344,1.35556,1.35293,1.35402,12734
1680192000,1.35402,1.35449,1.3523399999999999,1.35276,14681
1680206400,1.35277,1.35406,1.3515,1.35208,6360
1680220800,1.35202,1.35246,1.35161,1.35185,3804
1680235200,1.35186,1.35263,1.35067,1.3525,6353
1680249600,1.3525,1.35637,1.35241,1.35549,15390
1680264000,1.35547,1.3558,1.35315,1.3545099999999999,13433
1680278400,1.3545,1.35453,1.35198,1.35214,17959
1680292800,1.35214,1.3541,1.35115,1.35118,8380
1680480000,1.34896,1.35236,1.34872,1.35032,9377
1680494400,1.35032,1.35246,1.35013,1.3523800000000001,9539
1680508800,1.35239,1.35358,1.34857,1.34904,14548
1680523200,1.34903,1.34906,1.34463,1.34703,15103
1680537600,1.34702,1.34728,1.34211,1.34232,22870
1680552000,1.34233,1.34374,1.34106,1.34369,9791
1680566400,1.34335,1.34369,1.34186,1.34315,3634
1680580800,1.3431600000000001,1.3443399999999999,1.34254,1.34335,9219
1680595200,1.34335,1.34413,1.34143,1.34231,15940
1680609600,1.34232,1.34552,1.34098,1.3450199999999999,15640
1680624000,1.34503,1.34666,1.34053,1.34552,26648
1680638400,1.34551,1.34589,1.34432,1.3443800000000001,8223
1680652800,1.34429,1.34449,1.3425099999999999,1.34361,3685
1680667200,1.34361,1.3449200000000001,1.34246,1.34461,7770
1680681600,1.34461,1.34754,1.34435,1.3471,14685
1680696000,1.3471,1.34821,1.3444099999999999,1.34482,16826
1680710400,1.34481,1.3479999999999999,1.34226,1.3474300000000001,22348
1680724800,1.34744,1.34788,1.34519,1.34557,6856
1680739200,1.3455,1.3465799999999999,1.3446,1.3464800000000001,3106
1680753600,1.3464800000000001,1.34885,1.34647,1.3485800000000001,7475
1680768000,1.3485800000000001,1.34878,1.34574,1.34784,12693
1680782400,1.34784,1.34884,1.34573,1.34781,12582
1680796800,1.34781,1.35049,1.34625,1.34744,20405
1680811200,1.3474300000000001,1.34904,1.3466,1.3489200000000001,7044
1680825600,1.3486,1.34973,1.34728,1.3492,1559
1680840000,1.3492,1.34933,1.34852,1.34875,2968
1680854400,1.34875,1.35126,1.34847,1.35089,3134
1680868800,1.35089,1.35293,1.34982,1.35064,7251
1680883200,1.35063,1.35171,1.34971,1.35088,8376
1680897600,1.3508499999999999,1.35183,1.34975,1.3508,9600
1681084800,1.3514599999999999,1.35165,1.34982,1.35095,4541
1681099200,1.35096,1.35152,1.3505,1.35137,4833
1681113600,1.35138,1.35187,1.34884,1.3497,7657
1681128000,1.34969,1.35456,1.3484,1.35434,11195
1681142400,1.35433,1.35528,1.3523100000000001,1.35257,14621
1681156800,1.35256,1.35278,1.3501400000000001,1.35059,6614
1681171200,1.35061,1.3507799999999999,1.34968,1.35013,3019
1681185600,1.35013,1.35121,1.34883,1.34946,8513
1681200000,1.34946,1.35052,1.34806,1.34993,12933
1681214400,1.34992,1.35133,1.34914,1.35052,13160
1681228800,1.3505099999999999,1.35154,1.34683,1.34835,16308
1681243200,1.34836,1.34864,1.3461400000000001,1.34643,5846
1681257600,1.34641,1.34693,1.3458,1.34604,3215
1681272000,1.34605,1.34652,1.34514,1.34545,5774
1681286400,1.34544,1.34698,1.34482,1.34668,10796
1681300800,1.3467,1.34884,1.34318,1.34522,16054
1681315200,1.34523,1.34779,1.34324,1.34333,29328
1681329600,1.34332,1.3445,1.34273,1.34401,12283
1681344000,1.34392,1.34473,1.3434,1.34388,4092
1681358400,1.34388,1.34459,1.34269,1.34275,7507
1681372800,1.34276,1.34382,1.3397999999999999,1.34044,12739
1681387200,1.34044,1.34061,1.33862,1.3391,14888
1681401600,1.3390900000000001,1.33928,1.33423,1.33439,18825
1681416000,1.33439,1.33467,1.33323,1.3338,7168
1681430400,1.3336999999999999,1.33426,1.33266,1.3332899999999999,3919
1681444800,1.3333,1.33339,1.33165,1.33222,6494
1681459200,1.33222,1.33331,1.33162,1.33269,11658
1681473600,1.3326799999999999,1.33488,1.3299400000000001,1.33391,18435
1681488000,1.33393,1.3394599999999999,1.3324099999999999,1.33862,28669
1681502400,1.33861,1.33875,1.33569,1.33569,10174
1681689600,1.33564,1.33722,1.3354599999999999,1.33722,3226
1681704000,1.3372,1.33752,1.33563,1.33566,6428
1681718400,1.33567,1.33678,1.33417,1.33633,12329
1681732800,1.33633,1.33871,1.33562,1.33859,14560
1681747200,1.3385799999999999,1.34191,1.3383099999999999,1.34036,23617
1681761600,1.34037,1.34071,1.33898,1.33904,6725
1681776000,1.33906,1.33954,1.33796,1.3391899999999999,2293
1681790400,1.3391899999999999,1.33958,1.33785,1.33868,7793
1681804800,1.33868,1.33893,1.33624,1.33659,12672
1681819200,1.33657,1.33876,1.33587,1.3378999999999999,15407
1681833600,1.3378999999999999,1.33964,1.3369,1.33845,23070
1681848000,1.33844,1.33985,1.3382399999999999,1.33875,8192
1681862400,1.33874,1.33927,1.33835,1.33861,2826
1681876800,1.33864,1.34042,1.33841,1.33963,6545
1681891200,1.33962,1.34244,1.3394,1.34213,16840
1681905600,1.34211,1.34528,1.34169,1.34369,15158
1681920000,1.3437000000000001,1.34558,1.34214,1.34443,14286
1681934400,1.34442,1.34662,1.34416,1.34578,6421
1681948800,1.34569,1.34703,1.34494,1.3461,3643
1681963200,1.34611,1.34723,1.34574,1.3469,6006
1681977600,1.34689,1.34754,1.34505,1.34722,12191
1681992000,1.34722,1.34886,1.34625,1.34695,13969
1682006400,1.34695,1.34835,1.34476,1.34618,17775
1682020800,1.34618,1.34823,1.34593,1.34756,7008
1682035200,1.34735,1.3484,1.34691,1.34747,2736
1682049600,1.3474599999999999,1.35025,1.34741,1.35013,6312
1682064000,1.35012,1.35331,1.34985,1.35165,12162
1682078400,1.35164,1.35365,1.3513,1.35286,11719
1682092800,1.35285,1.35623,1.35224,1.3541400000000001,20898
1682107200,1.3541400000000001,1.3549,1.35345,1.35389,5402
1682294400,1.35264,1.35463,1.35264,1.35398,3525
1682308800,1.35399,1.35561,1.35368,1.35551,7809
1682323200,1.35552,1.35663,1.353,1.35302,11789
1682337600,1.35302,1.35495,1.35218,1.35343,11769
1682352000,1.35343,1.35554,1.35242,1.35405,17121
1682366400,1.35404,1.3547500000000001,1.35332,1.3541,6743
1682380800,1.35404,1.35408,1.35275,1.35314,3521
1682395200,1.35313,1.355,1.3523800000000001,1.35469,6998
1682409600,1.35469,1.35886,1.35435,1.35662,12873
1682424000,1.3566099999999999,1.36006,1.35642,1.35855,12696
1682438400,1.35856,1.36364,1.35836,1.36327,18609
1682452800,1.36327,1.3647,1.36238,1.3625099999999999,9872
1682467200,1.36249,1.3626,1.36161,1.36225,4580
1682481600,1.36225,1.36413,1.36213,1.36324,9806
1682496000,1.36323,1.36353,1.36135,1.36228,15875
1682510400,1.36228,1.36368,1.36075,1.36256,19074
1682524800,1.36256,1.36349,1.35984,1.36128,24498
1682539200,1.36128,1.365,1.3608799999999999,1.36351,10313
1682553600,1.3635,1.36388,1.36242,1.36358,4147
1682568000,1.36357,1.36444,1.3630900000000001,1.3631,7686
1682582400,1.3631,1.36377,1.3614899999999999,1.3627099999999999,15815
1682596800,1.3627099999999999,1.3639299999999999,1.36113,1.36228,14060
1682611200,1.36227,1.36389,1.35901,1.36148,20781
1682625600,1.36147,1.36162,1.35884,1.35914,6657
1682640000,1.35915,1.36062,1.3587099999999999,1.36013,5145
1682654400,1.36014,1.36084,1.35933,1.36079,9200
1682668800,1.36079,1.3664399999999999,1.36011,1.36598,17437
1682683200,1.36599,1.3667,1.36327,1.3637299999999999,16725
1682697600,1.36374,1.36444,1.35501,1.35515,25224
1682712000,1.35515,1.35567,1.35351,1.3542,8008
1682899200,1.35331,1.3563399999999999,1.35331,1.35547,4921
1682913600,1.35547,1.3560699999999999,1.3547500000000001,1.35531,6209
1682928000,1.35531,1.35691,1.35489,1.35691,9981
1682942400,1.3569,1.35823,1.35528,1.35534,11190
1682956800,1.35532,1.35637,1.3529499999999999,1.35314,19842
1682971200,1.35314,1.3550200000000001,1.35298,1.35428,7634
1682985600,1.35423,1.35555,1.35331,1.35526,3906
1683000000,1.35526,1.35527,1.35304,1.35355,9321
1683014400,1.35355,1.35752,1.35274,1.35675,15641
1683028800,1.35675,1.36003,1.35642,1.36003,12971
1683043200,1.36005,1.36368,1.35877,1.36296,25303
1683057600,1.36295,1.36325,1.36166,1.3624,8519
1683072000,1.36233,1.3630200000000001,1.3614899999999999,1.36206,3827
1683086400,1.36205,1.36247,1.36075,1.36142,6434
1683100800,1.36141,1.36259,1.36019,1.3618999999999999,13220
1683115200,1.36191,1.36387,1.3611900000000001,1.36354,15043
1683129600,1.36355,1.36368,1.3596599999999999,1.3600400000000001,20953
1683144000,1.36003,1.36262,1.35807,1.3614899999999999,30903
1683158400,1.3614600000000001,1.36318,1.35991,1.36235,7725
1683172800,1.36234,1.36283,1.35822,1.35858,10386
1683187200,1.3586,1.36176,1.35815,1.36166,17313
1683201600,1.36164,1.3622,1.35935,1.3604,18934
1683216000,1.36042,1.36093,1.35395,1.35395,30618
1683230400,1.35395,1.35447,1.35184,1.35365,14163
1683244800,1.35358,1.3538700000000001,1.35183,1.35215,5129
1683259200,1.35214,1.35253,1.35043,1.35057,8457
1683273600,1.35058,1.35145,1.34894,1.34982,15447
1683288000,1.3498299999999999,1.35128,1.34706,1.3472,19649
1683302400,1.34721,1.34826,1.34043,1.34045,25186
1683316800,1.34045,1.34108,1.33705,1.33741,8285
1683504000,1.3376299999999999,1.33866,1.33693,1.33814,5294
1683518400,1.33815,1.3385,1.33673,1.33692,7465
1683532800,1.33693,1.33732,1.33478,1.33505,10016
1683547200,1.33505,1.3354,1.33212,1.3324099999999999,9405
1683561600,1.3324099999999999,1.33629,1.33141,1.3357700000000001,12259
1683576000,1.3357700000000001,1.33826,1.33569,1.33722,7786
1683590400,1.33703,1.33753,1.33621,1.33728,3799
1683604800,1.3372899999999999,1.33755,1.33644,1.33677,6787
1683619200,1.33677,1.33843,1.33654,1.33744,11508
1683633600,1.33745,1.33967,1.3366799999999999,1.33961,10609
1683648000,1.33961,1.34052,1.33853,1.33917,12937
1683662400,1.33917,1.33918,1.33715,1.3385099999999999,5570
1683676800,1.33847,1.3385799999999999,1.3373300000000001,1.33781,3160
1683691200,1.3378,1.3384,1.3373300000000001,1.33817,6529
1683705600,1.33818,1.33966,1.33685,1.33926,13558
1683720000,1.33925,1.33961,1.33339,1.33391,15876
1683734400,1.33393,1.3383,1.33352,1.33816,24138
1683748800,1.33815,1.34139,1.3369900000000001,1.3370199999999999,11061
1683763200,1.33694,1.33742,1.3364500000000001,1.33667,3608
1683777600,1.33667,1.33849,1.33622,1.3379699999999999,8944
1683792000,1.33796,1.34193,1.33747,1.34088,15523
1683806400,1.34089,1.34387,1.33954,1.3437299999999999,20579
1683820800,1.34376,1.34937,1.34374,1.34824,23084
1683835200,1.34823,1.34946,1.34815,1.34872,6821
1683849600,1.34873,1.34951,1.34769,1.3485800000000001,2953
1683864000,1.3485800000000001,1.3491900000000001,1.34821,1.3483399999999999,7301
1683878400,1.34833,1.34996,1.34788,1.3489499999999999,14660
1683892800,1.34894,1.35056,1.34824,1.34968,10039
1683907200,1.34969,1.35591,1.3483399999999999,1.35559,19130
1683921600,1.3556,1.35645,1.35434,1.35548,7910
1684108800,1.35343,1.35667,1.35343,1.35609,4265
1684123200,1.35609,1.35622,1.35443,1.35443,8409
1684137600,1.35443,1.35461,1.35045,1.35162,14540
1684152000,1.35161,1.35205,1.34951,1.35057,14030
1684166400,1.35055,1.35174,1.3458700000000001,1.34603,17287
1684180800,1.34604,1.3474300000000001,1.34583,1.3465799999999999,7918
1684195200,1.3465099999999999,1.34688,1.34607,1.34622,3353
1684209600,1.34622,1.34812,1.3461,1.3467799999999999,7159
1684224000,1.3468,1.34928,1.34488,1.34551,13029
1684238400,1.3455,1.34686,1.34139,1.34162,15570
1684252800,1.34162,1.34706,1.3403399999999999,1.34607,24519
1684267200,1.34607,1.34821,1.34593,1.34784,6871
1684281600,1.34733,1.34795,1.34566,1.34728,4050
1684296000,1.34727,1.34842,1.34616,1.34765,9177
1684310400,1.34765,1.35352,1.34765,1.35063,16742
1684324800,1.35062,1.35111,1.34654,1.34697,13664
1684339200,1.34697,1.35009,1.34414,1.3446799999999999,21015
1684353600,1.34469,1.3456299999999999,1.34363,1.34541,9443
1684368000,1.34536,1.3467500000000001,1.34442,1.34612,3552
1684382400,1.34613,1.3471199999999999,1.34513,1.3468,8551
1684396800,1.34679,1.34792,1.3461,1.3475,12941
1684411200,1.3475,1.34845,1.34627,1.34815,13720
1684425600,1.34815,1.35212,1.34752,1.35186,22877
1684440000,1.35186,1.35237,1.34945,1.34995,8055
1684454400,1.34993,1.35042,1.3485800000000001,1.34958,5147
1684468800,1.34958,1.35119,1.34843,1.34949,10864
1684483200,1.3495,1.34969,1.3472,1.34752,14405
1684497600,1.34752,1.34938,1.34688,1.34702,15246
1684512000,1.34702,1.35226,1.34679,1.34972,29223
1684526400,1.34971,1.35176,1.3492600000000001,1.34967,8707
1684713600,1.3498299999999999,1.35033,1.3487,1.34886,4608
1684728000,1.34886,1.35018,1.34844,1.3496299999999999,11912
1684742400,1.34964,1.35167,1.34924,1.34924,14502
1684756800,1.34925,1.35129,1.3489499999999999,1.35037,13281
1684771200,1.35036,1.3518,1.34964,1.35076,18534
1684785600,1.3507799999999999,1.35106,1.3501,1.35046,6848
1684800000,1.35033,1.35068,1.34916,1.34958,3492
1684814400,1.34958,1.34995,1.34847,1.34974,7693
1684828800,1.34974,1.35352,1.34869,1.35291,14510
1684843200,1.35294,1.3547799999999999,1.3497,1.3505,13777
1684857600,1.3504800000000001,1.35193,1.34836,1.3504399999999999,22781
1684872000,1.35043,1.35111,1.34913,1.35016,8995
1684886400,1.35013,1.35043,1.3492600000000001,1.34986,2679
1684900800,1.34986,1.35098,1.34948,1.35008,9847
1684915200,1.35008,1.35468,1.34962,1.35384,16521
1684929600,1.35385,1.35583,1.3531,1.3544100000000001,12976
1684944000,1.3544,1.36017,1.35392,1.35928,20656
1684958400,1.35927,1.36046,1.35828,1.35925,10779
1684972800,1.3592,1.36001,1.35854,1.3596300000000001,3794
1684987200,1.35964,1.3611900000000001,1.35913,1.36075,8090
1685001600,1.36076,1.3612,1.35892,1.35949,14988
1685016000,1.3595,1.36104,1.35855,1.36063,15275
1685030400,1.36064,1.3644,1.35994,1.3637000000000001,21550
1685044800,1.36371,1.3643399999999999,1.3618999999999999,1.36417,8061
1685059200,1.36398,1.36537,1.36338,1.36496,3150
1685073600,1.3649499999999999,1.36523,1.3631199999999999,1.36337,7039
1685088000,1.3633600000000001,1.36409,1.3611900000000001,1.3627500000000001,13301
1685102400,1.36274,1.36331,1.35999,1.3627099999999999,15012
1685116800,1.3627099999999999,1.36456,1.36113,1.36178,22659
1685131200,1.36178,1.36276,1.36106,1.36148,5701
1685318400,1.3606500000000001,1.3615,1.35994,1.36069,2312
1685332800,1.36069,1.36106,1.3594300000000001,1.35976,5703
1685347200,1.35976,1.36009,1.3583,1.35897,8912
1685361600,1.35896,1.36097,1.35854,1.36069,6418
1685376000,1.36068,1.36112,1.35822,1.35839,6262
1685390400,1.35839,1.35937,1.3583,1.3589,1148
1685404800,1.35881,1.36037,1.3584,1.35865,3104
1685419200,1.35863,1.3606500000000001,1.35667,1.35952,8398
1685433600,1.35953,1.36068,1.3578299999999999,1.35839,16398
1685448000,1.3584,1.35935,1.35662,1.35897,16069
1685462400,1.35897,1.36125,1.3584,1.35922,20499
1685476800,1.35923,1.36121,1.35923,1.35974,7841
1685491200,1.35979,1.36071,1.35957,1.36045,2466
1685505600,1.36045,1.36405,1.3603399999999999,1.36388,6915
1685520000,1.36389,1.36487,1.36246,1.36429,14754
1685534400,1.36429,1.36503,1.36291,1.36378,11733
1685548800,1.36378,1.3642699999999999,1.3572,1.36035,26966
1685563200,1.3603399999999999,1.3609499999999999,1.35684,1.357,10182
1685577600,1.35693,1.35774,1.35623,1.35766,3309
1685592000,1.35766,1.35819,1.35598,1.3565800000000001,8321
1685606400,1.35657,1.35843,1.35638,1.35757,11430
1685620800,1.35758,1.35779,1.35334,1.35362,9417
1685635200,1.3536299999999999,1.35487,1.34358,1.34395,17399
1685649600,1.34395,1.34576,1.34372,1.34482,5267
1685664000,1.34467,1.34494,1.34393,1.34479,2145
1685678400,1.34478,1.34489,1.3427,1.34342,4162
1685692800,1.3434300000000001,1.34375,1.34059,1.34104,7085
1685707200,1.34104,1.34436,1.3406799999999999,1.34284,10339
1685721600,1.34284,1.3450199999999999,1.34114,1.3440400000000001,15771
1685736000,1.34403,1.34467,1.34212,1.3428200000000001,4417
1685923200,1.3413300000000001,1.34329,1.3413300000000001,1.34291,2624
1685937600,1.34292,1.34399,1.34218,1.34375,5641
1685952000,1.34376,1.3442,1.34218,1.34354,7754
1685966400,1.34354,1.3451,1.34326,1.34363,5735
1685980800,1.34363,1.34608,1.3416299999999999,1.34185,12886
1685995200,1.34185,1.34452,1.34182,1.3443100000000001,4143
1686009600,1.34433,1.3449499999999999,1.3431,1.34406,1704
1686024000,1.34405,1.34412,1.34123,1.3413,5614
1686038400,1.3412899999999999,1.34257,1.3388900000000001,1.34245,9272
1686052800,1.34243,1.34393,1.3414,1.34359,7606
1686067200,1.34361,1.34513,1.34003,1.34085,10967
1686081600,1.34086,1.34169,1.33988,1.34001,4246
1686096000,1.34,1.34022,1.33872,1.33911,2362
1686110400,1.33911,1.3410199999999999,1.33871,1.34032,5279
1686124800,1.34032,1.34257,1.33869,1.33877,6981
1686139200,1.33877,1.34114,1.33745,1.34005,8262
1686153600,1.34008,1.341,1.33201,1.3367,19796
1686168000,1.3367,1.33917,1.33667,1.33703,5490
1686182400,1.33694,1.33746,1.33561,1.33594,2863
1686196800,1.33595,1.33671,1.33497,1.33616,5946
1686211200,1.33615,1.3364500000000001,1.33332,1.3334,8273
1686225600,1.33339,1.33636,1.33339,1.33521,9594
1686240000,1.33522,1.33869,1.33444,1.33522,15926
1686254400,1.33522,1.3363,1.3348499999999999,1.33547,5014
1686268800,1.33539,1.33676,1.33504,1.3367499999999999,2882
1686283200,1.33674,1.3370199999999999,1.3360400000000001,1.3367,4462
1686297600,1.3367,1.33688,1.33314,1.3335,8138
1686312000,1.33349,1.33626,1.33158,1.33536,9296
1686326400,1.33536,1.33682,1.33122,1.33447,14420
1686340800,1.33447,1.33537,1.3338,1.3338,4884
1686528000,1.33318,1.33463,1.33318,1.3341,2236
1686542400,1.33413,1.3357299999999999,1.33413,1.33527,4173
1686556800,1.33526,1.33528,1.33157,1.33161,7206
1686571200,1.3316,1.33425,1.33141,1.33382,8592
1686585600,1.3338,1.3382800000000001,1.33372,1.33795,11959
1686600000,1.3379400000000001,1.3382399999999999,1.33625,1.3363800000000001,4511
1686614400,1.33646,1.3369,1.33593,1.33656,1922
1686628800,1.33656,1.33775,1.33539,1.33621,5369
1686643200,1.33621,1.33681,1.33407,1.33507,8869
1686657600,1.33506,1.3357999999999999,1.33168,1.33247,12360
1686672000,1.33247,1.33341,1.32852,1.32894,17735
1686686400,1.32894,1.3316,1.32876,1.33118,5744
1686700800,1.33115,1.33185,1.33094,1.33138,1989
1686715200,1.33137,1.33154,1.33034,1.33079,4003
1686729600,1.33079,1.33172,1.3284,1.32883,7084
1686744000,1.32883,1.33071,1.3284500000000001,1.33054,8234
1686758400,1.3305500000000001,1.3306200000000001,1.32712,1.32795,10605
1686772800,1.32797,1.3352,1.32797,1.33231,22236
1686787200,1.33222,1.33315,1.33193,1.33308,2042
1686801600,1.33308,1.33536,1.33301,1.3338999999999999,6091
1686816000,1.33389,1.33502,1.33191,1.3326799999999999,7982
1686830400,1.3326799999999999,1.3338999999999999,1.3318699999999999,1.33254,10091
1686844800,1.33254,1.33257,1.32272,1.32329,13421
1686859200,1.32331,1.32354,1.3209,1.3219,5677
1686873600,1.32177,1.32271,1.32129,1.3226200000000001,2566
1686888000,1.32261,1.3238400000000001,1.32209,1.32339,5727
1686902400,1.32338,1.32371,1.32108,1.32205,8872
1686916800,1.32203,1.32324,1.32022,1.32149,7873
1686931200,1.32149,1.32202,1.31876,1.31922,15881
1686945600,1.31921,1.32009,1.31768,1.3195700000000001,6423
1687132800,1.31813,1.32116,1.31811,1.32099,2424
1687147200,1.32098,1.32278,1.32062,1.3216999999999999,4661
1687161600,1.32169,1.32181,1.31784,1.31941,7498
1687176000,1.31942,1.32087,1.31861,1.31905,5867
1687190400,1.31907,1.32158,1.31846,1.3214299999999999,5495
1687204800,1.32141,1.32175,1.32073,1.32073,1063
1687219200,1.32087,1.32117,1.32046,1.3207900000000001,2964
1687233600,1.32081,1.32308,1.32059,1.32291,6291
1687248000,1.32291,1.32382,1.3208199999999999,1.32169,9618
1687262400,1.32168,1.32458,1.32096,1.32347,9622
1687276800,1.32347,1.32688,1.32249,1.32364,16957
1687291200,1.32364,1.32395,1.32232,1.32321,6788
1687305600,1.3232300000000001,1.32335,1.32195,1.32272,2477
1687320000,1.32272,1.32297,1.32083,1.32119,7052
1687334400,1.3212,1.3244799999999999,1.32103,1.3232599999999999,10354
1687348800,1.32325,1.32365,1.32058,1.32116,10590
1687363200,1.32117,1.32203,1.31659,1.31677,18735
1687377600,1.31676,1.31719,1.31563,1.31623,6049
1687392000,1.31622,1.31653,1.31544,1.31546,2662
1687406400,1.31547,1.31642,1.31503,1.3164,4601
1687420800,1.31641,1.31673,1.3138,1.31457,10407
1687435200,1.31457,1.31692,1.31402,1.3163,10757
1687449600,1.3163,1.31783,1.31493,1.31555,16521
1687464000,1.31555,1.31669,1.3144,1.31501,6239
1687478400,1.31493,1.31527,1.31421,1.31439,2754
1687492800,1.3143799999999999,1.31942,1.3143500000000001,1.31905,7623
1687507200,1.31904,1.32058,1.31753,1.32044,11154
1687521600,1.3204500000000001,1.32251,1.31951,1.32162,8814
1687536000,1.32162,1.32189,1.3183500000000001,1.31975,16011
1687550400,1.31975,1.32013,1.31779,1.3179,5695
1687737600,1.31787,1.31795,1.31602,1.31658,2972
1687752000,1.31657,1.31722,1.3152599999999999,1.31615,6363
1687766400,1.31615,1.31689,1.31379,1.3167499999999999,9957
1687780800,1.31677,1.31699,1.31351,1.31535,7408
1687795200,1.31537,1.31762,1.31385,1.31449,12311
1687809600,1.3145,1.31552,1.31378,1.31535,5481
1687824000,1.31518,1.31543,1.31447,1.31522,2877
1687838400,1.31522,1.31538,1.31207,1.31294,7170
1687852800,1.31294,1.31381,1.3115700000000001,1.31365,8130
1687867200,1.31366,1.31763,1.31365,1.31608,9458
1687881600,1.31607,1.31886,1.31516,1.31834,17027
1687896000,1.31836,1.31903,1.31741,1.31893,4555
1687910400,1.31893,1.32028,1.31884,1.32007,2829
1687924800,1.32007,1.32164,1.31976,1.32153,7038
1687939200,1.32154,1.32338,1.32044,1.32208,9176
1687953600,1.32208,1.3275000000000001,1.3210899999999999,1.32713,9321
1687968000,1.32714,1.32756,1.3239,1.32484,18102
1687982400,1.32484,1.32578,1.32453,1.32562,4962
1687996800,1.32557,1.32588,1.32485,1.32513,2232
1688011200,1.32512,1.32748,1.3242099999999999,1.32721,6736
1688025600,1.32721,1.3277999999999999,1.32586,1.3263,8506
1688040000,1.32629,1.3284500000000001,1.3252,1.32769,8981
1688054400,1.32767,1.3284,1.32394,1.32492,16582
1688068800,1.32493,1.32576,1.32383,1.3253300000000001,5176
1688083200,1.32508,1.32576,1.3241800000000001,1.3254000000000001,2238
1688097600,1.3254000000000001,1.326,1.324,1.3245,5947
1688112000,1.32449,1.32676,1.32416,1.32568,7331
1688126400,1.3256700000000001,1.3284099999999999,1.3249900000000001,1.32682,9012
1688140800,1.32683,1.32702,1.32057,1.32282,18123
1688155200,1.32281,1.32498,1.3219400000000001,1.32456,4586
1688342400,1.32363,1.3256700000000001,1.3235299999999999,1.32554,1787
1688356800,1.32554,1.32565,1.32374,1.32391,4637
1688371200,1.32391,1.32724,1.32391,1.32645,8104
1688385600,1.32646,1.3268,1.32435,1.3250600000000001,7217
1688400000,1.32507,1.32614,1.32291,1.3250199999999999,10962
1688414400,1.3250199999999999,1.32552,1.32468,1.3249,1344
1688428800,1.32476,1.32493,1.32427,1.32481,1509
1688443200,1.3248,1.32558,1.32428,1.32511,5133
1688457600,1.32512,1.32546,1.32283,1.32368,6453
1688472000,1.32366,1.3239,1.32056,1.32057,4816
1688486400,1.32058,1.32233,1.32022,1.32185,5068
1688500800,1.32184,1.32266,1.32166,1.32219,1243
1688515200,1.32217,1.32242,1.32179,1.32214,1793
1688529600,1.32213,1.32354,1.32203,1.3235299999999999,3980
1688544000,1.3235299999999999,1.3272599999999999,1.32252,1.32718,8667
1688558400,1.32718,1.32922,1.32625,1.32775,8309
1688572800,1.32775,1.32796,1.3242,1.32731,14480
1688587200,1.3273,1.32853,1.3267,1.3281100000000001,5373
1688601600,1.32801,1.32886,1.32768,1.32871,1981
1688616000,1.32871,1.33053,1.32786,1.32945,5682
1688630400,1.32944,1.33048,1.32809,1.32957,9676
1688644800,1.32959,1.33285,1.32742,1.33197,11181
1688659200,1.33196,1.33688,1.33023,1.33591,19166
1688673600,1.3359,1.33712,1.33533,1.33687,5034
1688688000,1.33666,1.33725,1.33562,1.33684,2169
1688702400,1.33683,1.33683,1.33586,1.33631,4180
1688716800,1.3363,1.3385799999999999,1.3357299999999999,1.33738,8329
1688731200,1.3373599999999999,1.33744,1.33162,1.33321,11080
1688745600,1.33323,1.33475,1.32668,1.32675,18419
1688760000,1.32676,1.32796,1.32651,1.3276,4222
1688947200,1.32667,1.32854,1.32667,1.32829,2557
1688961600,1.32828,1.3294000000000001,1.32718,1.32917,5616
1688976000,1.32919,1.33022,1.32732,1.32785,8586
1688990400,1.32785,1.33013,1.32774,1.32995,13982
1689004800,1.3299400000000001,1.33035,1.32676,1.32856,21184
1689019200,1.32856,1.32883,1.32731,1.32786,7941
1689033600,1.32781,1.32794,1.32637,1.32647,2299
1689048000,1.32647,1.32709,1.32524,1.32627,7689
1689062400,1.32627,1.32799,1.32443,1.32761,14059
1689076800,1.3276,1.32853,1.32616,1.32819,14927
1689091200,1.32816,1.32887,1.32446,1.3247900000000001,17074
1689105600,1.3248,1.32557,1.32297,1.323,6536
1689120000,1.32297,1.3231600000000001,1.32149,1.32179,2830
1689134400,1.3218,1.32186,1.31989,1.3204099999999999,7451
1689148800,1.32042,1.3227,1.32031,1.3211,10064
1689163200,1.3211,1.32317,1.31954,1.32216,16793
1689177600,1.32216,1.32331,1.3142800000000001,1.3188,23594
1689192000,1.31878,1.3198699999999999,1.31811,1.31849,8072
1689206400,1.31829,1.31879,1.31744,1.31852,2472
1689220800,1.31853,1.31939,1.3165499999999999,1.3176,9134
1689235200,1.31759,1.3185,1.31516,1.3159399999999999,14434
1689249600,1.3159399999999999,1.31742,1.31494,1.31581,16637
1689264000,1.31582,1.31745,1.3106,1.31185,21127
1689278400,1.3118400000000001,1.31263,1.31029,1.3109,7770
1689292800,1.31082,1.31144,1.31063,1.31121,3445
1689307200,1.31122,1.31147,1.30915,1.30982,6663
1689321600,1.30983,1.3137699999999999,1.3097699999999999,1.31192,10364
1689336000,1.3119,1.31283,1.31056,1.31161,11802
1689350400,1.31162,1.32195,1.31144,1.32149,19791
1689364800,1.32149,1.32259,1.32028,1.32169,6142
1689552000,1.32063,1.32313,1.32061,1.3223500000000001,2016
1689566400,1.32234,1.32314,1.32183,1.32189,4410
1689580800,1.32188,1.32244,1.3210899999999999,1.3219400000000001,8275
1689595200,1.3219400000000001,1.32234,1.32037,1.32096,12595
1689609600,1.32095,1.32151,1.316,1.31755,16770
1689624000,1.31756,1.3202099999999999,1.31748,1.31981,4481
1689638400,1.3197,1.32036,1.31815,1.31969,1942
1689652800,1.31968,1.3201100000000001,1.3183799999999999,1.31894,5149
1689667200,1.31895,1.32125,1.3183500000000001,1.32118,8691
1689681600,1.32118,1.32251,1.31841,1.3219699999999999,13618
1689696000,1.3219699999999999,1.32425,1.31664,1.3187,23837
1689710400,1.31871,1.31934,1.31668,1.3167200000000001,6170
1689724800,1.3167,1.31721,1.31612,1.31685,2263
1689739200,1.31686,1.31788,1.3164799999999999,1.31761,5653
1689753600,1.31762,1.31839,1.31622,1.31719,11307
1689768000,1.3172,1.31925,1.31656,1.31813,13351
1689782400,1.31813,1.3186200000000001,1.31545,1.31717,22444
1689796800,1.31718,1.31748,1.31572,1.31638,8222
1689811200,1.31627,1.3167200000000001,1.31521,1.31556,2268
1689825600,1.31556,1.31563,1.31322,1.31444,7850
1689840000,1.31444,1.31556,1.31224,1.31232,9298
1689854400,1.31233,1.3152300000000001,1.31186,1.31482,12481
1689868800,1.31478,1.31936,1.31443,1.3179400000000001,23632
1689883200,1.31793,1.31817,1.31642,1.3171599999999999,7362
1689897600,1.31708,1.31772,1.3166,1.31692,2616
1689912000,1.31692,1.31787,1.3161100000000001,1.31673,7432
1689926400,1.3167200000000001,1.31815,1.3152300000000001,1.3176700000000001,9787
1689940800,1.31768,1.32103,1.3153000000000001,1.32096,12907
1689955200,1.32097,1.32257,1.31962,1.3210899999999999,16897
1689969600,1.3211,1.3222,1.32037,1.32214,6266
1690156800,1.3214299999999999,1.32263,1.32043,1.32168,1894
1690171200,1.3216700000000001,1.3228,1.3214000000000001,1.32169,7160
1690185600,1.32169,1.32207,1.31948,1.31994,11911
1690200000,1.31994,1.3204099999999999,1.31811,1.31939,11562
1690214400,1.31939,1.32032,1.31515,1.3153299999999999,23821
1690228800,1.31534,1.3173300000000001,1.31494,1.3168,6979
1690243200,1.31662,1.3176700000000001,1.31631,1.31704,2393
1690257600,1.31705,1.3170899999999999,1.31521,1.31623,5483
1690272000,1.31624,1.31686,1.31461,1.31616,11023
1690286400,1.31616,1.31933,1.3161,1.3185799999999999,9536
1690300800,1.3185799999999999,1.32086,1.31754,1.31864,17041
1690315200,1.31864,1.31883,1.31657,1.31722,6657
1690329600,1.31701,1.31893,1.31653,1.31885,2343
1690344000,1.31885,1.32016,1.31816,1.319,5727
1690358400,1.31901,1.31992,1.3171,1.31965,10771
1690372800,1.31966,1.32349,1.31952,1.3231,10922
1690387200,1.3231,1.32342,1.31979,1.32218,22554
1690401600,1.32217,1.3237,1.31921,1.3204500000000001,23440
1690416000,1.3204799999999999,1.32101,1.31859,1.31861,2710
1690430400,1.3186,1.31872,1.31623,1.3170899999999999,8071
1690444800,1.31708,1.3186200000000001,1.3161399999999999,1.31628,11162
1690459200,1.31627,1.3186499999999999,1.31572,1.31738,16889
1690473600,1.31738,1.32,1.3173300000000001,1.31901,21847
1690488000,1.319,1.32425,1.31837,1.32242,13849
1690502400,1.32229,1.32322,1.3214299999999999,1.3231899999999999,2902
1690516800,1.3231899999999999,1.3247900000000001,1.32198,1.32398,11183
1690531200,1.32399,1.32469,1.32175,1.32402,12374
1690545600,1.32403,1.3242099999999999,1.31997,1.32169,14047
1690560000,1.32168,1.3241800000000001,1.32168,1.32297,19864
1690574400,1.32301,1.32481,1.32291,1.32458,7265
1690761600,1.32305,1.32539,1.32304,1.32469,2786
1690776000,1.32468,1.32607,1.32394,1.32518,5583
1690790400,1.3252,1.3256700000000001,1.32291,1.32328,8990
1690804800,1.32328,1.32364,1.32042,1.32084,8071
1690819200,1.32084,1.3211,1.31503,1.31644,15096
1690833600,1.31643,1.31914,1.31603,1.3186499999999999,6725
1690848000,1.31853,1.31946,1.31796,1.3193,3077
1690862400,1.3193,1.3229600000000001,1.3192,1.32192,7313
1690876800,1.32192,1.3259,1.32137,1.32529,9708
1690891200,1.32529,1.32977,1.32501,1.32935,14098
1690905600,1.32934,1.32991,1.32652,1.32953,22456
1690920000,1.32954,1.32991,1.32778,1.32809,6363
1690934400,1.328,1.3280699999999999,1.32634,1.32767,4586
1690948800,1.32767,1.32978,1.32703,1.32943,9834
1690963200,1.32943,1.33154,1.3287900000000001,1.33113,12496
1690977600,1.33114,1.33213,1.33016,1.33147,12730
1690992000,1.3314599999999999,1.33479,1.33094,1.33288,21088
1691006400,1.33287,1.33518,1.3326799999999999,1.33504,5194
1691020800,1.33502,1.33502,1.3338,1.33473,2020
1691035200,1.33474,1.33579,1.33337,1.3357299999999999,4711
1691049600,1.33572,1.33768,1.33452,1.3376000000000001,11134
1691064000,1.3376000000000001,1.3376299999999999,1.33468,1.33523,14819
1691078400,1.33523,1.33718,1.3328,1.33328,20928
1691092800,1.3332899999999999,1.33591,1.3330899999999999,1.33557,6628
1691107200,1.33545,1.33548,1.33385,1.33385,1709
1691121600,1.33385,1.33552,1.3334,1.3353,6216
1691136000,1.33531,1.33693,1.33439,1.33671,10084
1691150400,1.33671,1.33932,1.33554,1.3363399999999999,18586
1691164800,1.33635,1.33719,1.3318400000000001,1.3321,24896
1691179200,1.3321,1.33896,1.3320400000000001,1.33813,10860
1691366400,1.33603,1.33819,1.33603,1.33688,2741
1691380800,1.3369,1.3384,1.33673,1.33764,5034
1691395200,1.33764,1.3392,1.33695,1.33836,7809
1691409600,1.33837,1.33985,1.33579,1.33588,9724
1691424000,1.33587,1.33859,1.3355000000000001,1.33691,14995
1691438400,1.33692,1.33715,1.33603,1.33671,5184
1691452800,1.33667,1.33748,1.33592,1.3372899999999999,1961
1691467200,1.3372899999999999,1.3397700000000001,1.3372899999999999,1.3391600000000001,6330
1691481600,1.3391600000000001,1.3436,1.33906,1.34227,11508
1691496000,1.34226,1.35013,1.34201,1.34843,16988
1691510400,1.34844,1.3496299999999999,1.34344,1.3443100000000001,22673
1691524800,1.34432,1.34451,1.34096,1.34175,9081
1691539200,1.34169,1.34284,1.34109,1.3428,2463
1691553600,1.34281,1.343,1.3410199999999999,1.3415300000000001,8504
1691568000,1.34154,1.34234,1.34033,1.34164,11791
1691582400,1.3416299999999999,1.34532,1.3406799999999999,1.34439,13629
1691596800,1.3443800000000001,1.34485,1.34152,1.34321,21249
1691611200,1.34322,1.34322,1.34073,1.3422100000000001,7781
1691625600,1.3419400000000001,1.34233,1.34107,1.34173,2301
1691640000,1.34174,1.34233,1.3407200000000001,1.34179,5902
1691654400,1.3418,1.34192,1.33861,1.34067,7607
1691668800,1.3406799999999999,1.34113,1.33712,1.33898,14470
1691683200,1.33898,1.34193,1.33758,1.34175,27044
1691697600,1.34176,1.3449,1.34144,1.34471,13172
1691712000,1.34446,1.3446500000000001,1.34307,1.34357,1898
1691726400,1.34354,1.34447,1.34264,1.34435,4755
1691740800,1.34435,1.34555,1.34293,1.34447,9243
1691755200,1.34447,1.3465,1.3430900000000001,1.34584,15453
1691769600,1.34585,1.34637,1.34117,1.3443,25935
1691784000,1.34429,1.34509,1.34363,1.34442,8484
1691971200,1.34327,1.34504,1.34327,1.34485,2942
1691985600,1.34486,1.34691,1.34448,1.34623,8704
1692000000,1.34622,1.34662,1.34414,1.34493,11808
1692014400,1.3449200000000001,1.3464800000000001,1.34372,1.34566,9596
1692028800,1.34567,1.34791,1.34433,1.34555,17513
1692043200,1.34555,1.34717,1.34497,1.34601,5446
1692057600,1.34595,1.34661,1.3455,1.3459699999999999,1707
1692072000,1.3459699999999999,1.34693,1.34418,1.34452,7182
1692086400,1.34451,1.34942,1.34383,1.3483100000000001,13648
1692100800,1.34832,1.34997,1.3447200000000001,1.3465500000000001,19528
1692115200,1.34656,1.3492899999999999,1.3445,1.34844,26496
1692129600,1.34845,1.35007,1.34823,1.34972,6862
1692144000,1.34972,1.35022,1.34886,1.34959,2503
1692158400,1.3496000000000001,1.3509,1.34909,1.34968,10431
1692172800,1.34969,1.35088,1.34747,1.34798,10011
1692187200,1.34798,1.35056,1.34745,1.35052,12265
1692201600,1.35052,1.35294,1.34806,1.35283,23533
1692216000,1.35282,1.35442,1.35171,1.35297,10305
1692230400,1.35296,1.35483,1.35236,1.35446,3326
1692244800,1.35449,1.35517,1.35271,1.35284,6816
1692259200,1.35285,1.35455,1.3517299999999999,1.35273,10715
1692273600,1.35274,1.35338,1.34962,1.35056,16362
1692288000,1.35057,1.3529200000000001,1.3495599999999999,1.3519700000000001,24158
1692302400,1.35196,1.35513,1.35183,1.3545099999999999,9387
1692316800,1.35432,1.35472,1.35314,1.35375,2867
1692331200,1.35376,1.35489,1.3523399999999999,1.35468,7309
1692345600,1.35465,1.3555,1.35334,1.3542,12237
1692360000,1.35419,1.3574,1.35313,1.3569,16357
1692374400,1.3569,1.35706,1.35349,1.3536000000000001,22025
1692388800,1.3536000000000001,1.3553899999999999,1.35328,1.3548,7221
1692576000,1.35438,1.3548499999999999,1.3536299999999999,1.35422,1858
1692590400,1.35422,1.3554,1.35341,1.3542,6089
1692604800,1.35419,1.35483,1.35281,1.35304,9585
1692619200,1.35303,1.35308,1.3495300000000001,1.35077,15047
1692633600,1.35077,1.3572,1.35077,1.35561,21384
1692648000,1.3556,1.3558,1.35401,1.35438,8460
1692662400,1.3544,1.35531,1.35393,1.35464,3141
1692676800,1.35465,1.35503,1.35339,1.3544100000000001,6438
1692691200,1.3544,1.35496,1.35239,1.3529900000000001,11392
1692705600,1.35298,1.35368,1.35122,1.35347,15440
1692720000,1.35349,1.35643,1.35241,1.35522,22635
1692734400,1.35523,1.3563399999999999,1.35507,1.35516,8301
1692748800,1.3548200000000001,1.3553,1.35388,1.35465,2594
1692763200,1.35465,1.35491,1.3531900000000001,1.35376,6408
1692777600,1.35376,1.35599,1.35346,1.35494,12615
1692792000,1.35494,1.35965,1.35484,1.35925,12620
1692806400,1.35926,1.3603100000000001,1.3522,1.3526799999999999,16736
1692820800,1.35266,1.35422,1.35194,1.3524,6035
1692835200,1.35236,1.35279,1.35138,1.35208,2413
1692849600,1.3520699999999999,1.3532199999999999,1.35123,1.35124,5675
1692864000,1.35123,1.35403,1.35092,1.3531,9843
1692878400,1.3531,1.35595,1.35281,1.35559,10609
1692892800,1.35559,1.35867,1.35486,1.35638,21307
1692907200,1.3564,1.35879,1.3559700000000001,1.35816,8304
1692921600,1.35801,1.3587099999999999,1.35731,1.35812,2464
1692936000,1.35812,1.3599999999999999,1.35792,1.35995,5326
1692950400,1.35995,1.36016,1.35788,1.35793,8522
1692964800,1.35794,1.35924,1.35683,1.35896,9225
1692979200,1.35897,1.3639299999999999,1.35724,1.3614899999999999,30485
1692993600,1.36148,1.36289,1.3587799999999999,1.36035,10540
1693180800,1.3584399999999999,1.3599700000000001,1.35802,1.35958,3078
1693195200,1.35959,1.35959,1.35825,1.35914,4569
1693209600,1.35914,1.36037,1.35828,1.36001,7876
1693224000,1.35999,1.36056,1.35879,1.35983,9467
1693238400,1.35982,1.36111,1.3569499999999999,1.35915,20297
1693252800,1.35914,1.3609,1.3589,1.35987,7279
1693267200,1.35965,1.36043,1.35887,1.3603100000000001,2677
1693281600,1.36029,1.36049,1.35858,1.35931,4243
1693296000,1.35931,1.36124,1.35873,1.36118,9381
1693310400,1.36117,1.36365,1.35983,1.36317,9803
1693324800,1.36317,1.3636300000000001,1.35773,1.35845,22984
1693339200,1.3584399999999999,1.3584399999999999,1.35494,1.35498,6568
1693353600,1.35498,1.35701,1.35498,1.3563,3541
1693368000,1.35626,1.35759,1.3559999999999999,1.35733,4594
1693382400,1.35732,1.35759,1.35568,1.3563399999999999,11441
1693396800,1.3563399999999999,1.35666,1.35316,1.35381,17409
1693411200,1.35382,1.35493,1.35122,1.35315,22873
1693425600,1.35314,1.35472,1.35233,1.35318,6462
1693440000,1.35296,1.35359,1.35218,1.35332,2820
1693454400,1.35332,1.354,1.3519999999999999,1.35367,7903
1693468800,1.35368,1.35477,1.35303,1.35412,9846
1693483200,1.35411,1.35569,1.35221,1.35269,14446
1693497600,1.3527,1.35545,1.35141,1.35445,22710
1693512000,1.35445,1.3545099999999999,1.35032,1.3507799999999999,7103
1693526400,1.3508200000000001,1.3515,1.35045,1.351,1919
1693540800,1.35098,1.35145,1.34882,1.3508,4744
1693555200,1.3508,1.3520400000000001,1.34933,1.35092,8898
1693569600,1.35093,1.35548,1.34943,1.35428,14524
1693584000,1.35427,1.3612,1.35328,1.36025,27344
1693598400,1.36025,1.36032,1.35898,1.35915,6024
1693785600,1.3584800000000001,1.35977,1.3584800000000001,1.35927,1628
1693800000,1.35927,1.35971,1.35827,1.35833,3991
1693814400,1.35833,1.36008,1.35747,1.35955,9151
1693828800,1.35956,1.3603399999999999,1.35904,1.35985,5170
1693843200,1.35985,1.36038,1.35881,1.3594300000000001,5017
1693857600,1.35944,1.35947,1.35916,1.35918,2054
1693872000,1.35918,1.36038,1.35858,1.36002,1581
1693886400,1.36003,1.3618299999999999,1.35968,1.36136,7313
1693900800,1.36135,1.36687,1.36114,1.36606,12373
1693915200,1.3660700000000001,1.36623,1.3630499999999999,1.36351,15875
1693929600,1.36351,1.3642400000000001,1.35985,1.36116,23306
1693944000,1.36117,1.36433,1.36117,1.36383,5366
1693958400,1.36346,1.36484,1.36266,1.3645800000000001,2657
1693972800,1.3645800000000001,1.36559,1.36398,1.36398,4272
1693987200,1.36396,1.3670900000000001,1.36256,1.3652,10000
1694001600,1.3651900000000001,1.36612,1.36396,1.36506,9638
1694016000,1.36505,1.36749,1.36192,1.36606,24342
1694030400,1.3660700000000001,1.36654,1.36343,1.36344,4582
1694044800,1.36343,1.36472,1.3632900000000001,1.36435,2773
1694059200,1.3643399999999999,1.36524,1.36349,1.36506,6912
1694073600,1.36507,1.36543,1.36313,1.36443,11255
1694088000,1.36441,1.36645,1.36376,1.3651900000000001,14957
1694102400,1.3652,1.36937,1.36444,1.36889,18723
1694116800,1.3689,1.36894,1.3672900000000001,1.36829,6357
1694131200,1.36817,1.36859,1.36769,1.36791,1917
1694145600,1.3679299999999999,1.36887,1.36652,1.3667799999999999,4294
1694160000,1.3667799999999999,1.36722,1.36517,1.36679,8528
1694174400,1.3667799999999999,1.36754,1.36071,1.36222,9339
1694188800,1.3622,1.36429,1.36086,1.36276,12102
1694203200,1.36277,1.3645800000000001,1.3624399999999999,1.3639000000000001,3448
1694390400,1.36303,1.36352,1.36232,1.36292,3334
1694404800,1.36292,1.36323,1.36008,1.36008,4844
1694419200,1.36007,1.36063,1.35865,1.3600400000000001,7086
1694433600,1.36007,1.3601,1.35709,1.35715,5454
1694448000,1.35717,1.3600400000000001,1.35602,1.35721,10484
1694462400,1.35723,1.35854,1.35657,1.35734,2893
1694476800,1.3572,1.35868,1.35684,1.35837,2003
1694491200,1.35838,1.35922,1.35708,1.35821,4716
1694505600,1.35821,1.35887,1.35724,1.35815,6184
1694520000,1.35815,1.35883,1.35581,1.35769,6314
1694534400,1.35772,1.3585099999999999,1.35428,1.3556599999999999,9621
1694548800,1.35567,1.3562400000000001,1.35477,1.35487,3678
1694563200,1.3549,1.35548,1.35474,1.3552,1759
1694577600,1.35519,1.3566,1.35465,1.3553600000000001,5286
1694592000,1.35535,1.35737,1.35495,1.35586,7950
1694606400,1.35586,1.35852,1.3545099999999999,1.35523,11380
1694620800,1.35523,1.3564,1.35202,1.35454,15082
1694635200,1.35455,1.35687,1.3542,1.35498,5076
1694649600,1.35483,1.35533,1.3531,1.35321,2171
1694664000,1.35321,1.3549,1.35294,1.3533,4730
1694678400,1.35331,1.35419,1.35255,1.35296,5485
1694692800,1.3529499999999999,1.35419,1.35134,1.35229,12612
1694707200,1.35228,1.35348,1.34925,1.34941,15919
1694721600,1.34942,1.35179,1.3494,1.35052,3924
1694736000,1.35043,1.35167,1.35013,1.35123,2199
1694750400,1.35121,1.35157,1.34932,1.34951,4679
1694764800,1.34951,1.3513600000000001,1.34942,1.35071,7508
1694779200,1.35071,1.35408,1.35013,1.35389,6679
1694793600,1.35389,1.35486,1.3501699999999999,1.35175,13856
1694808000,1.35176,1.35331,1.35144,1.35239,5517
1694995200,1.35185,1.35252,1.35169,1.35181,1295
1695009600,1.3518,1.35273,1.35098,1.35106,3979
1695024000,1.35106,1.35181,1.3495,1.35102,5884
1695038400,1.35103,1.35155,1.34969,1.34998,4951
1695052800,1.34998,1.35141,1.34708,1.34791,11776
1695067200,1.34791,1.34962,1.3475,1.3483,3063
1695081600,1.34826,1.34881,1.34767,1.34814,2077
1695096000,1.34815,1.34874,1.34755,1.34765,3662
1695110400,1.34764,1.34829,1.34414,1.34509,5457
1695124800,1.3451,1.34577,1.33757,1.33983,8140
1695139200,1.33983,1.3446799999999999,1.33834,1.34439,13241
1695153600,1.3443800000000001,1.3446799999999999,1.34355,1.34453,3928
1695168000,1.34443,1.3448,1.34412,1.34453,1815
1695182400,1.34454,1.34639,1.3444099999999999,1.3458,3241
1695196800,1.34581,1.34619,1.34388,1.34457,6878
1695211200,1.34456,1.34464,1.34228,1.3437299999999999,5637
1695225600,1.34372,1.34378,1.33947,1.34033,10390
1695240000,1.34032,1.34763,1.3403100000000001,1.34606,18014
1695254400,1.34567,1.34843,1.34471,1.34824,2813
1695268800,1.34823,1.35,1.3474300000000001,1.34889,5319
1695283200,1.34889,1.35006,1.3483100000000001,1.34942,7542
1695297600,1.34944,1.3519,1.34906,1.35043,9692
1695312000,1.35042,1.35228,1.3468200000000001,1.34758,15758
1695326400,1.34757,1.34879,1.346,1.34827,4953
1695340800,1.34813,1.34822,1.34666,1.34754,1821
1695355200,1.34754,1.34802,1.34591,1.34629,4528
1695369600,1.34629,1.34832,1.34583,1.34622,9351
1695384000,1.34622,1.34636,1.34228,1.3445,7539
1695398400,1.34447,1.34767,1.34344,1.34704,12919
1695412800,1.34704,1.34907,1.3465799999999999,1.34812,5907
1695600000,1.34643,1.34809,1.34641,1.34738,3158
1695614400,1.34737,1.34888,1.34708,1.34806,4137
1695628800,1.3480699999999999,1.34886,1.34718,1.3483100000000001,4902
1695643200,1.3483,1.34833,1.34532,1.3465,5965
1695657600,1.3465099999999999,1.34908,1.34606,1.3467500000000001,12416
1695672000,1.34674,1.34749,1.34523,1.34525,3979
1695686400,1.34522,1.34601,1.3448,1.34585,2155
1695700800,1.34584,1.34796,1.3452600000000001,1.3474599999999999,4873
1695715200,1.3474599999999999,1.3498700000000001,1.34727,1.34896,7666
1695729600,1.34897,1.35108,1.34815,1.34993,8120
1695744000,1.34995,1.3514599999999999,1.34857,1.35095,13832
1695758400,1.35094,1.35271,1.3507799999999999,1.35156,5727
1695772800,1.35149,1.35244,1.35041,1.3520699999999999,2542
1695787200,1.3520699999999999,1.35235,1.35005,1.3518,5830
1695801600,1.35181,1.35247,1.3510900000000001,1.35185,5385
1695816000,1.35186,1.3537,1.35091,1.3511600000000001,7398
1695830400,1.35117,1.35206,1.35008,1.35162,13945
1695844800,1.35163,1.35422,1.34944,1.34986,9873
1695859200,1.34984,1.35039,1.3489900000000001,1.349,2295
1695873600,1.349,1.34996,1.34819,1.3489200000000001,5327
1695888000,1.3489200000000001,1.35129,1.3486,1.34965,7676
1695902400,1.34965,1.35057,1.34751,1.34949,10437
1695916800,1.34948,1.35038,1.34697,1.34839,21015
1695931200,1.3484,1.35154,1.34826,1.34848,8299
1695945600,1.34848,1.35061,1.3479700000000001,1.35023,1611
1695960000,1.3502399999999999,1.35046,1.34747,1.3479700000000001,4583
1695974400,1.34796,1.34827,1.34415,1.34497,7586
1695988800,1.3449900000000001,1.34514,1.34159,1.34279,9956
1696003200,1.34275,1.35464,1.34274,1.35435,22582
1696017600,1.35435,1.35836,1.35435,1.35672,10250
1696204800,1.35663,1.35806,1.35542,1.35745,3216
1696219200,1.35746,1.35877,1.35693,1.35876,2898
1696233600,1.35877,1.3599700000000001,1.35609,1.35935,6578
1696248000,1.3593600000000001,1.36266,1.35928,1.36249,8420
1696262400,1.3625099999999999,1.36789,1.36219,1.36768,22538
1696276800,1.36767,1.36773,1.3654600000000001,1.36728,7518
1696291200,1.36707,1.3685800000000001,1.36584,1.3679700000000001,2852
1696305600,1.36798,1.37113,1.36773,1.37092,5403
1696320000,1.37092,1.37153,1.3685100000000001,1.36966,8846
1696334400,1.36965,1.37272,1.36944,1.3706,11626
1696348800,1.37059,1.3734899999999999,1.36817,1.37147,32165
1696363200,1.37147,1.37228,1.36972,1.37076,8175
1696377600,1.37077,1.3712900000000001,1.36979,1.37018,2857
1696392000,1.3701699999999999,1.37191,1.3694899999999999,1.36971,7009
1696406400,1.36968,1.37231,1.36936,1.36948,11089
1696420800,1.36948,1.37203,1.36895,1.37181,15108
1696435200,1.37181,1.37785,1.37126,1.37355,26770
1696449600,1.37356,1.37604,1.37334,1.37429,9322
1696464000,1.37433,1.37546,1.37345,1.37391,2761
1696478400,1.37391,1.37394,1.371,1.37154,5478
1696492800,1.37152,1.37831,1.37145,1.37831,9676
1696507200,1.3783,1.37846,1.37492,1.37551,13060
1696521600,1.37551,1.3762699999999999,1.37216,1.37246,26224
1696536000,1.37245,1.3729,1.37032,1.37039,8433
1696550400,1.3703699999999999,1.3713,1.37012,1.37082,2197
1696564800,1.37083,1.3713600000000001,1.37021,1.3713199999999999,4164
1696579200,1.37133,1.37266,1.3694600000000001,1.37096,7942
1696593600,1.3709500000000001,1.37439,1.36968,1.37133,15667
1696608000,1.37133,1.3728799999999999,1.3651,1.3669799999999999,35748
1696622400,1.3669799999999999,1.36737,1.3643100000000001,1.3660700000000001,7739
1696809600,1.36674,1.36779,1.3639700000000001,1.36401,5696
1696824000,1.36402,1.36622,1.3639299999999999,1.36609,5086
1696838400,1.36609,1.36754,1.3643,1.36604,9488
1696852800,1.36602,1.36696,1.36449,1.36464,8209
1696867200,1.36465,1.36467,1.36117,1.3620700000000001,15158
1696881600,1.36205,1.36212,1.35802,1.35873,5248
1696896000,1.3587500000000001,1.35931,1.35741,1.35775,3594
1696910400,1.35775,1.35858,1.35684,1.3584,5361
1696924800,1.3584100000000001,1.3616,1.35769,1.35847,12102
1696939200,1.35847,1.3605800000000001,1.35847,1.35948,12296
1696953600,1.35949,1.36067,1.35752,1.35796,18607
1696968000,1.35797,1.35988,1.35752,1.35815,8684
1696982400,1.35816,1.35846,1.35706,1.358,1987
1696996800,1.35802,1.3593899999999999,1.35782,1.359,4061
1697011200,1.35899,1.36001,1.35811,1.3594300000000001,8761
1697025600,1.35944,1.3612600000000001,1.35842,1.35868,12319
1697040000,1.35869,1.36184,1.3578700000000001,1.36055,20824
1697054400,1.36056,1.36226,1.35908,1.35908,7059
1697068800,1.35906,1.35964,1.35853,1.35868,2000
1697083200,1.35867,1.35961,1.35822,1.35858,3644
1697097600,1.35859,1.35944,1.35776,1.35919,6121
1697112000,1.35919,1.36068,1.35815,1.3599700000000001,9638
1697126400,1.35996,1.36756,1.35951,1.36679,19554
1697140800,1.36679,1.36996,1.36658,1.36905,9804
1697155200,1.3689,1.36918,1.36789,1.36809,2408
1697169600,1.3681,1.36877,1.36771,1.36862,3942
1697184000,1.36863,1.3688,1.36592,1.3668,6435
1697198400,1.36681,1.36874,1.3658000000000001,1.36604,10278
1697212800,1.36605,1.3679999999999999,1.36357,1.36535,20787
1697227200,1.36536,1.3669799999999999,1.365,1.36579,8129
1697414400,1.36455,1.36566,1.36402,1.36508,2706
1697428800,1.36507,1.36508,1.36371,1.36414,3711
1697443200,1.36413,1.36547,1.36321,1.36447,7684
1697457600,1.36447,1.36481,1.36118,1.36135,7206
1697472000,1.36134,1.36371,1.3606500000000001,1.36073,15985
1697486400,1.36072,1.36203,1.36057,1.36089,5919
1697500800,1.36083,1.36164,1.36045,1.36136,2324
1697515200,1.36137,1.36318,1.36137,1.36311,3881
1697529600,1.36311,1.36436,1.36168,1.36416,6560
1697544000,1.36417,1.37019,1.3624100000000001,1.36841,11133
1697558400,1.3684,1.36902,1.362,1.36399,20332
1697572800,1.36399,1.36573,1.3632900000000001,1.3646,7944
1697587200,1.36456,1.36573,1.36435,1.36572,1422
1697601600,1.36571,1.36571,1.36298,1.36358,4785
1697616000,1.36359,1.3639299999999999,1.36239,1.36314,7718
1697630400,1.36313,1.36659,1.36163,1.36618,8731
1697644800,1.36618,1.37108,1.36453,1.3700700000000001,21197
1697659200,1.3700700000000001,1.37151,1.36768,1.37151,9591
1697673600,1.37137,1.37211,1.37084,1.37162,2854
1697688000,1.37162,1.3734600000000001,1.37085,1.37283,3852
1697702400,1.37283,1.37361,1.37161,1.37358,8726
1697716800,1.3736,1.37396,1.37133,1.37304,8765
1697731200,1.37305,1.37344,1.3684,1.36904,26448
1697745600,1.36903,1.37216,1.36784,1.37183,14320
1697760000,1.37177,1.3725399999999999,1.37114,1.37233,2427
1697774400,1.37234,1.37331,1.3704,1.3712,4153
1697788800,1.37121,1.3728,1.36866,1.3692,7689
1697803200,1.36921,1.37084,1.36815,1.36852,8921
1697817600,1.36853,1.37039,1.36689,1.3692199999999999,18945
1697832000,1.3692199999999999,1.3712900000000001,1.36875,1.37089,8276
1698019200,1.37028,1.37143,1.36783,1.3709500000000001,2468
1698033600,1.37097,1.37202,1.37054,1.3715600000000001,2846
1698048000,1.37155,1.37343,1.3707799999999999,1.37106,6442
1698062400,1.37104,1.37355,1.3700999999999999,1.37086,8960
1698076800,1.37085,1.37341,1.36713,1.36713,20639
1698091200,1.36713,1.3697,1.36665,1.36891,7694
1698105600,1.36882,1.36917,1.36822,1.36853,2588
1698120000,1.3685399999999999,1.36908,1.36667,1.36724,5204
1698134400,1.36723,1.36984,1.36602,1.36884,7902
1698148800,1.36886,1.37088,1.36807,1.37043,8063
1698163200,1.37043,1.3753600000000001,1.37028,1.3750200000000001,18870
1698177600,1.37501,1.3750499999999999,1.37252,1.37405,5329
1698192000,1.37386,1.37453,1.37323,1.37371,2961
1698206400,1.3737,1.37438,1.37295,1.37408,3810
1698220800,1.37408,1.3765399999999999,1.37394,1.376,6915
1698235200,1.37601,1.37827,1.37512,1.37703,7273
1698249600,1.37703,1.38089,1.37602,1.37851,19225
1698264000,1.37853,1.38,1.37795,1.37979,7624
1698278400,1.3796300000000001,1.38121,1.37893,1.3809,2666
1698292800,1.38089,1.38172,1.38014,1.38152,4694
1698307200,1.38151,1.38189,1.37928,1.37953,8675
1698321600,1.37954,1.38244,1.37889,1.38131,11183
1698336000,1.3813,1.3843,1.3804699999999999,1.38398,21261
1698350400,1.384,1.38409,1.38114,1.38306,8591
1698364800,1.38238,1.38294,1.38143,1.38239,2096
1698379200,1.38238,1.38299,1.38035,1.38048,4223
1698393600,1.3804699999999999,1.38246,1.37997,1.3801,6458
1698408000,1.3801,1.38358,1.37954,1.3822,7926
1698422400,1.38219,1.38727,1.38153,1.3864,19963
1698436800,1.38641,1.38796,1.3860999999999999,1.38735,7659
1698624000,1.38665,1.38721,1.3850500000000001,1.3850500000000001,2724
1698638400,1.38507,1.38651,1.38492,1.38588,2638
1698652800,1.38588,1.38636,1.38441,1.38442,5318
1698667200,1.38443,1.38511,1.38131,1.38213,8928
1698681600,1.38212,1.38565,1.38123,1.38272,15162
1698696000,1.3827099999999999,1.38313,1.38156,1.3822,5059
1698710400,1.38219,1.38418,1.38219,1.38352,2948
1698724800,1.38351,1.3851200000000001,1.3832200000000001,1.38427,4474
1698739200,1.38428,1.38441,1.38128,1.38151,6542
1698753600,1.3815,1.38764,1.3814,1.38652,10619
1698768000,1.38652,1.3891200000000001,1.38583,1.3878300000000001,15959
1698782400,1.3878300000000001,1.3881999999999999,1.38604,1.38731,4754
1698796800,1.38718,1.3888099999999999,1.38676,1.38856,2872
1698811200,1.38856,1.38882,1.38743,1.38818,3616
1698825600,1.38819,1.38885,1.38629,1.38873,5382
1698840000,1.38875,1.3891,1.38629,1.38703,12613
1698854400,1.38703,1.38968,1.38403,1.38864,16549
1698868800,1.38861,1.38982,1.38489,1.38502,15288
1698883200,1.38499,1.38525,1.38262,1.3832,3097
1698897600,1.38321,1.3838,1.3823400000000001,1.38331,3040
1698912000,1.38331,1.38511,1.38057,1.38068,6396
1698926400,1.38069,1.38235,1.37684,1.377,11210
1698940800,1.37698,1.38046,1.37504,1.37518,12721
1698955200,1.37518,1.37564,1.3734199999999999,1.3738000000000001,4903
1698969600,1.37379,1.3759299999999999,1.37379,1.3752,2322
1698984000,1.37522,1.37539,1.37341,1.3734199999999999,3102
1698998400,1.3734199999999999,1.37544,1.37271,1.3742,5455
1699012800,1.37421,1.37454,1.3664399999999999,1.36774,16641
1699027200,1.3677000000000001,1.3706800000000001,1.36538,1.36768,18826
1699041600,1.36767,1.36782,1.3652199999999999,1.36528,3878
1699228800,1.36575,1.3666,1.36537,1.36558,3143
1699243200,1.36558,1.36558,1.36455,1.36489,2924
1699257600,1.3649,1.3655,1.36285,1.36414,6766
1699272000,1.36413,1.36639,1.36344,1.36615,7384
1699286400,1.3661400000000001,1.36835,1.3655300000000001,1.36723,11972
1699300800,1.36722,1.37019,1.36692,1.37001,5691
1699315200,1.3698299999999999,1.37064,1.36829,1.37039,3125
1699329600,1.37039,1.37248,1.36999,1.3719700000000001,5275
1699344000,1.37198,1.3749,1.3718,1.37483,7295
1699358400,1.37484,1.37592,1.3735,1.3752,7597
1699372800,1.37519,1.37817,1.37451,1.37765,14044
1699387200,1.37764,1.37777,1.37466,1.37642,5392
1699401600,1.37635,1.37737,1.37606,1.3768099999999999,2047
1699416000,1.37682,1.37786,1.37538,1.37774,3256
1699430400,1.37775,1.37878,1.37667,1.3787,7115
1699444800,1.3787,1.37985,1.37676,1.37926,7900
1699459200,1.37926,1.38136,1.37754,1.3804699999999999,16843
1699473600,1.38046,1.38118,1.37894,1.37906,6805
1699488000,1.37907,1.3796300000000001,1.3782,1.37872,2360
1699502400,1.3787099999999999,1.37949,1.37827,1.37938,3188
1699516800,1.37939,1.38062,1.37813,1.37886,6848
1699531200,1.37887,1.37977,1.37709,1.37808,7644
1699545600,1.37809,1.37859,1.37456,1.37689,14143
1699560000,1.37689,1.38152,1.37664,1.38072,14408
1699574400,1.3806,1.38137,1.38008,1.3802400000000001,3362
1699588800,1.38023,1.3807,1.37946,1.37982,3515
1699603200,1.3798300000000001,1.38137,1.37903,1.38059,6153
1699617600,1.38059,1.38227,1.38059,1.3820999999999999,7059
1699632000,1.3820999999999999,1.38538,1.38073,1.38092,13998
1699646400,1.38093,1.38166,1.37943,1.37988,4476
1699833600,1.37891,1.38136,1.37848,1.3807800000000001,4016
1699848000,1.38077,1.38186,1.3805,1.38122,2343
1699862400,1.38123,1.3814199999999999,1.37942,1.38071,5363
1699876800,1.38072,1.38308,1.37999,1.38229,6872
1699891200,1.38228,1.3828,1.37764,1.37904,12493
1699905600,1.37904,1.38072,1.37885,1.38061,3625
1699920000,1.38031,1.3804699999999999,1.37855,1.38026,3239
1699934400,1.3802699999999999,1.38208,1.38009,1.38181,2713
1699948800,1.3818,1.38269,1.38073,1.3819,6173
1699963200,1.3819,1.38426,1.37554,1.37614,13120
1699977600,1.37614,1.3762400000000001,1.37062,1.3712900000000001,19160
1699992000,1.37128,1.3716,1.36839,1.36914,5701
1700006400,1.36894,1.37089,1.36811,1.37023,2982
1700020800,1.37022,1.37022,1.36801,1.36874,3465
1700035200,1.36874,1.3703400000000001,1.3675899999999999,1.36964,7421
1700049600,1.36965,1.37,1.36584,1.36808,10479
1700064000,1.36809,1.3694600000000001,1.36536,1.36655,15972
1700078400,1.36656,1.36866,1.36646,1.3683100000000001,4810
1700092800,1.36817,1.37006,1.36764,1.36978,4441
1700107200,1.3697599999999999,1.37121,1.36975,1.36985,3567
1700121600,1.36984,1.37051,1.36855,1.36966,7079
1700136000,1.36967,1.37348,1.3695599999999999,1.37116,10455
1700150400,1.37114,1.3776,1.3709500000000001,1.37591,19171
1700164800,1.37591,1.37684,1.37518,1.3753,5187
1700179200,1.37526,1.3757,1.37467,1.37499,2977
1700193600,1.375,1.37564,1.3746399999999999,1.37504,3068
1700208000,1.3750200000000001,1.37699,1.37327,1.37423,7952
1700222400,1.37423,1.37433,1.37108,1.37212,10055
1700236800,1.37211,1.37457,1.37073,1.37246,17841
1700251200,1.37245,1.3727,1.37089,1.3715600000000001,4397
1700438400,1.37073,1.37262,1.37072,1.37171,3460
1700452800,1.37172,1.37187,1.36887,1.3705,4528
1700467200,1.37049,1.3717,1.36958,1.36994,7804
1700481600,1.36993,1.37257,1.36988,1.37131,8194
1700496000,1.3713,1.37486,1.37079,1.37256,11486
1700510400,1.37257,1.37309,1.37113,1.37247,4767
1700524800,1.3722699999999999,1.37287,1.37107,1.37147,5845
1700539200,1.37148,1.37239,1.37042,1.37231,4665
1700553600,1.3723,1.37304,1.3711,1.37279,9224
1700568000,1.37279,1.37296,1.36941,1.3707,10119
1700582400,1.37069,1.37109,1.36802,1.36924,14380
1700596800,1.36923,1.3704399999999999,1.3691900000000001,1.37002,5361
1700611200,1.36987,1.37024,1.36899,1.37023,2606
1700625600,1.37024,1.3710499999999999,1.36971,1.3709799999999999,3325
1700640000,1.3709799999999999,1.37274,1.3705,1.3711,7561
1700654400,1.37111,1.37435,1.36981,1.37307,12186
1700668800,1.37308,1.37646,1.37076,1.37077,18412
1700683200,1.37076,1.37116,1.3685,1.36857,5264
1700697600,1.36859,1.36923,1.3684,1.3686099999999999,2259
1700712000,1.3686,1.3687,1.36638,1.36649,2537
1700726400,1.36648,1.36883,1.365,1.36835,8433
1700740800,1.36833,1.37101,1.36754,1.37036,6521
1700755200,1.37036,1.37091,1.36904,1.36966,5074
1700769600,1.36965,1.3700700000000001,1.36895,1.36951,1104
1700784000,1.36935,1.36994,1.36883,1.36957,1944
1700798400,1.3695599999999999,1.37108,1.36955,1.36965,2520
1700812800,1.36966,1.37059,1.36802,1.36917,5206
1700827200,1.36917,1.36934,1.36533,1.3658299999999999,6523
1700841600,1.36584,1.36603,1.35931,1.36089,12535
1700856000,1.36089,1.36413,1.36059,1.36297,7066
1701043200,1.3630200000000001,1.36396,1.36233,1.3630200000000001,2983
1701057600,1.36301,1.36602,1.363,1.36513,4197
1701072000,1.36513,1.36535,1.36216,1.36502,7057
1701086400,1.36503,1.36579,1.36215,1.36417,8027
1701100800,1.36416,1.36526,1.3629,1.36399,13341
1701115200,1.36399,1.3643100000000001,1.3613,1.36142,3596
1701129600,1.36152,1.36182,1.36008,1.36069,2989
1701144000,1.36067,1.3608,1.35982,1.3605800000000001,3170
1701158400,1.3606099999999999,1.36068,1.35853,1.35853,6415
1701172800,1.35853,1.3612600000000001,1.35732,1.3595,9850
1701187200,1.35949,1.36057,1.35594,1.35762,20154
1701201600,1.35759,1.35867,1.35605,1.35715,6395
1701216000,1.35708,1.3572,1.35409,1.3545099999999999,4218
1701230400,1.35449,1.3551,1.354,1.35474,3699
1701244800,1.35474,1.3582,1.35426,1.35763,8187
1701259200,1.35762,1.3593199999999999,1.3565,1.35928,10299
1701273600,1.35928,1.36142,1.35659,1.35835,17929
1701288000,1.35835,1.35985,1.35705,1.35862,5380
1701302400,1.35854,1.35933,1.35813,1.35917,3165
1701316800,1.35918,1.35928,1.35732,1.35784,3418
1701331200,1.35784,1.36066,1.35662,1.36049,7807
1701345600,1.36048,1.36245,1.3587500000000001,1.36198,11986
1701360000,1.36197,1.36255,1.35515,1.35839,27914
1701374400,1.35839,1.35842,1.35594,1.35603,5585
1701388800,1.35593,1.35635,1.35347,1.35362,4692
1701403200,1.3536299999999999,1.35494,1.35338,1.3537,4034
1701417600,1.3537,1.35492,1.3516599999999999,1.35176,6485
1701432000,1.3517700000000001,1.35501,1.35161,1.35271,8890
1701446400,1.35273,1.35294,1.34863,1.34948,25008
1701460800,1.34949,1.35131,1.34913,1.34954,7463
1701648000,1.35,1.35114,1.34793,1.35081,4222
1701662400,1.3508200000000001,1.35233,1.35064,1.35205,3810
1701676800,1.35206,1.35472,1.3514300000000001,1.35384,8002
1701691200,1.35384,1.35506,1.35245,1.35393,10250
1701705600,1.35393,1.3561,1.35168,1.35305,22651
1701720000,1.35305,1.35535,1.35303,1.35364,5619
1701734400,1.35352,1.3554599999999999,1.35307,1.3548200000000001,3876
1701748800,1.35481,1.35653,1.35462,1.35548,3780
1701763200,1.35548,1.35671,1.35488,1.35525,8196
1701777600,1.35524,1.3590900000000001,1.35524,1.35856,9695
1701792000,1.35855,1.35882,1.35549,1.35706,23421
1701806400,1.35706,1.35931,1.3568500000000001,1.35906,4543
1701820800,1.35894,1.35935,1.35689,1.35721,3407
1701835200,1.3572199999999999,1.35767,1.35673,1.35733,2741
1701849600,1.35734,1.35862,1.3558,1.35833,6075
1701864000,1.35832,1.3587799999999999,1.3551199999999999,1.35619,8562
1701878400,1.35618,1.35886,1.3548,1.35816,17600
1701892800,1.35816,1.35954,1.3565,1.35947,5564
1701907200,1.35926,1.3595,1.3585,1.35919,3329
1701921600,1.35919,1.36069,1.35888,1.36059,3227
1701936000,1.3606,1.3607,1.35828,1.35866,7472
1701950400,1.35865,1.36113,1.35849,1.359,9404
1701964800,1.35901,1.36185,1.35857,1.359,18441
1701979200,1.35901,1.3602699999999999,1.3583,1.35978,5717
1701993600,1.35968,1.36001,1.3571,1.35803,4305
1702008000,1.35804,1.35825,1.35704,1.3578700000000001,3744
1702022400,1.3578700000000001,1.35922,1.35751,1.35788,6503
1702036800,1.35788,1.35998,1.3563399999999999,1.35861,13183
1702051200,1.35862,1.36086,1.35498,1.35975,23864
1702065600,1.35975,1.36032,1.35812,1.35887,5111
1702252800,1.3582,1.3597299999999999,1.35782,1.35958,4088
1702267200,1.35957,1.36037,1.3594300000000001,1.35955,3489
1702281600,1.35956,1.35976,1.35797,1.35923,7432
1702296000,1.35921,1.35982,1.35675,1.35744,7547
1702310400,1.35744,1.3588,1.35493,1.35757,13009
1702324800,1.3575599999999999,1.35792,1.35623,1.35732,4775
1702339200,1.35711,1.3578299999999999,1.35635,1.35662,2349
1702353600,1.35662,1.35666,1.35515,1.35532,2243
1702368000,1.35531,1.35724,1.35477,1.3565800000000001,5591
1702382400,1.35659,1.35889,1.35439,1.35867,11015
1702396800,1.35868,1.36176,1.35825,1.36087,14994
1702411200,1.3608799999999999,1.36101,1.35876,1.35892,5485
1702425600,1.35885,1.35941,1.3584399999999999,1.35881,1979
1702440000,1.3588,1.35989,1.3587799999999999,1.35903,2930
1702454400,1.35904,1.36071,1.3587799999999999,1.3592,5764
1702468800,1.35923,1.35938,1.35572,1.35577,6800
1702483200,1.35578,1.35885,1.35495,1.35826,12439
1702497600,1.35827,1.35907,1.34942,1.35145,19098
1702512000,1.3512,1.35144,1.34825,1.34833,4624
1702526400,1.34832,1.3484099999999999,1.34554,1.34687,5072
1702540800,1.34686,1.34809,1.34494,1.34518,9479
1702555200,1.3452,1.34635,1.34253,1.34288,13002
1702569600,1.34288,1.34424,1.33934,1.34083,17296
1702584000,1.34082,1.3424800000000001,1.3402,1.3407,6131
1702598400,1.34056,1.34139,1.3401100000000001,1.34037,3877
1702612800,1.34036,1.34037,1.33865,1.33951,3623
1702627200,1.33951,1.33968,1.33724,1.33746,7119
1702641600,1.33746,1.34022,1.3373,1.3401399999999999,9732
1702656000,1.3401399999999999,1.34024,1.33494,1.33657,16619
1702670400,1.33657,1.33826,1.3363399999999999,1.33745,7295
1702857600,1.33696,1.33875,1.33674,1.3385099999999999,2760
1702872000,1.33852,1.33854,1.337,1.33732,2624
1702886400,1.33731,1.3382100000000001,1.33653,1.33741,5089
1702900800,1.3374,1.33832,1.3348900000000001,1.33629,6597
1702915200,1.33629,1.34084,1.3361,1.33904,11119
1702929600,1.33901,1.34003,1.33888,1.33983,3698
1702944000,1.33969,1.33989,1.33874,1.33922,2423
1702958400,1.3392,1.33992,1.33873,1.33954,3373
1702972800,1.3395299999999999,1.33993,1.3382800000000001,1.3386,4810
1702987200,1.33861,1.33904,1.3335,1.33467,6225
1703001600,1.33467,1.33616,1.33323,1.33404,10261
1703016000,1.33405,1.3349199999999999,1.33325,1.3332600000000001,3829
1703030400,1.33324,1.33478,1.33313,1.33439,3616
1703044800,1.3344,1.33503,1.33405,1.33481,2443
1703059200,1.3348,1.33524,1.33281,1.33289,4865
1703073600,1.33288,1.33498,1.33247,1.33402,5450
1703088000,1.334,1.33443,1.3314599999999999,1.3318400000000001,9107
1703102400,1.3318400000000001,1.33695,1.33109,1.33681,8591
1703116800,1.33681,1.3369,1.33495,1.33515,2142
1703131200,1.33515,1.3359,1.3348,1.33498,2377
1703145600,1.33497,1.33585,1.33382,1.33476,4820
1703160000,1.33476,1.33574,1.33273,1.33303,7989
1703174400,1.3330199999999999,1.33376,1.32907,1.33106,18681
1703188800,1.33107,1.3322,1.32751,1.32815,6265
1703203200,1.32809,1.32839,1.32759,1.32829,2499
1703217600,1.32829,1.32918,1.3278400000000001,1.32916,2918
1703232000,1.32913,1.32919,1.32694,1.32776,4970
1703246400,1.32775,1.32904,1.32635,1.32637,7767
1703260800,1.32636,1.3273,1.32183,1.32598,14922
1703275200,1.3259699999999999,1.32843,1.3255,1.32667,6394
1703577600,1.32497,1.32609,1.32497,1.32528,1550
1703592000,1.32529,1.32555,1.32091,1.32134,3896
1703606400,1.32134,1.32144,1.32005,1.32108,6755
1703620800,1.32108,1.32129,1.31956,1.31956,3565
1703635200,1.31958,1.32092,1.31912,1.31982,1974
1703649600,1.31981,1.3199,1.31833,1.31882,2044
1703664000,1.31881,1.32078,1.3183799999999999,1.3202,4260
1703678400,1.32019,1.32071,1.3192,1.31968,4755
1703692800,1.31969,1.32119,1.31764,1.3209,8931
1703707200,1.3209,1.32185,1.3204,1.32071,4581
1703721600,1.32046,1.32092,1.31943,1.31945,1781
1703736000,1.31944,1.32046,1.31917,1.31996,2415
1703750400,1.31996,1.32163,1.31876,1.32115,4681
1703764800,1.32112,1.32313,1.32035,1.3210899999999999,6116
1703779200,1.32108,1.32155,1.31816,1.32147,10441
1703793600,1.32146,1.32347,1.3213599999999999,1.32276,5391
1703808000,1.32277,1.3231600000000001,1.3222,1.32246,2380
1703822400,1.32247,1.32315,1.32217,1.32239,2645
1703836800,1.3223799999999999,1.32529,1.32237,1.325,4204
1703851200,1.3250199999999999,1.32643,1.3248,1.32554,5554
1703865600,1.32553,1.32603,1.3177400000000001,1.32061,13123
1703880000,1.32061,1.32545,1.32055,1.32518,6129
1704182400,1.3249900000000001,1.32526,1.32278,1.32525,3593
1704196800,1.32524,1.33081,1.3247499999999999,1.32986,7822
1704211200,1.32985,1.3328,1.32985,1.33041,16943
1704225600,1.33042,1.33331,1.33041,1.33218,5808
1704240000,1.33205,1.33285,1.33168,1.33251,2080
1704254400,1.33252,1.33308,1.33239,1.33264,2578
1704268800,1.3326500000000001,1.3333,1.33205,1.33247,5859
1704283200,1.3324799999999999,1.3363399999999999,1.33227,1.3361399999999999,7705
1704297600,1.33613,1.33669,1.33364,1.3360400000000001,16483
1704312000,1.3360400000000001,1.33711,1.33471,1.33513,10123
1704326400,1.33511,1.33521,1.33435,1.3346,2357
1704340800,1.33461,1.3354,1.3335,1.33395,2464
1704355200,1.33395,1.334,1.33166,1.33228,6713
1704369600,1.33231,1.3360699999999999,1.33163,1.33556,7943
1704384000,1.33558,1.33651,1.3341,1.33541,15199
1704398400,1.33541,1.33608,1.3345500000000001,1.33474,5734
1704412800,1.33459,1.33581,1.33406,1.33494,2227
1704427200,1.33495,1.33669,1.33456,1.33616,2458
1704441600,1.33615,1.33722,1.33542,1.33718,5940
1704456000,1.33717,1.33981,1.33564,1.33583,10779
1704470400,1.33583,1.33674,1.32866,1.33407,22578
1704484800,1.33407,1.33676,1.3336999999999999,1.33624,7960
1704672000,1.3341,1.3364099999999999,1.3341,1.33538,2687
1704686400,1.33539,1.3378,1.33537,1.33731,2991
1704700800,1.3373,1.33937,1.33582,1.33783,7630
1704715200,1.33782,1.33979,1.33755,1.3395000000000001,8204
1704729600,1.33949,1.34043,1.3358400000000001,1.33655,13485
1704744000,1.33656,1.3372,1.3345799999999999,1.33472,4721
1704758400,1.33463,1.33528,1.33433,1.33479,2330
1704772800,1.33478,1.33629,1.3339699999999999,1.3362,2496
1704787200,1.33619,1.33682,1.33487,1.33528,6113
1704801600,1.33527,1.33774,1.33508,1.33704,7123
1704816000,1.33704,1.34135,1.3366500000000001,1.33903,12615
1704830400,1.33904,1.34028,1.33837,1.33884,6642
1704844800,1.33868,1.33927,1.33804,1.33812,3124
1704859200,1.33811,1.33843,1.33765,1.33807,2717
1704873600,1.33808,1.33936,1.33653,1.3370199999999999,6421
1704888000,1.33701,1.3388900000000001,1.33646,1.33837,6611
1704902400,1.33837,1.33874,1.33718,1.33791,11665
1704916800,1.33792,1.33899,1.33753,1.33781,5088
1704931200,1.33766,1.33801,1.33637,1.33646,2498
1704945600,1.3364500000000001,1.33661,1.33562,1.3358400000000001,2785
1704960000,1.33582,1.33753,1.33548,1.3370199999999999,4686
1704974400,1.33701,1.34097,1.33498,1.34023,10477
1704988800,1.3402,1.34421,1.33686,1.3425,26466
1705003200,1.3425099999999999,1.34271,1.33908,1.3394,8221
1705017600,1.3393,1.3395000000000001,1.337,1.3371,2946
1705032000,1.3371,1.3385099999999999,1.33696,1.33782,2748
1705046400,1.33783,1.3382800000000001,1.33468,1.33557,5891
1705060800,1.33558,1.33853,1.33527,1.33542,9263
1705075200,1.33542,1.341,1.3342399999999999,1.3402,17241
1705089600,1.34018,1.34109,1.33948,1.34062,5439
1705276800,1.33956,1.3413300000000001,1.3391899999999999,1.33937,3660
1705291200,1.33936,1.33986,1.3381,1.33979,3293
1705305600,1.33979,1.34146,1.33888,1.3414,5466
1705320000,1.34142,1.34298,1.34088,1.34288,5639
1705334400,1.34287,1.34473,1.34268,1.34379,5359
1705348800,1.3437999999999999,1.34381,1.34241,1.3425,1201
1705363200,1.3422100000000001,1.3456299999999999,1.3421699999999999,1.3453300000000001,2836
1705377600,1.34532,1.34768,1.34532,1.34763,3132
1705392000,1.34764,1.34985,1.3471,1.34958,8021
1705406400,1.34958,1.34996,1.3444099999999999,1.3462399999999999,9304
1705420800,1.34623,1.34934,1.34562,1.34889,18771
1705435200,1.34889,1.35009,1.34829,1.34924,5753
1705449600,1.34908,1.34946,1.34828,1.34877,3101
1705464000,1.34876,1.35096,1.34794,1.3508,3874
1705478400,1.35079,1.35294,1.3505099999999999,1.35172,8729
1705492800,1.3517299999999999,1.35262,1.35096,1.35192,9920
1705507200,1.35193,1.35408,1.35036,1.35262,15175
1705521600,1.35263,1.35347,1.35062,1.35062,6001
1705536000,1.35054,1.3507500000000001,1.34883,1.34898,3064
1705550400,1.3489900000000001,1.34982,1.34829,1.3491900000000001,3485
1705564800,1.3492,1.35028,1.34798,1.34927,5958
1705579200,1.3492600000000001,1.35252,1.34816,1.35182,7524
1705593600,1.35182,1.35187,1.34885,1.35071,16035
1705608000,1.3507,1.35165,1.34856,1.34859,6473
1705622400,1.34853,1.3491,1.34822,1.34852,2910
1705636800,1.34856,1.34968,1.34808,1.34959,3144
1705651200,1.3496000000000001,1.35012,1.3465,1.34652,6731
1705665600,1.3465099999999999,1.34787,1.34538,1.34755,6363
1705680000,1.34756,1.34932,1.34577,1.34602,16491
1705694400,1.34601,1.34649,1.34262,1.34304,5961
1705881600,1.34279,1.34375,1.34202,1.34275,5244
1705896000,1.34275,1.34405,1.34239,1.3437700000000001,3279
1705910400,1.34378,1.34439,1.34229,1.34253,6132
1705924800,1.34252,1.34422,1.34142,1.34363,5629
1705939200,1.34364,1.34605,1.34252,1.34506,10419
1705953600,1.34505,1.34815,1.34505,1.34786,4038
1705968000,1.34775,1.34852,1.34717,1.34791,3087
1705982400,1.34792,1.34844,1.34573,1.34592,4998
1705996800,1.34593,1.34819,1.34525,1.34754,5786
1706011200,1.34755,1.34814,1.34638,1.34751,5952
1706025600,1.34751,1.34909,1.34661,1.34822,10810
1706040000,1.34821,1.34857,1.34581,1.34588,3657
1706054400,1.34583,1.34653,1.34552,1.34646,2585
1706068800,1.34645,1.34766,1.34645,1.34681,2972
1706083200,1.34681,1.34706,1.34372,1.34416,6137
1706097600,1.34416,1.3458999999999999,1.34301,1.34314,6981
1706112000,1.3431600000000001,1.34936,1.34292,1.34795,16667
1706126400,1.34795,1.35274,1.34787,1.35227,6818
1706140800,1.35206,1.35337,1.3513899999999999,1.3523800000000001,2888
1706155200,1.35237,1.35249,1.3514,1.35221,3380
1706169600,1.35222,1.3529,1.3504,1.35056,5981
1706184000,1.35058,1.35171,1.34874,1.3489900000000001,9041
1706198400,1.34898,1.35186,1.34845,1.34959,17083
1706212800,1.34957,1.35035,1.3467500000000001,1.34686,7132
1706227200,1.34694,1.34817,1.3469,1.3471199999999999,2202
1706241600,1.34713,1.3472,1.3462399999999999,1.34643,2717
1706256000,1.34642,1.34821,1.34544,1.3455300000000001,7039
1706270400,1.3455300000000001,1.3456000000000001,1.34135,1.34267,8852
1706284800,1.34265,1.34667,1.34181,1.3462399999999999,15452
1706299200,1.3462100000000001,1.34647,1.34428,1.34516,5876
1706486400,1.3447,1.34581,1.3444,1.3447,3134
1706500800,1.3446799999999999,1.34554,1.34443,1.3447200000000001,3475
1706515200,1.34473,1.3448,1.34288,1.34347,5656
1706529600,1.34348,1.34455,1.3424800000000001,1.3437299999999999,5839
1706544000,1.3437299999999999,1.34643,1.34323,1.34459,10119
1706558400,1.34458,1.34531,1.3409,1.34128,5642
1706572800,1.34124,1.34145,1.34009,1.34066,2780
1706587200,1.34067,1.34104,1.34006,1.3407200000000001,3394
1706601600,1.34071,1.34144,1.33999,1.34037,6139
1706616000,1.34036,1.34378,1.33981,1.34365,6353
1706630400,1.34364,1.34454,1.3405,1.3412600000000001,14084
1706644800,1.34127,1.34155,1.33947,1.3396,4642
1706659200,1.33962,1.34104,1.33962,1.34104,3556
1706673600,1.34105,1.34227,1.3410199999999999,1.34174,3708
1706688000,1.34173,1.34244,1.3409200000000001,1.34218,5941
1706702400,1.34219,1.34364,1.3391199999999999,1.33955,7577
1706716800,1.33956,1.33985,1.33576,1.33917,17653
1706731200,1.33917,1.34452,1.33661,1.3434,21928
1706745600,1.3433,1.34391,1.34218,1.34325,3411
1706760000,1.34326,1.34471,1.34189,1.34469,4798
1706774400,1.34469,1.34633,1.3442,1.34452,7949
1706788800,1.34451,1.34616,1.34353,1.3440400000000001,9823
1706803200,1.34403,1.3452600000000001,1.33671,1.33811,21816
1706817600,1.33812,1.3391600000000001,1.33696,1.33835,8922
1706832000,1.33829,1.33842,1.33713,1.33737,2901
1706846400,1.33735,1.33777,1.33687,1.3375,3541
1706860800,1.3375,1.33809,1.33669,1.33683,6315
1706875200,1.33683,1.34344,1.33649,1.34341,9932
1706889600,1.34341,1.34745,1.34333,1.34664,21133
1706904000,1.34662,1.34689,1.34536,1.3462399999999999,6672
1707091200,1.34581,1.34884,1.34578,1.34722,4984
1707105600,1.3472,1.34791,1.34689,1.34699,5218
1707120000,1.34698,1.34882,1.3465799999999999,1.34859,6780
1707134400,1.34859,1.35138,1.3481,1.35114,5958
1707148800,1.35113,1.3543,1.35011,1.35269,14243
1707163200,1.3526799999999999,1.35428,1.35217,1.3541400000000001,5719
1707177600,1.35396,1.35429,1.3519700000000001,1.35217,3032
1707192000,1.35216,1.35242,1.3508200000000001,1.35122,5313
1707206400,1.35123,1.35337,1.3504800000000001,1.35333,6703
1707220800,1.35333,1.35419,1.35206,1.35335,8702
1707235200,1.35337,1.3538999999999999,1.34821,1.34866,17411
1707249600,1.34867,1.34943,1.34757,1.34914,7444
1707264000,1.34893,1.34915,1.34764,1.34772,3668
1707278400,1.34771,1.34876,1.34733,1.34839,4601
1707292800,1.3484,1.3489,1.3469,1.34705,8289
1707307200,1.34706,1.3485,1.34543,1.34653,9127
1707321600,1.34652,1.3480400000000001,1.34593,1.34728,16545
1707336000,1.34727,1.34786,1.3458999999999999,1.34615,6749
1707350400,1.34607,1.34639,1.34527,1.34537,2704
1707364800,1.34536,1.34577,1.34475,1.34539,3754
1707379200,1.3454,1.3469,1.3447200000000001,1.3462399999999999,6757
1707393600,1.34623,1.34921,1.34603,1.34859,9060
1707408000,1.3486099999999999,1.34867,1.34591,1.3464800000000001,14038
1707422400,1.34647,1.34657,1.34515,1.34574,5703
1707436800,1.3456000000000001,1.34623,1.34524,1.34613,2855
1707451200,1.34612,1.3465099999999999,1.3458,1.34639,3522
1707465600,1.34638,1.34643,1.3449,1.34565,6478
1707480000,1.34565,1.34598,1.34118,1.34371,10720
1707494400,1.34372,1.3481,1.34303,1.3469,13623
1707508800,1.3469,1.34698,1.34522,1.3458700000000001,4697
1707696000,1.34534,1.34645,1.34519,1.34579,1916
1707710400,1.34578,1.34636,1.34575,1.34606,1791
1707724800,1.34606,1.34677,1.34497,1.34647,6777
1707739200,1.34646,1.34744,1.34613,1.3472,6770
1707753600,1.34721,1.34725,1.3433,1.34354,10735
1707768000,1.34353,1.34583,1.34295,1.34503,5788
1707782400,1.34498,1.34559,1.34479,1.3452,1636
1707796800,1.3452,1.34602,1.3452,1.34571,2972
1707811200,1.34571,1.34622,1.3446500000000001,1.34501,5883
1707825600,1.345,1.3528,1.34345,1.3523100000000001,11189
1707840000,1.3523,1.35777,1.3519,1.35684,19889
1707854400,1.3568500000000001,1.35854,1.3562400000000001,1.35638,6776
1707868800,1.3562699999999999,1.35716,1.35501,1.35638,3396
1707883200,1.35639,1.35676,1.35556,1.35569,2641
1707897600,1.3557000000000001,1.35606,1.35407,1.35426,7719
1707912000,1.35426,1.35533,1.35303,1.35504,8148
1707926400,1.35503,1.35621,1.35428,1.3547,16715
1707940800,1.3547,1.35525,1.35399,1.35415,6088
1707955200,1.35404,1.35462,1.3536000000000001,1.3544399999999999,2297
1707969600,1.35443,1.35506,1.35393,1.3544100000000001,2206
1707984000,1.35439,1.3545099999999999,1.35285,1.35362,5211
1707998400,1.35361,1.35418,1.35104,1.35165,9302
1708012800,1.35165,1.35235,1.34747,1.34877,15419
1708027200,1.34877,1.34878,1.34628,1.3463,5902
1708041600,1.3463,1.34821,1.34601,1.34772,2647
1708056000,1.3477299999999999,1.34852,1.34768,1.3482,3084
1708070400,1.34819,1.3485,1.34751,1.34798,5287
1708084800,1.34795,1.35068,1.34715,1.34949,8290
1708099200,1.34948,1.35052,1.3468499999999999,1.3474300000000001,15166
1708113600,1.3474300000000001,1.34916,1.34688,1.34851,5785
1708300800,1.34725,1.3483399999999999,1.34673,1.34774,3424
1708315200,1.34775,1.34828,1.34749,1.34767,3085
1708329600,1.34766,1.34787,1.34705,1.34734,4950
1708344000,1.34734,1.34803,1.34706,1.34793,4920
1708358400,1.34793,1.34958,1.34762,1.3489900000000001,3749
1708372800,1.3489900000000001,1.34906,1.34876,1.34882,621
1708387200,1.34872,1.35046,1.34849,1.35043,2375
1708401600,1.35043,1.35108,1.35032,1.3507,2876
1708416000,1.3507,1.35098,1.3489499999999999,1.3492,4662
1708430400,1.3492,1.35243,1.34715,1.35135,9625
1708444800,1.35135,1.3529,1.34973,1.35193,15363
1708459200,1.35193,1.35273,1.3516,1.35233,6171
1708473600,1.35225,1.35278,1.35169,1.35179,2536
1708488000,1.3518,1.35183,1.3504399999999999,1.35083,3314
1708502400,1.3508200000000001,1.35355,1.3507,1.35257,6606
1708516800,1.35259,1.3532600000000001,1.35187,1.35227,7392
1708531200,1.35229,1.35273,1.35012,1.35077,13387
1708545600,1.35077,1.35201,1.34934,1.35049,9633
1708560000,1.35028,1.35037,1.34826,1.34871,2737
1708574400,1.3487,1.34947,1.34747,1.34778,3368
1708588800,1.34778,1.34803,1.34402,1.34509,7989
1708603200,1.34509,1.35066,1.34504,1.35046,9308
1708617600,1.35046,1.3507,1.34822,1.34913,15719
1708632000,1.34912,1.34981,1.34794,1.34798,6214
1708646400,1.3479700000000001,1.3494,1.34776,1.34817,3058
1708660800,1.34817,1.34853,1.34771,1.34799,2458
1708675200,1.34799,1.35012,1.3471600000000001,1.34964,5970
1708689600,1.34965,1.34981,1.3461,1.3463,8792
1708704000,1.34631,1.35169,1.34631,1.34961,12715
1708718400,1.34961,1.35068,1.349,1.3506,5133
1708905600,1.34906,1.35188,1.3490199999999999,1.35128,2972
1708920000,1.35127,1.35172,1.3506,1.35091,2246
1708934400,1.3509,1.35279,1.35076,1.35218,5288
1708948800,1.35218,1.35245,1.35004,1.35012,6113
1708963200,1.3501400000000001,1.35248,1.34994,1.35167,9524
1708977600,1.35167,1.3520400000000001,1.34996,1.3505099999999999,3766
1708992000,1.3504800000000001,1.35093,1.34993,1.35065,2681
1709006400,1.35063,1.35128,1.34995,1.35012,3010
1709020800,1.35013,1.35026,1.34896,1.3492,5895
1709035200,1.3491900000000001,1.35045,1.3483800000000001,1.34981,6744
1709049600,1.34981,1.35386,1.3494,1.35223,10709
1709064000,1.35224,1.3535599999999999,1.35155,1.35276,4717
1709078400,1.35267,1.35375,1.35198,1.35333,2611
1709092800,1.35334,1.35495,1.35323,1.3547500000000001,2645
1709107200,1.35476,1.35868,1.35445,1.35867,6195
1709121600,1.35867,1.36054,1.3568799999999999,1.35786,9277
1709136000,1.3578700000000001,1.35798,1.35583,1.35697,10747
1709150400,1.35697,1.35824,1.35659,1.35766,4677
1709164800,1.35763,1.3584399999999999,1.35742,1.35799,2531
1709179200,1.35798,1.358,1.35686,1.35735,2790
1709193600,1.35737,1.35853,1.35704,1.35845,7086
1709208000,1.35845,1.35967,1.35575,1.35647,9238
1709222400,1.35647,1.35843,1.35403,1.35777,14635
1709236800,1.35777,1.35802,1.35674,1.3578700000000001,5297
1709251200,1.35761,1.35811,1.35632,1.35654,3104
1709265600,1.35654,1.35717,1.35606,1.35697,2029
1709280000,1.3569499999999999,1.35913,1.35646,1.35761,5733
1709294400,1.35764,1.35854,1.35683,1.3584800000000001,8027
1709308800,1.35849,1.36009,1.3544399999999999,1.35531,14807
1709323200,1.35531,1.35615,1.35516,1.35583,4678
1709510400,1.35471,1.35628,1.3544800000000001,1.35608,2370
1709524800,1.35608,1.35654,1.35559,1.3563399999999999,2201
1709539200,1.35635,1.3571900000000001,1.35555,1.35617,5088
1709553600,1.35616,1.35832,1.35576,1.3566099999999999,7066
1709568000,1.35662,1.3576,1.35559,1.35704,10088
1709582400,1.35706,1.3580999999999999,1.35676,1.35725,4504
1709596800,1.35714,1.35789,1.35684,1.3572199999999999,2711
1709611200,1.35718,1.35854,1.35707,1.35846,2953
1709625600,1.35845,1.36044,1.35819,1.3587799999999999,5039
1709640000,1.35877,1.35974,1.35788,1.35881,6019
1709654400,1.3588,1.35899,1.35548,1.35757,12973
1709668800,1.35758,1.3599,1.35738,1.35921,6463
1709683200,1.35921,1.35993,1.35842,1.35859,2222
1709697600,1.35858,1.35887,1.35793,1.35823,2588
1709712000,1.35822,1.35937,1.35792,1.35805,4867
1709726400,1.35804,1.35889,1.35644,1.35652,8016
1709740800,1.35653,1.35677,1.35032,1.35045,14319
1709755200,1.35046,1.35226,1.34982,1.35138,8400
1709769600,1.35134,1.3522,1.35077,1.35151,3181
1709784000,1.35149,1.35246,1.35027,1.35108,3597
1709798400,1.35111,1.35155,1.35033,1.35062,5514
1709812800,1.35062,1.3508200000000001,1.34814,1.34854,8220
1709827200,1.34853,1.3495599999999999,1.34605,1.34698,11586
1709841600,1.34697,1.34698,1.34536,1.34579,4236
1709856000,1.34573,1.3459400000000001,1.34461,1.34501,2421
1709870400,1.345,1.3456000000000001,1.34444,1.34449,2399
1709884800,1.34448,1.34486,1.34311,1.34362,5739
1709899200,1.34362,1.3467799999999999,1.3419400000000001,1.34466,10180
1709913600,1.34467,1.34845,1.34353,1.34816,19092
1709928000,1.34817,1.34972,1.34808,1.34843,6173
1710115200,1.34784,1.34904,1.34734,1.34753,3181
1710129600,1.34752,1.34873,1.34752,1.34798,2920
1710144000,1.34799,1.3492,1.34688,1.34713,6476
1710158400,1.34714,1.3508,1.3470900000000001,1.3504,7996
1710172800,1.35039,1.3509,1.34771,1.34837,9649
1710187200,1.34837,1.34909,1.34778,1.3483399999999999,3536
1710201600,1.34811,1.34815,1.34742,1.34751,1845
1710216000,1.3475,1.3480699999999999,1.34711,1.34745,2738
1710230400,1.34744,1.34788,1.34687,1.34726,4978
1710244800,1.34725,1.35248,1.3466,1.3507,16558
1710259200,1.3507,1.3513600000000001,1.34903,1.34997,12413
1710273600,1.34998,1.3501400000000001,1.34882,1.34898,2687
1710288000,1.3490199999999999,1.34965,1.34891,1.34952,2155
1710302400,1.34952,1.34969,1.34896,1.34915,3100
1710316800,1.34914,1.34976,1.34847,1.34907,4782
1710331200,1.34907,1.3496299999999999,1.34741,1.3474599999999999,6829
1710345600,1.3474599999999999,1.34767,1.34584,1.34616,8845
1710360000,1.3461699999999999,1.34727,1.34602,1.34672,3234
1710374400,1.34677,1.3471600000000001,1.34618,1.34641,2182
1710388800,1.3464,1.34793,1.34633,1.34778,2970
1710403200,1.3477700000000001,1.34806,1.3463,1.34636,4676
1710417600,1.34637,1.34944,1.34588,1.34931,11605
1710432000,1.34931,1.35341,1.34925,1.3525,10566
1710446400,1.35249,1.35404,1.35239,1.3529200000000001,3966
1710460800,1.35284,1.35411,1.35284,1.35402,2755
1710475200,1.35401,1.3542399999999999,1.35333,1.3535300000000001,3203
1710489600,1.35354,1.3549,1.35281,1.35291,4715
1710504000,1.35293,1.35354,1.35163,1.35256,7912
1710518400,1.35256,1.3551,1.35094,1.35456,9584
1710532800,1.35456,1.35486,1.35352,1.35373,3089
1710720000,1.35334,1.35498,1.35321,1.35384,2261
1710734400,1.35384,1.35396,1.35334,1.35368,2329
1710748800,1.35366,1.35375,1.35203,1.35355,4001
1710763200,1.35354,1.3548200000000001,1.35302,1.35469,6735
1710777600,1.35468,1.35507,1.3537,1.35385,6853
1710792000,1.35385,1.3541,1.35275,1.35317,2216
1710806400,1.35317,1.3550900000000001,1.35313,1.3547,2242
1710820800,1.35469,1.35633,1.35344,1.35611,4839
1710835200,1.35611,1.35797,1.35587,1.35766,5601
1710849600,1.35765,1.36112,1.35647,1.36103,8077
1710864000,1.36103,1.3612600000000001,1.35516,1.35612,8313
1710878400,1.35611,1.35702,1.35547,1.35591,3100
1710892800,1.3559999999999999,1.3580999999999999,1.3559999999999999,1.35724,2136
1710907200,1.35725,1.3582,1.35678,1.35816,2909
1710921600,1.35816,1.3604,1.35724,1.36029,4217
1710936000,1.36029,1.36037,1.3583,1.35872,6562
1710950400,1.3587099999999999,1.35884,1.35466,1.35466,6714
1710964800,1.35463,1.35464,1.34813,1.34937,16059
1710979200,1.34935,1.34935,1.34633,1.34673,3669
1710993600,1.34672,1.34706,1.3461400000000001,1.34656,2876
1711008000,1.3465500000000001,1.35029,1.34552,1.34871,6228
1711022400,1.34872,1.35213,1.34814,1.35001,9197
1711036800,1.35,1.35408,1.34998,1.35374,9730
1711051200,1.35371,1.35374,1.35244,1.35263,3085
1711065600,1.35264,1.35455,1.35185,1.3545099999999999,2523
1711080000,1.3545099999999999,1.35628,1.35423,1.3556599999999999,3910
1711094400,1.35567,1.3575,1.35545,1.35736,5898
1711108800,1.35736,1.3588,1.35609,1.35734,8306
1711123200,1.35733,1.36114,1.35691,1.36059,7599
1711137600,1.3606,1.36133,1.35969,1.35969,2359
1711324800,1.35993,1.3613,1.35924,1.35959,3563
1711339200,1.35958,1.3602,1.3584800000000001,1.35976,3491
1711353600,1.35977,1.3605800000000001,1.35864,1.35933,4565
1711368000,1.3593199999999999,1.35946,1.35747,1.35763,5736
1711382400,1.35764,1.35872,1.35698,1.35804,5960
1711396800,1.35805,1.3588,1.3578700000000001,1.35839,2402
1711411200,1.35836,1.35863,1.35723,1.35767,2282
1711425600,1.35769,1.35862,1.3572199999999999,1.35819,2516
1711440000,1.35821,1.35896,1.35645,1.35703,5133
1711454400,1.35701,1.35702,1.3552,1.35637,5847
1711468800,1.35642,1.35796,1.35591,1.3576,7640
1711483200,1.35761,1.3587799999999999,1.35641,1.35804,2382
1711497600,1.3580999999999999,1.35982,1.35802,1.35942,2443
1711512000,1.3594300000000001,1.35985,1.3589,1.35916,3108
1711526400,1.35917,1.36072,1.35881,1.35941,4846
1711540800,1.35942,1.3605,1.35839,1.3584100000000001,5800
1711555200,1.3584,1.3593,1.35701,1.3585099999999999,6824
1711569600,1.35852,1.3587099999999999,1.35636,1.3565,2270
1711584000,1.35659,1.35901,1.35659,1.35842,2837
1711598400,1.35842,1.35843,1.35693,1.3578299999999999,3630
1711612800,1.3578299999999999,1.36128,1.35774,1.36116,3842
1711627200,1.36115,1.36125,1.3551199999999999,1.35521,6731
1711641600,1.35513,1.35599,1.35243,1.35361,8608
1711656000,1.35362,1.35497,1.35282,1.35359,2986
1711670400,1.35359,1.35395,1.35253,1.3538299999999999,3085
1711684800,1.3538000000000001,1.35526,1.35334,1.35511,1416
1711699200,1.3551199999999999,1.35601,1.35479,1.35498,1363
1711713600,1.35499,1.3554599999999999,1.3535,1.35436,3576
1711728000,1.35436,1.35464,1.3532899999999999,1.3541,2110
1711742400,1.35409,1.35462,1.35291,1.35366,1831
1711929600,1.35279,1.35415,1.3514300000000001,1.35226,4440
1711944000,1.35227,1.35321,1.3520400000000001,1.35283,2725
1711958400,1.35283,1.35344,1.3523800000000001,1.3528,2677
1711972800,1.35281,1.35691,1.35247,1.35586,3874
1711987200,1.35585,1.35842,1.35442,1.35758,8455
1712001600,1.35759,1.35857,1.35686,1.35687,2648
1712016000,1.35684,1.35769,1.35649,1.35739,1989
1712030400,1.35738,1.35821,1.3569,1.35792,3097
1712044800,1.35792,1.35834,1.35578,1.3563399999999999,4980
1712059200,1.35636,1.35728,1.35558,1.35705,5267
1712073600,1.35706,1.3583,1.35614,1.35709,9962
1712088000,1.35707,1.35765,1.35638,1.35651,2996
1712102400,1.35645,1.357,1.35599,1.35699,1635
1712116800,1.35699,1.35738,1.35598,1.35672,3213
1712131200,1.35671,1.35882,1.35659,1.35796,4150
1712145600,1.35797,1.35805,1.35616,1.35671,7169
1712160000,1.3567,1.3572,1.35108,1.35298,18605
1712174400,1.35298,1.35375,1.35227,1.35257,5778
1712188800,1.35248,1.35275,1.35162,1.35169,1895
1712203200,1.35169,1.35214,1.35111,1.3514599999999999,2450
1712217600,1.3514599999999999,1.3514599999999999,1.35026,1.35038,4087
1712232000,1.35038,1.35049,1.34808,1.34852,4105
1712246400,1.34852,1.35011,1.34772,1.35001,6539
1712260800,1.35001,1.35583,1.34994,1.3542399999999999,7620
1712275200,1.35406,1.35507,1.35343,1.35468,3551
1712289600,1.35468,1.35775,1.35459,1.35707,4311
1712304000,1.35708,1.35717,1.35569,1.3561,5048
1712318400,1.35611,1.36318,1.35494,1.3627799999999999,8682
1712332800,1.36279,1.36466,1.35743,1.3584399999999999,15094
1712347200,1.35843,1.3593199999999999,1.35804,1.35881,5972
1712534400,1.35876,1.3616,1.35876,1.36109,2398
1712548800,1.3611,1.3611900000000001,1.35831,1.36008,5381
1712563200,1.36006,1.36051,1.35872,1.35976,6420
1712577600,1.35975,1.36005,1.35792,1.35819,5345
1712592000,1.35818,1.3599,1.35689,1.35824,11481
1712606400,1.35823,1.35842,1.35697,1.35697,3730
1712620800,1.35699,1.35743,1.35677,1.3571900000000001,1785
1712635200,1.35718,1.35843,1.35691,1.35773,3201
1712649600,1.35774,1.35826,1.357,1.35728,4061
1712664000,1.35727,1.3578700000000001,1.3559700000000001,1.35645,5845
1712678400,1.35646,1.35979,1.35463,1.35842,12599
1712692800,1.35842,1.35898,1.35677,1.35703,4826
1712707200,1.3569499999999999,1.35736,1.3566099999999999,1.35662,1278
1712721600,1.35662,1.3571900000000001,1.35612,1.3569,4165
1712736000,1.35691,1.35707,1.3558,1.35629,5064
1712750400,1.35629,1.36506,1.35553,1.36479,10227
1712764800,1.36478,1.37003,1.3637299999999999,1.36887,23838
1712779200,1.3688799999999999,1.37019,1.36696,1.36801,11480
1712793600,1.36777,1.36929,1.36693,1.36872,2466
1712808000,1.36872,1.36897,1.36757,1.36764,4164
1712822400,1.36764,1.36944,1.36727,1.36852,6391
1712836800,1.36853,1.36926,1.36602,1.36694,11250
1712851200,1.36693,1.37249,1.36627,1.37023,17740
1712865600,1.37022,1.3707,1.36735,1.36874,5749
1712880000,1.3687,1.3691499999999999,1.3682,1.36853,1799
1712894400,1.36852,1.37079,1.36813,1.37077,3370
1712908800,1.37076,1.3736,1.3703,1.37358,6762
1712923200,1.37357,1.37701,1.3731499999999999,1.37633,8365
1712937600,1.37632,1.37748,1.37406,1.37727,18948
1712952000,1.37727,1.37865,1.37642,1.377,7612
1713139200,1.37729,1.3777300000000001,1.37533,1.37667,3077
1713153600,1.37666,1.37808,1.3753600000000001,1.37537,5838
1713168000,1.3753600000000001,1.37591,1.3733,1.37375,8079
1713182400,1.3737599999999999,1.37595,1.37326,1.37365,8101
1713196800,1.37363,1.3772199999999999,1.37245,1.37609,14915
1713211200,1.3761,1.37926,1.37571,1.37886,8637
1713225600,1.37878,1.37942,1.3783,1.37941,2008
1713240000,1.3794,1.38132,1.37914,1.37972,5679
1713254400,1.37972,1.38101,1.37892,1.3797,8882
1713268800,1.37969,1.38218,1.37736,1.38171,10415
1713283200,1.38171,1.3845,1.3811499999999999,1.38218,19227
1713297600,1.38217,1.38448,1.38011,1.383,14630
1713312000,1.38278,1.38282,1.3814,1.38217,2793
1713326400,1.38218,1.38248,1.3808799999999999,1.38195,5272
1713340800,1.38194,1.3837,1.38004,1.38061,8518
1713355200,1.38062,1.3815,1.38003,1.38075,6765
1713369600,1.38076,1.38178,1.37823,1.3804699999999999,17629
1713384000,1.38046,1.38065,1.3759000000000001,1.3771499999999999,10236
1713398400,1.37713,1.3774899999999999,1.37615,1.3768799999999999,2134
1713412800,1.37687,1.3771,1.37492,1.37526,4499
1713427200,1.37526,1.37592,1.37412,1.37535,7325
1713441600,1.37534,1.37663,1.3749,1.37544,7943
1713456000,1.37544,1.37707,1.37453,1.37639,17954
1713470400,1.37639,1.3780999999999999,1.37637,1.37684,8156
1713484800,1.37676,1.37813,1.37641,1.37785,2663
1713499200,1.37787,1.38034,1.37668,1.37777,17941
1713513600,1.37778,1.37889,1.37456,1.37612,10405
1713528000,1.37611,1.3775,1.3743400000000001,1.3756599999999999,9191
1713542400,1.3756599999999999,1.37672,1.37228,1.3740999999999999,17304
1713556800,1.37409,1.37568,1.37368,1.3748,8311
1713744000,1.37395,1.37515,1.3726099999999999,1.37404,2925
1713758400,1.37406,1.3740999999999999,1.37146,1.37271,4256
1713772800,1.3727,1.37384,1.37183,1.37284,6955
1713787200,1.3728500000000001,1.37296,1.37147,1.37266,7013
1713801600,1.37266,1.37489,1.37094,1.37099,10416
1713816000,1.3709799999999999,1.3709799999999999,1.3686,1.3697599999999999,5102
1713830400,1.36968,1.3702,1.36921,1.36925,1616
1713844800,1.36926,1.3704,1.36893,1.36979,5102
1713859200,1.36977,1.37074,1.36878,1.37072,7264
1713873600,1.37073,1.37134,1.36925,1.36931,5895
1713888000,1.36932,1.3704,1.3655300000000001,1.36673,15441
1713902400,1.36673,1.36681,1.3657599999999999,1.36609,4259
1713916800,1.36599,1.36636,1.36562,1.36579,1722
1713931200,1.3658000000000001,1.36653,1.3654,1.36642,3630
1713945600,1.3664399999999999,1.36819,1.36596,1.36795,5741
1713960000,1.36795,1.37146,1.3675,1.37111,6386
1713974400,1.3711,1.3728,1.36966,1.3716300000000001,12878
1713988800,1.37161,1.37179,1.36938,1.3702,5357
1714003200,1.37002,1.37062,1.36927,1.3697,1607
1714017600,1.36969,1.37038,1.3688799999999999,1.36906,3358
1714032000,1.36905,1.36926,1.3670200000000001,1.36716,5285
1714046400,1.36717,1.37121,1.36639,1.37072,8735
1714060800,1.37067,1.37303,1.36762,1.36789,17847
1714075200,1.36789,1.36812,1.3649499999999999,1.3655599999999999,7301
1714089600,1.36544,1.36608,1.36517,1.3658000000000001,1771
1714104000,1.36579,1.36622,1.36504,1.36523,4156
1714118400,1.36523,1.36532,1.3636300000000001,1.36446,6325
1714132800,1.36446,1.3664100000000001,1.36292,1.36509,9396
1714147200,1.36508,1.3694899999999999,1.36482,1.36721,12953
1714161600,1.3672,1.36733,1.36529,1.36674,3650
1714348800,1.3665,1.36664,1.36506,1.3652199999999999,1403
1714363200,1.3652199999999999,1.36573,1.3630900000000001,1.36376,5941
1714377600,1.36377,1.3662,1.3636300000000001,1.36571,7244
1714392000,1.36571,1.36674,1.36453,1.36594,5302
1714406400,1.36594,1.36761,1.3643,1.36501,8887
1714420800,1.36501,1.3672,1.36469,1.36591,5383
1714435200,1.36593,1.36714,1.36547,1.36674,1852
1714449600,1.36673,1.36829,1.36621,1.36803,2727
1714464000,1.36804,1.37002,1.36784,1.36959,5126
1714478400,1.36958,1.37356,1.36731,1.37317,11775
1714492800,1.37316,1.37602,1.37188,1.37547,23281
1714507200,1.37546,1.37733,1.37499,1.3772199999999999,7893
1714521600,1.3768500000000001,1.37823,1.3759000000000001,1.37789,2976
1714536000,1.3779,1.37816,1.3773,1.37784,2647
1714550400,1.37784,1.37819,1.37682,1.37714,4892
1714564800,1.37714,1.37754,1.37578,1.37614,8233
1714579200,1.37614,1.37732,1.3744399999999999,1.37663,16733
1714593600,1.37662,1.37732,1.37029,1.37344,26726
1714608000,1.37323,1.3737599999999999,1.37208,1.37317,3653
1714622400,1.37318,1.37362,1.3716,1.37221,6128
1714636800,1.37221,1.37242,1.3704399999999999,1.3716599999999999,11657
1714651200,1.37165,1.3728,1.3704,1.37189,11204
1714665600,1.37188,1.37287,1.36852,1.36894,21810
1714680000,1.36893,1.3691,1.36687,1.36717,8729
1714694400,1.3671,1.36737,1.36615,1.36627,3330
1714708800,1.36627,1.36666,1.36547,1.36655,6331
1714723200,1.36655,1.36747,1.36571,1.36625,8860
1714737600,1.36624,1.36677,1.36087,1.36269,12861
1714752000,1.36272,1.36909,1.3616,1.36845,31092
1714766400,1.36846,1.36886,1.36788,1.36845,6493
1714953600,1.36752,1.36963,1.36748,1.36865,2041
1714968000,1.36866,1.36873,1.36738,1.3685399999999999,4120
1714982400,1.36855,1.36881,1.36719,1.36779,5668
1714996800,1.36777,1.36796,1.36589,1.36603,5187
1715011200,1.36603,1.36685,1.36473,1.36628,8240
1715025600,1.36628,1.3670900000000001,1.36566,1.36631,3562
1715040000,1.36615,1.36721,1.3655,1.36628,2148
1715054400,1.36628,1.3682,1.36603,1.36778,4571
1715068800,1.36777,1.36903,1.3673600000000001,1.36776,6089
1715083200,1.36777,1.36882,1.36712,1.3673,6051
1715097600,1.3672900000000001,1.37165,1.36689,1.37121,9911
1715112000,1.3712,1.37406,1.37113,1.37246,5457
1715126400,1.37216,1.37379,1.37112,1.37371,2069
1715140800,1.3737,1.3754,1.37363,1.3752499999999999,4688
1715155200,1.37526,1.37598,1.37492,1.37553,5784
1715169600,1.37552,1.37619,1.3744100000000001,1.37504,5545
1715184000,1.37504,1.37508,1.37167,1.37263,9682
1715198400,1.37263,1.37344,1.37249,1.3725100000000001,3273
1715212800,1.37222,1.37334,1.37126,1.3731200000000001,2045
1715227200,1.3731,1.37336,1.37196,1.3725800000000001,3500
1715241600,1.37257,1.37372,1.37234,1.37313,4304
1715256000,1.37313,1.37348,1.37046,1.37065,7150
1715270400,1.37064,1.37207,1.36798,1.3685800000000001,10634
1715284800,1.3685800000000001,1.36887,1.3673600000000001,1.36757,4562
1715299200,1.36755,1.36817,1.36713,1.3679999999999999,1831
1715313600,1.36799,1.36897,1.36737,1.36863,3235
1715328000,1.36863,1.36863,1.36767,1.36821,5033
1715342400,1.3682,1.36883,1.3627799999999999,1.36482,6136
1715356800,1.36482,1.3672900000000001,1.36307,1.36689,10947
1715371200,1.36688,1.36761,1.36661,1.3670499999999999,3490
1715558400,1.36684,1.36818,1.3664,1.3679700000000001,2104
1715572800,1.3679700000000001,1.36889,1.36791,1.36825,3883
1715587200,1.36825,1.36841,1.3671,1.36716,4365
1715601600,1.36715,1.36807,1.36627,1.36721,5338
1715616000,1.36721,1.36832,1.36601,1.3672900000000001,8702
1715630400,1.3672900000000001,1.36789,1.3664399999999999,1.36661,3185
1715644800,1.36658,1.36733,1.36628,1.3670900000000001,1578
1715659200,1.3670900000000001,1.36843,1.36683,1.36785,3627
1715673600,1.36786,1.36816,1.36734,1.36765,4276
1715688000,1.36767,1.36893,1.36418,1.36465,9107
1715702400,1.36467,1.36616,1.36317,1.36597,13071
1715716800,1.36597,1.3664100000000001,1.3646099999999999,1.36491,3311
1715731200,1.36483,1.36539,1.3645399999999999,1.3649499999999999,1463
1715745600,1.36494,1.36516,1.36367,1.36437,3111
1715760000,1.36436,1.36443,1.36239,1.3625099999999999,4855
1715774400,1.36252,1.36358,1.35887,1.3620700000000001,9683
1715788800,1.36206,1.36601,1.3594,1.35998,15974
1715803200,1.3599700000000001,1.36071,1.35947,1.36014,4654
1715817600,1.36005,1.36045,1.35892,1.359,2963
1715832000,1.35899,1.36114,1.35896,1.36075,5496
1715846400,1.36074,1.36249,1.36054,1.36223,5867
1715860800,1.36222,1.3633899999999999,1.36167,1.363,6389
1715875200,1.36301,1.36405,1.36052,1.3615599999999999,9069
1715889600,1.36157,1.3620700000000001,1.36106,1.36173,3692
1715904000,1.3615599999999999,1.36223,1.36068,1.3620999999999999,1902
1715918400,1.36209,1.36308,1.36181,1.3624399999999999,4074
1715932800,1.36245,1.36408,1.36158,1.36361,4746
1715947200,1.36361,1.3643100000000001,1.36261,1.36263,4340
1715961600,1.36263,1.36287,1.36005,1.36135,10344
1715976000,1.36135,1.3620700000000001,1.3605800000000001,1.36098,4336
1716163200,1.36117,1.36139,1.36037,1.36076,2456
1716177600,1.36077,1.36118,1.35994,1.36019,4568
1716192000,1.36018,1.3618299999999999,1.36009,1.36105,5778
1716206400,1.36106,1.36346,1.36093,1.36317,4616
1716220800,1.36316,1.36316,1.35942,1.3616,9641
1716235200,1.36161,1.36258,1.36115,1.36234,3663
1716249600,1.36228,1.36287,1.36209,1.3627099999999999,1603
1716264000,1.3627099999999999,1.36433,1.36259,1.3635,5133
1716278400,1.36349,1.36379,1.36242,1.36296,5596
1716292800,1.36297,1.3664,1.36128,1.36578,7002
1716307200,1.36579,1.3673600000000001,1.36364,1.36477,13360
1716321600,1.36478,1.36555,1.36468,1.3654,4749
1716336000,1.36525,1.36525,1.36269,1.3637299999999999,2884
1716350400,1.36372,1.36439,1.36231,1.36429,5720
1716364800,1.36429,1.36627,1.3636,1.36594,6455
1716379200,1.36595,1.36775,1.36479,1.36748,7122
1716393600,1.36747,1.36764,1.36571,1.36616,11054
1716408000,1.36615,1.3697599999999999,1.3656,1.3691900000000001,8211
1716422400,1.36909,1.36929,1.36839,1.3688500000000001,2359
1716436800,1.36886,1.36957,1.36778,1.36816,5420
1716451200,1.36816,1.3685800000000001,1.36747,1.3676599999999999,7231
1716465600,1.36767,1.36786,1.36632,1.36663,6697
1716480000,1.36663,1.37089,1.3656,1.37085,16478
1716494400,1.37086,1.37426,1.3707500000000001,1.37296,8845
1716508800,1.37286,1.37366,1.37265,1.37327,2391
1716523200,1.37326,1.37378,1.37255,1.37337,4745
1716537600,1.37338,1.37378,1.37188,1.37214,5660
1716552000,1.37214,1.37265,1.37072,1.37123,6716
1716566400,1.37122,1.3713600000000001,1.36524,1.3656,13002
1716580800,1.36559,1.36676,1.3647,1.3665,5058
1716768000,1.3661400000000001,1.3670200000000001,1.36559,1.36662,1886
1716782400,1.36662,1.36682,1.36618,1.36647,2547
1716796800,1.36648,1.36666,1.36571,1.36598,3987
1716811200,1.36598,1.36634,1.36503,1.3651200000000001,4451
1716825600,1.36511,1.36511,1.3629,1.36321,5390
1716840000,1.36321,1.36335,1.36296,1.36317,944
1716854400,1.36311,1.3633899999999999,1.36227,1.3626800000000001,1708
1716868800,1.3626800000000001,1.36274,1.36141,1.36204,4391
1716883200,1.36203,1.3630200000000001,1.36185,1.3626800000000001,5721
1716897600,1.3626800000000001,1.3631199999999999,1.36144,1.36193,6249
1716912000,1.36191,1.36497,1.36176,1.36338,13496
1716926400,1.3633899999999999,1.36531,1.36323,1.36455,7378
1716940800,1.36442,1.3658299999999999,1.36371,1.36552,2580
1716955200,1.3655300000000001,1.36642,1.36478,1.36622,5022
1716969600,1.36621,1.36724,1.36497,1.36592,8698
1716984000,1.36592,1.36792,1.36574,1.3679000000000001,7328
1716998400,1.3679000000000001,1.3716599999999999,1.36764,1.37053,13750
1717012800,1.37053,1.37181,1.3702,1.37179,6355
1717027200,1.37168,1.37236,1.37056,1.3719700000000001,2629
1717041600,1.37198,1.37271,1.3712,1.37236,5780
1717056000,1.37237,1.3734,1.37117,1.37145,9495
1717070400,1.37145,1.37248,1.36918,1.36961,7848
1717084800,1.36961,1.37019,1.36595,1.36638,13670
1717099200,1.36638,1.36883,1.36618,1.36781,5022
1717113600,1.36782,1.36852,1.36761,1.36812,2575
1717128000,1.36811,1.36889,1.3669799999999999,1.36703,5581
1717142400,1.36704,1.36765,1.36516,1.36581,6193
1717156800,1.36582,1.36603,1.36233,1.36347,10146
1717171200,1.36347,1.3653,1.36182,1.36417,18782
1717185600,1.36418,1.36426,1.3621699999999999,1.3625099999999999,7954
1717372800,1.36261,1.3632,1.36048,1.36077,2198
1717387200,1.36077,1.36311,1.36052,1.36269,3428
1717401600,1.3627099999999999,1.36572,1.36254,1.36543,5945
1717416000,1.36542,1.36679,1.36191,1.36232,6011
1717430400,1.36231,1.36452,1.3602,1.36422,16369
1717444800,1.36422,1.36539,1.3628,1.36283,8886
1717459200,1.36277,1.36288,1.36188,1.36255,3454
1717473600,1.36256,1.36412,1.3625,1.36382,5532
1717488000,1.36381,1.36822,1.36372,1.36791,10561
1717502400,1.3679000000000001,1.36984,1.36717,1.36775,11685
1717516800,1.36776,1.36942,1.3667799999999999,1.36835,21078
1717531200,1.36837,1.36887,1.36695,1.36751,10863
1717545600,1.36744,1.36784,1.3670499999999999,1.36748,2281
1717560000,1.36748,1.36798,1.36661,1.36725,4207
1717574400,1.36724,1.3683,1.36687,1.3679000000000001,8239
1717588800,1.36787,1.36898,1.36666,1.36684,8616
1717603200,1.36686,1.3740700000000001,1.36648,1.36994,20366
1717617600,1.36992,1.37033,1.36845,1.36935,6626
1717632000,1.3693,1.36943,1.36783,1.36798,2242
1717646400,1.3679999999999999,1.3679999999999999,1.36655,1.36779,5597
1717660800,1.36778,1.36942,1.36757,1.36927,7108
1717675200,1.36927,1.37047,1.36846,1.37004,9048
1717689600,1.37005,1.37092,1.36809,1.3683100000000001,14675
1717704000,1.3683100000000001,1.36856,1.36633,1.3674,6913
1717718400,1.36721,1.36721,1.3660999999999999,1.3667099999999999,1975
1717732800,1.3667099999999999,1.36711,1.36625,1.36645,5263
1717747200,1.3664399999999999,1.36866,1.36643,1.36828,8318
1717761600,1.36828,1.37367,1.36683,1.37205,12247
1717776000,1.37206,1.37581,1.3708,1.3744399999999999,19975
1717790400,1.3744399999999999,1.37668,1.37421,1.37638,9885
1717977600,1.37571,1.37674,1.37539,1.37631,3103
1717992000,1.37632,1.37727,1.376,1.37659,4567
1718006400,1.3765800000000001,1.37784,1.37569,1.3777,8789
1718020800,1.37771,1.37804,1.37588,1.3768500000000001,7783
1718035200,1.37686,1.3780999999999999,1.3753199999999999,1.37633,13467
1718049600,1.37634,1.37687,1.37542,1.37565,7288
1718064000,1.37561,1.37644,1.37538,1.37628,3333
1718078400,1.37629,1.37686,1.37607,1.37649,6464
1718092800,1.3765,1.37701,1.37545,1.37672,7735
1718107200,1.37672,1.37835,1.3764,1.3772199999999999,11556
1718121600,1.37723,1.3791,1.37592,1.37603,15923
1718136000,1.37603,1.3765,1.37472,1.37569,6955
1718150400,1.3756599999999999,1.37596,1.37521,1.37589,1908
1718164800,1.3759000000000001,1.37599,1.3746,1.37522,4415
1718179200,1.37523,1.3754,1.37398,1.3749500000000001,5896
1718193600,1.3749500000000001,1.37507,1.36833,1.369,10371
1718208000,1.36899,1.3699,1.36792,1.36837,19796
1718222400,1.36836,1.37338,1.36829,1.37215,20035
1718236800,1.37207,1.37302,1.37103,1.37279,3545
1718251200,1.3727800000000001,1.3742,1.37255,1.37419,6593
1718265600,1.3742,1.37483,1.37347,1.37347,7666
1718280000,1.3734600000000001,1.37515,1.3714,1.37329,10903
1718294400,1.37329,1.3762699999999999,1.3721700000000001,1.3750499999999999,18924
1718308800,1.37507,1.37521,1.3734,1.37382,8145
1718323200,1.37379,1.37487,1.37328,1.37483,2793
1718337600,1.37482,1.37486,1.37335,1.37423,6010
1718352000,1.37424,1.37574,1.37365,1.37571,11299
1718366400,1.37571,1.37711,1.37484,1.37645,15509
1718380800,1.37646,1.37786,1.37274,1.37303,16670
1718395200,1.37302,1.37453,1.37265,1.37332,7159
1718582400,1.37299,1.3737300000000001,1.37266,1.37354,3098
1718596800,1.37353,1.37446,1.37352,1.37413,4673
1718611200,1.37413,1.37519,1.37347,1.37411,9392
1718625600,1.37411,1.37541,1.37372,1.37479,8764
1718640000,1.37478,1.37639,1.37391,1.374,13800
1718654400,1.374,1.374,1.37201,1.37235,6763
1718668800,1.37228,1.37228,1.37091,1.37183,2831
1718683200,1.3718,1.37409,1.37176,1.37397,5078
1718697600,1.37396,1.3756,1.3728,1.37513,8084
1718712000,1.37512,1.37553,1.37262,1.37331,9161
1718726400,1.37329,1.37363,1.37085,1.37191,17491
1718740800,1.37189,1.3725800000000001,1.37131,1.37169,8012
1718755200,1.3716,1.37204,1.3713199999999999,1.3719299999999999,1715
1718769600,1.37194,1.37222,1.37115,1.37218,3471
1718784000,1.37218,1.3725100000000001,1.37131,1.3716,6113
1718798400,1.3715899999999999,1.37181,1.37046,1.3705,6779
1718812800,1.37049,1.37138,1.36974,1.37123,5815
1718827200,1.37123,1.3713899999999999,1.37043,1.37049,867
1718841600,1.37038,1.37131,1.37015,1.37125,1951
1718856000,1.37126,1.37167,1.37086,1.37125,4001
1718870400,1.37125,1.37201,1.37047,1.37191,6535
1718884800,1.3719000000000001,1.37199,1.36986,1.36996,8787
1718899200,1.36998,1.37083,1.36866,1.3699,15749
1718913600,1.3699,1.37083,1.36812,1.36891,9196
1718928000,1.36879,1.36904,1.36832,1.36881,2387
1718942400,1.36882,1.369,1.36773,1.36776,4715
1718956800,1.36775,1.36967,1.36738,1.3689,7670
1718971200,1.3689,1.3704399999999999,1.36857,1.3699,8919
1718985600,1.36989,1.3716,1.36916,1.37048,16945
1719000000,1.37048,1.37072,1.36917,1.3692,8144
1719187200,1.3691,1.3703,1.36898,1.36971,2740
1719201600,1.3697,1.37074,1.36932,1.36938,5002
1719216000,1.36936,1.36936,1.36726,1.36764,6267
1719230400,1.36765,1.3688,1.3668,1.36835,7881
1719244800,1.36834,1.36835,1.36497,1.3654600000000001,15113
1719259200,1.3654600000000001,1.3666,1.3648500000000001,1.36579,8250
1719273600,1.3651900000000001,1.36587,1.36509,1.36545,1963
1719288000,1.36545,1.36567,1.36395,1.36445,4595
1719302400,1.36446,1.3655599999999999,1.36404,1.36489,6505
1719316800,1.3649,1.36799,1.3616,1.3654,9280
1719331200,1.36538,1.36708,1.3639000000000001,1.36639,17404
1719345600,1.3664,1.3668,1.36487,1.36578,7473
1719360000,1.36562,1.36663,1.36507,1.36631,2040
1719374400,1.36632,1.36635,1.36499,1.36565,5625
1719388800,1.36564,1.3674,1.36545,1.36724,7215
1719403200,1.36723,1.3694899999999999,1.36624,1.36864,9168
1719417600,1.36863,1.37032,1.36789,1.36996,17293
1719432000,1.36996,1.3707,1.36913,1.36999,7933
1719446400,1.36992,1.37117,1.369,1.37083,3228
1719460800,1.37082,1.37089,1.3691499999999999,1.36921,5409
1719475200,1.3691900000000001,1.36958,1.36808,1.36837,7933
1719489600,1.36836,1.36963,1.36751,1.36836,10411
1719504000,1.36837,1.36996,1.36806,1.36887,14753
1719518400,1.36887,1.36981,1.36802,1.36981,8223
1719532800,1.36974,1.37191,1.3691200000000001,1.37186,3148
1719547200,1.37187,1.37336,1.37124,1.37297,7679
1719561600,1.37297,1.37305,1.37058,1.37074,7688
1719576000,1.37073,1.37101,1.36815,1.36997,11618
1719590400,1.36998,1.37168,1.36726,1.36747,21131
1719604800,1.36746,1.36948,1.36543,1.36761,11394
1719792000,1.3667500000000001,1.3677000000000001,1.3662,1.36738,2934
1719806400,1.36737,1.3678,1.36649,1.36723,3957
1719820800,1.36724,1.36807,1.36626,1.36718,8648
1719835200,1.36719,1.37082,1.36719,1.37031,8349
1719849600,1.3703,1.37482,1.36781,1.37365,16854
1719864000,1.37365,1.37467,1.3733,1.37353,6710
1719878400,1.37317,1.3740999999999999,1.37298,1.374,2992
1719892800,1.374,1.37546,1.37366,1.37511,4384
1719907200,1.37512,1.37542,1.3728799999999999,1.37305,9032
1719921600,1.37304,1.37363,1.37158,1.37204,9012
1719936000,1.37205,1.3725,1.36874,1.36944,19701
1719950400,1.36945,1.3695,1.36662,1.36782,6742
1719964800,1.36773,1.36773,1.36706,1.36761,1896
1719979200,1.36762,1.36836,1.36748,1.3679299999999999,2895
1719993600,1.36794,1.36859,1.36672,1.3676300000000001,6722
1720008000,1.3676300000000001,1.36802,1.36503,1.36572,7347
1720022400,1.36573,1.36573,1.36166,1.36301,17706
1720036800,1.36301,1.36411,1.36293,1.36371,4096
1720051200,1.36346,1.3638,1.36284,1.36291,1523
1720065600,1.36291,1.36383,1.36249,1.3635,3163
1720080000,1.3635,1.3636300000000001,1.36189,1.36227,5226
1720094400,1.36227,1.36277,1.36113,1.3612199999999999,4942
1720108800,1.36121,1.36201,1.3608,1.3608,5925
1720123200,1.36081,1.3613,1.36076,1.3611900000000001,698
1720137600,1.36111,1.36155,1.36044,1.36081,2059
1720152000,1.36082,1.36129,1.36051,1.3606099999999999,3498
1720166400,1.3606,1.3611,1.36017,1.36038,6191
1720180800,1.36038,1.3631,1.3603,1.36213,10103
1720195200,1.36213,1.36526,1.3617,1.3636300000000001,20343
1720209600,1.3636300000000001,1.3643100000000001,1.36256,1.36407,7305
1720396800,1.36429,1.3645800000000001,1.36386,1.36436,3391
1720411200,1.36435,1.36467,1.36276,1.36369,5706
1720425600,1.36369,1.3645399999999999,1.36282,1.36359,8851
1720440000,1.36359,1.36421,1.36243,1.3625,8164
1720454400,1.3625099999999999,1.36405,1.36233,1.36288,15419
1720468800,1.36288,1.36426,1.36284,1.36344,5518
1720483200,1.3633600000000001,1.3639000000000001,1.36276,1.3637000000000001,1422
1720497600,1.36369,1.36463,1.3630200000000001,1.36318,5474
1720512000,1.36317,1.36444,1.36279,1.3639700000000001,7355
1720526400,1.36396,1.3645,1.3635,1.36383,6990
1720540800,1.36382,1.36476,1.36334,1.36345,16920
1720555200,1.36343,1.36375,1.36277,1.3634,7263
1720569600,1.36337,1.36347,1.36263,1.36342,2145
1720584000,1.36341,1.36374,1.36286,1.3631199999999999,4598
1720598400,1.36311,1.3642400000000001,1.36299,1.36365,6523
1720612800,1.3636599999999999,1.36388,1.36193,1.3621699999999999,7369
1720627200,1.36218,1.36316,1.36074,1.36143,14306
1720641600,1.36143,1.36253,1.36109,1.36211,5555
1720656000,1.36198,1.3620999999999999,1.36137,1.36206,2032
1720670400,1.36206,1.36234,1.36133,1.36209,3838
1720684800,1.36208,1.36347,1.36176,1.363,5793
1720699200,1.363,1.36385,1.35869,1.36055,11490
1720713600,1.36054,1.36347,1.3594300000000001,1.36306,27739
1720728000,1.36306,1.36475,1.36281,1.36314,10822
1720742400,1.3630900000000001,1.36337,1.36218,1.36313,5403
1720756800,1.36315,1.36338,1.36179,1.36198,6001
1720771200,1.36197,1.36293,1.3612,1.36128,8129
1720785600,1.36127,1.36379,1.36105,1.36321,11404
1720800000,1.3632,1.36386,1.36117,1.36218,20308
1720814400,1.3621699999999999,1.36361,1.36212,1.3633600000000001,7005
1721001600,1.36429,1.36571,1.36212,1.3654899999999999,3781
1721016000,1.3655,1.3658000000000001,1.3649200000000001,1.36557,4284
1721030400,1.36558,1.36632,1.36324,1.36331,7786
1721044800,1.3633,1.36528,1.36306,1.36455,9653
1721059200,1.36455,1.3673600000000001,1.36429,1.36661,18212
1721073600,1.36662,1.36882,1.36656,1.36809,10035
1721088000,1.36805,1.36814,1.36735,1.3679700000000001,2672
1721102400,1.36798,1.36842,1.36767,1.36834,4792
1721116800,1.36835,1.36941,1.36829,1.36842,8326
1721131200,1.36841,1.3706800000000001,1.36602,1.36989,11485
1721145600,1.36987,1.37074,1.3681,1.3682,17697
1721160000,1.36821,1.36834,1.36686,1.3674,6275
1721174400,1.3672900000000001,1.36805,1.3667799999999999,1.36779,2553
1721188800,1.36779,1.36818,1.36685,1.36741,5541
1721203200,1.3674,1.3685399999999999,1.36619,1.36633,13376
1721217600,1.36633,1.36779,1.36555,1.3671,12015
1721232000,1.3671,1.37009,1.36608,1.36925,21312
1721246400,1.36925,1.36958,1.36828,1.36837,8905
1721260800,1.36829,1.36843,1.3676,1.36816,3603
1721275200,1.36817,1.36878,1.36762,1.36796,7255
1721289600,1.36795,1.36802,1.36695,1.3674,11529
1721304000,1.3673899999999999,1.36832,1.36724,1.36806,9736
1721318400,1.36804,1.37005,1.3677000000000001,1.36926,19395
1721332800,1.36926,1.37178,1.36908,1.37046,11765
1721347200,1.37035,1.3713899999999999,1.36997,1.37069,4093
1721361600,1.37067,1.37094,1.37018,1.37059,6384
1721376000,1.37057,1.37174,1.37021,1.3716,11095
1721390400,1.3715899999999999,1.37246,1.37066,1.37231,11212
1721404800,1.37231,1.37472,1.3715899999999999,1.37308,18653
1721419200,1.37309,1.3734600000000001,1.37221,1.3731900000000001,9182
1721606400,1.37148,1.37246,1.37046,1.37126,3403
1721620800,1.37125,1.37329,1.37116,1.37316,6121
1721635200,1.37316,1.37454,1.37293,1.37412,9267
1721649600,1.37413,1.37538,1.37361,1.37501,5970
1721664000,1.37501,1.3774,1.37465,1.37479,13487
1721678400,1.37478,1.37577,1.37429,1.37567,5829
1721692800,1.37558,1.37669,1.37522,1.37647,2902
1721707200,1.37646,1.37652,1.37558,1.37641,5541
1721721600,1.37642,1.37728,1.37619,1.3766,8531
1721736000,1.3766,1.3767800000000001,1.37519,1.37578,7639
1721750400,1.37579,1.37744,1.37571,1.37664,13021
1721764800,1.37663,1.37849,1.37638,1.3784100000000001,6545
1721779200,1.3783400000000001,1.37872,1.37793,1.37818,2046
1721793600,1.37819,1.3799299999999999,1.37802,1.3796,5532
1721808000,1.3795899999999999,1.37965,1.37882,1.3792499999999999,10090
1721822400,1.37924,1.3796599999999999,1.37796,1.37808,9179
1721836800,1.37808,1.38072,1.37759,1.37913,18561
1721851200,1.37912,1.38155,1.37867,1.38077,8412
1721865600,1.38068,1.3817599999999999,1.38005,1.38128,3484
1721880000,1.38129,1.38211,1.381,1.38185,7729
1721894400,1.38185,1.38373,1.3816,1.38265,13917
1721908800,1.38265,1.38474,1.38257,1.38348,14119
1721923200,1.3835,1.38395,1.37999,1.38033,21118
1721937600,1.38032,1.38274,1.37953,1.38236,11833
1721952000,1.38228,1.38246,1.38135,1.38174,2849
1721966400,1.38174,1.38204,1.38097,1.3812,4440
1721980800,1.38121,1.38184,1.38075,1.38083,8140
1721995200,1.38086,1.38306,1.38084,1.38216,9408
1722009600,1.38214,1.38484,1.38061,1.38215,18532
1722024000,1.38213,1.38392,1.38188,1.3832200000000001,8535
1722211200,1.38305,1.38334,1.38156,1.38185,3356
1722225600,1.38184,1.3826100000000001,1.3816899999999999,1.38252,5508
1722240000,1.38251,1.3844400000000001,1.38195,1.3841700000000001,8403
1722254400,1.38418,1.3847800000000001,1.38281,1.38405,7801
1722268800,1.38404,1.38644,1.3835600000000001,1.38581,14804
1722283200,1.38579,1.38612,1.38466,1.38514,7007
1722297600,1.3851,1.3858,1.38472,1.3853,2303
1722312000,1.3853,1.38632,1.38412,1.38433,5300
1722326400,1.38433,1.38491,1.38375,1.38425,8288
1722340800,1.3842400000000001,1.38639,1.38404,1.38625,7022
1722355200,1.38624,1.38633,1.38387,1.38446,19543
1722369600,1.38445,1.38562,1.3839000000000001,1.38487,9396
1722384000,1.3848,1.38526,1.38428,1.38513,2427
1722398400,1.3851200000000001,1.38578,1.3838300000000001,1.38435,8393
1722412800,1.38435,1.38497,1.38334,1.38443,10678
1722427200,1.38441,1.38473,1.3804400000000001,1.381,10915
1722441600,1.381,1.38202,1.37865,1.38076,17468
1722456000,1.38077,1.38213,1.37896,1.38035,17701
1722470400,1.38029,1.38119,1.37994,1.38093,2738
1722484800,1.38093,1.38194,1.37999,1.38071,7712
1722499200,1.38071,1.38358,1.38023,1.3832,12190
1722513600,1.38319,1.3833199999999999,1.3811,1.3813,12300
1722528000,1.38129,1.38608,1.37942,1.38537,23797
1722542400,1.38537,1.38884,1.3853,1.38745,13403
1722556800,1.3873199999999999,1.38877,1.3868,1.38796,5570
1722571200,1.38795,1.38831,1.38547,1.38588,8509
1722585600,1.38588,1.38805,1.38523,1.38742,15445
1722600000,1.38742,1.38857,1.38446,1.38562,16708
1722614400,1.38565,1.38618,1.3833199999999999,1.3860999999999999,33777
1722628800,1.38609,1.3874,1.38562,1.38728,14919
1722816000,1.38604,1.38857,1.38598,1.38776,8721
1722830400,1.38777,1.38843,1.38589,1.3876,14577
1722844800,1.38761,1.3946,1.38633,1.3879000000000001,25972
1722859200,1.3879000000000001,1.38842,1.38185,1.38337,22473
1722873600,1.38338,1.38483,1.3808500000000001,1.38413,30439
1722888000,1.38413,1.38471,1.38189,1.383,10503
1722902400,1.38275,1.38275,1.37921,1.37938,7164
1722916800,1.37937,1.38206,1.37926,1.38195,11134
1722931200,1.38196,1.38429,1.38133,1.3834,16579
1722945600,1.38338,1.3854899999999999,1.38293,1.38402,17136
1722960000,1.38403,1.38419,1.37754,1.37779,29462
1722974400,1.3778000000000001,1.37856,1.37562,1.37856,15630
1722988800,1.37848,1.379,1.37723,1.37769,6369
1723003200,1.37767,1.3783400000000001,1.3765100000000001,1.3771900000000001,12598
1723017600,1.3772,1.37796,1.37492,1.37526,13286
1723032000,1.37526,1.37577,1.37366,1.37408,12661
1723046400,1.37408,1.37466,1.37201,1.37316,20118
1723060800,1.37317,1.37582,1.37263,1.37579,15883
1723075200,1.37577,1.37601,1.37426,1.37438,6214
1723089600,1.37439,1.3746399999999999,1.37257,1.37329,10483
1723104000,1.37328,1.37439,1.37268,1.37318,12721
1723118400,1.37317,1.37581,1.37294,1.3754,13678
1723132800,1.37539,1.37647,1.37358,1.37401,22440
1723147200,1.37401,1.37492,1.37283,1.37333,10950
1723161600,1.37325,1.37433,1.37302,1.37411,3652
1723176000,1.3740999999999999,1.37419,1.37218,1.3737300000000001,7221
1723190400,1.3737300000000001,1.37405,1.37172,1.37317,9041
1723204800,1.37317,1.37485,1.37293,1.37358,8180
1723219200,1.37359,1.37417,1.37202,1.3725800000000001,17758
1723233600,1.3725800000000001,1.37358,1.37234,1.3728500000000001,9582
1723420800,1.37233,1.374,1.37226,1.37354,1939
1723435200,1.37354,1.37379,1.37276,1.37313,2665
1723449600,1.37313,1.37339,1.37179,1.3722699999999999,4776
1723464000,1.3722699999999999,1.37394,1.37177,1.3736,4982
1723478400,1.37361,1.37472,1.37242,1.3743400000000001,12631
1723492800,1.37435,1.37457,1.37338,1.37415,6511
1723507200,1.37414,1.37465,1.37385,1.37448,1300
1723521600,1.3745,1.37455,1.37347,1.37368,2682
1723536000,1.37369,1.37449,1.3725800000000001,1.37332,4684
1723550400,1.37328,1.37412,1.37239,1.37275,6668
1723564800,1.37274,1.37396,1.37182,1.37188,14516
1723579200,1.37189,1.37215,1.37052,1.37052,7167
1723593600,1.37046,1.371,1.37026,1.37082,1912
1723608000,1.37083,1.37196,1.37039,1.37165,4467
1723622400,1.37167,1.37204,1.37056,1.37081,4492
1723636800,1.3708,1.37209,1.36989,1.3718,6757
1723651200,1.37181,1.3719999999999999,1.36881,1.37116,15343
1723665600,1.37117,1.37238,1.37106,1.37142,6449
1723680000,1.3713600000000001,1.37186,1.37107,1.37165,1502
1723694400,1.37165,1.37253,1.37084,1.37097,5169
1723708800,1.3709799999999999,1.37127,1.37019,1.37086,3522
1723723200,1.37087,1.37269,1.3697300000000001,1.37255,6523
1723737600,1.37255,1.3737300000000001,1.36947,1.3709799999999999,13766
1723752000,1.37099,1.37379,1.37082,1.37296,6134
1723766400,1.37291,1.37343,1.3725399999999999,1.37298,1469
1723780800,1.37298,1.37341,1.37209,1.3724,2944
1723795200,1.3724,1.37277,1.37161,1.37214,3820
1723809600,1.37214,1.37366,1.37155,1.3725399999999999,6000
1723824000,1.37255,1.37276,1.36941,1.3695,11635
1723838400,1.3694899999999999,1.36999,1.36794,1.36802,4915
1724025600,1.36807,1.36825,1.36655,1.36715,2060
1724040000,1.36715,1.36717,1.36609,1.36648,3041
1724054400,1.36647,1.36754,1.36622,1.36735,5213
1724068800,1.3673600000000001,1.36838,1.36713,1.36718,4284
1724083200,1.36717,1.36764,1.36352,1.36487,12543
1724097600,1.3648799999999999,1.36527,1.3629,1.36321,5410
1724112000,1.36317,1.36365,1.36288,1.36355,2117
1724126400,1.36354,1.36405,1.36274,1.36359,4545
1724140800,1.3636,1.36403,1.36144,1.3616,5131
1724155200,1.36159,1.36326,1.36041,1.36198,6784
1724169600,1.36197,1.36398,1.36197,1.36301,15454
1724184000,1.36303,1.36333,1.36159,1.3618299999999999,6486
1724198400,1.3618000000000001,1.36232,1.36129,1.36161,2741
1724212800,1.36161,1.36229,1.36128,1.36139,3639
1724227200,1.36139,1.36229,1.36051,1.36111,6243
1724241600,1.3611,1.36111,1.3590200000000001,1.35977,6239
1724256000,1.35976,1.36106,1.3575,1.35893,18950
1724270400,1.35891,1.36006,1.35761,1.35944,7297
1724284800,1.35929,1.35929,1.35823,1.35862,1978
1724299200,1.35862,1.35917,1.3584800000000001,1.35869,3184
1724313600,1.3587,1.35887,1.35708,1.35771,4727
1724328000,1.3577,1.3593899999999999,1.35746,1.35771,6997
1724342400,1.35769,1.3618000000000001,1.35769,1.36017,15187
1724356800,1.36018,1.36141,1.36009,1.3611900000000001,7053
1724371200,1.36124,1.3615,1.35986,1.36013,2163
1724385600,1.36014,1.3602,1.35921,1.35941,4493
1724400000,1.3593600000000001,1.35959,1.35849,1.3588,5127
1724414400,1.3588,1.35916,1.35791,1.35805,5653
1724428800,1.35804,1.35853,1.35004,1.35114,22031
1724443200,1.35115,1.35149,1.3498,1.35074,8730
1724630400,1.35013,1.35148,1.35,1.3504800000000001,3141
1724644800,1.35049,1.3513,1.34982,1.35113,4341
1724659200,1.3511199999999999,1.35125,1.35015,1.35036,7434
1724673600,1.35037,1.35123,1.34879,1.34912,8460
1724688000,1.34914,1.3495300000000001,1.34623,1.34697,13724
1724702400,1.34698,1.34891,1.3465500000000001,1.34869,5771
1724716800,1.3484,1.34876,1.34781,1.34859,2267
1724731200,1.34859,1.34874,1.3477299999999999,1.34798,4325
1724745600,1.3479700000000001,1.34848,1.34676,1.34725,7648
1724760000,1.34727,1.34802,1.34622,1.3473600000000001,9586
1724774400,1.3473600000000001,1.34752,1.34503,1.34629,15136
1724788800,1.34628,1.34632,1.34422,1.34429,6455
1724803200,1.34423,1.34484,1.34398,1.3445,3392
1724817600,1.3445,1.3454,1.3441100000000001,1.34536,4763
1724832000,1.34536,1.3467799999999999,1.34491,1.34592,9840
1724846400,1.34593,1.34779,1.34568,1.34701,10833
1724860800,1.347,1.34768,1.34487,1.34691,14993
1724875200,1.3469,1.34875,1.3465799999999999,1.34778,8262
1724889600,1.3477299999999999,1.34793,1.3465500000000001,1.34677,3462
1724904000,1.34677,1.34729,1.3459699999999999,1.34607,4565
1724918400,1.34608,1.3473899999999999,1.3452899999999999,1.34666,9531
1724932800,1.34665,1.3477000000000001,1.3449499999999999,1.34727,11573
1724947200,1.34726,1.34904,1.34584,1.34697,16081
1724961600,1.34697,1.34856,1.34609,1.34853,8499
1724976000,1.34844,1.34889,1.34811,1.34836,3347
1724990400,1.34836,1.34898,1.34796,1.34884,4489
1725004800,1.34885,1.34898,1.34686,1.34761,6249
1725019200,1.34761,1.34882,1.34628,1.34827,9355
1725033600,1.34827,1.35088,1.34663,1.3501699999999999,20605
1725048000,1.3501699999999999,1.35039,1.34722,1.34917,7467
1725235200,1.3485,1.34917,1.34814,1.34884,2127
1725249600,1.34884,1.35036,1.34853,1.34977,4631
1725264000,1.34976,1.34988,1.3483800000000001,1.34884,6719
1725278400,1.34884,1.35004,1.34878,1.349,4795
1725292800,1.34901,1.35046,1.34875,1.34937,5348
1725307200,1.34937,1.3494,1.34896,1.34937,759
1725321600,1.3492899999999999,1.35019,1.34894,1.3498,1943
1725336000,1.34979,1.35289,1.34961,1.3526,5651
1725350400,1.3526,1.35303,1.3504,1.3511,8279
1725364800,1.35111,1.3549,1.35094,1.35439,10812
1725379200,1.35438,1.35617,1.35298,1.35492,19255
1725393600,1.35492,1.35559,1.35418,1.35495,8371
1725408000,1.35498,1.35557,1.35402,1.35537,3633
1725422400,1.35538,1.35538,1.35323,1.35343,5741
1725436800,1.35342,1.35625,1.3532600000000001,1.35618,9881
1725451200,1.35617,1.35647,1.35479,1.35517,9280
1725465600,1.35517,1.3553,1.3498,1.35107,20780
1725480000,1.3511199999999999,1.35256,1.35065,1.35065,9279
1725494400,1.35057,1.35125,1.35036,1.35076,2227
1725508800,1.35077,1.35114,1.35031,1.35095,3784
1725523200,1.35094,1.35162,1.35031,1.3504800000000001,8026
1725537600,1.3504800000000001,1.3523,1.3503,1.35149,10983
1725552000,1.3514599999999999,1.35244,1.35015,1.35148,16302
1725566400,1.35149,1.3517700000000001,1.3501400000000001,1.3501400000000001,8224
1725580800,1.35009,1.35034,1.34957,1.3498299999999999,1857
1725595200,1.34984,1.35042,1.34917,1.34928,5802
1725609600,1.3492899999999999,1.35049,1.3485,1.35019,9492
1725624000,1.3502,1.35042,1.3465099999999999,1.35006,12564
1725638400,1.35007,1.35819,1.34966,1.35684,30047
1725652800,1.35684,1.35764,1.3556300000000001,1.35706,13706
1725840000,1.3557299999999999,1.35689,1.3556599999999999,1.35648,4535
1725854400,1.35647,1.3565,1.35514,1.3561,5647
1725868800,1.35609,1.35725,1.35609,1.3569200000000001,7680
1725883200,1.35691,1.35699,1.35589,1.3568,8236
1725897600,1.35681,1.35764,1.35456,1.35484,13409
1725912000,1.35484,1.35639,1.35469,1.35581,7866
1725926400,1.3557000000000001,1.35721,1.35531,1.35686,2377
1725940800,1.35687,1.35721,1.35618,1.35643,5412
1725955200,1.35642,1.35755,1.35611,1.35727,8579
1725969600,1.35727,1.3578299999999999,1.35638,1.35717,9574
1725984000,1.35718,1.36147,1.3568500000000001,1.36066,17413
1725998400,1.36067,1.36125,1.35998,1.36093,8236
1726012800,1.36091,1.36157,1.3606500000000001,1.36135,3640
1726027200,1.36136,1.36158,1.35983,1.35998,8028
1726041600,1.36001,1.36005,1.3584399999999999,1.35849,10166
1726056000,1.3585,1.3603,1.35728,1.35955,12579
1726070400,1.35955,1.36221,1.35789,1.35836,22551
1726084800,1.35835,1.35845,1.3566099999999999,1.35723,11715
1726099200,1.3572,1.35804,1.35699,1.3578999999999999,2876
1726113600,1.35792,1.35847,1.35705,1.35705,5776
1726128000,1.35706,1.35797,1.3564,1.35767,8682
1726142400,1.35767,1.3589,1.35683,1.35852,10882
1726156800,1.35853,1.36037,1.35788,1.35908,18623
1726171200,1.35908,1.35961,1.35755,1.35791,12178
1726185600,1.35788,1.35809,1.35656,1.35657,2739
1726200000,1.35657,1.35762,1.35645,1.3575300000000001,5722
1726214400,1.35754,1.35832,1.35706,1.35755,8501
1726228800,1.35755,1.3593899999999999,1.35654,1.3576,10124
1726243200,1.35761,1.35933,1.35686,1.35921,16430
1726257600,1.35921,1.35992,1.35831,1.35881,7758
1726444800,1.35908,1.35933,1.3575300000000001,1.35754,2724
1726459200,1.35754,1.35811,1.35659,1.35705,3761
1726473600,1.35706,1.35801,1.35681,1.35743,7410
1726488000,1.35744,1.3587099999999999,1.35725,1.35866,9724
1726502400,1.35866,1.36067,1.35802,1.35955,15606
1726516800,1.35955,1.35978,1.35837,1.35858,7631
1726531200,1.35845,1.3593199999999999,1.35825,1.35927,2714
1726545600,1.35928,1.35975,1.35866,1.3595,3774
1726560000,1.3595,1.35958,1.35804,1.3583,6656
1726574400,1.3583,1.36157,1.35793,1.3605,10883
1726588800,1.36049,1.36066,1.35833,1.3597299999999999,18351
1726603200,1.3597299999999999,1.36042,1.359,1.35976,10465
1726617600,1.35967,1.35967,1.35861,1.35863,2356
1726632000,1.35864,1.35938,1.35838,1.35926,5813
1726646400,1.35927,1.3593,1.35835,1.35881,9330
1726660800,1.3588,1.35924,1.35806,1.35889,9159
1726675200,1.35891,1.36069,1.35761,1.35951,14562
1726689600,1.35951,1.36221,1.35393,1.36052,26133
1726704000,1.36043,1.36352,1.35976,1.36346,5937
1726718400,1.36346,1.36467,1.35958,1.35978,10528
1726732800,1.35977,1.35987,1.35431,1.35447,15161
1726747200,1.35447,1.35689,1.35323,1.35686,15349
1726761600,1.35686,1.35998,1.35488,1.35515,22236
1726776000,1.35516,1.35644,1.35462,1.35585,9896
1726790400,1.35575,1.3565,1.35533,1.35632,2424
1726804800,1.35632,1.35678,1.3553600000000001,1.35598,7340
1726819200,1.3559700000000001,1.35752,1.35542,1.35678,11125
1726833600,1.35679,1.35757,1.35412,1.35447,9869
1726848000,1.35447,1.3589,1.35445,1.35537,21303
1726862400,1.3553600000000001,1.35732,1.35525,1.35664,10743
1727049600,1.35547,1.35684,1.35542,1.3562699999999999,2478
1727064000,1.3562699999999999,1.35662,1.35557,1.3558,5266
1727078400,1.35579,1.35813,1.35542,1.35709,11641
1727092800,1.35709,1.35709,1.35367,1.35372,10748
1727107200,1.35371,1.35379,1.3489,1.35011,20375
1727121600,1.35011,1.35403,1.34862,1.35395,9359
1727136000,1.3538299999999999,1.3538299999999999,1.35209,1.3529499999999999,2857
1727150400,1.35294,1.35294,1.35117,1.35137,7702
1727164800,1.35134,1.35289,1.35067,1.35113,12884
1727179200,1.35113,1.3514,1.34969,1.34992,10151
1727193600,1.34993,1.35012,1.34522,1.34566,18548
1727208000,1.3456299999999999,1.34576,1.34301,1.34303,7811
1727222400,1.343,1.34351,1.34188,1.3422399999999999,3701
1727236800,1.3422399999999999,1.34318,1.34199,1.34283,8031
1727251200,1.34284,1.34381,1.34238,1.3428,9776
1727265600,1.3428,1.34548,1.3428,1.34485,9858
1727280000,1.34482,1.34747,1.34318,1.34741,18035
1727294400,1.34741,1.3486099999999999,1.34696,1.34845,9090
1727308800,1.34828,1.3486099999999999,1.34718,1.34725,2957
1727323200,1.34724,1.34758,1.34642,1.34708,6385
1727337600,1.34707,1.34766,1.3462399999999999,1.34662,11589
1727352000,1.34663,1.34781,1.3457,1.34628,13957
1727366400,1.34627,1.3489,1.34595,1.34805,23934
1727380800,1.34805,1.34816,1.34666,1.34676,9395
1727395200,1.34665,1.34854,1.34625,1.34842,3939
1727409600,1.34843,1.34921,1.3479999999999999,1.34894,7600
1727424000,1.34893,1.34946,1.34817,1.34818,11970
1727438400,1.34819,1.3485800000000001,1.3463,1.34721,12741
1727452800,1.34721,1.35152,1.34665,1.35104,21011
1727467200,1.35103,1.3525800000000001,1.35088,1.35182,10664
1727654400,1.35088,1.35162,1.3507799999999999,1.35142,3166
1727668800,1.35141,1.35186,1.3502100000000001,1.35076,9295
1727683200,1.35077,1.35217,1.35003,1.35164,11349
1727697600,1.35155,1.35267,1.35062,1.35066,10026
1727712000,1.35065,1.35189,1.3489,1.35065,20093
1727726400,1.35064,1.35369,1.35023,1.35243,14095
1727740800,1.35227,1.35332,1.35179,1.3529200000000001,3076
1727755200,1.35293,1.35313,1.35191,1.35224,6109
1727769600,1.35224,1.35378,1.35153,1.35351,11633
1727784000,1.35351,1.35389,1.35157,1.35227,12738
1727798400,1.35228,1.35247,1.34874,1.35018,26371
1727812800,1.35018,1.35203,1.34802,1.34883,14494
1727827200,1.34867,1.3496299999999999,1.34827,1.34875,3442
1727841600,1.34876,1.34876,1.34754,1.34832,8963
1727856000,1.34833,1.34907,1.34768,1.3487,13040
1727870400,1.34869,1.34923,1.34751,1.34914,11818
1727884800,1.34913,1.34951,1.34717,1.34898,18655
1727899200,1.34897,1.35094,1.34885,1.35016,8267
1727913600,1.35001,1.35145,1.34961,1.35092,2999
1727928000,1.35093,1.35242,1.35073,1.35239,7492
1727942400,1.35239,1.35301,1.35062,1.35248,11826
1727956800,1.35248,1.3544100000000001,1.3518,1.35336,12407
1727971200,1.35335,1.35525,1.35167,1.35314,23232
1727985600,1.35313,1.3559,1.35309,1.35572,9001
1728000000,1.35555,1.35555,1.3544,1.35455,2830
1728014400,1.35455,1.35578,1.35443,1.3554300000000001,8272
1728028800,1.3554300000000001,1.35667,1.35497,1.35583,9498
1728043200,1.35584,1.3588,1.355,1.35805,11574
1728057600,1.35807,1.35903,1.35645,1.35772,22778
1728072000,1.35772,1.35809,1.35707,1.35758,8517
1728259200,1.35579,1.3584100000000001,1.3556,1.35807,3742
1728273600,1.35806,1.35832,1.3571,1.35818,8378
1728288000,1.3581699999999999,1.35952,1.35777,1.35919,8839
1728302400,1.35919,1.35978,1.35779,1.3592,10118
1728316800,1.35921,1.36188,1.35895,1.3606500000000001,16556
1728331200,1.36066,1.36388,1.36021,1.3618700000000001,8268
1728345600,1.36188,1.36245,1.36105,1.36136,3592
1728360000,1.36137,1.36334,1.36117,1.36198,13098
1728374400,1.36199,1.36469,1.36167,1.36402,12142
1728388800,1.36402,1.36478,1.36351,1.36449,8799
1728403200,1.36449,1.36745,1.36374,1.3663,15102
1728417600,1.36631,1.3667799999999999,1.36456,1.36463,8473
1728432000,1.3646099999999999,1.36564,1.36421,1.36529,2107
1728446400,1.36528,1.36632,1.3649499999999999,1.36604,9598
1728460800,1.36604,1.36734,1.36464,1.36696,11408
1728475200,1.36695,1.36856,1.3663699999999999,1.36826,7197
1728489600,1.3682699999999999,1.36939,1.36728,1.36923,12801
1728504000,1.3692199999999999,1.37181,1.36895,1.3710499999999999,6651
1728518400,1.37065,1.37123,1.3689,1.37109,2664
1728532800,1.37111,1.37141,1.3704,1.37051,8260
1728547200,1.37052,1.37339,1.37038,1.37335,7514
1728561600,1.37336,1.37541,1.37283,1.3740299999999999,10587
1728576000,1.37404,1.37676,1.37351,1.37638,19689
1728590400,1.37637,1.37747,1.3739,1.37419,8250
1728604800,1.37405,1.37504,1.3737300000000001,1.37472,2525
1728619200,1.37472,1.37585,1.37455,1.37527,3679
1728633600,1.37527,1.37675,1.37506,1.3763,6001
1728648000,1.37633,1.37829,1.37231,1.37486,8837
1728662400,1.37485,1.37767,1.37417,1.37578,12987
1728676800,1.37579,1.37629,1.37546,1.37629,3813
1728864000,1.37524,1.3786,1.37508,1.3779,2944
1728878400,1.37791,1.37886,1.3771499999999999,1.37761,7547
1728892800,1.3776,1.3788,1.37699,1.3786,7091
1728907200,1.37859,1.37973,1.37824,1.37955,6150
1728921600,1.37957,1.38002,1.37797,1.37943,12366
1728936000,1.37944,1.3804400000000001,1.37904,1.37952,5706
1728950400,1.37913,1.3802400000000001,1.37769,1.3795600000000001,2396
1728964800,1.37958,1.38067,1.37949,1.3804400000000001,4806
1728979200,1.38045,1.38145,1.38023,1.38056,7993
1728993600,1.38055,1.38378,1.38039,1.38244,8709
1729008000,1.38246,1.38247,1.3789799999999999,1.37989,15000
1729022400,1.37989,1.3810799999999999,1.37691,1.37705,6565
1729036800,1.37705,1.37893,1.37704,1.3786100000000001,3013
1729051200,1.37862,1.37865,1.37718,1.37765,6465
1729065600,1.37765,1.37924,1.37735,1.37894,8774
1729080000,1.3789500000000001,1.37906,1.37733,1.37793,7604
1729094400,1.37793,1.37842,1.37647,1.3765100000000001,11348
1729108800,1.3765100000000001,1.37676,1.37493,1.37494,5769
1729123200,1.37494,1.37578,1.37493,1.37534,2138
1729137600,1.37535,1.37648,1.3746399999999999,1.37639,5988
1729152000,1.37636,1.37846,1.37596,1.37805,7558
1729166400,1.37804,1.3792,1.37738,1.3780000000000001,8644
1729180800,1.37804,1.3796300000000001,1.37706,1.37882,16257
1729195200,1.37882,1.38008,1.37873,1.3794,6573
1729209600,1.37939,1.37994,1.37889,1.37969,2536
1729224000,1.37968,1.37981,1.37852,1.37938,7332
1729238400,1.37938,1.37994,1.37873,1.37937,8453
1729252800,1.37936,1.3796300000000001,1.37848,1.37948,7029
1729267200,1.37948,1.38093,1.37876,1.37955,11364
1729281600,1.37953,1.38141,1.37952,1.38029,6960
1729468800,1.3797,1.3809,1.37962,1.38066,2456
1729483200,1.38065,1.3811,1.38002,1.38094,6798
1729497600,1.38093,1.38205,1.38067,1.38138,7991
1729512000,1.38138,1.38255,1.3811,1.38188,7477
1729526400,1.38189,1.3849,1.38183,1.38428,10501
1729540800,1.38427,1.38435,1.38285,1.38299,5361
1729555200,1.38287,1.38371,1.38247,1.38342,2211
1729569600,1.3834,1.3835,1.38266,1.38285,6129
1729584000,1.38286,1.38339,1.38208,1.38336,7813
1729598400,1.38336,1.3835899999999999,1.38254,1.38276,7782
1729612800,1.38275,1.3832,1.3813,1.38286,12136
1729627200,1.38285,1.38308,1.3814,1.3815,5798
1729641600,1.3814899999999999,1.38251,1.3814199999999999,1.38251,2238
1729656000,1.3825,1.38283,1.38154,1.38192,6875
1729670400,1.38192,1.38263,1.38165,1.38243,8384
1729684800,1.38245,1.3847,1.38217,1.38448,8060
1729699200,1.38448,1.38621,1.38265,1.384,13774
1729713600,1.384,1.38494,1.38344,1.3836,7865
1729728000,1.3835600000000001,1.38411,1.38233,1.38235,2474
1729742400,1.38235,1.3829500000000001,1.38215,1.38225,5019
1729756800,1.38226,1.38281,1.38131,1.3814899999999999,8132
1729771200,1.3814899999999999,1.38257,1.3812,1.38246,8073
1729785600,1.38246,1.38679,1.38164,1.38622,14875
1729800000,1.38624,1.38629,1.38453,1.38538,7414
1729814400,1.38526,1.38547,1.38476,1.38502,2532
1729828800,1.38503,1.38556,1.38468,1.38535,5316
1729843200,1.38535,1.38554,1.38438,1.38484,7545
1729857600,1.3848500000000001,1.38519,1.38388,1.38399,6709
1729872000,1.38399,1.38872,1.38373,1.38806,11748
1729886400,1.38805,1.38967,1.38779,1.38933,7697
1730073600,1.38895,1.3898,1.38895,1.3896,3727
1730088000,1.38959,1.39056,1.38929,1.38979,4190
1730102400,1.3898,1.38988,1.38845,1.38956,6977
1730116800,1.38955,1.38983,1.38816,1.38863,8354
1730131200,1.38863,1.39078,1.3885,1.38914,11098
1730145600,1.38914,1.38962,1.38811,1.38845,4757
1730160000,1.38895,1.3894199999999999,1.38859,1.38882,3489
1730174400,1.38882,1.38993,1.38861,1.38946,5250
1730188800,1.38945,1.38953,1.3875899999999999,1.38792,8346
1730203200,1.38792,1.39112,1.38769,1.38972,9921
1730217600,1.38968,1.39288,1.38812,1.39212,18062
1730232000,1.3921000000000001,1.3925100000000001,1.3907,1.3912900000000001,5922
1730246400,1.39115,1.39174,1.39078,1.39124,4296
1730260800,1.3912499999999999,1.3924,1.3912,1.39194,5145
1730275200,1.39195,1.39212,1.39022,1.39137,8742
1730289600,1.39137,1.39397,1.39074,1.39139,14489
1730304000,1.39139,1.39314,1.38993,1.39007,14340
1730318400,1.39007,1.39055,1.3894199999999999,1.39014,7229
1730332800,1.38993,1.39178,1.38981,1.39155,3542
1730347200,1.39155,1.39208,1.39134,1.39161,5055
1730361600,1.3916,1.39216,1.39096,1.39179,9273
1730376000,1.39178,1.39268,1.38901,1.39036,12346
1730390400,1.3903699999999999,1.39445,1.38967,1.3921999999999999,18297
1730404800,1.39219,1.39363,1.39063,1.39297,7882
1730419200,1.39299,1.3936899999999999,1.39255,1.3927800000000001,3778
1730433600,1.39279,1.3939300000000001,1.39246,1.3936600000000001,5392
1730448000,1.39365,1.39417,1.39242,1.39286,7226
1730462400,1.39286,1.3936600000000001,1.3902,1.3912200000000001,13613
1730476800,1.39082,1.3952499999999999,1.39059,1.395,15822
1730491200,1.39501,1.39584,1.39443,1.39487,7696
1730678400,1.39199,1.39259,1.39039,1.3905,4843
1730692800,1.39051,1.39082,1.38904,1.39001,6454
1730707200,1.3900000000000001,1.39218,1.38979,1.39118,8610
1730721600,1.39119,1.3917,1.38923,1.39038,8895
1730736000,1.39039,1.3906,1.3874,1.38897,16412
1730750400,1.38898,1.39026,1.38892,1.39017,8740
1730764800,1.39011,1.39058,1.3897300000000001,1.38999,2998
1730779200,1.38999,1.3902700000000001,1.38943,1.38961,5244
1730793600,1.38962,1.38971,1.38796,1.38833,6203
1730808000,1.38833,1.38859,1.38743,1.3881000000000001,5728
1730822400,1.38811,1.38822,1.38407,1.38457,13349
1730836800,1.38456,1.38482,1.38245,1.38262,7087
1730851200,1.38243,1.38992,1.38194,1.38848,12749
1730865600,1.38849,1.39351,1.38833,1.39163,22024
1730880000,1.39162,1.39378,1.38866,1.39023,18326
1730894400,1.39024,1.3946100000000001,1.38841,1.39374,17053
1730908800,1.39375,1.3957899999999999,1.39144,1.39401,21430
1730923200,1.3940299999999999,1.39421,1.39239,1.39389,8721
1730937600,1.39379,1.39472,1.3930799999999999,1.3930799999999999,4766
1730952000,1.3930799999999999,1.3930799999999999,1.38871,1.38901,6890
1730966400,1.38902,1.38934,1.38693,1.38907,12070
1730980800,1.38906,1.3896899999999999,1.38697,1.38796,12767
1730995200,1.38796,1.38837,1.38492,1.38496,16403
1731009600,1.38496,1.38769,1.38414,1.38605,14175
1731024000,1.38593,1.38775,1.38565,1.3873,4509
1731038400,1.3873,1.38849,1.38708,1.38799,5815
1731052800,1.38798,1.38994,1.38788,1.38864,11844
1731067200,1.38864,1.39193,1.38825,1.3915199999999999,11261
1731081600,1.3915199999999999,1.39273,1.38922,1.39174,16197
1731096000,1.39173,1.3925,1.39041,1.39104,6796
1731283200,1.39046,1.39148,1.39041,1.39135,4363
1731297600,1.39134,1.39259,1.3911,1.39173,5047
1731312000,1.39174,1.3933900000000001,1.391,1.3926,9334
1731326400,1.39261,1.395,1.39214,1.39446,8010
1731340800,1.39446,1.39477,1.39139,1.39236,10942
1731355200,1.39236,1.39303,1.39219,1.3924400000000001,4390
1731369600,1.39229,1.3931499999999999,1.39161,1.39314,4441
1731384000,1.39314,1.3948,1.39314,1.39472,7463
1731398400,1.39474,1.39611,1.39436,1.39601,10723
1731412800,1.39601,1.39667,1.3925,1.3925100000000001,11418
1731427200,1.3925100000000001,1.3959,1.39243,1.3952499999999999,15307
1731441600,1.39524,1.39569,1.39381,1.39417,6946
1731456000,1.39404,1.39519,1.39375,1.39441,4356
1731470400,1.39441,1.3956,1.39436,1.3955199999999999,5606
1731484800,1.3955199999999999,1.39611,1.39445,1.39471,8759
1731499200,1.39471,1.39619,1.39289,1.39468,12049
1731513600,1.39468,1.3998,1.39466,1.39822,20310
1731528000,1.39821,1.4002,1.39798,1.39963,6787
1731542400,1.3995,1.40014,1.39869,1.40014,4284
1731556800,1.4001299999999999,1.40192,1.39982,1.4013,6418
1731571200,1.40131,1.40155,1.39931,1.4003,9922
1731585600,1.40029,1.4019599999999999,1.39961,1.4013499999999999,14286
1731600000,1.40137,1.40351,1.40027,1.40275,16639
1731614400,1.40276,1.40639,1.40259,1.4055900000000001,11311
1731628800,1.40552,1.40704,1.40526,1.40652,5272
1731643200,1.40652,1.40662,1.4053,1.40625,5581
1731657600,1.40625,1.40677,1.40387,1.40487,10379
1731672000,1.40486,1.40649,1.4032,1.40615,12757
1731686400,1.40614,1.4104700000000001,1.40568,1.40804,20382
1731700800,1.40804,1.41,1.40746,1.4092799999999999,8549
1731888000,1.40883,1.40891,1.4068800000000001,1.40739,5922
1731902400,1.4074,1.40884,1.40694,1.40856,7094
1731916800,1.40857,1.41019,1.40824,1.4087100000000001,10475
1731931200,1.4087,1.41008,1.40778,1.40825,9626
1731945600,1.40826,1.40836,1.4009800000000001,1.40129,13246
1731960000,1.40131,1.4022999999999999,1.40035,1.4015900000000001,6804
1731974400,1.40149,1.40285,1.40106,1.40194,3771
1731988800,1.40194,1.40237,1.40087,1.40211,4992
1732003200,1.40211,1.40359,1.40027,1.40277,14943
1732017600,1.40276,1.40303,1.39743,1.40052,12628
1732032000,1.40053,1.4011,1.39675,1.39779,17680
1732046400,1.3978,1.39845,1.3954900000000001,1.39558,7787
1732060800,1.3955600000000001,1.39623,1.395,1.39589,3913
1732075200,1.39589,1.39665,1.39554,1.39589,4650
1732089600,1.3959,1.39795,1.39496,1.39779,9694
1732104000,1.39778,1.39993,1.39746,1.3987,9727
1732118400,1.3987,1.4013900000000001,1.39809,1.39887,13319
1732132800,1.39887,1.39962,1.3974,1.39749,6576
1732147200,1.39744,1.39749,1.39646,1.39709,3178
1732161600,1.39709,1.39729,1.39634,1.39706,4529
1732176000,1.3970500000000001,1.39775,1.39545,1.3975,12638
1732190400,1.3975,1.3976600000000001,1.39539,1.39624,11537
1732204800,1.39623,1.39686,1.3930500000000001,1.39558,19228
1732219200,1.3956,1.39743,1.39526,1.39722,6827
1732233600,1.39714,1.39837,1.39621,1.3967399999999999,4022
1732248000,1.3967399999999999,1.39852,1.39642,1.3983400000000001,5511
1732262400,1.3983400000000001,1.40204,1.39569,1.40035,14482
1732276800,1.40035,1.40117,1.39663,1.3972,15261
1732291200,1.3972,1.39926,1.39618,1.39758,15785
1732305600,1.39756,1.39872,1.39704,1.3980299999999999,5507
1732492800,1.39497,1.395,1.39268,1.39372,5002
1732507200,1.39371,1.3949,1.39321,1.3945,5875
1732521600,1.39449,1.39756,1.39368,1.39553,12006
1732536000,1.39557,1.3983400000000001,1.39505,1.39554,11043
1732550400,1.39554,1.40065,1.39535,1.39937,15478
1732564800,1.39937,1.39946,1.39694,1.39877,6987
1732579200,1.3985699999999999,1.41769,1.39807,1.41361,12654
1732593600,1.4136199999999999,1.41443,1.4084699999999999,1.41072,7623
1732608000,1.41071,1.41446,1.40948,1.40953,13176
1732622400,1.40953,1.41205,1.40747,1.41163,14472
1732636800,1.4116,1.4127399999999999,1.40529,1.40799,19144
1732651200,1.40799,1.40913,1.40534,1.40541,8410
1732665600,1.4053499999999999,1.4061,1.40432,1.40601,4980
1732680000,1.40601,1.40771,1.40555,1.40747,5068
1732694400,1.40748,1.40757,1.4032499999999999,1.40487,12672
1732708800,1.40486,1.40647,1.40405,1.40422,11666
1732723200,1.40421,1.40645,1.40085,1.40273,17361
1732737600,1.40273,1.40351,1.40206,1.40285,6375
1732752000,1.4027,1.40282,1.40055,1.40115,4126
1732766400,1.40114,1.40256,1.40073,1.40212,4196
1732780800,1.40211,1.4031,1.40062,1.40067,9160
1732795200,1.40069,1.4013499999999999,1.39978,1.40088,6206
1732809600,1.40088,1.40194,1.40027,1.40069,5509
1732824000,1.40068,1.40149,1.4003700000000001,1.40122,1260
1732838400,1.40001,1.4013,1.39928,1.39992,4578
1732852800,1.39993,1.40007,1.3980000000000001,1.39942,5425
1732867200,1.39941,1.4012,1.39799,1.39985,9327
1732881600,1.39984,1.40421,1.39955,1.4027,10332
1732896000,1.4027,1.40449,1.3997899999999999,1.3997899999999999,13922
1732910400,1.3998,1.40099,1.39843,1.40014,14220
1733097600,1.39886,1.4034900000000001,1.3988399999999999,1.4032499999999999,6431
1733112000,1.4032499999999999,1.40407,1.40249,1.40307,7705
1733126400,1.40307,1.40485,1.40163,1.40292,13961
1733140800,1.40292,1.4047,1.40176,1.40341,12428
1733155200,1.4034,1.40889,1.4027,1.40552,20125
1733169600,1.40551,1.40583,1.40365,1.40432,9004
1733184000,1.40427,1.40579,1.40389,1.4053200000000001,4192
1733198400,1.40531,1.40631,1.40433,1.4043999999999999,5756
1733212800,1.4043999999999999,1.40488,1.40085,1.4019599999999999,11013
1733227200,1.4019599999999999,1.40479,1.40175,1.4038599999999999,11179
1733241600,1.4038599999999999,1.40753,1.4025699999999999,1.40518,19314
1733256000,1.40519,1.40716,1.40469,1.4068399999999999,7731
1733270400,1.40672,1.40791,1.40607,1.40707,3921
1733284800,1.40708,1.40824,1.4060000000000001,1.40624,6177
1733299200,1.4062299999999999,1.40814,1.40547,1.4068100000000001,9599
1733313600,1.4068,1.4069,1.40513,1.4065699999999999,9952
1733328000,1.4065699999999999,1.40792,1.40513,1.40651,17493
1733342400,1.40651,1.4074,1.40567,1.4073,8031
1733356800,1.40719,1.40785,1.40676,1.4071,3069
1733371200,1.4071,1.40732,1.40649,1.40677,3465
1733385600,1.40678,1.40731,1.40542,1.40598,7310
1733400000,1.40598,1.4062700000000001,1.40341,1.40346,9431
1733414400,1.4034499999999999,1.4059599999999999,1.40093,1.40522,16179
1733428800,1.40521,1.4066,1.40168,1.4019599999999999,6428
1733443200,1.40191,1.40421,1.40177,1.4040300000000001,3647
1733457600,1.40402,1.40424,1.4026,1.40328,4516
1733472000,1.40328,1.40435,1.4026,1.4038300000000001,6831
1733486400,1.4038,1.4094,1.4036,1.4090500000000001,11850
1733500800,1.4090500000000001,1.41567,1.40856,1.41537,23560
1733515200,1.41536,1.4163999999999999,1.41467,1.41553,7769
1733702400,1.41526,1.4163700000000001,1.41471,1.4152,3460
1733716800,1.41519,1.4172500000000001,1.4147,1.41685,4344
1733731200,1.41686,1.41744,1.4136199999999999,1.41421,9532
1733745600,1.4142000000000001,1.4142000000000001,1.4092500000000001,1.41007,8478
1733760000,1.41007,1.4135900000000001,1.4098600000000001,1.41353,14780
1733774400,1.41352,1.41727,1.41351,1.41702,7719
1733788800,1.4169399999999999,1.41846,1.41675,1.4174,3303
1733803200,1.4174,1.41888,1.4168,1.41756,6309
1733817600,1.4175499999999999,1.41943,1.41666,1.4175900000000001,8375
1733832000,1.41758,1.41765,1.4157,1.41625,8972
1733846400,1.41622,1.41933,1.41564,1.41666,15478
1733860800,1.41665,1.41783,1.4155,1.41782,7148
1733875200,1.41772,1.4179599999999999,1.41643,1.41649,3040
1733889600,1.41648,1.41686,1.41584,1.41659,4088
1733904000,1.4166,1.41907,1.41626,1.4184,10645
1733918400,1.41841,1.41928,1.4157899999999999,1.41685,11640
1733932800,1.41686,1.41897,1.41186,1.4159,20724
1733947200,1.41588,1.4169800000000001,1.41465,1.41593,9033
1733961600,1.41581,1.41585,1.41351,1.41475,4473
1733976000,1.41475,1.41544,1.41439,1.41451,4516
1733990400,1.4144999999999999,1.41507,1.41304,1.41361,8737
1734004800,1.4136199999999999,1.41744,1.41329,1.41688,12377
1734019200,1.41688,1.4199,1.41615,1.41907,20173
1734033600,1.4190800000000001,1.42271,1.41852,1.42198,9581
1734048000,1.42183,1.42385,1.42106,1.42337,4393
1734062400,1.42336,1.4243000000000001,1.42324,1.4235,4774
1734076800,1.42351,1.42388,1.42215,1.42225,8269
1734091200,1.42222,1.4227400000000001,1.42087,1.42113,9119
1734105600,1.42112,1.42443,1.4209,1.42306,16166
1734120000,1.42307,1.42392,1.42226,1.42341,6053
1734307200,1.4231,1.42356,1.42168,1.4218199999999999,4414
1734321600,1.42179,1.42291,1.4216199999999999,1.42249,4910
1734336000,1.42249,1.42318,1.42188,1.4230800000000001,7244
1734350400,1.42307,1.42533,1.42283,1.42492,6286
1734364800,1.4249100000000001,1.42683,1.42219,1.42276,15201
1734379200,1.4227699999999999,1.425,1.42242,1.42416,6619
1734393600,1.4237,1.42417,1.42312,1.42405,3168
1734408000,1.4240599999999999,1.42649,1.42404,1.42627,3802
1734422400,1.42627,1.42901,1.4257,1.42774,8068
1734436800,1.42774,1.42967,1.42683,1.4274,10003
1734451200,1.4274,1.43227,1.42697,1.4310399999999999,16711
1734465600,1.43105,1.43152,1.43036,1.43087,6725
1734480000,1.43082,1.43151,1.43067,1.43134,2075
1734494400,1.43134,1.43286,1.4311,1.43249,3755
1734508800,1.4325,1.4331,1.4316499999999999,1.43289,6563
1734523200,1.43288,1.43301,1.4307400000000001,1.43118,6928
1734537600,1.43118,1.4338600000000001,1.43038,1.43323,13035
1734552000,1.43322,1.44468,1.43183,1.44468,21021
1734566400,1.44461,1.44659,1.4429400000000001,1.44302,6806
1734580800,1.443,1.4442599999999999,1.4426999999999999,1.44387,6172
1734595200,1.44388,1.4441,1.43886,1.4393,12016
1734609600,1.43927,1.43968,1.43571,1.43764,13847
1734624000,1.43767,1.43799,1.43436,1.4378600000000001,21155
1734638400,1.43785,1.43982,1.43643,1.43976,9931
1734652800,1.4396499999999999,1.4420600000000001,1.43858,1.44188,4820
1734667200,1.44191,1.44346,1.44147,1.44149,5588
1734681600,1.4415,1.44193,1.437,1.43862,11463
1734696000,1.43862,1.4393,1.43689,1.43924,11604
1734710400,1.43925,1.4396200000000001,1.43347,1.43489,20644
1734724800,1.43488,1.43751,1.43488,1.43708,8454
1734912000,1.43639,1.43677,1.43522,1.4353799999999999,3475
1734926400,1.43539,1.43608,1.43483,1.43598,3751
1734940800,1.43597,1.43888,1.43587,1.43824,7018
1734955200,1.43824,1.4432,1.4381300000000001,1.4431,8758
1734969600,1.44308,1.44327,1.4371,1.43771,15758
1734984000,1.4377,1.43796,1.43664,1.43713,7996
1734998400,1.43698,1.4383,1.43651,1.43784,2532
1735012800,1.4378199999999999,1.4386,1.43726,1.4383,3339
1735027200,1.4383,1.43983,1.43723,1.43954,3907
1735041600,1.43955,1.44194,1.4386700000000001,1.43869,5621
1735056000,1.43869,1.43914,1.43627,1.4378600000000001,9837
1735200000,1.4380899999999999,1.44037,1.43803,1.43939,2419
1735214400,1.43939,1.44021,1.43802,1.43945,4604
1735228800,1.43947,1.44189,1.43911,1.44165,9140
1735243200,1.44166,1.44199,1.44034,1.4405999999999999,5034
1735257600,1.44021,1.4415,1.44014,1.44122,2536
1735272000,1.44123,1.44144,1.44062,1.4408400000000001,2863
1735286400,1.44085,1.44093,1.43949,1.44025,4189
1735300800,1.4402599999999999,1.44105,1.43739,1.43933,6861
1735315200,1.43934,1.4448699999999999,1.43909,1.4436499999999999,15557
1735329600,1.44363,1.4436499999999999,1.44076,1.4414,7044
1735516800,1.4412,1.44143,1.4398,1.43991,1699
1735531200,1.4399,1.44013,1.4390800000000001,1.43923,2576
1735545600,1.43924,1.44097,1.4384700000000001,1.43909,6093
1735560000,1.4391,1.44075,1.4371399999999999,1.44074,8520
1735574400,1.44073,1.44321,1.43545,1.43582,15993
1735588800,1.43581,1.43627,1.4344000000000001,1.43497,7235
1735603200,1.43491,1.43611,1.43412,1.43424,2318
1735617600,1.43423,1.4351,1.43375,1.43478,2960
1735632000,1.43476,1.43787,1.43463,1.4368699999999999,5126
1735646400,1.43689,1.44076,1.43655,1.44015,8479
1735660800,1.44014,1.4408699999999999,1.43628,1.4389,17630
1735804800,1.44041,1.44215,1.43994,1.44139,4438
1735819200,1.44139,1.4430399999999999,1.4409,1.4420600000000001,9758
1735833600,1.44205,1.44413,1.43915,1.4402300000000001,21378
1735848000,1.44022,1.44193,1.4396,1.44036,8564
1735862400,1.44012,1.44105,1.43886,1.43905,3147
1735876800,1.43906,1.43942,1.43824,1.43916,3359
1735891200,1.43916,1.4402,1.43838,1.43894,7592
1735905600,1.43894,1.44187,1.43884,1.44131,7796
1735920000,1.44131,1.4461300000000001,1.44083,1.44563,15593
1735934400,1.44563,1.44628,1.4439,1.44472,6348
1736121600,1.44388,1.4449100000000001,1.4396900000000001,1.43995,4364
1736136000,1.43994,1.44054,1.43872,1.43891,5354
1736150400,1.4389,1.43986,1.43579,1.43735,9645
1736164800,1.43735,1.43796,1.42987,1.43045,18430
1736179200,1.43044,1.4378199999999999,1.42789,1.4363299999999999,22640
1736193600,1.43632,1.43728,1.4328,1.43296,8799
1736208000,1.4328400000000001,1.4349,1.4326699999999999,1.43354,3698
1736222400,1.4335499999999999,1.43369,1.4311099999999999,1.4314200000000001,4707
1736236800,1.4314200000000001,1.43207,1.4301300000000001,1.43018,8908
1736251200,1.43017,1.4322599999999999,1.42971,1.43205,9050
1736265600,1.43204,1.43651,1.43164,1.43439,22182
1736280000,1.43439,1.43662,1.43376,1.43655,8804
1736294400,1.43648,1.4368,1.43472,1.43484,4177
1736308800,1.43485,1.43516,1.43417,1.43422,3687
1736323200,1.43421,1.43686,1.43384,1.43634,9720
1736337600,1.4363299999999999,1.44089,1.43617,1.43947,17220
1736352000,1.43946,1.44059,1.43743,1.43899,20426
1736366400,1.43899,1.43929,1.43717,1.43728,10153
1736380800,1.43729,1.43852,1.43724,1.43769,3232
1736395200,1.4377,1.43804,1.43645,1.43731,3937
1736409600,1.43733,1.44043,1.43706,1.43839,10860
1736424000,1.43838,1.43981,1.43797,1.43944,9616
1736438400,1.43944,1.44034,1.43872,1.4395,8561
1736452800,1.43953,1.4399199999999999,1.4387400000000001,1.43943,3189
1736467200,1.4393500000000001,1.4402,1.43917,1.44003,2932
1736481600,1.44003,1.44171,1.43995,1.44161,3843
1736496000,1.44163,1.44212,1.43943,1.44098,8501
1736510400,1.44098,1.4436,1.43822,1.44024,12503
1736524800,1.44024,1.4442,1.43747,1.44144,26010
1736539200,1.4414500000000001,1.4436499999999999,1.44139,1.44232,10880
1736726400,1.44205,1.44276,1.44105,1.4422,3870
1736740800,1.44219,1.44464,1.44163,1.4434,5349
1736755200,1.44339,1.4442300000000001,1.44138,1.44351,12034
1736769600,1.44353,1.44395,1.43913,1.44074,13220
1736784000,1.44074,1.44268,1.43961,1.44078,20705
1736798400,1.44078,1.44186,1.4377,1.4377,8814
1736812800,1.43758,1.43842,1.43425,1.43754,6082
1736827200,1.4375499999999999,1.43871,1.437,1.43824,5632
1736841600,1.43825,1.43834,1.43574,1.43753,12552
1736856000,1.43753,1.4397,1.43611,1.43955,12613
1736870400,1.43953,1.4409399999999999,1.43493,1.43668,21425
1736884800,1.43669,1.43685,1.43473,1.43478,8674
1736899200,1.43472,1.43561,1.43438,1.43548,3007
1736913600,1.43547,1.43621,1.43492,1.43618,3497
1736928000,1.43619,1.43636,1.43283,1.4346,9162
1736942400,1.43459,1.43662,1.43015,1.43076,11602
1736956800,1.43075,1.43575,1.43018,1.43366,22793
1736971200,1.43365,1.43399,1.43263,1.43385,6384
1736985600,1.43365,1.43415,1.4320599999999999,1.43411,5325
1737000000,1.4341,1.43663,1.43393,1.43662,5160
1737014400,1.43661,1.43835,1.43523,1.4371,8978
1737028800,1.43709,1.43925,1.4368,1.43789,11352
1737043200,1.43789,1.44001,1.43668,1.43855,21858
1737057600,1.43856,1.4402599999999999,1.4382,1.43913,7466
1737072000,1.43891,1.4402300000000001,1.43831,1.43991,2644
1737086400,1.43991,1.4405000000000001,1.43885,1.44017,3715
1737100800,1.44017,1.44167,1.44014,1.44125,8030
1737115200,1.44125,1.44398,1.4405700000000001,1.44356,9821
1737129600,1.44355,1.44634,1.43817,1.44377,21309
1737144000,1.44376,1.44825,1.44371,1.44822,8744
1737331200,1.44616,1.44843,1.44536,1.4455,2952
1737345600,1.4455,1.44577,1.44428,1.44495,3768
1737360000,1.44494,1.44778,1.4442300000000001,1.44768,8310
1737374400,1.44767,1.44767,1.43102,1.4310399999999999,13581
1737388800,1.43113,1.43801,1.42602,1.4336,17892
1737403200,1.43359,1.43488,1.42816,1.43106,4218
1737417600,1.43083,1.45143,1.42885,1.444,12150
1737432000,1.4439899999999999,1.44433,1.43927,1.44322,8800
1737446400,1.44323,1.44567,1.44143,1.4423300000000001,10237
1737460800,1.44232,1.44559,1.44105,1.44475,13040
1737475200,1.4447,1.4448699999999999,1.43168,1.4334,22244
1737489600,1.43339,1.43436,1.43114,1.4316499999999999,8605
1737504000,1.4316900000000001,1.43488,1.43157,1.43361,5542
1737518400,1.43362,1.43434,1.4327,1.43362,3852
1737532800,1.43363,1.4353500000000001,1.43208,1.43269,11320
1737547200,1.43268,1.43698,1.43002,1.4352800000000001,12117
1737561600,1.4352800000000001,1.43905,1.43517,1.43651,16454
1737576000,1.43651,1.43898,1.43529,1.43791,6882
1737590400,1.43762,1.4402599999999999,1.4365299999999999,1.43937,4120
1737604800,1.43937,1.44031,1.4380899999999999,1.4392,5227
1737619200,1.43921,1.44014,1.43833,1.43888,9698
1737633600,1.43888,1.44126,1.43861,1.44034,10489
1737648000,1.44036,1.44036,1.43335,1.43383,21031
1737662400,1.4338199999999999,1.43822,1.4338,1.43814,7952
1737676800,1.43812,1.43832,1.43716,1.4374500000000001,2181
1737691200,1.43746,1.43746,1.43204,1.43308,10068
1737705600,1.43305,1.43482,1.4314,1.43244,15924
1737720000,1.43244,1.4349,1.43188,1.43234,11889
1737734400,1.43235,1.4340899999999999,1.4315,1.43366,18719
1737748800,1.43364,1.43485,1.43336,1.43435,6219
1737936000,1.43603,1.43865,1.4359899999999999,1.43829,5161
1737950400,1.4383,1.44005,1.43658,1.43838,8658
1737964800,1.43838,1.43995,1.43644,1.43677,15575
1737979200,1.43677,1.43695,1.43327,1.4356900000000001,20042
1737993600,1.4357,1.43973,1.43556,1.4397199999999999,19908
1738008000,1.43974,1.44003,1.43656,1.43689,9690
1738022400,1.43685,1.44143,1.43666,1.43954,7479
1738036800,1.43954,1.44043,1.43871,1.43978,5875
1738051200,1.43977,1.44116,1.43882,1.43968,11634
1738065600,1.4397,1.44193,1.43933,1.44013,10841
1738080000,1.44014,1.44014,1.43682,1.43966,16792
1738094400,1.43964,1.44126,1.43836,1.43963,8009
1738108800,1.43956,1.4408,1.43906,1.44019,3225
1738123200,1.4402,1.44024,1.4390800000000001,1.4397,3162
1738137600,1.4396900000000001,1.4432800000000001,1.43922,1.44289,10046
1738152000,1.44289,1.4469699999999999,1.44174,1.44639,11101
1738166400,1.4464000000000001,1.4471,1.44024,1.4420899999999999,19670
1738180800,1.4420899999999999,1.44449,1.44079,1.44191,15518
1738195200,1.44176,1.44201,1.43916,1.44126,3663
1738209600,1.44127,1.44244,1.44067,1.44234,4362
1738224000,1.44234,1.44353,1.44017,1.44089,8406
1738238400,1.44088,1.44223,1.4404,1.44082,11066
1738252800,1.44086,1.4421599999999999,1.43991,1.44142,15574
1738267200,1.44142,1.45929,1.43993,1.44885,11707
1738281600,1.4487700000000001,1.45091,1.44788,1.44822,5696
1738296000,1.4482300000000001,1.44886,1.44714,1.4477,3910
1738310400,1.44771,1.44907,1.4430399999999999,1.44778,11738
1738324800,1.44779,1.44966,1.44577,1.44874,12092
1738339200,1.44873,1.455,1.43695,1.4399899999999999,24194
1738353600,1.43998,1.45579,1.4390100000000001,1.4540199999999999,21164
1738540800,1.4716,1.47498,1.4671,1.47471,18432
1738555200,1.47472,1.47923,1.47245,1.47269,13127
1738569600,1.47271,1.47512,1.46737,1.46923,18581
1738584000,1.46923,1.47032,1.45856,1.46667,17002
1738598400,1.46668,1.47019,1.45199,1.45777,30642
1738612800,1.45778,1.45913,1.43886,1.44207,15446
1738627200,1.442,1.44612,1.43856,1.44479,7785
1738641600,1.44476,1.45018,1.44473,1.4485999999999999,8020
1738656000,1.4485999999999999,1.44873,1.44237,1.44246,13328
1738670400,1.44248,1.44409,1.43807,1.43823,13258
1738684800,1.43824,1.43921,1.43084,1.43395,21096
1738699200,1.43396,1.43455,1.43008,1.43217,8471
1738713600,1.43215,1.4338,1.43125,1.43332,4704
1738728000,1.43333,1.43435,1.43178,1.43375,5321
1738742400,1.43375,1.43426,1.42788,1.42848,12085
1738756800,1.42847,1.4295200000000001,1.4269,1.42917,11279
1738771200,1.4291800000000001,1.43002,1.42688,1.42915,17989
1738785600,1.42916,1.43273,1.4285999999999999,1.43171,6300
1738800000,1.43156,1.43263,1.43092,1.4313500000000001,3086
1738814400,1.4313799999999999,1.43506,1.43137,1.43472,3473
1738828800,1.43472,1.4365700000000001,1.43398,1.43591,8641
1738843200,1.4359,1.43636,1.43407,1.43412,12094
1738857600,1.43408,1.43483,1.43027,1.43098,13761
1738872000,1.43099,1.43184,1.43006,1.43044,6398
1738886400,1.43041,1.43174,1.4301,1.43048,2488
1738900800,1.43048,1.4325700000000001,1.43007,1.43242,3074
1738915200,1.43243,1.43252,1.43039,1.43112,6504
1738929600,1.43113,1.43442,1.42856,1.4304000000000001,12413
1738944000,1.43042,1.43391,1.42792,1.42917,28087
1738958400,1.4292099999999999,1.43004,1.42727,1.4291,9160
1739145600,1.4359899999999999,1.43773,1.4322300000000001,1.43482,5752
1739160000,1.43481,1.43578,1.43351,1.43436,4560
1739174400,1.43435,1.43584,1.43145,1.43255,10349
1739188800,1.43255,1.43439,1.43255,1.43364,8108
1739203200,1.43361,1.43424,1.43126,1.43189,11406
1739217600,1.4319,1.43219,1.43044,1.43161,5528
1739232000,1.43155,1.4338899999999999,1.4314,1.43341,3216
1739246400,1.4334,1.43397,1.43285,1.43323,2697
1739260800,1.4332500000000001,1.43395,1.43238,1.4333,7226
1739275200,1.4333,1.4344999999999999,1.43075,1.4310100000000001,8613
1739289600,1.43097,1.43262,1.42994,1.43064,12971
1739304000,1.43064,1.4307699999999999,1.42783,1.42879,7168
1739318400,1.42865,1.4295200000000001,1.4281,1.42874,2184
1739332800,1.42873,1.42973,1.42788,1.42951,3256
1739347200,1.4295200000000001,1.43126,1.42855,1.4307400000000001,7058
1739361600,1.43075,1.4339,1.42888,1.43279,11737
1739376000,1.4328,1.4341599999999999,1.42548,1.42611,22995
1739390400,1.4261,1.43042,1.42581,1.4303,9771
1739404800,1.43033,1.4304299999999999,1.4286699999999999,1.42881,2535
1739419200,1.4288,1.42902,1.42548,1.42581,5560
1739433600,1.4258199999999999,1.42992,1.42541,1.42907,10007
1739448000,1.42908,1.43026,1.42664,1.42849,12161
1739462400,1.42843,1.4289100000000001,1.421,1.4243000000000001,16479
1739476800,1.42432,1.42618,1.41825,1.41882,12101
1739491200,1.4188100000000001,1.41998,1.41814,1.4188399999999999,4467
1739505600,1.4188399999999999,1.4191099999999999,1.41764,1.41865,5273
1739520000,1.41864,1.41882,1.4156,1.41668,10867
1739534400,1.41669,1.41907,1.4154499999999999,1.41639,11347
1739548800,1.41638,1.41779,1.41501,1.41643,14648
1739563200,1.41642,1.41771,1.4156,1.4175499999999999,5967
1739750400,1.41647,1.41891,1.41589,1.41602,5048
1739764800,1.41602,1.41743,1.41602,1.4173200000000001,5905
1739779200,1.4173200000000001,1.4193500000000001,1.41705,1.41897,8091
1739793600,1.41898,1.41932,1.41806,1.41878,6385
1739808000,1.4187699999999999,1.4191799999999999,1.41785,1.41824,4888
1739822400,1.41824,1.41876,1.4181,1.41822,1836
1739836800,1.4181,1.42058,1.41771,1.41992,4497
1739851200,1.41991,1.42079,1.4187699999999999,1.42034,5783
1739865600,1.42036,1.42073,1.41805,1.41904,9430
1739880000,1.41903,1.4212099999999999,1.41787,1.42042,9532
1739894400,1.42041,1.42106,1.41821,1.41924,11679
1739908800,1.41923,1.4193500000000001,1.41826,1.419,5790
1739923200,1.41903,1.41981,1.41838,1.41839,4588
1739937600,1.4184,1.41917,1.41788,1.41794,5363
1739952000,1.41795,1.41993,1.41748,1.41988,7644
1739966400,1.41988,1.4221,1.41949,1.4197899999999999,9080
1739980800,1.4197899999999999,1.424,1.41913,1.42363,15478
1739995200,1.42362,1.42447,1.42231,1.42329,8395
1740009600,1.42323,1.42432,1.42233,1.4241,4986
1740024000,1.42408,1.42439,1.42196,1.42261,7670
1740038400,1.4226,1.42295,1.42095,1.42106,9763
1740052800,1.42105,1.42224,1.41959,1.42057,10803
1740067200,1.42055,1.42126,1.41763,1.41853,17574
1740081600,1.41852,1.41887,1.41656,1.4176199999999999,7588
1740096000,1.41756,1.4187400000000001,1.41673,1.41853,5128
1740110400,1.41853,1.41855,1.41675,1.41783,7413
1740124800,1.41784,1.41985,1.4176199999999999,1.41959,11100
1740139200,1.41959,1.41998,1.4172799999999999,1.41758,8978
1740153600,1.4175900000000001,1.4219300000000001,1.41697,1.42172,16827
1740168000,1.42174,1.42356,1.42167,1.42304,12380
1740355200,1.42175,1.4223,1.41932,1.41958,6463
1740369600,1.41958,1.41965,1.41812,1.41934,8374
1740384000,1.41933,1.42157,1.41831,1.42108,12379
1740398400,1.42107,1.42228,1.42059,1.42156,9691
1740412800,1.4215499999999999,1.42441,1.42078,1.42239,18847
1740427200,1.4224,1.42671,1.42062,1.42583,9880
1740441600,1.42567,1.42784,1.42529,1.42622,5142
1740456000,1.42622,1.42655,1.42389,1.42444,7320
1740470400,1.42443,1.42736,1.42436,1.42664,12965
1740484800,1.42665,1.42709,1.42424,1.42614,11527
1740499200,1.4261300000000001,1.43158,1.42508,1.4292099999999999,23639
1740513600,1.4292,1.43156,1.42794,1.43123,12986
1740528000,1.43122,1.43122,1.42933,1.43033,5244
1740542400,1.43031,1.43317,1.43014,1.43303,7144
1740556800,1.43303,1.43327,1.43163,1.43314,11318
1740571200,1.43315,1.43567,1.43288,1.4350800000000001,10439
1740585600,1.43509,1.43654,1.42977,1.4316900000000001,22457
1740600000,1.43166,1.43674,1.43006,1.43398,14172
1740614400,1.4339,1.43545,1.4334500000000001,1.43473,4690
1740628800,1.43473,1.43625,1.43441,1.43532,7274
1740643200,1.43533,1.43552,1.43214,1.43265,10865
1740657600,1.4326400000000001,1.44336,1.43252,1.44253,13675
1740672000,1.4425,1.44418,1.4402,1.44284,23112
1740686400,1.44283,1.4448699999999999,1.4418199999999999,1.44395,10288
1740700800,1.44388,1.44465,1.44287,1.44431,6627
1740715200,1.44432,1.44517,1.44361,1.4439600000000001,7566
1740729600,1.4439600000000001,1.44523,1.4428,1.4436499999999999,11926
1740744000,1.44364,1.44411,1.44029,1.44147,11309
1740758400,1.44146,1.44473,1.4399,1.44387,23036
1740772800,1.44387,1.44702,1.4433099999999999,1.44619,13487
1740960000,1.44436,1.44478,1.4429699999999999,1.44336,6984
1740974400,1.4433799999999999,1.44523,1.44298,1.44437,6562
1740988800,1.44438,1.44524,1.44247,1.44264,10318
1741003200,1.44265,1.44391,1.44,1.44106,13349
1741017600,1.44106,1.44185,1.43682,1.44124,19431
1741032000,1.44126,1.45408,1.4402300000000001,1.44873,19573
1741046400,1.4485000000000001,1.45034,1.44781,1.44923,7124
1741060800,1.44922,1.45206,1.44848,1.4491100000000001,11186
1741075200,1.44912,1.45024,1.4408699999999999,1.44245,16876
1741089600,1.44245,1.44586,1.44059,1.44473,18618
1741104000,1.44474,1.45421,1.44383,1.45272,31867
1741118400,1.45271,1.45412,1.43698,1.44016,22349
1741132800,1.43991,1.44403,1.43825,1.44276,8521
1741147200,1.44275,1.4449100000000001,1.44176,1.4421,11392
1741161600,1.44211,1.44302,1.43764,1.43814,17319
1741176000,1.4381300000000001,1.44264,1.43766,1.43799,17716
1741190400,1.438,1.44189,1.4340600000000001,1.4356200000000001,31463
1741204800,1.43559,1.43759,1.43296,1.43324,16195
1741219200,1.43334,1.4352800000000001,1.43119,1.43139,6195
1741233600,1.4313799999999999,1.434,1.43088,1.43364,7873
1741248000,1.43363,1.43618,1.4325,1.43455,19700
1741262400,1.43454,1.43759,1.4340600000000001,1.43628,17631
1741276800,1.43628,1.43697,1.42384,1.4303,28306
1741291200,1.43029,1.43174,1.42827,1.4297,12996
1741305600,1.42954,1.43055,1.42869,1.43,3573
1741320000,1.43,1.43122,1.4292500000000001,1.43115,6974
1741334400,1.43115,1.43187,1.42787,1.42991,13138
1741348800,1.42992,1.43706,1.42977,1.43705,15681
1741363200,1.43702,1.44257,1.43361,1.43905,31000
1741377600,1.43906,1.44064,1.43587,1.4376,14397
1741564800,1.43787,1.43817,1.43536,1.43615,6587
1741579200,1.43616,1.4369399999999999,1.43559,1.43652,6142
1741593600,1.43651,1.43814,1.43544,1.43574,14369
1741608000,1.43575,1.44279,1.43524,1.44202,18589
1741622400,1.44202,1.44463,1.44086,1.44454,19580
1741636800,1.44455,1.44717,1.44302,1.44343,10151
1741651200,1.4434,1.44459,1.44195,1.44254,6703
1741665600,1.44254,1.44458,1.4415499999999999,1.44385,8102
1741680000,1.44386,1.4445000000000001,1.44064,1.44086,15807
1741694400,1.4408400000000001,1.44194,1.43929,1.44131,16121
1741708800,1.44125,1.45203,1.4409399999999999,1.44831,32329
1741723200,1.4483,1.4485299999999999,1.43784,1.44315,14572
1741737600,1.44308,1.44385,1.4421,1.44357,5126
1741752000,1.44357,1.44506,1.4430399999999999,1.4441899999999999,5289
1741766400,1.4441899999999999,1.44841,1.44314,1.44378,12987
1741780800,1.44379,1.44385,1.43648,1.44159,18863
1741795200,1.44158,1.4424000000000001,1.43634,1.43854,18144
1741809600,1.43853,1.43859,1.43526,1.43658,8933
1741824000,1.4365999999999999,1.43757,1.43581,1.4369399999999999,3928
1741838400,1.43695,1.4398,1.43655,1.43939,6204
1741852800,1.4393799999999999,1.44039,1.43676,1.43688,13889
1741867200,1.43689,1.44039,1.43662,1.43957,18007
1741881600,1.43956,1.4451,1.43793,1.44494,22301
1741896000,1.44495,1.445,1.44184,1.44393,9600
1741910400,1.44398,1.44405,1.44245,1.44348,5356
1741924800,1.44347,1.44407,1.44264,1.44285,6930
1741939200,1.44286,1.44312,1.44101,1.44196,11693
1741953600,1.44195,1.4435799999999999,1.43844,1.43876,18459
1741968000,1.4386999999999999,1.44008,1.43679,1.43759,19850
1741982400,1.43758,1.43787,1.43546,1.4361,6550
1742169600,1.43646,1.43767,1.43573,1.43736,4281
1742184000,1.43737,1.4378600000000001,1.43654,1.43758,5133
1742198400,1.43757,1.43797,1.43541,1.43568,9379
1742212800,1.43568,1.43582,1.43048,1.43145,12180
1742227200,1.43144,1.4326699999999999,1.42816,1.42847,13559
1742241600,1.42847,1.4291,1.42749,1.4286400000000001,5716
1742256000,1.4287,1.4299,1.42861,1.4297,3469
1742270400,1.42973,1.43068,1.4294,1.43042,3580
1742284800,1.4304000000000001,1.4307,1.4272,1.42816,6898
1742299200,1.42815,1.42976,1.42609,1.42883,11864
1742313600,1.42883,1.43188,1.42847,1.43029,17983
1742328000,1.43028,1.4313,1.42916,1.42998,5308
1742342400,1.43001,1.43053,1.4294799999999999,1.4304999999999999,2908
1742356800,1.43049,1.43126,1.43014,1.43098,3287
1742371200,1.43098,1.43302,1.43067,1.4322,10576
1742385600,1.4322,1.43339,1.43091,1.43166,9868
1742400000,1.4316499999999999,1.43484,1.43105,1.4331800000000001,11317
1742414400,1.43301,1.4341599999999999,1.43076,1.43183,13586
1742428800,1.4318,1.43344,1.4314,1.43332,4895
1742443200,1.43331,1.4338600000000001,1.4319600000000001,1.43326,4657
1742457600,1.43327,1.43756,1.43313,1.43729,8125
1742472000,1.43728,1.44006,1.43685,1.43709,13843
1742486400,1.43704,1.43716,1.4317199999999999,1.43265,13947
1742500800,1.43266,1.43313,1.4312,1.4323299999999999,5220
1742515200,1.43235,1.43279,1.43143,1.43153,3831
1742529600,1.43154,1.43432,1.4314,1.43331,5246
1742544000,1.43331,1.43385,1.4313,1.4337900000000001,8681
1742558400,1.43378,1.43724,1.4327,1.43529,12412
1742572800,1.43527,1.43658,1.43317,1.43391,14727
1742587200,1.43391,1.43555,1.43368,1.4340600000000001,5528
1742774400,1.43412,1.43418,1.43259,1.4338600000000001,4283
1742788800,1.43387,1.435,1.43361,1.4344000000000001,4255
1742803200,1.43441,1.43444,1.43247,1.4328400000000001,8475
1742817600,1.43282,1.43456,1.43145,1.43285,10369
1742832000,1.43286,1.43304,1.42884,1.43136,14777
1742846400,1.43136,1.43247,1.43063,1.43166,6622
1742860800,1.43164,1.43262,1.43106,1.43159,2965
1742875200,1.43156,1.43236,1.43152,1.43171,4054
1742889600,1.43171,1.4332099999999999,1.43152,1.43171,8667
1742904000,1.4317199999999999,1.4318,1.4270399999999999,1.42879,10414
1742918400,1.42855,1.4313,1.42855,1.42972,11840
1742932800,1.42973,1.43076,1.42717,1.42802,5932
1742947200,1.42794,1.42975,1.42715,1.42748,5184
1742961600,1.42749,1.42797,1.42696,1.42739,5130
1742976000,1.4273799999999999,1.42771,1.42456,1.42523,8710
1742990400,1.42524,1.42716,1.42404,1.42506,9728
1743004800,1.42507,1.4295900000000001,1.4234499999999999,1.42856,14460
1743019200,1.42855,1.4298199999999999,1.42612,1.4297900000000001,6428
1743033600,1.43003,1.43151,1.4274,1.4279899999999999,7404
1743048000,1.4279899999999999,1.4280599999999999,1.42588,1.42744,6368
1743062400,1.4274499999999999,1.43053,1.42642,1.42859,11726
1743076800,1.42858,1.43281,1.42751,1.43122,12857
1743091200,1.43122,1.43276,1.42916,1.43149,16743
1743105600,1.4315,1.43208,1.42933,1.43061,5211
1743120000,1.43035,1.4315,1.43035,1.43137,3711
1743134400,1.4313799999999999,1.43147,1.43072,1.43109,4945
1743148800,1.43109,1.43319,1.43099,1.43252,7870
1743163200,1.43252,1.43323,1.42889,1.43091,12183
1743177600,1.43082,1.4325700000000001,1.42756,1.4304299999999999,18468
1743192000,1.43042,1.43236,1.43006,1.43106,6939
1743379200,1.42964,1.43279,1.4291800000000001,1.4308,7797
1743393600,1.43079,1.4319600000000001,1.42983,1.43148,8576
1743408000,1.43148,1.43478,1.43088,1.4347400000000001,10599
1743422400,1.43473,1.43805,1.43405,1.4378,8944
1743436800,1.4378,1.43947,1.4359899999999999,1.4375,18920
1743451200,1.4374799999999999,1.43949,1.43708,1.4386,8703
1743465600,1.43855,1.43952,1.43834,1.43905,3565
1743480000,1.43906,1.43998,1.43722,1.43734,6844
1743494400,1.43733,1.44031,1.43729,1.4381,9024
1743508800,1.4381,1.44035,1.4365700000000001,1.43944,10865
1743523200,1.43945,1.4414500000000001,1.43049,1.4319899999999999,22512
1743537600,1.4319899999999999,1.43434,1.42974,1.42987,10490
1743552000,1.42988,1.43069,1.42883,1.43038,4105
1743566400,1.43039,1.43076,1.4291800000000001,1.43054,6284
1743580800,1.43053,1.43168,1.42926,1.43026,7942
1743595200,1.43026,1.43316,1.42988,1.43205,8687
1743609600,1.4320599999999999,1.43339,1.42953,1.432,16687
1743624000,1.4319899999999999,1.43642,1.42581,1.42937,14988
1743638400,1.4279600000000001,1.43176,1.42144,1.42534,18694
1743652800,1.42533,1.42576,1.4237,1.42547,16052
1743667200,1.42549,1.42549,1.4116,1.41307,21832
1743681600,1.41306,1.41592,1.4068800000000001,1.4081299999999999,24300
1743696000,1.4081000000000001,1.409,1.40256,1.40605,33845
1743710400,1.40604,1.41036,1.40599,1.40859,13570
1743724800,1.40841,1.40956,1.40608,1.40637,6047
1743739200,1.40637,1.41025,1.4052799999999999,1.41004,12617
1743753600,1.41003,1.41631,1.40814,1.41313,19216
1743768000,1.41311,1.42411,1.41306,1.42079,36259
1743782400,1.42078,1.42354,1.4178,1.42102,41442
1743796800,1.4210099999999999,1.42576,1.42005,1.42191,27729
1743984000,1.42411,1.42691,1.42047,1.42296,20493
1743998400,1.42295,1.4253,1.42119,1.4215200000000001,24059
1744012800,1.4215200000000001,1.4268100000000001,1.41953,1.42497,32350
1744027200,1.4249399999999999,1.42957,1.42371,1.4245999999999999,30589
1744041600,1.4245999999999999,1.42669,1.41783,1.42279,42846
1744056000,1.42282,1.42535,1.41845,1.4243999999999999,24288
1744070400,1.42422,1.42444,1.42002,1.42148,8262
1744084800,1.4215,1.4219,1.41575,1.4163299999999999,14514
1744099200,1.41636,1.41919,1.41492,1.41775,20726
1744113600,1.41775,1.4203000000000001,1.41522,1.41634,22693
1744128000,1.41635,1.42227,1.41425,1.42014,34312
1744142400,1.42016,1.42709,1.41946,1.4267,26320
1744156800,1.42614,1.42727,1.42415,1.42419,9952
1744171200,1.42419,1.4246699999999999,1.42051,1.422,20911
1744185600,1.422,1.42479,1.41925,1.42026,28813
1744200000,1.42026,1.42206,1.41558,1.4172799999999999,28633
1744214400,1.41727,1.42119,1.41316,1.41766,29665
1744228800,1.41765,1.41856,1.407,1.40885,30452
1744243200,1.40823,1.41092,1.40735,1.4099599999999999,10550
1744257600,1.40997,1.41089,1.40707,1.40716,15832
1744272000,1.4071500000000001,1.40939,1.40516,1.40754,20757
1744286400,1.40755,1.40873,1.4041299999999999,1.4071799999999999,22029
1744300800,1.40717,1.40747,1.39873,1.3998599999999999,35856
1744315200,1.39991,1.40064,1.39508,1.39798,27092
1744329600,1.39775,1.3982700000000001,1.39093,1.39482,14588
1744344000,1.3948,1.39694,1.3907,1.39635,24732
1744358400,1.39635,1.39839,1.388,1.39033,25631
1744372800,1.39035,1.39319,1.38384,1.38558,25303
1744387200,1.38558,1.3932,1.38415,1.3902700000000001,33493
1744401600,1.39024,1.3918599999999999,1.38656,1.38656,16422
1744588800,1.38561,1.38834,1.38536,1.38718,9266
1744603200,1.38717,1.3873199999999999,1.38482,1.3864,14504
1744617600,1.38639,1.3875600000000001,1.38279,1.38385,16187
1744632000,1.38385,1.38886,1.38339,1.38812,13255
1744646400,1.38811,1.39103,1.38613,1.3903400000000001,23639
1744660800,1.3902999999999999,1.39044,1.38625,1.38765,10468
1744675200,1.38665,1.39078,1.38626,1.3893499999999999,5812
1744689600,1.3894,1.38963,1.38498,1.38544,8557
1744704000,1.38543,1.38775,1.38494,1.38553,12785
1744718400,1.38552,1.39144,1.38493,1.38995,13391
1744732800,1.38997,1.3969,1.38673,1.39688,20291
1744747200,1.39688,1.3977,1.39553,1.39572,9778
1744761600,1.39492,1.39638,1.39466,1.39504,5548
1744776000,1.39504,1.39504,1.39338,1.39356,7245
1744790400,1.39357,1.39419,1.39035,1.3912499999999999,13764
1744804800,1.39124,1.39291,1.3902999999999999,1.39167,12427
1744819200,1.39165,1.39282,1.38667,1.38764,18511
1744833600,1.38763,1.38979,1.3856600000000001,1.38588,13853
1744848000,1.38528,1.38681,1.38527,1.38672,4514
1744862400,1.3867,1.38909,1.3867,1.38899,7581
1744876800,1.38898,1.38957,1.38647,1.38761,10242
1744891200,1.38762,1.39055,1.38673,1.3872,11102
1744905600,1.38727,1.38785,1.38434,1.38441,17693
1744920000,1.38441,1.38499,1.38275,1.3835,8185
1744934400,1.3832200000000001,1.38475,1.38293,1.38448,4973
1744948800,1.38448,1.38616,1.38446,1.38606,36697
1744963200,1.38605,1.38665,1.3844699999999999,1.38612,25078
1744977600,1.38613,1.38663,1.38442,1.38575,20798
1744992000,1.38574,1.38679,1.38443,1.38507,12075
1745006400,1.38509,1.38509,1.3830200000000001,1.38436,10728
1745193600,1.38413,1.3844699999999999,1.3805,1.3818,6150
1745208000,1.3818,1.38212,1.37936,1.37967,7889
1745222400,1.3797,1.38019,1.37906,1.3792200000000001,8086
1745236800,1.37921,1.3814199999999999,1.3780299999999999,1.37924,8735
1745251200,1.37923,1.38418,1.3784399999999999,1.3838,13160
1745265600,1.38381,1.38494,1.38251,1.3835899999999999,7282
1745280000,1.38388,1.3844699999999999,1.38245,1.38374,4972
1745294400,1.38375,1.38375,1.38,1.38039,7978
1745308800,1.3804,1.38202,1.37924,1.3817,12228
1745323200,1.3816899999999999,1.3860700000000001,1.38161,1.38458,11126
1745337600,1.38457,1.3856600000000001,1.3796,1.38066,14913
1745352000,1.38065,1.38321,1.37989,1.38109,10135
1745366400,1.38116,1.38582,1.38094,1.38278,10823
1745380800,1.38278,1.38464,1.38193,1.3832900000000001,8758
1745395200,1.38328,1.38389,1.3807800000000001,1.38105,11202
1745409600,1.38105,1.38406,1.37975,1.3834,10629
1745424000,1.3834,1.38982,1.38244,1.38934,24081
1745438400,1.3893499999999999,1.39039,1.38765,1.38766,9773
1745452800,1.38778,1.38852,1.38673,1.3869,5051
1745467200,1.38692,1.38733,1.38619,1.3866800000000001,7333
1745481600,1.38669,1.38742,1.38391,1.38492,11030
1745496000,1.38493,1.387,1.38398,1.3860000000000001,9714
1745510400,1.38598,1.38981,1.38496,1.38782,15186
1745524800,1.38782,1.38838,1.38415,1.38476,5977
1745539200,1.3852,1.38648,1.38442,1.38632,3709
1745553600,1.38633,1.38762,1.3856899999999999,1.3875,7252
1745568000,1.38751,1.38895,1.38575,1.38866,10163
1745582400,1.38865,1.38916,1.38618,1.3872,9452
1745596800,1.3872,1.38751,1.3849,1.38595,11897
1745611200,1.38596,1.3875199999999999,1.3848799999999999,1.38541,7024
1745798400,1.38623,1.38765,1.3847,1.3873199999999999,3858
1745812800,1.38731,1.38839,1.38648,1.38651,4974
1745827200,1.3865,1.38916,1.38617,1.38841,7974
1745841600,1.38842,1.38842,1.38543,1.38685,8318
1745856000,1.38683,1.38714,1.3824100000000001,1.38468,15273
1745870400,1.38467,1.38572,1.38159,1.38293,6711
1745884800,1.3826800000000001,1.38392,1.38254,1.3836,3798
1745899200,1.38361,1.3866,1.38077,1.38622,9452
1745913600,1.38623,1.38706,1.38159,1.38289,10286
1745928000,1.38288,1.38513,1.38269,1.38321,9352
1745942400,1.3832,1.3866800000000001,1.38286,1.38534,13436
1745956800,1.38535,1.38595,1.38263,1.38324,5592
1745971200,1.38307,1.38341,1.38243,1.38299,2825
1745985600,1.38301,1.38453,1.38194,1.38328,5063
1746000000,1.38328,1.38425,1.38164,1.3842400000000001,7622
1746014400,1.38423,1.38531,1.38235,1.38492,9400
1746028800,1.38492,1.38548,1.38019,1.38095,18142
1746043200,1.38096,1.38109,1.37693,1.37931,9032
1746057600,1.3792499999999999,1.38002,1.3786,1.37874,3030
1746072000,1.37875,1.37997,1.37835,1.37936,5072
1746086400,1.37935,1.38166,1.37919,1.38145,5960
1746100800,1.38145,1.38244,1.38071,1.38188,6997
1746115200,1.38194,1.38615,1.3795600000000001,1.38527,13973
1746129600,1.38527,1.3860700000000001,1.38345,1.38491,6260
1746144000,1.38502,1.38541,1.38398,1.38399,3496
1746158400,1.38402,1.38422,1.3814199999999999,1.38211,6249
1746172800,1.3820999999999999,1.38337,1.38023,1.3829799999999999,6808
1746187200,1.38296,1.3838,1.38046,1.3823699999999999,11007
1746201600,1.38238,1.38283,1.37594,1.37908,19666
1746216000,1.37909,1.38185,1.37909,1.38174,7006
1746403200,1.37911,1.38281,1.37896,1.38188,4851
1746417600,1.38188,1.38188,1.37931,1.37974,7398
1746432000,1.37973,1.38182,1.37875,1.38095,7934
1746446400,1.38093,1.38143,1.37859,1.38114,9144
1746460800,1.38113,1.3829099999999999,1.37987,1.38119,12890
1746475200,1.38118,1.38224,1.38071,1.38224,4340
1746489600,1.38181,1.38392,1.38158,1.38377,2815
1746504000,1.38378,1.3844400000000001,1.38133,1.38145,7446
1746518400,1.3814600000000001,1.38301,1.38068,1.38189,7786
1746532800,1.38188,1.38317,1.37942,1.38008,7784
1746547200,1.38009,1.38082,1.37497,1.3771,14009
1746561600,1.37709,1.37859,1.3761999999999999,1.37743,7975
1746576000,1.377,1.3780000000000001,1.37615,1.37714,6718
1746590400,1.37714,1.37979,1.37698,1.3795,8317
1746604800,1.37949,1.37968,1.37805,1.37923,7475
1746619200,1.37923,1.38058,1.3784399999999999,1.38013,7044
1746633600,1.38014,1.38055,1.37721,1.37851,13116
1746648000,1.37852,1.38372,1.37839,1.38341,14739
1746662400,1.38365,1.3838599999999999,1.38213,1.38248,3172
1746676800,1.38249,1.38308,1.38128,1.3829099999999999,6889
1746691200,1.3829500000000001,1.3883,1.38289,1.38651,9976
1746705600,1.3865,1.38974,1.38644,1.38882,9911
1746720000,1.38882,1.3930500000000001,1.38682,1.39201,15998
1746734400,1.39199,1.39323,1.39144,1.39202,5408
1746748800,1.39155,1.39311,1.39154,1.39254,3078
1746763200,1.39253,1.39416,1.3915199999999999,1.39162,6757
1746777600,1.39161,1.39255,1.39093,1.39112,5756
1746792000,1.39113,1.39205,1.39076,1.39146,6397
1746806400,1.39147,1.39439,1.3905699999999999,1.39341,13117
1746820800,1.39343,1.39388,1.3919000000000001,1.39377,5351
1747008000,1.3893900000000001,1.39378,1.38856,1.39359,5174
1747022400,1.39358,1.39401,1.3919000000000001,1.3925,7724
1747036800,1.39249,1.3980000000000001,1.3912900000000001,1.39569,14198
1747051200,1.39571,1.39971,1.39541,1.39963,11652
1747065600,1.39963,1.40111,1.39776,1.4003999999999999,14088
1747080000,1.40041,1.4015,1.39711,1.3973900000000001,7071
1747094400,1.39733,1.3985,1.39694,1.39816,3319
1747108800,1.39817,1.39865,1.39573,1.39596,6528
1747123200,1.39595,1.39907,1.3958599999999999,1.39883,8374
1747137600,1.39881,1.40003,1.39754,1.39787,8458
1747152000,1.39791,1.40154,1.3952499999999999,1.39546,17719
1747166400,1.39546,1.3955899999999999,1.39303,1.39355,6517
1747180800,1.39349,1.3939,1.3926,1.39316,2863
1747195200,1.39317,1.39382,1.39185,1.39261,6422
1747209600,1.39262,1.39354,1.39065,1.3912499999999999,9490
1747224000,1.3912499999999999,1.3946,1.39007,1.3944,9813
1747238400,1.3944,1.39835,1.3937300000000001,1.39724,16482
1747252800,1.39724,1.39849,1.39655,1.39822,6807
1747267200,1.39719,1.39798,1.3967100000000001,1.3970099999999999,2687
1747281600,1.397,1.39714,1.39582,1.39696,5809
1747296000,1.39695,1.39883,1.3967800000000001,1.39818,8308
1747310400,1.39816,1.39929,1.39734,1.39814,8144
1747324800,1.39814,1.40041,1.39758,1.3986399999999999,13281
1747339200,1.39865,1.39879,1.3955,1.39593,6477
1747353600,1.3954,1.39616,1.39494,1.3952499999999999,3146
1747368000,1.3952499999999999,1.39567,1.39404,1.3942700000000001,5210
1747382400,1.39428,1.396,1.39347,1.3953,6340
1747396800,1.39529,1.39724,1.39516,1.3958,6943
1747411200,1.3957899999999999,1.39946,1.39487,1.39851,12596
1747425600,1.3985,1.3994900000000001,1.39635,1.39643,5383
1747612800,1.39636,1.39673,1.3951,1.39577,3768
1747627200,1.39575,1.39722,1.39572,1.39702,5233
1747641600,1.39702,1.39713,1.39475,1.39519,7598
1747656000,1.3951799999999999,1.39532,1.3937599999999999,1.39416,8081
1747670400,1.39413,1.39523,1.39167,1.39496,12500
1747684800,1.3949500000000001,1.39646,1.39462,1.39517,4380
1747699200,1.39363,1.39643,1.39199,1.39614,2595
1747713600,1.39614,1.39677,1.3956,1.39634,5346
1747728000,1.39633,1.39633,1.39316,1.39412,8618
1747742400,1.39411,1.39603,1.39193,1.3926,7933
1747756800,1.3926,1.39547,1.39166,1.39291,14112
1747771200,1.39291,1.39353,1.39082,1.3915600000000001,6684
1747785600,1.39121,1.39155,1.38985,1.39023,3198
1747800000,1.39022,1.39103,1.38855,1.38894,7282
1747814400,1.38893,1.38977,1.38782,1.38934,9645
1747828800,1.38933,1.38938,1.38674,1.38702,10845
1747843200,1.38696,1.38763,1.3814899999999999,1.38174,17337
1747857600,1.38174,1.38647,1.38131,1.38612,12610
1747872000,1.3860299999999999,1.38704,1.38516,1.3857599999999999,3978
1747886400,1.38575,1.38606,1.3845399999999999,1.38467,7537
1747900800,1.38465,1.38757,1.38461,1.38746,10814
1747915200,1.38745,1.3884400000000001,1.3860999999999999,1.38776,10857
1747929600,1.38776,1.38883,1.38544,1.3866100000000001,16764
1747944000,1.38662,1.3872200000000001,1.38555,1.38561,6786
1747958400,1.38516,1.38609,1.38484,1.385,3158
1747972800,1.38501,1.38511,1.38248,1.38269,6015
1747987200,1.3827,1.38311,1.38086,1.3816,8215
1748001600,1.38157,1.38333,1.3793199999999999,1.37965,15856
1748016000,1.37965,1.38102,1.37298,1.37339,19231
1748030400,1.37338,1.37364,1.37084,1.37297,10232
1748217600,1.37177,1.37374,1.37176,1.37184,4989
1748232000,1.37183,1.37219,1.36891,1.37046,7930
1748246400,1.37045,1.37138,1.3685399999999999,1.37134,8950
1748260800,1.37133,1.3725100000000001,1.3709799999999999,1.3725100000000001,6085
1748275200,1.3725,1.37345,1.37191,1.37333,6304
1748289600,1.37332,1.37386,1.3731200000000001,1.37352,1558
1748304000,1.3734600000000001,1.37372,1.37215,1.37231,2572
1748318400,1.37232,1.3744399999999999,1.37212,1.37435,4997
1748332800,1.37435,1.37679,1.3731900000000001,1.37621,9681
1748347200,1.37621,1.37738,1.37571,1.37625,8464
1748361600,1.3762400000000001,1.37791,1.37541,1.37764,13880
1748376000,1.37763,1.38352,1.3772199999999999,1.38067,7128
1748390400,1.3807,1.3816899999999999,1.38007,1.38048,2617
1748404800,1.38048,1.38338,1.38037,1.3833199999999999,7858
1748419200,1.3833199999999999,1.38378,1.3813,1.3816899999999999,7620
1748433600,1.38168,1.3839000000000001,1.38111,1.38378,8759
1748448000,1.38378,1.38439,1.38082,1.38216,14510
1748462400,1.38216,1.3837,1.38177,1.38358,6011
1748476800,1.3833,1.38601,1.38312,1.38536,8482
1748491200,1.38536,1.38608,1.38401,1.3842400000000001,9215
1748505600,1.38423,1.38559,1.38159,1.38321,10134
1748520000,1.3832,1.38345,1.37952,1.37954,10841
1748534400,1.37954,1.3826800000000001,1.37842,1.38041,16983
1748548800,1.38041,1.38111,1.37961,1.3808500000000001,7866
1748563200,1.38004,1.3816899999999999,1.37998,1.381,3362
1748577600,1.38098,1.38249,1.3801700000000001,1.38199,6254
1748592000,1.3820000000000001,1.38289,1.38105,1.38172,7357
1748606400,1.38172,1.38199,1.37862,1.37931,10149
1748620800,1.37933,1.37978,1.3738299999999999,1.37558,18767
1748635200,1.37557,1.37602,1.37133,1.3737599999999999,9471
1748822400,1.37293,1.37375,1.37124,1.37169,3972
1748836800,1.37169,1.37282,1.37035,1.37216,5792
1748851200,1.37215,1.37236,1.36737,1.36943,9692
1748865600,1.36943,1.3710200000000001,1.36849,1.3695300000000001,11556
1748880000,1.3695300000000001,1.3713600000000001,1.36889,1.3710499999999999,15974
1748894400,1.37104,1.3723,1.37005,1.37113,6183
1748908800,1.3708,1.3725399999999999,1.3707799999999999,1.3719299999999999,3298
1748923200,1.3719700000000001,1.37347,1.37181,1.3732,6542
1748937600,1.3731900000000001,1.37385,1.37223,1.37294,9639
1748952000,1.37294,1.37424,1.3721999999999999,1.37294,9592
1748966400,1.37293,1.3734,1.37005,1.37248,12864
1748980800,1.37248,1.37257,1.37127,1.37199,4728
1748995200,1.37162,1.37222,1.37108,1.3713,2626
1749009600,1.37131,1.37228,1.3705,1.3721700000000001,6526
1749024000,1.37218,1.37307,1.37065,1.3708,8212
1749038400,1.3708,1.3719000000000001,1.36934,1.36993,9634
1749052800,1.36993,1.37097,1.36543,1.36548,15834
1749067200,1.3654600000000001,1.36848,1.3651900000000001,1.3672900000000001,5420
1749081600,1.3674,1.36819,1.36708,1.36716,3054
1749096000,1.36715,1.36833,1.36687,1.36778,6253
1749110400,1.36776,1.3682400000000001,1.36587,1.36639,7480
1749124800,1.36638,1.36667,1.36478,1.36545,10394
1749139200,1.3654600000000001,1.36746,1.36337,1.36662,17366
1749153600,1.36662,1.36728,1.36559,1.36725,6595
1749168000,1.36737,1.36744,1.36602,1.36646,2057
1749182400,1.36647,1.36701,1.36596,1.36608,4543
1749196800,1.3660700000000001,1.36799,1.36605,1.36795,6643
1749211200,1.36795,1.37008,1.36658,1.36803,10049
1749225600,1.36807,1.37038,1.36687,1.36987,18678
1749240000,1.36987,1.37026,1.36895,1.36986,6188
1749427200,1.36872,1.36985,1.36872,1.36916,2489
1749441600,1.36916,1.36916,1.3676300000000001,1.36835,4717
1749456000,1.36835,1.3688500000000001,1.36692,1.36772,6156
1749470400,1.36771,1.36904,1.36688,1.36876,7366
1749484800,1.36875,1.37067,1.36701,1.36738,11229
1749499200,1.3673899999999999,1.36993,1.36716,1.36993,4558
1749513600,1.36943,1.37048,1.36933,1.36978,2603
1749528000,1.36977,1.3715,1.36939,1.3706,5934
1749542400,1.37058,1.3727800000000001,1.37038,1.37063,9390
1749556800,1.37062,1.37079,1.36836,1.36904,7587
1749571200,1.36903,1.3693,1.36674,1.3682400000000001,12256
1749585600,1.36823,1.3692199999999999,1.36693,1.36711,5680
1749600000,1.3667799999999999,1.36733,1.36651,1.36717,2975
1749614400,1.36717,1.36825,1.36694,1.36804,4363
1749628800,1.36802,1.36835,1.36734,1.36815,6368
1749643200,1.36814,1.36893,1.36493,1.36625,11033
1749657600,1.36626,1.3678,1.36533,1.36559,12853
1749672000,1.36559,1.3674,1.36491,1.36706,7365
1749686400,1.3670200000000001,1.3672,1.36606,1.36634,2892
1749700800,1.36634,1.36725,1.36541,1.36557,5362
1749715200,1.36559,1.36746,1.3644,1.36558,8418
1749729600,1.36557,1.36606,1.36174,1.36176,11579
1749744000,1.36177,1.36263,1.36043,1.3606500000000001,11634
1749758400,1.3606500000000001,1.36139,1.35991,1.36037,3891
1749772800,1.36017,1.36333,1.35915,1.3626,6842
1749787200,1.36261,1.36489,1.36165,1.36483,10564
1749801600,1.36483,1.36506,1.3611900000000001,1.3615300000000001,11914
1749816000,1.36152,1.36498,1.36127,1.36152,13319
1749830400,1.3615300000000001,1.36318,1.35656,1.3585,17888
1749844800,1.3585099999999999,1.36003,1.3578299999999999,1.3584100000000001,10332
1750032000,1.35778,1.35946,1.3576,1.35889,5420
1750046400,1.3589,1.3606099999999999,1.35874,1.36009,7268
1750060800,1.3601,1.3601,1.3569,1.35716,11085
1750075200,1.35715,1.35738,1.35579,1.35591,8300
1750089600,1.3559,1.35643,1.35391,1.35542,15533
1750104000,1.35542,1.35795,1.35532,1.35676,6038
1750118400,1.35653,1.35813,1.35646,1.35752,4743
1750132800,1.35751,1.35802,1.3568,1.3572,7961
1750147200,1.3572,1.35827,1.3562699999999999,1.3569,9481
1750161600,1.35689,1.35829,1.3556,1.35819,10144
1750176000,1.35819,1.36198,1.35735,1.36128,13229
1750190400,1.36127,1.36926,1.36087,1.36723,11579
1750204800,1.36646,1.36903,1.36538,1.3675,4620
1750219200,1.36749,1.36768,1.36562,1.36575,7351
1750233600,1.3657599999999999,1.36713,1.36505,1.36657,9361
1750248000,1.36654,1.36697,1.3633600000000001,1.36463,9727
1750262400,1.36464,1.36955,1.36443,1.36756,15703
1750276800,1.36758,1.37025,1.36543,1.36906,15059
1750291200,1.36899,1.37001,1.36829,1.36999,3820
1750305600,1.37,1.37206,1.36997,1.37067,7555
1750320000,1.3706800000000001,1.37294,1.37063,1.37079,10293
1750334400,1.37079,1.37212,1.37022,1.37174,9254
1750348800,1.37175,1.37456,1.37109,1.3731,9975
1750363200,1.3731,1.3731,1.3696,1.3698299999999999,4073
1750377600,1.37011,1.37032,1.36866,1.36907,4153
1750392000,1.36909,1.37013,1.36881,1.36899,7201
1750406400,1.369,1.371,1.36889,1.36964,8527
1750420800,1.36964,1.37231,1.36916,1.3718,8895
1750435200,1.37175,1.37459,1.37116,1.37292,13895
1750449600,1.37291,1.37461,1.37192,1.37296,7659
1750636800,1.3743400000000001,1.37596,1.37364,1.37513,5633
1750651200,1.37512,1.3766,1.37492,1.37586,8104
1750665600,1.37586,1.37785,1.37421,1.37782,10273
1750680000,1.37781,1.37972,1.37775,1.37816,11897
1750694400,1.37817,1.3784399999999999,1.37244,1.37701,20882
1750708800,1.37698,1.37744,1.37269,1.3735,10871
1750723200,1.37314,1.37367,1.37213,1.37277,5283
1750737600,1.37277,1.37304,1.37165,1.37177,7819
1750752000,1.37178,1.37304,1.37092,1.3715899999999999,11666
1750766400,1.37161,1.37207,1.37054,1.37059,8102
1750780800,1.37058,1.37211,1.36778,1.37074,15221
1750795200,1.3707500000000001,1.37293,1.37046,1.37225,6340
1750809600,1.37092,1.37277,1.37092,1.37225,2777
1750824000,1.37226,1.3734199999999999,1.37171,1.37321,5983
1750838400,1.37321,1.3737,1.37205,1.37226,8079
1750852800,1.3722400000000001,1.37462,1.37223,1.37388,7633
1750867200,1.37387,1.37538,1.37263,1.3737599999999999,12319
1750881600,1.37375,1.3744,1.37157,1.37255,7914
1750896000,1.37201,1.37249,1.37073,1.37137,2818
1750910400,1.37138,1.37222,1.37003,1.37178,7755
1750924800,1.37179,1.37223,1.36788,1.3685100000000001,10714
1750939200,1.36853,1.36939,1.3670200000000001,1.36706,11076
1750953600,1.36703,1.36721,1.36171,1.36267,17100
1750968000,1.3626800000000001,1.36444,1.36172,1.36392,7901
1750982400,1.36465,1.36478,1.3638,1.36402,3736
1750996800,1.36401,1.36491,1.3634,1.36491,5595
1751011200,1.36489,1.36489,1.3627,1.36411,8160
1751025600,1.36409,1.3662,1.36401,1.3642,8791
1751040000,1.36419,1.3677000000000001,1.3639999999999999,1.36726,13365
1751054400,1.36725,1.37586,1.36721,1.36844,15186
1751241600,1.36781,1.36992,1.36772,1.36936,4474
1751256000,1.36935,1.3694899999999999,1.36562,1.36717,8338
1751270400,1.36718,1.36789,1.36529,1.36746,11085
1751284800,1.36746,1.3682,1.3657599999999999,1.36653,9211
1751299200,1.36652,1.36775,1.3617,1.36259,17337
1751313600,1.36257,1.3643,1.35994,1.3605800000000001,7238
1751328000,1.36015,1.3608,1.36005,1.3602699999999999,2538
1751342400,1.36028,1.36177,1.36019,1.36059,5587
1751356800,1.3605800000000001,1.36107,1.35925,1.35976,7914
1751371200,1.35975,1.36264,1.35903,1.3626,9159
1751385600,1.3626,1.36665,1.36221,1.36598,17302
1751400000,1.36597,1.36628,1.36411,1.36445,6752
1751414400,1.36433,1.36472,1.36394,1.3639700000000001,2420
1751428800,1.36396,1.36517,1.36377,1.36478,4597
1751443200,1.36478,1.36581,1.3643399999999999,1.36498,7160
1751457600,1.36497,1.3656,1.36299,1.36494,10148
1751472000,1.36496,1.36541,1.36047,1.3606,14463
1751486400,1.3606099999999999,1.3606500000000001,1.35827,1.35904,6682
1751500800,1.35832,1.35893,1.35796,1.35813,2718
1751515200,1.35812,1.35972,1.3578299999999999,1.35964,4254
1751529600,1.35964,1.36005,1.35856,1.35873,6205
1751544000,1.35872,1.36231,1.35779,1.3616,9615
1751558400,1.3616,1.36192,1.35558,1.35606,17833
1751572800,1.35605,1.35884,1.3556599999999999,1.35822,2529
1751587200,1.35761,1.35873,1.35696,1.35721,3649
1751601600,1.3572,1.35808,1.35717,1.3574,4586
1751616000,1.3574,1.35953,1.3566,1.35906,7396
1751630400,1.35906,1.36041,1.3585099999999999,1.36036,6807
1751644800,1.36036,1.36121,1.35984,1.36069,7547
1751659200,1.3607,1.36162,1.36003,1.36012,14818
1751846400,1.36025,1.3608,1.35916,1.36073,3960
1751860800,1.36074,1.36343,1.36074,1.3633600000000001,5978
1751875200,1.36337,1.36842,1.363,1.36821,7543
1751889600,1.36821,1.3685,1.36463,1.36471,8402
1751904000,1.3647,1.36733,1.3630200000000001,1.36707,13454
1751918400,1.36708,1.36828,1.36586,1.36796,9696
1751932800,1.36777,1.3679000000000001,1.36545,1.36551,3322
1751947200,1.36551,1.36635,1.36378,1.36521,5128
1751961600,1.3652199999999999,1.3661699999999999,1.36379,1.36455,8613
1751976000,1.3645399999999999,1.3661699999999999,1.36437,1.36564,7397
1751990400,1.36565,1.36936,1.3654899999999999,1.3679999999999999,15843
1752004800,1.36802,1.36899,1.36621,1.3664,8921
1752019200,1.36551,1.36771,1.36551,1.3673199999999999,3060
1752033600,1.3673199999999999,1.3688500000000001,1.36684,1.36785,5410
1752048000,1.36785,1.36932,1.3665,1.36843,8942
1752062400,1.36844,1.3709,1.36812,1.36884,7214
1752076800,1.36883,1.3704,1.36758,1.36947,9431
1752091200,1.36947,1.36967,1.3684,1.36887,4104
1752105600,1.36834,1.36876,1.36731,1.36767,2751
1752120000,1.36768,1.3685800000000001,1.36758,1.36812,3865
1752134400,1.36813,1.36859,1.3663,1.3676300000000001,6173
1752148800,1.36764,1.36939,1.3667799999999999,1.36911,5909
1752163200,1.3691,1.37076,1.36711,1.36828,10439
1752177600,1.3682699999999999,1.3683100000000001,1.3655300000000001,1.36559,4279
1752192000,1.36545,1.37293,1.36517,1.36905,5720
1752206400,1.3691,1.37053,1.36795,1.36954,7671
1752220800,1.36954,1.3705,1.36847,1.37005,7715
1752235200,1.37004,1.3704,1.36513,1.36778,9428
1752249600,1.36777,1.37114,1.36752,1.36798,11779
1752264000,1.3679999999999999,1.36947,1.36687,1.3688799999999999,5789
1752451200,1.36992,1.37018,1.36745,1.3682699999999999,4354
1752465600,1.36826,1.37011,1.3679299999999999,1.36974,5139
1752480000,1.36975,1.37013,1.36747,1.36822,6910
1752494400,1.36823,1.3692,1.36692,1.36891,5895
1752508800,1.36891,1.37001,1.36707,1.36926,10290
1752523200,1.36926,1.3707500000000001,1.36902,1.37046,4612
1752537600,1.36937,1.37079,1.36871,1.36995,2417
1752552000,1.36996,1.37025,1.36931,1.36986,4711
1752566400,1.36987,1.37025,1.36829,1.36846,6396
1752580800,1.36845,1.36935,1.3670900000000001,1.36737,7816
1752595200,1.36738,1.37292,1.36723,1.37239,15743
1752609600,1.37238,1.37282,1.37114,1.37205,5113
1752624000,1.37167,1.37211,1.37067,1.37116,3262
1752638400,1.37117,1.37212,1.37086,1.37147,3615
1752652800,1.37144,1.37218,1.37058,1.37191,5680
1752667200,1.37191,1.37283,1.37125,1.37244,6526
1752681600,1.37244,1.37546,1.36791,1.36889,21695
1752696000,1.36889,1.37032,1.3679999999999999,1.36835,7522
1752710400,1.36866,1.37046,1.3679700000000001,1.37,2612
1752724800,1.37001,1.37195,1.36981,1.37135,5794
1752739200,1.3713600000000001,1.3747,1.37091,1.37422,7201
1752753600,1.37421,1.37735,1.37415,1.37586,7481
1752768000,1.37587,1.37648,1.3740700000000001,1.3752,10102
1752782400,1.37518,1.37552,1.37421,1.3751,4833
1752796800,1.37431,1.37509,1.37287,1.37345,2571
1752811200,1.37344,1.37417,1.37298,1.37399,3623
1752825600,1.37399,1.37417,1.37236,1.3725399999999999,4897
1752840000,1.37253,1.37304,1.37012,1.37031,6112
1752854400,1.37031,1.37269,1.3695,1.3725,10683
1752868800,1.37249,1.37348,1.37223,1.37273,5052
1753056000,1.37087,1.37296,1.37087,1.37291,3694
1753070400,1.3729,1.37337,1.37209,1.37229,3595
1753084800,1.37229,1.37294,1.37137,1.37206,5918
1753099200,1.37205,1.3727800000000001,1.3694899999999999,1.36985,5961
1753113600,1.36986,1.37165,1.36779,1.3685399999999999,9516
1753128000,1.36855,1.36914,1.36767,1.3682,3899
1753142400,1.36769,1.36864,1.36743,1.3686099999999999,1767
1753156800,1.3686099999999999,1.36895,1.36816,1.36878,2880
1753171200,1.36878,1.3694600000000001,1.3679000000000001,1.36809,5210
1753185600,1.36809,1.36835,1.3664,1.36787,5762
1753200000,1.36788,1.36788,1.36047,1.36133,12035
1753214400,1.36132,1.36197,1.36022,1.36025,5002
1753228800,1.3602,1.36069,1.35934,1.35941,2913
1753243200,1.35941,1.3602400000000001,1.35925,1.3599,4832
1753257600,1.35991,1.36097,1.35826,1.3583,6216
1753272000,1.35829,1.36026,1.35748,1.3602400000000001,5672
1753286400,1.36025,1.36283,1.35944,1.36163,10879
1753300800,1.36164,1.3620700000000001,1.35942,1.35983,5591
1753315200,1.3593,1.36077,1.35927,1.36051,2534
1753329600,1.36052,1.36072,1.35957,1.36023,4069
1753344000,1.36023,1.36129,1.35979,1.36047,5913
1753358400,1.36046,1.36218,1.36045,1.36173,6261
1753372800,1.36173,1.36456,1.36102,1.36361,12088
1753387200,1.36362,1.36539,1.36295,1.36518,4331
1753401600,1.36411,1.3648799999999999,1.36354,1.36409,3951
1753416000,1.36409,1.36659,1.36381,1.36584,4969
1753430400,1.36585,1.36791,1.3647,1.36753,7180
1753444800,1.36754,1.36881,1.36664,1.36846,6347
1753459200,1.36845,1.37253,1.36806,1.37155,14068
1753473600,1.3715600000000001,1.37165,1.36996,1.37002,4524
1753660800,1.3700700000000001,1.37039,1.36902,1.36927,3902
1753675200,1.36926,1.37051,1.3688,1.36955,4972
1753689600,1.36955,1.37418,1.36948,1.3728799999999999,9290
1753704000,1.37287,1.37339,1.37145,1.37169,10822
1753718400,1.37169,1.37287,1.3709799999999999,1.37183,13484
1753732800,1.37183,1.37397,1.37168,1.37377,5051
1753747200,1.3734600000000001,1.37425,1.37324,1.37411,2318
1753761600,1.37411,1.37414,1.37302,1.37311,4141
1753776000,1.3731,1.37602,1.37309,1.3743699999999999,8372
1753790400,1.37436,1.37779,1.37385,1.37779,8384
1753804800,1.37775,1.37877,1.3749,1.37771,14534
1753819200,1.37771,1.37818,1.37616,1.37723,6903
1753833600,1.37679,1.37748,1.37614,1.3762400000000001,2178
1753848000,1.3762400000000001,1.37713,1.3758,1.37683,5823
1753862400,1.37683,1.37764,1.37628,1.37725,7869
1753876800,1.37724,1.38059,1.37711,1.3804,8803
1753891200,1.3804,1.38183,1.37987,1.38083,13113
1753905600,1.38084,1.38439,1.37977,1.38345,14675
1753920000,1.38284,1.38324,1.38216,1.3829799999999999,3068
1753934400,1.38297,1.38437,1.3815,1.38156,6493
1753948800,1.38155,1.3845100000000001,1.38127,1.38389,8753
1753963200,1.38389,1.38528,1.3832,1.38327,8376
1753977600,1.38328,1.38517,1.38235,1.38474,13051
1753992000,1.38475,1.38565,1.38374,1.38514,6588
1754006400,1.38507,1.38697,1.38436,1.38464,4380
1754020800,1.38464,1.38611,1.38433,1.38533,6715
1754035200,1.38533,1.3875199999999999,1.38501,1.3875199999999999,7202
1754049600,1.3874900000000001,1.38785,1.37845,1.37951,11383
1754064000,1.37958,1.37994,1.3762400000000001,1.3795,25298
1754078400,1.37949,1.38168,1.37708,1.37768,11595
1754265600,1.3775,1.37931,1.3771200000000001,1.37903,5069
1754280000,1.3790200000000001,1.3794,1.37699,1.37736,6978
1754294400,1.37736,1.37872,1.37663,1.37831,10176
1754308800,1.37831,1.37896,1.3765399999999999,1.37726,9822
1754323200,1.37727,1.37828,1.37578,1.37747,12854
1754337600,1.37747,1.37848,1.3772,1.37766,5954
1754352000,1.37734,1.37795,1.3762400000000001,1.37677,2763
1754366400,1.3767800000000001,1.37909,1.37664,1.37857,4556
1754380800,1.37857,1.38087,1.37731,1.38057,8128
1754395200,1.38058,1.38096,1.37904,1.37971,9430
1754409600,1.3797,1.37991,1.37696,1.3777300000000001,16133
1754424000,1.37774,1.37879,1.37699,1.37705,6178
1754438400,1.3772,1.37772,1.37653,1.37736,2424
1754452800,1.37738,1.37789,1.37644,1.37703,4281
1754467200,1.37702,1.37747,1.37625,1.37679,6272
1754481600,1.3768,1.3769,1.3743,1.37466,7530
1754496000,1.37466,1.3758,1.3738299999999999,1.37433,12915
1754510400,1.37432,1.37472,1.3734600000000001,1.37381,6408
1754524800,1.37363,1.37442,1.3736,1.37431,2501
1754539200,1.3743,1.37456,1.37286,1.37303,4823
1754553600,1.37302,1.37354,1.37209,1.37318,7251
1754568000,1.37314,1.37439,1.37208,1.3737,8920
1754582400,1.37369,1.37729,1.37296,1.37518,13735
1754596800,1.37519,1.37667,1.37384,1.37421,8088
1754611200,1.37421,1.37446,1.37311,1.37377,3047
1754625600,1.37378,1.3748,1.37329,1.37405,3974
1754640000,1.37405,1.37489,1.37266,1.37358,6537
1754654400,1.37357,1.3761999999999999,1.3725100000000001,1.37576,7840
1754668800,1.37575,1.37578,1.37419,1.37514,9515
1754683200,1.37515,1.37628,1.37417,1.37548,6095
1754870400,1.37487,1.37594,1.37481,1.37579,2366
1754884800,1.37577,1.376,1.37443,1.37504,3785
1754899200,1.37504,1.37733,1.37487,1.37639,5638
1754913600,1.37638,1.37941,1.37623,1.37883,6797
1754928000,1.37885,1.37947,1.37732,1.37831,10995
1754942400,1.37831,1.37865,1.3774199999999999,1.37764,5510
1754956800,1.37769,1.37796,1.37729,1.37785,2249
1754971200,1.37786,1.3783699999999999,1.37713,1.3773900000000001,4045
1754985600,1.37738,1.37916,1.37732,1.37883,7652
1755000000,1.37883,1.38053,1.37634,1.37788,10073
1755014400,1.37792,1.3792900000000001,1.3753199999999999,1.37615,18058
1755028800,1.37615,1.3783699999999999,1.37613,1.37736,6077
1755043200,1.37713,1.37797,1.37647,1.37778,2187
1755057600,1.37777,1.37812,1.37725,1.37756,3611
1755072000,1.37755,1.3780700000000001,1.37534,1.37628,6913
1755086400,1.3762699999999999,1.37706,1.37509,1.37698,6860
1755100800,1.37699,1.3774600000000001,1.37553,1.37696,10812
1755115200,1.37697,1.37729,1.37561,1.37608,5346
1755129600,1.37557,1.3762400000000001,1.37493,1.37509,2056
1755144000,1.3751,1.37638,1.37439,1.37578,4292
1755158400,1.37579,1.37827,1.3756,1.37811,7677
1755172800,1.37811,1.38009,1.37697,1.37955,8901
1755187200,1.37954,1.38168,1.37891,1.3813900000000001,15450
1755201600,1.3813900000000001,1.38186,1.38049,1.3817,6120
1755216000,1.38144,1.38153,1.381,1.3811,1909
1755230400,1.3811,1.38143,1.38012,1.3801999999999999,3137
1755244800,1.38019,1.38061,1.37903,1.3796599999999999,5134
1755259200,1.37965,1.38014,1.3786800000000001,1.37926,6731
1755273600,1.3792499999999999,1.38128,1.37876,1.38093,12010
1755288000,1.38094,1.38182,1.3807,1.38181,4708
1755475200,1.38093,1.38163,1.38053,1.38071,2254
1755489600,1.3807,1.38093,1.37978,1.38002,3119
1755504000,1.38002,1.38089,1.37914,1.3793,6315
1755518400,1.3793199999999999,1.37981,1.37822,1.3790499999999999,5891
1755532800,1.3790499999999999,1.38305,1.379,1.38116,9791
1755547200,1.38117,1.38137,1.37991,1.37996,4696
1755561600,1.37991,1.381,1.37958,1.3808500000000001,2302
1755576000,1.3808500000000001,1.38172,1.38059,1.38087,4546
1755590400,1.38087,1.38211,1.38007,1.38184,6418
1755604800,1.38185,1.38369,1.3804699999999999,1.3832900000000001,6631
1755619200,1.3832900000000001,1.38628,1.3832200000000001,1.38617,10825
1755633600,1.38618,1.38692,1.38529,1.38687,4699
1755648000,1.38619,1.38716,1.38544,1.38685,4127
1755662400,1.38684,1.38825,1.38644,1.38693,5223
1755676800,1.38692,1.38804,1.38678,1.38788,6864
1755691200,1.38787,1.38791,1.38528,1.38571,5932
1755705600,1.3857,1.38789,1.38565,1.3868,11762
1755720000,1.38682,1.38794,1.38623,1.38753,5613
1755734400,1.38693,1.38807,1.38678,1.38778,2470
1755748800,1.38779,1.38823,1.38721,1.38788,4146
1755763200,1.38787,1.38848,1.38731,1.38776,6378
1755777600,1.38777,1.38947,1.38731,1.3893900000000001,7676
1755792000,1.3894,1.3907,1.38892,1.38964,13481
1755806400,1.38965,1.39119,1.3890500000000001,1.39114,5971
1755820800,1.39084,1.39096,1.38986,1.39069,2234
1755835200,1.3906800000000001,1.39145,1.3902999999999999,1.39142,3954
1755849600,1.39142,1.39164,1.39071,1.39072,5479
1755864000,1.39073,1.39181,1.39072,1.39161,6099
1755878400,1.39161,1.39238,1.38292,1.38311,20669
1755892800,1.38313,1.38315,1.38136,1.38248,7427
1756080000,1.38163,1.38397,1.3816,1.38352,2684
1756094400,1.38352,1.38433,1.38313,1.38343,3700
1756108800,1.38342,1.38374,1.38205,1.38267,5322
1756123200,1.3826800000000001,1.38355,1.38167,1.38217,5464
1756137600,1.38218,1.38377,1.38161,1.38333,9767
1756152000,1.38333,1.38629,1.38321,1.38597,5847
1756166400,1.38543,1.38633,1.3841,1.38442,4498
1756180800,1.38443,1.38594,1.3844,1.38537,5723
1756195200,1.38538,1.3867099999999999,1.38495,1.38571,8800
1756209600,1.38572,1.38572,1.3839299999999999,1.38449,6964
1756224000,1.38449,1.38538,1.38215,1.38287,11474
1756238400,1.38288,1.38409,1.38277,1.38376,5326
1756252800,1.38374,1.3838300000000001,1.3829099999999999,1.38326,1854
1756267200,1.38327,1.3843,1.38276,1.38422,4176
1756281600,1.38423,1.38563,1.38336,1.38477,5584
1756296000,1.3847800000000001,1.38557,1.38426,1.38499,6739
1756310400,1.385,1.3857,1.37971,1.37973,11896
1756324800,1.37974,1.38008,1.37821,1.37888,6573
1756339200,1.37857,1.37888,1.3778299999999999,1.37814,2180
1756353600,1.37813,1.37827,1.37689,1.3780700000000001,4833
1756368000,1.37808,1.37874,1.3774,1.37755,7058
1756382400,1.37756,1.37757,1.3752,1.37598,9190
1756396800,1.37599,1.37846,1.37454,1.3747,14355
1756411200,1.37472,1.37553,1.37406,1.37467,4499
1756425600,1.37445,1.37526,1.3743699999999999,1.37455,2560
1756440000,1.37456,1.3756300000000001,1.3744399999999999,1.37522,5607
1756454400,1.37521,1.3756599999999999,1.37367,1.374,6246
1756468800,1.37401,1.37782,1.37391,1.37696,8075
1756483200,1.37696,1.3778299999999999,1.37259,1.37309,13955
1756497600,1.37309,1.37457,1.37267,1.37374,5522
1756684800,1.37279,1.37421,1.37274,1.37351,2103
1756699200,1.37352,1.37442,1.3732,1.37377,5298
1756713600,1.3737599999999999,1.37518,1.37334,1.37389,7317
1756728000,1.37389,1.37517,1.37332,1.37515,5537
1756742400,1.37514,1.37613,1.37427,1.37539,6138
1756756800,1.37539,1.3756,1.37486,1.37492,982
1756771200,1.37472,1.3752499999999999,1.37451,1.37472,2648
1756785600,1.3747099999999999,1.37585,1.3745,1.37569,4801
1756800000,1.37569,1.3783,1.37448,1.37689,10160
1756814400,1.37689,1.38141,1.37662,1.3808,12117
1756828800,1.3808099999999999,1.38091,1.37724,1.37726,17796
1756843200,1.37727,1.37916,1.37713,1.37832,7014
1756857600,1.37761,1.37916,1.3776,1.37896,2224
1756872000,1.37897,1.3796,1.37832,1.37914,5700
1756886400,1.37915,1.38069,1.37873,1.38003,8516
1756900800,1.38004,1.38053,1.3792900000000001,1.37982,8526
1756915200,1.3798300000000001,1.3804400000000001,1.37823,1.37859,14582
1756929600,1.37858,1.38011,1.37849,1.37928,6428
1756944000,1.3790499999999999,1.3798,1.37903,1.37974,2621
1756958400,1.37974,1.38076,1.37938,1.38068,4964
1756972800,1.38069,1.38145,1.38066,1.38093,5468
1756987200,1.38094,1.38267,1.38048,1.38152,7005
1757001600,1.38151,1.3844699999999999,1.38057,1.38315,12927
1757016000,1.38316,1.3835899999999999,1.38154,1.38165,4961
1757030400,1.38152,1.38197,1.38092,1.38092,2761
1757044800,1.38092,1.38107,1.38035,1.38095,3018
1757059200,1.38093,1.38101,1.37892,1.37914,5167
1757073600,1.37915,1.38164,1.37572,1.38038,9333
1757088000,1.38039,1.38395,1.37952,1.38331,20248
1757102400,1.3833199999999999,1.38537,1.38221,1.3825,7558
1757289600,1.3829,1.38435,1.38287,1.38377,3866
1757304000,1.38376,1.38409,1.38282,1.38327,7082
1757318400,1.38326,1.3833199999999999,1.38111,1.38156,8797
1757332800,1.38159,1.38238,1.37881,1.3792499999999999,8047
1757347200,1.37923,1.3832900000000001,1.37876,1.38252,12182
1757361600,1.38253,1.38313,1.38025,1.38037,5883
1757376000,1.3798,1.3804400000000001,1.37944,1.38036,2589
1757390400,1.38037,1.38107,1.37972,1.3804,4551
1757404800,1.38039,1.38123,1.37928,1.37973,7941
1757419200,1.37975,1.3826399999999999,1.37935,1.38221,6792
1757433600,1.38221,1.38421,1.38041,1.38316,14445
1757448000,1.38316,1.38591,1.38301,1.38437,5597
1757462400,1.3839299999999999,1.3857,1.38391,1.38551,3049
1757476800,1.38552,1.38626,1.38405,1.38406,6420
1757491200,1.38407,1.38596,1.38382,1.38519,8116
1757505600,1.3852,1.38615,1.3839299999999999,1.38528,9369
1757520000,1.38527,1.38594,1.3829799999999999,1.38564,14051
1757534400,1.38565,1.3869,1.3851499999999999,1.38625,5999
1757548800,1.38608,1.38689,1.3857300000000001,1.3868800000000001,2161
1757563200,1.38687,1.38727,1.3863699999999999,1.3871,4494
1757577600,1.3871,1.3881000000000001,1.38709,1.38803,5890
1757592000,1.38802,1.38893,1.38551,1.3856899999999999,10582
1757606400,1.3856899999999999,1.3867099999999999,1.38253,1.38324,15320
1757620800,1.38323,1.3842400000000001,1.3829,1.38321,6444
1757635200,1.38307,1.38406,1.38289,1.38375,3092
1757649600,1.38376,1.3848,1.3835600000000001,1.38416,4360
1757664000,1.3841700000000001,1.38484,1.3832,1.3847,6677
1757678400,1.38471,1.38602,1.3834,1.38425,7193
1757692800,1.38426,1.38628,1.38337,1.3849,10672
1757707200,1.38491,1.38528,1.38377,1.38448,4856
1757894400,1.3833199999999999,1.38435,1.3833199999999999,1.38414,2078
1757908800,1.38415,1.3845100000000001,1.38337,1.38344,3824
1757923200,1.38345,1.38409,1.38301,1.38338,5974
1757937600,1.3834,1.38341,1.38143,1.38249,6610
1757952000,1.38247,1.38415,1.37928,1.3799299999999999,10713
1757966400,1.37995,1.38009,1.37663,1.37759,6535
1757980800,1.37736,1.37813,1.37708,1.37735,2227
1757995200,1.37735,1.3776,1.37629,1.3771200000000001,4461
1758009600,1.3771200000000001,1.37764,1.37615,1.3775,6961
1758024000,1.3775,1.3775,1.37454,1.37572,8538
1758038400,1.37569,1.37625,1.37362,1.3740700000000001,14249
1758052800,1.37408,1.3754,1.37338,1.37372,5666
1758067200,1.37352,1.3744,1.37352,1.37426,2572
1758081600,1.37425,1.37538,1.37416,1.3750200000000001,3931
1758096000,1.37503,1.37612,1.3747500000000001,1.37555,5692
1758110400,1.3755600000000001,1.37584,1.3748,1.37526,5941
1758124800,1.3752499999999999,1.3768799999999999,1.37485,1.37596,12382
1758139200,1.37596,1.3786399999999999,1.37259,1.37733,27281
1758153600,1.3772199999999999,1.37785,1.37661,1.37672,4028
1758168000,1.37672,1.37865,1.3765,1.3785,7071
1758182400,1.37851,1.3799299999999999,1.37736,1.37805,10810
1758196800,1.37805,1.37889,1.37663,1.37856,10936
1758211200,1.37857,1.3809,1.37857,1.3801700000000001,17921
1758225600,1.38016,1.3802400000000001,1.37863,1.38016,5752
1758240000,1.3795,1.3799299999999999,1.3789500000000001,1.37952,3215
1758254400,1.37951,1.3804,1.37877,1.37968,6745
1758268800,1.37969,1.38196,1.37939,1.38079,9280
1758283200,1.3808,1.38245,1.38046,1.38179,7630
1758297600,1.3818,1.38191,1.37683,1.37762,15548
1758312000,1.37763,1.37908,1.37683,1.37822,4779
1758499200,1.3775,1.37951,1.3775,1.3787099999999999,3414
1758513600,1.3787099999999999,1.37992,1.37822,1.37977,5863
1758528000,1.37978,1.38093,1.37909,1.38048,8066
1758542400,1.38048,1.38133,1.37967,1.37973,7292
1758556800,1.37972,1.38282,1.3792200000000001,1.3827,11451
1758571200,1.38269,1.38309,1.38161,1.38231,4613
1758585600,1.38172,1.38314,1.38163,1.38269,1942
1758600000,1.3827,1.38311,1.38228,1.38294,5950
1758614400,1.3829799999999999,1.38436,1.38219,1.38312,8592
1758628800,1.38313,1.38323,1.38166,1.38168,8079
1758643200,1.3816899999999999,1.38392,1.3810799999999999,1.38283,12995
1758657600,1.38283,1.38492,1.38257,1.38351,7237
1758672000,1.38321,1.3846,1.38309,1.3842400000000001,2995
1758686400,1.3842400000000001,1.38486,1.38382,1.38439,6350
1758700800,1.3844,1.38636,1.3842400000000001,1.38601,6810
1758715200,1.38602,1.38784,1.38583,1.38754,8068
1758729600,1.38755,1.39058,1.38717,1.39056,14682
1758744000,1.39055,1.39062,1.3893900000000001,1.38965,6404
1758758400,1.38925,1.38988,1.38913,1.38919,2585
1758772800,1.38919,1.38951,1.38846,1.38863,3702
1758787200,1.38864,1.39015,1.3886,1.38929,7127
1758801600,1.38927,1.39123,1.38893,1.39058,9439
1758816000,1.39059,1.39362,1.39035,1.39347,15946
1758830400,1.39346,1.3948800000000001,1.39346,1.39417,7147
1758844800,1.3908800000000001,1.39451,1.39079,1.39379,3406
1758859200,1.3938,1.39438,1.39337,1.39345,4784
1758873600,1.39346,1.39473,1.39344,1.3946100000000001,6554
1758888000,1.39462,1.39578,1.3933200000000001,1.39347,9230
1758902400,1.39347,1.39516,1.3931,1.39361,16638
1758916800,1.39361,1.3942999999999999,1.39338,1.39406,6299
1759104000,1.39232,1.39462,1.39226,1.39268,2724
1759118400,1.39269,1.3934,1.3918599999999999,1.39208,5154
1759132800,1.39209,1.39289,1.3914900000000001,1.39165,7340
1759147200,1.39165,1.39388,1.3915,1.39279,8056
1759161600,1.3927800000000001,1.39387,1.39025,1.3912200000000001,13616
1759176000,1.39121,1.39221,1.39085,1.3915199999999999,5298
1759190400,1.39063,1.39236,1.39047,1.39206,2950
1759204800,1.39205,1.39215,1.3912,1.39132,5637
1759219200,1.39133,1.39234,1.39056,1.3909799999999999,8481
1759233600,1.3909799999999999,1.39245,1.39074,1.3918300000000001,6898
1759248000,1.3918300000000001,1.39349,1.38956,1.39207,15687
1759262400,1.39207,1.39249,1.3913,1.39214,5279
1759276800,1.3914900000000001,1.39276,1.39124,1.39262,2610
1759291200,1.39262,1.39324,1.39135,1.39137,4034
1759305600,1.39137,1.3927399999999999,1.39052,1.39175,10038
1759320000,1.39175,1.39362,1.39141,1.39284,11797
1759334400,1.39284,1.39563,1.39221,1.39473,16134
1759348800,1.39474,1.39487,1.3933499999999999,1.39374,4985
1759363200,1.39323,1.39465,1.39322,1.39433,2425
1759377600,1.3943400000000001,1.39465,1.39341,1.39446,3744
1759392000,1.39446,1.3948,1.39317,1.39361,7023
1759406400,1.39362,1.3952200000000001,1.39329,1.39455,6518
1759420800,1.3945400000000001,1.39855,1.39395,1.39664,12832
1759435200,1.39663,1.39718,1.39592,1.3968,4744
1759449600,1.39658,1.39675,1.39598,1.3963700000000001,1921
1759464000,1.39638,1.39686,1.39603,1.39673,4150
1759478400,1.39673,1.39676,1.39571,1.39605,5622
1759492800,1.39605,1.39682,1.395,1.39503,6173
1759507200,1.39502,1.39622,1.3939,1.39467,12156
1759521600,1.39468,1.39604,1.3945699999999999,1.3949,5977
1759708800,1.39468,1.39667,1.3946,1.3955899999999999,4963
1759723200,1.3956,1.39604,1.39446,1.39519,4441
1759737600,1.3952,1.39578,1.39409,1.39496,9698
1759752000,1.39497,1.39636,1.39477,1.3961000000000001,8097
1759766400,1.39609,1.3967,1.39453,1.3948800000000001,9629
1759780800,1.39486,1.39534,1.39404,1.39413,3949
1759795200,1.39414,1.39504,1.3940299999999999,1.39483,2188
1759809600,1.39484,1.39519,1.3943400000000001,1.39476,3721
1759824000,1.39476,1.39615,1.39465,1.39557,6878
1759838400,1.39558,1.39619,1.3947,1.39529,6896
1759852800,1.39531,1.39562,1.3938,1.39513,13443
1759867200,1.39513,1.39599,1.39448,1.395,6356
1759881600,1.3946,1.39585,1.3946,1.39553,2509
1759896000,1.39554,1.39675,1.39509,1.39633,5992
1759910400,1.39634,1.39704,1.39504,1.39534,7680
1759924800,1.39531,1.39582,1.3936899999999999,1.39374,7688
1759939200,1.39375,1.39601,1.3931,1.3957899999999999,11285
1759953600,1.3958,1.39619,1.39492,1.39517,5896
1759968000,1.39506,1.39551,1.39473,1.39484,2390
1759982400,1.39483,1.39486,1.3934,1.39349,4277
1759996800,1.3935,1.3963,1.39328,1.39529,8883
1760011200,1.39529,1.3955199999999999,1.3942,1.39443,8760
1760025600,1.39444,1.40239,1.39381,1.40218,19883
1760040000,1.40219,1.40333,1.40133,1.40218,8816
1760054400,1.40068,1.40249,1.40068,1.4016600000000001,2933
1760068800,1.4016600000000001,1.40201,1.4013,1.40148,4531
1760083200,1.40149,1.40333,1.40126,1.4016199999999999,9488
1760097600,1.4016199999999999,1.40218,1.39752,1.39829,10561
1760112000,1.3982999999999999,1.401,1.39815,1.40083,26180
1760126400,1.40083,1.4017,1.39933,1.40022,11123
1760313600,1.39866,1.40034,1.39866,1.39923,5657
1760328000,1.39923,1.39957,1.3982299999999999,1.3992200000000001,6084
1760342400,1.39923,1.40099,1.39875,1.40004,10581
1760356800,1.40005,1.4016,1.39964,1.40122,8388
1760371200,1.40122,1.40333,1.40119,1.40301,12837
1760385600,1.403,1.4038599999999999,1.4026399999999999,1.40356,4533
1760400000,1.40296,1.40428,1.40276,1.40368,3364
1760414400,1.40369,1.40459,1.4032200000000001,1.40423,6185
1760428800,1.40423,1.40656,1.40405,1.40578,12026
1760443200,1.40577,1.40793,1.40575,1.40707,9960
1760457600,1.40711,1.40739,1.40292,1.4042,19025
1760472000,1.40421,1.40512,1.4031799999999999,1.40453,9147
1760486400,1.40391,1.40477,1.40363,1.4043999999999999,3030
1760500800,1.40441,1.40451,1.40308,1.40359,5832
1760515200,1.40359,1.40443,1.40269,1.40424,8747
1760529600,1.40425,1.40533,1.40331,1.4050099999999999,8762
1760544000,1.405,1.40525,1.40258,1.40334,15919
1760558400,1.40332,1.40592,1.40332,1.40425,8823
1760572800,1.40395,1.40472,1.40351,1.40384,3842
1760587200,1.40385,1.40388,1.40219,1.40335,6531
1760601600,1.40334,1.40394,1.4026100000000001,1.40374,10245
1760616000,1.40374,1.40571,1.4035,1.4050799999999999,9235
1760630400,1.40509,1.40602,1.40348,1.40439,19683
1760644800,1.4043999999999999,1.40598,1.40374,1.40507,12507
1760659200,1.40514,1.40523,1.40384,1.40395,2959
1760673600,1.40395,1.4051,1.40359,1.40393,6378
1760688000,1.40393,1.40666,1.40353,1.405,13586
1760702400,1.4050099999999999,1.40517,1.4026399999999999,1.40387,13622
1760716800,1.40389,1.4053,1.4033,1.40385,19014
1760731200,1.4038599999999999,1.40414,1.4007100000000001,1.40228,8721
1760918400,1.40155,1.4020299999999999,1.40093,1.40122,3768
1760932800,1.40122,1.40147,1.40048,1.4010799999999999,4346
1760947200,1.40109,1.40321,1.40093,1.40316,8311
1760961600,1.4031500000000001,1.40485,1.4026100000000001,1.40445,8559
1760976000,1.4044400000000001,1.40504,1.4025,1.40286,11145
1760990400,1.40286,1.4038300000000001,1.4026100000000001,1.4037899999999999,4479
1761004800,1.40312,1.4037,1.4028800000000001,1.40308,2215
1761019200,1.40308,1.40524,1.40308,1.40484,4291
1761033600,1.40485,1.40651,1.40481,1.40602,9055
1761048000,1.40603,1.40604,1.40133,1.4027,10186
1761062400,1.4027,1.40432,1.40026,1.4016,17155
1761076800,1.40161,1.40233,1.40112,1.40233,6192
1761091200,1.40198,1.40226,1.40107,1.40133,3034
1761105600,1.40134,1.4014,1.40001,1.40008,4240
1761120000,1.40009,1.40109,1.39929,1.40073,8984
1761134400,1.40073,1.40316,1.40068,1.40224,9016
1761148800,1.40225,1.40263,1.39751,1.39782,18601
1761163200,1.39782,1.39972,1.39781,1.39972,8549
1761177600,1.39916,1.39936,1.3986399999999999,1.39892,2487
1761192000,1.39893,1.40041,1.39877,1.39977,4420
1761206400,1.39977,1.39988,1.39862,1.3994,7192
1761220800,1.39939,1.39988,1.39885,1.39931,6938
1761235200,1.39935,1.40022,1.3979,1.39975,11539
1761249600,1.3997600000000001,1.40026,1.39851,1.39904,5085
1761264000,1.39887,1.39903,1.39723,1.39874,2626
1761278400,1.39875,1.40283,1.39867,1.40107,5270
1761292800,1.4010799999999999,1.40208,1.4003,1.40194,8788
1761307200,1.40194,1.40317,1.39985,1.4019,10506
1761321600,1.40191,1.4038300000000001,1.4005,1.40067,15888
1761336000,1.40068,1.40103,1.39913,1.4001299999999999,4946
1761523200,1.40048,1.40049,1.39776,1.39829,4891
1761537600,1.3982999999999999,1.3992,1.3982700000000001,1.39843,4622
1761552000,1.39844,1.39844,1.39696,1.3973,8591
1761566400,1.39729,1.39974,1.39721,1.39946,8536
1761580800,1.39947,1.40076,1.39926,1.39972,9875
1761595200,1.39973,1.40006,1.39855,1.3988800000000001,3813
1761609600,1.39887,1.39935,1.39819,1.39875,3743
1761624000,1.39876,1.3992,1.39813,1.3989500000000001,4919
1761638400,1.3989500000000001,1.40048,1.39894,1.39964,7445
1761652800,1.39965,1.4001700000000001,1.39859,1.39862,9064
1761667200,1.3986399999999999,1.39865,1.39345,1.39431,12301
1761681600,1.39432,1.39487,1.39326,1.3943699999999999,3810
1761696000,1.39442,1.39466,1.3931499999999999,1.39344,4816
1761710400,1.39346,1.39442,1.39325,1.39401,4772
1761724800,1.39399,1.39486,1.39232,1.39424,7927
1761739200,1.39425,1.39453,1.39141,1.39196,10364
1761753600,1.39197,1.39231,1.38872,1.38993,12179
1761768000,1.38985,1.39543,1.38921,1.39435,18775
1761782400,1.39398,1.39452,1.39334,1.39363,4369
1761796800,1.39363,1.39425,1.39262,1.3933900000000001,8798
1761811200,1.3934,1.39508,1.39303,1.39503,10171
1761825600,1.39504,1.40137,1.3945699999999999,1.39977,13314
1761840000,1.39977,1.39994,1.3976899999999999,1.39818,14681
1761854400,1.39819,1.39896,1.3977,1.39848,5436
1761868800,1.39813,1.39855,1.39783,1.3984,4146
1761883200,1.39841,1.39911,1.39811,1.399,4369
1761897600,1.39901,1.40103,1.39896,1.40046,7512
1761912000,1.4004699999999999,1.40346,1.40034,1.40235,10196
1761926400,1.40234,1.40234,1.40007,1.40186,14932
1761940800,1.40187,1.4026100000000001,1.40059,1.40059,6683
1762128000,1.40043,1.40229,1.40041,1.40201,3256
1762142400,1.40201,1.40208,1.4008,1.40095,3797
1762156800,1.40095,1.40397,1.4007800000000001,1.4038599999999999,6155
1762171200,1.40387,1.40619,1.4034200000000001,1.40609,5742
1762185600,1.4061,1.4074900000000001,1.4046,1.40509,11415
1762200000,1.4051,1.4059599999999999,1.40478,1.4056,4633
1762214400,1.40555,1.40694,1.40539,1.40652,3368
1762228800,1.40653,1.40695,1.4060000000000001,1.40675,5037
1762243200,1.40674,1.4073,1.40534,1.40704,9072
1762257600,1.40705,1.40824,1.4066100000000001,1.40796,7609
1762272000,1.40797,1.40963,1.40774,1.40919,12144
1762286400,1.4092,1.41069,1.40907,1.41034,6809
1762300800,1.40958,1.41185,1.40958,1.4113,4908
1762315200,1.41129,1.4117,1.41071,1.41098,5882
1762329600,1.41098,1.41261,1.4107,1.41257,6846
1762344000,1.41258,1.4138,1.41257,1.4133,8296
1762358400,1.41333,1.41395,1.4104700000000001,1.41164,14785
1762372800,1.41165,1.41184,1.41045,1.41071,5135
1762387200,1.4104700000000001,1.41087,1.4099,1.41033,4452
1762401600,1.41034,1.41045,1.4099,1.4102000000000001,3860
1762416000,1.41021,1.41038,1.40894,1.40983,7209
1762430400,1.40984,1.4099599999999999,1.40895,1.40968,8450
1762444800,1.4096899999999999,1.41392,1.40957,1.41164,18565
1762459200,1.41165,1.41239,1.41041,1.41161,7194
1762473600,1.41136,1.41254,1.41071,1.41232,3916
1762488000,1.41231,1.41254,1.4119,1.41229,3419
1762502400,1.4123,1.41232,1.4113,1.41159,6215
1762516800,1.4116,1.41182,1.40547,1.40644,11428
1762531200,1.40647,1.4084400000000001,1.40511,1.4054,19399
1762545600,1.4054,1.40575,1.40273,1.40454,8733
1762732800,1.40421,1.40475,1.4025400000000001,1.40296,7421
1762747200,1.40296,1.40343,1.4019300000000001,1.40249,10480
1762761600,1.4025,1.40324,1.40004,1.40109,9457
1762776000,1.4011,1.40213,1.40005,1.40109,8220
1762790400,1.4011,1.40354,1.40109,1.4016199999999999,12728
1762804800,1.40163,1.40195,1.40124,1.40194,4752
1762819200,1.4015900000000001,1.40328,1.40146,1.40304,3673
1762833600,1.40303,1.40377,1.40276,1.40339,5263
1762848000,1.4034,1.40404,1.4025400000000001,1.40331,8433
1762862400,1.4033,1.40357,1.40034,1.40054,9008
1762876800,1.40055,1.40156,1.40015,1.40016,12044
1762891200,1.4001700000000001,1.40155,1.40012,1.40155,5023
1762905600,1.40096,1.40198,1.40091,1.40175,3552
1762920000,1.40176,1.40194,1.4008099999999999,1.4009800000000001,5308
1762934400,1.40099,1.40188,1.40024,1.40179,7950
1762948800,1.4018,1.40207,1.40058,1.40152,8923
1762963200,1.40153,1.40209,1.39924,1.39965,14264
1762977600,1.39963,1.40088,1.39893,1.4007,6194
1762992000,1.40027,1.40156,1.40022,1.40083,4492
1763006400,1.40084,1.40114,1.40022,1.40104,4917
1763020800,1.4010500000000001,1.40124,1.39845,1.39905,8310
1763035200,1.39906,1.40084,1.39894,1.4007,8189
1763049600,1.40069,1.40251,1.39966,1.40224,15227
1763064000,1.40225,1.4037,1.40199,1.40353,8962
1763078400,1.40233,1.40436,1.40188,1.40218,4598
1763092800,1.40219,1.40295,1.40174,1.40242,5346
1763107200,1.40244,1.40446,1.40234,1.4034499999999999,9632
1763121600,1.40347,1.40446,1.4013499999999999,1.40249,11030
1763136000,1.4025,1.4033,1.40138,1.40252,17059
1763150400,1.40251,1.40321,1.40136,1.40228,8801
1763337600,1.40117,1.40316,1.40117,1.40309,4807
1763352000,1.40309,1.4038300000000001,1.40276,1.40295,4834
1763366400,1.40295,1.4031799999999999,1.40155,1.40273,7157
1763380800,1.40274,1.40395,1.40213,1.40368,7880
1763395200,1.40369,1.40411,1.4022999999999999,1.4025699999999999,13903
1763409600,1.40258,1.40571,1.40251,1.40546,8816
1763424000,1.40465,1.4056,1.40387,1.40495,3505
1763438400,1.40495,1.40616,1.40466,1.40488,5839
1763452800,1.40489,1.40549,1.4034499999999999,1.40355,9216
1763467200,1.40355,1.4038300000000001,1.40064,1.40102,9692
1763481600,1.40103,1.40204,1.39767,1.39781,20822
1763496000,1.3978,1.39898,1.3970500000000001,1.39898,9361
1763510400,1.39832,1.39977,1.39832,1.39969,4192
1763524800,1.3997,1.40002,1.39921,1.39943,6286
1763539200,1.39944,1.40048,1.39879,1.3999,7826
1763553600,1.3999,1.40191,1.3998300000000001,1.40161,8028
1763568000,1.40161,1.40647,1.40061,1.40555,16882
1763582400,1.40556,1.40599,1.40426,1.40484,9062
1763596800,1.40472,1.40547,1.4041000000000001,1.4054,3281
1763611200,1.4054,1.40603,1.40502,1.40592,4853
1763625600,1.40592,1.40622,1.40497,1.40499,7117
1763640000,1.4049800000000001,1.40701,1.40393,1.40491,10463
1763654400,1.40492,1.41064,1.40426,1.41008,24770
1763668800,1.41009,1.41043,1.40893,1.40971,12332
1763683200,1.4090500000000001,1.40984,1.4083,1.40884,5520
1763697600,1.40881,1.4093,1.40857,1.40911,6374
1763712000,1.4091,1.4104999999999999,1.40815,1.4092,10726
1763726400,1.40921,1.41127,1.40809,1.40883,14047
1763740800,1.40882,1.41302,1.40873,1.40926,21887
1763755200,1.40926,1.41028,1.40886,1.4099300000000001,11007
1763942400,1.4089,1.41037,1.4089,1.40991,2694
1763956800,1.4099,1.41002,1.4091,1.40937,4107
1763971200,1.40938,1.41141,1.40906,1.41133,7922
1763985600,1.41132,1.41174,1.40964,1.41014,7156
1764000000,1.41015,1.4118,1.40978,1.41119,13446
1764014400,1.4112,1.41127,1.41024,1.4104700000000001,4669
1764028800,1.41046,1.41138,1.41028,1.41075,2991
1764043200,1.41076,1.41205,1.41053,1.4116900000000001,4159
1764057600,1.4117,1.41232,1.41126,1.41148,6574
1764072000,1.41148,1.4123999999999999,1.41037,1.41059,9425
1764086400,1.41059,1.41184,1.409,1.40938,16678
1764100800,1.4093499999999999,1.41032,1.40889,1.40973,6985
1764115200,1.4092799999999999,1.41041,1.40796,1.40846,4694
1764129600,1.40848,1.40855,1.407,1.40731,5273
1764144000,1.4073,1.40831,1.40671,1.40816,7928
1764158400,1.40815,1.4098600000000001,1.4077600000000001,1.40953,12248
1764172800,1.40952,1.41002,1.40417,1.40438,13350
1764187200,1.4043700000000001,1.40453,1.4034,1.4041299999999999,5470
1764201600,1.404,1.40429,1.40336,1.40338,3629
1764216000,1.40339,1.40364,1.40279,1.40323,4371
1764230400,1.40324,1.40483,1.40293,1.40475,6061
1764244800,1.4047399999999999,1.40492,1.40389,1.4043999999999999,4561
1764259200,1.40439,1.40459,1.40276,1.40293,4362
1764273600,1.40294,1.4032,1.40275,1.40278,1466
1764288000,1.40302,1.40339,1.4024,1.40332,4056
1764302400,1.40333,1.40405,1.40272,1.40346,38266
1764316800,1.4034499999999999,1.4043700000000001,1.40328,1.40389,39203
1764331200,1.40389,1.4050500000000001,1.3991500000000001,1.39961,30310
1764345600,1.39961,1.39978,1.39374,1.3973900000000001,13016
1764360000,1.3973900000000001,1.39814,1.3961700000000001,1.3969,9673
1764547200,1.39724,1.39795,1.39638,1.39709,6165
1764561600,1.3970799999999999,1.39892,1.39706,1.39858,7168
1764576000,1.39859,1.39909,1.39696,1.39844,10253
1764590400,1.39845,1.39866,1.39538,1.39624,9953
1764604800,1.39624,1.39846,1.39553,1.39814,15794
1764619200,1.39815,1.40009,1.3981,1.39972,6257
1764633600,1.39934,1.40068,1.39934,1.40004,2796
1764648000,1.40005,1.40025,1.3995199999999999,1.39972,3569
1764662400,1.39971,1.40091,1.3991799999999999,1.4007399999999999,6104
1764676800,1.40073,1.40137,1.39964,1.39968,7562
1764691200,1.39968,1.39978,1.39749,1.39851,15551
1764705600,1.39853,1.39862,1.3967100000000001,1.39747,5807
1764720000,1.39675,1.39745,1.39618,1.3965,3772
1764734400,1.39651,1.39738,1.39646,1.39714,4062
1764748800,1.39715,1.39729,1.3954,1.39545,7224
1764763200,1.39545,1.39546,1.39378,1.39449,8173
1764777600,1.3945,1.39687,1.39405,1.39436,16214
1764792000,1.39435,1.39539,1.39411,1.3949099999999999,5412
1764806400,1.39414,1.39623,1.39412,1.3961000000000001,4138
1764820800,1.3961000000000001,1.39679,1.39574,1.39602,6258
1764835200,1.39603,1.39703,1.39567,1.39593,8116
1764849600,1.39592,1.3976600000000001,1.39566,1.39668,10102
1764864000,1.39669,1.39677,1.3924699999999999,1.39448,16054
1764878400,1.39449,1.39598,1.39438,1.39564,7509
1764892800,1.3953,1.39599,1.39499,1.39503,2543
1764907200,1.39504,1.3957,1.39483,1.39484,3113
1764921600,1.39485,1.39503,1.39398,1.39433,5845
1764936000,1.39433,1.39517,1.3884,1.38867,9760
1764950400,1.38868,1.38927,1.3832900000000001,1.38343,17397
1764964800,1.38342,1.3845,1.38212,1.38223,7778
1765152000,1.38192,1.38346,1.38188,1.38233,4640
1765166400,1.3823400000000001,1.3826100000000001,1.38182,1.38195,3745
1765180800,1.38195,1.38284,1.38129,1.38235,7674
1765195200,1.3823400000000001,1.38263,1.37992,1.38092,8002
1765209600,1.38093,1.38522,1.37996,1.3841,15140
1765224000,1.3841,1.38588,1.3839299999999999,1.38563,6641
1765238400,1.3850500000000001,1.38541,1.38456,1.3848099999999999,2738
1765252800,1.38482,1.38524,1.38437,1.38492,5037
1765267200,1.38491,1.38568,1.38381,1.38389,6850
1765281600,1.3839000000000001,1.38489,1.38372,1.38396,7802
1765296000,1.38396,1.3856899999999999,1.38228,1.3854600000000001,14885
1765310400,1.38545,1.38602,1.38431,1.38475,5446
1765324800,1.38443,1.3854,1.38431,1.38535,3688
1765339200,1.38536,1.3856899999999999,1.38513,1.38525,4422
1765353600,1.38526,1.38581,1.38434,1.38548,6832
1765368000,1.3854899999999999,1.3856,1.38373,1.38439,8320
1765382400,1.38438,1.3871,1.38248,1.38297,14902
1765396800,1.3829799999999999,1.38403,1.37832,1.3791,18179
1765411200,1.37892,1.37985,1.37842,1.3794,5140
1765425600,1.37941,1.38168,1.37916,1.38121,7508
1765440000,1.3812,1.38221,1.38061,1.38065,9051
1765454400,1.38066,1.381,1.37801,1.37858,10231
1765468800,1.37859,1.37869,1.3756,1.3772,17115
1765483200,1.3772,1.37801,1.37661,1.3771200000000001,6963
1765497600,1.37674,1.37761,1.37659,1.37727,4854
1765512000,1.37728,1.3778299999999999,1.37703,1.37716,4266
1765526400,1.3771499999999999,1.37745,1.37542,1.37602,7186
1765540800,1.37603,1.37691,1.3753600000000001,1.37607,8265
1765555200,1.37606,1.3794,1.37526,1.37656,19871
1765569600,1.37657,1.37738,1.3759299999999999,1.37691,8817
1765756800,1.3761700000000001,1.37732,1.3759700000000001,1.376,4899
1765771200,1.37601,1.37696,1.37592,1.37645,6910
1765785600,1.37646,1.3767800000000001,1.37569,1.37645,7778
1765800000,1.37646,1.37762,1.3746800000000001,1.37679,7733
1765814400,1.3768099999999999,1.37752,1.37543,1.3774199999999999,17899
1765828800,1.37741,1.37878,1.37661,1.3768799999999999,7209
1765843200,1.37691,1.37806,1.37659,1.37772,4634
1765857600,1.37772,1.3779,1.37644,1.37691,6391
1765872000,1.37692,1.37777,1.37633,1.37745,7584
1765886400,1.3774600000000001,1.37792,1.37369,1.37527,11515
1765900800,1.37526,1.37629,1.37297,1.37453,21821
1765915200,1.37452,1.37611,1.3737,1.37513,10762
1765929600,1.37506,1.37634,1.37501,1.37587,5188
1765944000,1.37589,1.37772,1.37584,1.3774,6758
1765958400,1.37741,1.37849,1.37708,1.37764,9263
1765972800,1.37765,1.37949,1.37731,1.37766,9721
1765987200,1.37765,1.37975,1.37612,1.37824,18289
1766001600,1.37825,1.37915,1.3774899999999999,1.3787,8369
1766016000,1.37836,1.37883,1.37778,1.37858,3745
1766030400,1.37857,1.37877,1.3776,1.37765,5631
1766044800,1.37766,1.37828,1.37675,1.37814,8202
1766059200,1.37814,1.37955,1.3762400000000001,1.37758,11894
1766073600,1.37759,1.3780299999999999,1.37553,1.37716,22499
1766088000,1.3771499999999999,1.37832,1.37656,1.37799,9736
1766102400,1.37727,1.37804,1.37694,1.37775,3801
1766116800,1.37778,1.37884,1.3774600000000001,1.37879,5772
1766131200,1.37879,1.3796300000000001,1.37855,1.37935,8360
1766145600,1.37934,1.38004,1.37798,1.37815,8787
1766160000,1.37815,1.37872,1.37541,1.37786,14843
1766174400,1.37787,1.3805100000000001,1.37723,1.38028,6952
1766361600,1.37867,1.38032,1.3786,1.37978,10268
1766376000,1.37977,1.3798,1.37913,1.37917,3634
1766390400,1.37916,1.37954,1.37689,1.37708,6492
1766404800,1.37707,1.37727,1.37543,1.37546,7759
1766419200,1.37546,1.37636,1.37352,1.37374,13330
1766433600,1.37375,1.37533,1.3735,1.37448,5600
1766448000,1.37442,1.3749799999999999,1.37385,1.37404,2738
1766462400,1.3740299999999999,1.3740299999999999,1.37326,1.37387,4867
1766476800,1.37388,1.3742,1.37039,1.3704100000000001,7592
1766491200,1.37042,1.3710499999999999,1.36875,1.3698000000000001,10437
1766505600,1.36981,1.37264,1.3694899999999999,1.37085,16477
1766520000,1.37084,1.37126,1.36855,1.36855,5844
1766534400,1.36883,1.369,1.36767,1.36768,3310
1766548800,1.36767,1.36836,1.36738,1.36794,4724
1766563200,1.3679299999999999,1.36873,1.36719,1.36738,6285
1766577600,1.36737,1.36848,1.36655,1.36742,6786
1766592000,1.36744,1.36795,1.36643,1.36703,11738
1766606400,1.3670200000000001,1.36749,1.3670200000000001,1.36748,73
1766736000,1.36754,1.36816,1.36713,1.36816,3734
1766750400,1.36816,1.36844,1.36482,1.36538,7647
1766764800,1.36537,1.36724,1.36418,1.3668,12941
1766779200,1.3667799999999999,1.36755,1.36659,1.3674,8625
1766966400,1.36543,1.3672900000000001,1.3654,1.3661699999999999,4419
1766980800,1.36616,1.3673199999999999,1.36567,1.3673199999999999,4337
1766995200,1.36731,1.3696,1.3670499999999999,1.36867,9630
1767009600,1.36868,1.37004,1.3679700000000001,1.36865,9424
1767024000,1.36864,1.36974,1.36625,1.36899,18494
1767038400,1.369,1.3697599999999999,1.36818,1.36893,6768
1767052800,1.36873,1.3694600000000001,1.36837,1.36839,3116
1767067200,1.36838,1.36897,1.36823,1.36859,4408
1767081600,1.3686,1.3691,1.3678,1.36839,6372
1767096000,1.3684,1.37073,1.36817,1.37031,8491
1767110400,1.37032,1.3708,1.36789,1.36853,14220
1767124800,1.3685399999999999,1.36986,1.36822,1.36966,5519
1767139200,1.3692199999999999,1.36982,1.3691499999999999,1.36952,2942
1767153600,1.3695300000000001,1.3703699999999999,1.36948,1.37006,4297
1767168000,1.37006,1.37094,1.36988,1.37025,6414
1767182400,1.37024,1.37118,1.36875,1.3697300000000001,8623
1767196800,1.3697300000000001,1.3726099999999999,1.3691900000000001,1.37198,16754
1767211200,1.37198,1.3725800000000001,1.37185,1.37239,1837
1767340800,1.37013,1.37214,1.37008,1.37205,4798
1767355200,1.37202,1.3740700000000001,1.37169,1.37389,7362
1767369600,1.3739,1.37465,1.3719999999999999,1.37394,17433
1767384000,1.37395,1.3746800000000001,1.37263,1.37292,7623
1767571200,1.37314,1.37477,1.37314,1.37461,6309
1767585600,1.37462,1.37769,1.37452,1.3767800000000001,7968
1767600000,1.37679,1.37878,1.37638,1.37772,9728
1767614400,1.37771,1.38147,1.37615,1.37981,12191
1767628800,1.37982,1.37994,1.37443,1.37608,22888
1767643200,1.37609,1.3772199999999999,1.37544,1.37697,8277
1767657600,1.37691,1.37755,1.37633,1.37636,4005
1767672000,1.37635,1.3769,1.3759700000000001,1.37634,5514
1767686400,1.37633,1.37695,1.37507,1.37677,9698
1767700800,1.37676,1.37846,1.37598,1.37705,10298
1767715200,1.37706,1.3796,1.3755899999999999,1.3789500000000001,18492
1767729600,1.3789500000000001,1.3815,1.37878,1.3814899999999999,6581
1767744000,1.38093,1.38245,1.38076,1.38193,5082
1767758400,1.38194,1.38196,1.38097,1.38125,7269
1767772800,1.38126,1.38262,1.3810799999999999,1.3813,7387
1767787200,1.38129,1.38136,1.37938,1.37952,8301
1767801600,1.37952,1.38319,1.37894,1.38304,17200
1767816000,1.38305,1.38608,1.38288,1.38595,6988
1767830400,1.3856,1.38654,1.3853900000000001,1.38626,3193
1767844800,1.3862700000000001,1.3869500000000001,1.38577,1.38663,6075
1767859200,1.38663,1.38876,1.38662,1.38781,9429
1767873600,1.38781,1.38812,1.38531,1.38628,9337
1767888000,1.3862700000000001,1.38747,1.385,1.3868,16870
1767902400,1.38681,1.3876,1.38544,1.38616,7775
1767916800,1.38616,1.38721,1.38609,1.38714,3597
1767931200,1.38715,1.38753,1.38672,1.38696,4976
1767945600,1.3869500000000001,1.38785,1.38641,1.38738,7355
1767960000,1.38739,1.38883,1.38665,1.38771,11129
1767974400,1.3877,1.39053,1.38735,1.39008,21567
1767988800,1.39007,1.39192,1.39002,1.39168,7464
1768176000,1.3911,1.39167,1.38825,1.38931,7120
1768190400,1.38931,1.38981,1.38868,1.38897,6496
1768204800,1.38898,1.38931,1.3866399999999999,1.38794,9245
1768219200,1.38795,1.38838,1.38677,1.38699,9559
1768233600,1.387,1.38941,1.38681,1.38718,14591
1768248000,1.38717,1.3879299999999999,1.38676,1.38757,6173
1768262400,1.38739,1.38832,1.3872,1.38798,3887
1768276800,1.38799,1.38801,1.38667,1.3871,4718
1768291200,1.3871,1.3887,1.38687,1.3875,7319
1768305600,1.3875199999999999,1.38838,1.38543,1.38703,10875
1768320000,1.38705,1.38974,1.38621,1.3893900000000001,19619
1768334400,1.3894,1.38965,1.38798,1.38867,8082
1768348800,1.38862,1.38968,1.38818,1.38945,3479
1768363200,1.38947,1.38972,1.38826,1.38864,5203
1768377600,1.38865,1.38962,1.38795,1.3891,7976
1768392000,1.38911,1.38933,1.387,1.3878,9113
1768406400,1.38781,1.3884,1.38655,1.38775,17916
1768420800,1.38777,1.3885399999999999,1.38703,1.3883,9500
1768435200,1.38787,1.38923,1.38768,1.38887,4204
1768449600,1.38887,1.39022,1.3887800000000001,1.3899599999999999,4278
1768464000,1.38995,1.3907,1.38956,1.39041,7163
1768478400,1.39042,1.3912900000000001,1.38953,1.39105,8162
1768492800,1.39104,1.3919000000000001,1.38891,1.38963,14573
1768507200,1.38964,1.38988,1.38843,1.38916,7534
1768521600,1.3884400000000001,1.3897599999999999,1.3884400000000001,1.38947,4208
1768536000,1.38947,1.38965,1.38838,1.38907,5428
1768550400,1.3890799999999999,1.38968,1.38876,1.38943,7303
1768564800,1.38944,1.38998,1.38837,1.38989,8947
1768579200,1.3899,1.3927800000000001,1.38894,1.39238,19059
1768593600,1.39239,1.39279,1.39131,1.39181,7596
1768780800,1.39119,1.39171,1.38899,1.38963,7440
1768795200,1.38962,1.39019,1.3888099999999999,1.38919,7401
1768809600,1.3892,1.3897599999999999,1.38837,1.38859,9996
1768824000,1.38859,1.38925,1.38768,1.38828,7581
1768838400,1.38829,1.38837,1.38589,1.38658,8850
1768852800,1.38659,1.38728,1.3862999999999999,1.38676,2042
1768867200,1.38654,1.38781,1.3862999999999999,1.38677,4217
1768881600,1.38678,1.38727,1.3844,1.38519,5547
1768896000,1.3852,1.38647,1.38236,1.38269,13130
1768910400,1.3826800000000001,1.38374,1.38137,1.38274,14616
1768924800,1.38275,1.38402,1.38174,1.38305,21518
1768939200,1.38305,1.38425,1.38245,1.38346,8395
1768953600,1.38334,1.38396,1.3822999999999999,1.38257,4232
1768968000,1.38258,1.38397,1.38249,1.3835899999999999,4725
1768982400,1.3836,1.38421,1.38278,1.38401,8793
1768996800,1.38402,1.38415,1.3790200000000001,1.37931,11038
1769011200,1.3793,1.38281,1.37848,1.38153,23982
1769025600,1.38154,1.38391,1.38152,1.38313,14589
1769040000,1.38328,1.3844,1.38256,1.3826100000000001,5636
1769054400,1.38262,1.38305,1.3816,1.38205,5891
1769068800,1.38204,1.3829799999999999,1.3814199999999999,1.38247,8921
1769083200,1.38248,1.3832499999999999,1.38031,1.38075,12033
1769097600,1.38074,1.38202,1.3783699999999999,1.37848,18982
1769112000,1.37849,1.3792499999999999,1.37823,1.37874,7345
1769126400,1.37855,1.37918,1.37812,1.37869,3949
1769140800,1.3787,1.3795600000000001,1.37829,1.37883,4481
1769155200,1.37884,1.37988,1.37831,1.37916,10371
1769169600,1.37916,1.3795,1.37581,1.3765100000000001,9356
1769184000,1.37653,1.37694,1.37031,1.3712900000000001,17571
1769198400,1.3713,1.3725100000000001,1.36937,1.37025,13529
1769385600,1.36959,1.37088,1.36773,1.36837,9698
1769400000,1.36836,1.36889,1.36747,1.36801,8009
1769414400,1.3679999999999999,1.36957,1.36737,1.3675899999999999,13567
1769428800,1.36757,1.37121,1.36708,1.37025,11514
1769443200,1.37025,1.37113,1.36748,1.37027,20163
1769457600,1.37027,1.3719299999999999,1.36988,1.3709799999999999,11364
1769472000,1.37069,1.37195,1.37023,1.37175,4895
1769486400,1.37176,1.37385,1.3707799999999999,1.37343,6659
1769500800,1.37343,1.37386,1.37053,1.3706800000000001,10019
1769515200,1.37069,1.37134,1.3657,1.3670499999999999,14951
1769529600,1.36703,1.36725,1.35903,1.35975,25494
1769544000,1.35974,1.36225,1.35574,1.3573,16858
1769558400,1.35711,1.3612600000000001,1.35656,1.36117,9793
1769572800,1.36115,1.36141,1.35833,1.3584,9409
1769587200,1.3584100000000001,1.35859,1.35601,1.35637,16767
1769601600,1.35637,1.35769,1.35503,1.35572,15304
1769616000,1.35572,1.3590900000000001,1.35351,1.35728,29858
1769630400,1.3572899999999999,1.36067,1.35456,1.35556,20152
1769644800,1.35527,1.3568799999999999,1.35302,1.35508,9484
1769659200,1.35507,1.35575,1.35155,1.35255,11426
1769673600,1.35255,1.35398,1.35086,1.35346,16003
1769688000,1.35345,1.35619,1.35065,1.35193,16966
1769702400,1.35194,1.35771,1.34914,1.35144,47562
1769716800,1.3514300000000001,1.3520699999999999,1.34842,1.3489499999999999,19258
1769731200,1.34871,1.35286,1.34813,1.35278,11654
1769745600,1.35279,1.35447,1.3509,1.35162,17341
1769760000,1.35163,1.35524,1.35067,1.35445,22050
1769774400,1.35446,1.35549,1.34925,1.35454,25283
1769788800,1.3545,1.3588,1.35107,1.35826,41465
1769803200,1.35825,1.36222,1.35706,1.36189,30648
