time,open,high,low,close,volume
1566547200,106.592,106.671,106.566,106.622,9654
1566561600,106.623,106.733,106.387,106.504,13509
1566576000,106.504,106.624,105.283,105.412,28298
1566590400,105.412,105.503,105.251,105.38,17597
1566777600,104.944,105.211,104.448,105.123,16305
1566792000,105.124,105.797,105.124,105.279,17844
1566806400,105.279,105.991,105.16,105.906,25243
1566820800,105.905,106.413,105.665,106.161,17714
1566835200,106.16,106.166,105.921,106.12,26382
1566849600,106.121,106.297,106.048,106.117,11164
1566864000,106.115,106.15,105.803,105.84,10261
1566878400,105.84,105.947,105.652,105.743,11688
1566892800,105.741,105.846,105.589,105.776,16674
1566907200,105.776,105.994,105.691,105.85,15477
1566921600,105.853,106.068,105.656,105.731,17949
1566936000,105.729,105.827,105.713,105.758,10114
1566950400,105.689,105.796,105.65,105.758,8086
1566964800,105.758,105.892,105.729,105.848,10169
1566979200,105.848,105.882,105.654,105.765,12196
1566993600,105.765,105.843,105.658,105.771,13664
1567008000,105.771,105.967,105.653,105.961,16600
1567022400,105.961,106.227,105.92,106.106,9020
1567036800,106.098,106.123,105.939,105.989,7816
1567051200,105.989,106.019,105.827,105.915,9059
1567065600,105.914,106.286,105.854,106.272,14957
1567080000,106.271,106.404,106.189,106.266,12659
1567094400,106.266,106.592,106.21,106.566,17221
1567108800,106.565,106.681,106.47,106.504,8991
1567123200,106.499,106.543,106.4,106.456,7427
1567137600,106.456,106.53,106.379,106.397,8903
1567152000,106.397,106.537,106.286,106.41,13964
1567166400,106.41,106.444,106.173,106.188,11837
1567180800,106.187,106.374,106.104,106.36,16106
1567195200,106.36,106.43,106.2,106.241,10115
1567382400,106.004,106.203,105.914,106.105,7134
1567396800,106.105,106.241,106.095,106.186,7110
1567411200,106.186,106.297,106.149,106.268,8662
1567425600,106.268,106.399,106.268,106.37,7499
1567440000,106.371,106.387,106.054,106.135,8254
1567454400,106.136,106.22,106.119,106.176,8691
1567468800,106.199,106.303,106.159,106.27,10128
1567483200,106.27,106.384,106.229,106.295,8602
1567497600,106.295,106.312,105.921,106.049,14867
1567512000,106.049,106.266,105.99,106.254,12993
1567526400,106.255,106.31,105.737,105.874,20789
1567540800,105.873,106.082,105.866,105.939,6746
1567555200,105.92,105.986,105.829,105.904,5783
1567569600,105.904,106.069,105.881,106.045,9493
1567584000,106.044,106.26,106.008,106.2,13766
1567598400,106.2,106.298,106.174,106.237,10657
1567612800,106.237,106.336,106.121,106.298,12238
1567627200,106.299,106.443,106.238,106.408,7622
1567641600,106.349,106.463,106.323,106.405,8066
1567656000,106.406,106.753,106.369,106.537,13055
1567670400,106.537,106.624,106.372,106.546,13886
1567684800,106.546,106.933,106.482,106.855,13819
1567699200,106.854,107.228,106.803,106.94,15900
1567713600,106.94,107.029,106.875,106.948,7340
1567728000,106.864,107.091,106.864,107.038,7568
1567742400,107.038,107.101,106.956,106.959,10171
1567756800,106.959,107.06,106.941,107.039,12457
1567771200,107.04,107.08,106.698,106.84,14855
1567785600,106.842,106.915,106.62,106.848,15487
1567800000,106.849,106.941,106.806,106.897,10411
1567987200,106.817,107.022,106.789,106.948,13070
1568001600,106.947,106.973,106.761,106.898,12372
1568016000,106.898,106.994,106.832,106.976,12556
1568030400,106.976,107.076,106.921,107.002,12607
1568044800,107.002,107.179,106.92,107.052,20730
1568059200,107.053,107.274,107.033,107.231,10745
1568073600,107.231,107.442,107.18,107.439,11953
1568088000,107.44,107.497,107.36,107.407,12500
1568102400,107.408,107.414,107.235,107.297,13870
1568116800,107.298,107.487,107.252,107.278,15410
1568131200,107.279,107.465,107.188,107.452,28132
1568145600,107.453,107.588,107.369,107.53,14989
1568160000,107.528,107.652,107.479,107.631,14307
1568174400,107.631,107.783,107.561,107.76,13892
1568188800,107.761,107.848,107.659,107.753,16748
1568203200,107.753,107.81,107.664,107.77,14122
1568217600,107.769,107.809,107.625,107.764,18504
1568232000,107.765,107.856,107.74,107.844,9728
1568246400,107.797,108.058,107.774,108.046,20431
1568260800,108.046,108.167,107.993,108.074,15942
1568275200,108.074,108.085,107.82,107.862,16504
1568289600,107.861,107.9,107.52,107.702,32211
1568304000,107.701,108.093,107.634,108.03,55116
1568318400,108.03,108.189,108.018,108.109,14311
1568332800,108.081,108.233,108.058,108.216,15149
1568347200,108.215,108.258,108.115,108.132,9811
1568361600,108.132,108.149,107.902,107.986,17179
1568376000,107.985,108.137,107.943,108.12,18048
1568390400,108.12,108.18,107.994,108.12,23500
1568404800,108.121,108.156,108.05,108.083,13179
1568592000,107.529,107.913,107.495,107.672,23775
1568606400,107.672,107.862,107.614,107.813,13585
1568620800,107.814,107.933,107.789,107.809,16522
1568635200,107.808,107.888,107.676,107.871,19865
1568649600,107.872,108.095,107.854,107.965,25929
1568664000,107.965,108.168,107.951,108.146,13986
1568678400,108.148,108.218,108.021,108.208,17347
1568692800,108.209,108.37,108.08,108.231,17501
1568707200,108.23,108.254,108.104,108.156,14478
1568721600,108.156,108.246,108.096,108.196,13403
1568736000,108.197,108.353,108.06,108.072,28363
1568750400,108.071,108.206,108.055,108.111,11366
1568764800,108.109,108.191,108.085,108.184,17437
1568779200,108.184,108.272,108.146,108.201,10569
1568793600,108.202,108.244,108.177,108.213,11537
1568808000,108.213,108.231,108.142,108.189,10218
1568822400,108.19,108.24,108.145,108.169,14494
1568836800,108.17,108.477,108.098,108.447,33849
1568851200,108.408,108.473,108.268,108.287,15767
1568865600,108.287,108.316,107.785,107.894,29614
1568880000,107.894,108.139,107.851,107.996,21142
1568894400,107.997,108.027,107.892,107.965,16342
1568908800,107.966,108.084,107.935,107.963,18275
1568923200,107.962,108.065,107.835,108.051,15561
1568937600,107.998,108.085,107.922,107.97,17548
1568952000,107.97,107.975,107.802,107.841,10356
1568966400,107.842,107.963,107.765,107.923,13290
1568980800,107.923,108.003,107.903,107.921,13158
1568995200,107.921,108.025,107.858,107.881,20381
1569009600,107.882,107.898,107.521,107.552,26225
1569196800,107.715,107.754,107.607,107.692,9009
1569211200,107.691,107.755,107.668,107.718,6988
1569225600,107.718,107.77,107.309,107.356,20385
1569240000,107.357,107.547,107.345,107.53,13657
1569254400,107.531,107.551,107.344,107.495,21326
1569268800,107.495,107.549,107.382,107.536,14122
1569283200,107.529,107.671,107.473,107.645,18212
1569297600,107.645,107.685,107.492,107.604,12125
1569312000,107.604,107.67,107.516,107.633,14589
1569326400,107.633,107.801,107.627,107.644,14016
1569340800,107.645,107.709,107.047,107.083,30897
1569355200,107.083,107.426,106.96,107.078,33568
1569369600,107.038,107.188,106.999,107.067,17579
1569384000,107.068,107.427,107.044,107.357,19553
1569398400,107.357,107.424,107.248,107.315,15750
1569412800,107.314,107.547,107.247,107.503,12874
1569427200,107.506,107.883,107.406,107.8,26957
1569441600,107.799,107.846,107.738,107.759,12626
1569456000,107.738,107.777,107.602,107.716,20846
1569470400,107.717,107.724,107.628,107.683,12671
1569484800,107.682,107.709,107.575,107.611,15948
1569499200,107.611,107.705,107.544,107.589,15980
1569513600,107.589,107.886,107.423,107.812,34259
1569528000,107.81,107.957,107.711,107.838,17106
1569542400,107.819,107.848,107.666,107.767,13542
1569556800,107.767,107.804,107.655,107.676,12141
1569571200,107.676,107.915,107.656,107.915,16865
1569585600,107.914,108.173,107.887,108.074,15972
1569600000,108.074,108.181,107.788,107.861,39546
1569614400,107.861,107.967,107.797,107.914,20285
1569801600,107.959,108.019,107.853,107.905,11223
1569816000,107.905,108.011,107.846,107.877,14287
1569830400,107.876,107.909,107.742,107.899,17330
1569844800,107.899,108.094,107.882,107.995,14539
1569859200,107.994,108.147,107.924,108.145,23942
1569873600,108.146,108.178,108.055,108.064,11321
1569888000,108.07,108.171,108.043,108.145,10067
1569902400,108.144,108.295,108.123,108.233,10067
1569916800,108.233,108.471,108.165,108.405,15181
1569931200,108.406,108.42,108.224,108.364,11300
1569945600,108.364,108.448,107.625,107.691,36644
1569960000,107.691,107.781,107.637,107.747,13453
1569974400,107.747,107.761,107.643,107.706,10635
1569988800,107.707,107.892,107.647,107.83,10420
1570003200,107.83,107.87,107.55,107.651,17983
1570017600,107.651,107.694,107.42,107.424,16427
1570032000,107.425,107.529,107.107,107.111,28840
1570046400,107.109,107.229,107.045,107.175,14643
1570060800,107.173,107.209,106.963,107.033,28669
1570075200,107.032,107.19,107.026,107.167,11015
1570089600,107.168,107.297,107.083,107.111,19029
1570104000,107.111,107.207,106.87,106.986,16083
1570118400,106.986,107.124,106.482,106.818,46172
1570132800,106.818,106.967,106.786,106.901,14412
1570147200,106.897,106.925,106.796,106.804,11793
1570161600,106.805,106.872,106.743,106.826,8567
1570176000,106.827,106.849,106.728,106.785,15207
1570190400,106.785,107.134,106.547,107.111,22158
1570204800,107.112,107.125,106.809,106.866,30411
1570219200,106.867,106.929,106.814,106.909,10408
1570406400,106.661,106.853,106.652,106.715,14348
1570420800,106.716,106.88,106.688,106.86,10253
1570435200,106.86,106.941,106.807,106.856,15988
1570449600,106.856,106.908,106.774,106.907,10809
1570464000,106.907,107.178,106.898,107.124,16878
1570478400,107.124,107.464,107.081,107.255,18154
1570492800,107.239,107.38,107.203,107.358,12006
1570507200,107.359,107.41,107.261,107.391,12975
1570521600,107.391,107.444,107.1,107.158,19332
1570536000,107.158,107.178,106.803,106.957,25035
1570550400,106.956,107.21,106.86,107.147,28107
1570564800,107.146,107.297,106.938,107.08,26458
1570579200,107.049,107.095,106.932,107.072,11305
1570593600,107.072,107.204,107.053,107.15,8315
1570608000,107.151,107.303,107.115,107.268,16785
1570622400,107.267,107.439,107.246,107.376,21995
1570636800,107.376,107.583,107.337,107.574,17149
1570651200,107.574,107.628,107.389,107.475,16697
1570665600,107.473,107.498,107.032,107.313,39759
1570680000,107.314,107.774,107.305,107.499,25482
1570694400,107.499,107.55,107.353,107.407,20053
1570708800,107.407,107.65,107.353,107.621,18136
1570723200,107.621,107.973,107.558,107.899,28174
1570737600,107.898,108.019,107.75,107.941,19690
1570752000,107.955,108.13,107.845,108.056,21481
1570766400,108.056,108.077,107.935,107.966,12471
1570780800,107.967,108.026,107.875,107.986,18652
1570795200,107.987,108.486,107.965,108.398,25008
1570809600,108.398,108.629,108.264,108.398,36232
1570824000,108.398,108.601,108.308,108.442,22388
1571011200,108.351,108.52,108.236,108.3,11187
1571025600,108.299,108.361,108.196,108.309,11944
1571040000,108.309,108.338,108.177,108.254,13393
1571054400,108.255,108.29,108.03,108.275,16942
1571068800,108.275,108.457,108.265,108.366,15587
1571083200,108.366,108.404,108.335,108.394,6474
1571097600,108.392,108.446,108.299,108.375,9741
1571112000,108.375,108.452,108.28,108.34,12195
1571126400,108.34,108.408,108.281,108.338,17950
1571140800,108.339,108.376,108.154,108.346,17333
1571155200,108.346,108.886,108.316,108.859,27995
1571169600,108.86,108.898,108.824,108.86,8038
1571184000,108.847,108.864,108.604,108.726,13512
1571198400,108.726,108.739,108.599,108.65,13555
1571212800,108.65,108.77,108.591,108.707,22166
1571227200,108.707,108.813,108.557,108.658,23838
1571241600,108.659,108.845,108.62,108.666,22422
1571256000,108.666,108.781,108.666,108.754,8435
1571270400,108.745,108.758,108.642,108.694,11995
1571284800,108.695,108.827,108.67,108.733,9576
1571299200,108.734,108.868,108.698,108.817,16838
1571313600,108.817,108.939,108.622,108.716,31229
1571328000,108.716,108.744,108.451,108.516,21757
1571342400,108.517,108.685,108.514,108.641,9073
1571356800,108.645,108.685,108.551,108.667,10286
1571371200,108.667,108.685,108.521,108.577,12193
1571385600,108.577,108.721,108.514,108.69,15692
1571400000,108.69,108.699,108.521,108.551,12421
1571414400,108.552,108.568,108.384,108.419,21528
1571428800,108.419,108.503,108.378,108.38,10475
1571616000,108.446,108.502,108.287,108.478,16511
1571630400,108.478,108.552,108.446,108.536,9422
1571644800,108.536,108.662,108.455,108.607,17921
1571659200,108.607,108.62,108.494,108.523,12183
1571673600,108.523,108.602,108.452,108.573,17163
1571688000,108.572,108.641,108.535,108.599,6791
1571702400,108.567,108.726,108.546,108.676,8348
1571716800,108.676,108.712,108.607,108.636,7128
1571731200,108.635,108.645,108.49,108.556,11379
1571745600,108.557,108.628,108.522,108.529,11149
1571760000,108.529,108.602,108.451,108.574,13183
1571774400,108.575,108.59,108.438,108.484,15092
1571788800,108.476,108.51,108.249,108.395,17288
1571803200,108.393,108.42,108.278,108.354,10805
1571817600,108.354,108.429,108.288,108.379,16338
1571832000,108.379,108.538,108.336,108.527,16706
1571846400,108.527,108.703,108.508,108.685,16741
1571860800,108.684,108.697,108.619,108.689,6547
1571875200,108.672,108.689,108.592,108.641,10512
1571889600,108.641,108.641,108.574,108.599,7255
1571904000,108.598,108.752,108.591,108.687,17311
1571918400,108.686,108.705,108.509,108.608,13056
1571932800,108.609,108.648,108.494,108.58,20686
1571947200,108.579,108.66,108.536,108.63,6862
1571961600,108.576,108.705,108.56,108.653,9649
1571976000,108.654,108.694,108.625,108.653,7281
1571990400,108.652,108.689,108.558,108.576,10703
1572004800,108.576,108.651,108.509,108.553,10412
1572019200,108.553,108.772,108.515,108.76,17438
1572033600,108.761,108.769,108.656,108.666,6288
1572220800,108.71,108.785,108.664,108.753,7895
1572235200,108.754,108.791,108.729,108.729,4361
1572249600,108.728,108.762,108.657,108.693,10834
1572264000,108.693,108.936,108.68,108.926,13176
1572278400,108.926,109.038,108.865,108.934,11641
1572292800,108.933,109.01,108.909,108.953,8154
1572307200,108.98,109.068,108.955,108.97,9222
1572321600,108.969,109.0,108.956,108.986,4521
1572336000,108.986,109.003,108.832,108.869,9529
1572350400,108.869,108.981,108.853,108.933,11846
1572364800,108.931,108.98,108.75,108.916,13389
1572379200,108.916,108.927,108.811,108.884,6268
1572393600,108.87,108.886,108.81,108.854,8792
1572408000,108.854,108.873,108.816,108.855,5607
1572422400,108.855,108.876,108.812,108.851,9723
1572436800,108.85,108.973,108.818,108.907,12379
1572451200,108.907,108.925,108.789,108.854,12497
1572465600,108.854,109.285,108.719,108.852,20861
1572480000,108.848,108.878,108.584,108.653,12315
1572494400,108.653,108.75,108.602,108.685,11149
1572508800,108.686,108.723,108.265,108.298,16144
1572523200,108.297,108.329,108.1,108.106,15080
1572537600,108.107,108.217,107.925,107.981,18818
1572552000,107.98,108.049,107.948,108.022,6784
1572566400,108.022,108.051,107.885,108.029,9293
1572580800,108.029,108.056,107.969,107.975,5860
1572595200,107.975,108.066,107.928,108.043,7882
1572609600,108.044,108.259,107.921,108.087,15240
1572624000,108.087,108.323,107.915,108.245,16798
1572638400,108.246,108.28,108.143,108.171,4618
1572825600,108.231,108.247,108.166,108.216,8438
1572840000,108.216,108.241,108.209,108.238,2983
1572854400,108.239,108.433,108.233,108.372,9131
1572868800,108.372,108.466,108.365,108.449,9081
1572883200,108.449,108.617,108.413,108.586,9655
1572897600,108.586,108.648,108.562,108.575,5881
1572912000,108.564,108.779,108.534,108.731,15670
1572926400,108.731,108.826,108.723,108.771,8386
1572940800,108.77,108.896,108.747,108.853,11901
1572955200,108.853,108.932,108.797,108.922,10000
1572969600,108.923,109.238,108.808,109.124,17892
1572984000,109.123,109.241,109.097,109.168,6799
1572998400,109.162,109.184,109.004,109.068,10209
1573012800,109.068,109.089,109.014,109.061,6442
1573027200,109.062,109.071,108.907,108.953,12100
1573041600,108.953,109.043,108.931,108.962,9170
1573056000,108.963,109.138,108.816,108.901,15159
1573070400,108.901,109.016,108.846,108.976,10347
1573084800,108.948,108.971,108.763,108.812,12320
1573099200,108.812,108.812,108.646,108.759,8403
1573113600,108.759,109.123,108.704,109.059,19823
1573128000,109.061,109.197,109.058,109.171,16102
1573142400,109.17,109.486,109.122,109.468,19549
1573156800,109.469,109.486,109.155,109.279,13302
1573171200,109.299,109.407,109.22,109.223,13529
1573185600,109.222,109.273,109.146,109.251,8604
1573200000,109.252,109.35,109.233,109.344,13411
1573214400,109.346,109.475,109.28,109.345,13530
1573228800,109.345,109.359,109.076,109.186,16916
1573243200,109.186,109.246,109.145,109.209,6418
1573430400,109.194,109.253,109.088,109.142,8396
1573444800,109.143,109.146,108.997,109.021,5862
1573459200,109.021,109.023,108.914,108.965,9714
1573473600,108.965,108.997,108.895,108.965,7140
1573488000,108.965,109.108,108.965,109.019,7492
1573502400,109.02,109.069,108.976,109.041,3298
1573516800,109.045,109.182,108.979,109.14,11179
1573531200,109.141,109.214,109.119,109.207,6242
1573545600,109.206,109.292,109.14,109.163,12455
1573560000,109.163,109.242,109.125,109.13,9289
1573574400,109.129,109.241,109.038,109.088,13075
1573588800,109.088,109.115,108.922,109.025,9929
1573603200,109.014,109.033,108.868,108.955,9613
1573617600,108.956,109.097,108.933,109.09,7950
1573632000,109.09,109.149,108.857,108.897,12472
1573646400,108.896,108.969,108.749,108.787,13056
1573660800,108.787,108.851,108.662,108.846,13497
1573675200,108.846,108.852,108.654,108.809,10347
1573689600,108.775,108.863,108.72,108.826,9023
1573704000,108.828,108.828,108.625,108.734,10510
1573718400,108.734,108.772,108.563,108.592,14805
1573732800,108.592,108.701,108.565,108.605,11743
1573747200,108.606,108.697,108.262,108.338,15886
1573761600,108.339,108.45,108.239,108.401,7946
1573776000,108.394,108.624,108.371,108.566,13362
1573790400,108.565,108.627,108.542,108.587,6385
1573804800,108.586,108.692,108.48,108.684,9274
1573819200,108.684,108.776,108.624,108.675,11005
1573833600,108.676,108.855,108.639,108.776,12416
1573848000,108.774,108.847,108.753,108.761,4543
1574035200,108.775,108.844,108.666,108.834,10597
1574049600,108.833,108.854,108.785,108.817,6522
1574064000,108.817,109.007,108.795,108.999,12875
1574078400,108.999,109.072,108.703,108.785,12712
1574092800,108.786,108.786,108.511,108.585,15620
1574107200,108.585,108.683,108.555,108.673,4277
1574121600,108.669,108.696,108.459,108.586,19046
1574136000,108.587,108.7,108.562,108.623,6869
1574150400,108.623,108.803,108.585,108.773,12561
1574164800,108.772,108.836,108.649,108.692,8721
1574179200,108.692,108.74,108.451,108.5,15900
1574193600,108.5,108.562,108.468,108.538,5624
1574208000,108.534,108.582,108.356,108.447,16463
1574222400,108.446,108.535,108.41,108.522,7835
1574236800,108.522,108.57,108.345,108.424,14159
1574251200,108.424,108.579,108.377,108.53,10828
1574265600,108.531,108.738,108.437,108.534,18616
1574280000,108.534,108.649,108.409,108.612,16555
1574294400,108.563,108.603,108.277,108.314,16916
1574308800,108.316,108.601,108.305,108.573,17137
1574323200,108.573,108.672,108.455,108.527,15457
1574337600,108.528,108.696,108.523,108.553,17542
1574352000,108.553,108.666,108.503,108.608,17785
1574366400,108.61,108.672,108.575,108.604,6635
1574380800,108.604,108.708,108.562,108.685,14481
1574395200,108.684,108.69,108.61,108.617,6563
1574409600,108.618,108.7,108.53,108.54,15421
1574424000,108.541,108.619,108.475,108.598,9820
1574438400,108.599,108.73,108.56,108.674,14575
1574452800,108.674,108.674,108.588,108.643,5855
1574640000,108.599,108.801,108.599,108.766,12598
1574654400,108.765,108.861,108.733,108.861,6742
1574668800,108.861,108.895,108.814,108.854,10249
1574683200,108.855,108.953,108.834,108.901,7835
1574697600,108.9,108.972,108.814,108.962,10187
1574712000,108.962,108.978,108.908,108.923,4965
1574726400,108.908,109.208,108.887,109.082,15470
1574740800,109.081,109.083,108.93,108.964,9799
1574755200,108.963,108.984,108.873,108.954,11070
1574769600,108.954,108.997,108.918,108.96,8704
1574784000,108.959,109.139,108.921,109.075,14303
1574798400,109.075,109.126,109.016,109.065,6225
1574812800,109.022,109.151,109.003,109.126,9196
1574827200,109.126,109.174,109.092,109.156,5290
1574841600,109.156,109.196,109.14,109.166,7723
1574856000,109.167,109.253,109.106,109.227,9716
1574870400,109.226,109.428,109.206,109.424,14648
1574884800,109.424,109.607,109.424,109.525,6995
1574899200,109.547,109.554,109.33,109.44,12982
1574913600,109.439,109.487,109.411,109.425,4888
1574928000,109.426,109.485,109.372,109.424,7922
1574942400,109.425,109.513,109.424,109.507,4822
1574956800,109.506,109.546,109.506,109.514,2979
1574971200,109.516,109.532,109.494,109.495,6542
1574985600,109.503,109.601,109.451,109.472,10080
1575000000,109.472,109.503,109.454,109.476,5620
1575014400,109.476,109.581,109.467,109.561,7532
1575028800,109.561,109.667,109.539,109.638,7750
1575043200,109.639,109.644,109.403,109.403,12877
1575057600,109.402,109.493,109.396,109.468,10823
1575244800,109.512,109.714,109.474,109.687,10943
1575259200,109.687,109.727,109.614,109.637,4609
1575273600,109.637,109.704,109.561,109.646,9734
1575288000,109.647,109.652,109.478,109.531,10017
1575302400,109.53,109.61,108.991,109.035,24680
1575316800,109.034,109.066,108.923,108.969,7697
1575331200,108.959,109.144,108.949,109.084,12018
1575345600,109.084,109.206,109.066,109.175,6305
1575360000,109.175,109.189,108.976,109.029,11218
1575374400,109.03,109.074,108.692,108.716,19017
1575388800,108.717,108.74,108.482,108.528,28986
1575403200,108.527,108.646,108.524,108.635,6779
1575417600,108.602,108.679,108.485,108.544,12808
1575432000,108.545,108.623,108.501,108.61,6769
1575446400,108.61,108.792,108.425,108.739,20990
1575460800,108.739,108.768,108.548,108.631,15442
1575475200,108.631,108.893,108.615,108.862,18646
1575489600,108.861,108.961,108.848,108.869,5270
1575504000,108.851,108.932,108.795,108.843,11287
1575518400,108.844,108.93,108.774,108.78,5761
1575532800,108.781,108.97,108.78,108.947,12047
1575547200,108.947,108.997,108.778,108.87,10688
1575561600,108.87,108.916,108.654,108.692,15182
1575576000,108.692,108.794,108.664,108.755,7975
1575590400,108.737,108.784,108.662,108.712,8326
1575604800,108.713,108.732,108.651,108.672,4390
1575619200,108.672,108.756,108.574,108.606,9933
1575633600,108.606,108.922,108.472,108.827,13355
1575648000,108.827,108.875,108.559,108.614,16540
1575662400,108.614,108.633,108.523,108.555,5474
1575849600,108.628,108.66,108.541,108.57,8798
1575864000,108.57,108.63,108.562,108.571,3939
1575878400,108.572,108.606,108.429,108.499,6968
1575892800,108.498,108.54,108.437,108.474,6278
1575907200,108.474,108.669,108.462,108.668,8499
1575921600,108.668,108.675,108.542,108.544,5108
1575936000,108.559,108.661,108.538,108.623,7698
1575950400,108.623,108.65,108.597,108.625,4051
1575964800,108.625,108.657,108.549,108.587,8509
1575979200,108.588,108.757,108.512,108.611,13144
1575993600,108.612,108.764,108.53,108.74,16919
1576008000,108.74,108.767,108.697,108.743,5214
1576022400,108.73,108.855,108.664,108.73,11434
1576036800,108.729,108.768,108.716,108.766,3716
1576051200,108.767,108.796,108.665,108.687,9327
1576065600,108.688,108.752,108.654,108.703,7141
1576080000,108.702,108.724,108.635,108.689,9198
1576094400,108.689,108.77,108.463,108.552,12339
1576108800,108.508,108.561,108.455,108.536,7838
1576123200,108.536,108.604,108.524,108.595,4266
1576137600,108.595,108.704,108.582,108.679,6981
1576152000,108.679,108.697,108.558,108.578,11976
1576166400,108.577,109.314,108.56,109.264,36166
1576180800,109.264,109.451,109.204,109.301,18349
1576195200,109.33,109.579,109.159,109.541,26243
1576209600,109.541,109.627,109.509,109.57,10778
1576224000,109.568,109.662,109.549,109.639,15738
1576238400,109.64,109.706,109.457,109.586,15345
1576252800,109.586,109.624,109.204,109.32,39975
1576267200,109.321,109.364,109.282,109.343,6744
1576454400,109.252,109.445,109.252,109.371,10533
1576468800,109.372,109.401,109.358,109.392,5282
1576483200,109.39,109.5,109.365,109.41,11587
1576497600,109.41,109.469,109.391,109.435,5307
1576512000,109.435,109.676,109.417,109.616,8918
1576526400,109.617,109.63,109.551,109.56,4279
1576540800,109.523,109.627,109.49,109.554,7234
1576555200,109.555,109.58,109.513,109.572,4579
1576569600,109.572,109.632,109.546,109.615,8424
1576584000,109.614,109.622,109.525,109.573,8028
1576598400,109.572,109.617,109.451,109.458,9216
1576612800,109.457,109.542,109.442,109.492,4630
1576627200,109.482,109.565,109.451,109.465,6090
1576641600,109.463,109.481,109.412,109.464,5842
1576656000,109.463,109.487,109.397,109.432,8478
1576670400,109.43,109.626,109.426,109.601,7254
1576684800,109.602,109.616,109.485,109.603,8789
1576699200,109.604,109.62,109.543,109.575,3997
1576713600,109.539,109.681,109.52,109.578,10243
1576728000,109.579,109.606,109.559,109.585,4185
1576742400,109.586,109.592,109.549,109.554,8352
1576756800,109.555,109.559,109.356,109.37,8076
1576771200,109.371,109.402,109.191,109.207,8469
1576785600,109.207,109.365,109.18,109.349,4845
1576800000,109.343,109.402,109.291,109.34,5773
1576814400,109.34,109.347,109.301,109.327,4063
1576828800,109.326,109.403,109.253,109.331,7880
1576843200,109.332,109.394,109.282,109.307,6888
1576857600,109.306,109.521,109.306,109.52,8330
1576872000,109.519,109.524,109.439,109.439,4703
1577059200,109.411,109.537,109.395,109.417,8473
1577073600,109.417,109.45,109.377,109.418,3616
1577088000,109.418,109.423,109.343,109.374,5664
1577102400,109.375,109.445,109.365,109.393,5842
1577116800,109.393,109.416,109.337,109.384,5584
1577131200,109.384,109.409,109.349,109.374,6117
1577145600,109.35,109.444,109.336,109.399,8355
1577160000,109.398,109.42,109.378,109.409,3761
1577174400,109.41,109.415,109.365,109.407,6639
1577188800,109.407,109.418,109.388,109.406,5329
1577203200,109.407,109.412,109.324,109.371,5132
1577347200,109.55,109.561,109.54,109.546,1583
1577361600,109.546,109.617,109.536,109.603,5036
1577376000,109.602,109.684,109.588,109.63,4313
1577390400,109.629,109.662,109.603,109.645,7468
1577404800,109.545,109.585,109.43,109.489,21713
1577419200,109.491,109.506,109.446,109.496,5755
1577433600,109.496,109.524,109.456,109.48,12061
1577448000,109.481,109.551,109.459,109.518,8971
1577462400,109.519,109.59,109.442,109.476,7131
1577476800,109.476,109.506,109.388,109.418,4826
1577664000,109.406,109.481,109.309,109.327,8530
1577678400,109.327,109.332,109.066,109.155,8188
1577692800,109.156,109.181,109.105,109.122,7967
1577707200,109.121,109.227,109.105,109.166,8090
1577721600,109.166,109.177,108.766,108.884,13740
1577736000,108.884,108.916,108.806,108.873,5577
1577750400,108.863,108.884,108.658,108.68,8344
1577764800,108.68,108.707,108.623,108.7,4508
1577779200,108.701,108.705,108.589,108.602,6012
1577793600,108.601,108.604,108.497,108.51,7536
1577808000,108.509,108.758,108.468,108.581,14317
1577822400,108.581,108.612,108.581,108.612,78
1577952000,108.784,108.842,108.764,108.837,5926
1577966400,108.838,108.865,108.655,108.692,6455
1577980800,108.691,108.748,108.21,108.526,13262
1577995200,108.525,108.57,108.491,108.554,5044
1578009600,108.532,108.63,108.162,108.202,7214
1578024000,108.203,108.242,107.998,108.121,16893
1578038400,108.121,108.151,107.913,108.066,17983
1578052800,108.066,108.162,107.996,108.156,15573
1578067200,108.156,108.266,107.915,107.966,17903
1578081600,107.966,108.123,107.839,108.089,10507
1578268800,107.887,108.121,107.77,107.946,18268
1578283200,107.946,108.103,107.928,108.058,8588
1578297600,108.058,108.177,107.925,107.983,15765
1578312000,107.983,108.162,107.979,108.119,9902
1578326400,108.118,108.414,108.063,108.347,14354
1578340800,108.345,108.505,108.34,108.371,5711
1578355200,108.318,108.46,108.317,108.432,8168
1578369600,108.431,108.504,108.42,108.435,6084
1578384000,108.434,108.5,108.26,108.466,13984
1578398400,108.466,108.482,108.366,108.437,9033
1578412800,108.436,108.628,108.316,108.544,13374
1578427200,108.544,108.591,108.349,108.459,6569
1578441600,108.438,108.514,107.647,108.03,33123
1578456000,108.031,108.459,108.003,108.304,20087
1578470400,108.306,108.488,108.273,108.446,17749
1578484800,108.446,108.815,108.423,108.669,15070
1578499200,108.67,109.133,108.614,109.095,18685
1578513600,109.095,109.243,108.998,109.13,9399
1578528000,109.091,109.253,109.01,109.236,11214
1578542400,109.236,109.285,109.148,109.272,6524
1578556800,109.274,109.432,109.249,109.432,13025
1578571200,109.43,109.487,109.315,109.43,9100
1578585600,109.431,109.58,109.426,109.508,9992
1578600000,109.509,109.536,109.39,109.518,8529
1578614400,109.494,109.581,109.451,109.54,9984
1578628800,109.541,109.604,109.505,109.561,4731
1578643200,109.562,109.648,109.552,109.639,5906
1578657600,109.639,109.686,109.493,109.649,7344
1578672000,109.649,109.689,109.429,109.478,10504
1578686400,109.478,109.554,109.461,109.461,4493
1578873600,109.509,109.635,109.502,109.599,6505
1578888000,109.599,109.647,109.584,109.635,2835
1578902400,109.634,109.881,109.616,109.848,6934
1578916800,109.848,109.921,109.825,109.847,5648
1578931200,109.847,109.943,109.798,109.915,9191
1578945600,109.916,109.943,109.889,109.937,3400
1578960000,109.921,110.211,109.911,110.064,8886
1578974400,110.065,110.107,110.013,110.058,5220
1578988800,110.059,110.131,109.882,110.017,8414
1579003200,110.018,110.111,109.947,110.005,8062
1579017600,110.005,110.108,109.929,110.093,9959
1579032000,110.094,110.112,109.85,109.996,10318
1579046400,109.946,110.009,109.815,109.949,7229
1579060800,109.949,109.96,109.866,109.917,5187
1579075200,109.918,109.948,109.846,109.867,6704
1579089600,109.867,109.918,109.82,109.83,8518
1579104000,109.83,110.001,109.788,109.885,11133
1579118400,109.885,109.926,109.848,109.897,6803
1579132800,109.88,109.99,109.847,109.927,9153
1579147200,109.93,109.947,109.911,109.944,3041
1579161600,109.944,110.069,109.932,109.999,6507
1579176000,109.999,110.052,109.924,110.012,6445
1579190400,110.012,110.177,109.954,110.148,10576
1579204800,110.147,110.173,110.118,110.159,3968
1579219200,110.154,110.289,110.148,110.179,9315
1579233600,110.179,110.224,110.174,110.196,3821
1579248000,110.197,110.253,110.149,110.176,5647
1579262400,110.177,110.21,110.085,110.186,5623
1579276800,110.185,110.211,110.045,110.138,8955
1579291200,110.138,110.176,110.11,110.134,4879
1579478400,110.072,110.216,110.072,110.182,8331
1579492800,110.182,110.209,110.168,110.179,3520
1579507200,110.18,110.188,110.111,110.166,4015
1579521600,110.165,110.199,110.157,110.182,3142
1579536000,110.183,110.191,110.135,110.18,2321
1579550400,110.181,110.185,110.146,110.176,4816
1579564800,110.163,110.221,109.903,109.946,10832
1579579200,109.947,110.019,109.898,109.935,7031
1579593600,109.936,110.021,109.886,109.954,9255
1579608000,109.956,110.085,109.954,110.061,7294
1579622400,110.061,110.119,109.86,109.917,7948
1579636800,109.917,109.947,109.759,109.871,10124
1579651200,109.841,109.969,109.827,109.901,9526
1579665600,109.901,110.099,109.896,110.039,7532
1579680000,110.039,110.063,109.934,109.961,6398
1579694400,109.962,110.007,109.937,109.952,6436
1579708800,109.95,109.964,109.83,109.869,8777
1579723200,109.87,109.916,109.837,109.839,5483
1579737600,109.827,109.857,109.592,109.643,9629
1579752000,109.643,109.681,109.559,109.58,6622
1579766400,109.581,109.624,109.487,109.529,9954
1579780800,109.53,109.65,109.498,109.527,7527
1579795200,109.527,109.575,109.264,109.354,15891
1579809600,109.354,109.535,109.35,109.489,6934
1579824000,109.47,109.576,109.438,109.471,5425
1579838400,109.47,109.548,109.444,109.546,3505
1579852800,109.546,109.652,109.507,109.569,8322
1579867200,109.567,109.627,109.52,109.533,6035
1579881600,109.533,109.559,109.245,109.318,15096
1579896000,109.317,109.325,109.17,109.254,12675
1580083200,108.954,109.042,108.729,108.976,19406
1580097600,108.977,109.121,108.874,109.046,6742
1580112000,109.047,109.137,108.845,108.893,12468
1580126400,108.893,109.061,108.826,109.025,12917
1580140800,109.025,109.096,108.851,109.006,20301
1580155200,109.006,109.064,108.863,108.901,9207
1580169600,108.881,109.046,108.818,109.027,7603
1580184000,109.027,109.042,108.946,109.027,5097
1580198400,109.028,109.098,108.754,108.824,12755
1580212800,108.824,109.091,108.773,109.027,11523
1580227200,109.028,109.202,108.926,109.129,13603
1580241600,109.128,109.174,109.1,109.142,6862
1580256000,109.129,109.262,109.073,109.197,9436
1580270400,109.197,109.23,109.126,109.126,4577
1580284800,109.126,109.155,109.007,109.026,8658
1580299200,109.025,109.162,109.025,109.146,6735
1580313600,109.147,109.185,108.974,109.151,11658
1580328000,109.152,109.257,108.996,109.017,10469
1580342400,108.957,109.063,108.898,108.949,17073
1580356800,108.949,108.955,108.843,108.919,9869
1580371200,108.919,108.977,108.806,108.901,13883
1580385600,108.902,108.952,108.765,108.898,13043
1580400000,108.897,109.009,108.582,108.604,18471
1580414400,108.605,108.996,108.587,108.929,18606
1580428800,108.924,109.134,108.876,109.052,10233
1580443200,109.053,109.125,109.025,109.071,6987
1580457600,109.072,109.085,108.924,108.967,9487
1580472000,108.967,108.988,108.825,108.85,12234
1580486400,108.85,108.887,108.31,108.423,25855
1580500800,108.421,108.454,108.306,108.325,15881
1580688000,108.396,108.58,108.311,108.561,15900
1580702400,108.561,108.57,108.472,108.528,10090
1580716800,108.528,108.698,108.462,108.506,14638
1580731200,108.505,108.576,108.417,108.54,8605
1580745600,108.539,108.797,108.482,108.663,17690
1580760000,108.662,108.742,108.587,108.666,8723
1580774400,108.655,108.714,108.548,108.7,11572
1580788800,108.7,108.854,108.612,108.813,8607
1580803200,108.813,109.13,108.788,109.085,12024
1580817600,109.084,109.198,108.975,109.183,9200
1580832000,109.184,109.467,109.128,109.46,14336
1580846400,109.461,109.543,109.429,109.52,6861
1580860800,109.431,109.515,109.365,109.484,9029
1580875200,109.484,109.491,109.403,109.431,6118
1580889600,109.43,109.719,109.302,109.695,17701
1580904000,109.696,109.807,109.544,109.774,13789
1580918400,109.774,109.844,109.646,109.763,15816
1580932800,109.762,109.844,109.736,109.823,6226
1580947200,109.773,109.905,109.679,109.831,9716
1580961600,109.832,109.98,109.831,109.908,7192
1580976000,109.907,109.969,109.792,109.848,8944
1580990400,109.848,109.932,109.78,109.881,7409
1581004800,109.882,109.987,109.818,109.97,13297
1581019200,109.97,110.002,109.942,109.993,4481
1581033600,109.985,110.02,109.812,109.912,9496
1581048000,109.913,109.936,109.872,109.882,6104
1581062400,109.883,109.993,109.779,109.781,9871
1581076800,109.781,110.006,109.669,109.773,10920
1581091200,109.773,109.842,109.531,109.807,15063
1581105600,109.806,109.827,109.7,109.767,6717
1581292800,109.671,109.81,109.561,109.782,13760
1581307200,109.783,109.878,109.727,109.775,8777
1581321600,109.775,109.851,109.722,109.727,10076
1581336000,109.726,109.812,109.703,109.74,8726
1581350400,109.741,109.799,109.64,109.686,9904
1581364800,109.686,109.775,109.661,109.773,4496
1581379200,109.743,109.855,109.739,109.847,9437
1581393600,109.848,109.906,109.832,109.896,3054
1581408000,109.895,109.946,109.832,109.864,7176
1581422400,109.865,109.892,109.75,109.782,6874
1581436800,109.782,109.965,109.747,109.817,11526
1581451200,109.814,109.837,109.726,109.785,5873
1581465600,109.774,109.885,109.763,109.869,10753
1581480000,109.871,109.892,109.817,109.857,4421
1581494400,109.857,110.133,109.846,109.991,9175
1581508800,109.991,110.037,109.919,109.982,5618
1581523200,109.983,110.079,109.979,110.037,9260
1581537600,110.037,110.118,109.988,110.096,4438
1581552000,110.057,110.092,109.802,109.947,17976
1581566400,109.948,109.98,109.823,109.826,5767
1581580800,109.825,109.85,109.716,109.736,9580
1581595200,109.736,109.792,109.618,109.751,10975
1581609600,109.752,109.867,109.646,109.769,14122
1581624000,109.767,109.849,109.741,109.829,6543
1581638400,109.801,109.872,109.729,109.814,10449
1581652800,109.814,109.911,109.778,109.797,5710
1581667200,109.797,109.838,109.748,109.803,6992
1581681600,109.803,109.88,109.737,109.778,6187
1581696000,109.779,109.815,109.698,109.733,8573
1581710400,109.734,109.796,109.698,109.77,4811
1581897600,109.789,109.839,109.719,109.835,10519
1581912000,109.836,109.852,109.802,109.839,4408
1581926400,109.84,109.877,109.817,109.871,5321
1581940800,109.87,109.894,109.859,109.872,3307
1581955200,109.872,109.961,109.863,109.924,3222
1581969600,109.923,109.95,109.856,109.868,3256
1581984000,109.856,109.874,109.7,109.771,12196
1581998400,109.772,109.796,109.658,109.754,5918
1582012800,109.755,109.797,109.662,109.723,8831
1582027200,109.722,109.803,109.685,109.779,7488
1582041600,109.779,109.947,109.768,109.869,11718
1582056000,109.868,109.906,109.828,109.866,4318
1582070400,109.868,109.982,109.848,109.97,7692
1582084800,109.971,110.114,109.971,110.051,5583
1582099200,110.051,110.249,110.022,110.236,8089
1582113600,110.236,110.801,110.216,110.655,9434
1582128000,110.656,111.324,110.652,111.256,13129
1582142400,111.255,111.592,111.227,111.34,7550
1582156800,111.311,111.367,111.112,111.245,10399
1582171200,111.244,111.493,111.233,111.394,12104
1582185600,111.395,112.02,111.383,111.973,15341
1582200000,111.974,112.188,111.834,112.0,15047
1582214400,112.0,112.228,111.699,112.021,21021
1582228800,112.021,112.18,111.992,112.113,9365
1582243200,112.063,112.187,111.948,112.006,15570
1582257600,112.006,112.07,111.923,111.952,9141
1582272000,111.955,111.993,111.486,111.699,16235
1582286400,111.699,112.032,111.698,111.845,10470
1582300800,111.844,111.937,111.472,111.661,20043
1582315200,111.661,111.706,111.516,111.589,8054
1582502400,111.389,111.683,111.378,111.588,15699
1582516800,111.589,111.633,111.438,111.575,7430
1582531200,111.576,111.613,111.24,111.314,19285
1582545600,111.314,111.428,111.196,111.304,14892
1582560000,111.304,111.308,110.342,110.37,27239
1582574400,110.37,110.818,110.332,110.716,14461
1582588800,110.657,111.041,110.631,110.943,22073
1582603200,110.943,110.957,110.778,110.804,12768
1582617600,110.806,110.871,110.377,110.383,21706
1582632000,110.383,110.714,110.349,110.602,18702
1582646400,110.602,110.618,110.003,110.027,32443
1582660800,110.027,110.208,109.889,110.199,26814
1582675200,110.141,110.368,110.133,110.223,19378
1582689600,110.222,110.579,110.173,110.373,15676
1582704000,110.373,110.523,110.13,110.299,27148
1582718400,110.3,110.598,110.297,110.467,24953
1582732800,110.467,110.701,110.242,110.454,26557
1582747200,110.454,110.492,110.175,110.417,24721
1582761600,110.369,110.456,110.186,110.341,24977
1582776000,110.34,110.343,109.966,110.05,17694
1582790400,110.049,110.225,109.848,110.163,28197
1582804800,110.164,110.243,109.767,109.873,22415
1582819200,109.873,110.347,109.693,110.172,41512
1582833600,110.174,110.226,109.563,109.572,26071
1582848000,109.564,109.681,109.326,109.409,25075
1582862400,109.409,109.446,108.81,108.886,27386
1582876800,108.886,109.063,108.51,108.681,37596
1582891200,108.682,108.869,108.455,108.522,29688
1582905600,108.522,108.691,107.752,108.156,48298
1582920000,108.157,108.341,107.508,108.027,34759
1583107200,107.621,108.042,107.364,107.905,23788
1583121600,107.905,108.37,107.789,108.266,20474
1583136000,108.265,108.577,107.742,107.836,29782
1583150400,107.836,107.87,107.518,107.683,27480
1583164800,107.688,108.138,107.401,107.755,40597
1583179200,107.756,108.473,107.691,108.327,21570
1583193600,108.274,108.536,107.996,108.087,14336
1583208000,108.087,108.19,107.66,107.763,15575
1583222400,107.763,108.137,107.692,107.976,20517
1583236800,107.977,108.074,107.595,107.752,23481
1583251200,107.752,107.898,107.151,107.338,45040
1583265600,107.336,107.351,106.931,107.122,36959
1583280000,107.092,107.518,106.847,107.304,29625
1583294400,107.304,107.473,107.189,107.398,15420
1583308800,107.398,107.69,107.326,107.42,21715
1583323200,107.419,107.664,107.415,107.476,18182
1583337600,107.476,107.541,107.139,107.423,32267
1583352000,107.423,107.571,107.298,107.523,15990
1583366400,107.488,107.741,107.386,107.452,14572
1583380800,107.453,107.456,107.263,107.381,7751
1583395200,107.381,107.386,106.914,106.946,16678
1583409600,106.944,107.032,106.795,106.832,20113
1583424000,106.832,106.944,106.246,106.264,28150
1583438400,106.263,106.515,105.967,106.163,24232
1583452800,106.149,106.343,105.909,105.955,14603
1583467200,105.954,106.012,105.754,105.82,16012
1583481600,105.819,106.063,105.116,105.171,25787
1583496000,105.173,105.486,104.992,105.287,39243
1583510400,105.287,105.737,105.02,105.474,50867
1583524800,105.475,105.56,105.158,105.361,31263
1583712000,104.429,104.592,101.584,102.231,35984
1583726400,102.234,103.063,101.531,102.589,34166
1583740800,102.593,102.805,101.803,102.521,34926
1583755200,102.521,102.656,101.18,102.449,33116
1583769600,102.45,102.6,101.969,102.169,46018
1583784000,102.169,102.563,101.966,102.266,36925
1583798400,102.266,103.677,102.006,103.291,35712
1583812800,103.291,105.015,103.054,104.703,32723
1583827200,104.701,104.809,103.72,104.621,37503
1583841600,104.62,105.216,103.829,104.476,37404
1583856000,104.476,104.667,103.214,104.379,50859
1583870400,104.38,105.918,104.235,105.236,35247
1583884800,105.318,105.377,104.657,104.76,24258
1583899200,104.761,105.011,104.092,104.153,20431
1583913600,104.151,105.329,104.151,105.047,38119
1583928000,105.046,105.11,104.371,104.611,33343
1583942400,104.611,105.132,104.433,104.746,35338
1583956800,104.745,104.816,104.23,104.448,26941
1583971200,104.42,104.802,103.331,103.485,28857
1583985600,103.487,104.281,103.079,103.832,23624
1584000000,103.833,104.039,103.507,103.844,34991
1584014400,103.842,104.721,103.512,104.717,34063
1584028800,104.725,106.1,104.611,105.384,59684
1584043200,105.385,105.495,104.566,104.827,29549
1584057600,104.824,105.199,104.503,105.028,35710
1584072000,105.028,106.006,104.894,105.588,43505
1584086400,105.589,106.277,105.315,106.262,35218
1584100800,106.262,107.495,106.194,106.816,38046
1584115200,106.815,107.996,106.734,107.656,60597
1584129600,107.655,108.5,107.381,107.943,26048
1584316800,106.972,107.357,105.719,107.343,48642
1584331200,107.337,107.566,106.33,106.476,25206
1584345600,106.476,106.737,105.788,105.929,30929
1584360000,105.93,106.083,105.144,105.77,43179
1584374400,105.772,106.474,105.583,105.952,53120
1584388800,105.952,106.442,105.743,105.879,40183
1584403200,105.866,107.192,105.862,106.692,56196
1584417600,106.692,106.749,106.162,106.42,63989
1584432000,106.418,107.035,106.228,106.572,54784
1584446400,106.572,107.144,106.529,106.863,56348
1584460800,106.865,107.666,106.803,107.394,64040
1584475200,107.394,107.864,107.376,107.61,22438
1584489600,107.604,107.66,107.09,107.262,55648
1584504000,107.262,107.308,106.942,107.034,44484
1584518400,107.036,107.607,106.753,107.322,46758
1584532800,107.321,108.094,107.086,107.956,46193
1584547200,107.955,108.655,107.731,108.435,57172
1584561600,108.435,108.543,107.743,107.937,37481
1584576000,108.005,109.054,107.985,108.788,46198
1584590400,108.789,109.557,108.759,108.839,46819
1584604800,108.84,109.233,108.449,109.143,60781
1584619200,109.141,110.007,108.971,109.981,51052
1584633600,109.982,110.381,109.617,110.377,59345
1584648000,110.377,110.954,110.319,110.851,39468
1584662400,110.815,111.36,110.101,110.413,34819
1584676800,110.415,110.518,109.77,110.029,26474
1584691200,110.031,110.281,109.328,110.258,41782
1584705600,110.257,110.99,109.826,110.94,37894
1584720000,110.939,111.506,110.556,110.945,60714
1584734400,110.945,111.498,110.69,110.771,41125
1584921600,110.783,111.249,110.136,110.373,38792
1584936000,110.374,110.391,109.791,109.884,25495
1584950400,109.885,110.738,109.665,110.487,31481
1584964800,110.487,110.884,109.811,110.6,54092
1584979200,110.601,111.599,110.585,111.223,51755
1584993600,111.223,111.569,111.011,111.228,33679
1585008000,111.224,111.232,110.261,110.347,40050
1585022400,110.347,110.574,110.078,110.392,26947
1585036800,110.392,110.942,110.235,110.417,34098
1585051200,110.417,111.186,110.292,111.18,63746
1585065600,111.179,111.628,111.092,111.463,64785
1585080000,111.463,111.713,111.147,111.32,36950
1585094400,111.297,111.362,110.749,110.818,36352
1585108800,110.818,111.491,110.785,111.234,40070
1585123200,111.234,111.567,111.13,111.411,50865
1585137600,111.41,111.644,111.063,111.597,61472
1585152000,111.596,111.68,111.134,111.159,45309
1585166400,111.158,111.364,111.074,111.14,34477
1585180800,111.122,111.24,110.455,110.648,49853
1585195200,110.649,110.857,110.542,110.621,37211
1585209600,110.62,110.746,109.809,110.044,43937
1585224000,110.046,110.171,109.373,109.666,58429
1585238400,109.665,110.082,109.349,109.504,50822
1585252800,109.499,109.691,109.206,109.404,33378
1585267200,109.411,109.467,108.492,108.655,39592
1585281600,108.655,108.712,108.238,108.448,25115
1585296000,108.45,109.069,108.32,108.84,38198
1585310400,108.84,108.951,108.413,108.474,47240
1585324800,108.476,108.546,107.866,108.002,41528
1585339200,108.003,108.009,107.75,107.918,18592
1585526400,107.625,107.971,107.362,107.51,26696
1585540800,107.511,107.705,107.121,107.603,22629
1585555200,107.603,108.246,107.578,107.627,35444
1585569600,107.626,108.295,107.495,108.27,26600
1585584000,108.269,108.286,107.652,107.914,41479
1585598400,107.914,108.105,107.745,107.81,20014
1585612800,107.668,108.722,107.668,108.527,19620
1585627200,108.528,108.705,108.182,108.258,30583
1585641600,108.257,108.612,108.094,108.512,31674
1585656000,108.513,108.727,108.256,108.406,32375
1585670400,108.406,108.486,107.459,107.773,46916
1585684800,107.773,107.933,107.476,107.561,32921
1585699200,107.502,107.761,107.253,107.488,18241
1585713600,107.487,107.939,107.426,107.759,20563
1585728000,107.76,107.813,107.281,107.473,35809
1585742400,107.473,107.669,107.296,107.39,26755
1585756800,107.39,107.472,106.997,107.082,32543
1585771200,107.082,107.326,106.917,107.163,18922
1585785600,107.114,107.484,107.038,107.413,17697
1585800000,107.412,107.571,107.296,107.483,16997
1585814400,107.483,107.483,107.143,107.307,21864
1585828800,107.306,107.446,107.014,107.189,22613
1585843200,107.188,108.095,107.125,107.965,43457
1585857600,107.967,108.0,107.808,107.865,25007
1585872000,107.819,108.198,107.794,108.063,13842
1585886400,108.064,108.121,107.799,107.978,16240
1585900800,107.979,108.294,107.824,108.263,20347
1585915200,108.262,108.596,108.248,108.586,28183
1585929600,108.585,108.677,108.356,108.485,29911
1585944000,108.484,108.56,108.185,108.353,16317
1586131200,108.338,109.086,108.338,108.934,23153
1586145600,108.936,109.047,108.748,108.934,22529
1586160000,108.935,109.382,108.855,109.188,26319
1586174400,109.188,109.267,108.843,109.037,19922
1586188800,109.037,109.193,108.963,109.018,21179
1586203200,109.019,109.251,108.931,109.229,12638
1586217600,109.195,109.273,108.936,109.013,16765
1586232000,109.013,109.086,108.672,108.763,19678
1586246400,108.76,108.974,108.718,108.871,24226
1586260800,108.871,109.145,108.821,108.996,21407
1586275200,108.996,109.08,108.821,108.835,25866
1586289600,108.836,108.989,108.72,108.773,18434
1586304000,108.763,108.837,108.505,108.623,15360
1586318400,108.622,108.965,108.585,108.89,19368
1586332800,108.889,109.004,108.741,108.877,19858
1586347200,108.876,108.94,108.781,108.931,13924
1586361600,108.93,109.102,108.597,108.638,21241
1586376000,108.637,108.913,108.614,108.816,12756
1586390400,108.795,109.046,108.782,109.011,10620
1586404800,109.011,109.063,108.893,108.994,14295
1586419200,108.994,109.0,108.851,108.892,13872
1586433600,108.892,108.917,108.726,108.834,16353
1586448000,108.836,108.853,108.325,108.382,28498
1586462400,108.381,108.509,108.206,108.472,19863
1586476800,108.4,108.587,108.391,108.56,10494
1586491200,108.559,108.56,108.327,108.425,11429
1586505600,108.425,108.455,108.325,108.384,7832
1586520000,108.384,108.475,108.368,108.459,7839
1586534400,108.459,108.475,108.345,108.361,8137
1586548800,108.361,108.436,108.348,108.395,4650
1586736000,108.362,108.52,108.204,108.216,14564
1586750400,108.216,108.233,107.854,107.891,12848
1586764800,107.891,108.027,107.791,107.951,12584
1586779200,107.95,108.088,107.839,107.903,11446
1586793600,107.902,107.936,107.553,107.577,16343
1586808000,107.578,107.761,107.5,107.752,9278
1586822400,107.728,107.751,107.536,107.603,7795
1586836800,107.603,107.759,107.557,107.693,9633
1586851200,107.693,107.756,107.557,107.561,10345
1586865600,107.561,107.571,107.238,107.369,12978
1586880000,107.37,107.448,107.046,107.087,16955
1586894400,107.087,107.233,106.981,107.204,10375
1586908800,107.123,107.2,106.927,107.123,7513
1586923200,107.123,107.202,107.007,107.076,8993
1586937600,107.076,107.513,106.992,107.451,15031
1586952000,107.451,107.61,107.265,107.549,15848
1586966400,107.549,107.87,107.345,107.37,24925
1586980800,107.369,107.596,107.249,107.428,12546
1586995200,107.356,107.748,107.288,107.696,9899
1587009600,107.696,108.082,107.696,107.926,11985
1587024000,107.924,107.975,107.693,107.707,14520
1587038400,107.707,107.831,107.414,107.506,14930
1587052800,107.508,107.836,107.164,107.719,28447
1587067200,107.72,107.897,107.578,107.89,13381
1587081600,107.897,108.086,107.793,107.855,20397
1587096000,107.856,107.897,107.648,107.727,11134
1587110400,107.727,107.881,107.626,107.78,15919
1587124800,107.781,107.932,107.356,107.439,17173
1587139200,107.439,107.655,107.299,107.598,22044
1587153600,107.599,107.664,107.424,107.512,10710
1587340800,107.424,107.89,107.412,107.86,8100
1587355200,107.861,107.891,107.749,107.822,8116
1587369600,107.821,107.949,107.686,107.694,12156
1587384000,107.695,107.861,107.595,107.746,10467
1587398400,107.745,107.842,107.612,107.67,14845
1587412800,107.67,107.796,107.608,107.612,8205
1587427200,107.604,107.794,107.563,107.735,8938
1587441600,107.737,107.772,107.481,107.523,15198
1587456000,107.524,107.546,107.306,107.359,13391
1587470400,107.359,107.567,107.281,107.547,13360
1587484800,107.546,107.827,107.524,107.781,23507
1587499200,107.781,107.893,107.711,107.753,10785
1587513600,107.7,107.869,107.625,107.824,9740
1587528000,107.825,107.839,107.569,107.621,12470
1587542400,107.621,107.695,107.514,107.589,13637
1587556800,107.588,107.758,107.565,107.723,9291
1587571200,107.724,107.938,107.716,107.811,14302
1587585600,107.811,107.826,107.698,107.746,5827
1587600000,107.717,107.865,107.661,107.783,9046
1587614400,107.782,107.82,107.706,107.778,7853
1587628800,107.778,107.849,107.536,107.636,13203
1587643200,107.635,107.665,107.373,107.407,12533
1587657600,107.407,108.042,107.346,107.519,27925
1587672000,107.518,107.669,107.4,107.61,12577
1587686400,107.563,107.759,107.521,107.72,12208
1587700800,107.721,107.725,107.569,107.641,8989
1587715200,107.64,107.737,107.597,107.692,10497
1587729600,107.693,107.724,107.567,107.605,11629
1587744000,107.606,107.622,107.391,107.458,15232
1587758400,107.458,107.517,107.368,107.449,7770
1587945600,107.58,107.624,107.405,107.574,7428
1587960000,107.573,107.604,107.211,107.271,12489
1587974400,107.271,107.306,107.046,107.192,11987
1587988800,107.191,107.233,107.033,107.082,8688
1588003200,107.082,107.355,106.993,107.294,15644
1588017600,107.293,107.3,107.192,107.247,7983
1588032000,107.15,107.312,107.15,107.294,13608
1588046400,107.295,107.339,107.237,107.272,8962
1588060800,107.271,107.291,106.997,107.046,10831
1588075200,107.044,107.066,106.561,106.639,17958
1588089600,106.638,106.972,106.617,106.874,17749
1588104000,106.873,106.894,106.819,106.858,6982
1588118400,106.834,106.894,106.572,106.587,10240
1588132800,106.587,106.637,106.51,106.548,6894
1588147200,106.548,106.605,106.359,106.512,11158
1588161600,106.512,106.768,106.445,106.656,12063
1588176000,106.656,106.763,106.522,106.684,14584
1588190400,106.684,106.752,106.555,106.621,13776
1588204800,106.54,106.877,106.516,106.787,7003
1588219200,106.788,106.818,106.456,106.524,9926
1588233600,106.524,106.73,106.406,106.666,12168
1588248000,106.667,106.717,106.474,106.604,12413
1588262400,106.604,107.22,106.447,106.929,37516
1588276800,106.928,107.499,106.894,107.154,16001
1588291200,107.093,107.405,107.021,107.202,11330
1588305600,107.201,107.244,107.081,107.094,9844
1588320000,107.094,107.142,106.853,106.865,11684
1588334400,106.866,106.892,106.613,106.646,10784
1588348800,106.647,107.078,106.605,106.781,20135
1588363200,106.781,106.935,106.752,106.899,9905
1588550400,106.782,106.943,106.669,106.732,7708
1588564800,106.734,106.777,106.667,106.721,7542
1588579200,106.722,106.829,106.692,106.755,10370
1588593600,106.755,106.913,106.716,106.87,9545
1588608000,106.87,107.069,106.792,106.832,14841
1588622400,106.832,106.861,106.633,106.712,9347
1588636800,106.708,106.766,106.509,106.552,6327
1588651200,106.553,106.657,106.514,106.606,4513
1588665600,106.605,106.813,106.569,106.781,11783
1588680000,106.781,106.894,106.64,106.691,12151
1588694400,106.689,106.718,106.467,106.505,16747
1588708800,106.505,106.575,106.417,106.529,6530
1588723200,106.429,106.621,106.205,106.269,11705
1588737600,106.27,106.394,106.24,106.343,5783
1588752000,106.344,106.436,106.238,106.362,10259
1588766400,106.361,106.374,106.062,106.181,11969
1588780800,106.182,106.205,106.007,106.01,15530
1588795200,106.01,106.15,105.986,106.099,7464
1588809600,106.075,106.278,105.99,106.218,8815
1588824000,106.217,106.297,106.136,106.228,6753
1588838400,106.227,106.426,106.201,106.395,10603
1588852800,106.395,106.61,106.357,106.48,11858
1588867200,106.481,106.655,106.249,106.312,18609
1588881600,106.312,106.336,106.217,106.257,8683
1588896000,106.251,106.459,106.251,106.318,11371
1588910400,106.318,106.449,106.22,106.423,9672
1588924800,106.424,106.462,106.299,106.355,7777
1588939200,106.354,106.697,106.265,106.667,11713
1588953600,106.667,106.728,106.389,106.613,16404
1588968000,106.614,106.747,106.555,106.635,6229
1589155200,106.5,107.005,106.482,106.974,9443
1589169600,106.974,107.012,106.775,106.949,7818
1589184000,106.949,107.282,106.885,107.229,10961
1589198400,107.229,107.417,107.194,107.405,10409
1589212800,107.406,107.732,107.349,107.675,17975
1589227200,107.675,107.769,107.607,107.647,7991
1589241600,107.6,107.693,107.452,107.47,10612
1589256000,107.47,107.549,107.347,107.404,6987
1589270400,107.405,107.632,107.363,107.547,9472
1589284800,107.546,107.565,107.306,107.43,9122
1589299200,107.431,107.438,107.218,107.364,13065
1589313600,107.364,107.366,107.12,107.141,7346
1589328000,107.104,107.277,107.089,107.143,7903
1589342400,107.143,107.267,107.13,107.172,6210
1589356800,107.172,107.22,106.963,107.051,8377
1589371200,107.051,107.093,106.826,106.898,8567
1589385600,106.898,107.149,106.742,107.005,21583
1589400000,107.004,107.056,106.965,107.02,7551
1589414400,106.999,107.066,106.821,106.874,7635
1589428800,106.874,106.951,106.844,106.898,5715
1589443200,106.898,106.902,106.776,106.835,8499
1589457600,106.836,107.103,106.814,107.011,10046
1589472000,107.012,107.216,106.856,107.195,15150
1589486400,107.195,107.367,107.141,107.221,8944
1589500800,107.208,107.433,107.191,107.371,5961
1589515200,107.372,107.38,107.186,107.217,6700
1589529600,107.216,107.265,107.027,107.061,7134
1589544000,107.061,107.098,106.854,106.917,11022
1589558400,106.917,107.346,106.893,107.291,16156
1589572800,107.291,107.373,107.074,107.084,6990
1589760000,107.055,107.282,107.053,107.193,5923
1589774400,107.194,107.211,107.068,107.131,5996
1589788800,107.131,107.32,107.128,107.288,6960
1589803200,107.289,107.452,107.232,107.451,9395
1589817600,107.451,107.505,107.203,107.27,17011
1589832000,107.271,107.406,107.237,107.301,8253
1589846400,107.276,107.456,107.258,107.313,6116
1589860800,107.315,107.447,107.306,107.445,6109
1589875200,107.446,107.592,107.347,107.471,13363
1589889600,107.47,107.948,107.439,107.909,12440
1589904000,107.91,108.088,107.805,107.828,15427
1589918400,107.828,107.848,107.684,107.696,7608
1589932800,107.67,107.984,107.624,107.902,6795
1589947200,107.901,107.907,107.709,107.756,5521
1589961600,107.757,107.803,107.606,107.634,7830
1589976000,107.634,107.736,107.547,107.616,7953
1589990400,107.615,107.622,107.336,107.534,11656
1590004800,107.537,107.566,107.418,107.487,7180
1590019200,107.55,107.754,107.507,107.732,5794
1590033600,107.733,107.756,107.594,107.625,6288
1590048000,107.626,107.848,107.621,107.766,8024
1590062400,107.765,107.847,107.634,107.717,9165
1590076800,107.717,107.833,107.574,107.651,14118
1590091200,107.651,107.704,107.549,107.601,6863
1590105600,107.596,107.763,107.582,107.724,6434
1590120000,107.724,107.724,107.412,107.432,8986
1590134400,107.431,107.54,107.322,107.537,8516
1590148800,107.537,107.59,107.422,107.582,6643
1590163200,107.581,107.652,107.461,107.566,9039
1590177600,107.566,107.622,107.55,107.61,5408
1590364800,107.55,107.781,107.541,107.673,5969
1590379200,107.673,107.738,107.627,107.666,6379
1590393600,107.666,107.754,107.651,107.736,5553
1590408000,107.736,107.75,107.66,107.688,4091
1590422400,107.687,107.715,107.669,107.697,4498
1590436800,107.696,107.74,107.66,107.687,3456
1590451200,107.64,107.776,107.64,107.751,4832
1590465600,107.751,107.922,107.743,107.832,7741
1590480000,107.832,107.897,107.727,107.737,7294
1590494400,107.738,107.784,107.401,107.449,9388
1590508800,107.447,107.692,107.444,107.565,13477
1590523200,107.564,107.622,107.455,107.526,5446
1590537600,107.531,107.589,107.365,107.533,9299
1590552000,107.533,107.616,107.436,107.466,9278
1590566400,107.467,107.603,107.458,107.602,8164
1590580800,107.603,107.913,107.601,107.89,17454
1590595200,107.891,107.947,107.684,107.74,20423
1590609600,107.741,107.806,107.649,107.709,7755
1590624000,107.701,107.901,107.683,107.866,9224
1590638400,107.866,107.874,107.758,107.817,9422
1590652800,107.817,107.89,107.781,107.82,10582
1590667200,107.82,107.82,107.696,107.762,10252
1590681600,107.762,107.785,107.57,107.619,17535
1590696000,107.619,107.715,107.581,107.619,7063
1590710400,107.622,107.717,107.43,107.484,7947
1590724800,107.484,107.513,107.095,107.139,8492
1590739200,107.139,107.316,107.077,107.227,13956
1590753600,107.229,107.253,107.083,107.17,11257
1590768000,107.17,107.852,107.168,107.805,32423
1590782400,107.806,107.897,107.745,107.777,13846
1590969600,107.665,107.856,107.641,107.768,9013
1590984000,107.767,107.776,107.518,107.53,9477
1590998400,107.531,107.647,107.375,107.407,13315
1591012800,107.407,107.764,107.404,107.709,11390
1591027200,107.71,107.757,107.532,107.579,12280
1591041600,107.579,107.646,107.565,107.586,4873
1591056000,107.517,107.654,107.513,107.568,7589
1591070400,107.568,107.741,107.568,107.698,6638
1591084800,107.698,107.836,107.687,107.768,11394
1591099200,107.769,108.47,107.681,108.303,19323
1591113600,108.307,108.698,108.28,108.689,22082
1591128000,108.689,108.771,108.642,108.669,7902
1591142400,108.636,108.848,108.579,108.698,11882
1591156800,108.699,108.699,108.421,108.514,13410
1591171200,108.514,108.794,108.471,108.792,13942
1591185600,108.792,108.822,108.483,108.652,16127
1591200000,108.652,108.982,108.617,108.906,20802
1591214400,108.908,108.961,108.859,108.894,6256
1591228800,108.85,109.039,108.802,108.9,7333
1591243200,108.9,109.054,108.833,109.022,10612
1591257600,109.021,109.164,109.006,109.06,13544
1591272000,109.06,109.074,108.616,108.719,19192
1591286400,108.721,109.089,108.669,108.965,24805
1591300800,108.965,109.197,108.915,109.154,10198
1591315200,109.121,109.238,109.037,109.056,10046
1591329600,109.056,109.223,109.044,109.149,10305
1591344000,109.149,109.428,109.119,109.244,15563
1591358400,109.245,109.676,109.166,109.581,21997
1591372800,109.582,109.849,109.564,109.753,26998
1591387200,109.754,109.757,109.561,109.579,6805
1591574400,109.55,109.691,109.418,109.463,8540
1591588800,109.464,109.55,109.378,109.45,6721
1591603200,109.45,109.584,109.406,109.492,10287
1591617600,109.492,109.513,109.198,109.234,11450
1591632000,109.235,109.244,108.265,108.269,21888
1591646400,108.268,108.446,108.233,108.424,7378
1591660800,108.403,108.542,107.987,108.036,10595
1591675200,108.036,108.211,107.915,107.966,12499
1591689600,107.965,108.125,107.786,107.889,18862
1591704000,107.889,108.247,107.812,107.913,15298
1591718400,107.913,108.0,107.62,107.716,20354
1591732800,107.716,107.806,107.665,107.75,6705
1591747200,107.674,107.874,107.667,107.781,8135
1591761600,107.782,107.791,107.526,107.548,8669
1591776000,107.55,107.567,107.282,107.317,13488
1591790400,107.315,107.451,107.258,107.34,11533
1591804800,107.34,107.367,107.165,107.225,16281
1591819200,107.224,107.466,106.987,107.12,29074
1591833600,107.079,107.134,106.895,106.998,10550
1591848000,106.998,107.126,106.897,107.082,10671
1591862400,107.082,107.234,106.796,106.827,16317
1591876800,106.827,107.138,106.805,106.86,13907
1591891200,106.86,106.976,106.571,106.674,23060
1591905600,106.674,106.917,106.673,106.856,15615
1591920000,106.851,106.868,106.584,106.669,11498
1591934400,106.67,107.274,106.629,107.142,15244
1591948800,107.141,107.344,107.063,107.294,17551
1591963200,107.294,107.553,107.221,107.391,15692
1591977600,107.392,107.509,107.215,107.497,23905
1591992000,107.497,107.523,107.303,107.364,11941
1592179200,107.267,107.559,107.138,107.206,8657
1592193600,107.207,107.318,107.018,107.065,7836
1592208000,107.064,107.435,106.992,107.297,13224
1592222400,107.294,107.439,107.226,107.41,8364
1592236800,107.409,107.486,107.197,107.229,12180
1592251200,107.229,107.38,107.204,107.313,7315
1592265600,107.293,107.491,107.26,107.31,7892
1592280000,107.311,107.631,107.223,107.476,8439
1592294400,107.476,107.557,107.273,107.449,10908
1592308800,107.448,107.463,107.249,107.395,8740
1592323200,107.394,107.617,107.204,107.326,17426
1592337600,107.326,107.358,107.234,107.304,6356
1592352000,107.293,107.427,107.159,107.322,6849
1592366400,107.322,107.365,107.186,107.214,7148
1592380800,107.215,107.433,107.178,107.421,7264
1592395200,107.42,107.43,107.328,107.376,7150
1592409600,107.374,107.376,107.125,107.277,10292
1592424000,107.277,107.278,106.944,106.996,5944
1592438400,106.937,107.046,106.715,106.787,6927
1592452800,106.788,106.933,106.694,106.825,8052
1592467200,106.825,107.068,106.797,107.025,8799
1592481600,107.026,107.12,106.782,106.786,10081
1592496000,106.79,107.014,106.659,106.875,10539
1592510400,106.875,107.09,106.806,106.953,6240
1592524800,106.958,107.049,106.859,106.918,6346
1592539200,106.918,106.95,106.823,106.845,4801
1592553600,106.845,106.991,106.785,106.917,6905
1592568000,106.918,106.967,106.758,106.862,7480
1592582400,106.863,107.038,106.786,106.836,11130
1592596800,106.836,106.892,106.788,106.861,5565
1592784000,106.757,106.896,106.731,106.811,6982
1592798400,106.811,106.938,106.811,106.902,6490
1592812800,106.903,107.003,106.848,106.894,7836
1592827200,106.893,106.951,106.847,106.87,5218
1592841600,106.87,106.914,106.784,106.86,7565
1592856000,106.86,106.953,106.854,106.892,4100
1592870400,106.823,106.952,106.823,106.944,3822
1592884800,106.943,107.213,106.73,107.127,13315
1592899200,107.127,107.211,107.028,107.032,8530
1592913600,107.032,107.108,106.51,106.612,8123
1592928000,106.613,106.628,106.064,106.457,14051
1592942400,106.457,106.542,106.416,106.527,5938
1592956800,106.476,106.629,106.374,106.538,8831
1592971200,106.538,106.584,106.416,106.564,6705
1592985600,106.563,106.638,106.468,106.516,7919
1593000000,106.515,106.797,106.453,106.749,8876
1593014400,106.748,106.976,106.702,106.82,12210
1593028800,106.82,107.063,106.809,107.043,5830
1593043200,107.042,107.14,106.899,107.06,5959
1593057600,107.06,107.252,107.036,107.126,6424
1593072000,107.126,107.215,107.039,107.2,8692
1593086400,107.199,107.444,107.16,107.29,8605
1593100800,107.29,107.319,107.126,107.178,9141
1593115200,107.179,107.235,107.103,107.185,5428
1593129600,107.172,107.231,107.077,107.175,10251
1593144000,107.174,107.208,107.062,107.075,4683
1593158400,107.075,107.139,106.855,106.855,5606
1593172800,106.855,107.049,106.788,107.035,5756
1593187200,107.037,107.351,107.011,107.136,10698
1593201600,107.136,107.214,107.094,107.195,5168
1593388800,107.045,107.264,107.045,107.261,4588
1593403200,107.259,107.367,107.033,107.076,6409
1593417600,107.076,107.214,107.041,107.192,6568
1593432000,107.192,107.367,107.158,107.325,6008
1593446400,107.324,107.876,107.316,107.763,10575
1593460800,107.764,107.814,107.544,107.56,5287
1593475200,107.523,107.726,107.522,107.69,8046
1593489600,107.691,107.779,107.664,107.706,4918
1593504000,107.707,107.775,107.632,107.677,6023
1593518400,107.676,107.788,107.675,107.717,6157
1593532800,107.717,107.937,107.513,107.816,14226
1593547200,107.816,107.974,107.79,107.916,8549
1593561600,107.899,108.155,107.884,108.082,4135
1593576000,108.083,108.084,107.578,107.647,6988
1593590400,107.647,107.701,107.462,107.523,6661
1593604800,107.523,107.55,107.353,107.435,7486
1593619200,107.434,107.593,107.358,107.413,9685
1593633600,107.414,107.498,107.401,107.454,4983
1593648000,107.412,107.476,107.323,107.465,6474
1593662400,107.464,107.549,107.408,107.423,4930
1593676800,107.424,107.546,107.339,107.364,5600
1593691200,107.364,107.63,107.337,107.621,6961
1593705600,107.62,107.715,107.441,107.576,9724
1593720000,107.576,107.582,107.47,107.485,3140
1593734400,107.512,107.554,107.427,107.5,3375
1593748800,107.5,107.559,107.464,107.507,3630
1593763200,107.508,107.528,107.439,107.456,4451
1593777600,107.456,107.524,107.45,107.506,3687
1593792000,107.506,107.527,107.482,107.5,2967
1593806400,107.5,107.514,107.451,107.46,4930
1593993600,107.417,107.668,107.416,107.654,4304
1594008000,107.654,107.765,107.636,107.64,5059
1594022400,107.64,107.697,107.535,107.564,5151
1594036800,107.564,107.588,107.447,107.483,5583
1594051200,107.485,107.586,107.427,107.429,6859
1594065600,107.429,107.433,107.249,107.384,3661
1594080000,107.292,107.389,107.252,107.281,3385
1594094400,107.28,107.403,107.238,107.354,4708
1594108800,107.354,107.683,107.352,107.676,5729
1594123200,107.677,107.783,107.589,107.603,5927
1594137600,107.603,107.666,107.49,107.507,7249
1594152000,107.508,107.56,107.496,107.517,3628
1594166400,107.506,107.702,107.497,107.691,4928
1594180800,107.691,107.699,107.504,107.513,3912
1594195200,107.513,107.573,107.419,107.566,5153
1594209600,107.567,107.594,107.492,107.54,5378
1594224000,107.542,107.558,107.279,107.289,7642
1594238400,107.289,107.321,107.193,107.248,4169
1594252800,107.189,107.311,107.173,107.282,4040
1594267200,107.283,107.355,107.22,107.267,5198
1594281600,107.266,107.311,107.189,107.28,5766
1594296000,107.28,107.389,107.191,107.202,5719
1594310400,107.202,107.355,107.089,107.299,11588
1594324800,107.3,107.307,107.164,107.191,4127
1594339200,107.166,107.256,107.058,107.066,13102
1594353600,107.065,107.099,106.916,106.936,4914
1594368000,106.936,106.954,106.743,106.752,5810
1594382400,106.752,106.875,106.702,106.784,5059
1594396800,106.784,106.941,106.628,106.897,7304
1594411200,106.898,106.942,106.881,106.905,3332
1594598400,106.832,106.936,106.831,106.845,3693
1594612800,106.846,106.874,106.779,106.863,4917
1594627200,106.862,107.087,106.849,107.053,4727
1594641600,107.054,107.22,107.033,107.189,5164
1594656000,107.19,107.31,107.14,107.163,7023
1594670400,107.166,107.31,107.163,107.276,5310
1594684800,107.219,107.359,107.217,107.239,6347
1594699200,107.239,107.245,107.111,107.23,4906
1594713600,107.231,107.318,107.21,107.306,5473
1594728000,107.306,107.425,107.296,107.343,6459
1594742400,107.344,107.366,107.178,107.189,8416
1594756800,107.189,107.281,107.15,107.226,4034
1594771200,107.152,107.296,107.147,107.29,4326
1594785600,107.29,107.302,107.2,107.253,4646
1594800000,107.254,107.288,106.89,106.894,6494
1594814400,106.894,106.983,106.745,106.809,5889
1594828800,106.808,106.965,106.658,106.931,8573
1594843200,106.932,106.965,106.889,106.931,3247
1594857600,106.908,106.979,106.824,106.957,3537
1594872000,106.957,107.025,106.856,106.867,4949
1594886400,106.867,107.07,106.856,107.037,5487
1594900800,107.037,107.183,107.001,107.154,7563
1594915200,107.155,107.193,107.035,107.184,7190
1594929600,107.185,107.393,107.17,107.268,5657
1594944000,107.2,107.353,107.193,107.264,3379
1594958400,107.263,107.293,107.157,107.183,4771
1594972800,107.182,107.233,107.089,107.13,4330
1594987200,107.13,107.27,107.11,107.233,3481
1595001600,107.232,107.256,106.997,107.019,5294
1595016000,107.019,107.044,106.931,107.011,3250
1595203200,107.048,107.532,107.003,107.378,4913
1595217600,107.378,107.417,107.256,107.256,6099
1595232000,107.256,107.291,107.132,107.188,5412
1595246400,107.189,107.259,107.057,107.162,5291
1595260800,107.162,107.274,107.027,107.262,7611
1595275200,107.263,107.326,107.255,107.263,4289
1595289600,107.13,107.268,107.119,107.197,5685
1595304000,107.197,107.338,107.136,107.316,4580
1595318400,107.316,107.358,107.237,107.282,5674
1595332800,107.283,107.308,107.115,107.173,5272
1595347200,107.173,107.19,106.722,106.733,9758
1595361600,106.733,106.811,106.671,106.782,4436
1595376000,106.728,106.885,106.699,106.826,4529
1595390400,106.826,106.867,106.702,106.859,4851
1595404800,106.859,107.058,106.746,107.016,7587
1595419200,107.015,107.055,106.865,107.051,6735
1595433600,107.052,107.204,107.049,107.177,8429
1595448000,107.178,107.281,107.143,107.149,4247
1595462400,107.099,107.186,107.082,107.147,2270
1595476800,107.147,107.169,107.098,107.149,3346
1595491200,107.15,107.171,107.065,107.126,4159
1595505600,107.126,107.188,107.077,107.186,4662
1595520000,107.184,107.221,106.813,106.815,8774
1595534400,106.816,106.872,106.702,106.835,5482
1595548800,106.815,106.888,106.502,106.522,10202
1595563200,106.522,106.594,106.353,106.407,6291
1595577600,106.407,106.48,106.163,106.407,7567
1595592000,106.406,106.425,106.11,106.118,6241
1595606400,106.119,106.149,105.675,105.692,11275
1595620800,105.689,106.14,105.673,106.117,5331
1595808000,106.012,106.092,105.786,105.79,7404
1595822400,105.797,105.842,105.442,105.588,9074
1595836800,105.589,105.659,105.372,105.514,7935
1595851200,105.513,105.532,105.235,105.412,8680
1595865600,105.411,105.466,105.107,105.292,9993
1595880000,105.292,105.445,105.262,105.371,4382
1595894400,105.377,105.403,105.212,105.32,5062
1595908800,105.321,105.678,105.253,105.569,8813
1595923200,105.569,105.657,105.382,105.395,8166
1595937600,105.395,105.404,105.075,105.081,9420
1595952000,105.082,105.23,104.949,105.054,11937
1595966400,105.053,105.178,104.987,105.064,3790
1595980800,105.038,105.142,104.948,105.116,4044
1595995200,105.119,105.234,104.999,105.076,5053
1596009600,105.076,105.085,104.792,104.903,8437
1596024000,104.903,105.187,104.877,105.025,7964
1596038400,105.023,105.137,104.885,104.991,10271
1596052800,104.991,105.148,104.764,104.913,12415
1596067200,104.877,105.147,104.873,105.008,4790
1596081600,105.008,105.111,104.972,105.096,5395
1596096000,105.097,105.286,105.003,105.074,10256
1596110400,105.073,105.272,104.989,105.043,8432
1596124800,105.043,105.18,104.897,104.943,14568
1596139200,104.944,104.949,104.671,104.729,6422
1596153600,104.723,104.805,104.469,104.546,8000
1596168000,104.541,104.584,104.178,104.302,10164
1596182400,104.303,104.705,104.234,104.68,9448
1596196800,104.682,105.189,104.538,105.128,11632
1596211200,105.128,106.047,105.105,105.828,22610
1596225600,105.826,105.957,105.733,105.838,7616
1596412800,105.718,106.421,105.699,106.152,11387
1596427200,106.152,106.23,105.768,105.812,11150
1596441600,105.813,105.988,105.572,105.586,10051
1596456000,105.587,106.289,105.576,106.263,12864
1596470400,106.266,106.463,106.053,106.085,14123
1596484800,106.086,106.112,105.898,105.939,6876
1596499200,105.941,106.137,105.908,106.115,4781
1596513600,106.116,106.183,106.036,106.037,5247
1596528000,106.038,106.122,105.828,105.941,7202
1596542400,105.94,106.187,105.868,106.159,8742
1596556800,106.159,106.172,105.718,105.746,11566
1596571200,105.747,105.81,105.629,105.708,5297
1596585600,105.681,105.787,105.549,105.584,5066
1596600000,105.584,105.643,105.503,105.566,5888
1596614400,105.565,105.788,105.547,105.677,7875
1596628800,105.676,105.864,105.491,105.494,11836
1596643200,105.494,105.62,105.312,105.531,13643
1596657600,105.533,105.668,105.468,105.587,5081
1596672000,105.589,105.609,105.45,105.527,4575
1596686400,105.526,105.6,105.476,105.515,4691
1596700800,105.515,105.69,105.382,105.664,9818
1596715200,105.663,105.684,105.385,105.558,9298
1596729600,105.557,105.594,105.293,105.469,14134
1596744000,105.468,105.637,105.395,105.536,6409
1596758400,105.487,105.585,105.48,105.553,3231
1596772800,105.552,105.634,105.514,105.549,6658
1596787200,105.551,105.676,105.473,105.588,6591
1596801600,105.589,105.865,105.544,105.598,9964
1596816000,105.593,106.048,105.555,106.011,15523
1596830400,106.011,106.012,105.881,105.899,5175
1597017600,105.832,105.935,105.735,105.742,3913
1597032000,105.741,105.796,105.715,105.766,2861
1597046400,105.767,106.039,105.742,105.937,5159
1597060800,105.937,106.195,105.902,105.985,5785
1597075200,105.986,105.994,105.699,105.844,10671
1597089600,105.843,105.967,105.826,105.95,3848
1597104000,105.934,106.169,105.903,106.144,4559
1597118400,106.144,106.167,105.965,106.07,4375
1597132800,106.069,106.233,106.047,106.092,7490
1597147200,106.091,106.15,105.92,105.962,9600
1597161600,105.963,106.568,105.96,106.535,15301
1597176000,106.535,106.676,106.418,106.485,8029
1597190400,106.479,106.662,106.432,106.538,5434
1597204800,106.538,106.79,106.503,106.761,8750
1597219200,106.761,106.82,106.667,106.797,8603
1597233600,106.797,107.006,106.736,106.776,8295
1597248000,106.771,106.969,106.678,106.818,12604
1597262400,106.818,106.899,106.772,106.865,5181
1597276800,106.822,106.88,106.668,106.684,3647
1597291200,106.685,106.783,106.595,106.781,5192
1597305600,106.782,106.783,106.557,106.736,8118
1597320000,106.736,106.987,106.722,106.913,9003
1597334400,106.913,106.976,106.728,106.868,10049
1597348800,106.867,107.04,106.857,106.913,6349
1597363200,106.883,107.032,106.873,106.946,4211
1597377600,106.947,106.992,106.85,106.872,3607
1597392000,106.87,106.887,106.659,106.708,5329
1597406400,106.708,106.747,106.549,106.56,6052
1597420800,106.56,106.644,106.428,106.466,8867
1597435200,106.467,106.62,106.453,106.567,4575
1597622400,106.542,106.646,106.476,106.513,4354
1597636800,106.512,106.612,106.45,106.586,4412
1597651200,106.586,106.608,106.393,106.472,6084
1597665600,106.473,106.481,106.18,106.253,7065
1597680000,106.253,106.258,105.935,105.98,8798
1597694400,105.979,106.05,105.935,105.989,4411
1597708800,105.933,106.044,105.741,105.753,8274
1597723200,105.752,105.818,105.56,105.632,6486
1597737600,105.632,105.651,105.393,105.553,7715
1597752000,105.554,105.633,105.356,105.467,7030
1597766400,105.463,105.56,105.274,105.331,12777
1597780800,105.33,105.453,105.33,105.396,4259
1597795200,105.402,105.437,105.093,105.16,5688
1597809600,105.161,105.583,105.128,105.551,7312
1597824000,105.553,105.597,105.359,105.377,6811
1597838400,105.377,105.45,105.164,105.438,7381
1597852800,105.438,105.788,105.336,105.723,13386
1597867200,105.722,106.144,105.637,106.097,12605
1597881600,106.098,106.145,105.936,106.078,6735
1597896000,106.078,106.208,105.972,106.018,8184
1597910400,106.018,106.122,105.904,105.932,10205
1597924800,105.933,106.037,105.761,105.913,10160
1597939200,105.913,106.039,105.759,105.843,14333
1597953600,105.842,105.907,105.736,105.784,6394
1597968000,105.74,105.795,105.614,105.676,4206
1597982400,105.677,105.743,105.612,105.618,6384
1597996800,105.618,105.629,105.432,105.513,8077
1598011200,105.512,105.866,105.483,105.717,9199
1598025600,105.717,106.063,105.642,105.866,11877
1598040000,105.866,105.908,105.748,105.788,4570
1598227200,105.747,105.934,105.729,105.767,4672
1598241600,105.767,105.87,105.68,105.845,4723
1598256000,105.846,105.914,105.771,105.82,5757
1598270400,105.822,105.838,105.688,105.781,5448
1598284800,105.782,105.939,105.714,105.879,8880
1598299200,105.879,105.989,105.863,105.97,3891
1598313600,105.948,106.045,105.923,105.987,8459
1598328000,105.986,106.034,105.864,105.978,4453
1598342400,105.978,106.365,105.97,106.325,7000
1598356800,106.325,106.488,106.237,106.413,8547
1598371200,106.414,106.569,106.274,106.433,11379
1598385600,106.433,106.457,106.29,106.381,4662
1598400000,106.314,106.547,106.314,106.458,4704
1598414400,106.458,106.516,106.369,106.382,4680
1598428800,106.383,106.422,106.15,106.215,7298
1598443200,106.215,106.456,106.179,106.391,7325
1598457600,106.391,106.418,105.991,105.999,9133
1598472000,105.999,106.048,105.947,105.978,4647
1598486400,105.963,105.996,105.795,105.919,10089
1598500800,105.918,106.067,105.902,105.935,5179
1598515200,105.937,106.199,105.917,106.041,6854
1598529600,106.04,106.164,105.978,106.081,7158
1598544000,106.084,106.693,105.593,106.674,25345
1598558400,106.674,106.682,106.527,106.563,7472
1598572800,106.538,106.783,106.466,106.645,7120
1598587200,106.645,106.939,106.597,106.693,7847
1598601600,106.694,106.73,105.839,105.852,17881
1598616000,105.852,105.872,105.193,105.53,13360
1598630400,105.53,105.727,105.228,105.392,13675
1598644800,105.393,105.468,105.326,105.341,5826
1598832000,105.224,105.793,105.224,105.396,8820
1598846400,105.399,105.683,105.335,105.663,7683
1598860800,105.663,105.916,105.548,105.878,9274
1598875200,105.877,105.985,105.779,105.982,8099
1598889600,105.981,106.088,105.774,105.81,11634
1598904000,105.811,105.917,105.779,105.891,4984
1598918400,105.865,106.023,105.806,105.813,4935
1598932800,105.813,105.824,105.584,105.756,8279
1598947200,105.756,105.785,105.583,105.729,10337
1598961600,105.729,105.956,105.694,105.847,8399
1598976000,105.846,106.145,105.772,106.009,12793
1598990400,106.01,106.079,105.896,105.947,5775
1599004800,105.924,106.047,105.842,106.029,4432
1599019200,106.03,106.12,105.981,106.029,6053
1599033600,106.03,106.22,105.953,106.184,7674
1599048000,106.184,106.277,106.077,106.139,7010
1599062400,106.136,106.29,106.098,106.162,10823
1599076800,106.163,106.293,106.154,106.174,4893
1599091200,106.112,106.255,106.095,106.221,4799
1599105600,106.22,106.304,106.18,106.282,4512
1599120000,106.282,106.335,106.169,106.246,7873
1599134400,106.244,106.544,106.222,106.379,9218
1599148800,106.382,106.429,106.015,106.101,12658
1599163200,106.1,106.183,105.993,106.173,4816
1599177600,106.135,106.206,106.047,106.123,4982
1599192000,106.123,106.216,106.098,106.129,5112
1599206400,106.129,106.239,106.09,106.199,5777
1599220800,106.2,106.456,106.144,106.42,7935
1599235200,106.423,106.496,106.223,106.247,12445
1599249600,106.247,106.265,106.17,106.219,3654
1599436800,106.207,106.375,106.195,106.349,4107
1599451200,106.349,106.355,106.208,106.239,3679
1599465600,106.239,106.308,106.124,106.191,5166
1599480000,106.187,106.261,106.158,106.199,4925
1599494400,106.2,106.317,106.193,106.289,5493
1599508800,106.289,106.293,106.197,106.223,1948
1599523200,106.222,106.306,106.222,106.275,3175
1599537600,106.275,106.303,106.239,106.263,3702
1599552000,106.263,106.286,106.193,106.283,6549
1599566400,106.285,106.374,105.89,105.979,11364
1599580800,105.979,106.035,105.853,105.921,13028
1599595200,105.922,106.067,105.905,106.017,5613
1599609600,106.001,106.041,105.818,105.976,9154
1599624000,105.975,105.979,105.872,105.892,5056
1599638400,105.892,106.038,105.781,105.98,8083
1599652800,105.981,106.239,105.963,106.17,9164
1599667200,106.17,106.264,106.122,106.242,10332
1599681600,106.242,106.264,106.147,106.164,3693
1599696000,106.16,106.294,106.142,106.173,4685
1599710400,106.173,106.223,106.048,106.096,5254
1599724800,106.097,106.151,105.998,106.049,6516
1599739200,106.049,106.151,105.975,106.025,9745
1599753600,106.025,106.212,106.012,106.167,11265
1599768000,106.168,106.23,106.082,106.119,7001
1599782400,106.085,106.179,106.07,106.125,7062
1599796800,106.124,106.2,106.115,106.157,5154
1599811200,106.157,106.254,106.143,106.224,6435
1599825600,106.225,106.242,106.122,106.144,6170
1599840000,106.144,106.204,106.077,106.152,7044
1599854400,106.152,106.19,106.046,106.15,4737
1600041600,106.089,106.156,106.051,106.132,2972
1600056000,106.132,106.15,106.004,106.042,3979
1600070400,106.041,106.104,105.901,105.989,5664
1600084800,105.989,106.041,105.906,105.923,5638
1600099200,105.923,105.924,105.536,105.642,8747
1600113600,105.642,105.731,105.621,105.719,4559
1600128000,105.657,105.74,105.65,105.701,3070
1600142400,105.701,105.709,105.596,105.674,4665
1600156800,105.674,105.784,105.62,105.783,6709
1600171200,105.783,105.806,105.375,105.396,8268
1600185600,105.396,105.506,105.291,105.449,9448
1600200000,105.449,105.534,105.383,105.431,4423
1600214400,105.332,105.425,105.252,105.34,3918
1600228800,105.34,105.366,105.243,105.29,5436
1600243200,105.29,105.39,105.155,105.186,6071
1600257600,105.187,105.213,104.844,104.873,7820
1600272000,104.874,104.953,104.798,104.895,9633
1600286400,104.896,105.136,104.79,104.935,16468
1600300800,104.896,105.064,104.867,105.046,6457
1600315200,105.044,105.165,104.998,105.065,7495
1600329600,105.065,105.078,104.681,104.731,9895
1600344000,104.731,104.822,104.515,104.54,9166
1600358400,104.542,104.834,104.521,104.819,10778
1600372800,104.822,104.834,104.656,104.729,3694
1600387200,104.681,104.816,104.651,104.74,4118
1600401600,104.739,104.862,104.696,104.794,4857
1600416000,104.795,104.82,104.401,104.465,7300
1600430400,104.471,104.513,104.263,104.382,8013
1600444800,104.38,104.47,104.279,104.369,10094
1600459200,104.368,104.627,104.366,104.547,5639
1600646400,104.446,104.563,104.422,104.437,3771
1600660800,104.437,104.446,104.261,104.284,5204
1600675200,104.284,104.368,103.992,104.111,12120
1600689600,104.11,104.226,103.997,104.154,11333
1600704000,104.154,104.892,104.118,104.733,15158
1600718400,104.734,104.831,104.63,104.634,7078
1600732800,104.64,104.744,104.611,104.647,4047
1600747200,104.646,104.662,104.453,104.526,5911
1600761600,104.526,104.729,104.498,104.543,11051
1600776000,104.543,104.629,104.396,104.539,9632
1600790400,104.539,105.068,104.529,105.016,14261
1600804800,105.017,105.033,104.903,104.934,5134
1600819200,104.894,105.168,104.825,105.102,6130
1600833600,105.101,105.19,105.044,105.06,7652
1600848000,105.061,105.146,104.92,105.07,10911
1600862400,105.071,105.219,104.919,105.166,9736
1600876800,105.166,105.419,105.083,105.411,12942
1600891200,105.411,105.487,105.32,105.352,7332
1600905600,105.359,105.446,105.266,105.39,6862
1600920000,105.39,105.468,105.348,105.44,5448
1600934400,105.44,105.461,105.197,105.338,10971
1600948800,105.339,105.522,105.293,105.401,11721
1600963200,105.4,105.515,105.339,105.452,11079
1600977600,105.452,105.454,105.357,105.402,5759
1600992000,105.373,105.535,105.371,105.501,4574
1601006400,105.501,105.527,105.378,105.38,4598
1601020800,105.381,105.445,105.23,105.429,8979
1601035200,105.43,105.525,105.38,105.49,9093
1601049600,105.49,105.692,105.453,105.605,9374
1601064000,105.605,105.632,105.535,105.555,5728
1601251200,105.497,105.675,105.35,105.383,4542
1601265600,105.383,105.509,105.288,105.293,5165
1601280000,105.293,105.442,105.255,105.323,7252
1601294400,105.323,105.483,105.28,105.48,7118
1601308800,105.479,105.658,105.419,105.549,9671
1601323200,105.55,105.562,105.452,105.462,5211
1601337600,105.456,105.539,105.333,105.379,5127
1601352000,105.379,105.556,105.368,105.554,5790
1601366400,105.555,105.726,105.531,105.668,9275
1601380800,105.667,105.672,105.542,105.636,8759
1601395200,105.636,105.698,105.52,105.65,9851
1601409600,105.65,105.693,105.62,105.671,5922
1601424000,105.595,105.788,105.59,105.783,3666
1601438400,105.784,105.794,105.49,105.491,6875
1601452800,105.491,105.692,105.425,105.65,8490
1601467200,105.651,105.726,105.627,105.651,7437
1601481600,105.65,105.738,105.393,105.521,15520
1601496000,105.521,105.563,105.409,105.431,9512
1601510400,105.409,105.538,105.394,105.494,4906
1601524800,105.493,105.543,105.408,105.434,4885
1601539200,105.434,105.595,105.428,105.583,8340
1601553600,105.583,105.613,105.433,105.567,10274
1601568000,105.568,105.719,105.509,105.547,14033
1601582400,105.547,105.601,105.518,105.537,7114
1601596800,105.504,105.572,105.486,105.54,8029
1601611200,105.54,105.657,105.524,105.542,5595
1601625600,105.542,105.547,104.934,105.195,17087
1601640000,105.194,105.33,105.057,105.2,10083
1601654400,105.198,105.385,105.159,105.364,13131
1601668800,105.365,105.386,105.314,105.334,6828
1601856000,105.262,105.583,105.247,105.544,8237
1601870400,105.543,105.597,105.494,105.552,5995
1601884800,105.552,105.67,105.538,105.629,6737
1601899200,105.628,105.654,105.559,105.576,6867
1601913600,105.576,105.788,105.529,105.747,9286
1601928000,105.744,105.773,105.681,105.724,5536
1601942400,105.68,105.774,105.605,105.676,5331
1601956800,105.676,105.737,105.608,105.612,4044
1601971200,105.612,105.696,105.509,105.532,7372
1601985600,105.532,105.665,105.517,105.657,7553
1602000000,105.657,105.707,105.573,105.609,9201
1602014400,105.608,105.683,105.462,105.623,9335
1602028800,105.577,105.687,105.577,105.65,5619
1602043200,105.65,105.734,105.625,105.718,4313
1602057600,105.718,105.983,105.7,105.98,9204
1602072000,105.979,106.1,105.883,105.889,8957
1602086400,105.889,106.032,105.844,105.951,9562
1602100800,105.953,106.078,105.937,105.949,6103
1602115200,105.935,106.098,105.923,106.036,9762
1602129600,106.036,106.047,105.932,105.967,4990
1602144000,105.967,106.023,105.916,105.97,7046
1602158400,105.97,106.025,105.941,105.977,6091
1602172800,105.977,106.036,105.93,106.004,8088
1602187200,106.003,106.034,105.97,106.019,4757
1602201600,106.001,106.032,105.876,105.923,6198
1602216000,105.924,105.93,105.8,105.849,5376
1602230400,105.849,105.974,105.843,105.854,6952
1602244800,105.853,105.942,105.816,105.846,7866
1602259200,105.848,105.865,105.602,105.688,10683
1602273600,105.688,105.7,105.571,105.598,4499
1602460800,105.727,105.773,105.586,105.611,3650
1602475200,105.609,105.631,105.425,105.483,4564
1602489600,105.483,105.607,105.425,105.594,6659
1602504000,105.593,105.594,105.354,105.364,7728
1602518400,105.365,105.388,105.233,105.31,7009
1602532800,105.311,105.36,105.307,105.311,3907
1602547200,105.293,105.396,105.222,105.346,9311
1602561600,105.346,105.444,105.273,105.42,5541
1602576000,105.421,105.493,105.327,105.425,7521
1602590400,105.426,105.543,105.409,105.523,8068
1602604800,105.521,105.619,105.502,105.534,9450
1602619200,105.534,105.546,105.439,105.468,5156
1602633600,105.435,105.497,105.402,105.428,5095
1602648000,105.428,105.446,105.297,105.432,4785
1602662400,105.432,105.508,105.35,105.36,6143
1602676800,105.36,105.465,105.148,105.223,9166
1602691200,105.224,105.242,105.027,105.143,7870
1602705600,105.143,105.157,105.059,105.154,3630
1602720000,105.061,105.262,105.048,105.222,6047
1602734400,105.222,105.29,105.187,105.266,6595
1602748800,105.267,105.312,105.16,105.293,7417
1602763200,105.294,105.335,105.171,105.213,6720
1602777600,105.213,105.433,105.197,105.376,10530
1602792000,105.376,105.485,105.354,105.412,4553
1602806400,105.418,105.441,105.303,105.307,4131
1602820800,105.307,105.349,105.181,105.22,5393
1602835200,105.219,105.333,105.203,105.217,6128
1602849600,105.218,105.404,105.19,105.352,8559
1602864000,105.353,105.433,105.266,105.391,8445
1602878400,105.392,105.422,105.348,105.374,4134
1603065600,105.352,105.494,105.325,105.372,4795
1603080000,105.372,105.438,105.344,105.423,3966
1603094400,105.424,105.469,105.327,105.332,5851
1603108800,105.333,105.377,105.293,105.331,6274
1603123200,105.331,105.485,105.331,105.406,7728
1603137600,105.406,105.46,105.368,105.424,4799
1603152000,105.32,105.607,105.32,105.548,7702
1603166400,105.548,105.595,105.504,105.517,4643
1603180800,105.517,105.56,105.476,105.522,5148
1603195200,105.523,105.738,105.494,105.699,7037
1603209600,105.699,105.704,105.526,105.556,6984
1603224000,105.556,105.558,105.412,105.497,4980
1603238400,105.437,105.517,105.359,105.37,7550
1603252800,105.37,105.411,105.248,105.288,6079
1603267200,105.288,105.32,104.868,104.936,9083
1603281600,104.936,104.949,104.572,104.581,7756
1603296000,104.581,104.673,104.332,104.5,10163
1603310400,104.5,104.58,104.458,104.574,4747
1603324800,104.538,104.696,104.513,104.623,4893
1603339200,104.623,104.744,104.616,104.699,3599
1603353600,104.699,104.704,104.468,104.668,6936
1603368000,104.668,104.771,104.576,104.603,6408
1603382400,104.603,104.876,104.551,104.805,7187
1603396800,104.806,104.915,104.778,104.876,3315
1603411200,104.842,104.927,104.687,104.726,6532
1603425600,104.727,104.775,104.659,104.693,3422
1603440000,104.694,104.778,104.545,104.608,5225
1603454400,104.61,104.791,104.539,104.687,5671
1603468800,104.688,104.876,104.675,104.734,6253
1603483200,104.735,104.754,104.679,104.683,2635
1603670400,104.662,104.876,104.639,104.852,6805
1603684800,104.852,104.923,104.813,104.878,3624
1603699200,104.877,104.968,104.785,104.865,6807
1603713600,104.865,105.046,104.821,104.952,7331
1603728000,104.953,104.994,104.815,104.855,5907
1603742400,104.856,104.867,104.801,104.83,2857
1603756800,104.825,104.882,104.734,104.758,4248
1603771200,104.757,104.767,104.672,104.732,2970
1603785600,104.732,104.828,104.582,104.599,5762
1603800000,104.6,104.679,104.553,104.598,5913
1603814400,104.597,104.6,104.38,104.413,5511
1603828800,104.415,104.496,104.397,104.473,2662
1603843200,104.455,104.547,104.405,104.415,5875
1603857600,104.415,104.433,104.196,104.248,4071
1603872000,104.249,104.338,104.152,104.203,7417
1603886400,104.204,104.445,104.105,104.33,9086
1603900800,104.33,104.352,104.2,104.311,7878
1603915200,104.31,104.352,104.255,104.292,5444
1603929600,104.301,104.494,104.269,104.474,6387
1603944000,104.474,104.496,104.383,104.389,3951
1603958400,104.389,104.396,104.098,104.114,7673
1603972800,104.115,104.393,104.016,104.341,9767
1603987200,104.34,104.703,104.326,104.692,8185
1604001600,104.692,104.72,104.556,104.599,6859
1604016000,104.585,104.62,104.427,104.458,5975
1604030400,104.46,104.468,104.116,104.214,6497
1604044800,104.215,104.433,104.157,104.423,8299
1604059200,104.42,104.658,104.368,104.502,9259
1604073600,104.501,104.735,104.422,104.647,10495
1604088000,104.647,104.694,104.608,104.676,3486
1604275200,104.515,104.756,104.515,104.7,9481
1604289600,104.699,104.748,104.621,104.69,3999
1604304000,104.689,104.94,104.685,104.795,7500
1604318400,104.795,104.806,104.622,104.651,7114
1604332800,104.652,104.862,104.649,104.841,6494
1604347200,104.841,104.862,104.736,104.742,3174
1604361600,104.727,104.802,104.677,104.73,3702
1604376000,104.73,104.739,104.646,104.708,3546
1604390400,104.707,104.753,104.469,104.698,9214
1604404800,104.698,104.792,104.625,104.644,12480
1604419200,104.644,104.699,104.424,104.486,15779
1604433600,104.486,104.613,104.475,104.495,8862
1604448000,104.463,104.809,104.362,104.6,20765
1604462400,104.601,105.334,104.531,104.934,21307
1604476800,104.934,105.086,104.827,104.877,15951
1604491200,104.878,104.899,104.141,104.466,15439
1604505600,104.465,104.615,104.24,104.563,13918
1604520000,104.563,104.609,104.408,104.495,6884
1604534400,104.453,104.529,104.21,104.304,8224
1604548800,104.306,104.358,104.225,104.291,6000
1604563200,104.291,104.465,104.189,104.237,11608
1604577600,104.236,104.377,103.598,103.658,15475
1604592000,103.663,103.837,103.555,103.71,13876
1604606400,103.71,103.762,103.433,103.493,8148
1604620800,103.432,103.752,103.417,103.609,10172
1604635200,103.608,103.657,103.352,103.528,9633
1604649600,103.528,103.591,103.352,103.373,10272
1604664000,103.374,103.461,103.167,103.266,13653
1604678400,103.266,103.71,103.186,103.278,16168
1604692800,103.28,103.364,103.211,103.344,4194
1604880000,103.302,103.402,103.181,103.322,11617
1604894400,103.321,103.543,103.288,103.531,6466
1604908800,103.531,103.746,103.442,103.717,10322
1604923200,103.717,105.047,103.638,104.857,21555
1604937600,104.858,105.641,104.728,105.449,19610
1604952000,105.449,105.568,105.28,105.375,8018
1604966400,105.3,105.34,104.907,104.928,12641
1604980800,104.932,105.023,104.812,104.954,10049
1604995200,104.952,105.344,104.941,105.312,10379
1605009600,105.31,105.479,105.147,105.236,12795
1605024000,105.239,105.432,105.168,105.286,14812
1605038400,105.286,105.336,105.218,105.239,6923
1605052800,105.269,105.292,104.997,105.083,8058
1605067200,105.089,105.26,105.05,105.213,4577
1605081600,105.214,105.532,105.19,105.43,9344
1605096000,105.43,105.544,105.362,105.473,8757
1605110400,105.475,105.668,105.443,105.559,9739
1605124800,105.558,105.565,105.38,105.423,4260
1605139200,105.382,105.47,105.197,105.226,9267
1605153600,105.227,105.322,105.178,105.213,5203
1605168000,105.211,105.407,105.139,105.381,7351
1605182400,105.38,105.38,105.168,105.204,6987
1605196800,105.205,105.275,105.093,105.197,9615
1605211200,105.198,105.222,105.062,105.115,4330
1605225600,105.118,105.128,104.849,104.907,12133
1605240000,104.907,104.941,104.85,104.874,4437
1605254400,104.875,105.142,104.872,105.011,6105
1605268800,105.013,105.067,104.666,104.734,8347
1605283200,104.733,104.819,104.555,104.604,9346
1605297600,104.604,104.651,104.56,104.605,3992
1605484800,104.677,104.713,104.524,104.537,6795
1605499200,104.538,104.588,104.477,104.578,4035
1605513600,104.578,104.583,104.354,104.533,6672
1605528000,104.536,105.128,104.509,104.832,14384
1605542400,104.833,104.858,104.507,104.53,11013
1605556800,104.531,104.589,104.489,104.555,4199
1605571200,104.569,104.58,104.414,104.533,8302
1605585600,104.532,104.541,104.458,104.503,3445
1605600000,104.504,104.559,104.226,104.286,8087
1605614400,104.286,104.369,104.062,104.135,9362
1605628800,104.135,104.24,104.072,104.218,10470
1605643200,104.218,104.238,104.163,104.174,4278
1605657600,104.175,104.19,104.029,104.093,7827
1605672000,104.092,104.139,103.953,103.989,4900
1605686400,103.989,104.032,103.836,103.844,8671
1605700800,103.844,104.092,103.783,103.958,10928
1605715200,103.957,103.957,103.643,103.818,9338
1605729600,103.819,103.874,103.76,103.782,4358
1605744000,103.766,103.973,103.726,103.847,7677
1605758400,103.846,103.847,103.709,103.765,5617
1605772800,103.766,104.07,103.752,104.047,9404
1605787200,104.048,104.209,103.935,104.009,11584
1605801600,104.009,104.082,103.783,103.815,10282
1605816000,103.816,103.828,103.723,103.738,4691
1605830400,103.713,103.89,103.713,103.862,9572
1605844800,103.862,103.903,103.76,103.778,5756
1605859200,103.776,103.88,103.735,103.791,8448
1605873600,103.791,103.855,103.762,103.789,8320
1605888000,103.789,103.851,103.694,103.828,8036
1605902400,103.828,103.849,103.798,103.829,2756
1606089600,103.795,103.853,103.708,103.743,8100
1606104000,103.744,103.759,103.719,103.738,2140
1606118400,103.738,103.839,103.732,103.784,6989
1606132800,103.784,103.793,103.674,103.711,7043
1606147200,103.711,104.629,103.688,104.332,16741
1606161600,104.332,104.581,104.294,104.531,5683
1606176000,104.429,104.638,104.429,104.562,8622
1606190400,104.562,104.576,104.337,104.356,8051
1606204800,104.356,104.468,104.137,104.203,7793
1606219200,104.204,104.679,104.184,104.665,10677
1606233600,104.664,104.752,104.554,104.618,10796
1606248000,104.618,104.641,104.414,104.433,5849
1606262400,104.368,104.539,104.368,104.515,12345
1606276800,104.516,104.589,104.421,104.471,5079
1606291200,104.47,104.542,104.338,104.343,8469
1606305600,104.342,104.512,104.334,104.395,8057
1606320000,104.397,104.438,104.246,104.329,10370
1606334400,104.33,104.461,104.31,104.44,5119
1606348800,104.398,104.463,104.29,104.323,8644
1606363200,104.323,104.353,104.249,104.346,3580
1606377600,104.347,104.348,104.213,104.257,7079
1606392000,104.257,104.293,104.22,104.247,5531
1606406400,104.247,104.312,104.208,104.252,4697
1606420800,104.252,104.271,104.22,104.225,11524
1606435200,104.252,104.276,103.994,104.02,5873
1606449600,104.02,104.097,103.898,103.932,5737
1606464000,103.934,104.099,103.927,104.028,5291
1606478400,104.029,104.204,104.001,104.147,6612
1606492800,104.148,104.172,103.958,104.022,7563
1606507200,104.022,104.094,104.01,104.067,5912
1606694400,104.018,104.151,103.822,103.858,6833
1606708800,103.858,103.932,103.838,103.848,4687
1606723200,103.848,104.341,103.827,104.026,9639
1606737600,104.026,104.183,103.902,104.163,9428
1606752000,104.163,104.379,104.061,104.278,15201
1606766400,104.278,104.401,104.239,104.304,5127
1606780800,104.272,104.364,104.223,104.346,8468
1606795200,104.346,104.453,104.314,104.369,6231
1606809600,104.369,104.381,104.174,104.27,9418
1606824000,104.271,104.427,104.265,104.325,9999
1606838400,104.324,104.57,104.303,104.317,16595
1606852800,104.316,104.422,104.282,104.296,5556
1606867200,104.295,104.44,104.216,104.424,11042
1606881600,104.423,104.455,104.335,104.425,5931
1606896000,104.427,104.695,104.417,104.685,10496
1606910400,104.686,104.742,104.513,104.608,11396
1606924800,104.606,104.607,104.415,104.502,12795
1606939200,104.502,104.575,104.391,104.398,5237
1606953600,104.397,104.526,104.393,104.508,13160
1606968000,104.508,104.514,104.418,104.446,5346
1606982400,104.446,104.478,104.22,104.265,8907
1606996800,104.266,104.331,104.013,104.035,9366
1607011200,104.033,104.058,103.662,103.874,14008
1607025600,103.874,103.988,103.823,103.832,5299
1607040000,103.839,103.869,103.729,103.822,5780
1607054400,103.822,103.982,103.809,103.971,4271
1607068800,103.967,104.037,103.818,103.95,9974
1607083200,103.949,104.106,103.816,104.007,11964
1607097600,104.006,104.235,103.887,104.108,14115
1607112000,104.109,104.194,104.063,104.167,4929
1607299200,104.09,104.228,103.998,104.028,5937
1607313600,104.028,104.085,103.933,104.076,4732
1607328000,104.076,104.304,104.063,104.28,9936
1607342400,104.28,104.304,104.017,104.026,9317
1607356800,104.027,104.118,103.914,103.978,11357
1607371200,103.977,104.06,103.947,104.032,6436
1607385600,103.997,104.082,103.946,104.035,16619
1607400000,104.034,104.074,104.01,104.035,5427
1607414400,104.035,104.134,103.989,103.992,8768
1607428800,103.993,104.171,103.956,104.094,11294
1607443200,104.094,104.198,104.017,104.116,11763
1607457600,104.116,104.172,104.108,104.153,4791
1607472000,104.106,104.168,104.097,104.128,12757
1607486400,104.127,104.163,104.107,104.144,4059
1607500800,104.143,104.241,104.053,104.08,8106
1607515200,104.081,104.153,104.044,104.143,7477
1607529600,104.142,104.397,104.126,104.335,12201
1607544000,104.335,104.348,104.176,104.223,5678
1607558400,104.168,104.298,104.13,104.269,9242
1607572800,104.27,104.494,104.268,104.407,7239
1607587200,104.407,104.57,104.407,104.451,7355
1607601600,104.451,104.554,104.308,104.362,10224
1607616000,104.362,104.419,104.205,104.294,13471
1607630400,104.294,104.328,104.164,104.202,6581
1607644800,104.22,104.26,103.918,103.983,10050
1607659200,103.982,104.048,103.929,103.997,4264
1607673600,103.997,104.14,103.987,104.023,6882
1607688000,104.025,104.145,103.939,104.038,8975
1607702400,104.038,104.063,103.815,103.906,9299
1607716800,103.905,104.048,103.9,103.99,3812
1607904000,103.902,104.053,103.842,103.997,8568
1607918400,103.997,104.048,103.946,104.022,5080
1607932800,104.022,104.025,103.74,103.745,9019
1607947200,103.745,103.804,103.539,103.553,9411
1607961600,103.552,104.095,103.502,104.001,12895
1607976000,104.003,104.085,103.983,104.029,3823
1607990400,104.001,104.122,103.971,104.077,5351
1608004800,104.077,104.144,104.026,104.055,4498
1608019200,104.054,104.124,104.016,104.035,8204
1608033600,104.033,104.056,103.756,103.762,9009
1608048000,103.762,103.868,103.669,103.725,8236
1608062400,103.725,103.771,103.598,103.639,3619
1608076800,103.651,103.714,103.565,103.636,10150
1608091200,103.636,103.638,103.405,103.48,4816
1608105600,103.48,103.593,103.27,103.282,7993
1608120000,103.282,103.501,103.253,103.486,7558
1608134400,103.488,103.675,103.443,103.617,9813
1608148800,103.618,103.91,103.391,103.413,10080
1608163200,103.438,103.552,103.328,103.345,8495
1608177600,103.346,103.366,103.237,103.304,5393
1608192000,103.303,103.33,103.061,103.064,8393
1608206400,103.063,103.12,102.923,103.048,9497
1608220800,103.048,103.172,102.865,103.075,10002
1608235200,103.075,103.157,103.038,103.063,4484
1608249600,103.098,103.327,103.075,103.304,8090
1608264000,103.304,103.477,103.26,103.433,7745
1608278400,103.432,103.588,103.298,103.543,10785
1608292800,103.544,103.558,103.185,103.257,10154
1608307200,103.258,103.469,103.214,103.325,10360
1608321600,103.325,103.338,103.269,103.269,2976
1608508800,103.467,103.504,103.243,103.295,7686
1608523200,103.295,103.496,103.259,103.456,7551
1608537600,103.456,103.731,103.399,103.729,11930
1608552000,103.728,103.881,103.442,103.525,18511
1608566400,103.522,103.614,103.376,103.378,9963
1608580800,103.379,103.409,103.271,103.277,6798
1608595200,103.287,103.456,103.272,103.412,7619
1608609600,103.412,103.469,103.338,103.451,5102
1608624000,103.452,103.46,103.348,103.389,8018
1608638400,103.388,103.484,103.308,103.463,9372
1608652800,103.463,103.727,103.425,103.64,11915
1608667200,103.64,103.714,103.569,103.606,4651
1608681600,103.588,103.64,103.493,103.556,6561
1608696000,103.555,103.558,103.422,103.423,4395
1608710400,103.424,103.49,103.347,103.437,7153
1608724800,103.437,103.592,103.397,103.5,8090
1608739200,103.501,103.635,103.379,103.589,12793
1608753600,103.589,103.644,103.485,103.52,6016
1608768000,103.519,103.611,103.488,103.573,5606
1608782400,103.572,103.593,103.493,103.548,4605
1608796800,103.548,103.668,103.54,103.643,5357
1608811200,103.646,103.686,103.6,103.672,4931
1608825600,103.672,103.759,103.601,103.658,4704
1609113600,103.541,103.627,103.445,103.552,6049
1609128000,103.552,103.6,103.397,103.444,3746
1609142400,103.448,103.49,103.395,103.451,4187
1609156800,103.451,103.698,103.438,103.599,9993
1609171200,103.6,103.89,103.595,103.841,8187
1609185600,103.841,103.863,103.766,103.768,4157
1609200000,103.736,103.81,103.657,103.743,5684
1609214400,103.748,103.777,103.615,103.678,4807
1609228800,103.678,103.713,103.591,103.662,5451
1609243200,103.657,103.747,103.618,103.658,6531
1609257600,103.657,103.66,103.455,103.516,8875
1609272000,103.515,103.548,103.495,103.521,3679
1609286400,103.531,103.576,103.326,103.343,6968
1609300800,103.345,103.383,103.254,103.324,5695
1609315200,103.324,103.378,103.195,103.225,5840
1609329600,103.225,103.233,102.982,103.036,8576
1609344000,103.035,103.35,102.952,103.235,9885
1609358400,103.238,103.287,103.195,103.2,2819
1609372800,103.098,103.222,103.094,103.118,2855
1609387200,103.117,103.198,103.07,103.125,4033
1609401600,103.125,103.181,102.985,103.005,8237
1609416000,103.007,103.087,102.988,103.058,7602
1609430400,103.058,103.308,102.987,103.286,8568
1609444800,103.289,103.292,103.262,103.269,52
1609718400,103.157,103.308,102.99,103.048,7175
1609732800,103.048,103.066,102.926,102.997,5138
1609747200,102.997,103.054,102.704,102.736,8879
1609761600,102.734,103.049,102.706,103.019,10501
1609776000,103.019,103.246,102.99,103.166,15160
1609790400,103.166,103.185,103.096,103.12,6598
1609804800,103.089,103.182,103.069,103.118,5825
1609819200,103.118,103.142,102.925,102.944,7005
1609833600,102.944,102.988,102.805,102.827,8674
1609848000,102.828,102.934,102.788,102.908,9747
1609862400,102.908,102.938,102.597,102.642,13412
1609876800,102.642,102.745,102.618,102.709,5076
1609891200,102.652,102.815,102.583,102.767,9783
1609905600,102.763,102.86,102.705,102.779,11321
1609920000,102.779,102.877,102.665,102.855,10352
1609934400,102.856,103.196,102.75,103.169,14645
1609948800,103.167,103.436,103.141,103.199,16930
1609963200,103.2,103.235,102.934,103.033,7668
1609977600,102.972,103.152,102.942,103.137,7529
1609992000,103.137,103.24,103.086,103.204,7371
1610006400,103.203,103.575,103.173,103.559,11308
1610020800,103.558,103.742,103.5,103.616,11792
1610035200,103.616,103.948,103.554,103.874,13797
1610049600,103.873,103.891,103.785,103.817,4913
1610064000,103.77,103.992,103.757,103.881,7722
1610078400,103.88,103.902,103.766,103.895,7491
1610092800,103.895,104.082,103.79,103.8,10494
1610107200,103.801,103.999,103.596,103.625,10383
1610121600,103.628,104.061,103.621,103.977,18079
1610136000,103.976,104.053,103.895,103.941,8793
1610323200,103.848,104.186,103.837,104.164,5791
1610337600,104.166,104.213,104.103,104.178,4373
1610352000,104.174,104.19,104.027,104.096,10320
1610366400,104.096,104.293,104.072,104.266,10154
1610380800,104.266,104.389,104.065,104.17,12563
1610395200,104.171,104.243,104.099,104.231,4108
1610409600,104.148,104.305,104.09,104.228,8998
1610424000,104.23,104.317,104.209,104.229,6432
1610438400,104.226,104.253,104.1,104.151,9192
1610452800,104.152,104.269,104.144,104.239,6911
1610467200,104.24,104.325,104.045,104.066,10700
1610481600,104.065,104.07,103.712,103.741,8316
1610496000,103.772,103.788,103.528,103.551,6167
1610510400,103.552,103.685,103.515,103.676,6863
1610524800,103.676,103.857,103.602,103.833,7629
1610539200,103.832,103.99,103.811,103.862,9456
1610553600,103.863,103.97,103.737,103.87,10210
1610568000,103.869,103.903,103.762,103.845,4745
1610582400,103.839,103.927,103.78,103.836,6538
1610596800,103.836,104.188,103.828,103.977,13980
1610611200,103.977,104.087,103.95,103.967,8429
1610625600,103.967,104.151,103.944,104.056,8013
1610640000,104.056,104.121,103.556,103.642,10453
1610654400,103.641,103.822,103.622,103.789,6679
1610668800,103.718,103.845,103.69,103.733,6180
1610683200,103.734,103.813,103.728,103.796,4024
1610697600,103.796,103.802,103.639,103.65,6988
1610712000,103.65,103.749,103.608,103.748,8036
1610726400,103.748,103.889,103.74,103.801,10615
1610740800,103.8,103.904,103.796,103.859,4216
1610928000,103.792,103.922,103.696,103.719,6189
1610942400,103.718,103.773,103.68,103.72,5971
1610956800,103.721,103.833,103.693,103.803,6328
1610971200,103.803,103.805,103.709,103.716,5531
1610985600,103.716,103.748,103.628,103.695,4951
1611000000,103.694,103.694,103.642,103.672,9478
1611014400,103.654,103.833,103.643,103.826,6270
1611028800,103.825,104.075,103.821,103.981,10363
1611043200,103.981,104.077,103.943,104.006,8837
1611057600,104.006,104.019,103.853,103.91,6787
1611072000,103.907,104.04,103.829,103.87,9901
1611086400,103.871,103.918,103.833,103.897,4415
1611100800,103.869,103.92,103.788,103.8,5747
1611115200,103.8,103.801,103.721,103.738,3957
1611129600,103.739,103.83,103.706,103.784,7734
1611144000,103.785,103.835,103.727,103.737,6409
1611158400,103.738,103.779,103.438,103.593,10122
1611172800,103.594,103.629,103.504,103.528,5208
1611187200,103.505,103.659,103.493,103.545,9938
1611201600,103.544,103.574,103.324,103.36,5811
1611216000,103.359,103.548,103.357,103.414,9426
1611230400,103.415,103.593,103.319,103.57,10279
1611244800,103.569,103.655,103.447,103.542,12431
1611259200,103.542,103.561,103.468,103.484,4371
1611273600,103.465,103.603,103.465,103.574,10276
1611288000,103.574,103.584,103.489,103.578,5721
1611302400,103.573,103.689,103.567,103.65,7312
1611316800,103.649,103.851,103.649,103.825,7260
1611331200,103.826,103.879,103.723,103.805,8294
1611345600,103.806,103.835,103.746,103.75,2769
1611532800,103.777,103.882,103.74,103.832,7180
1611547200,103.831,103.838,103.679,103.709,5008
1611561600,103.708,103.808,103.665,103.791,6532
1611576000,103.791,103.845,103.692,103.764,5636
1611590400,103.763,103.929,103.729,103.779,9111
1611604800,103.778,103.797,103.737,103.748,3424
1611619200,103.719,103.79,103.688,103.694,7743
1611633600,103.694,103.752,103.65,103.723,2799
1611648000,103.723,103.82,103.684,103.781,6562
1611662400,103.781,103.802,103.616,103.649,5609
1611676800,103.649,103.703,103.547,103.669,6444
1611691200,103.669,103.673,103.583,103.611,3863
1611705600,103.65,103.714,103.567,103.685,4227
1611720000,103.687,103.745,103.666,103.674,3900
1611734400,103.675,103.79,103.623,103.779,5775
1611748800,103.78,104.021,103.729,103.974,7403
1611763200,103.973,104.17,103.948,104.059,9900
1611777600,104.058,104.192,104.026,104.104,7195
1611792000,104.08,104.34,104.043,104.28,10044
1611806400,104.281,104.362,104.208,104.229,4056
1611820800,104.229,104.369,104.228,104.286,6702
1611835200,104.286,104.454,104.209,104.279,7149
1611849600,104.28,104.389,104.243,104.265,8767
1611864000,104.266,104.267,104.166,104.253,3940
1611878400,104.203,104.563,104.186,104.475,9005
1611892800,104.476,104.528,104.429,104.468,5207
1611907200,104.469,104.933,104.456,104.858,7509
1611921600,104.858,104.893,104.605,104.667,9390
1611936000,104.666,104.843,104.618,104.695,10038
1611950400,104.695,104.757,104.678,104.704,5237
1612137600,104.758,104.808,104.599,104.684,5122
1612152000,104.684,104.72,104.632,104.651,3326
1612166400,104.65,104.892,104.64,104.866,6167
1612180800,104.867,104.968,104.825,104.929,6643
1612195200,104.929,104.992,104.87,104.988,6491
1612209600,104.987,105.027,104.893,104.932,3403
1612224000,104.89,104.946,104.821,104.866,6110
1612238400,104.867,105.021,104.851,104.961,4501
1612252800,104.961,105.019,104.843,104.916,6429
1612267200,104.916,105.056,104.898,104.974,6842
1612281600,104.975,105.165,104.956,105.09,9048
1612296000,105.091,105.096,104.929,104.936,4116
1612310400,104.908,105.061,104.895,104.946,5394
1612324800,104.945,105.024,104.914,104.996,3347
1612339200,104.995,105.096,104.987,105.065,5049
1612353600,105.065,105.093,104.991,105.029,4774
1612368000,105.03,105.091,104.963,105.0,6022
1612382400,104.999,105.06,104.994,105.02,2821
1612396800,105.009,105.068,104.966,105.062,3471
1612411200,105.061,105.182,105.018,105.135,5204
1612425600,105.134,105.271,105.134,105.224,6435
1612440000,105.225,105.331,105.197,105.299,5628
1612454400,105.298,105.485,105.285,105.442,6909
1612468800,105.442,105.557,105.423,105.549,3281
1612483200,105.49,105.631,105.451,105.502,6335
1612497600,105.503,105.574,105.49,105.502,3898
1612512000,105.503,105.535,105.326,105.464,5376
1612526400,105.464,105.759,105.45,105.673,8501
1612540800,105.674,105.698,105.336,105.338,10367
1612555200,105.338,105.439,105.337,105.355,3722
1612742400,105.297,105.538,105.297,105.473,7684
1612756800,105.472,105.518,105.422,105.493,2705
1612771200,105.493,105.663,105.443,105.596,5228
1612785600,105.597,105.657,105.437,105.473,5237
1612800000,105.474,105.475,105.142,105.18,8564
1612814400,105.18,105.237,105.17,105.224,2343
1612828800,105.181,105.253,105.097,105.118,8949
1612843200,105.118,105.118,104.83,104.888,5367
1612857600,104.888,104.914,104.528,104.559,7620
1612872000,104.559,104.717,104.551,104.611,6008
1612886400,104.611,104.681,104.489,104.554,7795
1612900800,104.553,104.633,104.531,104.549,3477
1612915200,104.592,104.704,104.506,104.639,5202
1612929600,104.639,104.657,104.502,104.555,3081
1612944000,104.555,104.834,104.401,104.782,7269
1612958400,104.783,104.821,104.529,104.629,8108
1612972800,104.63,104.706,104.542,104.625,9761
1612987200,104.625,104.667,104.585,104.585,4220
1613001600,104.543,104.635,104.543,104.559,1952
1613016000,104.56,104.618,104.557,104.585,2176
1613030400,104.585,104.757,104.542,104.658,4455
1613044800,104.655,104.745,104.63,104.679,3907
1613059200,104.68,104.797,104.647,104.74,8759
1613073600,104.74,104.785,104.699,104.734,4818
1613088000,104.698,104.816,104.696,104.801,4525
1613102400,104.803,104.879,104.757,104.861,3362
1613116800,104.862,105.173,104.78,105.03,7125
1613131200,105.031,105.116,104.917,105.063,5651
1613145600,105.063,105.114,104.901,104.919,7238
1613160000,104.92,104.981,104.907,104.915,2644
1613347200,104.898,105.135,104.896,105.015,6458
1613361600,105.016,105.093,104.97,105.039,3169
1613376000,105.038,105.386,105.037,105.371,5590
1613390400,105.369,105.41,105.256,105.382,4081
1613404800,105.379,105.393,105.289,105.29,2934
1613419200,105.291,105.359,105.29,105.352,4395
1613433600,105.338,105.555,105.254,105.497,6304
1613448000,105.498,105.624,105.41,105.449,5084
1613462400,105.45,105.556,105.262,105.309,6220
1613476800,105.308,105.73,105.171,105.718,7987
1613491200,105.722,105.958,105.642,105.877,10491
1613505600,105.877,106.073,105.839,106.038,3006
1613520000,105.968,106.216,105.968,106.023,8359
1613534400,106.026,106.03,105.827,105.863,5146
1613548800,105.862,106.083,105.854,105.953,7094
1613563200,105.953,106.204,105.936,106.132,7281
1613577600,106.132,106.165,105.77,105.783,9658
1613592000,105.785,105.916,105.776,105.857,3935
1613606400,105.841,105.905,105.689,105.757,8691
1613620800,105.758,105.899,105.758,105.861,3553
1613635200,105.859,105.916,105.682,105.691,6159
1613649600,105.69,105.769,105.59,105.615,5794
1613664000,105.619,105.872,105.604,105.642,8074
1613678400,105.643,105.692,105.622,105.654,2552
1613692800,105.65,105.734,105.637,105.69,4132
1613707200,105.69,105.723,105.548,105.577,3798
1613721600,105.57,105.707,105.306,105.374,6872
1613736000,105.374,105.481,105.231,105.418,6554
1613750400,105.419,105.661,105.396,105.425,8551
1613764800,105.426,105.608,105.398,105.402,4124
1613952000,105.371,105.613,105.365,105.576,5399
1613966400,105.577,105.729,105.553,105.65,4994
1613980800,105.649,105.837,105.617,105.642,7038
1613995200,105.643,105.661,105.303,105.344,6863
1614009600,105.343,105.397,104.986,105.04,10476
1614024000,105.04,105.083,104.974,105.067,3030
1614038400,105.046,105.084,104.913,104.944,5244
1614052800,104.943,105.048,104.92,105.041,2514
1614067200,105.041,105.31,105.041,105.265,7437
1614081600,105.268,105.421,105.168,105.373,6592
1614096000,105.372,105.394,105.055,105.232,10177
1614110400,105.231,105.319,105.192,105.239,3338
1614124800,105.175,105.477,105.161,105.41,6976
1614139200,105.409,105.554,105.371,105.527,5826
1614153600,105.525,105.81,105.458,105.766,7260
1614168000,105.767,106.09,105.733,105.991,8833
1614182400,105.992,106.097,105.821,105.879,12691
1614196800,105.88,105.966,105.816,105.834,4885
1614211200,105.81,106.13,105.81,106.112,11388
1614225600,106.113,106.118,105.837,105.878,7130
1614240000,105.876,106.164,105.875,106.037,8519
1614254400,106.037,106.189,106.028,106.144,9711
1614268800,106.142,106.321,106.047,106.314,15837
1614283200,106.313,106.396,105.998,106.234,15176
1614297600,106.166,106.422,106.108,106.135,10654
1614312000,106.135,106.255,105.839,106.186,11527
1614326400,106.187,106.513,106.001,106.478,13893
1614340800,106.478,106.489,106.198,106.301,12299
1614355200,106.301,106.684,106.277,106.638,16702
1614369600,106.637,106.644,106.487,106.509,6459
1614556800,106.508,106.641,106.357,106.624,7531
1614571200,106.627,106.694,106.453,106.521,6615
1614585600,106.521,106.733,106.516,106.718,7115
1614600000,106.719,106.766,106.631,106.64,6470
1614614400,106.64,106.79,106.513,106.774,10654
1614628800,106.773,106.88,106.749,106.758,4501
1614643200,106.652,106.917,106.651,106.883,7748
1614657600,106.882,106.887,106.718,106.818,7912
1614672000,106.817,106.9,106.767,106.88,6342
1614686400,106.881,106.948,106.84,106.914,5812
1614700800,106.913,106.927,106.668,106.731,9363
1614715200,106.731,106.754,106.673,106.681,3412
1614729600,106.677,106.849,106.661,106.817,6047
1614744000,106.816,106.877,106.803,106.859,4025
1614758400,106.86,106.915,106.778,106.883,6413
1614772800,106.882,107.021,106.787,106.877,7323
1614787200,106.877,107.145,106.836,106.946,13610
1614801600,106.947,107.018,106.904,107.014,6021
1614816000,106.949,107.091,106.946,107.012,6104
1614830400,107.011,107.099,107.0,107.053,4971
1614844800,107.053,107.353,107.047,107.331,7424
1614859200,107.331,107.484,107.289,107.473,6132
1614873600,107.473,107.817,107.366,107.78,14444
1614888000,107.782,107.977,107.767,107.965,10804
1614902400,107.922,108.003,107.811,107.859,9072
1614916800,107.86,108.118,107.851,108.101,6088
1614931200,108.101,108.513,108.084,108.445,10098
1614945600,108.446,108.636,108.214,108.456,12882
1614960000,108.457,108.462,108.087,108.274,16604
1614974400,108.275,108.399,108.245,108.378,5511
1615161600,108.321,108.466,108.278,108.397,7167
1615176000,108.4,108.481,108.319,108.34,5615
1615190400,108.34,108.599,108.34,108.556,8433
1615204800,108.557,108.729,108.465,108.684,8190
1615219200,108.683,108.934,108.631,108.876,11524
1615233600,108.875,108.925,108.804,108.907,3860
1615248000,108.834,109.195,108.815,109.188,7488
1615262400,109.188,109.224,109.074,109.174,5827
1615276800,109.173,109.221,108.552,108.663,10429
1615291200,108.665,108.963,108.627,108.867,8975
1615305600,108.868,108.874,108.485,108.517,11392
1615320000,108.518,108.545,108.407,108.48,5352
1615334400,108.432,108.737,108.432,108.691,6878
1615348800,108.691,108.904,108.669,108.878,4868
1615363200,108.878,108.911,108.644,108.668,6840
1615377600,108.667,108.856,108.418,108.461,9222
1615392000,108.462,108.665,108.33,108.5,11660
1615406400,108.499,108.603,108.35,108.389,6157
1615420800,108.37,108.534,108.349,108.497,6376
1615435200,108.499,108.724,108.474,108.692,7044
1615449600,108.692,108.803,108.371,108.463,9050
1615464000,108.463,108.608,108.391,108.557,9632
1615478400,108.558,108.705,108.411,108.521,10386
1615492800,108.522,108.522,108.347,108.494,7215
1615507200,108.487,108.705,108.477,108.644,6934
1615521600,108.643,108.774,108.638,108.738,5259
1615536000,108.739,109.158,108.738,109.104,10534
1615550400,109.103,109.12,108.897,109.071,8746
1615564800,109.067,109.137,108.815,109.028,12002
1615579200,109.029,109.075,108.992,109.02,3741
1615766400,109.007,109.138,108.905,109.052,6782
1615780800,109.053,109.282,109.023,109.274,5522
1615795200,109.275,109.355,108.993,109.096,7775
1615809600,109.097,109.23,109.02,109.209,7929
1615824000,109.21,109.246,109.018,109.137,8883
1615838400,109.138,109.169,109.078,109.135,2773
1615852800,109.123,109.239,109.088,109.193,4097
1615867200,109.194,109.222,109.109,109.17,3410
1615881600,109.171,109.279,109.116,109.188,6588
1615896000,109.187,109.228,108.763,108.831,10141
1615910400,108.831,109.074,108.775,109.003,11141
1615924800,109.003,109.028,108.942,108.981,4180
1615939200,108.98,109.16,108.969,109.128,4297
1615953600,109.128,109.19,109.055,109.167,3443
1615968000,109.166,109.2,109.038,109.084,4845
1615982400,109.084,109.241,109.019,109.181,7318
1615996800,109.179,109.318,109.12,109.237,6763
1616011200,109.237,109.237,108.735,108.837,13964
1616025600,108.836,109.116,108.695,109.054,6718
1616040000,109.054,109.086,108.615,108.858,8316
1616054400,108.859,109.295,108.8,109.025,11731
1616068800,109.026,109.216,108.962,109.169,10954
1616083200,109.168,109.197,108.91,108.984,9669
1616097600,108.983,109.022,108.812,108.912,6106
1616112000,108.906,109.099,108.898,109.024,5840
1616126400,109.024,109.12,108.823,108.88,8037
1616140800,108.881,108.899,108.599,108.84,7520
1616155200,108.839,109.042,108.735,108.996,10752
1616169600,108.995,109.003,108.764,108.862,7677
1616184000,108.861,108.911,108.844,108.844,2977
1616371200,108.578,108.948,108.577,108.876,6458
1616385600,108.877,108.88,108.691,108.798,4237
1616400000,108.799,108.804,108.61,108.646,7314
1616414400,108.647,108.852,108.625,108.758,7507
1616428800,108.759,108.801,108.648,108.75,6094
1616443200,108.751,108.84,108.75,108.824,4595
1616457600,108.823,108.864,108.751,108.766,3996
1616472000,108.768,108.774,108.681,108.737,4023
1616486400,108.737,108.797,108.629,108.652,6959
1616500800,108.651,108.651,108.396,108.626,10486
1616515200,108.627,108.749,108.573,108.709,7518
1616529600,108.707,108.742,108.528,108.608,3706
1616544000,108.603,108.635,108.442,108.468,5180
1616558400,108.467,108.565,108.443,108.531,4863
1616572800,108.532,108.709,108.459,108.627,6855
1616587200,108.627,108.948,108.618,108.872,7133
1616601600,108.873,108.935,108.747,108.78,6732
1616616000,108.78,108.782,108.656,108.722,5736
1616630400,108.72,108.973,108.712,108.913,5346
1616644800,108.912,108.983,108.858,108.929,4607
1616659200,108.929,109.156,108.926,109.044,5569
1616673600,109.044,109.144,109.016,109.096,7640
1616688000,109.094,109.228,109.061,109.117,7564
1616702400,109.119,109.185,109.073,109.162,5838
1616716800,109.158,109.304,109.121,109.2,5496
1616731200,109.201,109.274,109.167,109.242,3708
1616745600,109.242,109.489,109.209,109.463,7014
1616760000,109.464,109.84,109.462,109.8,8563
1616774400,109.799,109.819,109.521,109.671,6947
1616788800,109.672,109.688,109.617,109.647,3127
1616976000,109.69,109.794,109.614,109.66,4927
1616990400,109.658,109.708,109.436,109.538,4885
1617004800,109.539,109.674,109.365,109.624,6568
1617019200,109.625,109.715,109.536,109.687,5804
1617033600,109.686,109.773,109.617,109.734,6815
1617048000,109.733,109.837,109.726,109.827,3330
1617062400,109.764,109.876,109.713,109.839,3862
1617076800,109.839,109.981,109.819,109.932,5203
1617091200,109.934,110.303,109.927,110.242,7617
1617105600,110.242,110.383,110.218,110.338,6124
1617120000,110.337,110.419,110.178,110.279,9417
1617134400,110.28,110.356,110.238,110.343,2473
1617148800,110.305,110.722,110.266,110.686,6615
1617163200,110.681,110.958,110.548,110.857,7340
1617177600,110.857,110.935,110.505,110.507,7812
1617192000,110.507,110.831,110.507,110.699,6467
1617206400,110.702,110.815,110.405,110.6,9977
1617220800,110.6,110.772,110.563,110.709,4893
1617235200,110.657,110.815,110.657,110.78,4163
1617249600,110.781,110.788,110.562,110.691,5435
1617264000,110.69,110.803,110.61,110.761,7393
1617278400,110.761,110.839,110.612,110.688,6351
1617292800,110.69,110.731,110.537,110.575,8654
1617307200,110.575,110.638,110.545,110.599,2874
1617321600,110.562,110.641,110.513,110.613,3000
1617336000,110.614,110.66,110.576,110.593,4243
1617350400,110.592,110.595,110.364,110.381,4041
1617364800,110.382,110.677,110.378,110.603,5058
1617379200,110.601,110.737,110.601,110.688,7286
1617393600,110.686,110.699,110.563,110.57,11709
1617580800,110.627,110.742,110.578,110.613,5479
1617595200,110.614,110.642,110.516,110.64,3385
1617609600,110.64,110.678,110.547,110.593,4277
1617624000,110.595,110.618,110.408,110.469,4355
1617638400,110.471,110.478,109.952,110.085,7793
1617652800,110.087,110.243,110.074,110.171,3571
1617667200,110.14,110.29,110.077,110.256,4257
1617681600,110.256,110.398,110.193,110.242,5971
1617696000,110.243,110.47,110.138,110.392,7577
1617710400,110.392,110.545,109.864,109.895,8071
1617724800,109.896,109.955,109.661,109.874,9883
1617739200,109.873,109.908,109.714,109.731,4574
1617753600,109.697,109.886,109.697,109.765,6894
1617768000,109.765,109.824,109.57,109.708,6925
1617782400,109.709,109.934,109.709,109.85,8247
1617796800,109.849,109.929,109.719,109.865,7368
1617811200,109.866,109.929,109.591,109.705,9541
1617825600,109.706,109.868,109.689,109.826,4465
1617840000,109.803,109.895,109.754,109.768,4375
1617854400,109.769,109.788,109.643,109.661,5253
1617868800,109.661,109.742,109.428,109.445,7277
1617883200,109.446,109.568,108.99,109.07,9035
1617897600,109.072,109.29,109.015,109.238,9422
1617912000,109.238,109.309,109.2,109.259,3848
1617926400,109.202,109.386,109.173,109.251,5237
1617940800,109.25,109.366,109.205,109.361,5163
1617955200,109.362,109.673,109.3,109.65,7097
1617969600,109.65,109.952,109.574,109.869,7785
1617984000,109.869,109.946,109.547,109.628,9168
1617998400,109.628,109.668,109.572,109.652,3161
1618185600,109.609,109.757,109.592,109.752,2977
1618200000,109.752,109.761,109.462,109.524,6770
1618214400,109.524,109.604,109.369,109.461,7161
1618228800,109.463,109.466,109.238,109.321,6135
1618243200,109.32,109.441,109.289,109.397,6295
1618257600,109.396,109.448,109.358,109.369,2792
1618272000,109.363,109.558,109.336,109.54,3464
1618286400,109.541,109.745,109.527,109.696,6342
1618300800,109.697,109.729,109.276,109.317,8784
1618315200,109.316,109.581,109.119,109.276,11217
1618329600,109.279,109.324,109.118,109.178,8739
1618344000,109.179,109.181,109.01,109.046,3824
1618358400,109.047,109.066,108.786,108.809,4556
1618372800,108.805,108.948,108.743,108.943,6045
1618387200,108.944,109.063,108.8,108.974,7837
1618401600,108.973,109.044,108.879,108.941,6728
1618416000,108.942,109.087,108.903,108.945,8655
1618430400,108.944,108.978,108.872,108.932,3127
1618444800,108.918,108.955,108.813,108.868,3730
1618459200,108.868,108.924,108.796,108.861,4366
1618473600,108.86,108.95,108.695,108.766,5952
1618488000,108.767,108.867,108.655,108.793,7111
1618502400,108.793,108.799,108.603,108.687,9862
1618516800,108.688,108.77,108.615,108.747,3986
1618531200,108.71,108.755,108.602,108.755,4264
1618545600,108.754,108.933,108.752,108.799,5879
1618560000,108.799,108.957,108.766,108.845,6743
1618574400,108.845,108.898,108.694,108.843,6850
1618588800,108.839,108.89,108.735,108.774,5844
1618603200,108.776,108.808,108.748,108.776,2102
1618790400,108.722,108.823,108.618,108.689,4536
1618804800,108.689,108.759,108.539,108.656,5568
1618819200,108.655,108.669,108.028,108.073,10901
1618833600,108.074,108.182,108.002,108.075,8211
1618848000,108.075,108.302,108.001,108.055,8633
1618862400,108.056,108.175,108.054,108.125,2771
1618876800,108.12,108.193,107.962,108.169,4510
1618891200,108.169,108.31,108.087,108.148,5618
1618905600,108.149,108.54,108.139,108.469,9425
1618920000,108.468,108.511,108.31,108.444,7545
1618934400,108.445,108.49,108.016,108.122,9037
1618948800,108.122,108.142,108.041,108.073,3176
1618963200,108.082,108.136,107.866,108.079,4986
1618977600,108.079,108.104,107.872,108.049,4814
1618992000,108.05,108.274,107.943,108.203,6382
1619006400,108.202,108.212,107.967,108.045,5978
1619020800,108.046,108.187,107.971,108.093,7461
1619035200,108.092,108.124,108.039,108.043,2790
1619049600,108.065,108.132,107.943,108.016,5730
1619064000,108.015,108.055,107.905,107.96,4113
1619078400,107.96,108.102,107.806,108.03,7013
1619092800,108.029,108.199,107.952,108.117,6245
1619107200,108.115,108.223,107.933,108.195,8753
1619121600,108.196,108.224,107.955,107.961,5244
1619136000,107.928,107.994,107.851,107.87,5190
1619150400,107.87,107.963,107.794,107.893,4404
1619164800,107.893,107.976,107.845,107.903,5463
1619179200,107.904,107.927,107.468,107.507,6585
1619193600,107.506,108.138,107.501,107.967,10430
1619208000,107.968,107.969,107.848,107.856,3230
1619395200,107.903,107.932,107.803,107.872,3836
1619409600,107.87,107.87,107.641,107.709,5565
1619424000,107.71,107.844,107.634,107.702,7855
1619438400,107.703,108.158,107.655,108.064,7177
1619452800,108.064,108.189,107.883,108.117,8077
1619467200,108.118,108.146,108.078,108.085,2720
1619481600,108.06,108.215,108.053,108.123,5092
1619496000,108.123,108.377,108.12,108.215,5693
1619510400,108.214,108.39,108.157,108.343,5984
1619524800,108.343,108.416,108.197,108.269,6371
1619539200,108.27,108.671,108.245,108.662,8148
1619553600,108.661,108.766,108.611,108.73,3196
1619568000,108.698,108.912,108.658,108.907,7393
1619582400,108.906,108.94,108.798,108.842,5016
1619596800,108.842,109.068,108.808,108.91,7220
1619611200,108.911,108.994,108.826,108.953,6703
1619625600,108.952,108.962,108.695,108.842,8297
1619640000,108.841,108.988,108.562,108.597,9203
1619654400,108.575,108.623,108.425,108.444,3240
1619668800,108.444,108.663,108.432,108.57,3614
1619683200,108.569,108.992,108.55,108.968,5989
1619697600,108.969,109.059,108.827,108.903,8983
1619712000,108.906,109.214,108.795,108.888,10610
1619726400,108.888,108.946,108.852,108.911,3168
1619740800,108.911,109.048,108.85,108.922,5346
1619755200,108.922,108.935,108.702,108.798,5968
1619769600,108.798,108.926,108.727,108.898,5755
1619784000,108.897,109.0,108.758,108.969,6307
1619798400,108.968,109.335,108.864,109.295,10838
1619812800,109.294,109.359,109.256,109.333,3575
1620000000,109.268,109.403,109.257,109.335,2414
1620014400,109.335,109.581,109.31,109.573,5196
1620028800,109.574,109.689,109.503,109.623,4925
1620043200,109.623,109.632,109.291,109.369,6128
1620057600,109.369,109.376,108.887,109.126,9321
1620072000,109.125,109.127,109.041,109.06,2945
1620086400,109.029,109.168,108.992,109.094,4479
1620100800,109.094,109.287,109.087,109.275,3525
1620115200,109.274,109.479,109.255,109.412,6039
1620129600,109.413,109.47,109.059,109.085,9203
1620144000,109.085,109.415,109.034,109.272,12528
1620158400,109.273,109.33,109.214,109.283,3706
1620172800,109.318,109.367,109.266,109.323,1993
1620187200,109.323,109.347,109.188,109.32,3851
1620201600,109.319,109.473,109.248,109.352,6814
1620216000,109.352,109.394,109.234,109.314,6260
1620230400,109.314,109.324,109.135,109.291,8249
1620244800,109.291,109.31,109.17,109.184,2646
1620259200,109.176,109.317,109.121,109.294,5366
1620273600,109.294,109.42,109.285,109.388,7880
1620288000,109.388,109.39,109.17,109.216,6450
1620302400,109.216,109.293,109.053,109.292,8974
1620316800,109.293,109.397,109.025,109.096,10038
1620331200,109.097,109.114,108.993,109.076,2817
1620345600,109.08,109.139,108.928,109.112,4075
1620360000,109.113,109.18,109.039,109.063,5413
1620374400,109.064,109.188,109.047,109.121,6066
1620388800,109.121,109.28,108.327,108.572,10321
1620403200,108.572,108.878,108.452,108.653,15181
1620417600,108.653,108.702,108.552,108.566,4372
1620604800,108.549,108.804,108.459,108.737,4920
1620619200,108.737,108.908,108.707,108.851,5767
1620633600,108.851,109.047,108.748,108.775,8451
1620648000,108.776,108.84,108.644,108.683,7728
1620662400,108.686,108.834,108.649,108.802,9123
1620676800,108.802,108.863,108.728,108.826,4792
1620691200,108.781,108.973,108.742,108.942,6700
1620705600,108.94,108.952,108.799,108.804,6182
1620720000,108.804,108.97,108.798,108.816,7000
1620734400,108.816,108.883,108.493,108.561,8652
1620748800,108.56,108.663,108.34,108.528,11169
1620763200,108.528,108.68,108.522,108.611,3562
1620777600,108.633,108.783,108.518,108.768,3682
1620792000,108.767,108.898,108.753,108.849,5998
1620806400,108.85,108.876,108.715,108.743,6626
1620820800,108.742,109.202,108.651,108.991,9552
1620835200,108.991,109.633,108.889,109.622,15745
1620849600,109.62,109.702,109.499,109.694,7467
1620864000,109.628,109.777,109.532,109.6,4920
1620878400,109.6,109.743,109.475,109.683,6154
1620892800,109.684,109.744,109.472,109.561,9234
1620907200,109.562,109.684,109.472,109.573,8624
1620921600,109.573,109.646,109.445,109.457,9323
1620936000,109.457,109.524,109.398,109.449,4655
1620950400,109.42,109.632,109.4,109.575,7239
1620964800,109.575,109.646,109.5,109.524,4228
1620979200,109.523,109.533,109.248,109.272,7142
1620993600,109.272,109.408,109.177,109.319,8330
1621008000,109.317,109.442,109.252,109.401,8146
1621022400,109.402,109.433,109.329,109.335,3177
1621209600,109.274,109.492,109.16,109.423,3502
1621224000,109.424,109.436,109.259,109.382,5240
1621238400,109.382,109.389,109.138,109.199,6333
1621252800,109.199,109.28,109.065,109.255,6483
1621267200,109.256,109.273,109.11,109.11,6333
1621281600,109.109,109.239,109.09,109.232,2578
1621296000,109.193,109.275,109.156,109.203,4283
1621310400,109.202,109.239,109.096,109.194,5378
1621324800,109.195,109.201,108.843,108.849,6924
1621339200,108.848,109.06,108.824,108.921,6731
1621353600,108.921,109.012,108.832,108.931,7251
1621368000,108.933,108.939,108.848,108.88,3102
1621382400,108.875,109.009,108.821,108.994,3878
1621396800,108.994,109.067,108.894,108.955,5262
1621411200,108.954,109.11,108.898,109.044,6944
1621425600,109.045,109.328,109.003,109.017,8068
1621440000,109.017,109.023,108.563,108.806,12122
1621454400,108.805,109.289,108.795,109.206,9384
1621468800,109.197,109.299,109.16,109.191,7154
1621483200,109.19,109.195,109.084,109.152,5752
1621497600,109.151,109.157,108.865,108.907,6559
1621512000,108.908,109.018,108.881,108.977,7128
1621526400,108.973,108.973,108.74,108.782,7618
1621540800,108.781,108.829,108.759,108.782,3569
1621555200,108.747,108.889,108.73,108.822,4105
1621569600,108.819,108.864,108.727,108.766,4011
1621584000,108.766,108.812,108.618,108.626,6812
1621598400,108.627,108.827,108.603,108.704,7157
1621612800,108.704,108.994,108.67,108.984,8362
1621627200,108.984,108.997,108.869,108.938,2472
1621814400,108.904,108.986,108.862,108.974,3117
1621828800,108.973,108.982,108.807,108.836,5086
1621843200,108.835,108.974,108.688,108.906,6291
1621857600,108.907,108.973,108.84,108.895,5956
1621872000,108.894,108.931,108.696,108.782,6589
1621886400,108.783,108.809,108.741,108.759,1937
1621900800,108.715,108.855,108.692,108.779,6752
1621915200,108.779,108.779,108.673,108.707,5435
1621929600,108.706,108.834,108.55,108.729,7425
1621944000,108.729,109.045,108.715,108.972,7575
1621958400,108.97,109.061,108.856,108.879,8394
1621972800,108.879,108.887,108.69,108.76,4077
1621987200,108.765,108.819,108.726,108.758,3689
1622001600,108.756,108.811,108.715,108.77,5289
1622016000,108.769,108.893,108.75,108.854,5789
1622030400,108.856,108.927,108.843,108.906,5574
1622044800,108.907,109.137,108.861,109.081,8012
1622059200,109.082,109.171,109.064,109.137,3635
1622073600,109.098,109.199,109.064,109.152,5109
1622088000,109.152,109.198,109.032,109.087,4337
1622102400,109.088,109.185,109.029,109.168,6412
1622116800,109.168,109.393,109.074,109.347,8616
1622131200,109.348,109.916,109.336,109.869,11086
1622145600,109.869,109.875,109.75,109.833,3772
1622160000,109.774,109.949,109.737,109.918,3636
1622174400,109.917,109.942,109.808,109.842,4635
1622188800,109.843,109.947,109.787,109.838,6234
1622203200,109.837,110.191,109.81,110.188,7769
1622217600,110.187,110.191,109.756,109.769,9741
1622232000,109.769,109.87,109.735,109.813,3979
1622419200,109.774,109.927,109.732,109.758,2799
1622433600,109.758,109.812,109.628,109.657,4939
1622448000,109.657,109.787,109.63,109.649,4208
1622462400,109.649,109.719,109.638,109.645,2757
1622476800,109.645,109.647,109.344,109.472,3907
1622491200,109.472,109.571,109.453,109.531,4948
1622505600,109.558,109.58,109.374,109.401,3295
1622520000,109.399,109.507,109.322,109.504,4237
1622534400,109.505,109.635,109.409,109.569,6770
1622548800,109.568,109.7,109.549,109.634,6059
1622563200,109.634,109.661,109.33,109.428,8597
1622577600,109.427,109.493,109.38,109.487,2629
1622592000,109.471,109.634,109.347,109.618,5528
1622606400,109.617,109.691,109.562,109.683,5029
1622620800,109.683,109.876,109.658,109.847,5950
1622635200,109.848,109.876,109.677,109.72,6300
1622649600,109.721,109.75,109.556,109.616,5317
1622664000,109.616,109.629,109.52,109.561,2356
1622678400,109.529,109.642,109.501,109.603,7276
1622692800,109.604,109.719,109.595,109.708,3210
1622707200,109.709,109.837,109.707,109.784,5459
1622721600,109.785,109.976,109.616,109.955,8125
1622736000,109.954,110.307,109.923,110.267,9144
1622750400,110.268,110.312,110.23,110.294,2717
1622764800,110.264,110.319,110.188,110.22,3068
1622779200,110.22,110.264,110.134,110.257,4962
1622793600,110.257,110.276,110.126,110.133,5565
1622808000,110.134,110.17,109.717,109.751,8151
1622822400,109.75,109.764,109.355,109.486,10081
1622836800,109.488,109.55,109.463,109.514,2400
1623024000,109.517,109.629,109.392,109.568,2919
1623038400,109.569,109.609,109.372,109.418,5213
1623052800,109.419,109.584,109.341,109.358,6037
1623067200,109.359,109.475,109.235,109.275,5257
1623081600,109.278,109.305,109.179,109.273,5963
1623096000,109.272,109.293,109.222,109.247,1586
1623110400,109.234,109.433,109.189,109.374,6300
1623124800,109.373,109.424,109.33,109.404,4204
1623139200,109.404,109.54,109.38,109.477,5534
1623153600,109.477,109.549,109.265,109.387,7639
1623168000,109.389,109.504,109.316,109.486,6782
1623182400,109.485,109.506,109.446,109.473,1998
1623196800,109.489,109.507,109.402,109.441,2445
1623211200,109.442,109.496,109.397,109.47,3057
1623225600,109.47,109.496,109.32,109.472,5352
1623240000,109.472,109.5,109.345,109.394,4685
1623254400,109.393,109.644,109.217,109.641,6963
1623268800,109.641,109.648,109.55,109.62,2924
1623283200,109.614,109.67,109.572,109.613,2679
1623297600,109.614,109.619,109.51,109.568,3540
1623312000,109.569,109.57,109.442,109.478,5600
1623326400,109.478,109.758,109.447,109.64,8764
1623340800,109.639,109.787,109.406,109.421,10706
1623355200,109.42,109.471,109.298,109.315,3131
1623369600,109.294,109.445,109.291,109.408,8451
1623384000,109.409,109.435,109.364,109.394,3513
1623398400,109.393,109.56,109.308,109.536,6722
1623412800,109.536,109.636,109.435,109.622,7195
1623427200,109.623,109.834,109.59,109.679,7013
1623441600,109.679,109.749,109.637,109.653,2260
1623628800,109.624,109.813,109.597,109.81,3470
1623643200,109.81,109.823,109.702,109.75,3626
1623657600,109.751,109.772,109.613,109.648,6121
1623672000,109.649,109.781,109.603,109.747,5923
1623686400,109.746,110.011,109.735,110.01,6928
1623700800,110.008,110.091,109.999,110.07,2100
1623715200,110.05,110.098,110.017,110.074,3343
1623729600,110.073,110.144,110.049,110.077,4021
1623744000,110.076,110.116,109.979,110.116,5830
1623758400,110.115,110.16,110.003,110.092,5820
1623772800,110.093,110.149,110.031,110.1,6264
1623787200,110.099,110.113,110.029,110.055,2635
1623801600,110.039,110.133,110.001,110.125,4597
1623816000,110.126,110.129,110.043,110.055,2614
1623830400,110.055,110.126,109.888,109.931,5245
1623844800,109.931,109.974,109.797,109.861,5436
1623859200,109.861,109.973,109.793,109.881,5296
1623873600,109.882,110.714,109.859,110.696,14383
1623888000,110.641,110.816,110.577,110.742,7420
1623902400,110.743,110.747,110.599,110.669,5706
1623916800,110.669,110.756,110.537,110.641,8700
1623931200,110.64,110.76,110.445,110.482,8568
1623945600,110.486,110.493,110.159,110.303,11454
1623960000,110.303,110.315,110.186,110.223,5018
1623974400,110.17,110.322,110.153,110.303,7093
1623988800,110.302,110.318,110.147,110.21,5021
1624003200,110.211,110.223,109.933,110.129,10227
1624017600,110.129,110.287,110.062,110.249,10064
1624032000,110.248,110.476,110.033,110.222,14496
1624046400,110.222,110.235,110.099,110.206,5851
1624233600,110.243,110.289,110.118,110.221,4407
1624248000,110.222,110.236,109.707,109.787,10474
1624262400,109.788,110.058,109.783,109.925,9808
1624276800,109.924,110.15,109.907,110.123,8367
1624291200,110.124,110.327,110.11,110.156,9235
1624305600,110.155,110.341,110.15,110.312,4350
1624320000,110.242,110.395,110.203,110.253,4203
1624334400,110.254,110.464,110.234,110.444,4839
1624348800,110.444,110.53,110.342,110.471,7063
1624363200,110.472,110.691,110.376,110.686,5617
1624377600,110.687,110.783,110.602,110.694,8317
1624392000,110.695,110.715,110.58,110.657,3707
1624406400,110.607,110.758,110.591,110.72,3380
1624420800,110.721,110.844,110.701,110.786,5191
1624435200,110.785,110.909,110.758,110.897,6801
1624449600,110.896,111.095,110.651,110.824,7624
1624464000,110.823,110.951,110.675,110.951,8517
1624478400,110.951,111.003,110.914,110.954,3411
1624492800,110.943,111.107,110.933,111.009,10187
1624507200,111.01,111.045,110.943,110.958,4552
1624521600,110.958,110.96,110.751,110.862,6812
1624536000,110.862,110.9,110.706,110.74,6836
1624550400,110.739,110.903,110.677,110.879,6645
1624564800,110.878,110.894,110.824,110.867,2857
1624579200,110.799,110.976,110.791,110.923,4047
1624593600,110.923,110.926,110.798,110.859,3915
1624608000,110.859,110.873,110.71,110.72,5312
1624622400,110.719,110.787,110.492,110.529,7099
1624636800,110.528,110.828,110.473,110.817,8547
1624651200,110.818,110.87,110.738,110.775,2979
1624838400,110.765,110.84,110.643,110.694,3254
1624852800,110.694,110.719,110.62,110.644,3819
1624867200,110.643,110.73,110.609,110.712,5399
1624881600,110.713,110.968,110.684,110.843,6658
1624896000,110.842,110.892,110.493,110.553,8322
1624910400,110.55,110.621,110.489,110.593,2746
1624924800,110.617,110.632,110.5,110.521,5089
1624939200,110.521,110.583,110.444,110.573,4671
1624953600,110.573,110.751,110.521,110.591,6482
1624968000,110.593,110.727,110.5,110.678,8181
1624982400,110.678,110.697,110.424,110.518,6946
1624996800,110.519,110.553,110.479,110.535,1863
1625011200,110.449,110.589,110.442,110.554,4073
1625025600,110.555,110.568,110.432,110.495,4687
1625040000,110.495,110.584,110.411,110.457,7015
1625054400,110.457,110.67,110.443,110.636,7142
1625068800,110.636,111.09,110.6,111.081,10397
1625083200,111.08,111.113,111.015,111.096,3536
1625097600,111.089,111.154,111.05,111.073,3247
1625112000,111.069,111.1,111.018,111.091,3484
1625126400,111.09,111.403,111.09,111.395,6672
1625140800,111.396,111.619,111.344,111.384,9092
1625155200,111.385,111.603,111.341,111.562,7681
1625169600,111.563,111.631,111.516,111.516,3033
1625184000,111.514,111.644,111.502,111.637,2984
1625198400,111.635,111.65,111.548,111.578,3752
1625212800,111.577,111.65,111.399,111.463,5783
1625227200,111.463,111.585,111.237,111.256,8630
1625241600,111.259,111.372,111.143,111.212,9085
1625256000,111.213,111.234,110.943,111.008,3024
1625443200,110.984,111.183,110.942,111.134,3356
1625457600,111.136,111.149,111.043,111.13,2897
1625472000,111.13,111.136,110.842,110.893,4980
1625486400,110.892,110.929,110.789,110.917,5401
1625500800,110.918,110.971,110.884,110.89,3170
1625515200,110.889,110.965,110.863,110.925,14550
1625529600,110.923,110.962,110.802,110.855,3317
1625544000,110.854,110.872,110.778,110.824,3658
1625558400,110.824,110.909,110.74,110.781,7313
1625572800,110.781,110.841,110.587,110.709,7943
1625587200,110.712,110.795,110.511,110.622,10741
1625601600,110.623,110.681,110.594,110.608,2927
1625616000,110.61,110.655,110.394,110.408,7844
1625630400,110.409,110.635,110.387,110.517,5714
1625644800,110.518,110.776,110.505,110.741,7526
1625659200,110.741,110.808,110.499,110.577,7821
1625673600,110.576,110.806,110.566,110.663,9290
1625688000,110.664,110.717,110.531,110.6,5033
1625702400,110.634,110.664,110.501,110.533,4859
1625716800,110.532,110.613,110.415,110.522,5399
1625731200,110.522,110.53,109.748,109.843,14922
1625745600,109.843,110.04,109.593,109.663,11714
1625760000,109.663,109.858,109.526,109.795,9470
1625774400,109.794,109.86,109.749,109.749,2821
1625788800,109.724,109.915,109.697,109.866,5317
1625803200,109.866,109.986,109.755,109.984,5462
1625817600,109.984,110.125,109.968,110.087,7714
1625832000,110.087,110.133,109.892,109.974,7609
1625846400,109.974,110.25,109.933,110.192,6217
1625860800,110.193,110.197,110.084,110.1,1829
1626048000,110.124,110.243,110.073,110.113,2919
1626062400,110.113,110.19,110.004,110.172,3344
1626076800,110.172,110.269,109.971,110.084,4387
1626091200,110.083,110.258,110.046,110.199,5043
1626105600,110.198,110.395,110.162,110.369,5263
1626120000,110.37,110.382,110.308,110.345,1737
1626134400,110.347,110.391,110.28,110.377,5648
1626148800,110.377,110.432,110.333,110.418,3081
1626163200,110.418,110.437,110.306,110.341,4239
1626177600,110.341,110.535,110.19,110.503,6975
1626192000,110.505,110.548,110.28,110.412,7850
1626206400,110.412,110.64,110.4,110.621,3504
1626220800,110.612,110.69,110.571,110.618,4442
1626235200,110.619,110.619,110.437,110.493,3366
1626249600,110.493,110.528,110.406,110.501,4670
1626264000,110.501,110.508,110.132,110.173,6139
1626278400,110.173,110.183,109.945,109.976,7772
1626292800,109.975,110.013,109.925,109.936,2168
1626307200,109.947,110.019,109.827,109.895,4485
1626321600,109.894,109.98,109.812,109.883,4163
1626336000,109.883,109.883,109.706,109.741,4712
1626350400,109.741,110.08,109.72,110.058,6377
1626364800,110.057,110.076,109.836,110.035,6476
1626379200,110.035,110.041,109.772,109.833,3049
1626393600,109.828,109.891,109.725,109.876,3041
1626408000,109.875,110.064,109.853,110.003,4249
1626422400,109.999,110.212,109.924,110.077,4764
1626436800,110.078,110.331,110.052,110.307,5529
1626451200,110.308,110.333,110.077,110.095,6573
1626465600,110.095,110.097,110.026,110.054,2019
1626652800,109.991,110.088,109.842,109.86,3466
1626667200,109.859,109.954,109.843,109.907,2634
1626681600,109.907,110.024,109.695,109.726,6582
1626696000,109.727,109.827,109.421,109.468,8296
1626710400,109.467,109.568,109.057,109.378,10732
1626724800,109.377,109.501,109.377,109.441,2991
1626739200,109.339,109.563,109.324,109.497,3617
1626753600,109.496,109.594,109.361,109.448,5231
1626768000,109.449,109.736,109.441,109.607,6779
1626782400,109.607,109.616,109.321,109.519,9124
1626796800,109.519,109.948,109.345,109.893,10791
1626811200,109.893,109.916,109.807,109.848,2572
1626825600,109.811,109.965,109.8,109.952,5123
1626840000,109.953,109.973,109.847,109.87,3362
1626854400,109.87,110.17,109.793,110.088,7141
1626868800,110.09,110.193,109.992,110.178,6415
1626883200,110.177,110.379,110.175,110.297,7470
1626897600,110.297,110.329,110.248,110.282,2957
1626912000,110.264,110.288,110.173,110.178,4688
1626926400,110.177,110.19,110.075,110.138,1989
1626940800,110.138,110.351,110.06,110.243,5354
1626955200,110.242,110.333,110.004,110.06,8560
1626969600,110.06,110.23,110.034,110.118,9020
1626984000,110.118,110.214,110.075,110.152,3600
1626998400,110.092,110.154,110.057,110.126,3071
1627012800,110.125,110.295,110.115,110.26,2519
1627027200,110.26,110.478,110.239,110.475,5743
1627041600,110.476,110.579,110.406,110.475,5817
1627056000,110.475,110.584,110.38,110.537,6867
1627070400,110.536,110.554,110.495,110.539,2248
1627257600,110.451,110.575,110.443,110.445,2906
1627272000,110.444,110.45,110.31,110.331,4808
1627286400,110.33,110.332,110.109,110.215,8968
1627300800,110.216,110.416,110.211,110.358,7941
1627315200,110.358,110.385,110.146,110.312,9641
1627329600,110.313,110.401,110.304,110.372,2104
1627344000,110.368,110.379,110.206,110.212,2519
1627358400,110.213,110.301,110.16,110.2,5411
1627372800,110.201,110.226,109.968,110.064,9825
1627387200,110.065,110.163,109.933,109.943,7673
1627401600,109.944,110.015,109.573,109.617,12519
1627416000,109.616,109.805,109.593,109.8,3508
1627430400,109.764,109.9,109.711,109.863,3039
1627444800,109.864,109.904,109.735,109.762,4928
1627459200,109.761,109.987,109.747,109.913,7202
1627473600,109.914,110.154,109.867,110.138,8071
1627488000,110.137,110.218,110.018,110.036,8935
1627502400,110.037,110.278,109.833,109.898,12491
1627516800,109.901,109.938,109.713,109.739,3448
1627531200,109.739,109.821,109.676,109.772,5666
1627545600,109.774,109.881,109.67,109.804,8345
1627560000,109.803,109.871,109.597,109.749,8510
1627574400,109.749,109.902,109.461,109.518,10542
1627588800,109.519,109.556,109.413,109.476,3288
1627603200,109.462,109.543,109.352,109.541,4437
1627617600,109.541,109.596,109.455,109.519,4797
1627632000,109.52,109.62,109.473,109.488,6506
1627646400,109.488,109.786,109.488,109.765,7183
1627660800,109.764,109.791,109.623,109.779,8788
1627675200,109.779,109.819,109.633,109.648,3145
1627862400,109.644,109.761,109.547,109.623,3364
1627876800,109.622,109.735,109.603,109.694,4208
1627891200,109.694,109.738,109.611,109.641,6373
1627905600,109.642,109.661,109.468,109.528,6667
1627920000,109.527,109.536,109.177,109.242,10713
1627934400,109.242,109.366,109.234,109.311,2213
1627948800,109.304,109.33,109.214,109.299,2936
1627963200,109.298,109.325,109.126,109.175,4964
1627977600,109.175,109.24,109.09,109.14,7113
1627992000,109.142,109.209,109.021,109.03,6552
1628006400,109.029,109.098,108.868,109.054,9830
1628020800,109.055,109.146,109.021,109.021,1786
1628035200,109.021,109.052,108.938,109.009,2030
1628049600,109.01,109.101,108.917,109.074,4393
1628064000,109.073,109.227,109.018,109.183,5112
1628078400,109.185,109.205,108.751,108.76,8148
1628092800,108.759,109.667,108.713,109.51,14518
1628107200,109.51,109.51,109.425,109.469,3730
1628121600,109.468,109.68,109.448,109.677,3204
1628136000,109.678,109.709,109.62,109.66,4129
1628150400,109.66,109.744,109.538,109.592,7188
1628164800,109.593,109.63,109.395,109.584,8680
1628179200,109.583,109.775,109.549,109.73,9529
1628193600,109.729,109.779,109.715,109.77,2622
1628208000,109.77,109.873,109.734,109.857,2463
1628222400,109.856,109.879,109.805,109.808,3046
1628236800,109.807,109.837,109.69,109.774,5976
1628251200,109.774,110.109,109.747,110.105,9098
1628265600,110.106,110.348,110.106,110.258,10835
1628280000,110.258,110.26,110.186,110.214,2432
1628467200,110.243,110.309,110.172,110.254,3389
1628481600,110.253,110.253,110.179,110.205,2262
1628496000,110.206,110.231,110.098,110.18,5849
1628510400,110.18,110.184,110.035,110.134,7080
1628524800,110.134,110.31,110.017,110.264,9695
1628539200,110.264,110.345,110.221,110.334,2579
1628553600,110.323,110.396,110.268,110.319,2637
1628568000,110.318,110.353,110.299,110.318,3451
1628582400,110.317,110.492,110.308,110.479,5525
1628596800,110.478,110.539,110.391,110.482,6563
1628611200,110.483,110.59,110.457,110.587,8127
1628625600,110.587,110.59,110.535,110.571,1697
1628640000,110.564,110.675,110.477,110.664,3839
1628654400,110.664,110.679,110.598,110.668,2983
1628668800,110.668,110.793,110.637,110.788,4913
1628683200,110.788,110.79,110.387,110.468,8139
1628697600,110.469,110.57,110.371,110.407,9775
1628712000,110.407,110.471,110.299,110.426,4499
1628726400,110.416,110.438,110.326,110.338,2591
1628740800,110.339,110.424,110.308,110.409,3802
1628755200,110.409,110.466,110.338,110.35,5006
1628769600,110.349,110.527,110.348,110.452,5796
1628784000,110.453,110.537,110.313,110.392,6747
1628798400,110.392,110.468,110.374,110.421,3056
1628812800,110.403,110.449,110.318,110.413,1810
1628827200,110.413,110.417,110.362,110.401,2527
1628841600,110.401,110.408,110.226,110.265,4836
1628856000,110.266,110.324,110.174,110.187,5003
1628870400,110.188,110.194,109.637,109.664,9753
1628884800,109.664,109.665,109.537,109.591,2953
1629072000,109.556,109.74,109.432,109.492,4062
1629086400,109.492,109.524,109.32,109.428,4415
1629100800,109.428,109.445,109.289,109.306,6287
1629115200,109.307,109.431,109.248,109.304,7721
1629129600,109.304,109.319,109.104,109.228,9246
1629144000,109.229,109.259,109.191,109.254,2033
1629158400,109.252,109.321,109.212,109.228,2221
1629172800,109.229,109.346,109.194,109.334,3560
1629187200,109.335,109.422,109.107,109.295,7383
1629201600,109.294,109.549,109.167,109.524,7780
1629216000,109.523,109.648,109.404,109.537,9098
1629230400,109.536,109.6,109.499,109.578,2578
1629244800,109.567,109.607,109.479,109.506,3024
1629259200,109.507,109.675,109.469,109.608,4154
1629273600,109.607,109.664,109.528,109.616,5235
1629288000,109.615,109.871,109.598,109.857,6301
1629302400,109.858,109.991,109.767,109.975,6858
1629316800,109.975,110.056,109.749,109.753,5603
1629331200,109.759,109.986,109.74,109.975,3001
1629345600,109.975,110.218,109.955,110.164,5156
1629360000,110.163,110.191,109.488,109.597,11280
1629374400,109.597,109.756,109.474,109.674,9609
1629388800,109.673,109.83,109.649,109.767,9244
1629403200,109.768,109.825,109.749,109.771,2676
1629417600,109.755,109.877,109.696,109.835,2518
1629432000,109.836,109.838,109.624,109.74,4916
1629446400,109.74,109.74,109.562,109.671,7840
1629460800,109.672,109.769,109.578,109.769,5982
1629475200,109.769,109.87,109.724,109.803,7724
1629489600,109.804,109.841,109.753,109.782,1866
1629676800,109.682,109.926,109.62,109.86,4319
1629691200,109.859,109.88,109.799,109.854,4056
1629705600,109.853,109.982,109.829,109.925,6883
1629720000,109.926,110.137,109.926,110.031,5492
1629734400,110.03,110.03,109.712,109.763,9157
1629748800,109.764,109.764,109.644,109.676,1555
1629763200,109.671,109.757,109.632,109.753,2741
1629777600,109.752,109.779,109.693,109.763,2850
1629792000,109.764,109.872,109.701,109.786,6017
1629806400,109.785,109.785,109.504,109.522,5712
1629820800,109.521,109.743,109.404,109.696,8665
1629835200,109.697,109.703,109.631,109.675,2704
1629849600,109.658,109.837,109.596,109.81,3425
1629864000,109.811,109.86,109.736,109.741,3058
1629878400,109.742,109.83,109.678,109.736,5523
1629892800,109.736,109.987,109.734,109.974,5856
1629907200,109.975,110.096,109.88,110.045,8271
1629921600,110.044,110.116,109.957,109.98,3090
1629936000,109.971,110.055,109.935,110.037,4151
1629950400,110.037,110.104,109.919,109.982,3337
1629964800,109.982,110.218,109.945,110.172,6387
1629979200,110.173,110.189,109.962,110.123,6911
1629993600,110.121,110.221,109.926,110.129,11420
1630008000,110.128,110.149,109.992,110.073,3295
1630022400,110.046,110.073,109.954,110.048,3112
1630036800,110.048,110.077,109.876,109.914,3745
1630051200,109.915,110.145,109.914,110.105,4886
1630065600,110.104,110.202,110.018,110.074,4979
1630080000,110.073,110.258,109.791,109.794,14132
1630094400,109.794,109.852,109.77,109.84,2279
1630281600,109.845,109.869,109.703,109.716,2226
1630296000,109.716,109.794,109.695,109.743,3562
1630310400,109.741,109.861,109.727,109.836,3510
1630324800,109.837,109.936,109.792,109.931,3284
1630339200,109.932,109.954,109.837,109.894,5411
1630353600,109.894,109.932,109.861,109.921,1278
1630368000,109.917,109.972,109.847,109.87,3343
1630382400,109.871,109.901,109.825,109.898,4376
1630396800,109.899,109.911,109.77,109.893,5333
1630411200,109.894,109.948,109.637,109.703,8180
1630425600,109.704,110.071,109.577,109.959,12360
1630440000,109.96,110.024,109.925,109.986,2959
1630454400,109.987,110.194,109.977,110.174,2874
1630468800,110.173,110.227,110.147,110.225,4131
1630483200,110.225,110.411,110.158,110.364,6141
1630497600,110.363,110.382,110.007,110.02,7054
1630512000,110.016,110.12,109.871,110.031,10001
1630526400,110.03,110.066,109.918,110.033,2381
1630540800,110.018,110.112,109.908,109.968,5443
1630555200,109.967,110.019,109.919,110.019,2558
1630569600,110.019,110.069,109.936,109.993,4534
1630584000,109.994,110.051,109.942,110.012,4389
1630598400,110.011,110.083,109.945,109.999,5718
1630612800,109.999,110.003,109.92,109.926,1141
1630627200,109.92,109.969,109.874,109.878,2564
1630641600,109.879,110.064,109.785,110.023,5310
1630656000,110.023,110.045,109.921,109.964,3865
1630670400,109.964,109.979,109.619,109.848,7747
1630684800,109.847,109.88,109.584,109.627,9128
1630699200,109.628,109.732,109.6,109.695,1584
1630886400,109.664,109.829,109.639,109.803,2562
1630900800,109.804,109.835,109.755,109.797,2867
1630915200,109.797,109.939,109.766,109.883,3372
1630929600,109.883,109.924,109.816,109.828,2678
1630944000,109.829,109.859,109.817,109.853,2340
1630958400,109.852,109.855,109.797,109.814,2347
1630972800,109.812,109.843,109.739,109.774,4107
1630987200,109.774,109.836,109.677,109.806,3824
1631001600,109.805,109.989,109.775,109.916,6173
1631016000,109.917,110.096,109.907,110.079,6464
1631030400,110.079,110.245,110.058,110.208,7009
1631044800,110.208,110.31,110.179,110.278,1860
1631059200,110.274,110.326,110.247,110.249,2066
1631073600,110.249,110.303,110.248,110.298,2623
1631088000,110.299,110.438,110.133,110.151,7229
1631102400,110.151,110.307,110.14,110.234,5375
1631116800,110.235,110.386,110.211,110.273,7347
1631131200,110.273,110.282,110.163,110.257,2116
1631145600,110.247,110.264,110.186,110.203,1935
1631160000,110.202,110.203,110.09,110.144,3962
1631174400,110.143,110.157,109.867,109.88,5976
1631188800,109.88,109.952,109.838,109.891,7815
1631203200,109.89,109.912,109.688,109.693,8212
1631217600,109.693,109.733,109.613,109.724,3873
1631232000,109.713,109.798,109.672,109.695,4712
1631246400,109.695,109.878,109.689,109.872,3767
1631260800,109.873,109.982,109.838,109.885,4374
1631275200,109.886,109.969,109.765,109.882,4594
1631289600,109.882,109.946,109.797,109.92,6375
1631304000,109.92,109.937,109.845,109.899,1731
1631491200,109.876,109.969,109.786,109.96,2834
1631505600,109.961,109.971,109.883,109.966,2932
1631520000,109.967,110.15,109.945,110.109,4789
1631534400,110.108,110.13,110.006,110.055,4123
1631548800,110.056,110.065,109.889,109.991,6198
1631563200,109.992,110.028,109.974,109.996,1576
1631577600,109.984,110.042,109.936,110.027,1882
1631592000,110.027,110.101,110.026,110.054,3286
1631606400,110.054,110.086,109.945,110.031,4697
1631620800,110.03,110.153,109.855,109.868,6516
1631635200,109.869,109.901,109.586,109.623,10634
1631649600,109.624,109.675,109.519,109.67,2436
1631664000,109.657,109.735,109.55,109.564,3011
1631678400,109.565,109.648,109.537,109.613,3288
1631692800,109.613,109.614,109.299,109.318,5919
1631707200,109.317,109.421,109.104,109.371,7707
1631721600,109.37,109.401,109.195,109.383,8350
1631736000,109.384,109.444,109.339,109.364,1558
1631750400,109.36,109.456,109.306,109.378,3126
1631764800,109.378,109.378,109.214,109.276,3206
1631779200,109.277,109.385,109.205,109.377,5387
1631793600,109.375,109.692,109.317,109.683,6688
1631808000,109.683,109.82,109.599,109.727,6853
1631822400,109.727,109.74,109.679,109.728,2653
1631836800,109.719,109.809,109.659,109.792,3276
1631851200,109.791,109.91,109.767,109.824,3430
1631865600,109.823,109.972,109.807,109.969,5256
1631880000,109.968,110.023,109.912,110.013,5024
1631894400,110.012,110.073,109.865,109.971,8300
1631908800,109.97,109.971,109.902,109.958,2114
1632096000,109.917,110.029,109.853,110.006,1378
1632110400,110.006,110.006,109.849,109.909,2887
1632124800,109.909,109.918,109.648,109.671,7862
1632139200,109.672,109.706,109.421,109.489,10016
1632153600,109.49,109.64,109.388,109.397,9502
1632168000,109.396,109.42,109.314,109.368,4023
1632182400,109.363,109.572,109.328,109.543,5123
1632196800,109.544,109.625,109.468,109.569,4340
1632211200,109.569,109.698,109.489,109.547,6601
1632225600,109.546,109.575,109.253,109.277,6625
1632240000,109.276,109.354,109.178,109.246,11087
1632254400,109.246,109.292,109.175,109.205,2996
1632268800,109.2,109.276,109.113,109.237,4482
1632283200,109.239,109.514,109.174,109.51,7437
1632297600,109.51,109.597,109.401,109.5,6560
1632312000,109.499,109.606,109.465,109.591,4767
1632326400,109.591,109.636,109.488,109.593,6676
1632340800,109.592,109.892,109.504,109.803,13958
1632355200,109.784,109.88,109.718,109.842,2120
1632369600,109.843,109.915,109.788,109.802,2271
1632384000,109.801,109.981,109.79,109.935,5241
1632398400,109.934,110.092,109.748,110.069,9442
1632412800,110.069,110.192,110.039,110.168,7743
1632427200,110.168,110.34,110.148,110.319,2158
1632441600,110.311,110.41,110.245,110.363,3362
1632456000,110.363,110.44,110.307,110.43,3582
1632470400,110.431,110.562,110.305,110.414,6834
1632484800,110.413,110.58,110.345,110.546,6487
1632499200,110.545,110.757,110.533,110.747,6939
1632513600,110.746,110.785,110.723,110.726,1740
1632700800,110.678,110.796,110.63,110.729,2900
1632715200,110.729,110.734,110.526,110.542,3566
1632729600,110.544,110.94,110.542,110.903,5924
1632744000,110.903,111.057,110.804,110.861,8360
1632758400,110.861,111.015,110.772,110.989,7660
1632772800,110.989,111.024,110.945,111.002,1880
1632787200,110.996,111.032,110.926,111.026,3824
1632801600,111.027,111.233,110.998,111.149,3860
1632816000,111.149,111.415,111.111,111.279,8729
1632830400,111.28,111.631,111.236,111.548,9312
1632844800,111.546,111.622,111.225,111.412,14315
1632859200,111.411,111.612,111.408,111.499,4440
1632873600,111.487,111.673,111.443,111.641,2873
1632888000,111.642,111.674,111.335,111.489,5478
1632902400,111.488,111.555,111.197,111.314,11415
1632916800,111.314,111.577,111.233,111.567,7611
1632931200,111.568,111.941,111.491,111.938,9155
1632945600,111.938,112.04,111.919,111.971,3401
1632960000,111.963,111.984,111.847,111.875,3423
1632974400,111.874,111.978,111.787,111.924,4401
1632988800,111.923,112.053,111.807,111.943,7532
1633003200,111.943,112.069,111.854,111.87,7508
1633017600,111.869,111.958,111.403,111.427,14718
1633032000,111.427,111.476,111.23,111.269,4171
1633046400,111.26,111.48,111.229,111.391,3842
1633060800,111.391,111.408,111.109,111.164,7282
1633075200,111.164,111.288,111.041,111.103,10590
1633089600,111.103,111.251,110.953,110.981,10385
1633104000,110.98,111.13,110.897,110.991,14770
1633118400,110.992,111.112,110.979,111.055,2500
1633305600,110.936,111.01,110.876,110.944,4001
1633320000,110.942,111.108,110.918,111.037,6108
1633334400,111.036,111.238,110.959,111.196,8687
1633348800,111.197,111.292,110.903,111.058,7049
1633363200,111.057,111.225,110.814,110.86,14163
1633377600,110.859,110.992,110.842,110.909,3493
1633392000,110.907,110.991,110.862,110.924,5470
1633406400,110.923,111.194,110.918,111.181,6493
1633420800,111.181,111.25,111.066,111.16,9192
1633435200,111.159,111.306,111.107,111.257,5969
1633449600,111.258,111.553,111.229,111.449,9718
1633464000,111.447,111.514,111.401,111.456,2239
1633478400,111.454,111.633,111.405,111.629,3377
1633492800,111.629,111.759,111.54,111.748,6686
1633507200,111.748,111.78,111.475,111.57,11510
1633521600,111.57,111.581,111.269,111.338,12437
1633536000,111.337,111.423,111.192,111.378,10230
1633550400,111.379,111.488,111.342,111.422,3134
1633564800,111.412,111.433,111.304,111.375,3976
1633579200,111.374,111.499,111.359,111.406,3939
1633593600,111.408,111.504,111.222,111.408,7523
1633608000,111.408,111.521,111.277,111.445,6994
1633622400,111.446,111.616,111.376,111.616,8293
1633636800,111.617,111.643,111.552,111.628,2090
1633651200,111.621,111.75,111.574,111.709,2836
1633665600,111.708,111.92,111.708,111.916,4498
1633680000,111.917,111.99,111.856,111.95,6656
1633694400,111.95,111.952,111.501,111.586,11697
1633708800,111.586,112.206,111.543,112.189,13534
1633723200,112.188,112.244,112.127,112.215,2510
1633910400,112.143,112.317,112.125,112.293,3117
1633924800,112.292,112.714,112.288,112.67,5434
1633939200,112.669,112.944,112.632,112.902,7437
1633953600,112.902,113.233,112.863,113.181,6136
1633968000,113.182,113.402,113.041,113.398,5790
1633982400,113.397,113.397,113.266,113.313,2550
1633996800,113.302,113.478,113.099,113.443,4691
1634011200,113.445,113.479,113.2,113.332,5615
1634025600,113.331,113.419,112.993,113.367,9867
1634040000,113.366,113.779,113.225,113.654,8879
1634054400,113.653,113.718,113.446,113.632,13003
1634068800,113.632,113.677,113.552,113.596,2652
1634083200,113.59,113.603,113.432,113.432,4269
1634097600,113.431,113.484,113.338,113.457,4036
1634112000,113.457,113.602,113.393,113.547,6375
1634126400,113.546,113.794,113.498,113.652,8326
1634140800,113.651,113.713,113.221,113.441,13653
1634155200,113.441,113.48,113.237,113.244,4207
1634169600,113.242,113.383,113.203,113.36,2830
1634184000,113.36,113.573,113.353,113.537,3679
1634198400,113.536,113.586,113.301,113.414,7502
1634212800,113.414,113.541,113.277,113.501,7060
1634227200,113.5,113.709,113.458,113.63,8148
1634241600,113.63,113.696,113.584,113.671,2828
1634256000,113.667,113.918,113.618,113.876,5970
1634270400,113.877,113.97,113.808,113.959,5009
1634284800,113.959,114.305,113.948,114.29,9833
1634299200,114.289,114.455,114.237,114.442,8970
1634313600,114.441,114.453,113.979,114.272,11275
1634328000,114.273,114.322,114.181,114.245,2228
1634515200,114.165,114.355,114.119,114.242,5191
1634529600,114.243,114.441,114.006,114.336,7905
1634544000,114.335,114.443,114.213,114.359,9978
1634558400,114.358,114.425,114.112,114.266,10654
1634572800,114.265,114.314,114.13,114.216,9757
1634587200,114.215,114.335,114.173,114.311,2379
1634601600,114.308,114.345,114.098,114.114,2918
1634616000,114.113,114.232,114.072,114.18,5440
1634630400,114.179,114.191,113.869,113.938,9562
1634644800,113.938,114.327,113.915,114.267,8028
1634659200,114.267,114.291,114.158,114.282,7530
1634673600,114.281,114.388,114.223,114.382,1800
1634688000,114.364,114.691,114.299,114.615,4745
1634702400,114.616,114.631,114.436,114.525,6239
1634716800,114.526,114.575,114.28,114.419,9722
1634731200,114.418,114.523,114.133,114.195,7962
1634745600,114.196,114.35,114.078,114.089,10095
1634760000,114.088,114.355,114.07,114.326,3643
1634774400,114.298,114.406,114.202,114.273,4916
1634788800,114.274,114.401,113.937,114.08,7563
1634803200,114.079,114.127,113.9,114.003,9420
1634817600,114.004,114.2,113.836,113.949,7870
1634832000,113.946,113.954,113.642,113.67,12009
1634846400,113.671,114.038,113.67,114.003,3927
1634860800,113.995,114.122,113.808,114.099,4646
1634875200,114.098,114.198,113.993,114.031,6406
1634889600,114.03,114.069,113.836,113.93,8473
1634904000,113.929,113.979,113.731,113.739,6985
1634918400,113.739,113.863,113.426,113.456,13842
1634932800,113.458,113.565,113.405,113.48,4306
1635120000,113.545,113.725,113.438,113.679,4223
1635134400,113.679,113.818,113.576,113.646,7911
1635148800,113.645,113.73,113.507,113.578,7635
1635163200,113.579,113.916,113.552,113.872,6900
1635177600,113.871,113.889,113.584,113.719,8562
1635192000,113.72,113.738,113.617,113.707,1949
1635206400,113.705,113.849,113.677,113.838,2657
1635220800,113.838,113.956,113.808,113.935,4393
1635235200,113.934,114.072,113.861,113.989,7227
1635249600,113.989,114.176,113.899,114.129,7464
1635264000,114.127,114.303,114.063,114.167,8172
1635278400,114.168,114.173,114.081,114.136,2130
1635292800,114.132,114.211,114.062,114.158,4562
1635307200,114.157,114.2,113.926,113.993,5161
1635321600,113.994,114.09,113.632,113.691,9017
1635336000,113.691,113.797,113.528,113.694,11036
1635350400,113.695,113.832,113.378,113.717,15447
1635364800,113.718,113.86,113.629,113.814,5061
1635379200,113.811,113.858,113.722,113.788,3363
1635393600,113.788,113.806,113.494,113.553,7212
1635408000,113.553,113.739,113.493,113.641,10178
1635422400,113.642,113.714,113.508,113.681,11548
1635436800,113.679,113.711,113.246,113.44,16232
1635451200,113.44,113.587,113.428,113.542,3535
1635465600,113.546,113.704,113.511,113.539,4069
1635480000,113.54,113.677,113.385,113.618,8181
1635494400,113.62,113.736,113.495,113.7,9993
1635508800,113.696,113.929,113.674,113.867,9705
1635523200,113.868,114.088,113.713,114.082,14948
1635537600,114.081,114.081,113.867,113.951,4030
1635724800,114.098,114.247,114.017,114.148,6179
1635739200,114.147,114.306,114.052,114.227,5419
1635753600,114.227,114.434,114.187,114.237,8632
1635768000,114.237,114.303,114.119,114.161,9768
1635782400,114.163,114.253,114.066,114.077,8499
1635796800,114.078,114.085,113.93,113.984,3418
1635811200,113.987,114.125,113.927,113.951,4678
1635825600,113.951,113.995,113.586,113.678,7961
1635840000,113.679,113.722,113.454,113.518,9719
1635854400,113.519,113.858,113.485,113.751,8925
1635868800,113.751,113.936,113.67,113.862,9036
1635883200,113.861,113.98,113.86,113.94,3082
1635897600,113.942,114.001,113.834,113.869,2074
1635912000,113.87,113.882,113.736,113.852,2108
1635926400,113.853,113.937,113.805,113.845,4497
1635940800,113.844,113.984,113.712,113.942,8049
1635955200,113.992,114.143,113.924,113.945,8231
1635969600,113.944,114.211,113.754,114.005,14762
1635984000,113.971,114.232,113.96,114.203,4509
1635998400,114.202,114.236,114.115,114.15,3998
1636012800,114.151,114.269,113.909,114.032,8322
1636027200,114.032,114.041,113.749,113.805,13960
1636041600,113.805,113.841,113.499,113.672,14244
1636056000,113.673,113.779,113.665,113.734,2392
1636070400,113.737,113.851,113.578,113.585,5466
1636084800,113.585,113.732,113.547,113.643,5011
1636099200,113.643,113.831,113.592,113.809,7399
1636113600,113.808,114.021,113.49,113.629,15154
1636128000,113.626,113.713,113.292,113.368,12367
1636142400,113.367,113.409,113.308,113.359,2643
1636329600,113.347,113.628,113.347,113.588,4998
1636344000,113.589,113.658,113.54,113.563,4450
1636358400,113.56,113.628,113.351,113.384,7584
1636372800,113.384,113.498,113.308,113.351,6036
1636387200,113.35,113.414,113.074,113.229,9555
1636401600,113.229,113.285,113.184,113.21,2448
1636416000,113.21,113.28,113.075,113.122,3814
1636430400,113.121,113.121,112.717,112.763,7446
1636444800,112.764,112.996,112.736,112.84,7358
1636459200,112.841,113.105,112.8,112.867,8341
1636473600,112.867,112.996,112.731,112.828,11804
1636488000,112.828,112.926,112.797,112.871,4331
1636502400,112.859,112.947,112.8,112.903,4335
1636516800,112.904,112.909,112.767,112.873,3536
1636531200,112.874,113.228,112.855,113.208,7013
1636545600,113.207,113.483,113.132,113.436,9466
1636560000,113.437,113.971,113.337,113.921,15170
1636574400,113.921,114.006,113.723,113.892,9220
1636588800,113.894,114.08,113.825,114.057,5574
1636603200,114.056,114.148,113.912,113.936,4361
1636617600,113.935,114.125,113.867,114.071,6721
1636632000,114.072,114.072,113.799,113.865,7157
1636646400,113.865,114.08,113.8,114.08,5842
1636660800,114.079,114.099,114.037,114.053,1700
1636675200,114.053,114.293,114.024,114.274,4556
1636689600,114.274,114.275,114.156,114.197,3990
1636704000,114.197,114.245,113.942,114.023,7146
1636718400,114.022,114.122,113.914,113.952,7125
1636732800,113.952,113.999,113.751,113.901,11208
1636747200,113.901,113.949,113.814,113.891,4112
1636934400,113.914,114.035,113.742,113.771,4226
1636948800,113.772,113.873,113.764,113.812,4948
1636963200,113.811,114.005,113.796,113.817,6645
1636977600,113.816,113.89,113.8,113.866,6143
1636992000,113.865,114.077,113.862,114.061,9754
1637006400,114.062,114.209,114.028,114.125,3103
1637020800,114.118,114.297,114.089,114.281,4711
1637035200,114.282,114.304,114.094,114.136,4875
1637049600,114.137,114.283,114.109,114.185,6977
1637064000,114.185,114.43,114.184,114.416,8670
1637078400,114.417,114.646,114.403,114.611,11506
1637092800,114.61,114.839,114.561,114.822,4444
1637107200,114.811,114.96,114.69,114.792,4877
1637121600,114.791,114.929,114.768,114.902,5710
1637136000,114.903,114.938,114.787,114.824,7504
1637150400,114.825,114.831,114.544,114.723,8246
1637164800,114.722,114.758,113.989,114.065,12669
1637179200,114.066,114.189,113.925,114.087,5757
1637193600,114.07,114.231,114.0,114.043,5445
1637208000,114.042,114.264,113.868,114.171,7087
1637222400,114.171,114.245,113.969,114.177,7176
1637236800,114.176,114.382,114.115,114.348,7648
1637251200,114.349,114.478,114.154,114.231,11542
1637265600,114.231,114.272,114.182,114.234,3213
1637280000,114.239,114.359,114.211,114.312,4875
1637294400,114.313,114.39,114.3,114.344,3946
1637308800,114.343,114.532,113.887,113.999,10639
1637323200,113.997,114.035,113.578,113.805,17305
1637337600,113.802,114.062,113.667,113.972,16481
1637352000,113.973,114.049,113.874,114.007,4966
1637539200,113.91,114.175,113.891,114.156,5910
1637553600,114.155,114.206,114.097,114.125,4428
1637568000,114.124,114.26,114.059,114.123,8624
1637582400,114.123,114.229,114.055,114.142,8397
1637596800,114.144,114.837,114.138,114.825,15452
1637611200,114.822,114.952,114.803,114.857,4542
1637625600,114.858,114.889,114.73,114.822,3073
1637640000,114.821,115.131,114.818,115.104,5086
1637654400,115.104,115.146,114.471,114.757,16431
1637668800,114.756,115.033,114.704,114.975,11374
1637683200,114.976,115.087,114.892,114.986,12826
1637697600,114.986,115.181,114.921,115.117,5226
1637712000,115.116,115.228,115.022,115.148,5313
1637726400,115.149,115.153,114.902,114.919,6670
1637740800,114.919,115.105,114.815,114.962,10406
1637755200,114.963,115.245,114.941,115.154,10516
1637769600,115.153,115.471,115.109,115.442,14881
1637784000,115.439,115.512,115.356,115.411,4527
1637798400,115.406,115.448,115.297,115.383,3639
1637812800,115.383,115.394,115.341,115.376,2451
1637827200,115.375,115.423,115.297,115.352,4985
1637841600,115.351,115.355,115.233,115.319,3949
1637856000,115.318,115.383,115.292,115.341,2990
1637870400,115.344,115.379,115.315,115.32,10371
1637884800,115.314,115.357,114.667,114.863,10542
1637899200,114.864,114.949,114.583,114.645,10305
1637913600,114.646,114.654,113.641,113.951,24029
1637928000,113.951,114.202,113.781,113.856,19026
1637942400,113.857,113.915,113.041,113.059,21174
1637956800,113.06,113.49,113.05,113.49,8313
1638144000,113.5,113.868,113.322,113.651,14143
1638158400,113.658,113.738,113.233,113.275,10810
1638172800,113.277,113.631,112.983,113.328,17904
1638187200,113.327,113.787,113.306,113.774,10617
1638201600,113.77,113.947,113.548,113.762,12402
1638216000,113.763,113.794,113.513,113.527,4300
1638230400,113.524,113.884,113.513,113.714,5912
1638244800,113.713,113.737,113.026,113.07,11569
1638259200,113.07,113.232,112.674,112.839,21243
1638273600,112.838,113.11,112.685,112.795,14458
1638288000,112.793,113.694,112.523,113.102,24698
1638302400,113.1,113.198,112.989,113.124,7408
1638316800,113.121,113.542,113.076,113.479,8690
1638331200,113.48,113.522,113.326,113.435,7245
1638345600,113.436,113.619,113.276,113.455,12429
1638360000,113.456,113.469,113.103,113.131,9616
1638374400,113.128,113.146,112.698,112.751,17709
1638388800,112.751,112.876,112.664,112.777,8223
1638403200,112.756,113.07,112.676,113.052,8205
1638417600,113.053,113.123,112.927,113.107,7564
1638432000,113.107,113.322,113.007,113.137,11837
1638446400,113.139,113.154,112.699,112.836,14459
1638460800,112.836,113.234,112.725,113.188,18949
1638475200,113.189,113.199,113.094,113.18,5204
1638489600,113.123,113.212,112.928,113.066,6358
1638504000,113.067,113.248,113.067,113.204,5461
1638518400,113.204,113.479,113.172,113.305,8289
1638532800,113.306,113.449,112.977,113.408,11679
1638547200,113.408,113.603,112.79,112.822,21065
1638561600,112.822,112.855,112.549,112.775,8169
1638748800,112.814,113.07,112.814,113.007,7129
1638763200,113.006,113.06,112.946,113.033,5960
1638777600,113.033,113.365,113.004,113.243,13075
1638792000,113.243,113.255,113.062,113.214,9724
1638806400,113.213,113.478,113.077,113.45,16015
1638820800,113.45,113.544,113.428,113.479,5864
1638835200,113.435,113.58,113.392,113.548,5347
1638849600,113.548,113.724,113.447,113.717,6666
1638864000,113.718,113.735,113.576,113.649,9352
1638878400,113.648,113.771,113.447,113.758,8848
1638892800,113.757,113.761,113.516,113.719,11605
1638907200,113.719,113.723,113.457,113.561,5054
1638921600,113.455,113.578,113.349,113.474,5884
1638936000,113.474,113.545,113.423,113.493,6928
1638950400,113.494,113.623,113.317,113.499,9056
1638964800,113.5,113.921,113.303,113.864,16986
1638979200,113.863,113.948,113.644,113.652,14618
1638993600,113.652,113.722,113.588,113.68,4604
1639008000,113.656,113.804,113.649,113.712,3416
1639022400,113.713,113.765,113.577,113.623,3757
1639036800,113.624,113.66,113.338,113.551,8279
1639051200,113.549,113.56,113.262,113.337,10237
1639065600,113.338,113.556,113.336,113.536,12109
1639080000,113.535,113.645,113.374,113.45,6105
1639094400,113.339,113.515,113.323,113.385,5600
1639108800,113.387,113.566,113.381,113.454,7215
1639123200,113.454,113.691,113.438,113.668,10461
1639137600,113.67,113.785,113.462,113.503,10682
1639152000,113.505,113.528,113.213,113.333,13630
1639166400,113.335,113.457,113.319,113.364,3422
1639353600,113.355,113.55,113.299,113.523,4798
1639368000,113.522,113.563,113.436,113.491,4084
1639382400,113.49,113.718,113.482,113.697,6739
1639396800,113.698,113.719,113.545,113.634,7147
1639411200,113.637,113.646,113.362,113.456,11122
1639425600,113.457,113.598,113.408,113.571,4533
1639440000,113.539,113.658,113.501,113.609,4231
1639454400,113.609,113.64,113.461,113.583,5415
1639468800,113.584,113.747,113.514,113.593,8687
1639483200,113.593,113.607,113.419,113.548,8272
1639497600,113.547,113.734,113.534,113.653,14440
1639512000,113.654,113.75,113.652,113.744,4400
1639526400,113.698,113.792,113.661,113.722,3934
1639540800,113.72,113.768,113.674,113.718,3591
1639555200,113.719,113.747,113.621,113.735,6517
1639569600,113.733,113.886,113.716,113.832,7350
1639584000,113.831,113.906,113.74,113.899,8466
1639598400,113.899,114.26,113.866,114.041,14233
1639612800,114.024,114.239,113.967,114.091,5376
1639627200,114.093,114.156,114.03,114.142,4626
1639641600,114.142,114.206,114.045,114.137,8340
1639656000,114.136,114.189,114.071,114.116,10485
1639670400,114.115,114.116,113.551,113.626,14832
1639684800,113.627,113.725,113.566,113.674,4720
1639699200,113.67,113.85,113.598,113.667,5750
1639713600,113.668,113.718,113.434,113.569,7682
1639728000,113.569,113.69,113.478,113.576,9383
1639742400,113.574,113.591,113.132,113.326,10343
1639756800,113.326,113.641,113.274,113.632,12508
1639771200,113.631,113.752,113.588,113.696,5100
1639958400,113.576,113.701,113.493,113.515,6258
1639972800,113.516,113.594,113.403,113.443,6739
1639987200,113.444,113.54,113.333,113.487,10582
1640001600,113.486,113.683,113.486,113.521,8627
1640016000,113.519,113.568,113.318,113.513,11026
1640030400,113.512,113.723,113.503,113.611,4057
1640044800,113.594,113.7,113.538,113.659,4094
1640059200,113.658,113.738,113.623,113.72,4024
1640073600,113.721,113.767,113.547,113.63,6597
1640088000,113.63,113.771,113.611,113.757,5446
1640102400,113.758,114.212,113.758,114.201,7130
1640116800,114.2,114.2,114.064,114.086,2571
1640131200,114.081,114.168,113.938,114.099,3954
1640145600,114.098,114.144,114.03,114.117,3306
1640160000,114.117,114.31,114.109,114.285,5043
1640174400,114.283,114.325,114.156,114.172,5300
1640188800,114.171,114.362,114.114,114.202,7285
1640203200,114.204,114.241,114.063,114.099,2370
1640217600,114.064,114.204,114.048,114.11,3104
1640232000,114.111,114.17,114.097,114.17,2095
1640246400,114.169,114.332,114.149,114.299,4112
1640260800,114.302,114.405,114.24,114.293,5043
1640275200,114.294,114.441,114.231,114.407,6599
1640289600,114.408,114.459,114.37,114.401,1568
1640304000,114.414,114.505,114.339,114.345,3966
1640318400,114.344,114.438,114.291,114.38,5333
1640332800,114.378,114.406,114.328,114.39,2506
1640347200,114.391,114.392,114.326,114.353,1582
1640361600,114.353,114.381,114.331,114.362,2721
1640563200,114.333,114.414,114.3,114.393,3365
1640577600,114.4,114.463,114.371,114.421,2815
1640592000,114.421,114.688,114.399,114.662,3938
1640606400,114.663,114.742,114.6,114.735,3060
1640620800,114.733,114.906,114.673,114.884,4587
1640635200,114.888,114.904,114.851,114.871,1545
1640649600,114.814,114.941,114.752,114.873,3138
1640664000,114.872,114.919,114.798,114.865,2993
1640678400,114.866,114.898,114.737,114.781,3424
1640692800,114.78,114.887,114.703,114.717,3218
1640707200,114.718,114.866,114.697,114.743,5198
1640721600,114.744,114.83,114.743,114.804,2054
1640736000,114.798,114.848,114.732,114.789,2556
1640750400,114.788,114.88,114.74,114.864,3016
1640764800,114.865,114.999,114.863,114.991,3430
1640779200,114.99,115.03,114.823,114.942,4652
1640793600,114.94,114.977,114.661,114.95,7882
1640808000,114.95,114.996,114.919,114.968,2593
1640822400,114.952,115.052,114.896,115.023,3060
1640836800,115.024,115.117,114.973,115.107,2887
1640851200,115.106,115.198,115.084,115.159,4397
1640865600,115.159,115.181,115.011,115.168,4778
1640880000,115.169,115.191,115.047,115.171,5639
1640894400,115.171,115.172,115.023,115.059,1918
1640908800,115.049,115.067,115.01,115.052,2235
1640923200,115.051,115.101,115.04,115.088,1544
1640937600,115.089,115.149,114.995,115.111,3563
1640952000,115.11,115.147,115.073,115.097,3786
1640966400,115.098,115.189,115.004,115.017,6412
1640980800,115.015,115.021,115.015,115.019,31
1641168000,115.043,115.282,115.043,115.204,2934
1641182400,115.204,115.308,115.197,115.3,2143
1641196800,115.301,115.354,115.14,115.167,4612
1641211200,115.168,115.168,114.939,115.139,7230
1641225600,115.14,115.358,115.13,115.309,8336
1641240000,115.311,115.342,115.252,115.336,2727
1641254400,115.324,115.477,115.269,115.41,4773
1641268800,115.411,115.807,115.397,115.741,5635
1641283200,115.74,115.88,115.645,115.821,6045
1641297600,115.821,116.342,115.802,116.253,7717
1641312000,116.252,116.328,115.949,116.165,9301
1641326400,116.164,116.175,116.071,116.128,2871
1641340800,116.108,116.234,115.899,116.002,4501
1641355200,116.003,116.094,115.891,115.994,4168
1641369600,115.996,116.036,115.773,115.848,5646
1641384000,115.85,115.927,115.612,115.793,8909
1641398400,115.793,115.994,115.665,115.963,8177
1641412800,115.961,116.177,115.943,116.1,7151
1641427200,116.089,116.176,115.899,115.918,5563
1641441600,115.917,115.966,115.814,115.857,5784
1641456000,115.857,115.947,115.648,115.739,9187
1641470400,115.738,115.883,115.687,115.74,9542
1641484800,115.741,115.859,115.617,115.804,13129
1641499200,115.805,115.945,115.752,115.841,3625
1641513600,115.832,116.039,115.788,115.89,4950
1641528000,115.889,115.929,115.824,115.903,3510
1641542400,115.902,115.939,115.744,115.835,6399
1641556800,115.836,115.919,115.673,115.844,9860
1641571200,115.845,115.874,115.574,115.615,12717
1641585600,115.615,115.631,115.526,115.542,3089
1641772800,115.579,115.656,115.537,115.634,3335
1641787200,115.634,115.843,115.63,115.802,3719
1641801600,115.802,115.817,115.611,115.658,6745
1641816000,115.658,115.669,115.17,115.383,11221
1641830400,115.382,115.451,115.034,115.081,12394
1641844800,115.083,115.255,115.077,115.195,3941
1641859200,115.183,115.355,115.138,115.331,5379
1641873600,115.331,115.378,115.217,115.264,4775
1641888000,115.264,115.41,115.116,115.367,8970
1641902400,115.368,115.637,115.345,115.601,7144
1641916800,115.6,115.672,115.345,115.449,11640
1641931200,115.448,115.45,115.258,115.276,4100
1641945600,115.275,115.347,115.223,115.282,4389
1641960000,115.282,115.395,115.244,115.347,4282
1641974400,115.348,115.44,115.277,115.35,6947
1641988800,115.353,115.458,115.107,115.198,9464
1642003200,115.197,115.304,114.511,114.514,15800
1642017600,114.513,114.631,114.372,114.629,6258
1642032000,114.627,114.692,114.488,114.558,5860
1642046400,114.557,114.649,114.487,114.552,4040
1642060800,114.552,114.641,114.352,114.527,7102
1642075200,114.528,114.566,114.203,114.272,8311
1642089600,114.273,114.361,113.991,114.051,10655
1642104000,114.05,114.162,114.043,114.152,3613
1642118400,114.15,114.213,113.793,113.83,8745
1642132800,113.831,113.887,113.628,113.711,7850
1642147200,113.712,113.922,113.682,113.903,9012
1642161600,113.902,113.983,113.474,113.565,11028
1642176000,113.565,114.135,113.492,114.12,15860
1642190400,114.119,114.252,114.009,114.188,4474
1642377600,114.146,114.506,114.139,114.464,6901
1642392000,114.465,114.49,114.381,114.485,4411
1642406400,114.485,114.538,114.302,114.491,5614
1642420800,114.49,114.587,114.439,114.526,4873
1642435200,114.527,114.642,114.516,114.616,4199
1642449600,114.615,114.623,114.566,114.597,879
1642464000,114.595,114.627,114.439,114.466,4905
1642478400,114.465,115.049,114.459,114.808,12141
1642492800,114.809,114.978,114.504,114.654,13063
1642507200,114.653,114.741,114.523,114.617,9854
1642521600,114.62,114.695,114.446,114.584,11500
1642536000,114.583,114.636,114.499,114.573,5047
1642550400,114.572,114.779,114.531,114.647,5070
1642564800,114.648,114.715,114.198,114.247,8058
1642579200,114.246,114.531,114.219,114.513,9247
1642593600,114.512,114.544,114.403,114.507,7338
1642608000,114.507,114.526,114.205,114.304,10011
1642622400,114.303,114.316,114.197,114.302,4070
1642636800,114.3,114.404,114.017,114.194,8661
1642651200,114.194,114.539,114.179,114.464,7086
1642665600,114.464,114.509,114.177,114.282,7984
1642680000,114.282,114.338,114.027,114.046,7901
1642694400,114.045,114.182,113.954,114.122,11572
1642708800,114.122,114.219,114.092,114.12,4781
1642723200,114.112,114.134,113.729,113.797,9247
1642737600,113.796,113.891,113.617,113.847,7969
1642752000,113.848,114.023,113.787,113.96,8996
1642766400,113.96,113.971,113.653,113.669,8415
1642780800,113.669,113.81,113.595,113.633,14198
1642795200,113.632,113.709,113.615,113.678,5290
1642982400,113.64,113.935,113.62,113.881,6410
1642996800,113.881,113.966,113.749,113.789,4914
1643011200,113.788,113.853,113.491,113.597,10284
1643025600,113.597,113.823,113.46,113.733,12289
1643040000,113.734,113.991,113.64,113.736,18728
1643054400,113.735,113.987,113.645,113.965,8076
1643068800,113.949,114.083,113.796,113.833,7490
1643083200,113.833,113.835,113.66,113.794,7009
1643097600,113.795,114.098,113.741,114.046,10265
1643112000,114.047,114.147,113.864,113.889,10129
1643126400,113.888,113.985,113.77,113.835,14486
1643140800,113.836,113.937,113.795,113.84,4551
1643155200,113.84,113.916,113.769,113.86,5249
1643169600,113.86,113.923,113.822,113.886,3128
1643184000,113.886,114.173,113.862,114.117,5790
1643198400,114.117,114.306,114.092,114.297,6352
1643212800,114.299,114.377,114.21,114.341,8104
1643227200,114.342,114.686,114.2,114.659,20212
1643241600,114.648,114.777,114.537,114.596,8522
1643256000,114.595,114.679,114.467,114.659,9792
1643270400,114.658,115.053,114.619,114.998,12341
1643284800,114.999,115.427,114.989,115.37,12936
1643299200,115.369,115.481,115.228,115.375,12584
1643313600,115.374,115.374,115.152,115.356,5820
1643328000,115.35,115.468,115.243,115.437,6376
1643342400,115.438,115.511,115.306,115.424,6334
1643356800,115.424,115.677,115.329,115.607,11812
1643371200,115.606,115.661,115.241,115.322,13199
1643385600,115.32,115.452,115.113,115.23,14907
1643400000,115.231,115.323,115.18,115.223,3831
1643587200,115.281,115.478,115.214,115.432,5756
1643601600,115.431,115.583,115.394,115.418,5192
1643616000,115.415,115.521,115.334,115.416,9070
1643630400,115.418,115.52,115.232,115.261,9357
1643644800,115.26,115.432,115.103,115.12,14234
1643659200,115.122,115.137,114.915,115.111,6449
1643673600,115.097,115.185,115.01,115.042,4005
1643688000,115.044,115.128,114.878,114.986,5919
1643702400,114.986,115.061,114.633,114.677,9989
1643716800,114.679,114.758,114.559,114.684,9790
1643731200,114.685,114.883,114.637,114.676,12538
1643745600,114.677,114.77,114.628,114.686,4419
1643760000,114.673,114.776,114.615,114.693,3709
1643774400,114.692,114.794,114.684,114.745,2746
1643788800,114.746,114.755,114.39,114.395,7393
1643803200,114.396,114.431,114.145,114.418,10154
1643817600,114.413,114.434,114.187,114.318,10516
1643832000,114.317,114.455,114.298,114.419,3467
1643846400,114.406,114.463,114.328,114.371,4376
1643860800,114.372,114.525,114.318,114.514,3823
1643875200,114.514,114.772,114.482,114.739,5992
1643889600,114.738,114.966,114.731,114.844,13306
1643904000,114.843,114.94,114.725,114.84,18372
1643918400,114.84,114.975,114.836,114.974,4505
1643932800,114.962,115.043,114.809,114.838,4949
1643947200,114.838,114.96,114.804,114.925,4048
1643961600,114.926,115.143,114.898,114.936,9018
1643976000,114.937,115.383,114.765,115.355,15376
1643990400,115.354,115.422,115.127,115.237,15536
1644004800,115.238,115.258,115.166,115.172,3317
1644192000,115.263,115.329,115.127,115.286,6396
1644206400,115.287,115.37,115.244,115.337,5053
1644220800,115.338,115.345,114.961,115.013,9231
1644235200,115.015,115.116,114.906,115.084,8357
1644249600,115.086,115.169,114.968,115.155,9238
1644264000,115.156,115.157,115.045,115.085,2499
1644278400,115.075,115.338,115.041,115.287,5245
1644292800,115.286,115.47,115.283,115.452,5559
1644307200,115.451,115.539,115.3,115.371,8758
1644321600,115.374,115.468,115.225,115.415,7756
1644336000,115.415,115.619,115.376,115.581,9084
1644350400,115.582,115.595,115.463,115.539,2796
1644364800,115.534,115.667,115.39,115.433,6768
1644379200,115.432,115.48,115.314,115.468,4914
1644393600,115.467,115.532,115.327,115.351,7465
1644408000,115.35,115.508,115.348,115.453,7303
1644422400,115.454,115.502,115.367,115.429,8294
1644436800,115.43,115.555,115.372,115.534,2910
1644451200,115.522,115.627,115.474,115.494,5359
1644465600,115.493,115.643,115.478,115.606,4053
1644480000,115.606,115.869,115.531,115.779,8451
1644494400,115.78,116.185,115.735,116.162,11561
1644508800,116.16,116.33,115.722,116.005,19471
1644523200,116.007,116.108,115.815,115.988,8346
1644537600,115.984,116.166,115.948,115.975,4706
1644552000,115.976,116.161,115.966,116.076,4064
1644566400,116.075,116.101,115.875,116.045,9407
1644580800,116.044,116.059,115.814,115.922,7570
1644595200,115.923,115.982,115.762,115.877,10631
1644609600,115.878,115.919,115.001,115.421,23539
1644796800,115.379,115.586,115.275,115.326,10991
1644811200,115.327,115.542,115.326,115.426,7107
1644825600,115.427,115.442,115.025,115.038,15615
1644840000,115.038,115.518,115.001,115.494,16037
1644854400,115.495,115.738,115.453,115.627,12417
1644868800,115.625,115.655,115.362,115.529,10573
1644883200,115.523,115.549,115.299,115.367,5386
1644897600,115.366,115.443,115.272,115.318,6250
1644912000,115.319,115.638,115.249,115.596,13206
1644926400,115.596,115.704,115.47,115.643,11596
1644940800,115.644,115.864,115.569,115.659,12411
1644955200,115.66,115.662,115.577,115.596,3264
1644969600,115.585,115.734,115.55,115.663,3454
1644984000,115.663,115.719,115.649,115.685,3527
1644998400,115.686,115.78,115.596,115.646,8937
1645012800,115.646,115.77,115.446,115.475,10269
1645027200,115.478,115.543,115.372,115.445,10543
1645041600,115.444,115.551,115.348,115.437,7761
1645056000,115.438,115.528,115.322,115.461,4431
1645070400,115.461,115.52,115.103,115.23,13896
1645084800,115.229,115.397,114.942,115.083,16131
1645099200,115.082,115.178,114.836,114.875,10405
1645113600,114.874,115.139,114.862,115.043,13363
1645128000,115.044,115.072,114.866,114.919,3898
1645142400,114.904,115.269,114.782,115.129,9865
1645156800,115.129,115.221,115.117,115.202,5298
1645171200,115.202,115.288,115.048,115.144,6305
1645185600,115.144,115.234,115.005,115.07,7248
1645200000,115.069,115.167,114.962,115.064,10820
1645214400,115.063,115.108,114.991,115.053,2702
1645401600,115.022,115.117,114.863,115.005,8351
1645416000,115.005,115.042,114.876,114.967,3846
1645430400,114.966,115.007,114.799,114.856,5167
1645444800,114.854,114.941,114.794,114.85,5941
1645459200,114.85,114.891,114.774,114.799,4732
1645473600,114.798,114.833,114.712,114.743,2497
1645488000,114.736,114.787,114.492,114.71,10869
1645502400,114.706,114.733,114.562,114.721,7291
1645516800,114.72,114.896,114.615,114.765,12809
1645531200,114.766,115.153,114.766,115.112,12226
1645545600,115.112,115.234,114.91,114.917,9124
1645560000,114.918,115.101,114.867,115.064,5624
1645574400,115.056,115.117,114.981,115.03,3342
1645588800,115.031,115.088,114.99,115.04,2043
1645603200,115.041,115.159,114.983,115.061,6156
1645617600,115.062,115.126,114.953,115.003,5060
1645632000,115.005,115.191,114.991,115.069,8399
1645646400,115.07,115.081,114.917,115.018,3684
1645660800,115.002,115.11,114.822,115.074,9167
1645675200,115.073,115.095,114.485,114.553,27981
1645689600,114.552,114.776,114.399,114.728,24954
1645704000,114.726,114.991,114.565,114.894,21621
1645718400,114.894,115.643,114.891,115.331,24801
1645732800,115.332,115.684,115.307,115.518,9739
1645747200,115.513,115.616,115.375,115.431,12145
1645761600,115.43,115.433,115.14,115.171,10122
1645776000,115.174,115.368,115.172,115.313,16346
1645790400,115.312,115.599,115.288,115.549,15650
1645804800,115.549,115.751,115.457,115.741,12280
1645819200,115.742,115.742,115.507,115.521,3190
1646006400,115.484,115.747,115.364,115.509,15591
1646020800,115.508,115.681,115.435,115.534,9143
1646035200,115.533,115.614,115.447,115.538,11772
1646049600,115.539,115.633,115.309,115.316,11909
1646064000,115.315,115.417,114.972,115.105,18831
1646078400,115.105,115.109,114.852,114.953,7606
1646092800,114.955,115.281,114.955,115.184,5683
1646107200,115.184,115.212,115.008,115.05,4887
1646121600,115.05,115.113,114.736,114.768,9926
1646136000,114.769,114.941,114.707,114.905,17388
1646150400,114.904,114.934,114.742,114.83,16854
1646164800,114.831,114.902,114.691,114.886,7241
1646179200,114.88,115.072,114.782,114.993,5756
1646193600,114.994,115.1,114.959,115.051,5267
1646208000,115.051,115.256,115.017,115.188,12388
1646222400,115.189,115.422,115.188,115.388,11774
1646236800,115.389,115.678,115.238,115.59,17511
1646251200,115.591,115.608,115.489,115.502,4322
1646265600,115.504,115.66,115.434,115.588,5585
1646280000,115.589,115.709,115.567,115.648,4225
1646294400,115.647,115.797,115.637,115.776,8547
1646308800,115.776,115.777,115.634,115.652,9644
1646323200,115.651,115.689,115.504,115.554,11927
1646337600,115.555,115.555,115.376,115.444,7070
1646352000,115.447,115.548,115.246,115.461,15044
1646366400,115.461,115.487,115.31,115.439,8394
1646380800,115.436,115.527,115.314,115.407,9469
1646395200,115.406,115.458,115.294,115.412,14211
1646409600,115.411,115.411,114.641,114.76,17553
1646424000,114.761,114.879,114.695,114.848,4962
1646611200,114.91,115.054,114.816,114.892,10642
1646625600,114.893,114.957,114.854,114.919,6045
1646640000,114.918,115.118,114.9,115.062,11051
1646654400,115.063,115.318,115.013,115.292,13082
1646668800,115.29,115.464,115.198,115.393,13030
1646683200,115.393,115.413,115.234,115.307,6567
1646697600,115.292,115.507,115.231,115.469,5447
1646712000,115.469,115.496,115.345,115.484,5176
1646726400,115.486,115.627,115.353,115.586,11852
1646740800,115.585,115.782,115.543,115.689,8166
1646755200,115.687,115.711,115.412,115.589,12306
1646769600,115.59,115.739,115.578,115.654,4807
1646784000,115.641,115.914,115.603,115.88,4645
1646798400,115.881,115.892,115.747,115.773,3498
1646812800,115.772,115.881,115.698,115.848,6511
1646827200,115.848,115.934,115.717,115.759,6062
1646841600,115.76,115.878,115.548,115.783,13030
1646856000,115.783,115.89,115.762,115.847,3215
1646870400,115.838,116.105,115.8,116.041,3922
1646884800,116.041,116.187,116.032,116.084,3838
1646899200,116.084,116.092,115.805,115.932,9724
1646913600,115.933,116.077,115.84,116.071,13104
1646928000,116.072,116.185,115.919,116.111,9585
1646942400,116.11,116.14,116.036,116.128,2735
1646956800,116.115,116.371,116.066,116.283,5073
1646971200,116.283,116.736,116.222,116.685,6530
1646985600,116.682,117.051,116.572,116.941,8957
1647000000,116.941,116.988,116.788,116.908,10754
1647014400,116.908,117.206,116.852,117.19,8699
1647028800,117.19,117.348,117.144,117.289,3302
1647216000,117.33,117.728,117.304,117.712,7486
1647230400,117.71,117.871,117.613,117.8,5016
1647244800,117.8,117.914,117.676,117.907,7397
1647259200,117.907,118.052,117.822,118.0,9468
1647273600,118.0,118.022,117.842,117.963,4810
1647288000,117.963,118.209,117.948,118.17,3002
1647302400,118.175,118.441,118.101,118.318,6321
1647316800,118.316,118.385,118.224,118.324,6341
1647331200,118.322,118.352,117.691,117.966,13368
1647345600,117.967,118.091,117.782,117.865,9148
1647360000,117.866,118.333,117.848,118.332,8453
1647374400,118.332,118.388,118.249,118.29,2218
1647388800,118.29,118.419,118.239,118.26,4527
1647403200,118.26,118.277,118.166,118.192,3401
1647417600,118.19,118.372,118.187,118.318,6323
1647432000,118.317,118.347,118.183,118.295,6434
1647446400,118.295,118.624,118.202,118.573,9567
1647460800,118.572,119.113,118.555,118.754,19760
1647475200,118.755,119.016,118.695,118.736,9139
1647489600,118.737,118.853,118.588,118.811,6528
1647504000,118.81,118.845,118.59,118.617,7501
1647518400,118.615,118.832,118.483,118.741,7863
1647532800,118.742,118.81,118.358,118.471,8266
1647547200,118.471,118.661,118.469,118.591,1861
1647561600,118.591,118.735,118.465,118.705,5233
1647576000,118.705,118.792,118.691,118.743,2705
1647590400,118.743,118.999,118.743,118.921,6491
1647604800,118.92,119.389,118.905,119.195,8213
1647619200,119.196,119.297,119.112,119.154,6615
1647633600,119.155,119.194,119.076,119.104,1640
1647820800,119.107,119.294,119.1,119.186,4411
1647835200,119.187,119.28,119.128,119.267,2410
1647849600,119.268,119.288,119.158,119.235,4958
1647864000,119.233,119.268,119.094,119.157,5300
1647878400,119.158,119.457,119.105,119.361,6369
1647892800,119.362,119.49,119.35,119.452,2347
1647907200,119.452,120.066,119.429,119.848,7979
1647921600,119.847,120.455,119.846,120.318,8483
1647936000,120.319,120.875,120.302,120.828,11183
1647950400,120.827,121.024,120.37,120.61,15961
1647964800,120.611,120.812,120.516,120.81,8800
1647979200,120.81,120.831,120.69,120.821,3640
1647993600,120.812,121.402,120.78,121.15,14814
1648008000,121.152,121.167,120.921,121.024,7667
1648022400,121.023,121.156,120.843,120.994,11676
1648036800,120.993,121.043,120.583,120.729,13424
1648051200,120.728,121.132,120.648,121.056,10596
1648065600,121.057,121.15,121.016,121.115,2522
1648080000,121.115,121.292,120.944,121.213,8907
1648094400,121.213,121.478,121.153,121.431,5655
1648108800,121.431,121.74,121.357,121.664,13363
1648123200,121.664,121.982,121.53,121.964,12239
1648137600,121.963,122.397,121.825,122.288,12680
1648152000,122.29,122.398,122.216,122.331,4055
1648166400,122.346,122.426,121.699,121.923,16210
1648180800,121.922,121.932,121.169,121.695,16149
1648195200,121.694,121.943,121.41,121.62,16312
1648209600,121.621,122.227,121.535,122.136,13069
1648224000,122.138,122.184,121.765,122.093,16641
1648238400,122.094,122.2,122.002,122.008,3709
1648425600,122.032,122.353,122.0,122.222,7585
1648440000,122.221,123.156,122.164,123.041,22463
1648454400,123.042,125.089,123.018,124.675,31705
1648468800,124.675,124.699,123.368,123.642,45782
1648483200,123.641,123.862,123.136,123.392,25366
1648497600,123.394,123.92,123.246,123.915,6158
1648512000,123.84,124.293,123.299,124.132,19509
1648526400,124.132,124.171,123.095,123.356,25451
1648540800,123.355,123.775,123.285,123.715,24489
1648555200,123.714,123.8,122.482,122.845,32502
1648569600,122.845,123.015,121.964,122.651,31689
1648584000,122.65,122.944,122.644,122.872,6263
1648598400,122.809,123.195,122.406,122.477,17297
1648612800,122.479,122.524,121.301,121.889,37269
1648627200,121.888,122.07,121.514,121.601,25817
1648641600,121.602,122.03,121.561,121.841,20166
1648656000,121.841,122.233,121.631,121.889,23360
1648670400,121.89,121.916,121.729,121.811,3909
1648684800,121.805,122.441,121.785,122.279,17345
1648699200,122.278,122.442,121.955,122.215,20369
1648713600,122.217,122.27,121.332,122.17,34838
1648728000,122.17,122.17,121.536,121.608,20867
1648742400,121.61,121.813,121.272,121.549,25083
1648756800,121.551,121.763,121.517,121.701,6206
1648771200,121.678,122.188,121.596,122.108,8614
1648785600,122.107,122.725,122.065,122.593,19244
1648800000,122.592,122.754,122.233,122.561,20102
1648814400,122.561,122.811,122.325,122.79,16590
1648828800,122.791,123.025,122.508,122.562,16035
1648843200,122.56,122.646,122.452,122.539,4520
1649030400,122.61,122.723,122.254,122.395,9690
1649044800,122.396,122.767,122.372,122.585,9498
1649059200,122.586,122.793,122.493,122.619,13211
1649073600,122.618,122.824,122.551,122.625,8858
1649088000,122.626,122.95,122.614,122.738,12442
1649102400,122.738,122.825,122.669,122.747,4260
1649116800,122.75,122.852,122.365,122.554,6967
1649131200,122.553,122.625,122.461,122.539,7513
1649145600,122.539,122.989,122.421,122.814,10628
1649160000,122.814,122.991,122.686,122.825,8923
1649174400,122.824,123.589,122.744,123.579,15090
1649188800,123.58,123.659,123.543,123.587,3671
1649203200,123.563,123.882,123.486,123.821,7579
1649217600,123.821,124.041,123.628,123.875,12184
1649232000,123.874,124.015,123.75,123.781,14049
1649246400,123.78,123.989,123.605,123.803,11190
1649260800,123.805,123.936,123.674,123.738,11720
1649275200,123.74,123.921,123.455,123.774,11126
1649289600,123.751,123.923,123.463,123.591,7474
1649304000,123.59,123.74,123.576,123.677,8220
1649318400,123.677,123.835,123.582,123.731,11804
1649332800,123.731,123.988,123.658,123.975,10466
1649347200,123.976,123.996,123.744,123.909,12519
1649361600,123.908,123.992,123.859,123.96,3644
1649376000,123.954,124.217,123.709,123.79,9176
1649390400,123.79,123.983,123.656,123.973,7649
1649404800,123.972,124.141,123.916,124.094,9687
1649419200,124.093,124.397,124.03,124.39,8758
1649433600,124.39,124.668,124.259,124.383,15325
1649448000,124.382,124.42,124.27,124.272,3040
1649635200,124.022,124.633,124.021,124.582,7270
1649649600,124.582,124.986,124.511,124.915,15789
1649664000,124.916,125.43,124.884,125.319,22950
1649678400,125.318,125.761,125.235,125.549,15786
1649692800,125.549,125.603,125.397,125.505,14424
1649707200,125.505,125.6,125.341,125.376,3517
1649721600,125.364,125.552,125.096,125.462,11376
1649736000,125.461,125.556,125.192,125.345,11904
1649750400,125.344,125.746,125.332,125.625,17477
1649764800,125.623,125.705,124.752,124.923,16305
1649779200,124.926,125.33,124.895,125.226,24339
1649793600,125.226,125.396,125.146,125.392,6354
1649808000,125.376,125.632,125.309,125.584,6984
1649822400,125.583,125.642,125.454,125.596,8109
1649836800,125.597,126.309,125.552,126.035,23185
1649851200,126.037,126.203,125.609,125.891,18441
1649865600,125.892,125.95,125.364,125.586,18798
1649880000,125.585,125.7,125.478,125.655,5919
1649894400,125.627,125.676,125.2,125.501,10478
1649908800,125.501,125.534,125.092,125.265,13325
1649923200,125.265,125.459,125.074,125.38,15087
1649937600,125.381,125.584,125.19,125.523,15786
1649952000,125.523,126.004,125.462,125.924,27683
1649966400,125.925,125.982,125.863,125.878,3195
1649980800,125.869,126.349,125.845,126.296,10827
1649995200,126.296,126.54,126.225,126.366,17640
1650009600,126.366,126.669,126.315,126.47,18237
1650024000,126.47,126.524,126.408,126.459,21910
1650038400,126.46,126.521,126.295,126.36,13639
1650240000,126.336,126.781,126.314,126.559,12723
1650254400,126.559,126.687,126.227,126.635,12955
1650268800,126.636,126.684,126.44,126.622,6814
1650283200,126.621,126.659,126.426,126.515,7771
1650297600,126.514,126.96,126.457,126.959,9392
1650312000,126.956,126.987,126.853,126.985,3744
1650326400,126.982,127.35,126.963,127.304,9344
1650340800,127.303,128.226,127.25,128.136,21819
1650355200,128.136,128.45,127.771,128.296,26818
1650369600,128.298,128.486,128.06,128.452,16354
1650384000,128.451,128.904,128.443,128.746,24146
1650398400,128.747,128.964,128.695,128.882,6836
1650412800,128.872,129.393,128.847,129.282,18396
1650427200,129.281,129.365,128.048,128.546,39843
1650441600,128.545,128.736,128.343,128.393,22263
1650456000,128.394,128.45,127.593,128.094,28041
1650470400,128.094,128.145,127.449,127.876,25398
1650484800,127.878,127.908,127.651,127.83,8039
1650499200,127.799,128.467,127.753,128.145,13687
1650513600,128.147,128.629,128.102,128.354,19390
1650528000,128.354,128.373,127.858,128.053,25581
1650542400,128.054,128.372,127.794,128.118,17383
1650556800,128.121,128.698,128.073,128.589,20691
1650571200,128.589,128.589,128.057,128.354,12155
1650585600,128.349,128.656,128.254,128.614,12059
1650600000,128.612,128.684,128.04,128.18,20908
1650614400,128.18,128.322,127.727,128.254,29112
1650628800,128.254,128.52,128.196,128.432,16069
1650643200,128.432,129.101,128.129,128.882,31348
1650657600,128.882,128.883,128.425,128.521,8970
1650844800,128.435,128.843,128.347,128.746,13218
1650859200,128.747,128.858,128.23,128.515,20821
1650873600,128.514,128.585,127.872,128.113,29453
1650888000,128.113,128.486,127.981,128.149,21972
1650902400,128.148,128.273,127.511,127.682,28399
1650916800,127.681,128.118,127.681,128.117,8811
1650931200,128.116,128.21,127.335,127.586,18348
1650945600,127.586,128.17,127.376,128.097,24042
1650960000,128.096,128.193,127.706,127.861,26913
1650974400,127.862,127.922,127.171,127.201,19536
1650988800,127.201,127.533,127.016,127.514,24273
1651003200,127.516,127.674,127.225,127.23,7218
1651017600,127.226,127.615,126.932,127.538,14010
1651032000,127.537,127.816,127.351,127.645,18047
1651046400,127.645,128.092,127.476,127.953,24857
1651060800,127.953,128.186,127.785,128.059,19247
1651075200,128.059,128.582,127.901,128.267,24354
1651089600,128.266,128.437,128.192,128.402,6977
1651104000,128.405,128.836,128.334,128.809,11882
1651118400,128.808,129.894,128.612,129.836,31314
1651132800,129.836,130.945,129.772,130.915,41531
1651147200,130.912,130.999,130.164,130.801,34849
1651161600,130.801,131.243,130.569,130.954,28491
1651176000,130.954,131.123,130.777,130.853,8092
1651190400,130.828,130.937,130.531,130.566,7837
1651204800,130.565,130.789,130.357,130.526,13490
1651219200,130.528,130.557,129.759,130.095,26921
1651233600,130.095,130.484,129.826,130.076,30652
1651248000,130.076,130.371,129.347,129.666,35397
1651262400,129.666,129.905,129.306,129.854,11774
1651449600,129.723,130.285,129.602,130.051,16205
1651464000,130.051,130.391,129.944,130.377,16265
1651478400,130.378,130.469,129.913,130.037,15577
1651492800,130.036,130.148,129.69,130.108,14547
1651507200,130.109,130.341,129.941,130.164,17850
1651521600,130.165,130.248,130.072,130.142,4641
1651536000,130.132,130.204,129.846,129.901,5639
1651550400,129.901,130.158,129.887,130.124,7703
1651564800,130.124,130.281,130.035,130.105,14258
1651579200,130.106,130.179,129.73,129.876,15438
1651593600,129.876,130.187,129.689,130.16,16105
1651608000,130.158,130.196,130.05,130.127,5949
1651622400,130.113,130.198,130.031,130.138,3224
1651636800,130.135,130.162,130.067,130.14,4296
1651651200,130.141,130.178,129.971,130.041,10495
1651665600,130.041,130.087,129.78,129.867,10938
1651680000,129.866,130.121,129.792,129.999,16224
1651694400,129.997,130.372,128.611,129.111,44663
1651708800,129.098,129.537,129.04,129.089,11891
1651723200,129.089,129.276,128.744,129.246,14675
1651737600,129.245,129.817,129.223,129.689,21512
1651752000,129.69,129.994,129.529,129.893,23719
1651766400,129.892,130.551,129.85,130.407,33591
1651780800,130.407,130.539,129.972,130.161,13751
1651795200,130.148,130.527,130.081,130.472,11076
1651809600,130.472,130.797,130.355,130.557,18356
1651824000,130.555,130.687,130.318,130.435,23204
1651838400,130.434,130.697,130.128,130.649,20952
1651852800,130.648,130.654,130.189,130.423,32001
1651867200,130.42,130.624,130.405,130.539,7214
1652054400,130.493,130.949,130.431,130.842,12180
1652068800,130.841,131.06,130.666,130.989,13575
1652083200,130.99,131.339,130.99,131.186,18581
1652097600,131.185,131.236,130.477,130.71,19565
1652112000,130.711,130.883,130.102,130.286,25749
1652126400,130.287,130.428,130.169,130.317,7859
1652140800,130.292,130.567,129.932,130.026,11381
1652155200,130.027,130.492,129.785,130.455,16434
1652169600,130.456,130.54,129.961,130.066,18072
1652184000,130.065,130.275,129.852,129.965,19220
1652198400,129.965,130.448,129.932,130.239,26487
1652212800,130.24,130.446,130.195,130.443,7753
1652227200,130.434,130.46,130.217,130.334,7996
1652241600,130.333,130.483,130.305,130.334,11657
1652256000,130.333,130.378,129.797,129.852,20355
1652270400,129.851,130.79,129.577,130.738,27657
1652284800,130.737,130.8,129.88,129.925,38586
1652299200,129.924,130.054,129.433,129.992,15547
1652313600,129.958,130.045,129.497,129.733,13713
1652328000,129.733,129.899,129.661,129.774,17209
1652342400,129.774,129.788,128.392,128.538,38878
1652356800,128.539,128.838,127.952,128.104,36717
1652371200,128.104,128.399,127.506,128.393,39065
1652385600,128.391,128.44,128.066,128.289,13484
1652400000,128.274,128.914,128.221,128.814,12787
1652414400,128.813,129.347,128.776,128.938,22685
1652428800,128.938,128.971,128.48,128.796,24215
1652443200,128.794,129.102,128.726,129.004,18580
1652457600,129.005,129.444,128.92,129.362,25303
1652472000,129.363,129.422,129.192,129.249,7853
1652659200,129.18,129.63,129.154,129.468,8270
1652673600,129.468,129.534,128.69,129.007,18587
1652688000,129.007,129.459,128.786,129.369,17811
1652702400,129.37,129.607,129.16,129.288,15377
1652716800,129.29,129.32,128.973,129.036,16802
1652731200,129.036,129.395,129.002,129.098,5855
1652745600,129.094,129.276,128.817,129.194,7279
1652760000,129.191,129.439,129.093,129.383,12684
1652774400,129.384,129.551,129.192,129.36,11554
1652788800,129.36,129.585,129.178,129.567,15832
1652803200,129.568,129.77,129.061,129.348,18757
1652817600,129.347,129.459,129.172,129.355,9168
1652832000,129.354,129.524,129.214,129.236,7151
1652846400,129.24,129.33,128.933,129.084,12839
1652860800,129.084,129.34,129.013,129.212,13672
1652875200,129.212,129.235,128.854,128.891,11645
1652889600,128.892,128.914,128.111,128.329,24086
1652904000,128.326,128.328,127.997,128.237,8663
1652918400,128.215,128.467,127.89,128.36,13599
1652932800,128.36,128.934,128.36,128.826,13757
1652947200,128.829,128.878,127.8,127.845,28248
1652961600,127.847,127.964,127.078,127.177,29134
1652976000,127.176,127.726,127.014,127.589,33194
1652990400,127.59,127.825,127.546,127.813,8604
1653004800,127.808,127.992,127.614,127.759,9319
1653019200,127.759,128.205,127.521,127.756,16525
1653033600,127.756,128.1,127.633,128.079,19483
1653048000,128.08,128.289,127.72,127.776,16306
1653062400,127.777,128.237,127.603,127.693,24159
1653076800,127.693,127.919,127.58,127.907,9598
1653264000,127.864,128.046,127.627,127.699,7454
1653278400,127.698,127.782,127.141,127.419,15539
1653292800,127.419,127.919,127.402,127.548,20985
1653307200,127.548,127.875,127.354,127.814,14296
1653321600,127.815,127.932,127.469,127.837,20205
1653336000,127.838,127.935,127.73,127.89,3881
1653350400,127.86,127.888,127.621,127.797,8722
1653364800,127.801,128.078,127.547,127.648,12918
1653379200,127.647,127.734,127.179,127.421,22101
1653393600,127.418,127.516,127.069,127.222,16888
1653408000,127.221,127.268,126.35,126.559,31218
1653422400,126.56,126.886,126.511,126.849,8618
1653436800,126.836,126.971,126.643,126.891,7734
1653451200,126.89,127.206,126.781,126.94,13148
1653465600,126.941,127.286,126.828,127.05,17938
1653480000,127.049,127.173,126.788,127.048,17094
1653494400,127.049,127.465,127.034,127.457,18885
1653508800,127.456,127.487,127.22,127.264,10181
1653523200,127.252,127.504,127.11,127.443,7026
1653537600,127.444,127.571,127.244,127.351,10875
1653552000,127.349,127.432,126.543,126.675,22219
1653566400,126.674,127.273,126.559,127.169,19488
1653580800,127.168,127.413,126.994,127.35,16980
1653595200,127.35,127.362,127.025,127.056,4970
1653609600,127.046,127.18,126.895,126.992,8333
1653624000,126.992,127.159,126.668,126.808,12587
1653638400,126.807,127.187,126.717,127.033,13567
1653652800,127.032,127.133,126.82,127.023,16208
1653667200,127.024,127.242,126.804,127.131,18149
1653681600,127.134,127.158,127.014,127.102,3276
1653868800,126.994,127.337,126.955,127.043,6327
1653883200,127.043,127.121,126.851,126.99,10940
1653897600,126.99,127.378,126.947,127.285,14261
1653912000,127.284,127.816,127.239,127.724,10783
1653926400,127.724,127.759,127.425,127.534,11540
1653940800,127.535,127.598,127.501,127.588,3499
1653955200,127.562,128.259,127.493,128.185,11585
1653969600,128.185,128.33,127.933,127.997,16410
1653984000,127.998,128.063,127.623,127.915,25652
1653998400,127.914,128.665,127.831,128.65,23428
1654012800,128.65,128.882,128.457,128.542,29685
1654027200,128.542,128.768,128.457,128.695,8148
1654041600,128.679,128.946,128.629,128.908,9061
1654056000,128.907,129.242,128.86,129.216,16993
1654070400,129.216,129.533,129.147,129.471,21874
1654084800,129.471,129.606,129.278,129.317,14779
1654099200,129.318,130.126,129.196,130.123,29527
1654113600,130.123,130.178,130.049,130.141,7449
1654128000,130.132,130.231,129.878,130.029,12142
1654142400,130.031,130.135,129.884,130.047,11803
1654156800,130.049,130.081,129.755,129.884,13207
1654171200,129.885,129.9,129.5,129.635,17779
1654185600,129.634,130.031,129.623,129.773,24935
1654200000,129.774,129.875,129.762,129.843,6785
1654214400,129.836,130.031,129.688,129.744,7521
1654228800,129.744,129.886,129.674,129.84,11139
1654243200,129.839,130.043,129.793,129.961,9727
1654257600,129.961,130.635,129.96,130.487,18166
1654272000,130.485,130.971,130.384,130.799,21488
1654286400,130.798,130.912,130.793,130.797,6043
1654473600,130.843,130.979,130.653,130.82,9197
1654488000,130.821,130.821,130.421,130.653,13285
1654502400,130.654,130.82,130.457,130.743,15174
1654516800,130.743,130.856,130.607,130.782,10350
1654531200,130.781,131.673,130.774,131.663,18592
1654545600,131.663,132.002,131.663,131.893,6754
1654560000,131.885,132.326,131.858,132.212,12121
1654574400,132.213,132.938,132.213,132.937,21801
1654588800,132.936,132.993,132.538,132.738,28292
1654603200,132.739,132.888,132.547,132.785,19524
1654617600,132.786,132.845,132.306,132.58,21962
1654632000,132.581,132.662,132.463,132.627,7409
1654646400,132.612,133.101,132.559,133.061,8700
1654660800,133.061,133.287,132.876,133.243,17287
1654675200,133.242,133.857,132.932,133.83,27084
1654689600,133.828,134.466,133.664,134.282,29205
1654704000,134.283,134.338,133.593,134.046,32518
1654718400,134.046,134.29,133.944,134.24,9711
1654732800,134.18,134.546,133.951,134.262,13007
1654747200,134.262,134.455,133.814,134.166,19693
1654761600,134.166,134.166,133.373,133.633,29127
1654776000,133.632,134.01,133.173,133.777,32385
1654790400,133.776,134.301,133.593,134.148,35496
1654804800,134.149,134.436,134.023,134.36,8649
1654819200,134.342,134.464,133.956,133.996,11601
1654833600,133.997,134.273,133.907,134.196,15782
1654848000,134.196,134.204,133.353,133.85,28312
1654862400,133.85,134.376,133.505,133.946,27784
1654876800,133.947,134.323,133.747,134.302,34435
1654891200,134.302,134.473,134.209,134.344,10492
1655078400,134.301,134.987,134.298,134.952,14794
1655092800,134.952,135.182,134.667,135.01,23426
1655107200,135.01,135.123,134.126,134.323,38408
1655121600,134.323,134.691,133.859,134.032,30402
1655136000,134.032,134.262,133.582,134.179,37503
1655150400,134.179,134.654,133.933,134.429,21410
1655164800,134.431,134.496,133.862,134.143,13628
1655179200,134.143,134.806,134.07,134.592,28689
1655193600,134.588,134.774,134.003,134.175,30727
1655208000,134.175,134.597,134.089,134.568,26468
1655222400,134.569,134.993,134.238,134.97,27010
1655236800,134.971,135.445,134.736,135.428,14161
1655251200,135.429,135.579,134.855,135.006,12571
1655265600,135.008,135.288,134.976,135.061,17795
1655280000,135.061,135.1,134.478,134.516,36998
1655294400,134.515,134.8,134.287,134.692,31710
1655308800,134.691,134.82,134.389,134.469,23802
1655323200,134.468,134.942,133.497,133.843,39743
1655337600,133.789,134.286,133.672,134.239,14532
1655352000,134.238,134.668,134.213,134.402,16440
1655366400,134.401,134.636,133.105,133.21,37806
1655380800,133.21,133.381,132.299,132.781,50887
1655395200,132.781,132.89,131.48,131.8,36796
1655409600,131.797,132.271,131.736,132.173,17062
1655424000,132.16,133.28,132.115,133.206,22502
1655438400,133.206,134.617,132.277,133.828,42036
1655452800,133.825,134.591,133.768,134.51,36479
1655467200,134.51,134.906,134.254,134.566,29892
1655481600,134.567,135.413,134.427,135.131,30823
1655496000,135.131,135.131,134.842,134.93,9646
1655683200,134.904,135.432,134.899,135.165,16730
1655697600,135.166,135.261,134.658,134.944,26490
1655712000,134.945,135.093,134.521,134.754,28600
1655726400,134.752,134.976,134.653,134.929,16202
1655740800,134.932,135.138,134.86,135.048,14680
1655755200,135.049,135.135,135.007,135.079,2269
1655769600,135.024,135.204,134.89,135.088,16428
1655784000,135.088,135.176,134.96,135.116,17666
1655798400,135.116,135.496,135.004,135.298,21368
1655812800,135.298,136.322,135.24,136.222,27161
1655827200,136.222,136.385,136.011,136.377,24986
1655841600,136.378,136.691,136.345,136.655,8637
1655856000,136.641,136.704,136.23,136.406,14017
1655870400,136.407,136.411,136.04,136.207,20749
1655884800,136.206,136.614,136.105,136.243,25199
1655899200,136.242,136.293,135.735,135.791,32580
1655913600,135.792,136.229,135.676,136.226,35200
1655928000,136.227,136.294,136.097,136.199,8454
1655942400,136.198,136.199,135.858,136.064,13200
1655956800,136.064,136.064,135.111,135.426,31591
1655971200,135.427,135.869,135.293,135.426,38850
1655985600,135.426,135.635,134.863,134.94,31072
1656000000,134.941,134.983,134.254,134.759,52160
1656014400,134.759,134.984,134.674,134.965,12865
1656028800,134.949,135.219,134.643,135.105,14285
1656043200,135.105,135.128,134.539,134.784,18345
1656057600,134.787,134.978,134.341,134.905,32846
1656072000,134.905,135.29,134.805,135.122,32789
1656086400,135.118,135.261,134.702,135.155,44132
1656100800,135.154,135.389,135.112,135.179,8082
1656288000,135.002,135.21,134.582,134.62,16352
1656302400,134.62,134.918,134.511,134.692,30005
1656316800,134.693,135.162,134.655,134.966,26431
1656331200,134.966,135.542,134.943,135.408,26847
1656345600,135.408,135.444,135.001,135.347,33662
1656360000,135.347,135.48,135.308,135.467,12096
1656374400,135.455,135.583,135.284,135.434,12309
1656388800,135.435,135.488,135.099,135.335,22076
1656403200,135.334,135.823,135.282,135.672,30678
1656417600,135.672,136.312,135.669,136.261,33902
1656432000,136.26,136.305,136.037,136.191,39427
1656446400,136.19,136.374,136.102,136.151,14208
1656460800,136.133,136.206,135.933,135.988,15885
1656475200,135.989,136.267,135.885,136.034,25951
1656489600,136.034,136.215,135.751,136.169,37352
1656504000,136.169,136.607,136.111,136.564,33478
1656518400,136.562,136.992,136.331,136.583,45164
1656532800,136.584,136.665,136.469,136.587,11811
1656547200,136.583,136.802,136.387,136.579,12601
1656561600,136.579,136.677,136.482,136.502,16175
1656576000,136.503,136.531,135.953,136.222,31417
1656590400,136.221,136.43,135.963,136.133,26822
1656604800,136.132,136.193,135.554,135.659,34898
1656619200,135.659,135.755,135.542,135.737,11140
1656633600,135.706,135.975,135.623,135.948,9905
1656648000,135.948,135.949,134.968,135.078,30372
1656662400,135.08,135.666,134.732,135.499,34416
1656676800,135.498,135.659,135.026,135.263,27268
1656691200,135.266,135.542,134.78,135.268,40568
1656705600,135.268,135.388,135.162,135.248,8487
1656892800,135.212,135.301,134.86,134.907,11841
1656907200,134.907,135.17,134.773,135.109,18531
1656921600,135.109,135.514,135.103,135.324,21891
1656936000,135.323,135.535,135.251,135.395,12131
1656950400,135.395,135.764,135.384,135.69,9734
1656964800,135.691,135.718,135.654,135.687,3591
1656979200,135.629,136.138,135.466,136.038,12248
1656993600,136.038,136.353,135.972,136.239,15549
1657008000,136.239,136.316,135.544,135.835,28674
1657022400,135.836,136.193,135.547,135.838,31752
1657036800,135.839,136.101,135.509,135.733,31819
1657051200,135.732,135.908,135.615,135.866,9030
1657065600,135.844,135.869,135.411,135.648,15103
1657080000,135.647,135.657,135.117,135.326,20024
1657094400,135.326,135.682,135.014,135.201,32903
1657108800,135.2,135.49,134.939,135.142,35336
1657123200,135.142,135.994,134.951,135.737,39402
1657137600,135.739,135.992,135.546,135.9,16006
1657152000,135.897,136.12,135.743,135.755,10683
1657166400,135.754,135.815,135.54,135.674,17546
1657180800,135.675,136.213,135.663,136.118,27477
1657195200,136.117,136.204,135.552,135.899,26983
1657209600,135.899,136.033,135.663,136.027,19938
1657224000,136.028,136.099,135.969,135.986,4978
1657238400,135.98,136.14,135.88,135.945,6802
1657252800,135.946,136.069,135.318,135.463,33436
1657267200,135.463,135.891,135.431,135.723,31362
1657281600,135.723,136.555,135.671,136.412,28243
1657296000,136.411,136.504,135.857,136.16,25584
1657310400,136.16,136.188,136.032,136.096,5393
1657497600,136.044,136.469,135.961,136.448,8979
1657512000,136.445,137.268,136.428,136.978,23823
1657526400,136.981,137.147,136.699,136.961,26473
1657540800,136.96,137.68,136.934,137.578,20254
1657555200,137.579,137.741,137.264,137.39,21952
1657569600,137.391,137.446,137.246,137.395,6048
1657584000,137.395,137.437,137.13,137.218,10819
1657598400,137.217,137.335,137.021,137.283,18669
1657612800,137.283,137.523,137.122,137.203,31099
1657627200,137.202,137.227,136.613,136.655,33339
1657641600,136.656,136.745,136.463,136.676,29508
1657656000,136.677,136.854,136.658,136.842,10532
1657670400,136.823,137.037,136.683,136.919,11235
1657684800,136.919,137.244,136.917,137.04,15491
1657699200,137.039,137.242,136.924,137.149,24491
1657713600,137.149,137.707,136.971,137.572,22791
1657728000,137.572,137.858,137.086,137.211,42192
1657742400,137.21,137.417,137.111,137.417,16105
1657756800,137.403,137.958,137.322,137.907,11036
1657771200,137.907,138.272,137.753,138.23,22403
1657785600,138.231,139.375,138.224,139.066,32871
1657800000,139.067,139.217,138.588,139.126,38883
1657814400,139.126,139.368,138.696,138.934,50096
1657828800,138.935,138.983,138.701,138.917,21277
1657843200,138.911,139.112,138.799,138.847,10879
1657857600,138.846,139.079,138.755,139.021,21028
1657872000,139.02,139.046,138.551,138.801,25585
1657886400,138.801,138.919,138.498,138.57,27932
1657900800,138.568,138.84,138.375,138.542,31753
1657915200,138.543,138.574,138.466,138.523,6741
1658102400,138.471,138.562,138.15,138.169,7782
1658116800,138.17,138.446,138.021,138.321,17198
1658131200,138.326,138.332,137.881,138.099,18289
1658145600,138.1,138.407,138.095,138.289,14119
1658160000,138.289,138.43,137.958,138.063,22552
1658174400,138.063,138.142,137.986,138.12,9750
1658188800,138.101,138.384,138.012,138.225,13013
1658203200,138.225,138.297,137.928,138.08,15556
1658217600,138.08,138.099,137.611,137.712,24448
1658232000,137.712,137.752,137.374,137.638,23829
1658246400,137.638,138.04,137.434,138.032,25479
1658260800,138.033,138.237,138.02,138.173,7535
1658275200,138.167,138.364,138.081,138.141,11503
1658289600,138.142,138.219,137.908,137.985,19070
1658304000,137.985,138.32,137.894,138.245,21794
1658318400,138.245,138.245,138.032,138.057,18319
1658332800,138.058,138.271,137.955,138.246,17104
1658347200,138.246,138.292,138.166,138.265,7826
1658361600,138.24,138.543,138.149,138.454,11044
1658376000,138.453,138.506,137.969,138.16,26048
1658390400,138.16,138.677,138.103,138.648,26648
1658404800,138.648,138.867,138.302,138.388,34471
1658419200,138.389,138.523,137.698,137.932,41555
1658433600,137.932,137.934,137.322,137.322,11398
1658448000,137.32,137.542,137.012,137.351,13803
1658462400,137.354,137.889,137.289,137.864,15817
1658476800,137.865,137.945,137.499,137.626,27687
1658491200,137.627,137.627,136.601,136.847,31800
1658505600,136.846,136.872,135.552,136.009,39856
1658520000,136.01,136.269,135.875,136.059,13434
1658707200,136.141,136.603,135.992,136.519,12619
1658721600,136.518,136.543,135.879,136.204,21518
1658736000,136.203,136.468,136.202,136.399,22824
1658750400,136.4,136.738,136.211,136.534,20630
1658764800,136.533,136.78,136.4,136.69,20985
1658779200,136.691,136.721,136.575,136.641,4759
1658793600,136.634,136.664,136.265,136.412,8247
1658808000,136.411,136.569,136.293,136.54,11118
1658822400,136.539,136.727,136.457,136.536,14996
1658836800,136.536,136.834,136.392,136.501,20190
1658851200,136.504,136.68,136.272,136.614,23151
1658865600,136.615,136.955,136.549,136.949,7278
1658880000,136.935,137.108,136.793,137.058,7798
1658894400,137.061,137.131,136.874,136.997,15218
1658908800,136.997,137.04,136.743,136.796,17491
1658923200,136.795,136.978,136.519,136.926,18889
1658937600,136.926,137.418,136.779,137.348,21251
1658952000,137.349,137.447,136.308,136.602,35546
1658966400,136.584,136.584,136.033,136.148,12001
1658980800,136.149,136.149,135.092,135.451,31460
1658995200,135.452,135.79,135.239,135.299,25294
1659009600,135.303,135.737,134.542,134.7,31306
1659024000,134.7,134.884,134.324,134.494,39510
1659038400,134.492,134.555,134.192,134.209,10248
1659052800,134.216,134.665,134.216,134.491,16434
1659067200,134.491,134.565,132.952,133.374,31039
1659081600,133.373,133.379,132.491,132.975,39170
1659096000,132.975,134.232,132.968,134.058,32543
1659110400,134.059,134.582,133.206,133.304,36435
1659124800,133.301,133.428,133.199,133.212,9879
1659312000,133.204,133.551,132.75,132.869,13075
1659326400,132.871,132.958,132.051,132.589,30016
1659340800,132.589,132.657,132.088,132.335,26943
1659355200,132.335,132.496,131.86,132.045,32765
1659369600,132.045,132.374,131.589,131.751,37913
1659384000,131.751,131.981,131.596,131.604,10242
1659398400,131.609,131.718,130.582,130.928,19936
1659412800,130.927,130.961,130.387,130.711,27698
1659427200,130.711,131.168,130.414,130.861,37472
1659441600,130.862,131.069,130.628,130.742,29479
1659456000,130.742,132.384,130.687,132.244,39472
1659470400,132.249,133.149,132.205,133.104,21246
1659484800,133.118,133.887,132.861,133.783,19480
1659499200,133.784,133.836,132.275,132.709,35665
1659513600,132.708,133.401,132.69,133.191,39024
1659528000,133.191,133.69,132.946,133.566,33868
1659542400,133.565,134.535,133.449,134.112,42807
1659556800,134.112,134.175,133.847,133.87,10711
1659571200,133.864,134.13,133.551,133.609,12146
1659585600,133.615,133.911,133.41,133.691,21510
1659600000,133.692,134.411,133.679,134.29,25779
1659614400,134.29,134.374,133.143,133.51,34112
1659628800,133.512,133.787,132.931,133.076,36575
1659643200,133.075,133.196,132.752,132.953,11813
1659657600,132.94,133.128,132.51,132.963,16369
1659672000,132.964,133.368,132.938,133.321,18485
1659686400,133.321,133.466,133.043,133.072,22547
1659700800,133.071,134.844,132.829,134.665,31872
1659715200,134.666,135.489,134.614,135.127,43264
1659729600,135.126,135.158,134.85,134.972,13542
1659916800,135.01,135.571,134.926,135.334,16805
1659931200,135.329,135.409,135.049,135.242,26693
1659945600,135.242,135.455,134.898,135.117,32133
1659960000,135.116,135.196,134.591,134.838,30091
1659974400,134.838,134.898,134.342,134.615,29201
1659988800,134.615,135.102,134.612,134.992,8563
1660003200,134.977,135.025,134.752,134.866,14572
1660017600,134.867,135.037,134.655,134.897,22203
1660032000,134.897,135.147,134.786,134.888,25384
1660046400,134.89,135.182,134.705,134.915,27082
1660060800,134.912,135.057,134.844,135.026,21878
1660075200,135.027,135.192,134.982,135.142,7176
1660089600,135.112,135.294,135.016,135.205,11907
1660104000,135.206,135.234,134.882,134.981,18322
1660118400,134.98,135.089,134.895,134.958,17463
1660132800,134.959,135.07,132.661,133.135,33588
1660147200,133.134,133.306,132.017,132.534,46075
1660161600,132.533,133.062,132.341,132.871,17059
1660176000,132.867,132.946,132.595,132.761,11010
1660190400,132.761,133.303,132.759,133.12,19937
1660204800,133.117,133.182,132.417,132.506,27187
1660219200,132.504,132.698,131.721,131.924,30676
1660233600,131.925,132.879,131.871,132.769,40416
1660248000,132.77,133.126,132.741,132.972,14266
1660262400,132.98,133.434,132.871,133.264,13489
1660276800,133.263,133.484,133.081,133.236,22611
1660291200,133.237,133.43,133.063,133.225,24874
1660305600,133.225,133.884,133.222,133.677,28729
1660320000,133.677,133.863,133.426,133.583,33656
1660334400,133.583,133.583,133.424,133.475,5362
1660521600,133.362,133.583,132.904,133.024,13631
1660536000,133.023,133.356,132.985,133.19,22575
1660550400,133.191,133.532,133.119,133.36,21395
1660564800,133.36,133.486,132.543,132.679,25999
1660579200,132.679,133.265,132.548,133.127,22505
1660593600,133.128,133.339,133.126,133.289,6383
1660608000,133.295,133.314,132.942,133.184,12714
1660622400,133.183,133.484,133.158,133.436,19217
1660636800,133.436,133.944,133.255,133.931,24531
1660651200,133.93,134.676,133.86,134.586,26399
1660665600,134.583,134.661,134.196,134.392,22814
1660680000,134.392,134.395,134.156,134.226,5868
1660694400,134.214,134.424,134.103,134.122,12029
1660708800,134.121,134.207,133.897,134.144,20079
1660723200,134.144,134.902,134.076,134.803,30051
1660737600,134.803,135.383,134.639,135.098,22295
1660752000,135.098,135.489,134.932,135.397,22542
1660766400,135.396,135.47,134.783,135.072,17783
1660780800,135.061,135.17,134.722,134.802,9760
1660795200,134.803,135.138,134.754,135.063,16930
1660809600,135.061,135.419,134.98,135.196,26809
1660824000,135.197,135.337,134.641,134.922,26052
1660838400,134.921,135.68,134.84,135.633,25700
1660852800,135.633,135.892,135.627,135.87,10103
1660867200,135.865,136.366,135.709,136.271,12782
1660881600,136.27,136.336,136.063,136.26,19166
1660896000,136.261,136.754,136.113,136.469,24953
1660910400,136.468,137.128,136.382,136.816,23751
1660924800,136.816,137.22,136.713,136.865,20860
1660939200,136.865,136.894,136.731,136.863,6221
1661126400,136.813,137.271,136.813,137.254,11924
1661140800,137.26,137.425,137.097,137.234,16123
1661155200,137.234,137.296,136.689,136.926,27927
1661169600,136.925,137.239,136.737,137.171,22484
1661184000,137.172,137.64,137.013,137.444,24518
1661198400,137.445,137.526,137.344,137.513,8401
1661212800,137.503,137.697,137.185,137.239,14763
1661227200,137.241,137.357,137.071,137.275,17487
1661241600,137.276,137.412,137.028,137.203,28027
1661256000,137.203,137.635,137.203,137.512,19084
1661270400,137.509,137.607,135.797,136.427,39121
1661284800,136.427,136.876,136.408,136.734,10857
1661299200,136.738,136.939,136.606,136.89,13212
1661313600,136.89,137.034,136.351,136.478,21087
1661328000,136.477,136.843,136.372,136.451,22011
1661342400,136.452,137.007,136.164,136.855,26991
1661356800,136.854,137.234,136.689,137.064,29983
1661371200,137.065,137.203,136.996,137.111,8055
1661385600,137.07,137.191,136.723,136.93,11599
1661400000,136.93,136.974,136.581,136.653,20734
1661414400,136.652,136.783,136.389,136.466,25931
1661428800,136.466,136.829,136.309,136.672,25427
1661443200,136.671,136.947,136.6,136.634,25209
1661457600,136.634,136.647,136.389,136.485,10754
1661472000,136.466,136.733,136.412,136.678,7886
1661486400,136.679,136.83,136.605,136.828,12514
1661500800,136.827,137.116,136.738,136.906,18381
1661515200,136.905,137.031,136.491,136.67,21908
1661529600,136.67,137.445,136.175,137.323,52367
1661544000,137.324,137.52,137.28,137.486,12091
1661731200,137.619,138.386,137.556,138.37,13497
1661745600,138.37,138.883,138.243,138.855,17662
1661760000,138.854,138.994,138.632,138.692,22575
1661774400,138.693,138.734,138.258,138.493,24009
1661788800,138.492,138.843,138.317,138.73,22020
1661803200,138.725,138.87,138.634,138.713,9165
1661817600,138.639,138.764,138.43,138.487,10795
1661832000,138.488,138.671,138.332,138.478,17914
1661846400,138.478,138.651,138.126,138.271,27944
1661860800,138.274,138.489,138.043,138.482,23824
1661875200,138.483,139.067,138.163,138.682,32230
1661889600,138.682,138.803,138.602,138.795,8361
1661904000,138.766,138.836,138.431,138.62,10381
1661918400,138.621,138.643,138.322,138.461,14776
1661932800,138.462,138.771,138.262,138.575,23265
1661947200,138.575,138.885,138.439,138.585,25002
1661961600,138.585,138.842,138.44,138.701,28180
1661976000,138.702,138.994,138.624,138.948,9675
1661990400,138.932,139.577,138.877,139.466,15101
1662004800,139.466,139.673,139.351,139.495,17925
1662019200,139.496,139.505,139.073,139.21,24342
1662033600,139.211,139.691,139.048,139.548,21038
1662048000,139.549,140.215,139.374,140.035,30732
1662062400,140.034,140.221,139.924,140.193,8351
1662076800,140.18,140.251,139.861,140.078,8937
1662091200,140.077,140.389,139.927,140.333,14501
1662105600,140.332,140.422,140.133,140.324,17463
1662120000,140.325,140.792,139.922,140.57,24654
1662134400,140.57,140.68,139.908,140.222,31007
1662148800,140.222,140.313,140.051,140.206,8867
1662336000,140.12,140.546,140.089,140.302,13115
1662350400,140.302,140.41,140.109,140.343,23299
1662364800,140.344,140.586,140.289,140.53,26456
1662379200,140.53,140.641,140.37,140.576,19587
1662393600,140.576,140.653,140.476,140.52,7156
1662408000,140.519,140.582,140.504,140.558,1350
1662422400,140.558,140.591,140.241,140.274,11892
1662436800,140.274,140.956,140.273,140.917,16787
1662451200,140.918,141.854,140.844,141.68,28114
1662465600,141.682,142.39,141.56,142.369,24949
1662480000,142.368,143.063,142.299,142.927,31994
1662494400,142.927,142.96,142.75,142.788,8523
1662508800,142.782,143.577,142.577,143.09,22771
1662523200,143.089,144.374,143.035,143.982,40120
1662537600,143.981,144.244,143.746,144.046,37064
1662552000,144.047,144.982,144.019,144.811,36526
1662566400,144.813,144.944,144.139,144.291,30849
1662580800,144.292,144.31,143.663,143.752,14145
1662595200,143.735,144.547,143.671,144.322,14776
1662609600,144.323,144.323,143.687,143.998,24785
1662624000,143.998,144.138,143.414,144.031,30719
1662638400,144.034,144.154,143.309,144.119,31247
1662652800,144.12,144.435,143.718,144.116,37836
1662667200,144.116,144.167,143.872,144.073,8466
1662681600,144.075,144.103,143.614,143.786,13442
1662696000,143.786,143.824,142.44,142.815,35602
1662710400,142.815,143.137,141.885,141.95,36604
1662724800,141.949,142.811,141.494,142.342,37833
1662739200,142.34,142.73,142.145,142.542,36390
1662753600,142.541,142.761,142.522,142.623,9689
1662940800,142.09,142.948,142.084,142.795,8663
1662955200,142.794,143.233,142.321,143.167,19104
1662969600,143.167,143.484,142.591,142.68,30703
1662984000,142.679,142.861,142.227,142.515,27910
1662998400,142.514,142.868,142.152,142.204,24731
1663012800,142.204,142.842,142.198,142.819,9202
1663027200,142.822,142.836,142.416,142.441,11755
1663041600,142.44,142.716,142.308,142.566,23196
1663056000,142.565,142.57,142.033,142.243,26802
1663070400,142.244,144.438,141.589,144.401,36132
1663084800,144.402,144.677,143.78,144.294,49889
1663099200,144.295,144.582,144.105,144.529,15837
1663113600,144.531,144.942,144.051,144.408,19347
1663128000,144.409,144.841,143.642,143.855,24488
1663142400,143.855,143.903,142.888,143.328,41074
1663156800,143.329,143.715,142.81,143.016,40827
1663171200,143.015,143.085,142.545,142.923,30935
1663185600,142.922,143.212,142.912,143.164,8323
1663200000,143.148,143.262,142.787,143.126,11280
1663214400,143.127,143.562,142.907,143.481,22308
1663228800,143.483,143.792,143.321,143.421,27869
1663243200,143.422,143.706,143.143,143.314,33506
1663257600,143.314,143.596,143.157,143.489,31382
1663272000,143.489,143.544,143.326,143.467,9205
1663286400,143.454,143.511,142.82,142.995,10479
1663300800,142.995,143.487,142.852,143.275,14336
1663315200,143.274,143.683,143.216,143.349,25108
1663329600,143.349,143.374,142.944,143.288,21235
1663344000,143.288,143.347,142.854,143.023,26933
1663358400,143.022,143.045,142.845,142.941,7627
1663545600,142.887,143.107,142.63,142.921,9854
1663560000,142.921,143.221,142.896,143.217,11360
1663574400,143.217,143.535,143.214,143.459,17415
1663588800,143.458,143.633,143.371,143.466,19763
1663603200,143.465,143.577,143.162,143.224,20154
1663617600,143.224,143.38,143.145,143.191,6520
1663632000,143.187,143.328,142.922,143.174,10893
1663646400,143.174,143.372,142.94,143.294,12740
1663660800,143.294,143.741,143.202,143.652,19221
1663675200,143.651,143.81,143.465,143.671,20691
1663689600,143.672,143.914,143.589,143.591,19466
1663704000,143.592,143.752,143.514,143.74,8498
1663718400,143.724,143.747,143.468,143.709,12688
1663732800,143.709,144.046,143.623,144.011,20293
1663747200,144.011,144.066,143.333,143.738,35305
1663761600,143.737,144.197,143.736,143.971,22821
1663776000,143.972,144.386,143.862,144.386,21203
1663790400,144.383,144.685,143.392,144.032,45627
1663804800,144.031,144.543,143.92,144.407,17856
1663819200,144.406,145.374,143.485,144.799,38550
1663833600,144.799,145.888,140.657,142.073,63513
1663848000,142.074,143.386,140.339,140.711,70095
1663862400,140.714,142.429,140.712,142.348,42704
1663876800,142.348,142.494,142.085,142.379,10555
1663891200,142.355,142.574,142.045,142.104,13798
1663905600,142.103,142.316,141.752,142.284,24223
1663920000,142.284,142.884,142.075,142.861,35129
1663934400,142.863,143.257,142.245,142.94,57945
1663948800,142.937,143.321,142.72,143.178,42902
1663963200,143.179,143.453,143.115,143.326,15245
1664150400,143.628,144.069,143.163,143.783,19868
1664164800,143.783,144.193,143.65,144.156,40088
1664179200,144.155,144.254,143.501,143.826,55726
1664193600,143.827,144.364,143.722,143.876,37911
1664208000,143.877,144.632,143.856,144.535,38707
1664222400,144.536,144.779,144.497,144.705,15761
1664236800,144.682,144.719,144.261,144.431,17893
1664251200,144.431,144.627,144.311,144.521,26504
1664265600,144.518,144.544,144.051,144.378,36661
1664280000,144.378,144.71,144.23,144.693,29688
1664294400,144.694,144.855,144.511,144.805,38760
1664308800,144.806,144.895,144.722,144.833,12689
1664323200,144.821,144.857,144.593,144.729,11972
1664337600,144.728,144.843,144.376,144.663,25326
1664352000,144.662,144.809,144.49,144.701,30681
1664366400,144.702,144.818,144.474,144.585,46564
1664380800,144.589,144.652,144.029,144.208,37172
1664395200,144.208,144.238,143.898,144.122,13407
1664409600,144.101,144.459,144.034,144.259,17299
1664424000,144.258,144.518,144.196,144.482,18766
1664438400,144.482,144.803,144.435,144.754,34791
1664452800,144.755,144.787,144.591,144.707,30269
1664467200,144.706,144.741,144.249,144.506,31775
1664481600,144.506,144.629,144.314,144.437,12249
1664496000,144.435,144.736,144.299,144.66,13272
1664510400,144.66,144.763,144.478,144.586,20061
1664524800,144.585,144.609,144.197,144.264,33272
1664539200,144.263,144.717,144.235,144.523,30521
1664553600,144.524,144.785,144.43,144.706,30148
1664568000,144.705,144.801,144.653,144.782,9800
1664755200,144.621,144.877,144.49,144.768,13250
1664769600,144.767,145.313,144.636,144.932,22369
1664784000,144.932,145.122,144.73,145.034,28898
1664798400,145.035,145.204,144.765,144.92,23979
1664812800,144.919,144.964,144.149,144.507,31524
1664827200,144.507,144.783,144.488,144.554,9279
1664841600,144.54,144.745,144.401,144.679,12951
1664856000,144.676,144.907,144.654,144.79,17340
1664870400,144.79,144.863,144.518,144.738,28934
1664884800,144.739,144.926,144.602,144.702,25523
1664899200,144.702,144.845,143.943,144.22,26768
1664913600,144.224,144.281,143.884,144.152,9343
1664928000,144.13,144.231,143.516,143.839,13790
1664942400,143.839,144.326,143.774,144.125,24394
1664956800,144.125,144.552,143.99,144.36,30251
1664971200,144.36,144.543,144.306,144.465,23112
1664985600,144.464,144.837,144.421,144.736,24603
1665000000,144.736,144.782,144.386,144.651,8823
1665014400,144.631,144.635,144.375,144.584,9977
1665028800,144.584,144.692,144.488,144.509,13103
1665043200,144.508,144.728,144.473,144.644,23871
1665057600,144.644,144.767,144.559,144.73,20357
1665072000,144.73,145.067,144.688,144.932,23590
1665086400,144.927,145.127,144.879,145.118,8011
1665100800,145.116,145.123,144.84,144.934,9460
1665115200,144.934,145.055,144.894,145.014,14094
1665129600,145.013,145.074,144.713,144.819,17651
1665144000,144.82,145.339,144.542,145.06,23570
1665158400,145.061,145.307,144.938,145.258,24813
1665172800,145.259,145.433,145.226,145.368,4273
1665360000,145.292,145.656,145.292,145.485,7466
1665374400,145.49,145.507,145.327,145.439,12425
1665388800,145.438,145.562,145.226,145.501,18865
1665403200,145.5,145.591,145.414,145.501,15563
1665417600,145.5,145.795,145.435,145.763,13269
1665432000,145.762,145.782,145.598,145.706,4307
1665446400,145.706,145.737,145.538,145.656,8881
1665460800,145.657,145.826,145.6,145.772,14456
1665475200,145.773,145.854,145.492,145.679,23587
1665489600,145.679,145.755,145.491,145.646,20195
1665504000,145.645,145.782,145.417,145.557,18177
1665518400,145.556,145.887,145.543,145.837,11352
1665532800,145.808,146.22,145.672,146.115,15290
1665547200,146.116,146.38,145.985,146.203,24531
1665561600,146.203,146.302,146.047,146.278,24396
1665576000,146.279,146.812,146.259,146.726,21819
1665590400,146.726,146.961,146.684,146.942,19242
1665604800,146.941,146.958,146.649,146.907,10514
1665619200,146.894,146.894,146.661,146.772,10060
1665633600,146.772,146.871,146.743,146.826,11768
1665648000,146.826,146.893,146.744,146.819,14747
1665662400,146.824,147.495,146.621,147.274,29654
1665676800,147.277,147.664,146.431,147.202,47429
1665691200,147.202,147.288,146.824,147.21,13512
1665705600,147.16,147.442,147.095,147.333,10030
1665720000,147.331,147.455,147.08,147.421,17329
1665734400,147.422,147.724,147.346,147.675,23528
1665748800,147.676,147.871,147.49,147.693,27553
1665763200,147.694,148.851,147.673,148.838,34168
1665777600,148.835,148.845,148.547,148.731,9324
1665964800,148.587,148.707,148.406,148.546,14169
1665979200,148.546,148.793,148.532,148.786,13221
1665993600,148.787,148.788,148.572,148.704,23178
1666008000,148.703,148.887,148.588,148.682,20498
1666022400,148.683,148.833,148.559,148.819,18330
1666036800,148.82,149.073,148.734,149.013,6872
1666051200,149.003,149.024,148.732,148.756,9268
1666065600,148.757,148.938,148.662,148.776,15458
1666080000,148.777,149.279,148.755,149.268,20582
1666094400,149.268,149.28,148.12,148.979,26001
1666108800,148.979,149.379,148.936,149.174,19674
1666123200,149.173,149.273,149.14,149.23,8248
1666137600,149.232,149.252,149.09,149.168,9573
1666152000,149.168,149.292,149.11,149.286,12881
1666166400,149.286,149.475,149.218,149.41,20215
1666180800,149.409,149.766,149.363,149.73,20470
1666195200,149.73,149.834,149.615,149.83,13758
1666209600,149.833,149.895,149.801,149.885,6121
1666224000,149.881,149.928,149.624,149.915,8131
1666238400,149.914,149.948,149.843,149.898,10013
1666252800,149.898,150.075,149.629,149.938,20474
1666267200,149.936,149.936,149.673,149.9,23411
1666281600,149.9,149.939,149.544,149.907,18463
1666296000,149.907,150.277,149.898,150.139,8635
1666310400,150.133,150.212,149.971,150.149,6892
1666324800,150.147,150.425,150.142,150.377,12594
1666339200,150.378,150.938,150.284,150.928,19722
1666353600,150.928,151.933,150.774,151.464,24680
1666368000,151.466,151.674,146.158,147.232,89494
1666382400,147.236,148.442,146.611,147.61,35622
1666569600,147.673,149.698,145.422,148.702,32787
1666584000,148.706,149.029,148.508,148.891,25040
1666598400,148.892,149.396,148.765,149.314,27946
1666612800,149.314,149.447,148.259,149.055,32240
1666627200,149.052,149.213,148.647,148.946,36523
1666641600,148.947,149.086,148.771,149.008,12385
1666656000,148.954,149.088,148.474,148.967,12660
1666670400,148.966,149.047,148.776,148.883,16054
1666684800,148.884,148.997,148.838,148.86,16994
1666699200,148.86,148.982,148.656,148.766,15404
1666713600,148.767,148.791,147.504,148.025,42010
1666728000,148.024,148.114,147.818,147.927,15667
1666742400,147.922,148.342,147.871,148.123,14326
1666756800,148.124,148.405,148.073,148.248,15862
1666771200,148.247,148.269,146.749,146.983,34271
1666785600,146.984,147.346,146.701,147.271,31860
1666800000,147.271,147.319,146.22,146.415,41943
1666814400,146.417,146.489,146.215,146.362,16958
1666828800,146.347,146.457,145.985,146.047,18935
1666843200,146.047,146.384,145.76,145.808,20492
1666857600,145.805,145.996,145.097,145.94,35412
1666872000,145.941,146.926,145.909,146.523,38992
1666886400,146.521,146.651,145.655,146.115,47623
1666900800,146.115,146.304,145.942,146.249,10014
1666915200,146.252,146.622,145.991,146.595,11483
1666929600,146.596,146.845,145.957,146.264,31688
1666944000,146.264,147.577,146.197,147.426,38544
1666958400,147.427,147.85,147.111,147.701,30677
1666972800,147.702,147.747,147.24,147.706,29937
1666987200,147.706,147.732,147.338,147.465,8313
1667174400,147.752,148.267,147.547,148.086,16360
1667188800,148.085,148.176,147.771,147.902,14847
1667203200,147.904,148.445,147.725,148.402,22854
1667217600,148.401,148.782,148.377,148.747,23937
1667232000,148.748,148.841,148.42,148.621,20981
1667246400,148.62,148.763,148.522,148.75,9727
1667260800,148.751,148.814,148.194,148.363,15148
1667275200,148.363,148.425,148.078,148.094,21098
1667289600,148.094,148.169,147.374,147.455,31761
1667304000,147.455,147.537,146.979,147.428,34947
1667318400,147.443,148.337,147.443,148.219,34855
1667332800,148.22,148.272,148.142,148.237,7533
1667347200,148.219,148.363,147.149,147.303,22814
1667361600,147.303,147.699,147.229,147.5,21686
1667376000,147.498,147.557,147.015,147.128,27858
1667390400,147.127,147.382,146.813,147.023,29108
1667404800,147.026,147.16,146.849,147.032,15734
1667419200,147.031,147.959,145.659,147.788,46980
1667433600,147.783,147.989,147.1,147.361,14987
1667448000,147.362,147.398,147.124,147.388,16352
1667462400,147.388,148.313,147.373,148.224,35160
1667476800,148.225,148.443,147.912,147.957,36674
1667491200,147.958,148.354,147.598,148.268,31753
1667505600,148.268,148.305,148.093,148.198,8013
1667520000,148.195,148.392,147.971,148.093,12663
1667534400,148.09,148.176,147.822,147.96,16653
1667548800,147.961,148.035,147.527,147.783,30540
1667563200,147.784,148.203,146.913,147.149,45469
1667577600,147.151,147.331,146.551,146.982,35582
1667592000,146.979,147.094,146.545,146.59,10673
1667779200,147.001,147.208,146.698,147.093,14755
1667793600,147.093,147.335,147.034,147.148,15591
1667808000,147.147,147.558,146.572,146.698,33587
1667822400,146.697,146.78,146.134,146.315,29706
1667836800,146.313,146.724,146.075,146.508,32385
1667851200,146.51,146.672,146.429,146.634,9536
1667865600,146.63,146.77,146.303,146.682,13498
1667880000,146.682,146.801,146.502,146.742,13053
1667894400,146.746,146.926,146.183,146.206,28607
1667908800,146.206,146.542,146.14,146.358,21689
1667923200,146.357,146.367,145.301,145.523,29957
1667937600,145.523,145.714,145.362,145.682,14467
1667952000,145.659,145.853,145.191,145.58,16283
1667966400,145.58,145.774,145.163,145.771,19909
1667980800,145.772,145.894,145.203,145.761,32891
1667995200,145.76,146.451,145.581,146.41,28545
1668009600,146.409,146.564,145.807,146.182,35454
1668024000,146.181,146.787,146.132,146.386,14512
1668038400,146.387,146.466,146.098,146.231,12740
1668052800,146.232,146.308,146.04,146.125,16126
1668067200,146.126,146.437,146.091,146.413,24406
1668081600,146.411,146.582,143.162,143.701,32936
1668096000,143.701,143.863,141.456,142.097,75437
1668110400,142.096,142.188,140.193,140.953,24979
1668124800,140.958,142.469,140.901,142.344,27151
1668139200,142.343,142.46,141.318,141.652,26362
1668153600,141.652,141.703,139.967,140.021,44370
1668168000,140.023,140.086,138.743,139.251,51515
1668182400,139.251,139.788,138.673,138.764,41554
1668196800,138.763,138.787,138.454,138.753,16019
1668384000,139.12,139.893,138.788,139.086,28336
1668398400,139.086,139.671,138.892,139.572,23651
1668412800,139.573,140.407,139.094,140.375,41990
1668427200,140.377,140.788,140.06,140.475,37549
1668441600,140.472,140.705,140.199,140.244,34537
1668456000,140.243,140.251,139.639,139.891,11508
1668470400,139.888,140.498,139.859,140.267,17189
1668484800,140.267,140.615,140.18,140.367,20400
1668499200,140.367,140.434,139.165,139.359,43437
1668513600,139.359,139.455,137.66,138.601,46314
1668528000,138.603,139.678,138.327,139.265,52295
1668542400,139.263,139.508,138.968,139.331,35299
1668556800,139.305,139.901,138.719,139.712,28678
1668571200,139.711,140.28,139.587,139.706,34405
1668585600,139.706,139.991,139.261,139.384,39062
1668600000,139.383,140.026,139.176,139.768,35184
1668614400,139.763,139.791,139.032,139.403,34708
1668628800,139.403,139.7,139.234,139.557,12283
1668643200,139.524,139.593,139.211,139.516,15848
1668657600,139.516,139.79,139.351,139.425,21788
1668672000,139.425,139.701,138.868,139.616,31817
1668686400,139.617,140.588,139.559,140.503,40538
1668700800,140.501,140.731,140.171,140.285,32334
1668715200,140.284,140.346,140.051,140.176,10662
1668729600,140.181,140.486,140.014,140.065,16291
1668744000,140.063,140.068,139.641,139.773,23505
1668758400,139.773,140.28,139.621,139.939,36329
1668772800,139.939,140.068,139.701,139.921,26858
1668787200,139.92,140.241,139.682,140.234,22670
1668801600,140.233,140.416,140.167,140.38,7145
1668988800,140.264,140.489,140.151,140.285,14170
1669003200,140.284,140.562,140.28,140.536,16695
1669017600,140.537,141.862,140.476,141.826,31159
1669032000,141.825,142.048,141.538,141.585,28377
1669046400,141.584,142.242,141.305,142.101,25280
1669060800,142.102,142.198,141.996,142.091,9416
1669075200,142.103,142.226,141.752,141.814,11161
1669089600,141.815,141.957,141.622,141.83,12851
1669104000,141.829,142.024,141.158,141.272,26404
1669118400,141.273,141.461,141.072,141.453,24808
1669132800,141.449,141.537,141.139,141.224,20482
1669147200,141.224,141.289,141.138,141.205,6246
1669161600,141.203,141.43,140.901,141.327,10450
1669176000,141.328,141.499,141.19,141.336,10396
1669190400,141.34,141.497,141.058,141.334,24888
1669204800,141.335,141.603,140.978,141.044,22752
1669219200,141.047,141.114,139.554,139.831,37032
1669233600,139.83,139.963,139.154,139.59,19669
1669248000,139.586,139.59,138.748,138.773,19958
1669262400,138.77,138.956,138.6,138.913,20424
1669276800,138.912,139.211,138.539,138.562,29486
1669291200,138.563,138.587,138.039,138.299,28765
1669305600,138.3,138.488,138.081,138.396,15603
1669320000,138.398,138.638,138.388,138.613,2705
1669334400,138.582,139.04,138.461,138.754,12816
1669348800,138.755,138.794,138.364,138.66,16860
1669363200,138.665,139.518,138.405,139.38,31731
1669377600,139.379,139.587,139.169,139.342,26098
1669392000,139.341,139.559,139.009,139.136,18545
1669406400,139.136,139.154,138.976,139.082,11709
1669593600,139.326,139.409,138.644,138.68,16513
1669608000,138.68,138.765,138.325,138.358,19353
1669622400,138.357,138.386,137.488,137.762,40603
1669636800,137.761,138.736,137.521,138.505,29550
1669651200,138.504,138.908,138.307,138.787,28329
1669665600,138.787,139.0,138.765,138.897,8900
1669680000,138.89,139.343,138.528,138.746,14648
1669694400,138.748,138.876,138.405,138.516,24682
1669708800,138.515,138.689,137.914,138.112,41170
1669723200,138.111,138.616,137.856,138.583,31470
1669737600,138.584,138.845,138.203,138.456,28318
1669752000,138.455,138.789,138.37,138.67,8117
1669766400,138.653,138.932,138.431,138.513,14493
1669780800,138.511,138.839,138.364,138.465,18448
1669795200,138.464,138.861,138.32,138.752,25845
1669809600,138.75,139.422,138.463,139.379,31462
1669824000,139.377,139.883,139.037,139.366,36132
1669838400,139.366,139.585,137.641,138.08,37077
1669852800,138.067,138.092,136.485,136.769,27174
1669867200,136.767,136.986,136.192,136.392,27134
1669881600,136.393,136.658,135.822,136.327,37411
1669896000,136.326,136.485,135.739,136.183,30299
1669910400,136.184,136.319,135.301,135.422,45670
1669924800,135.422,135.523,135.2,135.334,15326
1669939200,135.323,135.584,135.0,135.11,19532
1669953600,135.11,135.323,135.026,135.138,18235
1669968000,135.138,135.195,133.612,133.977,38765
1669982400,133.978,135.973,133.859,135.393,42759
1669996800,135.392,135.731,134.432,134.65,43100
1670011200,134.647,134.78,134.231,134.305,13296
1670198400,134.518,134.758,134.12,134.254,18136
1670212800,134.254,134.645,134.191,134.543,16837
1670227200,134.543,135.474,134.527,135.228,29899
1670241600,135.228,135.733,135.007,135.637,25461
1670256000,135.636,136.66,135.596,136.621,33678
1670270400,136.621,136.846,136.513,136.769,13641
1670284800,136.741,136.828,136.278,136.493,18431
1670299200,136.492,137.162,136.469,136.961,29925
1670313600,136.96,137.418,136.527,136.763,37238
1670328000,136.764,136.767,135.952,136.402,28191
1670342400,136.4,136.869,136.302,136.825,24852
1670356800,136.826,137.065,136.803,137.032,7813
1670371200,136.992,137.351,136.781,136.93,15506
1670385600,136.931,137.483,136.827,137.381,21421
1670400000,137.38,137.849,137.294,137.609,35002
1670414400,137.608,137.723,136.523,136.612,31876
1670428800,136.61,136.851,136.259,136.333,38540
1670443200,136.334,136.6,136.207,136.585,13225
1670457600,136.582,137.028,136.233,136.861,17028
1670472000,136.861,137.234,136.711,137.085,19217
1670486400,137.084,137.141,136.563,136.971,27111
1670500800,136.972,136.982,136.301,136.604,23493
1670515200,136.605,136.769,136.311,136.553,26260
1670529600,136.552,136.737,136.516,136.67,8968
1670544000,136.652,136.869,136.025,136.094,20315
1670558400,136.095,136.342,135.754,136.149,20146
1670572800,136.149,136.45,135.933,136.193,27265
1670587200,136.19,136.675,135.594,136.046,31852
1670601600,136.045,136.895,135.995,136.462,32952
1670616000,136.462,136.704,136.331,136.569,6909
1670803200,136.525,137.082,136.433,136.845,16188
1670817600,136.848,137.122,136.779,136.992,11135
1670832000,136.991,137.094,136.632,136.639,26671
1670846400,136.639,137.247,136.607,137.001,18518
1670860800,137.003,137.676,136.9,137.556,21332
1670875200,137.555,137.841,137.514,137.618,11006
1670889600,137.627,137.888,137.264,137.65,13750
1670904000,137.649,137.961,137.525,137.557,11745
1670918400,137.557,137.764,137.313,137.669,19997
1670932800,137.668,137.827,134.94,135.151,32464
1670947200,135.148,135.363,134.649,135.316,51430
1670961600,135.316,135.637,135.274,135.568,16590
1670976000,135.551,135.726,135.279,135.58,15213
1670990400,135.579,135.65,135.36,135.422,9425
1671004800,135.421,135.595,135.072,135.2,23425
1671019200,135.199,135.21,134.507,134.955,27046
1671033600,134.954,135.126,134.743,135.089,21821
1671048000,135.089,135.983,134.531,135.47,50215
1671062400,135.463,135.529,135.234,135.436,12684
1671076800,135.435,135.874,135.427,135.585,10947
1671091200,135.585,136.78,135.545,136.561,24528
1671105600,136.56,136.918,136.377,136.401,28939
1671120000,136.403,138.119,136.17,138.094,41209
1671134400,138.089,138.166,137.617,137.789,10738
1671148800,137.761,137.787,137.293,137.341,10362
1671163200,137.34,137.4,136.948,137.342,13793
1671177600,137.341,137.377,136.817,137.177,23645
1671192000,137.176,137.228,136.936,137.034,18141
1671206400,137.033,137.345,136.395,136.419,28986
1671220800,136.418,136.745,136.286,136.712,7431
1671408000,135.911,136.598,135.81,135.866,16529
1671422400,135.867,136.344,135.763,136.184,16252
1671436800,136.183,136.186,135.743,136.117,23035
1671451200,136.115,136.702,135.977,136.661,23028
1671465600,136.66,137.153,136.508,136.756,21310
1671480000,136.755,137.043,136.724,136.913,8233
1671494400,136.909,137.466,136.693,137.269,11828
1671508800,137.269,137.409,132.926,132.926,54760
1671523200,132.919,133.692,131.987,132.051,61953
1671537600,132.052,132.895,132.051,132.187,35612
1671552000,132.187,132.528,130.557,131.147,46341
1671566400,131.148,131.822,131.12,131.695,13492
1671580800,131.623,132.305,131.445,132.164,19972
1671595200,132.163,132.365,131.91,132.178,16198
1671609600,132.177,132.237,131.54,131.657,28402
1671624000,131.657,132.34,131.554,132.28,32114
1671638400,132.28,132.521,131.791,132.33,38955
1671652800,132.335,132.41,132.075,132.393,17326
1671667200,132.379,132.452,131.787,131.884,18956
1671681600,131.885,131.973,131.634,131.92,18609
1671696000,131.922,132.101,131.744,131.978,23695
1671710400,131.977,132.496,131.898,132.365,25270
1671724800,132.364,132.715,132.159,132.395,32930
1671739200,132.396,132.499,132.25,132.333,13576
1671753600,132.323,132.806,132.151,132.647,19836
1671768000,132.647,132.749,132.573,132.697,16640
1671782400,132.698,132.745,132.43,132.586,19453
1671796800,132.585,133.003,132.514,132.799,21378
1671811200,132.801,133.131,132.723,132.872,30489
1671825600,132.871,132.933,132.746,132.77,6459
1672041600,132.675,133.084,132.659,133.004,917
1672056000,133.002,133.188,132.803,132.941,946
1672070400,132.938,132.942,132.852,132.873,1430
1672084800,132.886,132.913,132.825,132.886,586
1672099200,132.821,133.171,132.626,132.853,10280
1672113600,132.855,132.98,132.777,132.796,10278
1672128000,132.796,133.21,132.73,133.166,16681
1672142400,133.167,133.489,133.128,133.453,15887
1672156800,133.452,133.587,133.17,133.481,20404
1672171200,133.48,133.558,133.324,133.476,8434
1672185600,133.44,133.936,133.308,133.694,14934
1672200000,133.694,134.394,133.693,134.062,19031
1672214400,134.063,134.201,133.794,134.027,23788
1672228800,134.026,134.06,133.392,133.811,22549
1672243200,133.811,134.296,133.619,134.167,27941
1672257600,134.165,134.49,134.059,134.446,9118
1672272000,134.423,134.423,133.661,133.716,18337
1672286400,133.715,133.884,133.483,133.661,13470
1672300800,133.66,133.891,133.462,133.605,21717
1672315200,133.604,133.817,133.09,133.159,18889
1672329600,133.158,133.362,132.898,133.025,23780
1672344000,133.022,133.053,132.871,133.013,10977
1672358400,133.002,133.084,132.377,132.44,14693
1672372800,132.439,132.763,132.436,132.614,10770
1672387200,132.613,132.646,131.545,132.108,22271
1672401600,132.112,132.112,131.595,131.895,20284
1672416000,131.895,132.324,130.995,130.999,37007
1672430400,130.994,131.284,130.764,131.102,17715
1672617600,130.845,131.001,130.689,130.875,263
1672632000,130.881,130.947,130.846,130.881,678
1672646400,130.883,131.042,130.842,130.868,2724
1672660800,130.867,130.876,130.614,130.638,5439
1672675200,130.637,130.839,130.63,130.769,23374
1672689600,130.772,130.784,130.614,130.625,2775
1672704000,130.676,131.397,129.802,130.143,22140
1672718400,130.146,130.298,129.504,129.809,24325
1672732800,129.809,130.952,129.607,130.41,40434
1672747200,130.406,131.185,130.353,130.647,30471
1672761600,130.648,131.099,130.044,130.786,34014
1672776000,130.785,131.028,130.567,131.01,10601
1672790400,131.011,131.445,130.573,130.637,20915
1672804800,130.637,130.985,130.61,130.842,15991
1672819200,130.841,130.869,129.918,130.414,35656
1672833600,130.413,130.971,130.271,130.703,24046
1672848000,130.702,132.706,130.691,132.54,41949
1672862400,132.539,132.705,132.377,132.663,20083
1672876800,132.624,132.624,131.674,131.964,19343
1672891200,131.963,132.617,131.917,132.472,22702
1672905600,132.473,132.893,132.237,132.525,29799
1672920000,132.522,133.715,132.317,133.679,35508
1672934400,133.679,134.045,133.063,133.239,44180
1672948800,133.24,133.431,132.945,133.431,17869
1672963200,133.417,133.801,133.265,133.793,12332
1672977600,133.797,134.365,133.575,134.153,15294
1672992000,134.152,134.586,133.695,134.4,31095
1673006400,134.402,134.765,133.229,133.364,39994
1673020800,133.361,134.092,132.072,132.101,61367
1673035200,132.1,132.202,131.986,132.127,12444
1673222400,131.887,132.277,131.585,131.738,19150
1673236800,131.738,131.904,131.299,131.838,17293
1673251200,131.837,132.565,131.608,132.432,32030
1673265600,132.432,132.647,131.719,131.773,29377
1673280000,131.773,132.061,131.546,131.754,30728
1673294400,131.752,131.879,131.525,131.865,11925
1673308800,131.837,132.213,131.381,131.514,22243
1673323200,131.512,132.026,131.482,131.763,19212
1673337600,131.763,132.283,131.685,131.815,30774
1673352000,131.814,132.469,131.809,132.281,24685
1673366400,132.281,132.339,131.721,132.2,40304
1673380800,132.2,132.296,132.145,132.222,9005
1673395200,132.18,132.521,132.059,132.385,15750
1673409600,132.384,132.571,132.125,132.254,13221
1673424000,132.254,132.738,132.154,132.472,22294
1673438400,132.473,132.865,132.304,132.685,22017
1673452800,132.686,132.742,132.371,132.477,22286
1673467200,132.478,132.695,132.281,132.495,13642
1673481600,132.47,132.476,131.525,131.661,26743
1673496000,131.661,131.802,131.356,131.629,18653
1673510400,131.629,131.892,130.846,130.95,30095
1673524800,130.95,131.211,129.495,129.642,43725
1673539200,129.638,130.776,129.169,129.186,62799
1673553600,129.185,129.436,128.858,129.33,22619
1673568000,129.291,129.406,128.632,128.925,28344
1673582400,128.924,129.294,128.913,129.155,23216
1673596800,129.154,129.161,128.1,128.517,42311
1673611200,128.516,128.822,128.166,128.234,32066
1673625600,128.232,128.317,127.45,127.698,39785
1673640000,127.699,127.936,127.665,127.851,10663
1673827200,127.752,128.191,127.527,127.672,24281
1673841600,127.672,127.777,127.215,127.6,25285
1673856000,127.6,128.855,127.57,128.362,36827
1673870400,128.361,128.554,128.107,128.417,21481
1673884800,128.418,128.756,128.361,128.701,13790
1673899200,128.702,128.711,128.429,128.5,4469
1673913600,128.493,128.944,128.21,128.799,19125
1673928000,128.802,129.149,128.567,128.641,20790
1673942400,128.64,129.014,128.378,128.777,30479
1673956800,128.777,129.113,128.313,128.702,33113
1673971200,128.702,128.711,127.984,128.236,38903
1673985600,128.236,128.436,128.097,128.159,9193
1674000000,128.142,129.038,128.088,128.552,17900
1674014400,128.553,131.567,128.371,130.809,55419
1674028800,130.807,131.223,129.196,129.384,62451
1674043200,129.383,129.575,127.993,128.115,50633
1674057600,128.117,128.946,127.557,128.808,49688
1674072000,128.808,128.888,128.595,128.88,16678
1674086400,128.87,128.87,128.277,128.566,22126
1674100800,128.565,128.626,127.754,127.973,19897
1674115200,127.975,128.392,127.759,128.315,25685
1674129600,128.312,128.811,128.299,128.377,32664
1674144000,128.378,128.614,128.224,128.557,29144
1674158400,128.556,128.622,128.291,128.425,12894
1674172800,128.41,128.881,128.339,128.83,16839
1674187200,128.831,129.289,128.696,129.165,16468
1674201600,129.163,129.484,128.72,129.456,26561
1674216000,129.457,130.601,129.164,130.595,33743
1674230400,130.595,130.602,129.617,129.727,28920
1674244800,129.728,129.772,129.437,129.581,11569
1674432000,129.477,129.64,129.058,129.195,14136
1674446400,129.195,129.883,129.034,129.849,13848
1674460800,129.848,130.308,129.611,129.824,29425
1674475200,129.823,130.627,129.706,130.488,24643
1674489600,130.489,130.879,130.424,130.636,28686
1674504000,130.636,130.706,130.549,130.676,7652
1674518400,130.666,130.719,130.238,130.251,10193
1674532800,130.246,130.438,130.057,130.133,9981
1674547200,130.134,130.381,129.718,130.103,23209
1674561600,130.104,130.48,130.042,130.422,17007
1674576000,130.423,131.108,129.861,130.011,33901
1674590400,130.009,130.181,129.967,130.166,7320
1674604800,130.161,130.455,130.032,130.26,11283
1674619200,130.26,130.574,130.099,130.433,12580
1674633600,130.433,130.483,129.797,129.842,20545
1674648000,129.842,130.095,129.549,129.95,20491
1674662400,129.95,129.994,129.259,129.604,30400
1674676800,129.605,129.667,129.408,129.564,9625
1674691200,129.568,129.58,129.089,129.205,13192
1674705600,129.21,129.58,129.015,129.318,12823
1674720000,129.319,129.984,129.191,129.949,24893
1674734400,129.949,130.291,129.618,129.862,25830
1674748800,129.862,130.609,129.696,130.33,33137
1674763200,130.33,130.33,130.043,130.225,7937
1674777600,130.218,130.218,129.491,129.682,24044
1674792000,129.683,130.149,129.599,129.974,13840
1674806400,129.973,130.26,129.709,129.844,18776
1674820800,129.844,129.989,129.551,129.727,18859
1674835200,129.727,130.059,129.633,129.905,25210
1674849600,129.904,129.943,129.805,129.816,5100
1675036800,129.622,130.282,129.607,130.217,16004
1675051200,130.216,130.257,129.193,129.632,27299
1675065600,129.631,130.175,129.405,129.96,25508
1675080000,129.959,130.248,129.843,130.128,18253
1675094400,130.129,130.461,130.087,130.406,21537
1675108800,130.408,130.56,130.338,130.426,6067
1675123200,130.421,130.519,130.104,130.125,12754
1675137600,130.125,130.395,130.054,130.176,9951
1675152000,130.177,130.423,130.033,130.386,20220
1675166400,130.385,130.484,129.797,129.885,22315
1675180800,129.884,130.346,129.737,130.188,29013
1675195200,130.187,130.224,130.058,130.084,7207
1675209600,130.072,130.195,129.852,130.011,7591
1675224000,130.01,130.314,129.974,130.286,7675
1675238400,130.284,130.402,129.794,129.871,19413
1675252800,129.87,129.956,129.303,129.369,21799
1675267200,129.369,129.674,129.175,129.225,28202
1675281600,129.225,129.862,128.531,128.919,46344
1675296000,128.901,128.944,128.167,128.595,18129
1675310400,128.596,128.632,128.391,128.594,12801
1675324800,128.594,129.127,128.532,128.912,24843
1675339200,128.913,129.003,128.076,128.411,34653
1675353600,128.412,128.905,128.078,128.48,39561
1675368000,128.48,128.754,128.411,128.71,10442
1675382400,128.682,128.817,128.528,128.699,12102
1675396800,128.697,128.702,128.44,128.602,12529
1675411200,128.601,128.715,128.467,128.55,17771
1675425600,128.549,130.195,128.321,129.94,25353
1675440000,129.939,131.185,129.844,131.041,46813
1675454400,131.041,131.196,130.958,131.181,10934
1675641600,132.196,132.378,131.504,132.269,18652
1675656000,132.269,132.363,131.574,131.724,21285
1675670400,131.724,132.086,131.579,131.935,27016
1675684800,131.934,132.6,131.905,132.543,27167
1675699200,132.544,132.894,132.375,132.767,28514
1675713600,132.763,132.782,132.438,132.639,9457
1675728000,132.635,132.699,132.226,132.287,11150
1675742400,132.288,132.398,132.133,132.248,11294
1675756800,132.247,132.315,131.683,131.8,29466
1675771200,131.798,132.238,131.759,131.882,25991
1675785600,131.881,132.063,130.466,130.556,40615
1675800000,130.558,131.472,130.485,131.09,35403
1675814400,131.074,131.227,130.714,131.196,13477
1675828800,131.195,131.372,131.027,131.085,12156
1675843200,131.086,131.364,130.589,130.664,28387
1675857600,130.663,131.319,130.642,131.244,20145
1675872000,131.245,131.529,131.078,131.255,25894
1675886400,131.255,131.455,131.078,131.443,10122
1675900800,131.431,131.817,131.229,131.518,12464
1675915200,131.517,131.727,130.756,131.368,11471
1675929600,131.367,131.425,130.799,130.833,27526
1675944000,130.831,131.105,130.333,130.394,23797
1675958400,130.393,131.298,130.392,131.143,28941
1675972800,131.147,131.642,131.129,131.516,14913
1675987200,131.523,131.876,131.353,131.616,17030
1676001600,131.615,131.798,131.466,131.544,18724
1676016000,131.543,131.626,129.795,130.929,55763
1676030400,130.93,131.169,130.569,130.707,27172
1676044800,130.707,131.566,130.622,131.487,31564
1676059200,131.488,131.591,131.358,131.372,8094
1676246400,131.324,131.926,131.324,131.672,12950
1676260800,131.673,132.206,131.648,132.18,14243
1676275200,132.179,132.762,132.006,132.673,24005
1676289600,132.674,132.812,132.347,132.702,20279
1676304000,132.701,132.9,132.471,132.568,24686
1676318400,132.569,132.588,132.25,132.394,6884
1676332800,132.388,132.446,131.99,132.041,11894
1676347200,132.042,132.19,131.778,131.86,13978
1676361600,131.86,132.133,131.824,132.011,24972
1676376000,132.011,132.867,131.501,132.257,39210
1676390400,132.259,133.306,132.097,133.073,54000
1676404800,133.073,133.217,132.831,133.074,12328
1676419200,133.083,133.114,132.537,132.617,11441
1676433600,132.62,133.168,132.615,133.085,12023
1676448000,133.087,133.478,132.955,133.356,23146
1676462400,133.355,134.126,133.198,133.894,25558
1676476800,133.893,134.351,133.854,134.283,31062
1676491200,134.282,134.347,134.082,134.147,7915
1676505600,134.143,134.155,133.771,133.85,14366
1676520000,133.847,133.978,133.629,133.887,14365
1676534400,133.887,134.002,133.596,133.864,22795
1676548800,133.866,134.34,133.761,134.251,23186
1676563200,134.251,134.453,133.79,133.907,30395
1676577600,133.906,134.021,133.683,133.932,16344
1676592000,133.935,134.663,133.912,134.627,10989
1676606400,134.626,134.798,134.505,134.735,12032
1676620800,134.736,135.024,134.629,134.822,18249
1676635200,134.823,135.105,134.527,134.631,21072
1676649600,134.63,134.675,134.063,134.258,30099
1676664000,134.258,134.286,134.046,134.149,7058
1676851200,134.202,134.529,134.197,134.465,9078
1676865600,134.465,134.526,133.943,134.085,13073
1676880000,134.085,134.361,133.985,134.179,16564
1676894400,134.177,134.252,133.914,134.051,10599
1676908800,134.051,134.233,133.923,134.228,7960
1676923200,134.23,134.286,134.188,134.272,1306
1676937600,134.26,134.469,134.143,134.3,9212
1676952000,134.299,134.488,134.15,134.303,10316
1676966400,134.302,134.839,134.302,134.578,23293
1676980800,134.578,134.886,134.504,134.855,19606
1676995200,134.855,135.22,134.666,134.824,33129
1677009600,134.823,135.029,134.785,135.007,7740
1677024000,134.996,135.052,134.544,134.695,13482
1677038400,134.691,134.957,134.661,134.761,9895
1677052800,134.76,134.985,134.582,134.876,19552
1677067200,134.875,134.954,134.357,134.538,23041
1677081600,134.539,134.795,134.385,134.731,23425
1677096000,134.73,134.977,134.602,134.899,18344
1677110400,134.882,134.952,134.737,134.79,7980
1677124800,134.791,134.881,134.699,134.826,4895
1677139200,134.826,134.916,134.703,134.858,13558
1677153600,134.857,135.356,134.821,135.265,20354
1677168000,135.264,135.296,134.618,134.802,28535
1677182400,134.8,134.867,134.48,134.688,9432
1677196800,134.684,134.911,134.048,134.772,26024
1677211200,134.771,134.816,134.568,134.589,16104
1677225600,134.59,135.247,134.502,135.134,20740
1677240000,135.135,135.981,135.066,135.868,26650
1677254400,135.869,136.47,135.869,136.445,32970
1677268800,136.444,136.511,136.34,136.471,8182
1677456000,136.454,136.544,136.08,136.125,12548
1677470400,136.141,136.437,135.995,136.343,11796
1677484800,136.343,136.431,135.992,136.379,22511
1677499200,136.38,136.434,135.923,136.059,18757
1677513600,136.059,136.294,135.908,136.174,20944
1677528000,136.174,136.263,136.068,136.224,6764
1677542400,136.197,136.345,136.105,136.2,9416
1677556800,136.199,136.364,136.145,136.302,9646
1677571200,136.302,136.839,136.207,136.727,19822
1677585600,136.727,136.898,136.594,136.698,16091
1677600000,136.698,136.91,135.727,135.797,30988
1677614400,135.798,136.218,135.775,136.215,8641
1677628800,136.183,136.462,136.062,136.282,11622
1677643200,136.284,136.427,136.269,136.415,8771
1677657600,136.412,136.433,135.607,135.833,26698
1677672000,135.836,135.914,135.249,135.738,24584
1677686400,135.738,136.312,135.687,135.932,29182
1677700800,135.931,136.255,135.93,136.214,6631
1677715200,136.199,136.438,136.015,136.315,11242
1677729600,136.314,136.669,136.187,136.621,11146
1677744000,136.621,136.865,136.228,136.46,25429
1677758400,136.459,137.087,136.428,137.041,26626
1677772800,137.042,137.054,136.542,136.936,25259
1677787200,136.935,136.973,136.587,136.747,11095
1677801600,136.739,136.762,136.491,136.616,10882
1677816000,136.615,136.707,136.494,136.651,8343
1677830400,136.651,136.651,136.109,136.147,22583
1677844800,136.146,136.326,135.815,135.907,20526
1677859200,135.906,136.41,135.798,136.102,29074
1677873600,136.101,136.13,135.738,135.835,8376
1678060800,135.94,136.042,135.613,135.764,12337
1678075200,135.765,135.88,135.359,135.776,11029
1678089600,135.776,136.119,135.522,136.087,18711
1678104000,136.084,136.183,135.718,135.864,19742
1678118400,135.865,135.988,135.627,135.916,19136
1678132800,135.916,136.086,135.87,135.925,6522
1678147200,135.917,136.17,135.881,136.01,7057
1678161600,136.01,136.058,135.822,135.985,8114
1678176000,135.985,135.987,135.533,135.853,20545
1678190400,135.852,136.251,135.832,136.136,16419
1678204800,136.135,136.945,136.106,136.847,42143
1678219200,136.846,137.185,136.757,137.148,10198
1678233600,137.109,137.486,136.983,137.31,10468
1678248000,137.31,137.903,137.302,137.706,10809
1678262400,137.705,137.728,137.433,137.55,17971
1678276800,137.549,137.671,137.027,137.057,18748
1678291200,137.057,137.213,136.472,137.195,28642
1678305600,137.193,137.426,137.133,137.373,6507
1678320000,137.365,137.365,136.79,137.114,7969
1678334400,137.114,137.127,136.725,136.817,5025
1678348800,136.816,136.884,136.099,136.186,14350
1678363200,136.185,136.391,135.931,136.078,21520
1678377600,136.079,136.475,135.991,136.219,21754
1678392000,136.219,136.241,135.98,136.112,14193
1678406400,136.097,136.417,135.804,135.946,15419
1678420800,135.947,136.964,135.861,136.635,27137
1678435200,136.635,136.85,136.082,136.772,29571
1678449600,136.772,136.985,135.84,136.256,32423
1678464000,136.255,136.357,134.106,134.731,61146
1678478400,134.731,135.133,134.664,135.075,16918
1678665600,133.918,135.038,133.532,134.713,32213
1678680000,134.714,134.719,133.675,134.363,29529
1678694400,134.361,134.686,132.937,133.23,51837
1678708800,133.229,133.794,132.275,133.03,76740
1678723200,133.03,133.402,132.623,133.166,47317
1678737600,133.166,133.61,133.101,133.191,20309
1678752000,133.19,133.952,133.021,133.715,18558
1678766400,133.714,134.024,133.6,133.833,17093
1678780800,133.833,134.325,133.181,134.211,45169
1678795200,134.21,134.891,133.841,134.718,50906
1678809600,134.718,134.814,134.057,134.377,34319
1678824000,134.377,134.406,133.975,134.229,14433
1678838400,134.233,134.59,134.171,134.296,17013
1678852800,134.295,134.678,134.023,134.63,15814
1678867200,134.63,135.104,133.971,134.19,40662
1678881600,134.191,134.191,132.205,132.736,75362
1678896000,132.735,133.301,132.396,133.039,49929
1678910400,133.04,133.767,132.94,133.287,30428
1678924800,133.301,133.485,132.493,133.038,23642
1678939200,133.039,133.103,132.555,132.719,20683
1678953600,132.717,133.215,132.553,132.852,38647
1678968000,132.851,133.079,131.709,132.346,47701
1678982400,132.346,133.818,131.918,133.663,53187
1678996800,133.664,133.782,133.374,133.542,15717
1679011200,133.568,133.653,133.196,133.314,13788
1679025600,133.313,133.341,132.857,133.027,14079
1679040000,133.026,133.342,132.735,133.102,28706
1679054400,133.103,133.223,132.014,132.392,40825
1679068800,132.383,132.476,131.805,132.07,36716
1679083200,132.07,132.106,131.546,131.707,17100
1679270400,131.804,132.64,131.674,132.325,20863
1679284800,132.325,132.393,131.715,131.823,18600
1679299200,131.823,131.864,130.531,131.198,53888
1679313600,131.197,131.663,130.891,131.573,44960
1679328000,131.572,131.838,131.355,131.619,31064
1679342400,131.62,131.675,131.2,131.272,11153
1679356800,131.273,131.594,131.024,131.224,12326
1679371200,131.225,131.402,131.152,131.237,8673
1679385600,131.236,132.285,131.222,132.187,26717
1679400000,132.187,132.444,132.005,132.23,23530
1679414400,132.228,132.594,131.781,132.458,24931
1679428800,132.457,132.62,132.397,132.445,7125
1679443200,132.423,132.769,132.253,132.574,12138
1679457600,132.576,132.626,132.247,132.414,11413
1679472000,132.413,132.632,132.285,132.542,18918
1679486400,132.541,132.993,132.499,132.734,16819
1679500800,132.732,132.829,132.413,132.456,15610
1679515200,132.454,132.463,130.995,131.386,40985
1679529600,131.342,131.482,130.753,130.885,17961
1679544000,130.884,130.919,130.411,130.779,17807
1679558400,130.778,131.295,130.544,131.115,27727
1679572800,131.115,131.652,131.088,131.109,24591
1679587200,131.102,131.36,130.644,130.849,24604
1679601600,130.85,131.029,130.309,130.786,25405
1679616000,130.804,130.929,130.158,130.581,17638
1679630400,130.58,130.669,130.047,130.115,17653
1679644800,130.113,130.467,129.664,129.752,32649
1679659200,129.751,130.584,129.631,130.559,40839
1679673600,130.559,130.887,130.264,130.69,29699
1679688000,130.687,130.853,130.658,130.68,7112
1679875200,130.431,130.953,130.431,130.772,10903
1679889600,130.771,131.045,130.489,130.695,13609
1679904000,130.694,131.356,130.692,131.066,23729
1679918400,131.066,131.737,131.05,131.7,19724
1679932800,131.699,131.717,131.318,131.593,18272
1679947200,131.592,131.749,131.506,131.558,7583
1679961600,131.548,131.548,130.624,130.781,10425
1679976000,130.78,130.881,130.523,130.609,16625
1679990400,130.608,131.287,130.496,131.038,21944
1680004800,131.037,131.174,130.398,130.647,18725
1680019200,130.646,131.175,130.646,130.95,19361
1680033600,130.949,130.95,130.56,130.912,6822
1680048000,130.893,131.349,130.751,131.299,10123
1680062400,131.298,131.787,131.274,131.699,14321
1680076800,131.698,132.084,131.655,131.978,18377
1680091200,131.977,132.58,131.59,132.515,19909
1680105600,132.514,132.708,132.181,132.639,22016
1680120000,132.638,132.877,132.542,132.829,7170
1680134400,132.818,132.818,132.451,132.637,9347
1680148800,132.636,132.801,132.529,132.564,11136
1680163200,132.563,132.626,132.196,132.528,22500
1680177600,132.527,132.881,132.399,132.759,19302
1680192000,132.758,132.954,132.353,132.377,18298
1680206400,132.376,132.704,132.31,132.692,6192
1680220800,132.681,133.5,132.57,133.231,12781
1680235200,133.232,133.28,132.681,132.744,14491
1680249600,132.743,133.584,132.739,133.48,22715
1680264000,133.48,133.48,132.744,133.073,22805
1680278400,133.073,133.306,132.704,132.757,24824
1680292800,132.756,132.954,132.613,132.806,7156
1680480000,133.249,133.373,132.915,133.027,15346
1680494400,133.026,133.485,132.81,133.46,14398
1680508800,133.459,133.746,133.328,133.434,17740
1680523200,133.433,133.523,132.835,133.093,17199
1680537600,133.092,133.133,132.196,132.446,25290
1680552000,132.445,132.56,132.27,132.396,6949
1680566400,132.4,132.593,132.163,132.548,8586
1680580800,132.548,132.936,132.537,132.738,11900
1680595200,132.738,132.972,132.493,132.895,17526
1680609600,132.894,133.161,132.774,132.896,16402
1680624000,132.897,132.947,131.514,131.611,30801
1680638400,131.61,131.764,131.575,131.703,5352
1680652800,131.698,131.718,131.296,131.545,10691
1680667200,131.541,131.836,131.376,131.691,12041
1680681600,131.69,131.73,131.225,131.458,18428
1680696000,131.457,131.772,130.909,131.008,20832
1680710400,131.009,131.233,130.56,131.176,27486
1680724800,131.177,131.399,131.077,131.333,6334
1680739200,131.32,131.32,130.769,131.153,8629
1680753600,131.152,131.286,130.995,131.156,8459
1680768000,131.155,131.487,131.143,131.405,14283
1680782400,131.404,131.657,130.936,131.588,16876
1680796800,131.589,131.895,131.529,131.6,16520
1680811200,131.6,131.842,131.565,131.784,3723
1680825600,131.768,131.913,131.594,131.735,5807
1680840000,131.735,131.821,131.559,131.695,5654
1680854400,131.694,131.939,131.636,131.795,5599
1680868800,131.794,132.367,131.518,132.113,10972
1680883200,132.114,132.276,131.994,132.109,13763
1680897600,132.11,132.24,132.093,132.145,14968
1681084800,132.103,132.665,131.823,132.591,8922
1681099200,132.592,132.789,132.465,132.652,10293
1681113600,132.653,132.732,131.986,132.071,12021
1681128000,132.07,133.334,132.027,133.319,20796
1681142400,133.318,133.862,133.259,133.689,15973
1681156800,133.69,133.69,133.544,133.596,4975
1681171200,133.585,133.615,133.237,133.395,6653
1681185600,133.396,133.681,133.29,133.392,11589
1681200000,133.392,133.549,132.992,133.094,15890
1681214400,133.094,133.331,132.964,133.1,14378
1681228800,133.097,133.726,133.074,133.716,13987
1681243200,133.718,133.798,133.606,133.694,3812
1681257600,133.685,133.762,133.546,133.671,7405
1681272000,133.672,134.034,133.584,133.751,9565
1681286400,133.75,133.962,133.548,133.811,12421
1681300800,133.81,133.894,132.726,133.03,18401
1681315200,133.03,133.335,132.792,133.179,25036
1681329600,133.18,133.394,133.039,133.135,9651
1681344000,133.125,133.265,132.935,133.156,9197
1681358400,133.155,133.301,133.034,133.268,10455
1681372800,133.267,133.364,132.894,133.156,12725
1681387200,133.157,133.384,132.493,132.503,16685
1681401600,132.504,132.528,132.01,132.37,21364
1681416000,132.369,132.791,132.362,132.564,5996
1681430400,132.552,132.631,132.433,132.579,6770
1681444800,132.579,132.609,132.259,132.468,10765
1681459200,132.467,132.585,132.161,132.487,12747
1681473600,132.486,133.181,132.189,133.004,20996
1681488000,133.003,133.827,132.941,133.774,23422
1681502400,133.775,133.806,133.621,133.737,4703
1681689600,133.799,133.99,133.704,133.837,6429
1681704000,133.836,134.121,133.793,134.053,10129
1681718400,134.052,134.207,133.831,133.963,14586
1681732800,133.964,134.169,133.737,134.061,13777
1681747200,134.061,134.564,134.019,134.448,16449
1681761600,134.447,134.491,134.378,134.472,2933
1681776000,134.461,134.489,134.267,134.378,7596
1681790400,134.377,134.697,134.354,134.432,12631
1681804800,134.432,134.467,134.131,134.139,14426
1681819200,134.14,134.206,133.854,134.179,13904
1681833600,134.179,134.316,133.907,134.081,13735
1681848000,134.081,134.111,134.008,134.084,3277
1681862400,134.082,134.123,133.946,134.003,6148
1681876800,134.002,134.382,133.947,134.314,9558
1681891200,134.315,134.915,134.304,134.881,16833
1681905600,134.882,135.124,134.364,134.375,17201
1681920000,134.374,134.843,134.284,134.652,14008
1681934400,134.652,134.816,134.642,134.682,4845
1681948800,134.672,134.836,134.588,134.83,8731
1681963200,134.831,134.968,134.668,134.768,10205
1681977600,134.772,134.825,134.379,134.666,14772
1681992000,134.665,134.854,134.167,134.263,17578
1682006400,134.264,134.347,134.005,134.147,15035
1682020800,134.147,134.346,134.143,134.227,3921
1682035200,134.22,134.278,133.945,134.135,9327
1682049600,134.136,134.15,133.747,133.869,9441
1682064000,133.868,134.103,133.688,133.763,14715
1682078400,133.762,133.928,133.598,133.629,11013
1682092800,133.631,134.484,133.542,134.121,20842
1682107200,134.122,134.21,134.056,134.119,4140
1682294400,133.979,134.11,133.884,133.967,5103
1682308800,133.967,134.463,133.925,134.352,10138
1682323200,134.351,134.467,134.116,134.284,12526
1682337600,134.287,134.724,134.239,134.494,12770
1682352000,134.496,134.663,134.326,134.374,12094
1682366400,134.375,134.383,134.219,134.252,3867
1682380800,134.232,134.307,133.967,134.289,8068
1682395200,134.29,134.407,134.156,134.283,9770
1682409600,134.284,134.468,134.016,134.105,17073
1682424000,134.103,134.245,133.808,133.916,14315
1682438400,133.919,134.026,133.723,133.826,19191
1682452800,133.827,133.86,133.359,133.704,9811
1682467200,133.743,133.874,133.481,133.687,9279
1682481600,133.687,133.737,133.43,133.574,12258
1682496000,133.575,133.782,133.385,133.526,17687
1682510400,133.527,133.932,133.257,133.609,22955
1682524800,133.609,133.873,133.008,133.805,26378
1682539200,133.806,133.854,133.467,133.667,8353
1682553600,133.657,133.686,133.383,133.537,6642
1682568000,133.536,133.742,133.451,133.718,9271
1682582400,133.717,133.932,133.61,133.865,13412
1682596800,133.865,134.051,133.173,133.896,17269
1682611200,133.894,134.189,133.827,133.987,18236
1682625600,133.986,134.054,133.814,133.979,6037
1682640000,133.934,134.067,133.722,134.029,10204
1682654400,134.029,134.93,133.32,134.764,31874
1682668800,134.765,135.85,134.703,135.624,34244
1682683200,135.623,136.411,135.619,136.056,21275
1682697600,136.058,136.554,135.83,136.067,25119
1682712000,136.067,136.339,136.035,136.268,7134
1682899200,136.112,136.775,136.112,136.654,10760
1682913600,136.653,136.94,136.557,136.846,9941
1682928000,136.844,136.974,136.675,136.775,9617
1682942400,136.775,136.881,136.566,136.744,11127
1682956800,136.743,137.477,136.697,137.466,15532
1682971200,137.467,137.531,137.36,137.448,5570
1682985600,137.453,137.567,137.285,137.415,6504
1683000000,137.417,137.693,137.294,137.67,11758
1683014400,137.669,137.763,137.347,137.501,18140
1683028800,137.502,137.573,137.237,137.558,12399
1683043200,137.559,137.569,136.308,136.446,27878
1683057600,136.445,136.693,136.412,136.569,8480
1683072000,136.545,136.599,136.381,136.398,5345
1683086400,136.397,136.446,135.912,136.052,8747
1683100800,136.051,136.095,135.517,135.661,14943
1683115200,135.661,135.913,135.323,135.387,17973
1683129600,135.387,135.524,135.059,135.377,20022
1683144000,135.376,135.697,134.821,134.823,34956
1683158400,134.795,134.795,134.339,134.52,12850
1683172800,134.521,134.619,134.392,134.559,9045
1683187200,134.56,134.809,134.142,134.591,21705
1683201600,134.59,134.857,134.313,134.818,25589
1683216000,134.818,134.867,133.492,133.747,46180
1683230400,133.745,134.34,133.731,134.254,16152
1683244800,134.228,134.3,134.07,134.126,5359
1683259200,134.125,134.137,133.906,133.962,6775
1683273600,133.962,134.208,133.877,134.144,15995
1683288000,134.143,135.114,134.09,134.965,19591
1683302400,134.965,135.062,134.617,134.657,22853
1683316800,134.658,134.873,134.634,134.825,5482
1683504000,134.847,135.289,134.81,134.888,7197
1683518400,134.887,135.004,134.71,134.736,8234
1683532800,134.735,135.081,134.633,134.957,10908
1683547200,134.958,135.218,134.925,135.05,11201
1683561600,135.049,135.054,134.646,134.702,13785
1683576000,134.701,135.167,134.673,135.103,7430
1683590400,135.084,135.316,134.961,135.202,7875
1683604800,135.202,135.215,134.867,134.998,8366
1683619200,134.999,135.049,134.715,135.033,15570
1683633600,135.034,135.184,134.757,135.183,13478
1683648000,135.183,135.347,134.95,135.251,15154
1683662400,135.25,135.252,135.102,135.221,7727
1683676800,135.199,135.329,135.092,135.146,8742
1683691200,135.145,135.279,135.059,135.224,8013
1683705600,135.225,135.462,135.111,135.254,14835
1683720000,135.253,135.406,134.331,134.396,18717
1683734400,134.396,134.712,134.269,134.331,23762
1683748800,134.331,134.382,134.104,134.374,8966
1683763200,134.352,134.354,133.884,134.059,7841
1683777600,134.058,134.298,134.001,134.235,8545
1683792000,134.235,134.836,134.151,134.791,17867
1683806400,134.79,134.832,133.735,133.825,25210
1683820800,133.825,134.534,133.775,134.407,24459
1683835200,134.408,134.579,134.328,134.555,8392
1683849600,134.528,134.571,134.394,134.518,6313
1683864000,134.517,134.683,134.475,134.562,7527
1683878400,134.563,134.896,134.563,134.76,13484
1683892800,134.761,135.04,134.623,134.968,9288
1683907200,134.967,135.746,134.709,135.65,20508
1683921600,135.651,135.739,135.613,135.716,5315
1684108800,135.628,136.015,135.626,135.864,8027
1684123200,135.864,136.232,135.717,136.077,8110
1684137600,136.078,136.256,135.813,136.098,12590
1684152000,136.098,136.316,135.703,135.883,13948
1684166400,135.884,136.188,135.881,136.071,13844
1684180800,136.073,136.128,136.002,136.097,5131
1684195200,136.097,136.097,135.902,135.919,5438
1684209600,135.918,136.09,135.9,135.969,6081
1684224000,135.968,136.026,135.712,135.838,11609
1684238400,135.839,136.195,135.652,136.094,12715
1684252800,136.094,136.674,136.059,136.583,17704
1684267200,136.583,136.6,136.26,136.389,5984
1684281600,136.377,136.47,136.297,136.428,6725
1684296000,136.427,136.574,136.352,136.569,5540
1684310400,136.57,137.086,136.563,137.041,13587
1684324800,137.04,137.231,136.829,137.136,12432
1684339200,137.137,137.563,136.953,137.459,16433
1684353600,137.459,137.699,137.384,137.605,6552
1684368000,137.61,137.708,137.432,137.435,7190
1684382400,137.436,137.621,137.28,137.595,9233
1684396800,137.593,137.927,137.378,137.762,14090
1684411200,137.762,138.385,137.688,138.291,15386
1684425600,138.291,138.665,138.125,138.571,19011
1684440000,138.571,138.736,138.477,138.7,6604
1684454400,138.7,138.7,138.271,138.399,10035
1684468800,138.399,138.584,138.325,138.45,8467
1684483200,138.449,138.456,137.959,138.167,13925
1684497600,138.167,138.567,137.986,138.546,13913
1684512000,138.547,138.645,137.417,137.783,31024
1684526400,137.782,138.127,137.756,137.956,7032
1684713600,137.953,137.996,137.567,137.667,5927
1684728000,137.666,137.796,137.486,137.783,8016
1684742400,137.782,138.035,137.755,137.824,13688
1684756800,137.824,138.486,137.793,138.413,13779
1684771200,138.412,138.676,137.987,138.542,20702
1684785600,138.543,138.619,138.256,138.58,8439
1684800000,138.578,138.791,138.418,138.531,8332
1684814400,138.533,138.865,138.345,138.404,10646
1684828800,138.404,138.672,138.236,138.322,16308
1684843200,138.322,138.9,138.251,138.853,12404
1684857600,138.852,138.852,138.282,138.632,25669
1684872000,138.632,138.701,138.389,138.574,10004
1684886400,138.571,138.629,138.48,138.511,6125
1684900800,138.512,138.512,138.346,138.413,7406
1684915200,138.412,138.724,138.224,138.566,16781
1684929600,138.567,138.762,138.33,138.683,15872
1684944000,138.683,139.378,138.606,139.302,21397
1684958400,139.301,139.465,138.965,139.445,11348
1684972800,139.431,139.464,138.811,139.388,10086
1684987200,139.39,139.694,139.363,139.567,9405
1685001600,139.567,139.684,139.275,139.482,17042
1685016000,139.482,139.746,139.177,139.716,19852
1685030400,139.717,139.954,139.401,139.922,24748
1685044800,139.921,140.22,139.846,140.039,7456
1685059200,140.035,140.095,139.785,139.882,7993
1685073600,139.879,139.948,139.699,139.709,8495
1685088000,139.708,139.836,139.488,139.688,13845
1685102400,139.688,140.308,139.59,140.069,14910
1685116800,140.069,140.704,140.012,140.584,23445
1685131200,140.585,140.717,140.514,140.587,5382
1685318400,140.567,140.907,140.496,140.744,7388
1685332800,140.745,140.766,140.377,140.401,7038
1685347200,140.4,140.526,140.217,140.312,7587
1685361600,140.312,140.379,140.161,140.197,6822
1685376000,140.196,140.361,140.105,140.338,3785
1685390400,140.339,140.455,140.299,140.433,1365
1685404800,140.425,140.525,140.183,140.212,7187
1685419200,140.211,140.352,139.954,140.314,10084
1685433600,140.313,140.925,140.109,140.156,23963
1685448000,140.155,140.64,139.574,139.818,23806
1685462400,139.818,140.102,139.564,139.913,19110
1685476800,139.913,139.939,139.705,139.768,6797
1685491200,139.764,139.912,139.609,139.663,7292
1685505600,139.663,139.89,139.608,139.796,8948
1685520000,139.794,139.958,139.304,139.944,19753
1685534400,139.943,140.051,139.506,139.793,11857
1685548800,139.794,140.381,139.546,139.72,27588
1685563200,139.719,139.767,139.226,139.302,11878
1685577600,139.302,139.332,138.951,139.186,7418
1685592000,139.185,139.544,139.11,139.408,10897
1685606400,139.409,139.94,139.405,139.788,13320
1685620800,139.786,139.88,139.1,139.11,16951
1685635200,139.109,139.169,138.42,138.783,21466
1685649600,138.782,138.86,138.703,138.797,4058
1685664000,138.786,138.965,138.654,138.947,4769
1685678400,138.947,139.044,138.597,138.905,8021
1685692800,138.904,139.098,138.783,138.818,10753
1685707200,138.818,139.435,138.726,139.242,16480
1685721600,139.241,139.899,138.962,139.883,19964
1685736000,139.884,140.06,139.855,139.954,4691
1685923200,139.947,140.254,139.916,140.103,5180
1685937600,140.102,140.232,139.984,140.074,7870
1685952000,140.076,140.444,139.979,140.254,11909
1685966400,140.253,140.38,140.115,140.158,8855
1685980800,140.158,140.202,139.242,139.703,19476
1685995200,139.704,139.801,139.473,139.556,5790
1686009600,139.544,139.588,139.315,139.558,4670
1686024000,139.555,139.648,139.424,139.442,6424
1686038400,139.441,139.514,139.088,139.2,15288
1686052800,139.201,139.886,139.142,139.77,10960
1686067200,139.775,139.984,139.566,139.654,13692
1686081600,139.653,139.748,139.617,139.656,3977
1686096000,139.646,139.646,139.37,139.371,4037
1686110400,139.37,139.373,139.145,139.245,7970
1686124800,139.247,139.488,139.118,139.358,10059
1686139200,139.357,139.621,139.239,139.544,10336
1686153600,139.545,140.193,139.017,140.18,20655
1686168000,140.178,140.238,140.052,140.176,6727
1686182400,140.138,140.208,139.839,139.922,6059
1686196800,139.921,140.087,139.697,139.721,6640
1686211200,139.722,139.954,139.615,139.723,11227
1686225600,139.726,139.839,139.212,139.408,12906
1686240000,139.409,139.467,138.801,138.906,20488
1686254400,138.905,138.997,138.872,138.913,5245
1686268800,138.898,139.07,138.753,139.022,4574
1686283200,139.022,139.315,138.993,139.263,6965
1686297600,139.264,139.717,139.229,139.649,11641
1686312000,139.649,139.652,139.019,139.286,11485
1686326400,139.282,139.588,139.157,139.351,14675
1686340800,139.35,139.47,139.279,139.362,4040
1686528000,139.276,139.465,139.259,139.398,3685
1686542400,139.398,139.635,139.345,139.455,5516
1686556800,139.455,139.621,139.151,139.194,10622
1686571200,139.194,139.401,139.053,139.194,11658
1686585600,139.195,139.749,139.177,139.71,15207
1686600000,139.709,139.757,139.527,139.595,4708
1686614400,139.586,139.657,139.394,139.637,3808
1686628800,139.636,139.652,139.318,139.484,7194
1686643200,139.483,139.636,139.375,139.507,11596
1686657600,139.508,139.955,139.021,139.149,17123
1686672000,139.147,140.102,139.004,139.886,21645
1686686400,139.887,140.298,139.835,140.219,6933
1686700800,140.209,140.255,140.0,140.026,4344
1686715200,140.025,140.101,139.93,140.098,6448
1686729600,140.098,140.195,139.871,139.966,10795
1686744000,139.965,140.048,139.611,139.683,13007
1686758400,139.683,139.747,139.272,139.35,13757
1686772800,139.349,140.166,139.329,140.106,26786
1686787200,140.09,140.376,139.935,140.355,6440
1686801600,140.354,141.319,140.35,141.265,16203
1686816000,141.266,141.493,141.117,141.261,15436
1686830400,141.262,141.292,140.648,140.696,19365
1686844800,140.696,140.74,140.146,140.31,22531
1686859200,140.309,140.369,140.219,140.273,5259
1686873600,140.264,140.283,139.993,140.146,5176
1686888000,140.147,140.768,139.845,140.62,16299
1686902400,140.613,141.397,140.611,141.026,21688
1686916800,141.025,141.307,140.783,141.283,15971
1686931200,141.284,141.865,140.903,141.845,24135
1686945600,141.846,141.902,141.658,141.871,5899
1687132800,141.662,141.962,141.658,141.945,6200
1687147200,141.946,141.946,141.433,141.487,8929
1687161600,141.488,141.939,141.455,141.86,10102
1687176000,141.863,141.993,141.767,141.863,8676
1687190400,141.862,141.949,141.652,141.924,6633
1687204800,141.923,141.982,141.899,141.981,1243
1687219200,141.951,142.193,141.83,142.088,7133
1687233600,142.087,142.243,141.575,142.052,14924
1687248000,142.051,142.135,141.452,141.534,16308
1687262400,141.533,141.654,141.277,141.463,13531
1687276800,141.467,141.743,141.235,141.263,17482
1687291200,141.263,141.464,141.206,141.438,5227
1687305600,141.419,141.691,141.275,141.689,6037
1687320000,141.689,141.776,141.507,141.776,9434
1687334400,141.775,142.16,141.699,141.981,15721
1687348800,141.98,142.031,141.695,141.869,14532
1687363200,141.873,142.357,141.868,141.925,20980
1687377600,141.927,141.959,141.676,141.865,8343
1687392000,141.843,141.886,141.65,141.873,5098
1687406400,141.875,141.878,141.603,141.766,8037
1687420800,141.767,141.992,141.689,141.969,12802
1687435200,141.968,142.24,141.758,142.235,16932
1687449600,142.235,142.98,142.135,142.977,19937
1687464000,142.978,143.217,142.922,143.121,6381
1687478400,143.107,143.168,142.944,143.077,6753
1687492800,143.078,143.132,142.805,143.076,12138
1687507200,143.074,143.442,142.763,143.047,20111
1687521600,143.05,143.31,142.787,142.86,14669
1687536000,142.858,143.863,142.646,143.859,22497
1687550400,143.858,143.858,143.679,143.711,5579
1687737600,143.477,143.709,143.227,143.435,8666
1687752000,143.433,143.652,143.326,143.378,9251
1687766400,143.381,143.557,142.928,143.142,16018
1687780800,143.142,143.295,142.981,143.098,10699
1687795200,143.101,143.703,143.101,143.567,16443
1687809600,143.566,143.588,143.426,143.514,5119
1687824000,143.5,143.563,143.353,143.487,5003
1687838400,143.487,143.516,143.277,143.486,10039
1687852800,143.488,143.765,143.391,143.701,11722
1687867200,143.7,143.935,143.36,143.542,13930
1687881600,143.534,144.167,143.292,143.966,19636
1687896000,143.967,144.078,143.947,144.07,4944
1687910400,144.062,144.062,143.72,143.791,5952
1687924800,143.791,144.04,143.768,143.98,9750
1687939200,143.979,144.246,143.856,144.064,12722
1687953600,144.061,144.435,143.816,144.391,12549
1687968000,144.391,144.609,144.088,144.175,21802
1687982400,144.176,144.526,144.116,144.5,6184
1687996800,144.481,144.481,144.232,144.247,6278
1688011200,144.244,144.59,144.124,144.575,9857
1688025600,144.575,144.689,144.147,144.242,14952
1688040000,144.242,144.799,144.143,144.776,14069
1688054400,144.777,144.889,144.515,144.838,20538
1688068800,144.839,144.885,144.757,144.785,4760
1688083200,144.77,144.913,144.671,144.875,6113
1688097600,144.874,145.06,144.646,144.711,12039
1688112000,144.711,144.895,144.431,144.622,13214
1688126400,144.622,144.743,144.335,144.451,14361
1688140800,144.455,144.618,144.196,144.319,20388
1688155200,144.317,144.353,144.229,144.29,6821
1688342400,144.275,144.471,144.216,144.436,5639
1688356800,144.437,144.685,144.401,144.431,8780
1688371200,144.432,144.874,144.359,144.708,12708
1688385600,144.709,144.905,144.526,144.579,11692
1688400000,144.578,144.693,143.977,144.678,17702
1688414400,144.677,144.744,144.615,144.681,3400
1688428800,144.673,144.693,144.417,144.453,3543
1688443200,144.454,144.668,144.426,144.645,5683
1688457600,144.646,144.657,144.325,144.377,7026
1688472000,144.378,144.456,144.294,144.321,4673
1688486400,144.322,144.535,144.199,144.506,5310
1688500800,144.507,144.532,144.4,144.45,2204
1688515200,144.434,144.551,144.375,144.451,3634
1688529600,144.45,144.633,144.431,144.519,5681
1688544000,144.518,144.727,144.244,144.349,11476
1688558400,144.35,144.588,144.199,144.394,10364
1688572800,144.394,144.644,144.071,144.628,14297
1688587200,144.631,144.688,144.493,144.657,5160
1688601600,144.635,144.635,144.184,144.22,5608
1688616000,144.22,144.437,143.915,143.962,9990
1688630400,143.961,144.053,143.548,143.993,17065
1688644800,143.994,144.337,143.626,144.189,17887
1688659200,144.189,144.646,143.952,144.098,25568
1688673600,144.097,144.221,144.051,144.059,5160
1688688000,144.051,144.188,143.789,144.067,4809
1688702400,144.067,144.098,143.804,143.829,8594
1688716800,143.828,143.848,142.936,142.952,15342
1688731200,142.953,143.37,142.562,143.231,19200
1688745600,143.232,143.411,142.074,142.098,26461
1688760000,142.099,142.186,142.065,142.081,4693
1688947200,142.107,142.533,142.096,142.483,7478
1688961600,142.482,142.998,142.423,142.979,11927
1688976000,142.979,142.979,142.233,142.31,13563
1688990400,142.309,142.591,142.066,142.411,13025
1689004800,142.41,142.41,141.408,141.473,20588
1689019200,141.472,141.484,141.271,141.303,5752
1689033600,141.304,141.454,141.148,141.34,7596
1689048000,141.339,141.343,140.593,140.751,15817
1689062400,140.75,140.939,140.416,140.543,20369
1689076800,140.542,140.632,140.153,140.472,16080
1689091200,140.472,140.946,140.314,140.326,17041
1689105600,140.327,140.472,140.29,140.358,5176
1689120000,140.344,140.346,139.602,139.731,9611
1689134400,139.731,139.741,139.359,139.489,16725
1689148800,139.49,139.747,139.304,139.596,16727
1689163200,139.597,139.717,138.767,139.266,20701
1689177600,139.263,139.352,138.148,138.393,30838
1689192000,138.395,138.544,138.255,138.527,7431
1689206400,138.499,138.567,138.062,138.538,9541
1689220800,138.537,138.664,138.379,138.517,14562
1689235200,138.515,138.827,138.225,138.372,18600
1689249600,138.373,138.947,138.225,138.632,19661
1689264000,138.628,138.659,138.019,138.057,22591
1689278400,138.057,138.178,137.916,138.055,6386
1689292800,138.038,138.108,137.636,137.673,9333
1689307200,137.673,137.735,137.234,137.69,18054
1689321600,137.689,138.458,137.582,138.307,17381
1689336000,138.306,138.908,138.195,138.792,19629
1689350400,138.792,139.148,138.391,138.658,29825
1689364800,138.65,138.892,138.613,138.779,5240
1689552000,138.625,138.816,138.358,138.373,4799
1689566400,138.374,138.685,138.369,138.616,8010
1689580800,138.616,138.748,138.306,138.397,12476
1689595200,138.395,139.088,137.992,138.916,16890
1689609600,138.915,139.398,138.782,138.804,19666
1689624000,138.803,138.883,138.597,138.702,5840
1689638400,138.699,138.918,138.6,138.818,6127
1689652800,138.815,138.886,138.379,138.453,9920
1689667200,138.452,138.537,138.082,138.258,17405
1689681600,138.258,138.618,137.671,138.098,21238
1689696000,138.097,139.118,137.805,139.098,33623
1689710400,139.098,139.125,138.756,138.838,5982
1689724800,138.83,139.184,138.76,138.904,7317
1689739200,138.902,139.414,138.843,139.363,12069
1689753600,139.364,139.738,139.192,139.723,20009
1689768000,139.724,139.985,139.376,139.637,16731
1689782400,139.637,139.98,139.45,139.624,22489
1689796800,139.621,139.75,139.509,139.7,6837
1689811200,139.682,139.693,139.395,139.434,7736
1689825600,139.433,139.455,139.103,139.364,11987
1689840000,139.365,139.678,139.24,139.446,17164
1689854400,139.445,139.907,139.334,139.826,18798
1689868800,139.825,140.489,139.736,140.454,20691
1689883200,140.453,140.453,140.041,140.068,6477
1689897600,140.063,140.071,139.742,139.973,8146
1689912000,139.972,140.296,139.89,140.121,10105
1689926400,140.12,141.948,140.08,141.904,25579
1689940800,141.904,141.909,141.211,141.366,24562
1689955200,141.366,141.864,141.264,141.665,20833
1689969600,141.666,141.826,141.627,141.826,4643
1690156800,141.618,141.804,141.594,141.689,6421
1690171200,141.688,141.735,141.335,141.45,12389
1690185600,141.451,141.623,141.221,141.436,17865
1690200000,141.436,141.45,140.836,140.978,17500
1690214400,140.977,141.412,140.734,141.286,23950
1690228800,141.287,141.54,141.247,141.497,5517
1690243200,141.485,141.613,141.364,141.483,5842
1690257600,141.48,141.48,141.196,141.442,10242
1690272000,141.442,141.567,141.201,141.336,14592
1690286400,141.335,141.724,141.185,141.225,14812
1690300800,141.225,141.59,140.847,141.045,18193
1690315200,141.046,141.186,140.846,140.923,6854
1690329600,140.919,141.093,140.838,141.081,6333
1690344000,141.084,141.175,140.963,141.034,8962
1690358400,141.033,141.076,140.265,140.33,17739
1690372800,140.329,140.443,140.15,140.24,12967
1690387200,140.242,140.641,140.227,140.61,17068
1690401600,140.609,140.688,139.916,140.23,25917
1690416000,140.218,140.476,140.176,140.34,7022
1690430400,140.342,140.359,139.374,139.991,15194
1690444800,139.99,140.251,139.805,139.957,19464
1690459200,139.957,140.77,139.882,140.712,23018
1690473600,140.712,141.312,140.578,141.08,28818
1690488000,141.075,141.09,138.76,139.538,28671
1690502400,139.537,139.537,138.695,139.466,16729
1690516800,139.466,141.074,138.057,138.759,44024
1690531200,138.757,140.059,138.545,139.685,47876
1690545600,139.687,140.081,138.845,139.937,27653
1690560000,139.937,140.897,139.937,140.853,30495
1690574400,140.853,141.171,140.746,141.156,10423
1690761600,140.912,141.129,140.684,140.892,11273
1690776000,140.892,141.94,140.822,141.873,21148
1690790400,141.874,142.487,141.568,142.408,21309
1690804800,142.407,142.456,142.068,142.257,15376
1690819200,142.255,142.679,141.998,142.112,23632
1690833600,142.11,142.299,142.041,142.273,6665
1690848000,142.261,142.494,142.202,142.492,6358
1690862400,142.489,142.834,142.428,142.715,13282
1690876800,142.715,142.807,142.514,142.682,15046
1690891200,142.684,143.285,142.609,143.26,13295
1690905600,143.261,143.462,142.871,143.383,22494
1690920000,143.384,143.536,143.302,143.327,5833
1690934400,143.317,143.317,142.699,143.076,10721
1690948800,143.075,143.34,142.931,142.986,11052
1690963200,142.986,142.986,142.225,142.333,23165
1690977600,142.332,143.192,142.302,143.173,19191
1690992000,143.173,143.469,143.021,143.152,22927
1691006400,143.151,143.412,143.052,143.342,6774
1691020800,143.336,143.406,143.187,143.343,6008
1691035200,143.342,143.724,143.153,143.688,15040
1691049600,143.687,143.883,142.79,142.837,30869
1691064000,142.836,143.048,142.494,142.7,27095
1691078400,142.703,142.847,142.058,142.507,31141
1691092800,142.507,142.74,142.478,142.519,7766
1691107200,142.515,142.875,142.448,142.725,5726
1691121600,142.726,142.735,142.304,142.478,12600
1691136000,142.484,142.716,142.342,142.653,14079
1691150400,142.652,142.878,142.134,142.238,22217
1691164800,142.24,142.253,141.544,141.833,28525
1691179200,141.831,141.879,141.739,141.758,6998
1691366400,141.653,141.934,141.504,141.587,6924
1691380800,141.586,142.292,141.569,142.117,10007
1691395200,142.116,142.397,142.048,142.294,14066
1691409600,142.294,142.441,141.996,142.003,10410
1691424000,142.002,142.574,141.789,142.507,15970
1691438400,142.508,142.545,142.406,142.473,5777
1691452800,142.472,143.037,142.393,143.004,6518
1691467200,143.005,143.423,142.932,143.22,12154
1691481600,143.22,143.388,142.83,143.085,18190
1691496000,143.086,143.267,142.855,143.14,20668
1691510400,143.146,143.33,142.955,143.303,19318
1691524800,143.302,143.485,143.21,143.365,7244
1691539200,143.348,143.375,143.084,143.337,5856
1691553600,143.336,143.391,143.138,143.196,7129
1691568000,143.196,143.333,142.99,143.275,11505
1691582400,143.276,143.527,143.228,143.388,13740
1691596800,143.387,143.721,143.234,143.631,18686
1691611200,143.631,143.741,143.5,143.709,6442
1691625600,143.7,143.88,143.623,143.801,4892
1691640000,143.8,144.076,143.728,144.029,7444
1691654400,144.028,144.097,143.706,143.8,13476
1691668800,143.799,144.024,143.26,143.812,19361
1691683200,143.813,144.481,143.753,144.442,24760
1691697600,144.442,144.807,144.42,144.755,9582
1691712000,144.742,144.885,144.684,144.812,3307
1691726400,144.814,144.821,144.624,144.677,4873
1691740800,144.678,144.785,144.546,144.581,10738
1691755200,144.58,144.842,144.411,144.786,12890
1691769600,144.785,144.96,144.372,144.922,21562
1691784000,144.922,144.992,144.876,144.935,6669
1691971200,144.899,145.215,144.779,144.983,6143
1691985600,144.983,144.99,144.644,144.901,10506
1692000000,144.9,144.967,144.736,144.937,12608
1692014400,144.936,145.391,144.849,145.339,12945
1692028800,145.339,145.572,145.175,145.274,16351
1692043200,145.273,145.54,145.242,145.537,4986
1692057600,145.538,145.583,145.361,145.432,4025
1692072000,145.432,145.543,145.318,145.509,7966
1692086400,145.51,145.858,145.318,145.639,15381
1692100800,145.64,145.809,145.452,145.587,19985
1692115200,145.587,145.605,145.096,145.55,22583
1692129600,145.549,145.659,145.472,145.585,5470
1692144000,145.57,145.671,145.501,145.582,4130
1692158400,145.579,145.686,145.434,145.447,7951
1692172800,145.447,145.547,145.299,145.515,11542
1692187200,145.515,145.873,145.471,145.856,12165
1692201600,145.857,145.931,145.646,145.908,15615
1692216000,145.907,146.399,145.907,146.336,10779
1692230400,146.334,146.552,146.164,146.382,6149
1692244800,146.381,146.486,146.343,146.402,7916
1692259200,146.403,146.419,146.09,146.23,11972
1692273600,146.231,146.29,145.649,145.78,19011
1692288000,145.783,146.189,145.612,146.123,18389
1692302400,146.122,146.29,145.626,145.844,8252
1692316800,145.829,145.864,145.519,145.538,5046
1692331200,145.539,145.565,145.315,145.463,10428
1692345600,145.463,145.626,145.148,145.571,14019
1692360000,145.57,145.757,145.29,145.634,14832
1692374400,145.633,145.73,145.053,145.061,19189
1692388800,145.06,145.392,144.919,145.37,8202
1692576000,145.286,145.441,145.141,145.173,4167
1692590400,145.173,145.617,145.138,145.365,9142
1692604800,145.364,145.687,145.329,145.668,11415
1692619200,145.668,146.16,145.619,146.084,12520
1692633600,146.083,146.393,146.003,146.177,14728
1692648000,146.177,146.274,146.06,146.238,5504
1692662400,146.237,146.391,146.133,146.204,4270
1692676800,146.203,146.217,145.838,146.001,7759
1692691200,146.001,146.098,145.583,145.612,12534
1692705600,145.611,146.007,145.487,145.949,13875
1692720000,145.948,146.126,145.703,145.834,17626
1692734400,145.833,145.922,145.701,145.872,3616
1692748800,145.844,145.865,145.638,145.651,3153
1692763200,145.651,145.731,145.57,145.633,6353
1692777600,145.632,145.749,145.254,145.355,15755
1692792000,145.354,145.586,145.234,145.472,14230
1692806400,145.473,145.493,144.571,144.615,24964
1692820800,144.615,144.907,144.534,144.844,6413
1692835200,144.835,144.835,144.594,144.785,4619
1692849600,144.785,145.192,144.778,145.164,8729
1692864000,145.163,145.348,144.932,145.299,12405
1692878400,145.298,145.947,145.268,145.888,12873
1692892800,145.884,145.949,145.425,145.894,17726
1692907200,145.893,145.928,145.746,145.834,5176
1692921600,145.827,146.101,145.686,146.033,4884
1692936000,146.032,146.202,145.903,146.038,7440
1692950400,146.039,146.249,145.897,146.016,11604
1692964800,146.016,146.145,145.863,145.939,10017
1692979200,145.938,146.626,145.712,146.346,30952
1692993600,146.345,146.446,146.195,146.439,8102
1693180800,146.397,146.608,146.392,146.503,4074
1693195200,146.504,146.547,146.39,146.46,5874
1693209600,146.462,146.591,146.266,146.531,9780
1693224000,146.532,146.592,146.4,146.423,9806
1693238400,146.429,146.737,146.354,146.485,13226
1693252800,146.486,146.572,146.419,146.516,4755
1693267200,146.511,146.545,146.301,146.447,4114
1693281600,146.446,146.485,146.303,146.479,5644
1693296000,146.478,146.551,146.331,146.504,8917
1693310400,146.505,147.365,146.486,147.232,14095
1693324800,147.231,147.255,145.848,145.909,31126
1693339200,145.91,145.988,145.661,145.871,8634
1693353600,145.872,146.096,145.73,145.903,6241
1693368000,145.902,146.246,145.857,146.215,7548
1693382400,146.216,146.529,146.139,146.434,13755
1693396800,146.435,146.473,145.811,145.863,18507
1693411200,145.864,146.136,145.55,146.087,22127
1693425600,146.086,146.284,145.971,146.237,5924
1693440000,146.218,146.218,145.944,146.061,4749
1693454400,146.06,146.064,145.746,145.874,7558
1693468800,145.874,146.044,145.711,145.942,14295
1693483200,145.942,146.06,145.62,145.86,17810
1693497600,145.86,146.218,145.424,145.495,24197
1693512000,145.492,145.532,145.342,145.528,4993
1693526400,145.527,145.692,145.445,145.56,4053
1693540800,145.558,145.559,145.231,145.485,9154
1693555200,145.485,145.619,145.36,145.458,10962
1693569600,145.457,145.49,144.435,144.726,16363
1693584000,144.726,146.284,144.685,146.142,31346
1693598400,146.142,146.273,146.062,146.257,5570
1693785600,146.167,146.235,146.015,146.157,3606
1693800000,146.157,146.238,146.066,146.15,5036
1693814400,146.151,146.448,146.124,146.424,7901
1693828800,146.423,146.458,146.305,146.441,6405
1693843200,146.441,146.486,146.382,146.479,4890
1693857600,146.477,146.489,146.462,146.474,1197
1693872000,146.47,146.611,146.349,146.509,2869
1693886400,146.509,146.768,146.481,146.66,4767
1693900800,146.66,147.076,146.648,146.999,12888
1693915200,146.998,147.495,146.946,147.188,14894
1693929600,147.189,147.722,147.129,147.628,19765
1693944000,147.626,147.794,147.573,147.707,4313
1693958400,147.68,147.809,147.355,147.765,5080
1693972800,147.765,147.768,147.388,147.39,6484
1693987200,147.385,147.487,147.009,147.383,13524
1694001600,147.383,147.585,147.199,147.265,11269
1694016000,147.266,147.698,147.119,147.583,21323
1694030400,147.582,147.735,147.48,147.661,4747
1694044800,147.66,147.864,147.548,147.754,4597
1694059200,147.753,147.797,147.488,147.555,6566
1694073600,147.556,147.673,147.357,147.447,11135
1694088000,147.446,147.604,147.212,147.274,12966
1694102400,147.275,147.426,147.035,147.081,17990
1694116800,147.082,147.281,147.082,147.279,4220
1694131200,147.274,147.375,146.576,146.905,7760
1694145600,146.905,147.331,146.9,147.221,10406
1694160000,147.22,147.449,147.046,147.401,11053
1694174400,147.4,147.562,147.237,147.543,9090
1694188800,147.542,147.77,147.315,147.757,13584
1694203200,147.758,147.861,147.697,147.785,3912
1694390400,146.964,147.252,146.65,146.947,9723
1694404800,146.948,147.085,146.143,146.192,15595
1694419200,146.193,146.482,145.891,146.334,16494
1694433600,146.333,146.975,146.26,146.486,13477
1694448000,146.485,146.583,146.192,146.465,14815
1694462400,146.464,146.59,146.423,146.584,5673
1694476800,146.572,146.794,146.449,146.68,4391
1694491200,146.682,146.734,146.429,146.725,7871
1694505600,146.724,146.935,146.652,146.783,9285
1694520000,146.782,147.153,146.751,147.112,9266
1694534400,147.115,147.225,147.051,147.168,11465
1694548800,147.167,147.217,146.977,147.029,4074
1694563200,147.029,147.305,147.009,147.296,4056
1694577600,147.296,147.44,147.261,147.386,7137
1694592000,147.385,147.391,147.199,147.245,10294
1694606400,147.244,147.731,147.16,147.424,16098
1694620800,147.425,147.593,147.242,147.337,17937
1694635200,147.337,147.498,147.159,147.465,5458
1694649600,147.461,147.461,147.044,147.077,3843
1694664000,147.076,147.185,147.013,147.132,6234
1694678400,147.131,147.349,147.066,147.282,7386
1694692800,147.282,147.558,147.197,147.4,17195
1694707200,147.4,147.437,147.009,147.225,20901
1694721600,147.224,147.481,147.169,147.436,4637
1694736000,147.44,147.512,147.33,147.448,4815
1694750400,147.449,147.489,147.337,147.402,6839
1694764800,147.401,147.81,147.362,147.768,12420
1694779200,147.767,147.942,147.711,147.934,8931
1694793600,147.933,147.937,147.588,147.857,16141
1694808000,147.856,147.88,147.711,147.823,3980
1694995200,147.701,147.869,147.674,147.705,2744
1695009600,147.704,147.794,147.669,147.669,3956
1695024000,147.668,147.745,147.549,147.625,6267
1695038400,147.624,147.739,147.571,147.723,6584
1695052800,147.723,147.762,147.585,147.619,9387
1695067200,147.618,147.748,147.57,147.607,3347
1695081600,147.595,147.723,147.498,147.635,3666
1695096000,147.634,147.779,147.626,147.742,4646
1695110400,147.742,147.885,147.603,147.703,6852
1695124800,147.704,147.801,147.559,147.773,7754
1695139200,147.77,147.849,147.617,147.819,8645
1695153600,147.818,147.913,147.775,147.855,3253
1695168000,147.847,147.847,147.683,147.734,4166
1695182400,147.734,147.837,147.698,147.826,3887
1695196800,147.825,148.158,147.811,148.081,9878
1695211200,148.082,148.085,147.791,147.851,7680
1695225600,147.851,147.861,147.487,147.533,9019
1695240000,147.532,148.334,147.466,148.331,20106
1695254400,148.316,148.449,148.163,148.398,5357
1695268800,148.401,148.444,148.182,148.335,6459
1695283200,148.335,148.388,148.146,148.179,8207
1695297600,148.18,148.247,147.689,147.946,13465
1695312000,147.947,147.974,147.314,147.503,16014
1695326400,147.502,147.592,147.416,147.55,4164
1695340800,147.545,147.692,147.499,147.606,4459
1695355200,147.605,148.247,147.596,148.012,12021
1695369600,148.013,148.405,147.917,148.281,14989
1695384000,148.28,148.333,148.126,148.243,8782
1695398400,148.242,148.346,147.951,148.284,11291
1695412800,148.283,148.404,148.244,148.354,3419
1695600000,148.213,148.474,148.212,148.324,4419
1695614400,148.323,148.43,148.276,148.344,3528
1695628800,148.343,148.567,148.315,148.555,6860
1695643200,148.554,148.747,148.508,148.729,6659
1695657600,148.73,148.955,148.714,148.841,9959
1695672000,148.842,148.885,148.744,148.881,3029
1695686400,148.857,148.9,148.697,148.874,3475
1695700800,148.873,148.945,148.806,148.875,4654
1695715200,148.876,149.177,148.751,148.903,10581
1695729600,148.902,148.984,148.787,148.787,7757
1695744000,148.786,148.98,148.786,148.918,11636
1695758400,148.917,149.088,148.856,149.08,3513
1695772800,149.077,149.077,148.961,149.028,3839
1695787200,149.027,149.065,148.852,149.014,4834
1695801600,149.015,149.143,148.966,149.055,6163
1695816000,149.054,149.24,149.052,149.178,7581
1695830400,149.179,149.634,149.158,149.611,10925
1695844800,149.61,149.698,149.454,149.625,8077
1695859200,149.621,149.621,149.277,149.45,3718
1695873600,149.448,149.551,149.323,149.324,4605
1695888000,149.325,149.436,149.199,149.371,7297
1695902400,149.371,149.494,149.157,149.446,10325
1695916800,149.448,149.457,149.139,149.281,16046
1695931200,149.279,149.376,149.206,149.277,4927
1695945600,149.265,149.443,149.195,149.373,3375
1695960000,149.374,149.493,149.272,149.356,4946
1695974400,149.356,149.381,148.517,149.066,12817
1695988800,149.065,149.27,148.938,149.185,12362
1696003200,149.183,149.439,149.077,149.397,16604
1696017600,149.398,149.48,149.338,149.343,6416
1696204800,149.593,149.716,149.394,149.671,5285
1696219200,149.673,149.814,149.615,149.719,3919
1696233600,149.72,149.781,149.546,149.719,7418
1696248000,149.718,149.808,149.626,149.797,7490
1696262400,149.796,149.864,149.663,149.814,13051
1696276800,149.815,149.863,149.702,149.848,4967
1696291200,149.825,149.872,149.724,149.871,3395
1696305600,149.87,149.883,149.815,149.87,4197
1696320000,149.871,149.925,149.645,149.811,7722
1696334400,149.81,149.97,149.81,149.91,7473
1696348800,149.909,150.151,147.245,149.093,32084
1696363200,149.09,149.092,148.698,149.05,8675
1696377600,149.049,149.229,148.781,149.185,5878
1696392000,149.184,149.31,149.14,149.158,5932
1696406400,149.157,149.26,148.727,148.978,10647
1696420800,148.978,149.204,148.769,148.865,15342
1696435200,148.864,149.125,148.757,148.873,18699
1696449600,148.873,149.124,148.871,149.111,6467
1696464000,149.108,149.108,148.481,148.539,4897
1696478400,148.539,148.592,148.25,148.542,9723
1696492800,148.541,149.086,148.5,149.002,9864
1696507200,149.003,149.109,148.796,148.92,11867
1696521600,148.921,148.959,148.37,148.399,20099
1696536000,148.398,148.506,148.298,148.504,5884
1696550400,148.485,148.651,148.352,148.633,3267
1696564800,148.632,148.758,148.457,148.747,5440
1696579200,148.748,148.98,148.74,148.902,7220
1696593600,148.902,149.527,148.85,149.41,15694
1696608000,149.409,149.451,149.032,149.285,25393
1696622400,149.284,149.35,149.221,149.28,5915
1696809600,149.035,149.23,148.982,149.094,6302
1696824000,149.095,149.198,149.071,149.191,3821
1696838400,149.191,149.215,149.099,149.132,6584
1696852800,149.131,149.173,149.045,149.056,5249
1696867200,149.055,149.063,148.51,148.714,11359
1696881600,148.714,148.737,148.425,148.503,5253
1696896000,148.502,148.658,148.154,148.51,6416
1696910400,148.513,148.75,148.302,148.732,7525
1696924800,148.732,149.06,148.507,148.821,14161
1696939200,148.82,149.088,148.813,148.92,9827
1696953600,148.921,149.074,148.535,148.546,14591
1696968000,148.547,148.769,148.547,148.708,6515
1696982400,148.696,148.696,148.416,148.565,4088
1696996800,148.565,148.886,148.536,148.866,5594
1697011200,148.865,148.963,148.573,148.656,11349
1697025600,148.655,149.062,148.598,148.871,13360
1697040000,148.869,149.177,148.814,149.144,16225
1697054400,149.147,149.315,149.045,149.18,7569
1697068800,149.176,149.176,148.971,149.13,4037
1697083200,149.129,149.266,149.014,149.121,6218
1697097600,149.12,149.19,148.947,149.074,7497
1697112000,149.073,149.473,149.011,149.438,12614
1697126400,149.439,149.786,149.382,149.729,16769
1697140800,149.73,149.82,149.705,149.793,6403
1697155200,149.788,149.819,149.724,149.745,3606
1697169600,149.746,149.817,149.595,149.64,4812
1697184000,149.639,149.752,149.565,149.694,8043
1697198400,149.695,149.769,149.448,149.526,11462
1697212800,149.527,149.725,149.445,149.563,14175
1697227200,149.562,149.584,149.46,149.578,4707
1697414400,149.332,149.624,149.329,149.49,5436
1697428800,149.49,149.514,149.399,149.427,3428
1697443200,149.426,149.605,149.367,149.485,7802
1697457600,149.486,149.578,149.401,149.441,7717
1697472000,149.441,149.755,149.431,149.575,10569
1697486400,149.573,149.605,149.491,149.527,2843
1697500800,149.524,149.623,149.469,149.497,3124
1697515200,149.496,149.567,149.478,149.543,3494
1697529600,149.542,149.681,149.522,149.662,5843
1697544000,149.66,149.784,148.712,149.763,13765
1697558400,149.764,149.785,149.587,149.752,13325
1697572800,149.75,149.842,149.708,149.788,4153
1697587200,149.791,149.815,149.712,149.764,2187
1697601600,149.763,149.784,149.475,149.664,5120
1697616000,149.663,149.772,149.594,149.766,7333
1697630400,149.765,149.775,149.602,149.726,8068
1697644800,149.725,149.875,149.67,149.811,12012
1697659200,149.81,149.928,149.725,149.925,5119
1697673600,149.921,149.921,149.659,149.747,5088
1697688000,149.747,149.832,149.725,149.8,4688
1697702400,149.8,149.846,149.715,149.826,6976
1697716800,149.825,149.874,149.77,149.815,7729
1697731200,149.814,149.952,149.669,149.728,18957
1697745600,149.727,149.853,149.683,149.791,8894
1697760000,149.787,149.853,149.7,149.84,3684
1697774400,149.839,149.933,149.81,149.852,4454
1697788800,149.851,149.984,149.628,149.939,9229
1697803200,149.94,149.979,149.876,149.955,7802
1697817600,149.956,149.968,149.79,149.842,10705
1697832000,149.842,149.88,149.768,149.844,5137
1698019200,149.846,149.886,149.73,149.851,2679
1698033600,149.85,149.933,149.839,149.93,2814
1698048000,149.933,149.955,149.86,149.93,4609
1698062400,149.931,149.981,149.856,149.932,6078
1698076800,149.931,149.943,149.666,149.666,9454
1698091200,149.667,149.722,149.545,149.705,5285
1698105600,149.619,149.781,149.619,149.669,2889
1698120000,149.67,149.691,149.491,149.645,5182
1698134400,149.644,149.742,149.313,149.508,9601
1698148800,149.509,149.837,149.509,149.798,8153
1698163200,149.799,149.92,149.738,149.787,11275
1698177600,149.787,149.911,149.748,149.886,4014
1698192000,149.874,149.916,149.812,149.876,2766
1698206400,149.875,149.881,149.787,149.836,2932
1698220800,149.837,149.914,149.812,149.902,4567
1698235200,149.9,149.934,149.887,149.913,5027
1698249600,149.912,149.969,149.871,149.959,10407
1698264000,149.959,150.308,149.858,150.256,6659
1698278400,150.255,150.255,150.035,150.195,3812
1698292800,150.196,150.467,150.166,150.423,5228
1698307200,150.422,150.769,149.824,150.395,11978
1698321600,150.396,150.507,150.161,150.183,11599
1698336000,150.182,150.494,150.076,150.415,15424
1698350400,150.413,150.43,150.227,150.384,5760
1698364800,150.383,150.404,150.278,150.367,3090
1698379200,150.366,150.383,150.135,150.163,3668
1698393600,150.163,150.27,150.058,150.069,6947
1698408000,150.071,150.135,149.717,149.864,9407
1698422400,149.865,149.893,149.541,149.623,13437
1698436800,149.622,149.718,149.453,149.632,6106
1698624000,149.501,149.808,149.501,149.721,3565
1698638400,149.722,149.751,149.524,149.635,2511
1698652800,149.634,149.681,149.274,149.624,7608
1698667200,149.627,149.846,149.604,149.754,6874
1698681600,149.755,149.759,148.793,149.031,15688
1698696000,149.031,149.106,148.947,149.047,3145
1698710400,149.039,149.523,149.003,149.445,5144
1698724800,149.442,150.231,149.321,150.22,14626
1698739200,150.219,150.712,150.052,150.677,14701
1698753600,150.672,150.981,150.554,150.978,12506
1698768000,150.979,151.701,150.87,151.5,18553
1698782400,151.501,151.704,151.447,151.61,4863
1698796800,151.617,151.618,151.157,151.328,6541
1698811200,151.329,151.36,151.135,151.303,4600
1698825600,151.303,151.387,151.196,151.216,6278
1698840000,151.215,151.37,151.077,151.259,10089
1698854400,151.258,151.258,150.807,151.077,12372
1698868800,151.077,151.233,150.654,150.893,16533
1698883200,150.891,150.92,150.259,150.301,7186
1698897600,150.305,150.463,150.143,150.456,5831
1698912000,150.458,150.571,150.156,150.288,9243
1698926400,150.287,150.397,149.836,150.219,12435
1698940800,150.218,150.537,150.216,150.401,10836
1698955200,150.4,150.525,150.369,150.436,3672
1698969600,150.425,150.512,150.307,150.428,2944
1698984000,150.429,150.43,150.239,150.251,2863
1698998400,150.251,150.417,150.229,150.296,4380
1699012800,150.295,150.309,149.195,149.335,18535
1699027200,149.329,149.749,149.163,149.35,16853
1699041600,149.351,149.47,149.294,149.328,3346
1699228800,149.324,149.643,149.313,149.53,4530
1699243200,149.53,149.667,149.471,149.537,4759
1699257600,149.539,149.726,149.367,149.668,8315
1699272000,149.668,149.829,149.552,149.802,6484
1699286400,149.801,149.851,149.671,149.845,7718
1699300800,149.846,150.052,149.814,150.046,3628
1699315200,150.04,150.146,149.884,150.081,3978
1699329600,150.08,150.307,150.062,150.279,3541
1699344000,150.278,150.486,150.239,150.422,6870
1699358400,150.421,150.637,150.287,150.57,8498
1699372800,150.57,150.683,150.442,150.541,9041
1699387200,150.542,150.554,150.307,150.408,4649
1699401600,150.384,150.606,150.295,150.544,4846
1699416000,150.543,150.635,150.423,150.634,4081
1699430400,150.633,150.77,150.59,150.745,7245
1699444800,150.746,150.976,150.691,150.897,6581
1699459200,150.896,150.942,150.721,150.902,9765
1699473600,150.902,151.049,150.824,150.976,5345
1699488000,150.961,150.99,150.819,150.881,4684
1699502400,150.88,151.027,150.836,151.026,3545
1699516800,151.025,151.083,150.761,151.03,8015
1699531200,151.029,151.176,150.921,150.963,7694
1699545600,150.962,151.087,150.826,151.069,9086
1699560000,151.069,151.377,151.051,151.34,10471
1699574400,151.33,151.366,151.228,151.233,4323
1699588800,151.239,151.398,151.215,151.386,3665
1699603200,151.384,151.447,151.318,151.439,6180
1699617600,151.439,151.48,151.317,151.35,6211
1699632000,151.349,151.58,151.346,151.55,9193
1699646400,151.549,151.594,151.496,151.512,3463
1699833600,151.42,151.651,151.412,151.556,3316
1699848000,151.557,151.785,151.545,151.765,3196
1699862400,151.766,151.846,151.665,151.766,5589
1699876800,151.765,151.831,151.686,151.799,4604
1699891200,151.797,151.9,151.195,151.628,12427
1699905600,151.627,151.718,151.582,151.718,2662
1699920000,151.715,151.776,151.605,151.723,3046
1699934400,151.722,151.748,151.641,151.701,2489
1699948800,151.7,151.726,151.566,151.696,4720
1699963200,151.695,151.736,150.791,150.992,12086
1699977600,150.992,150.994,150.582,150.594,18447
1699992000,150.594,150.602,150.147,150.385,5322
1700006400,150.381,150.784,150.224,150.563,6464
1700020800,150.562,150.687,150.504,150.653,4433
1700035200,150.652,150.749,150.326,150.391,9326
1700049600,150.39,150.876,150.04,150.771,12041
1700064000,150.768,151.235,150.745,151.152,14002
1700078400,151.151,151.412,151.139,151.359,4405
1700092800,151.351,151.351,151.11,151.192,3424
1700107200,151.191,151.347,151.158,151.296,3641
1700121600,151.298,151.422,151.133,151.27,6812
1700136000,151.269,151.307,150.644,150.644,9777
1700150400,150.645,150.909,150.277,150.501,14647
1700164800,150.501,150.764,150.416,150.722,3590
1700179200,150.676,150.767,150.493,150.615,4567
1700193600,150.614,150.652,150.416,150.628,4475
1700208000,150.627,150.687,149.507,149.611,13442
1700222400,149.608,149.724,149.189,149.626,15921
1700236800,149.626,149.867,149.476,149.691,13658
1700251200,149.69,149.742,149.576,149.633,3850
1700438400,149.558,149.98,149.372,149.506,7963
1700452800,149.505,149.559,148.682,149.076,13470
1700467200,149.075,149.201,148.189,148.197,15905
1700481600,148.196,148.547,148.095,148.503,12431
1700496000,148.503,148.681,148.178,148.344,11940
1700510400,148.345,148.442,148.131,148.399,5506
1700524800,148.387,148.409,147.859,148.009,9327
1700539200,148.01,148.084,147.238,147.776,13623
1700553600,147.776,147.825,147.143,147.765,15384
1700568000,147.765,147.789,147.344,147.613,11526
1700582400,147.612,147.981,147.43,147.953,15355
1700596800,147.953,148.586,147.95,148.383,7961
1700611200,148.372,148.372,148.012,148.29,8306
1700625600,148.291,148.795,148.09,148.749,7431
1700640000,148.748,149.343,148.731,149.097,13113
1700654400,149.102,149.23,148.582,149.227,15537
1700668800,149.226,149.74,149.191,149.607,17163
1700683200,149.607,149.691,149.508,149.527,3590
1700697600,149.521,149.533,149.156,149.17,4093
1700712000,149.171,149.244,148.944,148.98,5116
1700726400,148.981,149.331,148.88,149.231,9411
1700740800,149.231,149.565,149.16,149.466,5454
1700755200,149.467,149.68,149.443,149.614,4963
1700769600,149.613,149.613,149.522,149.547,2423
1700784000,149.54,149.702,149.403,149.513,5500
1700798400,149.513,149.584,149.189,149.246,4791
1700812800,149.247,149.653,149.197,149.626,7541
1700827200,149.626,149.661,149.438,149.583,6225
1700841600,149.582,149.619,149.434,149.517,8060
1700856000,149.516,149.524,149.399,149.399,2428
1701043200,149.459,149.666,149.045,149.104,6523
1701057600,149.103,149.278,148.88,149.124,8519
1701072000,149.125,149.316,148.768,149.285,10316
1701086400,149.284,149.318,148.644,148.805,11035
1701100800,148.805,149.071,148.652,148.948,14561
1701115200,148.949,148.966,148.538,148.654,5748
1701129600,148.637,148.639,148.013,148.195,8471
1701144000,148.193,148.374,147.962,148.277,6926
1701158400,148.276,148.821,148.148,148.533,11364
1701172800,148.532,148.691,148.289,148.358,11301
1701187200,148.357,148.492,147.316,147.547,26529
1701201600,147.546,147.706,147.381,147.444,7551
1701216000,147.449,147.481,146.664,146.89,12340
1701230400,146.891,147.311,146.792,147.136,10264
1701244800,147.137,147.646,147.017,147.56,16538
1701259200,147.56,147.808,147.298,147.721,18099
1701273600,147.72,147.897,147.114,147.256,22480
1701288000,147.255,147.357,147.07,147.205,7003
1701302400,147.195,147.195,146.837,147.028,8628
1701316800,147.027,147.17,146.922,147.022,7385
1701331200,147.022,147.453,146.859,147.411,13960
1701345600,147.41,147.886,147.204,147.878,16870
1701360000,147.877,148.506,147.713,148.202,26961
1701374400,148.201,148.293,148.032,148.181,6157
1701388800,148.178,148.178,147.596,147.703,8719
1701403200,147.704,148.175,147.659,148.053,8115
1701417600,148.053,148.305,147.682,147.85,12832
1701432000,147.851,148.337,147.792,148.177,12090
1701446400,148.179,148.247,146.823,146.843,31943
1701460800,146.846,146.918,146.653,146.83,8904
1701648000,146.702,146.739,146.221,146.635,16096
1701662400,146.636,146.881,146.466,146.803,9548
1701676800,146.802,147.104,146.564,146.608,15411
1701691200,146.608,146.758,146.451,146.648,14385
1701705600,146.647,147.25,146.463,147.244,24652
1701720000,147.244,147.443,147.17,147.207,6264
1701734400,147.185,147.369,146.964,147.153,9134
1701748800,147.152,147.267,147.009,147.019,6452
1701763200,147.016,147.139,146.671,147.053,15901
1701777600,147.052,147.188,146.77,146.784,13396
1701792000,146.787,147.325,146.553,147.122,27877
1701806400,147.12,147.379,147.107,147.153,6668
1701820800,147.135,147.292,147.011,147.257,6003
1701835200,147.258,147.388,147.134,147.167,6078
1701849600,147.168,147.363,146.887,147.314,12811
1701864000,147.313,147.492,146.995,147.074,13963
1701878400,147.072,147.362,147.066,147.209,17645
1701892800,147.21,147.406,147.194,147.314,4732
1701907200,147.273,147.289,146.794,146.881,8051
1701921600,146.88,146.976,146.508,146.536,10454
1701936000,146.535,146.662,144.809,144.853,29534
1701950400,144.852,145.294,144.538,144.829,26437
1701964800,144.827,144.944,141.585,143.258,34519
1701979200,143.257,144.169,143.033,144.131,16770
1701993600,144.126,144.308,142.485,143.368,27249
1702008000,143.365,144.166,143.053,143.923,21105
1702022400,143.924,144.399,143.708,144.28,27775
1702036800,144.279,145.203,143.748,144.184,27363
1702051200,144.185,144.967,143.851,144.799,31621
1702065600,144.799,144.99,144.755,144.986,6449
1702252800,144.899,145.564,144.806,145.439,13756
1702267200,145.443,145.66,145.291,145.554,8643
1702281600,145.555,146.448,145.316,146.18,21234
1702296000,146.179,146.49,146.093,146.283,12735
1702310400,146.283,146.579,146.046,146.458,17298
1702324800,146.456,146.471,146.066,146.176,7379
1702339200,146.163,146.167,145.53,145.732,11124
1702353600,145.731,145.824,145.322,145.368,8542
1702368000,145.368,145.618,145.214,145.405,14895
1702382400,145.404,145.723,144.725,145.641,20283
1702396800,145.642,145.843,145.296,145.656,21028
1702411200,145.655,145.67,145.458,145.47,6678
1702425600,145.461,145.6,145.179,145.373,7702
1702440000,145.372,145.694,145.309,145.556,7519
1702454400,145.554,145.984,145.529,145.83,14033
1702468800,145.83,145.873,145.205,145.224,14449
1702483200,145.223,145.436,145.023,145.165,17242
1702497600,145.164,145.266,142.626,142.919,39625
1702512000,142.893,142.898,142.042,142.313,21571
1702526400,142.311,142.402,140.947,141.409,27316
1702540800,141.406,142.169,141.343,141.478,31593
1702555200,141.476,142.274,141.225,141.855,29137
1702569600,141.856,142.145,141.392,141.588,28550
1702584000,141.59,142.004,141.59,141.898,9341
1702598400,141.879,142.458,141.807,142.342,11131
1702612800,142.343,142.376,141.561,141.879,13368
1702627200,141.878,142.123,141.584,141.767,19443
1702641600,141.767,142.443,141.462,142.307,18855
1702656000,142.309,142.32,141.423,142.028,25103
1702670400,142.031,142.3,141.998,142.158,9334
1702857600,142.027,142.448,142.025,142.244,8535
1702872000,142.246,142.368,142.075,142.194,7115
1702886400,142.192,142.534,142.146,142.486,13187
1702900800,142.485,142.887,142.44,142.809,14042
1702915200,142.81,143.149,142.791,142.911,14405
1702929600,142.912,143.007,142.792,142.799,5115
1702944000,142.779,142.833,142.238,142.541,9280
1702958400,142.541,143.777,142.448,143.487,15621
1702972800,143.493,144.685,142.467,144.531,24441
1702987200,144.53,144.946,144.15,144.281,16996
1703001600,144.281,144.426,143.524,143.826,18670
1703016000,143.826,143.957,143.755,143.834,5860
1703030400,143.811,144.089,143.714,143.833,8640
1703044800,143.832,143.998,143.36,143.581,9813
1703059200,143.582,143.759,143.3,143.405,16528
1703073600,143.406,143.631,143.257,143.341,12076
1703088000,143.339,143.931,143.299,143.886,14368
1703102400,143.886,143.913,143.529,143.564,8196
1703116800,143.542,143.559,142.917,143.019,7966
1703131200,143.02,143.111,142.799,142.951,9330
1703145600,142.951,143.387,142.912,143.069,11426
1703160000,143.068,143.127,142.063,142.209,15265
1703174400,142.208,142.594,142.036,142.259,20725
1703188800,142.258,142.428,142.082,142.092,6921
1703203200,142.096,142.399,141.858,142.348,8927
1703217600,142.348,142.548,142.274,142.395,9033
1703232000,142.396,142.428,142.043,142.149,12899
1703246400,142.148,142.459,141.918,142.032,14307
1703260800,142.031,142.653,141.884,142.497,16605
1703275200,142.496,142.573,142.363,142.418,5137
1703577600,142.32,142.519,142.309,142.496,2326
1703592000,142.497,142.518,142.228,142.363,5905
1703606400,142.363,142.623,142.322,142.465,6428
1703620800,142.464,142.511,142.357,142.358,3736
1703635200,142.339,142.839,142.285,142.606,6149
1703649600,142.606,142.721,142.429,142.559,5130
1703664000,142.558,142.829,142.439,142.575,9519
1703678400,142.576,142.65,142.503,142.566,6759
1703692800,142.563,142.639,141.821,142.094,12519
1703707200,142.093,142.159,141.541,141.803,8707
1703721600,141.772,141.772,141.164,141.396,8880
1703736000,141.391,141.458,141.095,141.146,7886
1703750400,141.144,141.235,140.664,140.724,13071
1703764800,140.727,141.127,140.643,141.112,11028
1703779200,141.111,141.412,140.244,141.21,17841
1703793600,141.209,141.575,141.186,141.4,6603
1703808000,141.385,141.662,141.247,141.475,7331
1703822400,141.475,141.523,141.264,141.305,5417
1703836800,141.304,141.904,141.131,141.888,9734
1703851200,141.891,141.906,141.378,141.827,11360
1703865600,141.826,141.826,140.79,140.834,18976
1703880000,140.831,141.075,140.831,141.013,6329
1704182400,141.527,141.664,141.283,141.546,8555
1704196800,141.545,142.207,141.499,142.142,16420
1704211200,142.142,142.168,141.494,141.967,21371
1704225600,141.966,142.005,141.798,141.984,5454
1704240000,141.956,142.171,141.851,142.006,4615
1704254400,142.005,142.126,141.851,142.116,4652
1704268800,142.116,142.703,142.007,142.63,14524
1704283200,142.629,143.079,142.584,143.011,14923
1704297600,143.01,143.721,142.806,143.602,24886
1704312000,143.6,143.723,143.109,143.285,15205
1704326400,143.272,143.44,142.846,143.423,7720
1704340800,143.421,143.884,143.219,143.769,8636
1704355200,143.769,143.883,143.171,143.859,19244
1704369600,143.859,144.541,143.859,144.53,16744
1704384000,144.528,144.843,144.454,144.59,18604
1704398400,144.589,144.703,144.506,144.605,5121
1704412800,144.592,144.894,144.537,144.734,6815
1704427200,144.735,144.944,144.653,144.723,7114
1704441600,144.721,145.36,144.691,145.177,15510
1704456000,145.176,145.968,145.045,145.46,16396
1704470400,145.458,145.476,143.799,144.738,33461
1704484800,144.739,144.884,144.492,144.628,9538
1704672000,144.466,144.908,144.313,144.367,5330
1704686400,144.368,144.556,144.307,144.358,6472
1704700800,144.357,144.603,144.083,144.226,15290
1704715200,144.225,144.675,144.193,144.446,14286
1704729600,144.446,144.461,143.655,143.956,20337
1704744000,143.958,144.262,143.948,144.205,6827
1704758400,144.207,144.271,143.445,143.476,9116
1704772800,143.475,143.873,143.412,143.782,8331
1704787200,143.78,144.308,143.733,143.938,15797
1704801600,143.939,144.183,143.739,143.761,14867
1704816000,143.762,144.475,143.645,144.399,19603
1704830400,144.398,144.615,144.239,144.472,7615
1704844800,144.465,144.814,144.311,144.733,6515
1704859200,144.732,144.928,144.661,144.769,6420
1704873600,144.774,145.146,144.727,144.911,15351
1704888000,144.91,145.324,144.755,145.286,11797
1704902400,145.288,145.818,145.229,145.606,16068
1704916800,145.606,145.823,145.557,145.757,7925
1704931200,145.731,145.798,145.319,145.358,7342
1704945600,145.357,145.582,145.271,145.484,7306
1704960000,145.483,145.568,145.323,145.537,11481
1704974400,145.536,146.257,144.96,146.241,17162
1704988800,146.235,146.407,145.637,145.946,34686
1705003200,145.945,146.011,145.253,145.281,12779
1705017600,145.272,145.397,144.934,145.109,9934
1705032000,145.106,145.251,144.836,145.243,8217
1705046400,145.245,145.277,144.861,145.125,12605
1705060800,145.128,145.557,144.746,144.782,16180
1705075200,144.78,145.0,144.346,144.947,25546
1705089600,144.946,145.01,144.789,144.891,6144
1705276800,144.763,145.222,144.759,145.063,6885
1705291200,145.062,145.282,144.928,145.264,6633
1705305600,145.264,145.753,145.188,145.656,10706
1705320000,145.655,145.905,145.538,145.775,9641
1705334400,145.774,145.933,145.668,145.773,7446
1705348800,145.774,145.802,145.749,145.762,1342
1705363200,145.737,146.1,145.577,145.891,9777
1705377600,145.892,146.263,145.886,146.155,10642
1705392000,146.157,146.623,145.988,146.527,17819
1705406400,146.526,146.78,146.276,146.62,18153
1705420800,146.619,147.264,146.391,147.246,26069
1705435200,147.247,147.304,147.127,147.173,6878
1705449600,147.175,147.475,147.05,147.187,8195
1705464000,147.187,147.662,147.088,147.573,9584
1705478400,147.573,147.957,147.562,147.715,19983
1705492800,147.716,147.972,147.558,147.93,15223
1705507200,147.93,148.515,147.876,148.215,23238
1705521600,148.215,148.382,148.118,148.17,7917
1705536000,148.15,148.245,147.862,148.033,8491
1705550400,148.036,148.151,147.857,147.867,8950
1705564800,147.867,147.951,147.648,147.842,16962
1705579200,147.841,148.293,147.746,148.221,15372
1705593600,148.223,148.253,147.847,148.214,20395
1705608000,148.213,148.27,148.065,148.109,7371
1705622400,148.098,148.384,147.931,148.346,8615
1705636800,148.347,148.666,148.137,148.643,8900
1705651200,148.644,148.797,147.914,147.972,16705
1705665600,147.972,148.205,147.831,148.131,12918
1705680000,148.131,148.524,148.017,148.113,20575
1705694400,148.112,148.301,148.074,148.146,6526
1705881600,148.088,148.249,147.773,147.852,9079
1705896000,147.852,148.115,147.725,148.043,9601
1705910400,148.045,148.294,147.909,148.106,14944
1705924800,148.108,148.135,147.607,147.679,13758
1705939200,147.68,148.03,147.679,147.975,13942
1705953600,147.975,148.135,147.975,148.125,5401
1705968000,148.109,148.215,147.898,148.095,5592
1705982400,148.094,148.536,147.846,147.915,15591
1705996800,147.916,148.166,146.97,147.704,24459
1706011200,147.706,148.146,147.706,148.045,14011
1706025600,148.044,148.69,148.043,148.587,18193
1706040000,148.588,148.612,148.289,148.361,6533
1706054400,148.347,148.375,147.968,148.012,8425
1706068800,148.011,148.246,147.744,147.868,10391
1706083200,147.869,147.95,147.371,147.524,16946
1706097600,147.524,147.615,146.713,146.759,15183
1706112000,146.759,147.424,146.641,147.181,24871
1706126400,147.18,147.629,147.153,147.494,7876
1706140800,147.482,147.844,147.383,147.657,8753
1706155200,147.656,147.848,147.56,147.792,8063
1706169600,147.792,147.873,147.527,147.633,12885
1706184000,147.634,147.926,147.279,147.368,17097
1706198400,147.367,147.893,147.075,147.822,26781
1706212800,147.822,147.87,147.654,147.657,7891
1706227200,147.628,147.843,147.472,147.539,8137
1706241600,147.54,147.816,147.501,147.723,7283
1706256000,147.724,148.082,147.723,147.828,14908
1706270400,147.827,147.906,147.398,147.644,15808
1706284800,147.643,148.157,147.629,147.983,18948
1706299200,147.984,148.201,147.956,148.12,5432
1706486400,148.077,148.328,148.015,148.123,6903
1706500800,148.124,148.242,147.986,148.023,5871
1706515200,148.022,148.062,147.703,147.735,14026
1706529600,147.731,148.085,147.722,147.965,10156
1706544000,147.965,148.042,147.576,147.651,13967
1706558400,147.65,147.704,147.245,147.494,9076
1706572800,147.476,147.497,147.185,147.305,6904
1706587200,147.309,147.476,147.293,147.378,6522
1706601600,147.377,147.543,147.151,147.383,13391
1706616000,147.381,147.57,147.2,147.512,11856
1706630400,147.51,147.92,147.074,147.799,20407
1706644800,147.799,147.858,147.56,147.597,5343
1706659200,147.584,147.598,147.18,147.54,8928
1706673600,147.539,147.809,147.539,147.714,7859
1706688000,147.712,147.887,147.397,147.762,15416
1706702400,147.762,147.875,147.45,147.491,16667
1706716800,147.492,147.556,146.058,146.348,33370
1706731200,146.349,147.439,146.003,146.945,32498
1706745600,146.927,147.073,146.605,146.767,10826
1706760000,146.769,146.878,146.468,146.855,9804
1706774400,146.856,147.042,146.583,146.787,18604
1706788800,146.785,147.108,146.448,146.656,19680
1706803200,146.655,146.804,145.888,146.349,33075
1706817600,146.351,146.473,146.185,146.417,11997
1706832000,146.414,146.507,146.233,146.351,6990
1706846400,146.35,146.509,146.298,146.424,6713
1706860800,146.421,146.79,146.346,146.685,13055
1706875200,146.687,147.979,146.454,147.957,16031
1706889600,147.958,148.575,147.675,148.518,28006
1706904000,148.518,148.56,148.223,148.373,9028
1707091200,148.344,148.813,148.344,148.366,11512
1707105600,148.366,148.547,148.308,148.327,9322
1707120000,148.326,148.597,148.26,148.494,14755
1707134400,148.493,148.67,148.301,148.561,12789
1707148800,148.56,148.887,148.352,148.614,19529
1707163200,148.614,148.758,148.496,148.681,6550
1707177600,148.669,148.741,148.459,148.514,5599
1707192000,148.514,148.665,148.371,148.429,7954
1707206400,148.43,148.697,148.352,148.674,13045
1707220800,148.674,148.781,148.454,148.612,14151
1707235200,148.612,148.618,147.839,147.909,22226
1707249600,147.911,148.03,147.811,147.924,10287
1707264000,147.922,147.938,147.704,147.796,6866
1707278400,147.795,147.99,147.795,147.944,7150
1707292800,147.944,148.086,147.742,147.911,13648
1707307200,147.91,148.251,147.897,148.174,13375
1707321600,148.174,148.219,147.615,148.129,22639
1707336000,148.122,148.189,147.981,148.174,7301
1707350400,148.158,148.359,147.925,148.284,7798
1707364800,148.287,148.655,148.256,148.575,10387
1707379200,148.574,148.843,148.568,148.749,13530
1707393600,148.748,149.457,148.733,149.382,17647
1707408000,149.394,149.47,149.184,149.365,17027
1707422400,149.365,149.402,149.115,149.322,8952
1707436800,149.311,149.402,149.227,149.276,6475
1707451200,149.277,149.482,149.24,149.392,6240
1707465600,149.392,149.566,149.209,149.415,13675
1707480000,149.416,149.529,149.0,149.379,16556
1707494400,149.38,149.438,149.167,149.341,18887
1707508800,149.341,149.364,149.238,149.255,5547
1707696000,149.213,149.252,149.072,149.174,5450
1707710400,149.173,149.244,149.119,149.205,4975
1707724800,149.201,149.222,148.982,149.12,12579
1707739200,149.121,149.207,148.918,149.195,12238
1707753600,149.198,149.472,149.152,149.248,12171
1707768000,149.248,149.429,149.232,149.34,6085
1707782400,149.332,149.418,149.251,149.359,5583
1707796800,149.358,149.569,149.351,149.544,6267
1707811200,149.544,149.686,149.439,149.569,11895
1707825600,149.568,150.477,149.217,150.428,16853
1707840000,150.426,150.797,150.297,150.774,22546
1707854400,150.773,150.876,150.714,150.789,7788
1707868800,150.78,150.78,150.517,150.536,8364
1707883200,150.537,150.635,150.409,150.51,7471
1707897600,150.51,150.636,150.337,150.636,14302
1707912000,150.634,150.729,150.494,150.704,14199
1707926400,150.705,150.743,150.364,150.426,17111
1707940800,150.426,150.616,150.343,150.594,6408
1707955200,150.572,150.572,150.134,150.191,8347
1707969600,150.19,150.287,150.071,150.174,8348
1707984000,150.174,150.211,149.916,150.017,12215
1707998400,150.018,150.09,149.51,149.818,14711
1708012800,149.818,150.238,149.802,150.084,21506
1708027200,150.084,150.084,149.846,149.925,7532
1708041600,149.916,150.232,149.821,150.052,7231
1708056000,150.051,150.357,150.051,150.171,8589
1708070400,150.169,150.295,150.132,150.278,10235
1708084800,150.279,150.638,150.135,150.513,13009
1708099200,150.512,150.627,150.105,150.216,20074
1708113600,150.216,150.28,150.078,150.166,7150
1708300800,150.142,150.189,149.866,149.966,6283
1708315200,149.967,150.031,149.904,150.001,5705
1708329600,150.0,150.024,149.885,149.931,7844
1708344000,149.93,150.024,149.921,149.959,6628
1708358400,149.959,150.184,149.945,150.181,5127
1708372800,150.181,150.181,150.115,150.127,1092
1708387200,150.123,150.338,150.081,150.265,7172
1708401600,150.265,150.429,150.261,150.414,7111
1708416000,150.413,150.429,150.245,150.268,10016
1708430400,150.269,150.289,149.922,149.978,12819
1708444800,149.977,150.03,149.677,149.89,15016
1708459200,149.889,150.062,149.875,149.985,7665
1708473600,149.973,150.084,149.88,149.986,6745
1708488000,149.986,150.031,149.845,149.975,6721
1708502400,149.975,150.18,149.94,150.083,10804
1708516800,150.083,150.093,149.925,150.071,9466
1708531200,150.071,150.379,149.978,150.298,12522
1708545600,150.299,150.383,150.122,150.284,10807
1708560000,150.28,150.45,150.245,150.307,6981
1708574400,150.307,150.445,150.218,150.275,7806
1708588800,150.274,150.288,150.009,150.168,15394
1708603200,150.169,150.59,150.112,150.557,13027
1708617600,150.558,150.679,150.395,150.599,20396
1708632000,150.599,150.643,150.474,150.527,8334
1708646400,150.518,150.553,150.363,150.45,5556
1708660800,150.449,150.599,150.414,150.599,4606
1708675200,150.598,150.753,150.517,150.74,9810
1708689600,150.739,150.76,150.325,150.467,11616
1708704000,150.47,150.547,150.285,150.402,15750
1708718400,150.402,150.535,150.336,150.534,6336
1708905600,150.402,150.55,150.284,150.416,6431
1708920000,150.415,150.51,150.357,150.426,6285
1708934400,150.426,150.661,150.357,150.63,9859
1708948800,150.63,150.689,150.518,150.637,10062
1708963200,150.636,150.83,150.614,150.761,14200
1708977600,150.761,150.807,150.664,150.708,7471
1708992000,150.691,150.693,150.483,150.501,5646
1709006400,150.5,150.518,150.398,150.512,5259
1709020800,150.51,150.53,150.109,150.259,9759
1709035200,150.258,150.368,150.067,150.267,10101
1709049600,150.266,150.541,150.186,150.414,13635
1709064000,150.413,150.575,150.292,150.503,6802
1709078400,150.501,150.525,150.364,150.389,5555
1709092800,150.39,150.632,150.364,150.591,6544
1709107200,150.591,150.79,150.572,150.737,9711
1709121600,150.737,150.739,150.52,150.706,11500
1709136000,150.705,150.836,150.643,150.691,14252
1709150400,150.69,150.733,150.635,150.695,7372
1709164800,150.68,150.68,150.185,150.207,6943
1709179200,150.206,150.219,149.688,149.898,13591
1709193600,149.896,149.928,149.604,149.796,16260
1709208000,149.797,150.143,149.724,149.771,15909
1709222400,149.772,150.037,149.199,149.985,21191
1709236800,149.986,150.008,149.831,149.966,7472
1709251200,149.966,150.362,149.94,150.346,7348
1709265600,150.345,150.47,150.294,150.437,6748
1709280000,150.438,150.678,150.32,150.622,10714
1709294400,150.618,150.649,150.299,150.636,14221
1709308800,150.636,150.71,150.066,150.143,21681
1709323200,150.143,150.237,150.044,150.115,7662
1709510400,150.061,150.201,149.832,150.12,6382
1709524800,150.119,150.314,150.091,150.295,4955
1709539200,150.294,150.391,150.166,150.238,9435
1709553600,150.239,150.56,150.237,150.451,9260
1709568000,150.451,150.544,150.302,150.515,10892
1709582400,150.514,150.556,150.478,150.509,4126
1709596800,150.503,150.534,150.346,150.456,5274
1709611200,150.457,150.538,150.434,150.489,4966
1709625600,150.486,150.536,150.337,150.407,8768
1709640000,150.407,150.434,150.055,150.08,9409
1709654400,150.079,150.219,149.694,150.084,18518
1709668800,150.083,150.105,149.831,150.046,7296
1709683200,150.039,150.076,149.809,150.022,5540
1709697600,150.021,150.023,149.801,149.905,5135
1709712000,149.907,149.928,149.317,149.637,12822
1709726400,149.638,149.803,149.326,149.358,12450
1709740800,149.359,149.636,149.086,149.319,21308
1709755200,149.317,149.464,149.193,149.404,8825
1709769600,149.385,149.385,148.551,148.611,11834
1709784000,148.61,148.785,148.396,148.629,11138
1709798400,148.63,148.672,147.802,147.977,17464
1709812800,147.976,147.985,147.572,147.76,16734
1709827200,147.759,148.29,147.724,148.096,22909
1709841600,148.097,148.126,147.986,148.023,6617
1709856000,148.007,148.109,147.515,147.966,8741
1709870400,147.966,148.08,147.767,147.796,8857
1709884800,147.795,148.035,146.866,147.126,16029
1709899200,147.124,147.477,146.474,146.953,18056
1709913600,146.954,147.25,146.683,147.018,25002
1709928000,147.02,147.153,146.984,147.078,8299
1710115200,147.034,147.119,146.529,146.868,10084
1710129600,146.869,147.079,146.857,146.968,7033
1710144000,146.968,147.06,146.478,146.604,12287
1710158400,146.603,146.964,146.527,146.956,10855
1710172800,146.956,147.139,146.733,146.914,13164
1710187200,146.913,147.046,146.886,146.948,4863
1710201600,146.952,146.986,146.612,146.93,6989
1710216000,146.929,147.588,146.925,147.512,9913
1710230400,147.513,147.571,147.202,147.416,12180
1710244800,147.416,148.153,147.06,147.801,21941
1710259200,147.8,147.957,147.636,147.78,14321
1710273600,147.779,147.789,147.595,147.621,4145
1710288000,147.612,147.643,147.226,147.414,7614
1710302400,147.413,147.637,147.276,147.562,7195
1710316800,147.563,148.037,147.491,147.983,12992
1710331200,147.984,148.027,147.771,147.883,10585
1710345600,147.881,147.961,147.451,147.622,13786
1710360000,147.623,147.847,147.601,147.625,5045
1710374400,147.623,147.717,147.522,147.667,5909
1710388800,147.668,147.963,147.655,147.911,6042
1710403200,147.912,147.964,147.761,147.77,9369
1710417600,147.771,148.138,147.426,147.988,20415
1710432000,147.988,148.311,147.916,148.273,17988
1710446400,148.271,148.349,148.202,148.282,4682
1710460800,148.281,148.527,148.216,148.466,6501
1710475200,148.465,148.648,148.244,148.312,7438
1710489600,148.313,148.825,148.025,148.715,14654
1710504000,148.718,148.956,148.578,148.908,12133
1710518400,148.905,149.157,148.804,149.029,11967
1710532800,149.03,149.111,148.964,148.992,3594
1710720000,149.049,149.321,148.927,149.183,6300
1710734400,149.183,149.198,148.903,149.109,5967
1710748800,149.107,149.299,149.047,149.2,9425
1710763200,149.201,149.232,149.002,149.207,8880
1710777600,149.206,149.293,148.913,149.099,9960
1710792000,149.098,149.184,149.02,149.105,3162
1710806400,149.1,149.386,149.027,149.294,6245
1710820800,149.293,150.387,148.983,150.296,17501
1710835200,150.293,150.694,149.98,150.671,19233
1710849600,150.67,150.684,150.335,150.663,13338
1710864000,150.66,150.954,150.598,150.887,10215
1710878400,150.889,150.922,150.759,150.784,3260
1710892800,150.77,151.334,150.77,151.162,6781
1710907200,151.161,151.566,151.153,151.529,6785
1710921600,151.528,151.757,151.331,151.674,10444
1710936000,151.674,151.809,151.623,151.734,9000
1710950400,151.735,151.748,151.519,151.561,8309
1710964800,151.563,151.704,150.71,151.189,23486
1710979200,151.19,151.204,150.257,150.494,15265
1710993600,150.494,150.996,150.335,150.99,9711
1711008000,150.989,151.448,150.843,151.075,18695
1711022400,151.074,151.436,150.862,151.393,16336
1711036800,151.392,151.745,151.386,151.716,15532
1711051200,151.715,151.723,151.538,151.615,3157
1711065600,151.583,151.854,151.437,151.775,7628
1711080000,151.77,151.784,151.413,151.478,10018
1711094400,151.479,151.642,151.25,151.61,13022
1711108800,151.609,151.642,150.996,151.16,14390
1711123200,151.159,151.428,151.075,151.412,12251
1711137600,151.416,151.475,151.338,151.386,3485
1711324800,151.366,151.427,151.078,151.239,10001
1711339200,151.238,151.369,151.045,151.207,8379
1711353600,151.206,151.433,151.163,151.396,9129
1711368000,151.395,151.4,151.119,151.263,8556
1711382400,151.261,151.537,151.238,151.497,6444
1711396800,151.5,151.528,151.383,151.402,2515
1711411200,151.398,151.436,151.212,151.352,5237
1711425600,151.351,151.421,151.268,151.363,5688
1711440000,151.363,151.391,151.2,151.26,7793
1711454400,151.259,151.466,151.238,151.397,7943
1711468800,151.391,151.594,151.293,151.555,8581
1711483200,151.555,151.578,151.464,151.506,3393
1711497600,151.509,151.799,151.442,151.723,5626
1711512000,151.724,151.963,151.584,151.743,8105
1711526400,151.742,151.829,151.087,151.358,14835
1711540800,151.357,151.365,151.017,151.318,13006
1711555200,151.319,151.416,151.16,151.382,7614
1711569600,151.381,151.396,151.231,151.248,2770
1711584000,151.252,151.537,151.252,151.342,7064
1711598400,151.34,151.38,151.244,151.342,5331
1711612800,151.343,151.494,151.298,151.449,7772
1711627200,151.449,151.459,151.154,151.248,11596
1711641600,151.232,151.389,151.143,151.377,10806
1711656000,151.378,151.415,151.354,151.37,2755
1711670400,151.371,151.491,151.174,151.334,4784
1711684800,151.335,151.381,151.239,151.348,7514
1711699200,151.349,151.457,151.308,151.322,4837
1711713600,151.329,151.353,151.184,151.21,4718
1711728000,151.211,151.326,151.16,151.285,4206
1711742400,151.286,151.383,151.279,151.285,1229
1711929600,151.228,151.422,151.218,151.368,4923
1711944000,151.369,151.395,151.243,151.363,4860
1711958400,151.365,151.402,151.294,151.332,4247
1711972800,151.331,151.475,151.322,151.448,4398
1711987200,151.447,151.764,151.435,151.692,10115
1712001600,151.691,151.695,151.568,151.637,3338
1712016000,151.636,151.69,151.495,151.678,4394
1712030400,151.678,151.777,151.624,151.756,5017
1712044800,151.757,151.792,151.547,151.633,8028
1712059200,151.633,151.707,151.595,151.682,6789
1712073600,151.68,151.687,151.453,151.586,11763
1712088000,151.585,151.608,151.53,151.556,2815
1712102400,151.552,151.572,151.434,151.547,3667
1712116800,151.548,151.632,151.526,151.583,4069
1712131200,151.582,151.727,151.529,151.724,5300
1712145600,151.725,151.906,151.674,151.843,8667
1712160000,151.842,151.946,151.57,151.638,17394
1712174400,151.644,151.697,151.622,151.675,4114
1712188800,151.663,151.672,151.532,151.56,3762
1712203200,151.559,151.715,151.551,151.687,4002
1712217600,151.687,151.748,151.591,151.704,6018
1712232000,151.703,151.761,151.6,151.617,6145
1712246400,151.616,151.695,151.496,151.636,7166
1712260800,151.637,151.677,151.114,151.312,11195
1712275200,151.314,151.333,150.805,150.901,8222
1712289600,150.901,151.285,150.805,151.207,8099
1712304000,151.206,151.442,151.085,151.403,8147
1712318400,151.404,151.742,151.268,151.65,9496
1712332800,151.648,151.742,151.432,151.572,14701
1712347200,151.572,151.642,151.529,151.615,3932
1712534400,151.543,151.772,151.543,151.7,4055
1712548800,151.701,151.806,151.669,151.786,6458
1712563200,151.785,151.905,151.747,151.9,6274
1712577600,151.899,151.933,151.818,151.869,5365
1712592000,151.868,151.868,151.712,151.827,7719
1712606400,151.826,151.85,151.712,151.841,3250
1712620800,151.837,151.914,151.753,151.902,3633
1712635200,151.902,151.909,151.807,151.883,4418
1712649600,151.884,151.927,151.855,151.88,4626
1712664000,151.879,151.89,151.721,151.762,6569
1712678400,151.761,151.781,151.562,151.66,9211
1712692800,151.659,151.78,151.649,151.753,3807
1712707200,151.745,151.78,151.674,151.715,3007
1712721600,151.716,151.779,151.69,151.775,5633
1712736000,151.776,151.876,151.765,151.845,4677
1712750400,151.845,152.511,151.768,152.378,10418
1712764800,152.377,152.96,152.363,152.931,16683
1712779200,152.926,153.227,152.632,153.148,10997
1712793600,153.144,153.144,152.794,152.827,7083
1712808000,152.826,152.96,152.751,152.886,6472
1712822400,152.886,153.282,152.877,153.233,9082
1712836800,153.234,153.271,152.789,152.836,13346
1712851200,152.835,153.309,152.826,153.225,14654
1712865600,153.226,153.252,153.081,153.243,5732
1712880000,153.234,153.29,152.957,152.961,4350
1712894400,152.962,153.263,152.961,153.231,5429
1712908800,153.231,153.376,153.125,153.3,8223
1712923200,153.299,153.343,152.786,152.847,10402
1712937600,152.846,153.149,152.584,153.095,17208
1712952000,153.096,153.286,153.042,153.282,5528
1713139200,153.014,153.453,152.949,153.453,5620
1713153600,153.453,153.842,153.442,153.779,6509
1713168000,153.777,153.961,153.69,153.86,10638
1713182400,153.861,154.407,153.753,154.182,9485
1713196800,154.183,154.436,153.85,154.292,15833
1713211200,154.294,154.294,154.107,154.259,6501
1713225600,154.254,154.356,154.126,154.28,4471
1713240000,154.281,154.411,154.23,154.264,6008
1713254400,154.264,154.597,154.253,154.499,9824
1713268800,154.498,154.697,154.467,154.637,8472
1713283200,154.636,154.758,153.886,154.573,14234
1713297600,154.572,154.776,154.567,154.707,7836
1713312000,154.688,154.727,154.604,154.685,3591
1713326400,154.684,154.706,154.593,154.64,3781
1713340800,154.64,154.67,154.449,154.555,8382
1713355200,154.554,154.693,154.489,154.618,5898
1713369600,154.617,154.702,154.238,154.266,11754
1713384000,154.266,154.436,154.152,154.368,7597
1713398400,154.366,154.401,154.173,154.276,3600
1713412800,154.276,154.313,153.948,154.286,8032
1713427200,154.285,154.36,154.06,154.347,7723
1713441600,154.347,154.502,154.308,154.362,8854
1713456000,154.361,154.642,154.33,154.612,10709
1713470400,154.613,154.67,154.542,154.635,3288
1713484800,154.631,154.666,154.532,154.619,4128
1713499200,154.619,154.621,153.581,154.313,24877
1713513600,154.314,154.519,154.203,154.403,11969
1713528000,154.401,154.6,154.391,154.524,7856
1713542400,154.524,154.623,154.45,154.572,9930
1713556800,154.572,154.644,154.545,154.635,3408
1713744000,154.549,154.727,154.353,154.666,5357
1713758400,154.665,154.72,154.579,154.708,4728
1713772800,154.705,154.754,154.586,154.713,6385
1713787200,154.714,154.772,154.675,154.74,5283
1713801600,154.739,154.841,154.696,154.79,6052
1713816000,154.791,154.838,154.757,154.832,2403
1713830400,154.828,154.831,154.697,154.778,2783
1713844800,154.778,154.783,154.649,154.731,4340
1713859200,154.732,154.856,154.71,154.837,6195
1713873600,154.836,154.845,154.755,154.801,4973
1713888000,154.802,154.867,154.549,154.816,11865
1713902400,154.816,154.824,154.546,154.816,4658
1713916800,154.806,154.812,154.724,154.79,2707
1713931200,154.789,154.866,154.765,154.83,3775
1713945600,154.83,154.965,154.763,154.891,5409
1713960000,154.89,155.161,154.76,154.941,7538
1713974400,154.94,155.125,154.833,155.105,9400
1713988800,155.105,155.364,155.078,155.35,4658
1714003200,155.347,155.408,155.192,155.367,3028
1714017600,155.368,155.618,155.344,155.582,4520
1714032000,155.581,155.732,155.554,155.665,6606
1714046400,155.665,155.739,155.298,155.672,9394
1714060800,155.67,155.676,155.343,155.502,14569
1714075200,155.502,155.64,155.467,155.635,4916
1714089600,155.626,155.64,155.529,155.63,2974
1714104000,155.628,156.205,155.402,156.187,7698
1714118400,156.186,156.813,154.956,156.553,17084
1714132800,156.554,156.941,156.27,156.824,12896
1714147200,156.823,157.779,156.766,157.64,17235
1714161600,157.641,158.425,157.575,158.278,6837
1714348800,157.793,158.421,157.725,158.186,6889
1714363200,158.185,160.164,155.168,156.298,27973
1714377600,156.298,157.223,154.494,155.868,37868
1714392000,155.867,156.494,155.443,156.408,15850
1714406400,156.407,156.883,155.057,155.848,15625
1714420800,155.824,156.342,155.575,156.332,11294
1714435200,156.329,156.827,156.058,156.805,7406
1714449600,156.804,156.994,156.555,156.748,8050
1714464000,156.748,156.971,156.47,156.93,10756
1714478400,156.93,157.485,156.812,157.448,13884
1714492800,157.447,157.566,157.233,157.455,18888
1714507200,157.457,157.838,157.437,157.798,5464
1714521600,157.758,157.848,157.624,157.739,7190
1714536000,157.739,157.926,157.728,157.851,5583
1714550400,157.85,157.979,157.816,157.945,6148
1714564800,157.944,157.96,157.752,157.772,7095
1714579200,157.773,157.809,157.376,157.608,13610
1714593600,157.607,157.742,152.966,154.379,32004
1714608000,154.381,156.075,154.144,156.008,17244
1714622400,156.009,156.278,155.696,155.82,13504
1714636800,155.821,155.883,155.092,155.139,18751
1714651200,155.139,155.344,154.396,154.508,17035
1714665600,154.51,154.778,153.468,153.76,25902
1714680000,153.761,153.804,153.052,153.678,11172
1714694400,153.643,153.7,152.869,153.135,10550
1714708800,153.136,153.225,152.746,152.908,11028
1714723200,152.909,153.324,152.84,153.186,16584
1714737600,153.185,153.3,151.853,152.192,18704
1714752000,152.192,153.064,152.111,152.867,29524
1714766400,152.866,152.974,152.832,152.856,6276
1714953600,152.9,153.748,152.756,153.404,6532
1714968000,153.404,154.0,153.333,153.922,7435
1714982400,153.925,153.972,153.65,153.72,8573
1714996800,153.72,153.836,153.406,153.513,6499
1715011200,153.512,153.995,153.492,153.899,9345
1715025600,153.899,153.957,153.81,153.878,4549
1715040000,153.871,154.281,153.84,153.93,6124
1715054400,153.932,154.64,153.865,154.47,9148
1715068800,154.469,154.57,153.969,154.394,11242
1715083200,154.394,154.623,154.373,154.403,8550
1715097600,154.402,154.586,154.23,154.495,10797
1715112000,154.494,154.739,154.449,154.676,5894
1715126400,154.663,154.918,154.506,154.887,4511
1715140800,154.888,155.256,154.875,155.166,8795
1715155200,155.165,155.442,155.105,155.423,9610
1715169600,155.423,155.678,155.272,155.602,8705
1715184000,155.6,155.644,155.341,155.54,9517
1715198400,155.539,155.65,155.503,155.595,3583
1715212800,155.594,155.691,155.15,155.62,6361
1715227200,155.621,155.661,155.425,155.566,5750
1715241600,155.565,155.865,155.534,155.84,6304
1715256000,155.84,155.944,155.509,155.695,8840
1715270400,155.695,155.792,155.424,155.621,11751
1715284800,155.62,155.631,155.395,155.459,4615
1715299200,155.452,155.597,155.258,155.526,4292
1715313600,155.525,155.767,155.451,155.668,5103
1715328000,155.666,155.772,155.491,155.711,7807
1715342400,155.71,155.865,155.656,155.82,5955
1715356800,155.819,155.897,155.594,155.821,11215
1715371200,155.82,155.878,155.73,155.786,2848
1715558400,155.632,155.95,155.632,155.922,3109
1715572800,155.921,155.946,155.487,155.797,6981
1715587200,155.798,155.92,155.757,155.867,7114
1715601600,155.867,155.89,155.707,155.749,5124
1715616000,155.748,156.216,155.678,156.209,9503
1715630400,156.21,156.242,156.163,156.195,3112
1715644800,156.178,156.391,156.104,156.287,3944
1715659200,156.287,156.491,156.285,156.405,4227
1715673600,156.406,156.536,156.389,156.448,6079
1715688000,156.449,156.771,156.277,156.575,7740
1715702400,156.574,156.649,156.222,156.475,11348
1715716800,156.476,156.509,156.375,156.433,2659
1715731200,156.427,156.553,156.376,156.38,3487
1715745600,156.379,156.473,156.3,156.353,4489
1715760000,156.352,156.384,155.565,155.641,10409
1715774400,155.641,155.872,154.738,155.111,15483
1715788800,155.11,155.797,154.736,154.973,21941
1715803200,154.972,155.018,154.686,154.873,7440
1715817600,154.863,154.863,153.591,153.654,10308
1715832000,153.652,154.303,153.62,153.926,13464
1715846400,153.927,154.804,153.841,154.707,13672
1715860800,154.705,155.327,154.588,155.301,11185
1715875200,155.301,155.53,155.153,155.257,12974
1715889600,155.256,155.422,155.203,155.384,3842
1715904000,155.379,155.586,155.306,155.437,4277
1715918400,155.438,155.919,155.412,155.8,8242
1715932800,155.799,155.97,155.589,155.857,7531
1715947200,155.856,155.912,155.703,155.781,5928
1715961600,155.78,155.789,155.242,155.617,11026
1715976000,155.616,155.706,155.575,155.696,4326
1716163200,155.545,155.871,155.489,155.863,4250
1716177600,155.863,155.929,155.658,155.758,5326
1716192000,155.762,155.794,155.488,155.676,7033
1716206400,155.674,156.222,155.627,156.145,6796
1716220800,156.149,156.177,155.99,156.1,7603
1716235200,156.099,156.296,156.04,156.258,2790
1716249600,156.232,156.459,156.146,156.417,3652
1716264000,156.419,156.539,156.388,156.442,5968
1716278400,156.441,156.465,156.024,156.251,9708
1716292800,156.25,156.386,156.077,156.233,7625
1716307200,156.233,156.427,155.836,156.115,12469
1716321600,156.113,156.245,156.098,156.183,3341
1716336000,156.181,156.282,156.072,156.263,3491
1716350400,156.264,156.381,156.199,156.345,4685
1716364800,156.344,156.5,156.275,156.47,6397
1716379200,156.469,156.607,156.386,156.537,7250
1716393600,156.536,156.548,156.339,156.481,9642
1716408000,156.482,156.794,156.438,156.793,4830
1716422400,156.785,156.822,156.645,156.791,3851
1716436800,156.791,156.895,156.635,156.711,4963
1716451200,156.712,156.784,156.547,156.749,7641
1716465600,156.749,156.776,156.519,156.746,7234
1716480000,156.744,157.186,156.533,157.041,15934
1716494400,157.041,157.058,156.821,156.94,5310
1716508800,156.929,157.127,156.869,157.028,4809
1716523200,157.027,157.137,156.987,157.072,3976
1716537600,157.071,157.108,156.989,157.017,5029
1716552000,157.02,157.114,156.926,157.068,5663
1716566400,157.065,157.12,156.813,156.907,8182
1716580800,156.907,156.987,156.873,156.951,2956
1716768000,156.903,156.936,156.747,156.823,3433
1716782400,156.825,156.839,156.656,156.762,4266
1716796800,156.762,156.949,156.719,156.939,3917
1716811200,156.938,156.943,156.811,156.813,3452
1716825600,156.812,156.907,156.696,156.892,3354
1716840000,156.893,156.904,156.832,156.9,1131
1716854400,156.885,156.94,156.773,156.887,2873
1716868800,156.889,156.918,156.612,156.68,4499
1716883200,156.678,156.947,156.65,156.864,5960
1716897600,156.863,156.986,156.647,156.67,6671
1716912000,156.67,156.989,156.572,156.959,8880
1716926400,156.958,157.19,156.956,157.181,4330
1716940800,157.165,157.402,157.106,157.366,3023
1716955200,157.367,157.38,157.197,157.248,5038
1716969600,157.247,157.262,156.886,157.093,8478
1716984000,157.092,157.286,157.087,157.189,6556
1716998400,157.186,157.698,157.157,157.676,9328
1717012800,157.675,157.7,157.616,157.675,3617
1717027200,157.657,157.659,157.296,157.358,4501
1717041600,157.36,157.448,157.118,157.175,6472
1717056000,157.175,157.217,156.527,156.939,13260
1717070400,156.938,157.08,156.558,156.639,9764
1717084800,156.639,156.836,156.365,156.69,12305
1717099200,156.689,156.866,156.658,156.798,2955
1717113600,156.794,157.017,156.596,156.732,4780
1717128000,156.732,156.912,156.566,156.696,9322
1717142400,156.695,157.327,156.684,157.291,9815
1717156800,157.29,157.356,156.739,156.85,9732
1717171200,156.851,157.27,156.551,157.172,16220
1717185600,157.173,157.339,157.164,157.248,4868
1717372800,157.131,157.323,157.042,157.081,3952
1717387200,157.08,157.467,156.988,157.404,5448
1717401600,157.403,157.453,156.998,157.05,6748
1717416000,157.048,157.138,156.633,156.773,7893
1717430400,156.774,156.828,155.941,156.06,14344
1717444800,156.061,156.278,156.031,156.055,5162
1717459200,156.05,156.399,155.975,156.379,4799
1717473600,156.38,156.478,156.244,156.29,5867
1717488000,156.291,156.296,155.206,155.294,15157
1717502400,155.293,155.365,154.696,155.115,19044
1717516800,155.113,155.241,154.538,154.776,19759
1717531200,154.776,154.89,154.54,154.871,5981
1717545600,154.851,155.426,154.737,155.216,6186
1717560000,155.217,155.605,155.212,155.576,7595
1717574400,155.575,156.292,155.53,156.24,10775
1717588800,156.239,156.296,155.914,156.088,9764
1717603200,156.087,156.476,155.711,156.116,18277
1717617600,156.115,156.151,156.061,156.123,3860
1717632000,156.105,156.105,155.587,155.643,4974
1717646400,155.644,155.938,155.344,155.727,9309
1717660800,155.726,156.372,155.703,156.153,10177
1717675200,156.152,156.334,155.864,156.275,10247
1717689600,156.274,156.435,155.765,155.791,15059
1717704000,155.792,155.86,155.466,155.64,5551
1717718400,155.62,155.841,155.522,155.766,4084
1717732800,155.762,155.927,155.487,155.571,5717
1717747200,155.57,155.692,155.113,155.348,11744
1717761600,155.348,156.869,155.325,156.77,12083
1717776000,156.769,157.068,156.416,156.657,18433
1717790400,156.656,156.754,156.558,156.747,4765
1717977600,156.654,156.96,156.584,156.831,5668
1717992000,156.828,157.185,156.765,157.116,6983
1718006400,157.116,157.174,156.869,156.95,8902
1718020800,156.951,156.998,156.737,156.969,8431
1718035200,156.97,156.993,156.809,156.986,7378
1718049600,156.986,157.088,156.945,157.025,3608
1718064000,157.017,157.257,156.913,157.209,4254
1718078400,157.207,157.325,157.121,157.257,4614
1718092800,157.258,157.384,157.148,157.211,5848
1718107200,157.211,157.28,156.796,156.88,10923
1718121600,156.879,157.392,156.879,157.373,10436
1718136000,157.372,157.373,156.927,157.116,5123
1718150400,157.093,157.211,157.046,157.174,3428
1718164800,157.175,157.245,157.037,157.234,4488
1718179200,157.233,157.347,157.181,157.294,4904
1718193600,157.294,157.363,156.056,156.15,9386
1718208000,156.149,156.164,155.707,155.79,18708
1718222400,155.79,156.89,155.752,156.717,16571
1718236800,156.706,156.9,156.563,156.783,5282
1718251200,156.783,157.048,156.687,157.037,6042
1718265600,157.036,157.303,157.036,157.249,7825
1718280000,157.25,157.276,156.568,157.017,10614
1718294400,157.018,157.26,156.685,156.84,16222
1718308800,156.839,157.091,156.716,157.028,5737
1718323200,157.019,157.23,156.96,157.196,4103
1718337600,157.198,157.968,156.802,157.937,9899
1718352000,157.936,158.249,157.261,157.485,19202
1718366400,157.483,157.519,156.875,157.241,22720
1718380800,157.24,157.487,157.025,157.307,16673
1718395200,157.306,157.432,157.217,157.38,4280
1718582400,157.334,157.654,157.218,157.447,5977
1718596800,157.446,157.521,157.321,157.373,4174
1718611200,157.376,157.679,157.149,157.643,10279
1718625600,157.642,157.934,157.537,157.887,7704
1718640000,157.887,157.951,157.72,157.778,8090
1718654400,157.778,157.782,157.672,157.708,2992
1718668800,157.692,157.724,157.599,157.674,3047
1718683200,157.673,157.727,157.509,157.707,5197
1718697600,157.707,158.221,157.658,158.142,7490
1718712000,158.143,158.149,157.62,157.826,9150
1718726400,157.825,157.997,157.657,157.704,12227
1718740800,157.703,157.889,157.634,157.826,5125
1718755200,157.824,157.917,157.785,157.873,2370
1718769600,157.874,157.883,157.717,157.844,3598
1718784000,157.844,157.855,157.597,157.792,5353
1718798400,157.791,157.942,157.784,157.874,3802
1718812800,157.874,157.938,157.859,157.926,2284
1718827200,157.925,158.115,157.912,158.058,1401
1718841600,158.041,158.083,157.914,158.024,3045
1718856000,158.024,158.148,157.97,158.138,3565
1718870400,158.137,158.459,158.046,158.43,7876
1718884800,158.43,158.54,158.23,158.538,7259
1718899200,158.537,158.902,158.489,158.854,8010
1718913600,158.853,158.926,158.688,158.917,3606
1718928000,158.919,159.119,158.811,159.096,3234
1718942400,159.097,159.107,158.817,158.878,4393
1718956800,158.877,158.993,158.661,158.822,8072
1718971200,158.821,159.01,158.773,158.921,5928
1718985600,158.92,159.621,158.903,159.471,12187
1719000000,159.47,159.809,159.444,159.809,4000
1719187200,159.741,159.919,159.588,159.79,4196
1719201600,159.79,159.822,159.612,159.746,5458
1719216000,159.745,159.809,159.641,159.779,6051
1719230400,159.78,159.799,158.709,159.383,12042
1719244800,159.385,159.749,159.316,159.724,9454
1719259200,159.723,159.728,159.532,159.574,3609
1719273600,159.563,159.697,159.327,159.385,4464
1719288000,159.388,159.498,159.179,159.421,7542
1719302400,159.42,159.542,159.266,159.469,7169
1719316800,159.47,159.661,159.283,159.656,6479
1719331200,159.657,159.748,159.558,159.737,7831
1719345600,159.738,159.738,159.596,159.659,3508
1719360000,159.658,159.752,159.604,159.71,3184
1719374400,159.709,159.894,159.687,159.743,4509
1719388800,159.744,159.962,159.741,159.949,5075
1719403200,159.95,160.384,159.854,160.343,12244
1719417600,160.342,160.813,160.004,160.63,15326
1719432000,160.629,160.851,160.584,160.841,4500
1719446400,160.816,160.816,160.487,160.682,4209
1719460800,160.685,160.709,160.295,160.327,6103
1719475200,160.328,160.598,160.301,160.546,6576
1719489600,160.545,160.563,160.274,160.392,7443
1719504000,160.391,160.728,160.349,160.706,9170
1719518400,160.705,160.814,160.661,160.764,3370
1719532800,160.748,161.135,160.623,161.115,3808
1719547200,161.114,161.269,160.832,161.034,11419
1719561600,161.031,161.05,160.826,160.903,9480
1719576000,160.905,160.912,160.353,160.503,11235
1719590400,160.504,160.957,160.255,160.844,16737
1719604800,160.842,160.93,160.697,160.882,5305
1719792000,160.707,161.179,160.707,160.988,6002
1719806400,160.989,161.075,160.83,161.066,6467
1719820800,161.065,161.114,160.86,161.002,8343
1719835200,161.003,161.383,160.962,161.351,5172
1719849600,161.349,161.718,160.939,161.512,12585
1719864000,161.513,161.557,161.397,161.467,4204
1719878400,161.443,161.633,161.363,161.516,3145
1719892800,161.517,161.737,161.45,161.669,5607
1719907200,161.671,161.719,161.548,161.581,6206
1719921600,161.582,161.681,161.473,161.504,4592
1719936000,161.505,161.614,161.259,161.568,10166
1719950400,161.569,161.579,161.409,161.411,2419
1719964800,161.408,161.573,161.385,161.556,3172
1719979200,161.555,161.732,161.513,161.707,3336
1719993600,161.706,161.93,161.667,161.838,7697
1720008000,161.838,161.942,161.785,161.814,5473
1720022400,161.813,161.822,160.762,161.528,17448
1720036800,161.529,161.74,161.461,161.694,3157
1720051200,161.669,161.669,161.364,161.432,3582
1720065600,161.432,161.566,161.131,161.49,5439
1720080000,161.491,161.544,161.184,161.238,5771
1720094400,161.237,161.301,160.937,161.13,5739
1720108800,161.13,161.186,160.954,161.127,3530
1720123200,161.126,161.265,161.106,161.257,2216
1720137600,161.252,161.389,160.813,161.066,5430
1720152000,161.065,161.135,160.52,160.636,9262
1720166400,160.635,160.845,160.563,160.729,6392
1720180800,160.729,161.147,160.322,160.935,10276
1720195200,160.934,161.324,160.622,160.88,18150
1720209600,160.877,160.904,160.702,160.792,4166
1720396800,160.704,160.803,160.554,160.604,5171
1720411200,160.604,160.707,160.255,160.531,8835
1720425600,160.53,161.111,160.521,161.084,8211
1720440000,161.083,161.093,160.657,160.682,6439
1720454400,160.683,160.807,160.466,160.722,9774
1720468800,160.722,160.825,160.681,160.811,2675
1720483200,160.803,160.913,160.722,160.886,3036
1720497600,160.885,161.123,160.848,160.951,5756
1720512000,160.95,161.069,160.732,161.044,6015
1720526400,161.045,161.17,160.951,161.128,5273
1720540800,161.124,161.509,160.882,161.315,13242
1720555200,161.314,161.332,161.222,161.279,3582
1720569600,161.275,161.501,161.249,161.457,2902
1720584000,161.456,161.58,161.397,161.435,4209
1720598400,161.435,161.551,161.332,161.504,5687
1720612800,161.504,161.604,161.422,161.44,4801
1720627200,161.439,161.746,161.42,161.682,7305
1720641600,161.681,161.796,161.64,161.693,2963
1720656000,161.688,161.688,161.466,161.557,2873
1720670400,161.556,161.686,161.528,161.678,3927
1720684800,161.679,161.75,161.494,161.522,4918
1720699200,161.521,161.612,158.321,158.626,10800
1720713600,158.617,158.957,157.403,158.561,24858
1720728000,158.558,158.901,158.545,158.872,8229
1720742400,158.861,159.438,157.733,159.072,17129
1720756800,159.071,159.375,158.743,159.104,12904
1720771200,159.104,159.311,158.862,159.094,12164
1720785600,159.095,159.247,158.502,158.802,12924
1720800000,158.793,158.834,157.353,157.868,20139
1720814400,157.867,158.007,157.788,157.871,4188
1721001600,158.086,158.414,157.971,158.103,6371
1721016000,158.104,158.23,157.905,157.986,6326
1721030400,157.987,158.232,157.777,157.811,8859
1721044800,157.81,158.163,157.744,157.951,7509
1721059200,157.951,158.058,157.148,157.706,10613
1721073600,157.706,158.139,157.706,158.106,5757
1721088000,158.086,158.386,157.975,158.357,4215
1721102400,158.357,158.72,158.346,158.629,6140
1721116800,158.63,158.779,158.349,158.463,7899
1721131200,158.463,158.849,158.249,158.748,7751
1721145600,158.749,158.798,158.508,158.536,9101
1721160000,158.534,158.546,158.314,158.364,4342
1721174400,158.338,158.527,158.267,158.48,4572
1721188800,158.479,158.617,158.213,158.214,5162
1721203200,158.211,158.227,156.093,156.234,21034
1721217600,156.234,156.784,156.1,156.554,18579
1721232000,156.553,156.629,156.142,156.287,18127
1721246400,156.29,156.479,156.055,156.257,7056
1721260800,156.23,156.259,155.36,155.729,13914
1721275200,155.728,156.562,155.715,156.333,11444
1721289600,156.332,156.578,155.783,156.456,16774
1721304000,156.457,156.57,156.174,156.422,10454
1721318400,156.424,157.149,156.311,157.14,14807
1721332800,157.142,157.391,157.086,157.365,4575
1721347200,157.36,157.411,157.058,157.206,6634
1721361600,157.205,157.522,157.192,157.47,7362
1721376000,157.468,157.853,156.949,157.251,15602
1721390400,157.252,157.686,157.14,157.666,8356
1721404800,157.666,157.69,157.259,157.406,12213
1721419200,157.405,157.518,157.346,157.501,2835
1721606400,157.286,157.491,157.15,157.417,5246
1721620800,157.418,157.604,157.343,157.435,5956
1721635200,157.434,157.434,156.278,156.791,19063
1721649600,156.788,157.079,156.55,156.788,11790
1721664000,156.785,157.139,156.688,157.068,10560
1721678400,157.066,157.163,157.027,157.064,2611
1721692800,157.04,157.093,156.639,156.649,5785
1721707200,156.651,156.842,156.192,156.298,11743
1721721600,156.299,156.627,155.817,156.002,15797
1721736000,156.002,156.257,155.815,156.02,10987
1721750400,156.021,156.2,155.687,155.779,10730
1721764800,155.777,155.797,155.554,155.614,5313
1721779200,155.609,155.981,155.52,155.818,4906
1721793600,155.819,155.867,154.536,154.602,17514
1721808000,154.601,154.937,154.35,154.852,16871
1721822400,154.853,154.925,153.749,153.797,14263
1721836800,153.799,153.989,153.097,153.462,22807
1721851200,153.462,154.089,153.439,153.939,6817
1721865600,153.917,153.96,152.828,153.236,11512
1721880000,153.241,153.338,152.222,152.611,16878
1721894400,152.61,152.963,151.934,152.697,22697
1721908800,152.698,153.726,152.086,153.513,19317
1721923200,153.512,154.31,153.222,154.019,24728
1721937600,154.019,154.043,153.74,154.023,10663
1721952000,153.993,154.132,153.369,153.911,10462
1721966400,153.91,154.08,153.424,153.669,11058
1721980800,153.668,154.422,153.491,154.291,16351
1721995200,154.291,154.728,154.018,154.21,16734
1722009600,154.211,154.213,153.066,153.778,20677
1722024000,153.777,153.864,153.667,153.745,4734
1722211200,153.642,154.344,153.516,153.651,10568
1722225600,153.645,153.825,153.008,153.406,16621
1722240000,153.405,153.909,153.134,153.681,18591
1722254400,153.679,154.023,153.581,153.878,14068
1722268800,153.877,154.198,153.722,153.935,16136
1722283200,153.936,154.046,153.883,154.026,4431
1722297600,154.023,154.061,153.61,153.953,6781
1722312000,153.954,154.431,153.841,154.429,10059
1722326400,154.429,155.207,154.415,154.656,16467
1722340800,154.655,155.013,154.655,154.932,8534
1722355200,154.934,154.937,153.131,153.23,26886
1722369600,153.229,153.432,152.672,152.675,11710
1722384000,152.682,153.13,152.099,152.368,14757
1722398400,152.371,153.887,151.565,152.545,19007
1722412800,152.544,153.159,150.045,150.91,29501
1722427200,150.914,150.937,149.758,150.323,25269
1722441600,150.324,150.664,149.624,150.551,27028
1722456000,150.552,151.25,149.603,150.027,24866
1722470400,150.006,150.315,149.332,149.429,13032
1722484800,149.429,149.784,148.504,149.673,25562
1722499200,149.674,150.326,149.419,149.684,28871
1722513600,149.69,150.854,149.602,150.851,21974
1722528000,150.85,150.88,149.673,149.887,30605
1722542400,149.886,149.935,149.351,149.352,15235
1722556800,149.342,149.431,148.865,149.373,14298
1722571200,149.373,149.772,149.223,149.251,17853
1722585600,149.249,149.365,148.616,149.065,25121
1722600000,149.062,149.114,147.01,147.429,21234
1722614400,147.437,148.153,146.407,146.836,43651
1722628800,146.838,146.948,146.429,146.562,15811
1722816000,146.415,146.55,145.167,145.509,20409
1722830400,145.506,145.585,142.161,143.162,31410
1722844800,143.143,143.978,141.675,142.38,36699
1722859200,142.392,142.954,141.737,142.239,29384
1722873600,142.24,144.871,142.092,144.177,36682
1722888000,144.175,144.596,143.38,144.173,18400
1722902400,144.161,146.362,143.602,145.03,19197
1722916800,145.034,145.902,144.299,145.504,22388
1722931200,145.506,146.277,144.462,144.911,33275
1722945600,144.907,145.451,144.343,144.594,31387
1722960000,144.593,145.412,144.041,145.364,32801
1722974400,145.365,145.38,144.356,144.402,15548
1722988800,144.365,145.247,144.251,144.722,14507
1723003200,144.723,147.893,144.552,147.607,23348
1723017600,147.606,147.805,146.077,147.192,31684
1723032000,147.193,147.626,146.861,146.988,24566
1723046400,146.986,147.678,146.644,147.173,27199
1723060800,147.172,147.389,146.673,146.756,20972
1723075200,146.731,146.768,145.419,145.998,19894
1723089600,145.996,146.865,145.902,146.123,27002
1723104000,146.123,146.391,145.622,146.188,31129
1723118400,146.185,147.283,145.934,147.058,27627
1723132800,147.057,147.537,146.913,147.234,25878
1723147200,147.234,147.425,147.085,147.261,11741
1723161600,147.239,147.809,147.145,147.476,14640
1723176000,147.478,147.609,146.808,146.879,18387
1723190400,146.878,147.312,146.708,147.196,24102
1723204800,147.199,147.28,146.501,146.77,21423
1723219200,146.773,146.782,146.26,146.603,22796
1723233600,146.602,146.754,146.55,146.644,8542
1723420800,146.493,147.118,146.481,146.846,8459
1723435200,146.848,147.213,146.694,147.116,10373
1723449600,147.115,147.435,147.081,147.353,14936
1723464000,147.352,147.725,147.199,147.708,10814
1723478400,147.707,148.213,147.234,147.347,23021
1723492800,147.346,147.346,147.035,147.205,11235
1723507200,147.194,147.294,146.908,147.257,9696
1723521600,147.257,147.787,147.223,147.706,12546
1723536000,147.707,147.938,147.544,147.835,14529
1723550400,147.833,147.912,147.025,147.397,16540
1723564800,147.396,147.461,146.697,146.726,22931
1723579200,146.726,146.9,146.589,146.823,8907
1723593600,146.792,147.137,146.696,147.085,8071
1723608000,147.084,147.177,146.065,146.858,19029
1723622400,146.858,147.495,146.766,147.106,17013
1723636800,147.107,147.571,146.484,147.302,14066
1723651200,147.303,147.431,146.567,146.938,23000
1723665600,146.937,147.432,146.925,147.316,6345
1723680000,147.303,147.397,147.141,147.22,6405
1723694400,147.219,147.601,147.191,147.261,11545
1723708800,147.261,147.384,147.047,147.328,10833
1723723200,147.327,149.149,147.174,148.95,13781
1723737600,148.949,149.316,148.772,149.036,22623
1723752000,149.034,149.356,148.951,149.356,5419
1723766400,149.354,149.354,148.899,149.148,7788
1723780800,149.146,149.219,148.733,148.855,10719
1723795200,148.855,149.086,148.648,148.704,11398
1723809600,148.705,148.756,147.598,147.674,15995
1723824000,147.675,148.261,147.615,147.995,18981
1723838400,147.994,148.0,147.564,147.594,6093
1724025600,147.502,148.043,147.502,147.81,7639
1724040000,147.81,147.871,145.855,146.181,17205
1724054400,146.183,146.288,145.178,146.07,24506
1724068800,146.07,146.512,145.925,146.21,15775
1724083200,146.209,146.702,146.183,146.493,18624
1724097600,146.493,146.685,146.452,146.629,5683
1724112000,146.612,146.858,146.172,146.336,8566
1724126400,146.336,147.152,145.839,146.922,16922
1724140800,146.921,147.334,146.225,146.513,19230
1724155200,146.514,146.548,146.118,146.158,14064
1724169600,146.162,146.285,145.365,145.39,19928
1724184000,145.387,145.526,145.192,145.274,5816
1724198400,145.271,145.544,144.921,145.442,11599
1724212800,145.442,145.751,145.246,145.666,15067
1724227200,145.665,146.216,145.51,146.024,17059
1724241600,146.024,146.215,145.726,145.77,14062
1724256000,145.769,146.875,145.023,145.184,30087
1724270400,145.185,145.282,144.445,145.265,12427
1724284800,145.207,145.429,144.843,145.327,9231
1724299200,145.326,145.632,144.976,145.123,13724
1724313600,145.125,145.663,145.005,145.627,16154
1724328000,145.628,146.339,145.551,146.042,15641
1724342400,146.041,146.519,145.814,146.321,23963
1724356800,146.317,146.482,146.168,146.286,9581
1724371200,146.277,146.329,145.874,146.065,9084
1724385600,146.065,146.124,145.286,145.763,17082
1724400000,145.763,146.019,145.282,145.925,16031
1724414400,145.924,146.167,145.92,145.978,12851
1724428800,145.983,146.473,144.594,144.84,31330
1724443200,144.835,144.844,144.04,144.365,11799
1724630400,144.139,144.329,143.438,143.704,16831
1724644800,143.703,144.084,143.439,144.032,19651
1724659200,144.033,144.206,143.591,143.857,17276
1724673600,143.856,144.358,143.817,143.926,14747
1724688000,143.927,144.597,143.849,144.452,20143
1724702400,144.453,144.645,144.311,144.511,6757
1724716800,144.512,144.853,144.225,144.836,7258
1724731200,144.837,144.962,144.597,144.63,11407
1724745600,144.63,145.167,144.567,145.056,16615
1724760000,145.055,145.066,144.326,144.379,15574
1724774400,144.378,144.495,144.093,144.128,18667
1724788800,144.128,144.158,143.909,143.938,7053
1724803200,143.93,144.238,143.678,144.104,8724
1724817600,144.105,144.532,144.082,144.346,12148
1724832000,144.347,144.595,144.283,144.341,14004
1724846400,144.341,144.77,144.054,144.7,13095
1724860800,144.699,145.031,144.341,144.735,19689
1724875200,144.732,144.803,144.409,144.595,9934
1724889600,144.574,144.59,144.214,144.418,9544
1724904000,144.419,144.706,144.338,144.666,11134
1724918400,144.665,144.855,144.454,144.682,16646
1724932800,144.681,145.414,144.435,145.395,16807
1724947200,145.389,145.544,144.897,144.992,21409
1724961600,144.994,145.014,144.721,144.982,10600
1724976000,144.954,145.064,144.646,144.712,7086
1724990400,144.712,144.876,144.678,144.839,9302
1725004800,144.838,145.122,144.783,145.111,9623
1725019200,145.112,145.739,145.015,145.628,12699
1725033600,145.628,146.238,145.309,146.216,22035
1725048000,146.216,146.236,146.042,146.193,7738
1725235200,146.02,146.589,145.958,146.182,8798
1725249600,146.182,146.272,145.768,145.927,11663
1725264000,145.926,146.838,145.92,146.695,13186
1725278400,146.695,146.982,146.592,146.973,7566
1725292800,146.972,147.167,146.8,146.81,6993
1725307200,146.817,146.904,146.813,146.873,1210
1725321600,146.853,147.2,146.66,147.118,6847
1725336000,147.117,147.139,146.387,146.526,15216
1725350400,146.527,146.585,145.6,145.807,19582
1725364800,145.797,146.278,145.784,145.875,11913
1725379200,145.876,145.916,145.066,145.759,25330
1725393600,145.758,145.9,145.457,145.462,8072
1725408000,145.459,145.546,144.883,145.166,12564
1725422400,145.166,145.539,145.137,145.243,15825
1725436800,145.242,145.308,144.748,145.198,19715
1725451200,145.199,145.26,144.854,145.065,14086
1725465600,145.063,145.139,143.993,144.041,28652
1725480000,144.042,144.118,143.703,143.703,11975
1725494400,143.693,143.794,143.178,143.712,11485
1725508800,143.713,143.896,143.426,143.568,15332
1725523200,143.567,143.739,143.039,143.573,20163
1725537600,143.567,143.638,142.839,143.093,17092
1725552000,143.092,144.221,143.029,143.426,27711
1725566400,143.425,143.5,143.188,143.43,10967
1725580800,143.411,143.469,143.145,143.173,7107
1725595200,143.171,143.356,142.881,142.987,10005
1725609600,142.988,143.0,142.045,142.605,21821
1725624000,142.606,144.022,141.975,142.979,18170
1725638400,142.981,143.885,141.76,142.434,43963
1725652800,142.435,142.682,142.227,142.307,16035
1725840000,142.181,142.734,141.941,142.69,12705
1725854400,142.691,143.084,142.605,142.966,16515
1725868800,142.965,143.425,142.767,143.371,20287
1725883200,143.371,143.787,143.087,143.225,15782
1725897600,143.221,143.223,142.646,142.875,23178
1725912000,142.873,143.148,142.708,143.139,9773
1725926400,143.126,143.477,142.85,143.463,8677
1725940800,143.462,143.537,143.044,143.074,11253
1725955200,143.073,143.698,143.027,143.502,15603
1725969600,143.505,143.511,142.748,142.854,16036
1725984000,142.855,143.105,142.187,142.457,24490
1725998400,142.456,142.562,142.218,142.471,10110
1726012800,142.443,142.462,142.013,142.28,7692
1726027200,142.282,142.416,140.878,141.081,21163
1726041600,141.08,141.689,140.698,141.526,22640
1726056000,141.526,142.54,141.283,142.284,20387
1726070400,142.289,142.485,141.24,141.94,34767
1726084800,141.942,142.448,141.892,142.359,14387
1726099200,142.34,142.94,142.223,142.675,8009
1726113600,142.676,142.836,142.249,142.78,16596
1726128000,142.779,143.036,142.459,142.575,19490
1726142400,142.577,142.767,141.954,142.094,18355
1726156800,142.093,142.655,141.902,142.51,29701
1726171200,142.51,142.557,141.718,141.795,18334
1726185600,141.785,141.862,141.155,141.19,10231
1726200000,141.189,141.286,140.638,140.946,16702
1726214400,140.947,141.408,140.4,140.693,21681
1726228800,140.687,141.012,140.354,140.72,19846
1726243200,140.719,140.934,140.272,140.804,25793
1726257600,140.804,141.0,140.764,140.875,9561
1726444800,140.699,140.891,140.415,140.518,8217
1726459200,140.517,140.577,139.94,140.209,12936
1726473600,140.21,140.28,139.571,139.843,18399
1726488000,139.843,140.434,139.746,140.23,18408
1726502400,140.23,140.902,140.202,140.632,22299
1726516800,140.632,140.875,140.567,140.567,7266
1726531200,140.568,141.233,140.467,140.656,9227
1726545600,140.656,140.745,140.313,140.671,13993
1726560000,140.67,140.797,140.342,140.562,15487
1726574400,140.561,141.12,140.465,140.964,15519
1726588800,140.962,141.986,140.864,141.727,26493
1726603200,141.726,142.456,141.713,142.397,14196
1726617600,142.386,142.386,141.535,141.641,9157
1726632000,141.64,141.752,141.216,141.312,13465
1726646400,141.313,141.987,141.273,141.704,15302
1726660800,141.705,142.051,141.542,141.916,12982
1726675200,141.915,142.058,141.669,141.875,18560
1726689600,141.876,142.703,140.432,142.282,30258
1726704000,142.267,143.582,141.874,143.479,14616
1726718400,143.483,143.935,142.942,143.168,22769
1726732800,143.167,143.191,142.032,142.784,24124
1726747200,142.782,143.752,142.678,143.749,24149
1726761600,143.748,143.757,142.723,143.029,27403
1726776000,143.029,143.108,142.52,142.591,11663
1726790400,142.582,142.917,142.4,142.4,8618
1726804800,142.398,142.771,141.942,142.177,18548
1726819200,142.177,143.871,141.73,143.8,26484
1726833600,143.799,144.419,143.569,143.661,19869
1726848000,143.66,144.486,143.46,143.746,28430
1726862400,143.746,144.144,143.712,143.899,12208
1727049600,143.813,144.251,143.678,144.114,9299
1727064000,144.119,144.451,144.119,144.248,10899
1727078400,144.248,144.313,143.428,143.581,21702
1727092800,143.58,143.869,143.157,143.766,17912
1727107200,143.765,144.336,143.307,143.337,26575
1727121600,143.336,143.634,143.245,143.61,9272
1727136000,143.566,143.773,143.401,143.545,8832
1727150400,143.544,143.933,143.367,143.833,16356
1727164800,143.837,144.671,143.829,144.281,20656
1727179200,144.281,144.469,143.774,143.959,17301
1727193600,143.959,144.202,143.394,143.452,23582
1727208000,143.451,143.699,143.106,143.148,8611
1727222400,143.14,143.301,142.891,143.168,8968
1727236800,143.167,143.487,143.09,143.247,14427
1727251200,143.248,144.056,143.172,143.928,16907
1727265600,143.929,144.433,143.897,144.191,14936
1727280000,144.192,144.596,143.854,144.528,21435
1727294400,144.526,144.831,144.477,144.749,9144
1727308800,144.729,144.756,144.435,144.488,7939
1727323200,144.486,145.028,144.466,144.683,11662
1727337600,144.684,145.189,144.608,144.818,19408
1727352000,144.817,144.962,144.101,144.555,18494
1727366400,144.559,145.201,144.303,144.847,26030
1727380800,144.847,144.885,144.501,144.854,11149
1727395200,144.853,145.465,144.688,145.453,9496
1727409600,145.453,145.792,144.958,145.787,16614
1727424000,145.786,146.482,142.764,143.135,34162
1727438400,143.134,143.486,142.492,142.511,23176
1727452800,142.511,143.081,142.375,142.501,27357
1727467200,142.5,142.594,142.059,142.256,13058
1727654400,142.161,142.943,142.092,142.68,11800
1727668800,142.679,142.835,142.073,142.115,14909
1727683200,142.114,142.571,141.636,142.525,20935
1727697600,142.527,142.989,142.398,142.936,14848
1727712000,142.94,143.359,142.738,143.109,23985
1727726400,143.108,143.906,142.917,143.653,16571
1727740800,143.644,144.112,143.363,143.956,8791
1727755200,143.956,144.388,143.652,144.269,13187
1727769600,144.268,144.521,143.691,143.798,23036
1727784000,143.799,144.06,143.553,144.032,18578
1727798400,144.031,144.062,142.962,143.629,32356
1727812800,143.626,143.908,143.316,143.53,15333
1727827200,143.526,143.877,143.417,143.81,7757
1727841600,143.809,144.179,143.553,143.724,13769
1727856000,143.724,144.317,143.522,144.315,20580
1727870400,144.315,145.436,144.066,145.36,20225
1727884800,145.362,146.258,145.29,146.022,23736
1727899200,146.02,146.496,145.959,146.464,7927
1727913600,146.46,147.05,146.275,146.978,10610
1727928000,146.981,147.232,146.669,146.715,13453
1727942400,146.714,146.849,146.294,146.743,19489
1727956800,146.742,146.984,146.467,146.767,17022
1727971200,146.766,147.17,146.463,146.708,25282
1727985600,146.708,146.957,146.57,146.948,8112
1728000000,146.944,146.944,146.607,146.638,6230
1728014400,146.636,146.669,146.148,146.222,11357
1728028800,146.222,146.403,145.912,146.329,15938
1728043200,146.33,148.685,146.33,148.633,16305
1728057600,148.634,148.996,148.303,148.93,26960
1728072000,148.928,148.944,148.635,148.637,9069
1728259200,148.689,149.113,148.349,148.416,11605
1728273600,148.414,148.641,148.211,148.529,14615
1728288000,148.528,148.607,148.054,148.312,19690
1728302400,148.31,148.676,148.019,148.157,19927
1728316800,148.158,148.267,147.836,147.997,21292
1728331200,147.996,148.198,147.877,148.179,8821
1728345600,148.168,148.185,147.574,147.815,9613
1728360000,147.816,148.096,147.503,148.071,16762
1728374400,148.072,148.153,147.334,147.831,20888
1728388800,147.832,148.169,147.714,148.029,15896
1728403200,148.029,148.353,147.946,148.143,17861
1728417600,148.144,148.371,148.144,148.198,7223
1728432000,148.187,148.304,148.004,148.217,5033
1728446400,148.217,148.423,148.068,148.328,10654
1728460800,148.33,148.723,148.257,148.712,15895
1728475200,148.712,148.906,148.5,148.899,11458
1728489600,148.9,149.288,148.807,149.229,14242
1728504000,149.23,149.356,149.149,149.292,7422
1728518400,149.275,149.29,148.994,149.206,5810
1728532800,149.205,149.537,149.057,149.393,8384
1728547200,149.392,149.464,148.897,149.061,13621
1728561600,149.061,149.539,148.209,148.595,16418
1728576000,148.594,148.953,148.341,148.912,27289
1728590400,148.911,149.07,148.489,148.557,10249
1728604800,148.547,148.755,148.408,148.453,6358
1728619200,148.451,148.79,148.395,148.705,8990
1728633600,148.704,148.847,148.595,148.728,10586
1728648000,148.729,149.253,148.719,149.054,11723
1728662400,149.055,149.276,148.966,148.997,14531
1728676800,148.995,149.164,148.949,149.125,3990
1728864000,148.988,149.375,148.988,149.21,4596
1728878400,149.209,149.343,149.137,149.282,5637
1728892800,149.281,149.46,149.161,149.413,7259
1728907200,149.413,149.789,149.339,149.732,7846
1728921600,149.733,149.95,149.686,149.926,9140
1728936000,149.927,149.967,149.703,149.731,4376
1728950400,149.727,149.827,149.518,149.569,5700
1728964800,149.569,149.749,149.436,149.668,6893
1728979200,149.669,149.691,149.028,149.146,14164
1728993600,149.15,149.41,148.841,149.076,12631
1729008000,149.077,149.472,148.929,149.441,17725
1729022400,149.441,149.534,149.158,149.184,7348
1729036800,149.184,149.327,149.025,149.262,6031
1729051200,149.262,149.29,148.857,149.258,10340
1729065600,149.257,149.48,149.157,149.455,12350
1729080000,149.456,149.474,149.137,149.441,11001
1729094400,149.441,149.765,149.198,149.737,13801
1729108800,149.737,149.797,149.585,149.61,4428
1729123200,149.607,149.654,149.432,149.536,5246
1729137600,149.537,149.568,149.234,149.534,9269
1729152000,149.533,149.862,149.432,149.827,10045
1729166400,149.826,150.073,149.432,149.822,11568
1729180800,149.822,150.29,149.631,150.203,19814
1729195200,150.2,150.314,150.134,150.203,5407
1729209600,150.189,150.276,149.891,150.042,5616
1729224000,150.04,150.085,149.85,149.889,8767
1729238400,149.889,150.147,149.762,149.912,11659
1729252800,149.912,150.09,149.573,149.855,10867
1729267200,149.854,149.915,149.357,149.41,11782
1729281600,149.41,149.641,149.404,149.512,5497
1729468800,149.448,149.63,149.246,149.372,6730
1729483200,149.383,149.401,149.08,149.314,9845
1729497600,149.312,149.94,149.192,149.938,11268
1729512000,149.939,150.082,149.74,149.911,9740
1729526400,149.911,150.548,149.911,150.511,13332
1729540800,150.511,150.876,150.498,150.832,6628
1729555200,150.816,150.816,150.574,150.622,5922
1729569600,150.621,151.094,150.487,150.865,9709
1729584000,150.865,151.051,150.654,150.982,14877
1729598400,150.98,151.017,150.742,150.903,12061
1729612800,150.903,151.186,150.596,151.052,15814
1729627200,151.053,151.143,150.892,151.089,6909
1729641600,151.076,151.469,150.989,151.46,5008
1729656000,151.46,152.13,151.419,152.063,12242
1729670400,152.064,152.548,152.016,152.407,15925
1729684800,152.404,153.178,152.4,153.061,14529
1729699200,153.06,153.1,152.755,152.852,17006
1729713600,152.851,152.898,152.465,152.747,9248
1729728000,152.73,152.815,152.511,152.631,7470
1729742400,152.631,152.784,152.1,152.206,11841
1729756800,152.207,152.38,151.912,152.0,16992
1729771200,151.999,152.295,151.759,152.044,15360
1729785600,152.045,152.309,151.651,151.68,20384
1729800000,151.679,151.892,151.545,151.817,7613
1729814400,151.794,152.099,151.576,151.999,6858
1729828800,152.0,152.056,151.604,151.697,9323
1729843200,151.698,152.049,151.442,151.959,14304
1729857600,151.959,152.087,151.69,151.911,10521
1729872000,151.91,152.219,151.828,152.192,16570
1729886400,152.189,152.369,152.089,152.321,7939
1730073600,152.902,153.871,152.66,153.842,17980
1730088000,153.843,153.844,153.37,153.53,11393
1730102400,153.529,153.554,152.896,152.92,15609
1730116800,152.919,152.92,152.401,152.751,17331
1730131200,152.748,153.301,152.738,153.269,13941
1730145600,153.27,153.367,153.192,153.226,4800
1730160000,153.227,153.347,152.857,152.935,9029
1730174400,152.934,153.156,152.745,152.826,12144
1730188800,152.827,153.438,152.827,153.405,15913
1730203200,153.406,153.856,153.31,153.597,14383
1730217600,153.581,153.74,152.956,153.408,21141
1730232000,153.407,153.544,153.275,153.334,6620
1730246400,153.331,153.378,153.065,153.209,8827
1730260800,153.21,153.431,153.184,153.219,8825
1730275200,153.218,153.456,152.795,153.051,15876
1730289600,153.05,153.484,152.772,152.932,19895
1730304000,152.932,153.378,152.897,153.223,17543
1730318400,153.223,153.423,153.159,153.314,6674
1730332800,153.305,153.573,153.153,153.484,7562
1730347200,153.484,153.601,152.817,152.832,11829
1730361600,152.833,152.951,151.913,152.547,22734
1730376000,152.548,152.981,152.242,152.956,20801
1730390400,152.958,153.041,152.072,152.165,23692
1730404800,152.165,152.166,151.827,152.011,10630
1730419200,152.032,152.281,151.783,152.11,12176
1730433600,152.109,152.645,152.107,152.535,11529
1730448000,152.534,152.824,152.195,152.768,14800
1730462400,152.767,152.84,151.784,152.334,21825
1730476800,152.249,153.06,152.236,152.902,21007
1730491200,152.903,153.084,152.845,152.954,6526
1730678400,152.277,152.535,151.699,151.779,11558
1730692800,151.778,151.956,151.591,151.843,11210
1730707200,151.844,152.269,151.793,151.875,17161
1730721600,151.875,152.057,151.528,151.822,14538
1730736000,151.821,152.147,151.616,152.004,19181
1730750400,152.0,152.189,151.979,152.143,7822
1730764800,152.127,152.436,152.06,152.266,7922
1730779200,152.265,152.536,152.159,152.418,8485
1730793600,152.417,152.439,152.079,152.177,12612
1730808000,152.176,152.33,151.952,152.038,9950
1730822400,152.042,152.196,151.587,151.678,19096
1730836800,151.676,151.691,151.328,151.595,10804
1730851200,151.576,153.112,151.279,152.918,23461
1730865600,152.919,154.333,152.865,153.74,40605
1730880000,153.729,154.375,153.656,153.989,36231
1730894400,153.988,154.45,153.866,154.296,27875
1730908800,154.295,154.674,153.974,154.66,26703
1730923200,154.659,154.691,154.346,154.624,11452
1730937600,154.621,154.703,154.217,154.503,13457
1730952000,154.502,154.518,153.927,154.002,14332
1730966400,154.001,154.192,153.643,153.936,21668
1730980800,153.936,154.101,153.445,153.491,19519
1730995200,153.493,153.55,152.847,153.007,21662
1731009600,153.006,153.463,152.684,152.932,19112
1731024000,152.921,153.361,152.823,153.087,11147
1731038400,153.085,153.179,152.54,152.795,14038
1731052800,152.795,152.947,152.247,152.272,21522
1731067200,152.271,152.809,152.134,152.735,19453
1731081600,152.735,152.85,152.374,152.649,21877
1731096000,152.648,152.808,152.425,152.609,9559
1731283200,152.615,153.218,152.613,153.215,8263
1731297600,153.215,153.662,153.125,153.52,9258
1731312000,153.52,153.846,153.309,153.614,14478
1731326400,153.615,153.943,153.546,153.767,10686
1731340800,153.766,153.939,153.637,153.872,11572
1731355200,153.872,153.873,153.621,153.708,4244
1731369600,153.7,153.957,153.467,153.956,8471
1731384000,153.955,154.051,153.399,153.604,12192
1731398400,153.604,154.158,153.603,154.099,16728
1731412800,154.1,154.387,153.925,154.374,14902
1731427200,154.374,154.916,154.283,154.778,18776
1731441600,154.777,154.847,154.504,154.635,8347
1731456000,154.621,154.929,154.499,154.595,10138
1731470400,154.594,154.927,154.532,154.909,11399
1731484800,154.909,155.23,154.786,154.889,16933
1731499200,154.888,155.06,154.406,154.503,17520
1731513600,154.503,155.425,154.333,155.403,26498
1731528000,155.402,155.615,155.396,155.454,8333
1731542400,155.446,155.913,155.32,155.858,10095
1731556800,155.86,156.127,155.804,156.011,10644
1731571200,156.012,156.139,155.697,156.101,15282
1731585600,156.102,156.235,155.756,156.011,18327
1731600000,156.01,156.069,155.514,155.733,23444
1731614400,155.73,156.407,155.689,156.3,14740
1731628800,156.285,156.742,156.189,156.544,11736
1731643200,156.541,156.55,156.269,156.448,11922
1731657600,156.447,156.498,155.254,155.359,20583
1731672000,155.359,155.712,155.159,155.32,21432
1731686400,155.317,155.78,154.177,154.275,32363
1731700800,154.274,154.47,153.853,154.436,16145
1731888000,154.369,155.134,153.833,154.588,17740
1731902400,154.591,154.917,154.407,154.585,18427
1731916800,154.586,154.963,154.291,154.769,24331
1731931200,154.768,155.349,154.767,154.894,20515
1731945600,154.895,155.063,154.576,154.694,22843
1731960000,154.693,154.781,154.562,154.623,10156
1731974400,154.622,154.629,154.033,154.106,10154
1731988800,154.106,154.514,153.944,154.417,13319
1732003200,154.416,154.647,153.269,153.756,27778
1732017600,153.755,154.198,153.402,153.464,24603
1732032000,153.467,154.746,153.437,154.714,29603
1732046400,154.714,154.791,154.556,154.672,8921
1732060800,154.666,154.983,154.523,154.765,9955
1732075200,154.764,155.179,154.72,155.179,10216
1732089600,155.178,155.843,155.153,155.749,17236
1732104000,155.751,155.877,155.622,155.722,14560
1732118400,155.722,155.832,155.046,155.21,22560
1732132800,155.209,155.532,155.191,155.421,9945
1732147200,155.391,155.391,154.872,155.033,10063
1732161600,155.034,155.252,154.855,155.183,11307
1732176000,155.161,155.173,154.077,154.39,29462
1732190400,154.391,154.709,154.096,154.244,22643
1732204800,154.244,154.686,153.9,154.432,30705
1732219200,154.43,154.692,154.424,154.523,11704
1732233600,154.519,154.519,153.96,154.407,11393
1732248000,154.408,154.723,154.178,154.694,11610
1732262400,154.697,154.948,154.244,154.495,24245
1732276800,154.491,154.56,154.182,154.262,21378
1732291200,154.264,155.017,154.263,154.749,24599
1732305600,154.748,154.882,154.653,154.779,7867
1732492800,154.198,154.363,153.638,153.757,13307
1732507200,153.756,154.392,153.544,154.258,13990
1732521600,154.258,154.714,154.145,154.416,20678
1732536000,154.415,154.555,153.749,153.919,17104
1732550400,153.919,154.511,153.621,154.311,25574
1732564800,154.312,154.333,153.985,154.211,10568
1732579200,154.202,154.481,153.831,154.047,17672
1732593600,154.048,154.213,153.538,153.707,11776
1732608000,153.709,154.211,153.596,153.919,19096
1732622400,153.918,153.974,152.976,153.425,18943
1732636800,153.425,153.712,153.245,153.319,23388
1732651200,153.318,153.48,152.998,153.099,12489
1732665600,153.081,153.224,152.497,152.545,11416
1732680000,152.544,152.741,152.228,152.434,11819
1732694400,152.433,152.46,151.348,151.468,23173
1732708800,151.467,151.619,151.217,151.324,21301
1732723200,151.322,151.797,150.447,150.754,28880
1732737600,150.752,151.183,150.67,151.124,11260
1732752000,151.122,151.742,150.865,151.42,10616
1732766400,151.419,151.707,151.336,151.536,9910
1732780800,151.536,151.94,151.355,151.884,16544
1732795200,151.884,151.941,151.55,151.561,10186
1732809600,151.56,151.595,151.398,151.483,7607
1732824000,151.484,151.547,151.427,151.519,1667
1732838400,151.518,151.526,149.845,149.929,15944
1732852800,149.929,150.389,149.755,150.095,18540
1732867200,150.095,150.297,149.522,150.154,19514
1732881600,150.149,150.355,149.823,149.958,16345
1732896000,149.958,150.523,149.57,149.588,21463
1732910400,149.585,149.706,149.458,149.641,19812
1733097600,149.542,150.548,149.47,150.524,14810
1733112000,150.525,150.739,150.427,150.714,14557
1733126400,150.716,150.717,149.981,150.339,20403
1733140800,150.338,150.378,149.913,150.071,16052
1733155200,150.07,150.237,149.073,149.588,27922
1733169600,149.589,149.782,149.218,149.557,12724
1733184000,149.554,149.965,149.482,149.866,11440
1733198400,149.865,150.229,149.78,150.02,12073
1733212800,150.02,150.176,149.768,149.808,17253
1733227200,149.807,150.101,148.792,148.848,16319
1733241600,148.846,149.511,148.638,149.198,28922
1733256000,149.2,149.583,148.955,149.567,10534
1733270400,149.571,150.072,149.519,149.92,10563
1733284800,149.92,150.161,149.618,150.089,15101
1733299200,150.088,150.773,149.851,150.619,19330
1733313600,150.618,151.219,150.608,151.067,18662
1733328000,151.066,151.123,149.985,150.161,23919
1733342400,150.16,150.666,150.031,150.616,12889
1733356800,150.594,150.767,150.178,150.529,10829
1733371200,150.528,150.554,149.775,149.925,12083
1733385600,149.924,150.307,149.648,150.302,16929
1733400000,150.302,150.687,150.034,150.598,17546
1733414400,150.591,150.607,150.061,150.122,20944
1733428800,150.125,150.338,149.914,150.079,8948
1733443200,150.047,150.27,149.856,150.036,9228
1733457600,150.037,150.061,149.76,149.929,9262
1733472000,149.93,150.596,149.764,150.569,13334
1733486400,150.568,150.691,149.645,149.653,17125
1733500800,149.657,150.103,149.355,149.958,25793
1733515200,149.954,150.127,149.876,150.039,6952
1733702400,149.88,150.046,149.683,149.905,9111
1733716800,149.905,150.028,149.831,149.957,9564
1733731200,149.957,150.514,149.936,150.41,14519
1733745600,150.404,150.941,150.346,150.872,12582
1733760000,150.87,151.339,150.693,151.321,15155
1733774400,151.32,151.328,151.13,151.179,6588
1733788800,151.159,151.541,151.073,151.306,8823
1733803200,151.307,151.307,150.888,150.925,11629
1733817600,150.925,151.777,150.892,151.59,14995
1733832000,151.59,151.831,151.462,151.675,12891
1733846400,151.676,152.172,151.581,152.103,16111
1733860800,152.103,152.113,151.824,151.949,7404
1733875200,151.946,151.946,151.689,151.699,7008
1733889600,151.7,151.759,151.408,151.746,8476
1733904000,151.746,152.716,150.999,152.676,19254
1733918400,152.675,152.829,152.046,152.288,19135
1733932800,152.287,152.548,151.911,152.488,20908
1733947200,152.487,152.714,152.314,152.461,8744
1733961600,152.458,152.46,151.946,151.97,8733
1733976000,151.97,152.599,151.944,152.484,10072
1733990400,152.486,152.766,152.264,152.519,16335
1734004800,152.518,152.532,151.794,152.027,16557
1734019200,152.025,152.389,151.87,152.255,21914
1734033600,152.254,152.679,152.231,152.646,8069
1734048000,152.639,152.947,152.449,152.76,8599
1734062400,152.753,153.081,152.637,152.885,8476
1734076800,152.886,153.469,152.666,153.403,12676
1734091200,153.402,153.66,153.253,153.296,12296
1734105600,153.295,153.792,153.295,153.686,13697
1734120000,153.685,153.737,153.59,153.662,5726
1734307200,153.671,153.926,153.319,153.899,11684
1734321600,153.897,153.965,153.599,153.651,15327
1734336000,153.651,153.823,153.434,153.796,16801
1734350400,153.795,154.095,153.64,154.016,8863
1734364800,154.018,154.469,154.004,154.145,14526
1734379200,154.146,154.206,154.003,154.133,5242
1734393600,154.114,154.336,153.966,154.089,7563
1734408000,154.09,154.252,153.792,154.126,9558
1734422400,154.127,154.164,153.704,153.784,13438
1734436800,153.78,153.988,153.65,153.763,12887
1734451200,153.762,153.765,153.236,153.26,17735
1734465600,153.262,153.588,153.152,153.525,7893
1734480000,153.487,153.778,153.362,153.585,6826
1734494400,153.584,153.741,153.331,153.347,7381
1734508800,153.346,153.735,153.326,153.628,10047
1734523200,153.627,153.943,153.542,153.84,10001
1734537600,153.841,154.082,153.673,153.816,14455
1734552000,153.815,154.827,153.669,154.826,23129
1734566400,154.812,154.884,154.431,154.637,11562
1734580800,154.619,155.462,154.454,155.217,11262
1734595200,155.218,157.136,154.905,157.036,25394
1734609600,157.034,157.055,156.385,156.902,17275
1734624000,156.904,157.798,156.865,157.689,24398
1734638400,157.687,157.721,157.299,157.419,12672
1734652800,157.406,157.918,157.138,157.269,12043
1734667200,157.269,157.366,156.828,157.028,15156
1734681600,157.027,157.123,156.615,156.712,19288
1734696000,156.712,156.836,156.346,156.509,16267
1734710400,156.507,156.77,155.945,156.064,23960
1734724800,156.06,156.46,155.968,156.442,10576
1734912000,156.292,156.684,156.266,156.45,7689
1734926400,156.449,156.654,156.33,156.636,7643
1734940800,156.641,156.803,156.456,156.692,11614
1734955200,156.691,157.249,156.651,157.21,11387
1734969600,157.205,157.26,156.975,157.153,14870
1734984000,157.153,157.202,157.042,157.145,6605
1734998400,157.126,157.388,157.05,157.117,6252
1735012800,157.119,157.171,156.882,156.995,6728
1735027200,156.996,157.173,156.9,157.084,7267
1735041600,157.083,157.184,157.015,157.183,5895
1735056000,157.184,157.368,157.173,157.296,7680
1735200000,157.367,157.454,157.298,157.425,2905
1735214400,157.424,157.834,157.395,157.829,5357
1735228800,157.829,158.077,157.824,158.03,9976
1735243200,158.029,158.057,157.863,158.007,6800
1735257600,157.977,157.977,157.65,157.736,7195
1735272000,157.737,157.762,157.5,157.754,7217
1735286400,157.755,157.907,157.652,157.87,9320
1735300800,157.869,157.87,157.576,157.788,9434
1735315200,157.787,157.887,157.345,157.82,15421
1735329600,157.819,157.937,157.76,157.859,5858
1735516800,157.67,157.983,157.651,157.787,4207
1735531200,157.781,157.953,157.69,157.847,4580
1735545600,157.846,158.064,157.798,157.866,9525
1735560000,157.868,157.875,157.442,157.451,8863
1735574400,157.452,157.542,156.663,157.141,18393
1735588800,157.14,157.143,156.752,156.851,6643
1735603200,156.838,157.053,156.362,156.435,5835
1735617600,156.436,156.496,156.129,156.227,7417
1735632000,156.226,156.665,156.015,156.634,9725
1735646400,156.635,157.077,156.545,157.002,11946
1735660800,157.001,157.539,156.678,157.359,19217
1735804800,156.666,156.908,156.457,156.786,6302
1735819200,156.785,157.278,156.706,156.821,13085
1735833600,156.82,157.841,156.627,157.555,23542
1735848000,157.555,157.667,157.459,157.536,6854
1735862400,157.514,157.555,157.165,157.276,4866
1735876800,157.276,157.449,157.178,157.292,6280
1735891200,157.291,157.416,157.032,157.245,11342
1735905600,157.246,157.381,157.017,157.178,10373
1735920000,157.179,157.482,156.862,157.16,15656
1735934400,157.159,157.373,157.097,157.305,5628
1736121600,157.188,157.823,157.153,157.609,7706
1736136000,157.611,157.8,157.558,157.773,7601
1736150400,157.772,157.785,157.526,157.729,9481
1736164800,157.731,157.952,156.233,156.605,21932
1736179200,156.605,157.651,156.459,157.498,20119
1736193600,157.502,157.663,157.424,157.63,6891
1736208000,157.609,158.408,157.468,158.305,9737
1736222400,158.304,158.312,157.778,157.856,8409
1736236800,157.856,157.856,157.368,157.599,13820
1736251200,157.598,157.845,157.556,157.667,9431
1736265600,157.663,158.416,157.529,157.689,23355
1736280000,157.689,158.065,157.578,158.065,8811
1736294400,158.045,158.235,157.896,157.964,7818
1736308800,157.963,158.26,157.926,158.167,6155
1736323200,158.165,158.274,157.919,158.155,10170
1736337600,158.155,158.544,158.142,158.211,15890
1736352000,158.211,158.487,158.135,158.384,17959
1736366400,158.383,158.512,158.266,158.353,9774
1736380800,158.34,158.385,158.063,158.1,6298
1736395200,158.099,158.138,157.755,158.051,7771
1736409600,158.05,158.276,158.003,158.076,10916
1736424000,158.076,158.094,157.568,157.65,9830
1736438400,157.649,158.128,157.647,158.099,9673
1736452800,158.1,158.154,158.052,158.112,2340
1736467200,158.101,158.224,157.926,158.121,7731
1736481600,158.122,158.417,158.095,158.406,6544
1736496000,158.407,158.436,157.612,157.925,13491
1736510400,157.926,158.87,157.858,158.544,15361
1736524800,158.543,158.648,157.217,157.662,27893
1736539200,157.663,157.977,157.654,157.742,8686
1736726400,157.641,157.96,157.263,157.436,6843
1736740800,157.435,157.642,157.276,157.401,8926
1736755200,157.4,157.662,157.03,157.098,17824
1736769600,157.097,157.464,156.908,157.192,15278
1736784000,157.19,157.781,157.097,157.32,17758
1736798400,157.32,157.808,157.285,157.52,7095
1736812800,157.517,158.02,157.033,157.429,12285
1736827200,157.428,157.744,157.351,157.575,10153
1736841600,157.574,158.021,157.286,157.932,16450
1736856000,157.932,158.125,157.366,157.769,14972
1736870400,157.773,158.189,157.613,158.123,22523
1736884800,158.122,158.131,157.862,157.953,6324
1736899200,157.941,158.077,157.822,157.892,7129
1736913600,157.893,157.965,157.189,157.31,10382
1736928000,157.308,157.434,156.701,156.858,16018
1736942400,156.859,157.078,156.244,156.384,16234
1736956800,156.388,156.727,155.922,156.544,25130
1736971200,156.543,156.569,156.397,156.467,6960
1736985600,156.46,156.519,155.473,155.546,10672
1737000000,155.545,156.111,155.203,156.106,13696
1737014400,156.107,156.306,155.604,155.675,14485
1737028800,155.675,156.349,155.626,155.895,14332
1737043200,155.9,156.187,155.095,155.26,25785
1737057600,155.261,155.378,155.094,155.136,6398
1737072000,155.123,155.473,154.969,155.208,8556
1737086400,155.205,155.681,155.152,155.558,9090
1737100800,155.556,155.839,155.4,155.729,13170
1737115200,155.728,155.795,155.547,155.678,12074
1737129600,155.68,156.366,155.647,156.252,20306
1737144000,156.251,156.303,156.095,156.278,6579
1737331200,156.169,156.571,155.856,155.916,8618
1737345600,155.916,156.057,155.702,156.054,7856
1737360000,156.055,156.353,155.941,156.277,10950
1737374400,156.276,156.465,155.713,155.716,13087
1737388800,155.715,156.05,155.404,155.818,20739
1737403200,155.817,155.886,155.485,155.581,6783
1737417600,155.555,156.221,154.893,155.53,16181
1737432000,155.529,155.567,154.765,155.306,14860
1737446400,155.309,155.946,155.309,155.892,14741
1737460800,155.892,156.043,155.452,155.481,13201
1737475200,155.481,155.724,155.245,155.567,20243
1737489600,155.568,155.588,155.419,155.489,6211
1737504000,155.477,155.819,155.343,155.679,10305
1737518400,155.683,155.952,155.625,155.825,8902
1737532800,155.825,156.106,155.543,155.666,14703
1737547200,155.665,156.044,155.624,155.884,11198
1737561600,155.885,156.699,155.806,156.607,17051
1737576000,156.606,156.622,156.439,156.531,6490
1737590400,156.507,156.553,156.278,156.543,7511
1737604800,156.543,156.744,156.445,156.697,7393
1737619200,156.697,156.716,156.344,156.371,12907
1737633600,156.37,156.589,156.096,156.2,11444
1737648000,156.199,156.467,155.856,155.908,20028
1737662400,155.907,156.054,155.736,156.048,7215
1737676800,156.026,156.346,155.943,156.303,7141
1737691200,156.31,156.403,154.995,155.352,18687
1737705600,155.349,155.722,154.832,155.577,24616
1737720000,155.574,156.566,155.541,156.312,16656
1737734400,156.313,156.48,155.507,155.738,20383
1737748800,155.737,156.014,155.72,155.929,5733
1737936000,155.678,155.837,155.28,155.475,10838
1737950400,155.475,156.084,155.409,156.057,10023
1737964800,156.056,156.238,154.455,154.593,21476
1737979200,154.594,154.594,153.706,154.194,30716
1737993600,154.194,154.674,153.947,154.285,27272
1738008000,154.286,154.711,154.216,154.51,12503
1738022400,154.494,155.624,154.453,155.478,15293
1738036800,155.479,155.937,155.389,155.694,13618
1738051200,155.694,155.97,155.247,155.44,17745
1738065600,155.44,155.558,155.201,155.482,14317
1738080000,155.481,155.752,155.042,155.599,19694
1738094400,155.597,155.719,155.483,155.513,7630
1738108800,155.508,155.783,155.422,155.706,6807
1738123200,155.707,155.774,154.994,155.007,9412
1738137600,155.008,155.399,154.994,155.337,16235
1738152000,155.336,155.512,155.247,155.422,13974
1738166400,155.415,155.436,154.932,155.046,18185
1738180800,155.045,155.599,154.995,155.237,18475
1738195200,155.214,155.224,154.454,154.633,11533
1738209600,154.634,154.673,154.275,154.476,13054
1738224000,154.475,154.722,154.309,154.444,15304
1738238400,154.444,154.594,153.827,153.899,17172
1738252800,153.892,154.467,153.781,154.287,22344
1738267200,154.286,154.487,153.989,154.288,12573
1738281600,154.287,154.486,153.907,154.081,11183
1738296000,154.082,154.869,153.924,154.71,12772
1738310400,154.709,154.927,154.476,154.71,16419
1738324800,154.709,155.012,154.597,154.79,12723
1738339200,154.788,154.996,154.518,154.754,22352
1738353600,154.753,155.213,154.749,155.183,13227
1738540800,154.815,155.875,154.772,155.698,20655
1738555200,155.699,155.866,155.455,155.567,14315
1738569600,155.568,155.711,154.994,154.995,19779
1738584000,154.996,155.125,154.279,154.64,18898
1738598400,154.642,154.861,154.005,154.647,31147
1738612800,154.646,155.003,154.55,154.848,11814
1738627200,154.845,155.395,154.679,155.101,11095
1738641600,155.1,155.325,154.818,155.242,12720
1738656000,155.242,155.513,155.059,155.337,15180
1738670400,155.336,155.388,155.136,155.251,11518
1738684800,155.252,155.253,154.243,154.261,21651
1738699200,154.26,154.335,154.165,154.304,7222
1738713600,154.307,154.451,153.459,153.6,13456
1738728000,153.595,153.632,153.079,153.418,14628
1738742400,153.417,153.443,152.636,152.834,16545
1738756800,152.833,153.098,152.545,153.037,15085
1738771200,153.037,153.198,152.104,152.282,22215
1738785600,152.281,152.758,152.238,152.605,7920
1738800000,152.586,152.743,151.805,152.015,10616
1738814400,152.016,152.503,151.925,152.413,11167
1738828800,152.411,152.887,152.397,152.655,13224
1738843200,152.654,152.673,152.049,152.071,15226
1738857600,152.067,152.206,151.653,151.861,17892
1738872000,151.864,151.871,151.23,151.456,8982
1738886400,151.438,151.654,150.95,151.565,9548
1738900800,151.564,151.783,151.44,151.711,8636
1738915200,151.712,151.883,151.582,151.815,10313
1738929600,151.814,152.412,151.29,151.944,13396
1738944000,151.943,151.991,150.924,151.658,29400
1738958400,151.657,151.73,151.192,151.436,9391
1739145600,151.294,152.13,151.137,152.001,10775
1739160000,152.0,152.201,151.817,151.942,8546
1739174400,151.942,152.529,151.76,152.189,12152
1739188800,152.188,152.297,151.798,151.856,9948
1739203200,151.855,151.911,151.56,151.857,11867
1739217600,151.856,152.063,151.851,151.99,4562
1739232000,151.972,152.056,151.677,152.01,5326
1739246400,152.01,152.04,151.909,151.944,4505
1739260800,151.947,152.087,151.642,151.938,9766
1739275200,151.937,152.501,151.936,152.297,9609
1739289600,152.296,152.588,152.221,152.36,14639
1739304000,152.359,152.599,152.282,152.488,6474
1739318400,152.454,153.477,152.352,153.463,8749
1739332800,153.465,153.719,153.354,153.529,10569
1739347200,153.529,153.872,153.408,153.51,11106
1739361600,153.509,154.446,153.238,154.407,13133
1739376000,154.407,154.792,154.133,154.345,20061
1739390400,154.343,154.482,154.277,154.412,6944
1739404800,154.406,154.659,154.116,154.249,8902
1739419200,154.247,154.481,154.127,154.158,10637
1739433600,154.164,154.329,153.889,153.972,13040
1739448000,153.971,154.01,153.416,153.509,13760
1739462400,153.507,153.711,152.917,153.157,18122
1739476800,153.157,153.337,152.694,152.769,9613
1739491200,152.762,153.144,152.439,152.56,9596
1739505600,152.562,152.996,152.515,152.607,6935
1739520000,152.606,152.831,152.377,152.506,12782
1739534400,152.505,152.816,152.089,152.171,11915
1739548800,152.167,152.368,152.018,152.289,14449
1739563200,152.286,152.382,152.17,152.337,5102
1739750400,152.207,152.381,151.734,151.888,8641
1739764800,151.887,151.927,151.468,151.516,9676
1739779200,151.516,151.935,151.484,151.795,10946
1739793600,151.797,151.83,151.392,151.465,7099
1739808000,151.464,151.489,151.33,151.377,5087
1739822400,151.377,151.503,151.361,151.498,2224
1739836800,151.488,151.787,151.23,151.721,8662
1739851200,151.721,152.213,151.684,151.996,9406
1739865600,151.996,152.095,151.786,151.833,10328
1739880000,151.832,151.872,151.623,151.689,8477
1739894400,151.688,151.952,151.52,151.926,9921
1739908800,151.925,152.117,151.866,152.075,6030
1739923200,152.052,152.151,151.738,152.13,8179
1739937600,152.129,152.303,151.702,151.749,9904
1739952000,151.747,151.85,151.543,151.645,11547
1739966400,151.647,151.946,151.647,151.685,10302
1739980800,151.685,151.749,151.237,151.702,12596
1739995200,151.702,151.821,151.385,151.48,6693
1740009600,151.464,151.464,150.566,150.63,12074
1740024000,150.629,150.751,150.176,150.395,12451
1740038400,150.398,150.424,149.942,150.302,12501
1740052800,150.301,150.309,149.696,150.076,11885
1740067200,150.077,150.209,149.389,149.462,17302
1740081600,149.463,149.817,149.454,149.6,6008
1740096000,149.585,150.438,149.273,150.337,11950
1740110400,150.336,150.727,150.111,150.352,9773
1740124800,150.352,150.647,150.254,150.465,14546
1740139200,150.465,150.525,150.182,150.426,8596
1740153600,150.426,150.434,149.192,149.208,17387
1740168000,149.207,149.336,148.915,149.326,13397
1740355200,149.189,149.395,148.837,149.232,11739
1740369600,149.23,149.49,149.105,149.395,11042
1740384000,149.396,149.59,149.223,149.559,14713
1740398400,149.556,149.865,149.546,149.756,9808
1740412800,149.755,149.811,149.182,149.572,21799
1740427200,149.57,149.792,149.376,149.72,9288
1740441600,149.698,150.291,149.619,150.044,9049
1740456000,150.043,150.083,149.453,149.704,10194
1740470400,149.705,149.858,149.187,149.59,17295
1740484800,149.59,149.944,149.331,149.426,15913
1740499200,149.425,149.529,148.555,149.069,25103
1740513600,149.068,149.24,148.899,149.008,12730
1740528000,148.988,149.228,148.611,149.216,9533
1740542400,149.221,149.624,149.166,149.427,10285
1740556800,149.427,149.62,149.244,149.354,14261
1740571200,149.355,149.674,149.217,149.53,12872
1740585600,149.529,149.878,149.005,149.141,22840
1740600000,149.14,149.224,148.804,149.111,12586
1740614400,149.099,149.396,148.739,149.351,9280
1740628800,149.352,149.375,149.07,149.334,9367
1740643200,149.333,149.956,149.151,149.833,12678
1740657600,149.832,149.963,149.345,149.718,14238
1740672000,149.719,150.156,149.53,149.959,29387
1740686400,149.958,150.144,149.621,149.797,14398
1740700800,149.784,150.134,149.266,149.291,12635
1740715200,149.289,149.876,149.092,149.822,11792
1740729600,149.822,150.678,149.78,150.24,17283
1740744000,150.24,150.98,150.234,150.647,13938
1740758400,150.644,150.854,150.228,150.357,30497
1740772800,150.356,150.614,150.233,150.575,16850
1740960000,150.643,151.012,150.308,150.399,12683
1740974400,150.398,150.518,150.237,150.404,10658
1740988800,150.403,150.518,149.939,150.339,15758
1741003200,150.338,151.293,150.337,150.958,17964
1741017600,150.959,150.966,150.041,150.172,29266
1741032000,150.172,150.296,149.092,149.483,23928
1741046400,149.487,149.612,148.589,148.929,16835
1741060800,148.928,149.451,148.831,149.373,16021
1741075200,149.374,149.565,148.789,149.039,27086
1741089600,149.038,149.038,148.09,148.201,23635
1741104000,148.198,148.909,148.185,148.736,38399
1741118400,148.735,149.865,148.695,149.815,24958
1741132800,149.807,150.173,149.57,149.968,13642
1741147200,149.967,150.088,149.688,149.708,14885
1741161600,149.707,149.808,149.088,149.365,22930
1741176000,149.366,149.73,148.928,149.01,26217
1741190400,149.012,149.097,148.383,148.856,37942
1741204800,148.856,149.135,148.729,148.821,17115
1741219200,148.818,149.322,148.718,148.987,8086
1741233600,148.987,149.298,148.924,148.926,11747
1741248000,148.926,148.954,147.778,147.876,28206
1741262400,147.877,148.065,147.343,147.413,24128
1741276800,147.414,148.383,147.302,147.906,39652
1741291200,147.907,148.049,147.562,147.971,22497
1741305600,147.97,148.152,147.651,147.893,10229
1741320000,147.892,148.026,147.436,147.447,11258
1741334400,147.446,147.746,147.194,147.434,22066
1741348800,147.434,147.958,147.108,147.216,23207
1741363200,147.217,147.72,146.933,147.481,39764
1741377600,147.48,148.192,147.474,148.013,22165
1741564800,147.591,147.835,147.083,147.408,14334
1741579200,147.407,147.783,147.323,147.514,9854
1741593600,147.516,147.78,147.133,147.224,20003
1741608000,147.223,147.275,146.715,147.06,27696
1741622400,147.06,147.309,146.623,147.179,33656
1741636800,147.178,147.457,147.079,147.142,17302
1741651200,147.144,147.167,146.53,146.799,18379
1741665600,146.8,147.28,146.754,147.219,15703
1741680000,147.217,147.508,146.751,147.363,26280
1741694400,147.363,148.104,147.324,147.75,26863
1741708800,147.737,148.113,147.014,147.182,41028
1741723200,147.181,147.905,147.145,147.714,20832
1741737600,147.714,148.146,147.714,148.028,12230
1741752000,148.027,148.279,147.859,148.044,11430
1741766400,148.043,148.666,147.952,148.6,18966
1741780800,148.599,149.186,148.089,148.695,24627
1741795200,148.695,148.699,148.116,148.118,31024
1741809600,148.12,148.407,148.1,148.194,13382
1741824000,148.191,148.365,148.066,148.108,9411
1741838400,148.107,148.241,147.688,147.711,12513
1741852800,147.713,148.193,147.568,148.143,20526
1741867200,148.142,148.342,147.691,148.097,23620
1741881600,148.096,148.168,147.403,147.623,30271
1741896000,147.619,147.817,147.562,147.74,13210
1741910400,147.72,148.423,147.72,148.167,11164
1741924800,148.165,148.639,148.153,148.461,10349
1741939200,148.46,149.013,148.42,148.965,18118
1741953600,148.967,148.976,148.512,148.678,18389
1741968000,148.658,148.887,148.253,148.429,24915
1741982400,148.431,148.666,148.431,148.607,7751
1742169600,148.737,148.889,148.454,148.61,11375
1742184000,148.61,149.056,148.528,148.97,10461
1742198400,148.97,149.088,148.591,148.658,17816
1742212800,148.658,149.087,148.232,148.825,21149
1742227200,148.823,149.019,148.433,148.982,22868
1742241600,148.982,149.273,148.944,149.131,9957
1742256000,149.134,149.526,149.134,149.421,8533
1742270400,149.42,149.731,149.39,149.73,8211
1742284800,149.73,149.891,149.645,149.781,12033
1742299200,149.78,149.928,149.555,149.592,17184
1742313600,149.587,149.743,149.206,149.243,23654
1742328000,149.245,149.381,149.088,149.251,9608
1742342400,149.234,149.638,149.187,149.453,7589
1742356800,149.454,149.768,149.197,149.766,7885
1742371200,149.765,150.011,149.133,149.753,17493
1742385600,149.753,150.097,149.591,150.069,11271
1742400000,150.069,150.139,149.789,149.878,13994
1742414400,149.879,149.883,148.598,148.8,19792
1742428800,148.796,148.863,148.193,148.293,9234
1742443200,148.296,148.455,148.175,148.363,8471
1742457600,148.36,148.773,148.172,148.738,14565
1742472000,148.737,148.818,148.388,148.773,20299
1742486400,148.773,148.953,148.674,148.76,21987
1742500800,148.76,148.874,148.631,148.759,9574
1742515200,148.758,149.186,148.58,149.084,9001
1742529600,149.083,149.626,148.924,149.547,7884
1742544000,149.547,149.654,149.238,149.38,12932
1742558400,149.381,149.433,148.598,148.864,16670
1742572800,148.864,149.304,148.698,149.221,21473
1742587200,149.221,149.355,149.154,149.291,6736
1742774400,149.354,149.942,149.354,149.813,9524
1742788800,149.812,149.902,149.65,149.684,7441
1742803200,149.684,149.84,149.509,149.558,14483
1742817600,149.558,150.248,149.486,150.233,13132
1742832000,150.233,150.748,150.128,150.599,17004
1742846400,150.599,150.709,150.48,150.662,7160
1742860800,150.665,150.934,150.594,150.661,7826
1742875200,150.66,150.786,150.418,150.422,7717
1742889600,150.423,150.758,150.397,150.483,11374
1742904000,150.483,150.493,149.71,149.763,14283
1742918400,149.733,149.861,149.54,149.741,16262
1742932800,149.738,149.932,149.704,149.873,5378
1742947200,149.845,150.271,149.834,150.068,8073
1742961600,150.067,150.614,150.045,150.463,7873
1742976000,150.463,150.6,150.041,150.105,12553
1742990400,150.104,150.541,150.012,150.394,13949
1743004800,150.395,150.737,150.306,150.415,19828
1743019200,150.414,150.595,150.376,150.538,8592
1743033600,150.518,150.615,150.078,150.113,10056
1743048000,150.113,150.284,150.053,150.232,7636
1743062400,150.231,150.92,150.15,150.92,16305
1743076800,150.919,151.082,150.575,150.871,16177
1743091200,150.861,151.147,150.65,151.069,22069
1743105600,151.068,151.138,151.003,151.018,7064
1743120000,151.025,151.2,150.697,150.746,9707
1743134400,150.746,150.933,150.707,150.757,7456
1743148800,150.763,150.835,150.353,150.576,13609
1743163200,150.575,150.91,150.383,150.435,19009
1743177600,150.432,150.432,149.851,149.973,23642
1743192000,149.972,150.126,149.669,149.792,8241
1743379200,149.748,149.775,149.06,149.29,10023
1743393600,149.291,149.368,148.715,149.072,12923
1743408000,149.071,149.284,148.693,149.049,19092
1743422400,149.047,149.631,148.96,149.594,17244
1743436800,149.593,149.973,149.398,149.89,27032
1743451200,149.889,150.258,149.865,149.958,13927
1743465600,149.951,150.135,149.669,149.727,10034
1743480000,149.726,149.907,149.526,149.552,12754
1743494400,149.549,149.98,149.495,149.656,16141
1743508800,149.658,149.713,149.114,149.38,17956
1743523200,149.386,149.735,148.966,149.506,30256
1743537600,149.506,149.635,149.228,149.611,15223
1743552000,149.599,149.91,149.516,149.787,9588
1743566400,149.785,149.943,149.704,149.894,9203
1743580800,149.895,149.99,149.511,149.648,12549
1743595200,149.647,149.709,149.094,149.168,16205
1743609600,149.167,150.245,149.144,150.184,25422
1743624000,150.185,150.476,149.23,149.342,23333
1743638400,149.333,149.333,147.677,147.876,24425
1743652800,147.876,148.1,147.11,147.546,19652
1743667200,147.545,147.63,146.681,146.808,28096
1743681600,146.807,146.846,145.744,145.883,28918
1743696000,145.881,146.421,145.177,146.146,44088
1743710400,146.146,146.508,145.958,146.061,27928
1743724800,146.049,146.399,145.538,145.954,16540
1743739200,145.955,146.394,145.353,145.417,22100
1743753600,145.416,146.478,145.293,146.402,32569
1743768000,146.414,146.541,144.543,145.593,46440
1743782400,145.593,146.775,145.038,146.708,50551
1743796800,146.711,147.425,146.522,146.871,38445
1743984000,145.441,145.836,144.801,145.81,31915
1743998400,145.808,146.839,145.776,145.87,34102
1744012800,145.869,146.361,145.065,146.209,43073
1744027200,146.208,147.04,145.813,146.977,42093
1744041600,146.973,148.099,146.505,147.931,50300
1744056000,147.933,148.144,147.516,147.819,33523
1744070400,147.702,148.113,147.496,147.61,17521
1744084800,147.598,147.759,147.246,147.753,23996
1744099200,147.752,147.792,146.959,147.417,30001
1744113600,147.418,147.508,146.666,146.819,32024
1744128000,146.82,147.658,146.489,146.521,42818
1744142400,146.525,146.73,145.957,146.275,37841
1744156800,146.12,146.317,145.126,145.401,21582
1744171200,145.398,145.934,144.571,144.937,36895
1744185600,144.934,145.773,144.696,145.288,40887
1744200000,145.289,145.479,143.984,144.313,34273
1744214400,144.31,145.197,144.196,144.917,37949
1744228800,144.91,148.271,144.563,147.71,37271
1744243200,147.728,147.737,146.675,146.718,18186
1744257600,146.717,147.026,146.496,146.61,27319
1744272000,146.609,147.138,146.143,146.302,33374
1744286400,146.302,146.329,144.863,145.442,31258
1744300800,145.443,145.531,144.008,144.525,44153
1744315200,144.524,145.124,144.44,144.594,35829
1744329600,144.44,144.577,142.871,143.349,24309
1744344000,143.347,143.768,142.867,142.917,27292
1744358400,142.916,144.133,142.061,142.403,37102
1744372800,142.402,143.209,142.054,142.514,36636
1744387200,142.515,143.975,142.21,143.774,39825
1744401600,143.775,144.191,143.476,143.548,21245
1744588800,143.907,144.041,142.886,142.896,17044
1744603200,142.893,143.194,142.242,143.031,20771
1744617600,143.03,143.268,142.222,142.906,24778
1744632000,142.906,143.693,142.756,143.661,23489
1744646400,143.661,144.073,142.773,143.211,36855
1744660800,143.211,143.34,142.851,143.055,22028
1744675200,142.92,143.581,142.905,143.5,10969
1744689600,143.5,143.582,142.897,143.03,14211
1744704000,143.029,143.501,142.837,142.901,24335
1744718400,142.901,143.174,142.589,142.863,24501
1744732800,142.866,143.257,142.664,143.084,29668
1744747200,143.082,143.245,143.035,143.231,12673
1744761600,143.127,143.272,142.758,142.882,11604
1744776000,142.882,142.984,142.464,142.621,13487
1744790400,142.622,142.939,142.032,142.613,28242
1744804800,142.617,142.908,142.426,142.634,26399
1744819200,142.634,142.853,142.31,142.54,26412
1744833600,142.54,142.687,141.635,141.888,24753
1744848000,141.738,142.597,141.604,142.576,13349
1744862400,142.577,142.854,142.379,142.666,15956
1744876800,142.663,143.079,142.482,142.671,20594
1744891200,142.67,142.837,142.28,142.312,19652
1744905600,142.312,142.625,141.893,142.455,31793
1744920000,142.454,142.709,142.344,142.475,15959
1744934400,142.465,142.465,142.164,142.388,9099
1744948800,142.385,142.429,142.278,142.323,31313
1744963200,142.324,142.4,142.293,142.356,16081
1744977600,142.351,142.379,142.268,142.319,15069
1744992000,142.32,142.349,142.105,142.202,12964
1745006400,142.204,142.279,142.101,142.113,12915
1745193600,142.028,142.096,141.132,141.18,13825
1745208000,141.179,141.193,140.609,140.76,13132
1745222400,140.76,140.899,140.537,140.566,14603
1745236800,140.566,141.067,140.462,140.775,15496
1745251200,140.775,141.032,140.562,140.827,20531
1745265600,140.828,140.97,140.549,140.88,10489
1745280000,140.771,141.164,140.646,140.843,9642
1745294400,140.846,140.983,140.09,140.187,14922
1745308800,140.185,140.624,139.879,140.507,22521
1745323200,140.506,140.568,140.164,140.521,18097
1745337600,140.519,141.355,140.502,141.295,23549
1745352000,141.29,141.659,141.033,141.61,17025
1745366400,141.606,143.207,141.453,142.077,21321
1745380800,142.077,142.244,141.656,141.95,19670
1745395200,141.949,142.14,141.523,141.73,22392
1745409600,141.731,142.181,141.568,141.838,17694
1745424000,141.839,143.067,141.747,143.015,35967
1745438400,143.016,143.562,142.927,143.465,15458
1745452800,143.338,143.377,142.85,142.938,12687
1745467200,142.938,143.071,142.593,142.745,14417
1745481600,142.745,142.952,142.493,142.635,19284
1745496000,142.627,142.691,142.282,142.396,17132
1745510400,142.394,142.781,142.272,142.641,23445
1745524800,142.641,142.826,142.482,142.556,9370
1745539200,142.579,143.105,142.518,143.055,7275
1745553600,143.056,143.791,142.821,143.61,14256
1745568000,143.609,143.839,143.217,143.409,18073
1745582400,143.409,143.726,143.218,143.409,16841
1745596800,143.409,144.021,143.401,143.805,20782
1745611200,143.804,143.84,143.436,143.73,12208
1745798400,143.519,143.87,143.46,143.48,8952
1745812800,143.48,143.851,143.309,143.315,10975
1745827200,143.313,143.886,143.282,143.546,15938
1745841600,143.533,143.57,143.143,143.336,14371
1745856000,143.336,143.429,142.267,142.331,21487
1745870400,142.33,142.378,141.983,141.997,10189
1745884800,141.999,142.307,141.999,142.236,7604
1745899200,142.236,142.569,142.117,142.518,13438
1745913600,142.518,142.603,142.295,142.583,16395
1745928000,142.584,142.749,142.245,142.299,14650
1745942400,142.298,142.386,141.964,142.037,25027
1745956800,142.038,142.436,142.002,142.355,11266
1745971200,142.161,142.501,142.139,142.421,7833
1745985600,142.421,142.548,142.22,142.508,10223
1746000000,142.508,142.938,142.444,142.899,11983
1746014400,142.899,143.146,142.679,142.811,14092
1746028800,142.812,143.032,142.499,142.67,26402
1746043200,142.67,143.18,142.594,143.055,14061
1746057600,142.939,143.071,142.871,142.998,6851
1746072000,142.997,143.89,142.955,143.87,9606
1746086400,143.87,144.734,143.864,144.208,15914
1746100800,144.212,144.758,144.118,144.7,14572
1746115200,144.702,145.643,144.5,145.386,25041
1746129600,145.386,145.724,145.323,145.343,14105
1746144000,145.335,145.914,145.231,145.863,8949
1746158400,145.864,145.867,145.14,145.382,14725
1746172800,145.382,145.407,144.816,144.823,16932
1746187200,144.822,144.951,144.325,144.632,21255
1746201600,144.636,144.784,143.721,144.662,32042
1746216000,144.663,145.076,144.571,144.85,16338
1746403200,144.671,144.983,144.503,144.634,8291
1746417600,144.632,144.632,144.059,144.141,13431
1746432000,144.14,144.416,143.887,144.045,18078
1746446400,144.039,144.062,143.567,143.626,17036
1746460800,143.626,144.226,143.533,144.164,22175
1746475200,144.163,144.167,143.65,143.701,10001
1746489600,143.666,144.012,143.55,143.994,6869
1746504000,143.994,144.267,143.614,143.703,13191
1746518400,143.703,143.92,142.896,143.12,18123
1746532800,143.121,143.344,142.481,142.509,17149
1746547200,142.508,143.024,142.348,142.721,21451
1746561600,142.722,142.73,142.349,142.384,11051
1746576000,142.363,143.303,142.363,142.943,15102
1746590400,142.944,143.317,142.739,143.272,16847
1746604800,143.274,143.432,142.819,143.31,16189
1746619200,143.311,143.446,143.149,143.348,13579
1746633600,143.348,143.578,143.112,143.406,18651
1746648000,143.405,143.988,142.9,143.82,22838
1746662400,143.727,143.945,143.559,143.844,7599
1746676800,143.844,143.888,143.439,143.771,14814
1746691200,143.773,144.84,143.769,144.802,19225
1746705600,144.803,144.995,144.502,144.678,17445
1746720000,144.677,145.779,144.426,145.716,28385
1746734400,145.713,146.169,145.612,145.891,13049
1746748800,145.793,146.179,145.667,145.689,9346
1746763200,145.689,145.959,145.442,145.494,14579
1746777600,145.493,145.622,145.067,145.176,14285
1746792000,145.178,145.397,144.924,145.241,13331
1746806400,145.241,145.29,144.818,145.272,20629
1746820800,145.272,145.367,145.139,145.367,8124
1747008000,146.184,146.196,145.693,145.897,12309
1747022400,145.898,146.275,145.71,145.918,14540
1747036800,145.918,148.218,145.865,147.748,26444
1747051200,147.75,148.584,147.657,148.043,25014
1747065600,148.043,148.546,147.806,148.505,26321
1747080000,148.504,148.641,148.261,148.462,11782
1747094400,148.418,148.446,147.785,147.806,8518
1747108800,147.805,148.022,147.692,147.695,13617
1747123200,147.694,148.053,147.638,147.914,18308
1747137600,147.916,148.266,147.836,147.982,14762
1747152000,147.983,148.054,147.448,147.597,23736
1747166400,147.598,147.765,147.366,147.441,9233
1747180800,147.425,147.662,147.273,147.357,6292
1747195200,147.356,147.403,146.87,146.938,13443
1747209600,146.939,147.208,146.12,146.243,17343
1747224000,146.242,146.386,145.596,146.184,19271
1747238400,146.185,147.108,145.757,146.689,24007
1747252800,146.69,146.893,146.432,146.758,12758
1747267200,146.684,146.74,146.16,146.206,7604
1747281600,146.207,146.367,145.946,146.082,12182
1747296000,146.083,146.135,145.474,145.743,17297
1747310400,145.742,146.243,145.625,145.793,16363
1747324800,145.787,146.033,145.403,145.609,23713
1747339200,145.612,145.759,145.537,145.64,9868
1747353600,145.55,145.671,144.993,145.08,8400
1747368000,145.081,145.455,144.954,145.298,10840
1747382400,145.299,145.412,144.913,145.295,12983
1747396800,145.294,145.685,145.258,145.505,12949
1747411200,145.505,146.089,145.395,145.932,17264
1747425600,145.932,146.025,145.607,145.619,8028
1747612800,145.287,145.439,144.833,144.899,9070
1747627200,144.898,145.336,144.799,145.306,10901
1747641600,145.308,145.309,144.654,144.878,17359
1747656000,144.875,145.036,144.696,145.01,15253
1747670400,145.011,145.207,144.779,144.978,19761
1747684800,144.976,145.104,144.769,144.866,6455
1747699200,144.812,145.505,144.812,145.263,6176
1747713600,145.26,145.282,144.704,144.755,12032
1747728000,144.754,144.755,144.083,144.476,16570
1747742400,144.477,144.829,144.364,144.804,12093
1747756800,144.806,144.966,144.506,144.804,17930
1747771200,144.803,144.877,144.425,144.508,7303
1747785600,144.474,144.556,144.113,144.166,7785
1747800000,144.166,144.343,143.634,143.735,11985
1747814400,143.736,144.184,143.452,144.11,17153
1747828800,144.11,144.174,143.461,143.68,17297
1747843200,143.679,143.886,143.55,143.641,19074
1747857600,143.64,143.754,143.276,143.672,15702
1747872000,143.612,144.386,143.278,143.461,11509
1747886400,143.462,143.635,143.137,143.29,11385
1747900800,143.291,143.428,142.797,143.27,16823
1747915200,143.271,143.769,143.25,143.545,16541
1747929600,143.545,144.107,143.425,144.012,22688
1747944000,144.012,144.323,143.896,143.983,8257
1747958400,143.91,144.037,143.744,143.854,7132
1747972800,143.854,143.959,143.352,143.461,9862
1747987200,143.46,143.575,143.226,143.307,11654
1748001600,143.305,143.422,142.445,142.597,21937
1748016000,142.598,142.888,142.51,142.636,23226
1748030400,142.636,142.725,142.415,142.559,7428
1748217600,142.44,143.072,142.414,142.558,9258
1748232000,142.556,142.673,142.219,142.558,10996
1748246400,142.557,142.913,142.467,142.887,13060
1748260800,142.886,143.024,142.813,142.967,6912
1748275200,142.968,142.98,142.718,142.72,5432
1748289600,142.719,142.83,142.703,142.828,1120
1748304000,142.733,142.78,142.24,142.272,6027
1748318400,142.27,142.851,142.106,142.847,9423
1748332800,142.848,143.88,142.848,143.859,19017
1748347200,143.86,144.179,143.799,144.016,13544
1748361600,144.017,144.446,143.869,144.369,17223
1748376000,144.368,144.404,144.233,144.328,5633
1748390400,144.248,144.355,143.844,144.118,5392
1748404800,144.118,144.759,144.08,144.416,15275
1748419200,144.415,144.759,143.987,144.033,14779
1748433600,144.034,144.528,143.994,144.508,11597
1748448000,144.506,145.069,144.505,144.908,17755
1748462400,144.907,145.001,144.748,144.869,7706
1748476800,144.762,146.092,144.74,146.09,15064
1748491200,146.089,146.277,145.592,145.736,13317
1748505600,145.735,146.085,145.131,145.259,15764
1748520000,145.26,145.279,144.405,144.424,16707
1748534400,144.423,144.531,144.039,144.138,19839
1748548800,144.137,144.247,143.953,144.152,8426
1748563200,144.13,144.152,143.579,143.766,7653
1748577600,143.765,143.983,143.43,143.767,12182
1748592000,143.768,144.151,143.705,144.042,15411
1748606400,144.043,144.214,143.46,143.718,17318
1748620800,143.717,144.435,143.704,143.891,22477
1748635200,143.886,144.073,143.784,144.044,9609
1748822400,143.736,143.976,143.521,143.531,7142
1748836800,143.527,143.636,143.318,143.53,10352
1748851200,143.528,143.549,142.788,142.923,14573
1748865600,142.922,142.967,142.615,142.824,14066
1748880000,142.822,143.064,142.533,142.924,19540
1748894400,142.925,142.992,142.662,142.672,7974
1748908800,142.666,142.778,142.369,142.698,5809
1748923200,142.697,143.263,142.697,142.936,10248
1748937600,142.938,143.116,142.6,142.792,12807
1748952000,142.794,143.439,142.764,143.415,11062
1748966400,143.414,144.101,143.322,143.974,16465
1748980800,143.971,144.099,143.833,143.996,5991
1748995200,143.825,144.035,143.767,143.985,5789
1749009600,143.987,144.287,143.664,144.246,10286
1749024000,144.247,144.381,143.788,143.882,11897
1749038400,143.88,144.305,143.498,143.546,12475
1749052800,143.546,143.823,142.598,142.631,18089
1749067200,142.632,142.918,142.622,142.759,5868
1749081600,142.708,142.842,142.525,142.658,6419
1749096000,142.659,143.067,142.561,143.022,10946
1749110400,143.021,143.391,142.996,143.272,11286
1749124800,143.274,143.67,142.767,143.359,14169
1749139200,143.358,143.965,142.891,143.524,25110
1749153600,143.521,143.845,143.465,143.607,10549
1749168000,143.438,143.74,143.352,143.715,5285
1749182400,143.716,143.893,143.616,143.83,8230
1749196800,143.831,144.128,143.797,144.049,11129
1749211200,144.048,144.734,143.995,144.611,14158
1749225600,144.615,145.079,144.547,144.956,23832
1749240000,144.957,144.959,144.767,144.855,6464
1749427200,144.813,144.94,144.572,144.93,4516
1749441600,144.921,144.931,144.339,144.374,7170
1749456000,144.373,144.488,144.03,144.148,9442
1749470400,144.147,144.684,143.967,144.625,10983
1749484800,144.624,144.764,144.341,144.387,13521
1749499200,144.39,144.627,144.381,144.617,5465
1749513600,144.477,144.65,144.394,144.514,4912
1749528000,144.509,145.28,144.419,144.929,12178
1749542400,144.928,144.934,144.418,144.64,17672
1749556800,144.64,144.765,144.452,144.635,10154
1749571200,144.635,145.035,144.433,144.964,13656
1749585600,144.962,145.025,144.775,144.899,6143
1749600000,144.812,144.955,144.644,144.915,6477
1749614400,144.916,145.141,144.836,145.027,9150
1749628800,145.028,145.237,144.959,145.059,10554
1749643200,145.06,145.458,144.317,144.724,15669
1749657600,144.723,145.177,144.43,144.613,17262
1749672000,144.61,144.684,144.32,144.553,8766
1749686400,144.433,144.538,143.948,144.035,8311
1749700800,144.035,144.109,143.715,143.939,10667
1749715200,143.941,144.132,143.625,143.789,15612
1749729600,143.789,143.864,143.176,143.278,17064
1749744000,143.279,143.896,143.19,143.602,21308
1749758400,143.594,143.726,143.465,143.493,7196
1749772800,143.436,143.504,142.784,143.033,13061
1749787200,143.032,143.759,142.912,143.646,19388
1749801600,143.646,143.886,143.371,143.785,20200
1749816000,143.786,144.435,143.742,144.287,19968
1749830400,144.288,144.474,143.948,144.027,21348
1749844800,144.027,144.187,143.845,144.111,11862
1750032000,143.889,144.74,143.848,144.357,9186
1750046400,144.357,144.481,144.151,144.297,8958
1750060800,144.296,144.383,143.964,144.257,14360
1750075200,144.256,144.332,143.968,144.092,10967
1750089600,144.093,144.217,143.643,144.164,18409
1750104000,144.163,144.867,144.151,144.724,6777
1750118400,144.69,145.104,144.571,145.054,8644
1750132800,145.056,145.056,144.396,144.583,9786
1750147200,144.582,145.015,144.395,144.895,15132
1750161600,144.902,144.932,144.345,144.851,14651
1750176000,144.845,145.28,144.682,145.215,16996
1750190400,145.213,145.368,145.121,145.234,11742
1750204800,145.188,145.433,145.114,145.31,6461
1750219200,145.311,145.333,144.918,145.009,8421
1750233600,145.012,145.119,144.847,144.957,11864
1750248000,144.958,145.018,144.734,144.883,11042
1750262400,144.882,144.959,144.521,144.674,16501
1750276800,144.673,145.216,144.321,145.109,18608
1750291200,145.062,145.138,144.829,144.876,6274
1750305600,144.877,145.211,144.729,145.03,9806
1750320000,145.029,145.401,145.023,145.275,13988
1750334400,145.276,145.761,145.242,145.534,12390
1750348800,145.535,145.75,145.342,145.705,10076
1750363200,145.707,145.721,145.339,145.414,4220
1750377600,145.329,145.551,145.114,145.242,7143
1750392000,145.244,145.387,145.185,145.342,8042
1750406400,145.343,145.476,145.258,145.32,10621
1750420800,145.321,145.709,145.244,145.583,10762
1750435200,145.583,145.949,145.554,145.834,14792
1750449600,145.833,146.208,145.771,146.069,6763
1750636800,146.638,146.647,146.136,146.444,8984
1750651200,146.445,147.021,146.361,146.978,10458
1750665600,146.979,147.622,146.941,147.597,15541
1750680000,147.596,148.02,147.344,147.407,15949
1750694400,147.408,147.496,146.223,146.354,23141
1750708800,146.355,146.514,146.004,146.102,12378
1750723200,146.041,146.163,145.557,145.596,10842
1750737600,145.597,145.725,145.279,145.41,10978
1750752000,145.409,145.505,144.937,145.084,16534
1750766400,145.085,145.173,144.843,144.98,13659
1750780800,144.98,145.186,144.505,144.695,18574
1750795200,144.695,144.896,144.553,144.857,6572
1750809600,144.864,145.037,144.747,144.876,6097
1750824000,144.877,144.981,144.601,144.929,9025
1750838400,144.928,145.489,144.928,145.469,11833
1750852800,145.47,145.916,145.45,145.852,10184
1750867200,145.852,145.941,145.385,145.444,14163
1750881600,145.443,145.5,145.095,145.235,6464
1750896000,145.137,145.23,144.675,144.683,5302
1750910400,144.682,144.957,144.559,144.774,9193
1750924800,144.774,144.912,143.743,143.917,15914
1750939200,143.917,144.488,143.891,144.299,13999
1750953600,144.302,144.529,144.048,144.237,18604
1750968000,144.237,144.456,144.124,144.396,7567
1750982400,144.352,144.8,144.246,144.642,6645
1750996800,144.644,144.732,144.187,144.537,9567
1751011200,144.533,144.582,144.168,144.414,12619
1751025600,144.415,144.673,144.344,144.437,12883
1751040000,144.438,144.937,144.372,144.637,17481
1751054400,144.637,144.896,144.576,144.642,9773
1751241600,144.301,144.756,144.294,144.611,6605
1751256000,144.612,144.647,143.906,143.937,9373
1751270400,143.936,144.206,143.773,144.106,13935
1751284800,144.105,144.486,144.046,144.453,10352
1751299200,144.452,144.501,144.132,144.216,19489
1751313600,144.215,144.316,143.947,143.978,8939
1751328000,143.945,144.026,143.547,143.561,5341
1751342400,143.56,143.925,143.429,143.743,8519
1751356800,143.742,143.754,142.882,143.032,13760
1751371200,143.031,143.159,142.675,143.058,13570
1751385600,143.061,143.771,142.928,143.686,21228
1751400000,143.685,143.794,143.375,143.394,7762
1751414400,143.366,143.65,143.313,143.467,5666
1751428800,143.464,143.739,143.434,143.545,8282
1751443200,143.547,144.04,143.535,143.962,11649
1751457600,143.962,144.235,143.476,143.864,14477
1751472000,143.865,144.144,143.627,143.726,17703
1751486400,143.73,143.736,143.565,143.64,5343
1751500800,143.56,143.649,143.437,143.579,5078
1751515200,143.578,143.871,143.48,143.829,6024
1751529600,143.83,143.924,143.664,143.864,8938
1751544000,143.867,145.223,143.728,145.001,12501
1751558400,144.999,145.203,144.6,145.044,20412
1751572800,145.044,145.107,144.894,144.907,2708
1751587200,144.897,144.96,144.565,144.596,4124
1751601600,144.595,144.782,144.317,144.368,6213
1751616000,144.367,144.421,144.177,144.334,9605
1751630400,144.333,144.438,144.269,144.414,7321
1751644800,144.413,144.558,144.377,144.491,7482
1751659200,144.49,144.574,144.427,144.529,9380
1751846400,144.364,144.621,144.288,144.345,5610
1751860800,144.346,144.991,144.216,144.976,8213
1751875200,144.975,145.335,144.934,145.328,10776
1751889600,145.326,145.636,145.267,145.583,9074
1751904000,145.582,146.138,145.565,146.111,12578
1751918400,146.111,146.232,146.008,146.027,8910
1751932800,145.992,146.201,145.824,146.151,6723
1751947200,146.152,146.434,145.874,145.988,9519
1751961600,145.989,146.271,145.938,146.182,10693
1751976000,146.184,146.678,146.049,146.642,9307
1751990400,146.641,146.967,146.624,146.737,13877
1752004800,146.738,146.799,146.5,146.556,7802
1752019200,146.504,146.9,146.49,146.782,5406
1752033600,146.783,147.172,146.729,147.032,8263
1752048000,147.03,147.058,146.588,146.67,8799
1752062400,146.67,146.772,146.461,146.478,9272
1752076800,146.477,146.557,146.262,146.404,11984
1752091200,146.405,146.476,146.244,146.332,5821
1752105600,146.275,146.31,145.747,145.805,5366
1752120000,145.807,146.401,145.757,146.212,6806
1752134400,146.21,146.456,146.057,146.345,9197
1752148800,146.347,146.536,146.077,146.43,8304
1752163200,146.429,146.777,146.342,146.456,13730
1752177600,146.455,146.468,146.161,146.228,5417
1752192000,146.196,146.633,146.128,146.547,5864
1752206400,146.546,147.175,146.513,147.073,8222
1752220800,147.072,147.1,146.714,146.976,9757
1752235200,146.977,147.085,146.76,146.963,8709
1752249600,146.963,147.512,146.896,147.36,12296
1752264000,147.36,147.471,147.311,147.397,5085
1752451200,147.153,147.56,146.91,146.943,7063
1752465600,146.942,147.433,146.846,147.367,8475
1752480000,147.366,147.475,147.167,147.31,9876
1752494400,147.311,147.456,147.147,147.383,8093
1752508800,147.382,147.749,147.303,147.706,11807
1752523200,147.707,147.769,147.664,147.752,3818
1752537600,147.67,147.879,147.555,147.578,4011
1752552000,147.576,147.814,147.546,147.658,5498
1752566400,147.658,147.778,147.544,147.667,6815
1752580800,147.668,148.138,147.603,147.885,9675
1752595200,147.884,149.013,147.879,148.887,16564
1752609600,148.886,148.988,148.8,148.842,4906
1752624000,148.808,149.029,148.699,148.968,4614
1752638400,148.972,149.177,148.731,148.921,6567
1752652800,148.92,148.94,148.611,148.83,8966
1752667200,148.829,148.879,148.461,148.696,9770
1752681600,148.696,148.92,146.902,148.035,28495
1752696000,148.035,148.05,147.481,147.846,10001
1752710400,147.787,148.416,147.721,148.373,5051
1752724800,148.374,148.652,148.27,148.411,7473
1752739200,148.412,148.796,148.36,148.577,10568
1752753600,148.577,149.078,148.514,148.708,11080
1752768000,148.707,148.743,148.371,148.616,14767
1752782400,148.616,148.744,148.543,148.581,4921
1752796800,148.471,148.616,148.282,148.574,4906
1752811200,148.576,148.715,148.374,148.659,6949
1752825600,148.659,148.875,148.493,148.583,8098
1752840000,148.58,148.715,148.313,148.351,7730
1752854400,148.35,148.723,148.177,148.681,12652
1752868800,148.68,148.81,148.648,148.807,4886
1753056000,147.937,148.654,147.928,148.378,5882
1753070400,148.379,148.55,148.322,148.438,4374
1753084800,148.438,148.439,147.685,147.887,9754
1753099200,147.886,147.967,147.33,147.483,8533
1753113600,147.483,147.714,147.075,147.156,11677
1753128000,147.154,147.426,147.104,147.357,4541
1753142400,147.25,147.703,147.198,147.479,4510
1753156800,147.479,147.663,147.404,147.63,5412
1753171200,147.63,147.939,147.596,147.607,7435
1753185600,147.605,147.605,146.734,146.794,8927
1753200000,146.793,146.883,146.304,146.418,15334
1753214400,146.417,146.66,146.417,146.649,5080
1753228800,146.578,146.934,146.192,146.431,9852
1753243200,146.431,147.195,146.383,146.937,12021
1753257600,146.935,147.205,146.59,146.784,11374
1753272000,146.787,146.791,146.102,146.407,9298
1753286400,146.407,146.719,146.228,146.57,15482
1753300800,146.57,146.614,146.365,146.466,7314
1753315200,146.406,146.51,146.234,146.424,5418
1753329600,146.42,146.428,145.847,146.014,9769
1753344000,146.012,146.557,145.949,146.537,11226
1753358400,146.537,146.823,146.44,146.784,9948
1753372800,146.786,146.944,146.35,146.892,16941
1753387200,146.891,147.002,146.747,146.993,6034
1753401600,146.942,147.332,146.937,147.203,5781
1753416000,147.203,147.484,147.092,147.131,7744
1753430400,147.132,147.823,146.806,147.747,12179
1753444800,147.747,147.929,147.596,147.849,8713
1753459200,147.848,147.912,147.521,147.751,15629
1753473600,147.749,147.772,147.524,147.635,4887
1753660800,147.698,147.868,147.593,147.607,6243
1753675200,147.606,148.013,147.51,147.736,7423
1753689600,147.735,148.364,147.725,148.266,12326
1753704000,148.263,148.44,148.02,148.047,12108
1753718400,148.043,148.51,147.932,148.479,12916
1753732800,148.48,148.567,148.385,148.526,4302
1753747200,148.429,148.701,148.404,148.676,4486
1753761600,148.677,148.694,148.282,148.339,7589
1753776000,148.34,148.74,148.15,148.545,11543
1753790400,148.545,148.763,148.377,148.697,9830
1753804800,148.697,148.798,148.344,148.552,15093
1753819200,148.554,148.576,148.329,148.448,6175
1753833600,148.384,148.518,148.028,148.048,4263
1753848000,148.049,148.162,147.837,148.149,7730
1753862400,148.148,148.163,147.797,147.954,10509
1753876800,147.952,148.876,147.848,148.844,12202
1753891200,148.844,149.122,148.822,148.926,13350
1753905600,148.925,149.491,148.513,149.479,16725
1753920000,149.436,149.452,149.173,149.296,4858
1753934400,149.296,149.331,148.581,148.879,9549
1753948800,148.88,149.714,148.676,149.625,15910
1753963200,149.626,150.247,149.613,150.183,12822
1753977600,150.181,150.78,150.168,150.677,18026
1753992000,150.676,150.829,150.551,150.777,8408
1754006400,150.695,150.884,150.584,150.727,6264
1754020800,150.727,150.906,150.545,150.6,8806
1754035200,150.599,150.649,150.407,150.602,10952
1754049600,150.596,150.621,148.557,148.625,16519
1754064000,148.626,148.649,147.474,147.819,33547
1754078400,147.819,147.94,147.277,147.364,13689
1754265600,147.231,147.683,147.051,147.645,8465
1754280000,147.645,147.899,147.545,147.678,8819
1754294400,147.677,148.08,147.524,147.888,13258
1754308800,147.885,147.935,146.998,147.185,11557
1754323200,147.183,147.345,146.857,147.032,17139
1754337600,147.03,147.088,146.9,147.04,6828
1754352000,147.048,147.081,146.612,146.918,6082
1754366400,146.918,147.253,146.875,147.075,7193
1754380800,147.074,147.627,147.023,147.575,10537
1754395200,147.575,147.769,147.444,147.655,9836
1754409600,147.656,147.826,147.296,147.538,18346
1754424000,147.537,147.697,147.479,147.538,5720
1754438400,147.532,147.636,147.441,147.575,4302
1754452800,147.576,147.74,147.299,147.338,6083
1754467200,147.337,147.837,147.327,147.798,8490
1754481600,147.799,147.875,147.401,147.434,9865
1754496000,147.434,147.65,147.202,147.34,14939
1754510400,147.34,147.6,146.969,147.338,7559
1754524800,147.281,147.591,147.144,147.574,4759
1754539200,147.574,147.702,147.26,147.295,7788
1754553600,147.297,147.335,146.684,147.125,12195
1754568000,147.121,147.486,147.013,147.278,13110
1754582400,147.278,147.577,147.101,147.354,16796
1754596800,147.354,147.558,146.937,147.107,9001
1754611200,146.988,147.185,146.713,147.14,6593
1754625600,147.139,147.364,147.108,147.148,5904
1754640000,147.153,147.685,147.127,147.639,9976
1754654400,147.639,147.884,147.535,147.837,10149
1754668800,147.836,147.894,147.628,147.73,11996
1754683200,147.73,147.81,147.622,147.728,7239
1754870400,147.46,147.78,147.458,147.653,3617
1754884800,147.656,147.707,147.419,147.473,4714
1754899200,147.474,147.653,147.343,147.498,7276
1754913600,147.498,147.94,147.477,147.802,7771
1754928000,147.801,148.103,147.779,147.983,10069
1754942400,147.982,148.242,147.964,148.121,4862
1754956800,148.036,148.423,148.032,148.398,3927
1754971200,148.397,148.437,148.203,148.345,5353
1754985600,148.345,148.458,148.141,148.418,9039
1755000000,148.412,148.511,147.835,148.024,11280
1755014400,148.031,148.438,147.571,147.704,21991
1755028800,147.703,147.856,147.68,147.835,5717
1755043200,147.722,147.884,147.694,147.795,3832
1755057600,147.792,148.16,147.723,147.924,6540
1755072000,147.923,148.001,147.193,147.259,9050
1755086400,147.258,147.558,147.15,147.399,9763
1755100800,147.399,147.426,147.08,147.337,12091
1755115200,147.337,147.504,147.292,147.35,4622
1755129600,147.314,147.357,146.611,146.681,4696
1755144000,146.684,146.743,146.33,146.375,8736
1755158400,146.375,146.624,146.208,146.544,12334
1755172800,146.543,147.097,146.418,146.943,12423
1755187200,146.943,147.883,146.938,147.84,17050
1755201600,147.839,147.953,147.708,147.728,5254
1755216000,147.649,147.859,147.458,147.476,3805
1755230400,147.47,147.504,147.107,147.129,5969
1755244800,147.13,147.213,146.845,146.849,8297
1755259200,146.85,147.265,146.731,146.883,8709
1755273600,146.881,147.256,146.762,147.192,14087
1755288000,147.193,147.322,147.154,147.157,4679
1755475200,147.12,147.453,147.072,147.419,4317
1755489600,147.419,147.574,147.293,147.371,5874
1755504000,147.37,147.512,147.111,147.334,9713
1755518400,147.333,147.785,147.272,147.719,8017
1755532800,147.717,147.976,147.672,147.782,9247
1755547200,147.781,147.915,147.651,147.858,4186
1755561600,147.688,147.974,147.679,147.769,3743
1755576000,147.769,148.103,147.617,147.751,7961
1755590400,147.75,147.767,147.525,147.656,8306
1755604800,147.655,147.843,147.594,147.773,7742
1755619200,147.776,147.891,147.544,147.618,11237
1755633600,147.617,147.673,147.436,147.656,5374
1755648000,147.562,147.807,147.496,147.56,3735
1755662400,147.562,147.657,147.416,147.572,7748
1755676800,147.571,147.687,147.131,147.578,9588
1755691200,147.578,147.583,147.232,147.266,7104
1755705600,147.265,147.431,146.863,147.109,12788
1755720000,147.108,147.482,147.002,147.29,4832
1755734400,147.22,147.454,147.193,147.379,4613
1755748800,147.38,147.499,147.248,147.377,5691
1755763200,147.376,147.63,147.335,147.579,7128
1755777600,147.578,147.923,147.474,147.75,8040
1755792000,147.747,148.394,147.575,148.28,13950
1755806400,148.279,148.397,148.159,148.358,3808
1755820800,148.242,148.497,148.231,148.467,4464
1755835200,148.467,148.755,148.403,148.738,5880
1755849600,148.738,148.769,148.403,148.629,6907
1755864000,148.628,148.731,148.59,148.697,6507
1755878400,148.695,148.712,146.566,146.696,21704
1755892800,146.695,146.992,146.57,146.927,6411
1756080000,146.822,147.519,146.756,147.383,5755
1756094400,147.382,147.507,147.2,147.224,5501
1756108800,147.225,147.367,147.089,147.278,6475
1756123200,147.277,147.443,147.216,147.371,5416
1756137600,147.372,147.665,147.283,147.527,10338
1756152000,147.527,147.929,147.493,147.692,6649
1756166400,147.682,147.87,146.98,147.103,8823
1756180800,147.102,147.803,147.102,147.76,8427
1756195200,147.762,147.897,147.486,147.564,11597
1756209600,147.564,147.659,147.321,147.534,8351
1756224000,147.535,147.713,147.092,147.299,12233
1756238400,147.298,147.534,147.262,147.405,5325
1756252800,147.303,147.57,147.271,147.57,4071
1756267200,147.573,147.95,147.507,147.936,6031
1756281600,147.937,147.995,147.648,147.907,7488
1756296000,147.908,148.174,147.857,148.061,7378
1756310400,148.061,148.119,147.333,147.351,12103
1756324800,147.35,147.51,147.285,147.385,6551
1756339200,147.314,147.482,147.196,147.289,5330
1756353600,147.288,147.437,147.074,147.153,6239
1756368000,147.153,147.393,146.991,147.18,8542
1756382400,147.179,147.179,146.8,147.094,10078
1756396800,147.094,147.223,146.822,146.841,12606
1756411200,146.84,146.985,146.654,146.951,4630
1756425600,146.787,147.07,146.757,146.817,5114
1756440000,146.814,147.103,146.781,146.897,6428
1756454400,146.896,147.189,146.859,146.945,7122
1756468800,146.945,147.4,146.932,147.312,8220
1756483200,147.313,147.38,146.761,146.905,13243
1756497600,146.906,147.096,146.874,147.016,4887
1756684800,146.934,147.248,146.92,147.224,3532
1756699200,147.225,147.37,146.834,147.037,7076
1756713600,147.041,147.193,146.778,146.979,8037
1756728000,146.979,147.224,146.932,147.194,6079
1756742400,147.192,147.297,147.159,147.228,5321
1756756800,147.227,147.233,147.128,147.149,2004
1756771200,147.087,147.346,147.038,147.296,4719
1756785600,147.297,147.853,147.186,147.716,8175
1756800000,147.716,148.784,147.692,148.431,14879
1756814400,148.431,148.935,148.365,148.815,14029
1756828800,148.814,148.84,147.929,148.29,17089
1756843200,148.289,148.523,148.237,148.326,5392
1756857600,148.255,148.758,148.249,148.749,4323
1756872000,148.748,148.914,148.546,148.58,5983
1756886400,148.584,149.128,148.481,148.578,11074
1756900800,148.579,148.789,148.425,148.718,8745
1756915200,148.717,148.786,147.901,147.931,15735
1756929600,147.93,148.152,147.872,148.044,5349
1756944000,147.972,148.161,147.899,148.019,5132
1756958400,148.021,148.272,147.782,148.233,7117
1756972800,148.234,148.405,148.103,148.208,8126
1756987200,148.207,148.521,148.006,148.419,9383
1757001600,148.42,148.768,148.345,148.612,13532
1757016000,148.611,148.664,148.423,148.434,3818
1757030400,148.449,148.506,148.121,148.162,5050
1757044800,148.163,148.255,148.072,148.21,5287
1757059200,148.21,148.265,148.108,148.154,6169
1757073600,148.153,148.244,147.175,147.289,12898
1757088000,147.286,147.458,146.811,147.135,21379
1757102400,147.131,147.495,147.126,147.365,7190
1757289600,148.141,148.568,147.91,148.332,9750
1757304000,148.331,148.379,147.998,148.159,7573
1757318400,148.153,148.17,147.457,147.679,9761
1757332800,147.679,147.871,147.644,147.689,7701
1757347200,147.686,147.865,147.531,147.679,11062
1757361600,147.678,147.758,147.332,147.491,5283
1757376000,147.381,147.509,147.148,147.336,5424
1757390400,147.336,147.394,147.087,147.119,5770
1757404800,147.12,147.326,146.539,146.618,11408
1757419200,146.617,146.997,146.302,146.916,10350
1757433600,146.915,147.34,146.513,147.264,16549
1757448000,147.263,147.459,147.231,147.412,5357
1757462400,147.407,147.468,147.246,147.417,3765
1757476800,147.416,147.565,147.262,147.318,6152
1757491200,147.319,147.578,147.272,147.509,8360
1757505600,147.509,147.636,147.068,147.523,10146
1757520000,147.525,147.596,147.254,147.368,11968
1757534400,147.367,147.459,147.24,147.405,4361
1757548800,147.404,147.46,147.274,147.451,3412
1757563200,147.452,147.47,147.312,147.425,3642
1757577600,147.424,147.854,147.419,147.842,7130
1757592000,147.84,148.167,147.353,147.523,10789
1757606400,147.52,147.61,146.979,147.049,16701
1757620800,147.049,147.299,147.042,147.195,6423
1757635200,147.192,147.33,147.116,147.224,3404
1757649600,147.223,147.537,147.206,147.492,4399
1757664000,147.493,147.918,147.233,147.888,9310
1757678400,147.883,148.065,147.677,147.841,8928
1757692800,147.841,147.881,147.581,147.676,10731
1757707200,147.676,147.705,147.456,147.655,4325
1757894400,147.491,147.758,147.489,147.541,2992
1757908800,147.54,147.602,147.332,147.396,4103
1757923200,147.394,147.599,147.366,147.401,6824
1757937600,147.4,147.47,147.239,147.261,7346
1757952000,147.262,147.461,147.224,147.33,9024
1757966400,147.329,147.414,147.233,147.387,4621
1757980800,147.33,147.492,147.295,147.434,3564
1757995200,147.436,147.53,146.96,147.006,7619
1758009600,147.005,147.084,146.684,146.988,10567
1758024000,146.99,147.254,146.853,147.094,11724
1758038400,147.089,147.129,146.344,146.349,14971
1758052800,146.348,146.497,146.27,146.438,6610
1758067200,146.435,146.561,146.205,146.527,5285
1758081600,146.528,146.596,146.424,146.447,5376
1758096000,146.446,146.673,146.363,146.442,8002
1758110400,146.442,146.47,146.183,146.371,8592
1758124800,146.37,146.392,146.202,146.281,9786
1758139200,146.28,147.036,145.475,146.97,29431
1758153600,146.967,147.02,146.76,146.907,6660
1758168000,146.907,147.212,146.838,147.197,8240
1758182400,147.199,147.525,147.019,147.427,14422
1758196800,147.426,147.792,147.153,147.781,14081
1758211200,147.782,148.257,147.777,147.857,20327
1758225600,147.858,148.0,147.794,147.987,5674
1758240000,147.825,148.105,147.82,147.999,4147
1758254400,147.998,148.097,147.189,147.515,14209
1758268800,147.516,148.026,147.409,147.846,17260
1758283200,147.845,148.274,147.746,148.151,10603
1758297600,148.15,148.15,147.784,147.842,15720
1758312000,147.843,147.986,147.837,147.945,4535
1758499200,147.853,148.249,147.851,148.154,4070
1758513600,148.153,148.367,148.082,148.279,6793
1758528000,148.28,148.297,147.811,147.847,9889
1758542400,147.846,147.938,147.735,147.833,9002
1758556800,147.832,147.975,147.717,147.734,11668
1758571200,147.733,147.771,147.65,147.691,4820
1758585600,147.661,147.759,147.643,147.659,2598
1758600000,147.658,147.857,147.594,147.791,5588
1758614400,147.792,147.831,147.529,147.557,9549
1758628800,147.556,147.875,147.5,147.766,9101
1758643200,147.765,147.918,147.607,147.765,15043
1758657600,147.764,147.766,147.454,147.647,8943
1758672000,147.643,147.82,147.51,147.769,4639
1758686400,147.767,147.953,147.707,147.894,5920
1758700800,147.894,148.283,147.811,148.256,8322
1758715200,148.256,148.707,148.205,148.661,8857
1758729600,148.661,148.784,148.58,148.756,12148
1758744000,148.757,148.897,148.698,148.859,4332
1758758400,148.855,148.857,148.551,148.565,4304
1758772800,148.565,148.851,148.552,148.598,5124
1758787200,148.598,148.852,148.592,148.733,8531
1758801600,148.73,149.344,148.676,149.235,11228
1758816000,149.234,149.86,149.135,149.799,17721
1758830400,149.807,149.919,149.721,149.753,7795
1758844800,149.751,149.949,149.629,149.675,6117
1758859200,149.676,149.84,149.625,149.636,5709
1758873600,149.638,149.876,149.608,149.744,7958
1758888000,149.743,149.942,149.58,149.615,10950
1758902400,149.614,149.776,149.416,149.543,15347
1758916800,149.542,149.551,149.397,149.497,4927
1759104000,149.381,149.502,149.104,149.168,3990
1759118400,149.168,149.271,148.877,148.94,6907
1759132800,148.943,148.971,148.464,148.52,10580
1759147200,148.52,148.806,148.449,148.596,9308
1759161600,148.595,148.73,148.472,148.573,12433
1759176000,148.572,148.681,148.538,148.598,4743
1759190400,148.539,148.838,148.494,148.787,5382
1759204800,148.786,148.794,148.376,148.395,7594
1759219200,148.395,148.437,147.822,147.849,12549
1759233600,147.846,148.087,147.825,147.948,8872
1759248000,147.948,148.054,147.633,147.734,16961
1759262400,147.733,147.963,147.644,147.925,6983
1759276800,147.923,148.217,147.751,148.1,5226
1759291200,148.099,148.158,147.546,147.547,6911
1759305600,147.546,147.632,146.89,147.141,15454
1759320000,147.145,147.255,146.576,146.79,17460
1759334400,146.789,147.244,146.611,147.153,22808
1759348800,147.152,147.221,147.015,147.037,5600
1759363200,146.992,147.314,146.986,147.184,4159
1759377600,147.184,147.216,146.932,147.166,5593
1759392000,147.165,147.368,146.718,146.788,12361
1759406400,146.789,147.191,146.592,147.156,10548
1759420800,147.155,147.507,147.051,147.157,14668
1759435200,147.159,147.27,147.12,147.233,3930
1759449600,147.207,147.371,147.086,147.344,3385
1759464000,147.345,147.759,147.171,147.717,7014
1759478400,147.716,147.807,147.272,147.322,9558
1759492800,147.321,147.425,147.212,147.253,7795
1759507200,147.253,147.528,147.011,147.497,14949
1759521600,147.497,147.534,147.379,147.459,4980
1759708800,149.411,149.856,149.039,149.699,16152
1759723200,149.698,150.334,149.578,150.306,12031
1759737600,150.306,150.427,149.943,150.361,17536
1759752000,150.364,150.468,149.745,149.777,14987
1759766400,149.774,150.164,149.747,150.154,14780
1759780800,150.153,150.375,150.075,150.348,3971
1759795200,150.251,150.61,150.196,150.483,5992
1759809600,150.484,150.603,150.24,150.406,5584
1759824000,150.406,150.822,150.394,150.785,10265
1759838400,150.784,151.019,150.699,150.824,8513
1759852800,150.825,151.399,150.725,151.318,15265
1759867200,151.317,152.033,151.243,151.871,8197
1759881600,151.869,152.365,151.732,152.298,7562
1759896000,152.302,152.639,152.265,152.356,9314
1759910400,152.354,152.775,152.245,152.736,14188
1759924800,152.735,152.99,152.422,152.5,11774
1759939200,152.499,152.79,152.366,152.749,13425
1759953600,152.749,152.935,152.595,152.65,7236
1759968000,152.647,152.728,152.448,152.695,7167
1759982400,152.697,152.758,152.401,152.461,8098
1759996800,152.461,153.208,152.458,152.792,14309
1760011200,152.791,152.847,152.459,152.738,13144
1760025600,152.738,153.224,152.093,152.994,22913
1760040000,152.994,153.203,152.901,153.053,8937
1760054400,153.049,153.265,152.847,152.95,6712
1760068800,152.949,153.041,152.631,152.745,7716
1760083200,152.744,152.939,152.369,152.638,17043
1760097600,152.636,152.836,152.509,152.549,10397
1760112000,152.549,152.703,151.498,151.88,31336
1760126400,151.879,151.94,151.148,151.156,12336
1760313600,151.829,152.262,151.737,151.837,12264
1760328000,151.836,152.005,151.799,151.904,7452
1760342400,151.903,152.439,151.713,152.332,14645
1760356800,152.332,152.36,151.969,152.207,11245
1760371200,152.206,152.439,152.095,152.272,11651
1760385600,152.271,152.34,152.21,152.29,4253
1760400000,152.136,152.605,152.124,152.457,5727
1760414400,152.457,152.489,151.773,151.852,10759
1760428800,151.851,152.117,151.611,151.967,20744
1760443200,151.97,152.144,151.852,152.039,14109
1760457600,152.038,152.155,151.66,151.729,23697
1760472000,151.728,151.858,151.591,151.778,8405
1760486400,151.776,151.861,151.489,151.557,6626
1760500800,151.551,151.597,150.996,151.237,9016
1760515200,151.24,151.387,150.892,151.209,12971
1760529600,151.209,151.679,151.209,151.628,11748
1760544000,151.627,151.728,151.029,151.182,17036
1760558400,151.182,151.38,151.032,151.04,9719
1760572800,151.005,151.136,150.502,150.699,8489
1760587200,150.698,151.102,150.504,151.032,8775
1760601600,151.034,151.373,150.934,151.234,14306
1760616000,151.236,151.387,151.024,151.09,10909
1760630400,151.092,151.277,150.224,150.387,24403
1760644800,150.387,150.464,150.204,150.407,17803
1760659200,150.34,150.423,150.037,150.222,8253
1760673600,150.221,150.38,149.885,149.956,11682
1760688000,149.955,149.967,149.37,149.776,24794
1760702400,149.772,150.533,149.596,150.377,21766
1760716800,150.376,150.583,150.149,150.4,24969
1760731200,150.399,150.616,150.357,150.571,8385
1760918400,150.338,150.968,150.315,150.9,8020
1760932800,150.9,151.192,150.506,150.59,7808
1760947200,150.589,150.822,150.49,150.575,12022
1760961600,150.574,150.845,150.266,150.664,11876
1760976000,150.665,150.843,150.402,150.666,13282
1760990400,150.674,150.819,150.621,150.724,4355
1761004800,150.719,150.842,150.461,150.648,5698
1761019200,150.647,151.228,150.519,151.068,10198
1761033600,151.067,151.67,150.855,151.602,19093
1761048000,151.602,152.166,151.587,152.02,14555
1761062400,152.02,152.082,151.449,151.847,20651
1761076800,151.846,151.963,151.802,151.902,5509
1761091200,151.897,151.948,151.596,151.621,5509
1761105600,151.62,151.867,151.482,151.752,7296
1761120000,151.751,151.941,151.614,151.68,12180
1761134400,151.679,151.959,151.645,151.918,12266
1761148800,151.92,152.036,151.493,151.755,19092
1761163200,151.754,152.0,151.598,151.897,9500
1761177600,151.895,152.252,151.817,152.144,5524
1761192000,152.144,152.565,152.108,152.404,5623
1761206400,152.403,152.641,152.312,152.601,11144
1761220800,152.6,152.783,152.448,152.527,9297
1761235200,152.526,152.788,152.468,152.712,14773
1761249600,152.711,152.758,152.487,152.563,4915
1761264000,152.558,152.666,152.468,152.64,4194
1761278400,152.64,152.905,152.632,152.881,6171
1761292800,152.882,153.05,152.746,152.944,10507
1761307200,152.943,152.987,152.219,152.667,12900
1761321600,152.665,153.007,152.591,152.831,17593
1761336000,152.831,152.886,152.742,152.857,4493
1761523200,153.005,153.168,152.647,152.827,8990
1761537600,152.826,153.247,152.816,153.122,5663
1761552000,153.118,153.129,152.692,152.737,12067
1761566400,152.742,153.188,152.557,153.103,13100
1761580800,153.101,153.181,152.933,153.053,9743
1761595200,153.052,153.063,152.751,152.833,4086
1761609600,152.819,152.821,152.257,152.392,7235
1761624000,152.393,152.465,151.75,151.904,9645
1761638400,151.906,152.342,151.799,151.908,14264
1761652800,151.906,152.363,151.818,152.189,13056
1761667200,152.185,152.294,151.844,152.166,15887
1761681600,152.165,152.236,151.938,152.074,4870
1761696000,152.03,152.184,151.533,151.887,10402
1761710400,151.886,152.532,151.881,152.359,7380
1761724800,152.357,152.458,151.994,152.224,11419
1761739200,152.223,152.4,151.852,151.991,10252
1761753600,151.991,152.308,151.888,152.246,12479
1761768000,152.244,153.05,152.176,152.586,22893
1761782400,152.594,152.937,152.442,152.535,9417
1761796800,152.534,153.128,152.144,153.029,16705
1761811200,153.029,153.879,152.925,153.773,18773
1761825600,153.772,154.435,153.767,154.189,14962
1761840000,154.189,154.332,154.034,154.093,15505
1761854400,154.092,154.156,154.012,154.072,5610
1761868800,154.033,154.155,153.646,153.822,7653
1761883200,153.821,154.06,153.732,153.905,6182
1761897600,153.903,154.404,153.876,154.132,12246
1761912000,154.131,154.243,153.885,154.068,10992
1761926400,154.069,154.169,153.885,154.087,13015
1761940800,154.086,154.126,153.95,153.951,4107
1762128000,153.955,154.24,153.954,154.107,3918
1762142400,154.107,154.125,153.982,154.114,2994
1762156800,154.113,154.276,154.043,154.158,6651
1762171200,154.159,154.287,154.088,154.241,5088
1762185600,154.24,154.262,153.887,154.145,11392
1762200000,154.145,154.243,154.108,154.187,3861
1762214400,154.183,154.474,154.167,154.321,5856
1762228800,154.32,154.348,153.682,153.725,8032
1762243200,153.724,153.78,153.322,153.476,12790
1762257600,153.475,153.613,153.302,153.379,9399
1762272000,153.378,153.632,153.329,153.581,12546
1762286400,153.58,153.683,153.539,153.654,5539
1762300800,153.652,153.734,152.951,153.155,9631
1762315200,153.154,153.558,153.057,153.514,10379
1762329600,153.513,153.731,153.41,153.681,10075
1762344000,153.68,153.982,153.556,153.972,7919
1762358400,153.973,154.346,153.888,154.066,13265
1762372800,154.066,154.134,153.998,154.063,4059
1762387200,154.06,154.132,153.795,153.862,5011
1762401600,153.861,154.018,153.787,153.875,4215
1762416000,153.876,153.995,153.523,153.712,7153
1762430400,153.711,153.766,153.397,153.494,7472
1762444800,153.494,153.578,152.822,153.001,14297
1762459200,153.0,153.148,152.911,153.054,5854
1762473600,152.993,153.298,152.814,153.122,8023
1762488000,153.119,153.359,152.954,153.345,5986
1762502400,153.344,153.531,153.338,153.486,7436
1762516800,153.486,153.486,152.998,153.351,9899
1762531200,153.35,153.466,153.005,153.087,18262
1762545600,153.086,153.586,153.023,153.401,9388
1762732800,153.68,153.943,153.43,153.824,9841
1762747200,153.823,154.062,153.78,153.934,6048
1762761600,153.932,154.223,153.894,154.151,9430
1762776000,154.15,154.241,153.974,154.051,6917
1762790400,154.051,154.156,153.877,153.946,12403
1762804800,153.947,154.145,153.912,154.138,4160
1762819200,153.968,154.486,153.968,154.318,5673
1762833600,154.317,154.382,154.081,154.121,7503
1762848000,154.119,154.434,154.08,154.322,6193
1762862400,154.321,154.352,153.653,153.766,7592
1762876800,153.766,154.125,153.694,154.066,9375
1762891200,154.067,154.153,154.043,154.129,2774
1762905600,154.128,154.342,154.039,154.315,5204
1762920000,154.313,154.783,154.23,154.634,7945
1762934400,154.634,154.897,154.485,154.838,7879
1762948800,154.837,154.983,154.697,154.933,7492
1762963200,154.932,155.037,154.488,154.586,12774
1762977600,154.587,154.856,154.567,154.763,4655
1762992000,154.739,155.009,154.684,154.725,6397
1763006400,154.724,154.992,154.615,154.946,5131
1763020800,154.946,154.999,154.316,154.518,10189
1763035200,154.517,154.756,154.476,154.641,8712
1763049600,154.64,154.667,154.119,154.309,18621
1763064000,154.308,154.574,154.265,154.462,9032
1763078400,154.498,154.735,154.428,154.495,7270
1763092800,154.496,154.568,154.303,154.475,6399
1763107200,154.474,154.725,154.427,154.683,11005
1763121600,154.684,154.754,153.609,154.079,16283
1763136000,154.079,154.735,153.972,154.634,21377
1763150400,154.633,154.655,154.488,154.496,7084
1763337600,154.476,154.649,154.409,154.568,6899
1763352000,154.567,154.777,154.564,154.681,4444
1763366400,154.68,154.823,154.618,154.746,8076
1763380800,154.745,154.908,154.688,154.882,7574
1763395200,154.88,155.293,154.857,155.152,14604
1763409600,155.151,155.251,155.061,155.213,8407
1763424000,155.168,155.368,155.138,155.192,7844
1763438400,155.191,155.275,154.807,155.075,11565
1763452800,155.074,155.257,154.863,155.226,16749
1763467200,155.225,155.433,155.051,155.163,13915
1763481600,155.162,155.686,155.032,155.683,25681
1763496000,155.682,155.724,155.468,155.515,11103
1763510400,155.514,155.58,155.364,155.488,8154
1763524800,155.487,155.544,155.205,155.362,10346
1763539200,155.361,155.953,155.316,155.945,13076
1763553600,155.945,156.286,155.927,156.275,11881
1763568000,156.273,156.858,156.257,156.746,21638
1763582400,156.745,157.131,156.683,157.122,10720
1763596800,157.119,157.427,156.869,157.414,10116
1763611200,157.413,157.565,157.256,157.551,9616
1763625600,157.55,157.769,157.103,157.173,13136
1763640000,157.172,157.852,157.143,157.564,15583
1763654400,157.563,157.884,157.255,157.51,34102
1763668800,157.509,157.687,157.42,157.439,16011
1763683200,157.433,157.533,157.188,157.478,10392
1763697600,157.478,157.48,157.074,157.218,10207
1763712000,157.217,157.248,156.559,156.752,16583
1763726400,156.751,156.886,156.548,156.805,18509
1763740800,156.807,156.955,156.188,156.533,29089
1763755200,156.531,156.635,156.256,156.323,10770
1763942400,156.298,156.79,156.284,156.715,5518
1763956800,156.71,156.726,156.491,156.574,5033
1763971200,156.573,156.927,156.535,156.741,10394
1763985600,156.74,156.977,156.69,156.907,12710
1764000000,156.907,157.178,156.73,156.879,15113
1764014400,156.878,156.892,156.702,156.882,5739
1764028800,156.878,156.974,156.549,156.645,7095
1764043200,156.644,156.841,156.6,156.725,5428
1764057600,156.725,156.79,156.126,156.291,11474
1764072000,156.29,156.511,156.021,156.139,14651
1764086400,156.138,156.325,155.794,155.891,22559
1764100800,155.89,156.178,155.799,156.056,8240
1764115200,156.053,156.365,155.804,155.937,8100
1764129600,155.936,156.175,155.645,156.107,9692
1764144000,156.105,156.493,156.042,156.447,13126
1764158400,156.446,156.678,156.32,156.654,17001
1764172800,156.654,156.725,156.279,156.396,15253
1764187200,156.395,156.501,156.338,156.397,5077
1764201600,156.359,156.446,155.713,156.045,6914
1764216000,156.043,156.174,155.803,155.979,6659
1764230400,155.98,156.394,155.908,156.348,8923
1764244800,156.349,156.38,156.237,156.256,5730
1764259200,156.256,156.359,156.224,156.323,4083
1764273600,156.322,156.359,156.255,156.268,1355
1764288000,156.252,156.574,156.165,156.369,5900
1764302400,156.369,156.399,156.086,156.338,41411
1764316800,156.331,156.43,156.214,156.308,41683
1764331200,156.307,156.37,155.996,156.01,24756
1764345600,156.009,156.384,155.974,156.204,14140
1764360000,156.202,156.23,156.056,156.146,7002
1764547200,156.07,156.143,155.474,155.631,11908
1764561600,155.632,155.644,155.388,155.585,8228
1764576000,155.584,155.684,155.253,155.279,13615
1764590400,155.278,155.335,154.657,154.834,14874
1764604800,154.833,155.376,154.827,155.343,19161
1764619200,155.342,155.514,155.332,155.462,6073
1764633600,155.418,155.766,155.41,155.623,6037
1764648000,155.622,155.724,155.542,155.644,5891
1764662400,155.643,156.076,155.632,155.956,10903
1764676800,155.956,156.065,155.888,155.967,7968
1764691200,155.967,156.169,155.746,155.936,16965
1764705600,155.935,156.011,155.796,155.855,7195
1764720000,155.851,155.894,155.598,155.649,5273
1764734400,155.648,155.795,155.619,155.685,5024
1764748800,155.684,155.747,155.503,155.613,8544
1764763200,155.612,155.634,155.195,155.48,10712
1764777600,155.48,155.59,155.003,155.119,20582
1764792000,155.119,155.305,155.068,155.181,6416
1764806400,155.18,155.399,155.014,155.252,6491
1764820800,155.251,155.531,155.177,155.216,8812
1764835200,155.214,155.439,154.764,154.81,12812
1764849600,154.809,155.049,154.496,154.795,14535
1764864000,154.794,154.956,154.548,154.928,17707
1764878400,154.927,155.125,154.889,155.105,8729
1764892800,155.102,155.218,154.91,155.008,6701
1764907200,155.007,155.149,154.535,154.593,8872
1764921600,154.592,154.956,154.335,154.909,13543
1764936000,154.908,155.254,154.871,155.188,11204
1764950400,155.187,155.483,155.1,155.279,17613
1764964800,155.278,155.342,155.23,155.34,6929
1765152000,155.136,155.372,154.903,154.911,7769
1765166400,154.91,155.26,154.893,155.193,7339
1765180800,155.193,155.533,155.098,155.468,11484
1765195200,155.467,155.654,155.402,155.621,10496
1765209600,155.62,155.976,155.382,155.743,18104
1765224000,155.741,155.951,155.696,155.894,5848
1765238400,155.82,156.028,155.758,155.787,5541
1765252800,155.79,156.104,155.735,156.0,6350
1765267200,155.999,156.422,155.951,156.077,13014
1765281600,156.077,156.507,156.038,156.335,11681
1765296000,156.334,156.917,156.306,156.909,17921
1765310400,156.909,156.944,156.8,156.884,4681
1765324800,156.881,156.928,156.661,156.699,6012
1765339200,156.698,156.716,156.55,156.698,4526
1765353600,156.697,156.879,156.57,156.809,10503
1765368000,156.81,156.85,156.535,156.544,11141
1765382400,156.543,156.62,156.237,156.297,14694
1765396800,156.296,156.665,155.786,156.023,22338
1765411200,155.847,156.012,155.56,155.71,9472
1765425600,155.709,156.062,155.482,156.057,10839
1765440000,156.054,156.155,155.777,155.857,15395
1765454400,155.856,155.94,155.218,155.274,17718
1765468800,155.272,155.285,154.938,155.231,21297
1765483200,155.23,155.664,155.19,155.531,9805
1765497600,155.549,155.761,155.442,155.659,8481
1765512000,155.66,155.762,155.623,155.734,6587
1765526400,155.733,155.903,155.52,155.879,12544
1765540800,155.88,156.119,155.764,156.038,10427
1765555200,156.038,156.091,155.67,155.774,21173
1765569600,155.773,155.931,155.709,155.832,9312
1765756800,155.781,155.977,155.596,155.603,5475
1765771200,155.602,155.64,155.024,155.026,9744
1765785600,155.025,155.285,154.931,154.957,12252
1765800000,154.958,155.148,154.837,155.148,10396
1765814400,155.151,155.357,154.826,155.3,17603
1765828800,155.299,155.389,155.179,155.207,5518
1765843200,155.125,155.229,154.727,154.854,11031
1765857600,154.853,154.912,154.67,154.834,10104
1765872000,154.833,154.969,154.762,154.828,12194
1765886400,154.827,154.898,154.375,154.706,16644
1765900800,154.705,154.987,154.456,154.673,26448
1765915200,154.673,154.917,154.56,154.717,10805
1765929600,154.714,154.865,154.505,154.665,8988
1765944000,154.665,155.161,154.665,155.146,10382
1765958400,155.143,155.588,155.12,155.525,13848
1765972800,155.523,155.63,155.379,155.428,10867
1765987200,155.427,155.622,155.342,155.524,18746
1766001600,155.525,155.74,155.486,155.639,6435
1766016000,155.635,155.764,155.417,155.761,7211
1766030400,155.762,155.874,155.654,155.801,8043
1766044800,155.8,155.946,155.76,155.927,11077
1766059200,155.922,155.966,155.291,155.583,14718
1766073600,155.586,155.684,155.273,155.635,22851
1766088000,155.633,155.7,155.486,155.538,8569
1766102400,155.447,155.784,155.427,155.732,7297
1766116800,155.731,156.15,155.577,155.984,12833
1766131200,155.986,157.203,155.843,157.193,21086
1766145600,157.192,157.39,157.121,157.316,14313
1766160000,157.315,157.659,156.925,157.43,19242
1766174400,157.429,157.75,157.393,157.738,7659
1766361600,157.411,157.692,157.246,157.286,11335
1766376000,157.285,157.461,157.22,157.354,7961
1766390400,157.355,157.561,157.262,157.45,11059
1766404800,157.449,157.453,156.852,157.178,11859
1766419200,157.176,157.214,156.697,156.838,16314
1766433600,156.837,157.024,156.837,157.007,6964
1766448000,157.004,157.037,156.415,156.454,9173
1766462400,156.453,156.472,155.903,156.003,12626
1766476800,156.002,156.179,155.646,155.96,15700
1766491200,155.959,156.355,155.858,156.33,15023
1766505600,156.329,156.534,156.199,156.287,21221
1766520000,156.288,156.334,156.17,156.177,8364
1766534400,156.164,156.272,155.594,155.647,11401
1766548800,155.646,156.055,155.55,155.788,9424
1766563200,155.787,155.962,155.654,155.824,14961
1766577600,155.825,156.063,155.811,156.003,13762
1766592000,156.002,156.027,155.67,155.961,13712
1766606400,155.959,155.982,155.959,155.979,43
1766736000,156.365,156.46,156.291,156.451,4351
1766750400,156.451,156.478,156.218,156.318,9232
1766764800,156.318,156.722,156.269,156.56,14834
1766779200,156.559,156.588,156.427,156.578,8499
1766966400,156.398,156.529,156.048,156.303,11076
1766980800,156.304,156.502,156.232,156.297,9949
1766995200,156.296,156.39,156.043,156.318,13041
1767009600,156.317,156.415,156.18,156.22,8985
1767024000,156.22,156.278,155.902,156.175,13952
1767038400,156.175,156.239,155.976,156.017,4925
1767052800,155.952,156.318,155.916,156.212,7064
1767067200,156.208,156.33,156.003,156.035,9143
1767081600,156.033,156.099,155.847,155.914,11037
1767096000,155.913,156.203,155.735,156.187,9663
1767110400,156.186,156.557,156.115,156.327,11832
1767124800,156.326,156.514,156.301,156.407,4863
1767139200,156.299,156.457,156.299,156.423,3811
1767153600,156.422,156.627,156.415,156.585,4455
1767168000,156.584,156.644,156.496,156.623,6681
1767182400,156.622,156.823,156.544,156.803,9354
1767196800,156.802,156.987,156.636,156.818,19116
1767211200,156.817,156.902,156.791,156.867,2511
1767340800,156.852,156.988,156.762,156.906,5899
1767355200,156.905,156.992,156.796,156.898,7595
1767369600,156.897,156.909,156.554,156.763,13270
1767384000,156.762,156.946,156.755,156.824,6886
1767571200,156.693,157.242,156.693,157.006,11418
1767585600,157.005,157.288,156.943,157.172,9127
1767600000,157.174,157.225,156.677,156.919,13784
1767614400,156.918,156.969,156.457,156.818,14628
1767628800,156.817,156.845,156.258,156.321,18824
1767643200,156.32,156.4,156.107,156.377,7115
1767657600,156.271,156.788,156.271,156.443,8415
1767672000,156.442,156.491,156.232,156.42,8146
1767686400,156.419,156.475,156.154,156.371,14123
1767700800,156.37,156.571,156.27,156.361,12882
1767715200,156.36,156.731,156.293,156.685,16269
1767729600,156.684,156.739,156.561,156.647,4791
1767744000,156.587,156.799,156.532,156.711,6438
1767758400,156.71,156.722,156.357,156.377,7546
1767772800,156.376,156.578,156.281,156.455,9899
1767787200,156.454,156.58,156.354,156.407,8779
1767801600,156.406,156.79,156.385,156.612,16308
1767816000,156.611,156.79,156.588,156.707,5073
1767830400,156.693,156.934,156.607,156.904,5289
1767844800,156.904,156.946,156.62,156.662,6713
1767859200,156.663,156.774,156.45,156.737,10804
1767873600,156.736,156.954,156.653,156.953,7578
1767888000,156.957,157.061,156.762,156.8,13880
1767902400,156.799,156.984,156.788,156.834,5161
1767916800,156.76,157.159,156.669,157.152,5676
1767931200,157.152,157.383,157.114,157.367,6492
1767945600,157.366,157.726,157.334,157.702,9952
1767960000,157.701,157.795,157.364,157.48,13724
1767974400,157.479,158.177,157.362,158.045,25176
1767988800,158.043,158.057,157.823,157.93,7438
1768176000,158.021,158.192,157.507,157.738,9897
1768190400,157.738,158.175,157.658,157.996,6714
1768204800,157.995,158.059,157.665,157.885,10802
1768219200,157.884,157.953,157.69,157.835,9664
1768233600,157.834,158.159,157.825,158.078,13065
1768248000,158.077,158.19,158.043,158.12,4927
1768262400,158.03,158.491,157.889,158.475,8969
1768276800,158.474,158.902,158.327,158.777,9637
1768291200,158.776,159.039,158.723,158.882,11496
1768305600,158.882,158.947,158.572,158.872,12214
1768320000,158.872,159.182,158.794,159.017,18175
1768334400,159.018,159.15,158.992,159.147,5702
1768348800,159.144,159.444,159.035,159.329,7202
1768363200,159.328,159.383,159.071,159.326,7257
1768377600,159.327,159.34,158.656,158.753,14349
1768392000,158.753,158.812,158.145,158.588,15871
1768406400,158.587,158.663,158.088,158.292,20598
1768420800,158.291,158.588,158.291,158.438,7269
1768435200,158.289,158.567,158.197,158.343,8672
1768449600,158.344,158.638,158.301,158.424,8593
1768464000,158.423,158.723,158.296,158.389,13710
1768478400,158.388,158.844,158.336,158.82,10564
1768492800,158.819,158.868,158.405,158.5,14239
1768507200,158.499,158.66,158.453,158.625,5791
1768521600,158.566,158.694,158.464,158.588,5743
1768536000,158.589,158.619,157.956,158.368,9366
1768550400,158.369,158.44,158.003,158.187,11911
1768564800,158.186,158.214,157.929,158.011,8842
1768579200,158.011,158.255,157.814,158.132,17007
1768593600,158.131,158.232,158.03,158.076,5980
1768780800,157.871,157.951,157.416,157.677,14081
1768795200,157.676,157.938,157.675,157.893,9758
1768809600,157.891,158.155,157.722,157.916,13871
1768824000,157.916,158.098,157.818,157.911,9358
1768838400,157.913,158.13,157.852,158.024,7750
1768852800,158.024,158.145,157.997,158.098,1480
1768867200,157.989,158.27,157.837,157.939,9750
1768881600,157.939,158.115,157.887,158.094,9744
1768896000,158.091,158.594,157.542,157.723,24709
1768910400,157.721,157.965,157.451,157.833,20067
1768924800,157.833,158.101,157.73,157.946,23885
1768939200,157.947,158.29,157.942,158.125,7740
1768953600,158.099,158.272,157.848,157.952,9891
1768968000,157.95,158.231,157.866,158.198,10121
1768982400,158.197,158.248,157.811,157.996,12275
1768996800,157.994,158.078,157.737,157.879,12648
1769011200,157.878,158.303,157.867,158.134,24320
1769025600,158.133,158.524,158.106,158.26,10882
1769040000,158.237,158.477,158.17,158.342,8378
1769054400,158.341,158.724,158.332,158.705,8596
1769068800,158.707,158.885,158.601,158.687,13166
1769083200,158.686,158.849,158.528,158.692,13940
1769097600,158.691,158.752,158.228,158.3,18529
1769112000,158.301,158.462,158.268,158.401,6826
1769126400,158.326,158.653,158.326,158.632,6581
1769140800,158.631,158.73,158.464,158.615,7487
1769155200,158.615,159.217,157.284,157.997,26010
1769169600,157.995,158.308,157.985,158.257,13212
1769184000,158.256,158.329,156.115,156.354,25079
1769198400,156.35,156.621,155.59,155.705,18141
1769385600,154.814,155.333,154.204,154.415,20523
1769400000,154.416,154.473,153.804,154.099,20074
1769414400,154.098,154.409,153.384,153.663,29330
1769428800,153.662,154.328,153.297,154.053,19089
1769443200,154.052,154.124,153.609,153.965,19864
1769457600,153.964,154.265,153.851,154.199,11405
1769472000,154.196,154.438,154.087,154.339,9363
1769486400,154.338,154.634,154.077,154.495,10649
1769500800,154.494,154.867,153.16,153.733,16445
1769515200,153.732,154.181,152.976,153.246,26987
1769529600,153.237,153.367,152.599,152.758,25702
1769544000,152.757,152.872,152.086,152.166,16227
1769558400,152.162,152.984,152.139,152.981,14008
1769572800,152.982,153.058,152.469,152.621,13026
1769587200,152.62,152.795,152.27,152.702,20644
1769601600,152.7,152.906,152.333,152.84,17132
1769616000,152.839,153.777,152.643,153.521,31747
1769630400,153.521,154.038,153.291,153.353,18919
1769644800,153.352,153.41,152.759,153.252,16227
1769659200,153.251,153.382,152.893,153.01,14476
1769673600,153.009,153.45,152.91,153.305,17799
1769688000,153.304,153.526,153.165,153.326,16523
1769702400,153.325,153.505,152.672,152.895,35722
1769716800,152.897,153.204,152.894,153.082,13140
1769731200,153.078,153.782,152.859,153.747,14457
1769745600,153.746,154.126,153.644,153.911,19906
1769760000,153.91,154.279,153.685,154.267,24885
1769774400,154.268,154.379,153.787,154.359,22414
1769788800,154.358,154.752,154.155,154.436,30350
1769803200,154.436,154.789,154.281,154.75,21223
