time,open,high,low,close,volume
1564704000,1446.55,1446.55,1435.49,1441.83,11863
1564718400,1441.85,1441.85,1430.32,1432.35,15341
1564732800,1432.33,1440.14,1431.57,1436.48,16023
1564747200,1436.54,1441.86,1431.62,1434.13,16883
1564761600,1434.25,1447.92,1430.88,1446.94,21497
1564776000,1446.95,1447.95,1439.28,1440.65,11397
1564963200,1442.42,1444.42,1436.75,1443.35,6643
1564977600,1443.39,1455.93,1439.26,1453.13,17814
1564992000,1453.06,1459.73,1450.89,1457.29,15923
1565006400,1457.28,1463.58,1455.88,1462.66,15382
1565020800,1462.66,1469.65,1452.98,1465.72,21067
1565035200,1465.79,1469.69,1459.62,1463.69,15624
1565049600,1469.09,1474.89,1467.64,1470.16,10950
1565064000,1470.18,1470.18,1456.36,1463.11,16022
1565078400,1463.07,1465.2,1458.42,1462.25,16111
1565092800,1462.26,1467.35,1460.95,1465.72,12976
1565107200,1465.73,1473.79,1463.1,1471.4,19551
1565121600,1471.41,1474.29,1468.23,1474.29,11560
1565136000,1473.74,1479.76,1472.24,1477.65,7808
1565150400,1477.65,1490.11,1474.43,1484.84,15700
1565164800,1484.83,1491.26,1481.24,1486.96,15667
1565179200,1486.87,1499.23,1485.97,1497.48,16170
1565193600,1497.37,1510.36,1494.76,1505.0,23510
1565208000,1504.97,1508.87,1493.89,1501.06,18618
1565222400,1499.33,1506.71,1495.6,1504.42,7303
1565236800,1504.4,1505.76,1491.7,1500.94,14063
1565251200,1500.93,1503.72,1495.67,1496.68,14178
1565265600,1496.68,1501.14,1491.98,1492.28,13999
1565280000,1492.13,1498.7,1489.92,1495.62,19050
1565294400,1495.62,1509.55,1494.04,1500.97,15737
1565308800,1508.66,1508.89,1500.46,1502.66,9900
1565323200,1502.89,1507.95,1499.12,1506.35,10606
1565337600,1506.35,1508.09,1500.42,1502.4,13320
1565352000,1502.4,1504.39,1495.36,1499.64,11466
1565366400,1499.57,1505.94,1494.74,1499.92,20760
1565380800,1499.91,1500.3,1495.01,1496.98,11255
1565568000,1496.59,1501.47,1494.27,1498.57,6743
1565582400,1498.56,1498.56,1495.24,1496.81,8295
1565596800,1496.79,1504.07,1487.28,1502.83,13574
1565611200,1502.8,1508.48,1500.6,1501.91,14891
1565625600,1501.93,1506.71,1499.82,1505.71,18361
1565640000,1505.68,1519.88,1505.23,1510.86,13314
1565654400,1510.34,1513.28,1509.67,1510.72,5317
1565668800,1510.72,1518.26,1509.62,1516.1,10303
1565683200,1516.1,1526.98,1515.51,1523.36,15283
1565697600,1523.35,1535.0,1515.81,1520.07,18820
1565712000,1520.07,1521.91,1479.45,1502.15,23618
1565726400,1502.14,1505.82,1496.31,1501.08,13471
1565740800,1501.72,1503.42,1499.94,1503.42,5710
1565755200,1503.32,1503.93,1494.03,1497.88,13570
1565769600,1497.88,1502.55,1496.63,1500.81,13872
1565784000,1500.92,1518.27,1499.73,1512.51,18161
1565798400,1512.51,1523.11,1505.87,1523.04,23854
1565812800,1523.03,1524.01,1509.05,1516.23,19018
1565827200,1516.54,1520.08,1514.94,1516.95,7729
1565841600,1516.9,1524.22,1516.7,1520.8,13835
1565856000,1520.8,1521.74,1507.81,1515.97,17315
1565870400,1516.01,1522.76,1508.93,1511.47,21237
1565884800,1511.62,1521.74,1509.82,1520.39,21757
1565899200,1520.4,1526.94,1518.16,1522.96,15615
1565913600,1521.76,1527.89,1520.61,1525.26,5963
1565928000,1525.26,1527.25,1516.74,1521.82,12693
1565942400,1521.82,1522.19,1510.6,1510.73,14423
1565956800,1510.72,1515.0,1505.59,1509.84,13325
1565971200,1509.85,1516.22,1503.72,1513.01,18330
1565985600,1512.94,1515.22,1511.3,1512.17,1741
1566172800,1509.84,1512.84,1507.97,1510.01,7156
1566187200,1510.01,1512.72,1505.07,1509.11,9982
1566201600,1509.11,1509.7,1498.82,1501.06,13326
1566216000,1501.06,1501.38,1493.21,1497.82,13927
1566230400,1497.77,1503.38,1495.77,1501.86,14213
1566244800,1501.79,1503.17,1493.58,1495.87,10162
1566259200,1496.83,1497.75,1492.85,1497.05,5600
1566273600,1497.06,1499.42,1494.35,1495.13,8086
1566288000,1495.13,1502.74,1495.13,1502.02,10512
1566302400,1502.02,1508.51,1501.64,1504.17,12740
1566316800,1504.17,1507.53,1501.45,1504.7,15761
1566331200,1504.75,1508.08,1504.55,1507.12,7351
1566345600,1506.15,1508.04,1504.87,1506.34,4051
1566360000,1506.34,1507.07,1501.96,1503.2,7529
1566374400,1503.23,1504.46,1496.47,1498.96,11037
1566388800,1498.95,1502.18,1498.18,1500.56,10735
1566403200,1500.47,1506.43,1499.66,1506.09,13665
1566417600,1506.09,1507.44,1499.99,1502.32,11311
1566432000,1502.62,1504.4,1501.07,1501.48,3672
1566446400,1501.48,1503.66,1499.49,1499.66,6173
1566460800,1499.68,1502.25,1497.75,1498.35,9392
1566475200,1498.34,1500.15,1492.46,1496.7,12233
1566489600,1496.7,1504.51,1496.7,1498.96,16301
1566504000,1499.01,1500.66,1497.78,1497.85,7078
1566518400,1498.62,1498.82,1495.66,1496.34,3873
1566532800,1496.35,1497.54,1493.77,1494.9,7042
1566547200,1494.9,1497.3,1493.52,1496.29,8275
1566561600,1496.26,1504.9,1494.75,1502.36,10632
1566576000,1502.34,1529.41,1501.7,1526.86,23118
1566590400,1526.92,1530.17,1525.12,1526.68,15348
1566777600,1538.93,1554.99,1538.74,1544.95,16863
1566792000,1544.91,1546.7,1538.08,1542.91,16469
1566806400,1542.89,1544.14,1524.95,1526.9,19333
1566820800,1526.88,1533.25,1525.63,1527.18,17426
1566835200,1527.19,1537.14,1527.19,1529.08,20375
1566849600,1529.06,1530.08,1526.2,1527.13,10360
1566864000,1527.53,1529.32,1526.49,1528.41,5202
1566878400,1528.43,1530.17,1525.65,1527.74,8203
1566892800,1527.73,1534.91,1527.7,1531.26,13925
1566907200,1531.27,1532.68,1528.78,1529.59,12936
1566921600,1529.6,1544.6,1528.38,1542.73,19444
1566936000,1542.77,1543.83,1537.32,1542.31,12163
1566950400,1541.36,1544.58,1540.8,1543.69,5363
1566964800,1543.69,1544.65,1531.88,1535.42,12939
1566979200,1535.42,1543.54,1535.36,1540.13,12944
1566993600,1540.13,1546.82,1540.0,1541.48,14702
1567008000,1541.49,1544.73,1533.76,1536.67,18068
1567022400,1536.68,1542.65,1536.38,1538.83,11023
1567036800,1538.77,1540.16,1537.72,1539.88,4447
1567051200,1539.87,1544.05,1537.97,1542.9,10112
1567065600,1542.91,1550.34,1538.58,1539.78,16965
1567080000,1539.76,1544.38,1533.66,1542.73,15071
1567094400,1542.64,1545.27,1525.13,1528.45,20843
1567108800,1528.5,1529.68,1519.71,1527.25,14576
1567123200,1527.61,1528.79,1522.54,1524.71,5626
1567137600,1524.71,1527.29,1522.1,1526.08,9355
1567152000,1526.07,1533.1,1521.86,1525.53,15592
1567166400,1525.59,1530.71,1523.93,1528.21,11953
1567180800,1528.23,1532.79,1522.43,1522.99,19281
1567195200,1523.07,1525.79,1516.93,1520.28,14371
1567382400,1531.5,1533.95,1527.68,1529.03,8076
1567396800,1529.11,1529.32,1522.67,1525.52,10197
1567411200,1525.52,1525.88,1519.37,1521.28,9979
1567425600,1521.29,1526.33,1520.78,1523.81,8296
1567440000,1523.8,1531.19,1523.3,1530.49,11430
1567468800,1528.07,1528.37,1524.27,1525.15,5123
1567483200,1525.17,1525.95,1521.61,1524.38,9791
1567497600,1524.38,1533.13,1524.01,1532.3,14820
1567512000,1532.3,1534.88,1529.03,1532.37,14109
1567526400,1532.52,1549.68,1531.48,1545.95,23010
1567540800,1545.95,1549.34,1542.09,1547.46,13561
1567555200,1546.28,1550.07,1544.3,1544.93,6381
1567569600,1544.89,1548.78,1540.11,1542.45,12205
1567584000,1542.45,1544.19,1535.26,1538.68,14657
1567598400,1538.69,1541.78,1533.85,1541.56,11717
1567612800,1541.59,1549.08,1541.31,1547.44,19262
1567627200,1547.5,1557.0,1547.04,1552.25,14564
1567641600,1552.03,1552.95,1547.35,1548.54,6357
1567656000,1548.6,1549.81,1541.74,1544.52,12717
1567670400,1544.54,1550.16,1540.57,1542.7,15249
1567684800,1542.71,1544.7,1534.82,1536.81,15341
1567699200,1536.92,1538.43,1506.2,1515.45,21818
1567713600,1515.49,1521.09,1515.44,1518.85,11764
1567728000,1518.93,1520.26,1515.74,1517.52,6206
1567742400,1517.52,1519.72,1512.67,1518.33,13402
1567756800,1518.35,1519.37,1505.25,1508.21,16833
1567771200,1508.22,1518.32,1502.54,1515.99,16142
1567785600,1515.96,1527.81,1510.85,1517.67,19770
1567800000,1517.56,1518.69,1504.42,1506.6,14510
1567987200,1505.18,1508.37,1503.29,1507.4,10289
1568001600,1507.4,1512.55,1506.65,1509.55,27460
1568016000,1509.53,1511.52,1504.45,1508.21,21956
1568030400,1508.21,1514.9,1507.91,1514.0,22482
1568044800,1514.01,1515.47,1497.53,1503.3,53106
1568059200,1503.31,1504.5,1498.22,1498.92,17385
1568073600,1498.46,1499.86,1493.01,1493.19,10199
1568088000,1493.2,1493.77,1486.45,1489.86,25999
1568102400,1489.85,1496.77,1487.78,1494.04,24885
1568116800,1494.04,1497.01,1488.75,1495.56,30054
1568131200,1495.55,1500.93,1489.79,1491.17,63143
1568145600,1491.18,1493.73,1484.46,1485.25,33458
1568160000,1485.56,1489.17,1485.16,1488.82,8844
1568174400,1488.83,1493.01,1488.55,1490.95,16820
1568188800,1490.95,1494.99,1488.9,1493.84,28928
1568203200,1493.83,1494.75,1489.83,1491.51,20456
1568217600,1491.51,1497.56,1486.75,1493.68,42729
1568232000,1493.68,1498.23,1491.63,1496.71,12642
1568246400,1496.65,1498.4,1489.21,1490.24,13974
1568260800,1490.24,1496.13,1490.24,1496.02,15064
1568275200,1496.01,1505.86,1495.1,1504.39,26196
1568289600,1504.39,1524.09,1501.38,1516.11,45939
1568304000,1516.11,1520.39,1496.97,1498.54,96644
1568318400,1498.55,1500.86,1496.91,1498.98,21688
1568332800,1498.53,1501.02,1495.41,1498.45,9313
1568347200,1498.46,1498.95,1495.54,1497.84,8373
1568361600,1497.83,1507.49,1496.67,1505.63,27507
1568376000,1505.63,1508.94,1496.75,1500.4,32110
1568390400,1500.41,1506.14,1488.3,1490.22,78974
1568404800,1490.21,1493.7,1485.77,1488.43,33025
1568592000,1504.88,1512.12,1498.48,1505.55,31747
1568606400,1505.55,1510.42,1502.58,1504.24,35229
1568620800,1504.22,1507.09,1498.99,1502.45,36672
1568635200,1502.44,1505.1,1500.75,1501.5,37619
1568649600,1501.49,1506.28,1495.87,1503.12,72676
1568664000,1503.13,1504.32,1496.81,1498.11,24802
1568678400,1498.37,1500.16,1496.88,1497.19,10675
1568692800,1497.21,1500.88,1496.17,1498.17,25095
1568707200,1498.16,1499.03,1493.43,1497.68,26311
1568721600,1497.68,1505.1,1495.81,1503.0,25305
1568736000,1502.99,1507.09,1497.86,1505.77,69890
1568750400,1505.76,1506.9,1500.87,1501.23,19925
1568764800,1501.15,1502.23,1500.45,1501.17,5819
1568779200,1501.17,1503.57,1500.53,1502.31,12388
1568793600,1502.32,1503.41,1500.71,1501.66,12666
1568808000,1501.65,1505.24,1499.47,1504.57,15001
1568822400,1504.57,1511.04,1503.55,1508.48,28456
1568836800,1508.51,1511.45,1483.3,1493.92,73451
1568851200,1492.71,1493.95,1489.1,1490.62,9311
1568865600,1490.6,1496.26,1488.96,1495.43,23386
1568880000,1495.43,1498.21,1493.56,1497.33,26194
1568894400,1497.34,1504.1,1495.68,1503.72,30767
1568908800,1503.73,1504.47,1496.54,1499.27,44729
1568923200,1499.27,1501.59,1497.03,1498.78,21994
1568937600,1498.96,1500.39,1497.95,1499.61,6406
1568952000,1499.62,1505.43,1499.62,1504.48,14715
1568966400,1504.47,1506.78,1502.8,1504.94,22293
1568980800,1504.93,1505.54,1498.64,1501.46,21793
1568995200,1501.46,1505.01,1499.29,1503.3,31261
1569009600,1503.31,1517.03,1502.81,1516.63,44819
1569196800,1513.74,1515.03,1510.59,1514.02,9097
1569211200,1514.01,1519.55,1511.65,1515.26,23539
1569225600,1515.23,1521.19,1511.5,1520.6,35689
1569240000,1520.6,1520.74,1516.3,1518.82,22712
1569254400,1518.83,1526.76,1517.01,1522.92,54252
1569268800,1522.92,1526.08,1521.68,1522.09,19198
1569283200,1521.96,1523.22,1519.54,1521.24,9066
1569297600,1521.23,1522.14,1519.37,1520.19,13695
1569312000,1520.19,1523.88,1519.33,1521.84,21578
1569326400,1521.84,1523.08,1519.53,1521.64,20773
1569340800,1521.64,1535.63,1515.59,1534.2,76532
1569355200,1534.2,1535.03,1524.49,1532.09,58449
1569369600,1531.4,1535.08,1530.9,1533.78,9962
1569384000,1533.77,1534.42,1528.01,1528.98,23352
1569398400,1528.98,1532.84,1527.6,1531.84,23314
1569412800,1531.81,1532.2,1526.02,1527.89,17499
1569427200,1527.89,1530.44,1500.42,1505.37,58211
1569441600,1505.37,1506.63,1500.75,1503.5,20824
1569456000,1503.55,1508.96,1502.93,1507.57,10132
1569470400,1507.57,1510.17,1506.92,1509.79,11970
1569484800,1509.79,1511.11,1505.4,1508.38,23435
1569499200,1508.4,1510.23,1500.4,1507.05,30244
1569513600,1507.05,1512.29,1505.85,1506.12,61065
1569528000,1506.14,1509.52,1501.81,1504.42,24324
1569542400,1504.04,1507.37,1504.04,1505.7,6911
1569556800,1505.73,1506.98,1504.61,1506.75,12854
1569571200,1506.76,1506.98,1496.13,1496.82,32089
1569585600,1496.82,1498.07,1490.69,1495.42,33399
1569600000,1495.41,1502.6,1486.85,1502.13,98790
1569614400,1502.13,1503.03,1495.93,1496.78,37856
1569801600,1494.69,1500.51,1494.14,1496.86,9410
1569816000,1496.86,1497.15,1491.07,1493.62,16922
1569830400,1493.61,1494.42,1486.65,1487.55,35205
1569844800,1487.53,1488.37,1480.14,1484.59,37804
1569859200,1484.59,1487.43,1466.04,1470.44,63152
1569873600,1470.44,1474.83,1464.42,1472.42,27802
1569888000,1471.17,1474.78,1469.68,1471.1,4875
1569902400,1471.1,1471.5,1462.68,1466.14,14878
1569916800,1466.15,1466.55,1459.06,1462.3,29307
1569931200,1462.3,1470.17,1462.15,1464.47,33274
1569945600,1464.48,1487.22,1461.98,1483.28,79900
1569960000,1483.3,1484.72,1477.56,1478.99,34868
1569974400,1478.95,1482.43,1478.26,1480.2,8271
1569988800,1480.16,1480.16,1475.84,1476.25,10640
1570003200,1476.25,1484.18,1474.53,1482.11,27982
1570017600,1482.04,1492.53,1481.22,1492.4,33474
1570032000,1492.41,1502.8,1490.13,1502.04,74827
1570046400,1502.02,1505.09,1497.66,1499.77,33913
1570060800,1499.07,1502.71,1498.78,1500.86,9283
1570075200,1500.87,1501.86,1497.84,1498.58,12484
1570089600,1498.58,1503.58,1495.8,1502.68,30971
1570104000,1502.66,1505.38,1498.75,1500.85,32904
1570118400,1500.84,1519.57,1498.19,1507.89,98259
1570132800,1507.89,1509.81,1504.65,1504.78,26011
1570147200,1505.09,1508.99,1504.59,1507.64,7715
1570161600,1507.64,1510.01,1506.82,1507.79,10610
1570176000,1507.79,1509.92,1506.37,1508.8,22294
1570190400,1508.8,1515.79,1495.76,1496.56,48719
1570204800,1496.54,1509.68,1495.84,1508.37,83518
1570219200,1508.38,1508.94,1502.72,1504.6,26594
1570406400,1511.83,1512.66,1505.38,1508.44,9141
1570420800,1508.46,1509.31,1505.52,1505.75,9337
1570435200,1505.75,1507.73,1500.42,1501.54,25321
1570449600,1501.54,1503.14,1497.24,1498.34,25113
1570464000,1498.34,1504.11,1495.7,1499.67,47741
1570478400,1499.67,1500.3,1488.03,1493.16,41600
1570492800,1492.89,1494.37,1488.49,1489.31,8398
1570507200,1489.32,1493.9,1486.84,1491.12,22280
1570521600,1491.12,1499.49,1488.62,1498.54,37214
1570536000,1498.53,1506.82,1498.07,1503.64,55029
1570550400,1503.64,1508.65,1498.7,1500.13,76210
1570564800,1500.13,1509.71,1497.79,1505.48,44189
1570579200,1504.86,1509.34,1504.82,1505.41,6848
1570593600,1505.4,1507.08,1503.89,1505.94,14829
1570608000,1505.94,1511.37,1504.06,1505.28,35518
1570622400,1505.29,1507.51,1499.83,1504.75,43769
1570636800,1504.71,1509.27,1504.01,1504.73,43083
1570651200,1504.74,1512.27,1502.97,1505.63,33212
1570665600,1505.45,1517.0,1505.2,1511.59,32657
1570680000,1511.59,1511.59,1505.45,1508.49,28343
1570694400,1508.48,1510.36,1503.78,1508.72,37186
1570708800,1508.74,1511.53,1500.97,1502.68,40877
1570723200,1502.69,1504.46,1491.68,1495.26,82843
1570737600,1495.25,1499.78,1491.12,1493.46,35433
1570752000,1492.9,1495.37,1490.78,1491.06,11305
1570766400,1491.06,1497.26,1491.06,1495.28,16392
1570780800,1495.27,1503.15,1493.84,1498.92,33257
1570795200,1498.93,1499.88,1479.5,1484.0,61283
1570809600,1483.99,1487.96,1473.97,1484.88,97236
1570824000,1484.87,1489.38,1479.32,1488.6,34533
1571011200,1487.7,1488.52,1482.8,1485.8,9877
1571025600,1485.79,1488.24,1483.78,1486.78,18990
1571040000,1486.78,1490.53,1485.58,1490.0,22030
1571054400,1490.0,1497.07,1489.86,1491.63,34435
1571068800,1491.62,1494.18,1488.66,1493.29,45125
1571083200,1493.27,1493.64,1490.45,1493.05,12253
1571097600,1492.72,1493.67,1490.78,1492.87,8402
1571112000,1492.88,1495.48,1491.79,1493.85,15340
1571126400,1493.86,1495.38,1488.79,1494.6,30771
1571140800,1494.57,1498.59,1490.81,1491.03,31296
1571155200,1491.05,1492.44,1477.17,1480.71,77492
1571169600,1480.7,1481.93,1478.99,1480.99,17870
1571184000,1480.64,1484.99,1480.47,1483.59,8781
1571198400,1483.6,1484.66,1481.95,1484.34,15553
1571212800,1484.3,1485.75,1478.5,1483.58,37027
1571227200,1483.58,1491.21,1477.02,1490.69,58352
1571241600,1490.56,1491.54,1482.35,1488.83,69318
1571256000,1488.83,1490.98,1485.84,1489.88,25098
1571270400,1489.17,1493.07,1488.79,1491.79,8918
1571284800,1491.79,1491.79,1487.53,1487.62,14853
1571299200,1487.61,1491.88,1487.1,1488.51,26343
1571313600,1488.49,1493.7,1483.42,1490.14,54031
1571328000,1490.12,1497.35,1489.34,1494.69,59768
1571342400,1494.69,1495.76,1491.02,1491.78,20431
1571356800,1491.44,1494.06,1491.2,1492.31,5996
1571371200,1492.31,1492.91,1490.7,1491.54,14468
1571385600,1491.54,1492.97,1486.95,1487.48,28244
1571400000,1487.48,1491.3,1484.86,1490.67,25175
1571414400,1490.66,1493.47,1488.77,1491.96,54106
1571428800,1491.96,1491.96,1489.56,1490.34,13598
1571616000,1491.42,1492.35,1490.2,1490.58,6255
1571630400,1490.57,1491.29,1489.1,1489.64,11208
1571644800,1489.62,1493.87,1487.37,1489.66,28545
1571659200,1489.64,1492.59,1489.38,1492.08,18159
1571673600,1492.09,1495.2,1483.37,1484.5,46740
1571688000,1484.51,1486.12,1481.48,1484.32,14260
1571702400,1483.81,1485.17,1480.85,1483.02,6176
1571716800,1483.02,1485.42,1481.37,1484.61,13848
1571731200,1484.62,1488.97,1484.11,1488.22,17339
1571745600,1488.22,1488.68,1484.3,1486.88,18966
1571760000,1486.88,1488.89,1482.72,1484.08,33338
1571774400,1484.09,1488.63,1483.11,1487.51,22983
1571788800,1487.45,1490.6,1487.32,1488.78,6245
1571803200,1488.79,1489.92,1487.67,1489.71,14300
1571817600,1489.7,1495.01,1488.11,1494.68,18891
1571832000,1494.68,1494.98,1490.13,1492.96,20405
1571846400,1492.97,1496.27,1491.48,1492.36,34559
1571860800,1492.37,1493.77,1491.1,1491.88,12009
1571875200,1491.36,1492.72,1490.93,1491.59,6366
1571889600,1491.61,1493.57,1491.39,1492.76,12201
1571904000,1492.76,1493.51,1487.95,1489.9,22343
1571918400,1489.89,1495.49,1488.27,1492.61,18759
1571932800,1492.62,1503.14,1492.3,1501.01,49207
1571947200,1501.02,1503.96,1500.76,1503.61,16950
1571961600,1502.83,1503.89,1500.94,1501.39,5365
1571976000,1501.39,1503.3,1500.78,1502.99,11953
1571990400,1503.0,1507.02,1502.44,1506.13,20858
1572004800,1506.12,1514.39,1504.23,1513.56,22199
1572019200,1513.56,1517.9,1501.98,1502.64,54391
1572033600,1502.64,1506.19,1500.59,1504.4,20943
1572220800,1504.69,1506.2,1501.98,1505.85,10880
1572235200,1505.84,1506.13,1503.22,1505.71,8777
1572249600,1505.72,1508.18,1503.72,1505.97,19204
1572264000,1505.98,1506.64,1490.75,1492.33,39012
1572278400,1492.32,1493.83,1489.99,1493.0,35306
1572292800,1493.0,1493.89,1490.25,1492.39,10909
1572307200,1491.72,1493.41,1490.1,1491.97,10229
1572321600,1491.97,1492.8,1491.28,1491.57,8416
1572336000,1491.58,1494.8,1490.84,1493.83,19600
1572350400,1493.83,1494.04,1483.5,1485.55,39472
1572364800,1485.56,1492.48,1484.46,1487.62,31605
1572379200,1487.62,1490.23,1487.51,1487.65,6504
1572393600,1487.85,1489.46,1486.99,1488.96,7325
1572408000,1488.97,1489.33,1487.27,1487.75,7703
1572422400,1487.72,1491.57,1487.18,1490.76,14814
1572436800,1490.76,1494.77,1489.38,1492.16,28125
1572451200,1492.17,1495.71,1490.95,1493.62,24796
1572465600,1493.62,1496.54,1481.15,1495.6,38708
1572480000,1495.26,1499.49,1493.71,1498.97,13030
1572494400,1498.97,1499.46,1496.45,1498.22,10773
1572508800,1498.22,1505.83,1496.99,1505.23,21670
1572523200,1505.23,1511.96,1504.57,1511.81,33686
1572537600,1511.85,1514.17,1508.11,1512.25,36084
1572552000,1512.25,1513.11,1509.88,1512.5,11732
1572566400,1512.79,1513.63,1510.92,1511.22,10263
1572580800,1511.23,1511.51,1509.39,1509.89,7472
1572595200,1509.89,1514.73,1509.14,1511.91,17891
1572609600,1511.92,1511.98,1503.26,1510.34,35437
1572624000,1510.25,1516.02,1507.26,1509.18,37406
1572638400,1509.18,1514.16,1506.99,1514.11,8311
1572825600,1513.5,1513.79,1510.98,1513.08,6418
1572840000,1513.08,1513.62,1510.4,1511.44,6277
1572854400,1511.44,1514.01,1508.56,1510.75,15629
1572868800,1510.74,1514.75,1508.9,1510.26,22007
1572883200,1510.27,1511.99,1504.4,1509.68,31117
1572897600,1509.68,1510.73,1506.5,1509.47,11411
1572912000,1509.09,1509.63,1506.02,1506.82,11166
1572926400,1506.83,1507.14,1504.73,1506.62,10421
1572940800,1506.61,1507.67,1502.45,1504.99,25277
1572955200,1504.97,1505.36,1490.25,1491.6,38013
1572969600,1491.61,1495.18,1480.67,1483.42,61398
1572984000,1483.43,1485.27,1479.33,1483.4,23798
1572998400,1482.7,1487.36,1482.16,1486.75,13393
1573012800,1486.75,1487.31,1483.89,1484.32,13834
1573027200,1484.31,1488.8,1483.83,1488.73,27145
1573041600,1488.69,1489.82,1482.95,1488.96,34478
1573056000,1488.95,1494.16,1485.68,1489.66,48523
1573070400,1489.66,1492.64,1489.54,1490.37,15538
1573084800,1489.88,1491.92,1489.17,1491.18,8174
1573099200,1491.18,1491.86,1490.07,1490.91,9022
1573113600,1490.92,1492.21,1484.67,1485.75,34640
1573128000,1485.74,1486.41,1481.05,1484.79,39616
1573142400,1484.79,1488.09,1460.58,1463.58,79114
1573156800,1463.54,1471.15,1463.37,1468.46,36323
1573171200,1467.76,1469.59,1465.7,1467.33,22070
1573185600,1467.33,1469.75,1466.95,1468.75,15458
1573200000,1468.76,1472.95,1465.85,1465.86,35125
1573214400,1465.88,1467.3,1456.18,1459.71,47868
1573228800,1459.71,1468.24,1458.56,1461.75,59551
1573243200,1461.74,1463.66,1457.7,1458.95,19728
1573430400,1459.03,1463.75,1458.55,1462.89,10520
1573444800,1462.89,1463.44,1461.38,1462.37,10166
1573459200,1462.38,1465.95,1461.81,1465.83,20674
1573473600,1465.83,1466.46,1459.92,1460.84,22574
1573488000,1460.84,1462.71,1448.21,1455.79,47616
1573502400,1455.79,1457.78,1454.84,1455.83,11978
1573516800,1455.91,1456.98,1454.41,1456.0,9408
1573531200,1456.0,1456.77,1452.2,1452.61,10519
1573545600,1452.62,1456.31,1448.83,1455.83,40032
1573560000,1455.83,1456.06,1450.07,1454.55,35175
1573574400,1454.53,1455.53,1445.6,1453.87,56439
1573588800,1453.85,1460.47,1452.53,1456.13,40820
1573603200,1455.58,1459.57,1455.26,1457.91,17363
1573617600,1457.89,1461.65,1457.59,1461.28,14557
1573632000,1461.29,1466.41,1457.79,1465.89,35557
1573646400,1465.89,1466.73,1461.56,1461.81,47377
1573660800,1461.81,1466.04,1460.39,1460.95,59173
1573675200,1460.96,1467.1,1460.92,1463.31,32406
1573689600,1462.88,1464.68,1461.08,1461.66,9939
1573704000,1461.69,1465.92,1461.67,1465.79,16299
1573718400,1465.8,1470.51,1464.05,1469.69,40686
1573732800,1469.69,1470.38,1466.77,1468.18,37583
1573747200,1468.17,1474.18,1464.62,1472.33,61101
1573761600,1472.32,1474.65,1469.69,1471.17,21704
1573776000,1470.69,1471.39,1466.77,1467.75,16309
1573790400,1467.75,1468.33,1463.32,1463.97,16000
1573804800,1463.99,1466.98,1462.4,1463.45,23553
1573819200,1463.42,1468.55,1463.32,1467.88,29909
1573833600,1467.88,1469.15,1464.69,1467.67,40128
1573848000,1467.66,1468.32,1465.88,1467.71,12429
1574035200,1466.65,1469.61,1465.41,1465.54,11640
1574049600,1465.53,1466.62,1464.85,1465.12,11844
1574064000,1465.12,1465.84,1458.17,1458.46,34383
1574078400,1458.45,1466.34,1456.38,1464.45,36544
1574092800,1464.45,1473.97,1464.43,1471.99,63949
1574107200,1471.99,1472.45,1470.71,1471.19,18271
1574121600,1470.49,1475.33,1469.81,1469.83,17826
1574136000,1469.82,1472.81,1469.08,1472.14,16530
1574150400,1472.14,1473.21,1465.92,1465.95,36661
1574164800,1465.92,1470.13,1464.75,1468.84,26973
1574179200,1468.8,1474.98,1465.79,1474.44,63868
1574193600,1474.45,1475.16,1471.54,1472.38,17409
1574208000,1471.55,1475.25,1471.55,1473.58,20266
1574222400,1473.58,1476.28,1472.83,1475.33,13987
1574236800,1475.34,1478.85,1472.72,1476.36,40107
1574251200,1476.33,1477.06,1470.31,1471.91,32982
1574265600,1471.92,1473.23,1465.9,1471.38,62280
1574280000,1471.37,1475.49,1469.54,1471.46,48332
1574294400,1474.76,1475.58,1473.37,1475.02,18665
1574308800,1475.02,1475.67,1469.53,1470.38,27005
1574323200,1470.37,1474.45,1468.82,1470.65,40008
1574337600,1470.65,1471.55,1465.77,1469.94,43310
1574352000,1469.96,1470.77,1463.07,1465.31,72777
1574366400,1465.31,1465.88,1462.36,1464.33,24092
1574380800,1463.72,1465.65,1463.48,1463.68,10668
1574395200,1463.69,1466.61,1463.55,1465.85,8546
1574409600,1465.85,1471.87,1464.58,1471.24,39580
1574424000,1471.24,1473.19,1468.14,1468.72,37788
1574438400,1468.72,1469.69,1461.34,1462.61,58448
1574452800,1462.58,1463.8,1461.56,1461.99,12866
1574640000,1460.5,1461.87,1459.62,1461.16,10005
1574654400,1461.14,1462.13,1458.35,1458.45,10039
1574668800,1458.44,1459.67,1456.47,1459.34,23095
1574683200,1459.33,1459.86,1454.05,1456.04,28508
1574697600,1456.03,1460.78,1455.08,1456.3,39673
1574712000,1456.29,1457.85,1454.34,1455.03,13798
1574726400,1454.73,1455.42,1451.59,1453.63,12229
1574740800,1453.63,1456.36,1453.31,1455.8,12685
1574755200,1455.78,1459.15,1454.91,1457.44,22524
1574769600,1457.43,1458.96,1453.65,1455.51,21096
1574784000,1455.51,1462.8,1450.03,1460.06,46261
1574798400,1460.05,1462.84,1459.22,1461.25,11538
1574812800,1461.24,1461.91,1459.53,1459.7,7773
1574827200,1459.7,1460.12,1457.92,1458.91,8027
1574841600,1458.91,1460.26,1457.99,1458.95,15075
1574856000,1458.95,1460.28,1453.78,1455.14,25088
1574870400,1455.14,1456.62,1452.5,1456.04,41591
1574884800,1456.02,1456.05,1453.14,1454.26,17865
1574899200,1453.94,1458.3,1453.92,1457.22,14051
1574913600,1457.22,1457.5,1455.64,1457.02,7462
1574928000,1457.01,1458.24,1455.4,1456.98,12575
1574942400,1456.97,1457.59,1454.77,1456.53,11964
1574956800,1456.53,1456.56,1454.22,1456.28,8871
1574985600,1455.57,1457.26,1454.91,1457.06,8516
1575000000,1457.06,1459.23,1456.77,1458.42,9832
1575014400,1458.42,1459.15,1455.74,1456.18,16534
1575028800,1456.19,1457.0,1453.03,1453.45,18935
1575043200,1453.47,1466.52,1453.2,1463.95,56326
1575057600,1463.93,1464.7,1462.84,1463.31,2444
1575244800,1463.76,1463.91,1460.01,1460.56,11422
1575259200,1460.57,1460.83,1458.85,1459.59,7292
1575273600,1459.59,1460.41,1453.96,1455.87,24337
1575288000,1455.87,1461.67,1455.52,1458.64,26707
1575302400,1458.64,1465.5,1457.13,1463.58,78954
1575316800,1463.58,1465.04,1461.89,1462.53,20462
1575331200,1461.82,1463.93,1461.25,1462.89,12914
1575345600,1462.86,1463.11,1460.39,1461.04,10276
1575360000,1461.04,1466.92,1459.82,1466.11,22542
1575374400,1466.11,1475.14,1464.91,1474.27,49878
1575388800,1474.27,1481.73,1473.71,1478.86,74626
1575403200,1478.87,1479.62,1476.71,1477.33,16245
1575417600,1477.17,1478.79,1475.9,1477.91,12968
1575432000,1477.91,1481.03,1477.25,1480.02,11683
1575446400,1480.02,1484.05,1472.69,1474.28,41535
1575460800,1474.28,1481.84,1473.72,1477.55,40724
1575475200,1477.55,1478.44,1471.43,1474.0,66052
1575489600,1474.01,1475.31,1473.04,1474.37,14652
1575504000,1474.2,1476.39,1473.76,1475.9,10345
1575518400,1475.88,1478.11,1475.0,1477.76,9365
1575532800,1477.75,1478.26,1473.39,1474.13,29732
1575547200,1474.15,1478.69,1473.14,1474.22,29079
1575561600,1474.21,1480.33,1472.87,1479.09,48979
1575576000,1479.11,1479.15,1475.09,1475.8,19086
1575590400,1475.3,1476.41,1474.96,1476.08,7777
1575604800,1476.08,1476.29,1474.94,1475.12,5661
1575619200,1475.16,1475.48,1471.44,1474.79,21416
1575633600,1474.79,1479.6,1464.96,1467.84,30409
1575648000,1467.84,1467.97,1458.69,1461.4,49728
1575662400,1461.39,1461.98,1459.31,1459.56,11987
1575849600,1459.17,1461.6,1458.19,1460.38,9312
1575864000,1460.38,1461.23,1459.09,1460.75,6135
1575878400,1460.76,1463.17,1460.2,1462.24,16311
1575892800,1462.25,1465.37,1461.97,1464.18,21175
1575907200,1464.19,1464.84,1459.8,1459.91,25957
1575921600,1459.93,1462.03,1459.18,1461.78,12227
1575936000,1461.44,1462.05,1460.5,1461.1,6077
1575950400,1461.1,1462.75,1460.08,1461.37,6614
1575964800,1461.37,1465.21,1459.99,1464.37,22867
1575979200,1464.35,1468.03,1463.71,1467.06,34535
1575993600,1467.06,1469.14,1462.39,1463.18,46817
1576008000,1463.19,1465.7,1462.85,1464.37,12304
1576022400,1463.86,1465.02,1463.35,1464.17,6416
1576036800,1464.17,1464.3,1463.0,1463.11,5951
1576051200,1463.11,1467.35,1462.69,1467.15,21419
1576065600,1467.09,1468.22,1465.17,1467.08,25211
1576080000,1467.09,1472.87,1466.48,1470.39,35129
1576094400,1470.38,1478.9,1467.15,1474.8,41955
1576108800,1474.34,1475.67,1474.09,1474.38,7659
1576123200,1474.4,1475.58,1474.32,1474.61,5771
1576137600,1474.61,1474.95,1472.04,1473.41,16258
1576152000,1473.41,1483.86,1473.24,1482.72,25810
1576166400,1482.74,1486.69,1464.56,1467.76,92171
1576180800,1467.78,1470.35,1463.89,1469.47,36528
1576195200,1468.08,1469.99,1461.76,1468.61,25849
1576209600,1468.61,1469.6,1466.92,1467.93,11178
1576224000,1467.94,1473.33,1465.73,1471.41,31455
1576238400,1471.38,1475.47,1468.25,1468.38,39984
1576252800,1468.38,1477.88,1465.27,1474.7,105772
1576267200,1474.7,1478.02,1474.5,1475.54,17667
1576454400,1475.21,1476.22,1473.16,1474.35,7152
1576468800,1474.29,1476.32,1474.07,1476.22,5931
1576483200,1476.22,1478.74,1474.51,1477.46,25922
1576497600,1477.47,1479.24,1475.88,1477.95,17802
1576512000,1477.95,1479.83,1473.75,1475.11,29017
1576526400,1475.11,1476.78,1474.83,1475.96,10265
1576540800,1475.3,1476.25,1474.38,1474.95,7408
1576555200,1474.94,1477.61,1474.83,1476.99,7524
1576569600,1477.01,1479.42,1475.95,1478.56,15981
1576584000,1478.55,1480.54,1474.79,1476.2,22204
1576598400,1476.2,1478.45,1474.19,1477.12,29625
1576612800,1477.13,1477.41,1475.07,1476.02,9502
1576627200,1475.66,1476.36,1475.03,1475.97,4346
1576641600,1475.97,1477.19,1475.77,1477.05,5518
1576656000,1477.06,1479.26,1476.57,1478.77,15673
1576670400,1478.77,1479.27,1470.45,1472.41,23083
1576684800,1472.41,1478.45,1471.66,1474.67,30692
1576699200,1474.68,1476.04,1474.06,1475.46,9869
1576713600,1475.1,1477.47,1474.46,1477.28,5887
1576728000,1477.28,1477.95,1476.17,1476.19,5159
1576742400,1476.19,1476.94,1473.24,1474.18,16914
1576756800,1474.18,1477.43,1473.28,1476.32,19579
1576771200,1476.33,1480.09,1474.29,1479.77,27218
1576785600,1479.76,1481.68,1478.6,1478.73,11378
1576800000,1478.43,1479.56,1478.01,1478.35,5229
1576814400,1478.35,1479.37,1477.88,1479.15,4209
1576828800,1479.15,1479.68,1476.75,1478.28,13362
1576843200,1478.27,1480.68,1476.84,1480.08,14110
1576857600,1480.08,1480.98,1475.83,1477.3,28144
1576872000,1477.3,1478.36,1476.93,1477.93,8831
1577059200,1477.95,1479.71,1477.38,1479.65,5976
1577073600,1479.64,1481.67,1479.2,1481.12,7281
1577088000,1481.14,1485.17,1480.99,1484.93,16014
1577102400,1484.93,1485.23,1480.49,1483.25,16235
1577116800,1483.25,1484.82,1481.79,1484.01,18968
1577131200,1483.92,1486.12,1483.87,1485.39,10809
1577145600,1485.64,1487.53,1484.34,1487.53,5300
1577160000,1487.53,1490.84,1487.2,1490.22,8192
1577174400,1490.22,1492.95,1489.38,1491.0,10323
1577188800,1491.0,1492.44,1488.77,1490.19,12047
1577203200,1490.18,1499.83,1490.09,1498.9,19112
1577347200,1502.82,1504.78,1502.69,1504.11,3866
1577361600,1504.11,1508.29,1503.39,1507.8,18813
1577376000,1507.8,1512.57,1506.59,1508.58,33470
1577390400,1508.57,1512.36,1508.29,1511.06,15408
1577404800,1510.92,1511.59,1509.16,1510.45,10438
1577419200,1510.45,1514.22,1509.61,1510.42,11690
1577433600,1510.42,1511.91,1507.31,1511.85,19985
1577448000,1511.83,1512.43,1508.69,1510.43,18856
1577462400,1510.46,1515.28,1509.38,1514.12,26107
1577476800,1514.11,1514.11,1510.06,1510.76,10514
1577664000,1511.06,1515.08,1511.0,1514.17,9313
1577678400,1514.17,1515.81,1513.51,1515.2,7256
1577692800,1515.2,1515.31,1512.38,1512.98,13482
1577707200,1512.98,1513.51,1510.74,1512.44,15451
1577721600,1512.43,1516.07,1512.19,1515.08,29205
1577736000,1515.08,1515.93,1514.44,1514.99,8280
1577750400,1514.75,1521.97,1514.36,1521.25,8921
1577764800,1521.25,1524.18,1520.78,1523.29,10468
1577779200,1523.29,1525.27,1522.75,1523.69,11824
1577793600,1523.71,1524.21,1519.84,1520.8,16776
1577808000,1520.78,1524.8,1516.62,1522.68,41671
1577822400,1522.68,1522.7,1521.75,1521.98,307
1577952000,1519.17,1521.37,1518.43,1520.66,10331
1577966400,1520.67,1529.01,1519.69,1528.04,20059
1577980800,1528.06,1531.32,1522.77,1525.24,42096
1577995200,1525.24,1528.95,1524.88,1528.76,16097
1578009600,1528.37,1535.75,1527.88,1534.93,12068
1578024000,1534.93,1543.85,1532.59,1541.47,38592
1578038400,1541.47,1550.36,1540.12,1546.8,31842
1578052800,1546.85,1551.46,1540.9,1546.27,39015
1578067200,1546.3,1551.0,1544.08,1548.74,54624
1578081600,1548.73,1553.47,1546.2,1551.5,21164
1578268800,1559.9,1587.65,1559.67,1577.69,42663
1578283200,1577.69,1579.48,1573.52,1574.94,22905
1578297600,1574.94,1577.97,1570.11,1577.25,38965
1578312000,1577.25,1579.34,1571.43,1574.27,30834
1578326400,1574.27,1576.65,1560.76,1564.49,57935
1578340800,1564.49,1568.54,1562.99,1565.68,22876
1578355200,1565.28,1565.74,1556.45,1557.85,15415
1578369600,1557.86,1563.02,1555.23,1562.46,15155
1578384000,1562.44,1570.88,1562.32,1566.18,37832
1578398400,1566.17,1569.55,1563.86,1568.11,28368
1578412800,1568.11,1573.12,1565.49,1571.85,47989
1578427200,1571.85,1577.27,1569.55,1573.23,22126
1578441600,1576.26,1611.29,1573.48,1593.41,54989
1578456000,1593.4,1595.28,1583.62,1594.48,42276
1578470400,1594.48,1595.11,1579.21,1583.68,44425
1578484800,1583.67,1584.78,1567.97,1576.69,35730
1578499200,1576.67,1578.31,1552.59,1561.88,54317
1578513600,1561.89,1562.26,1552.19,1556.29,25247
1578528000,1555.86,1561.31,1553.79,1559.7,16027
1578542400,1559.68,1560.82,1555.03,1555.32,14436
1578556800,1555.25,1555.87,1540.08,1546.32,36229
1578571200,1546.33,1556.52,1545.54,1549.81,30456
1578585600,1549.8,1552.63,1544.77,1549.25,44081
1578600000,1549.2,1555.06,1549.2,1552.1,20467
1578614400,1551.18,1553.81,1547.48,1547.97,13434
1578628800,1547.96,1549.3,1545.7,1548.35,9910
1578643200,1548.35,1552.42,1546.19,1548.29,17522
1578657600,1548.26,1556.56,1546.8,1548.66,25514
1578672000,1548.7,1561.0,1547.72,1559.42,47478
1578686400,1559.41,1563.12,1557.81,1561.7,12602
1578873600,1561.86,1561.86,1554.26,1556.76,12488
1578888000,1556.76,1557.58,1554.94,1555.12,8995
1578902400,1555.13,1555.47,1546.43,1547.91,20680
1578916800,1547.89,1556.11,1547.87,1554.69,15656
1578931200,1554.69,1555.26,1548.62,1549.71,30993
1578945600,1549.71,1550.46,1547.74,1548.4,11432
1578960000,1547.42,1548.86,1535.89,1537.6,17340
1578974400,1537.6,1540.52,1536.1,1537.93,12110
1578988800,1537.93,1545.89,1536.3,1544.04,20489
1579003200,1544.03,1546.68,1542.03,1544.11,25087
1579017600,1544.1,1546.99,1540.93,1543.51,32881
1579032000,1543.51,1548.79,1542.87,1546.3,22484
1579046400,1546.06,1550.04,1545.88,1547.34,11224
1579060800,1547.31,1553.34,1547.19,1553.19,13238
1579075200,1553.18,1554.22,1550.28,1553.21,19697
1579089600,1553.21,1554.8,1546.9,1554.8,19269
1579104000,1554.8,1556.99,1548.71,1554.02,34784
1579118400,1554.0,1558.13,1553.06,1556.22,19683
1579132800,1555.03,1558.04,1554.86,1556.38,10968
1579147200,1556.39,1557.11,1551.42,1551.68,9988
1579161600,1551.69,1555.65,1551.59,1554.82,12138
1579176000,1554.8,1557.43,1552.47,1554.26,18160
1579190400,1554.26,1555.53,1547.98,1551.55,30833
1579204800,1551.56,1554.13,1549.38,1552.43,9283
1579219200,1551.17,1553.53,1549.36,1553.13,8718
1579233600,1553.13,1556.9,1551.92,1555.61,7748
1579248000,1555.61,1557.01,1554.06,1555.46,11932
1579262400,1555.45,1560.7,1554.26,1555.38,19590
1579276800,1555.37,1560.11,1554.03,1559.76,32187
1579291200,1559.71,1561.21,1556.24,1556.94,11529
1579478400,1556.29,1559.06,1556.26,1557.65,7084
1579492800,1557.65,1562.23,1556.92,1561.87,6605
1579507200,1561.87,1562.72,1559.23,1560.43,11618
1579521600,1560.42,1560.94,1558.26,1560.38,9018
1579536000,1560.38,1561.19,1559.3,1560.62,6972
1579550400,1560.63,1560.8,1560.42,1560.7,15
1579564800,1559.74,1567.78,1559.61,1566.59,10526
1579579200,1566.59,1568.56,1564.56,1565.68,14382
1579593600,1565.66,1567.18,1552.55,1555.89,22940
1579608000,1555.84,1557.83,1550.74,1553.27,22493
1579622400,1553.28,1558.73,1546.31,1557.07,30653
1579636800,1557.08,1560.0,1554.38,1558.0,18171
1579651200,1558.16,1559.0,1553.01,1554.7,11981
1579665600,1554.7,1554.73,1550.12,1550.93,13138
1579680000,1550.9,1558.0,1550.55,1557.04,12757
1579694400,1557.04,1559.23,1554.56,1556.15,17489
1579708800,1556.18,1558.99,1554.86,1557.74,22937
1579723200,1557.74,1559.08,1556.32,1558.6,10271
1579737600,1557.77,1563.71,1557.57,1559.94,14628
1579752000,1559.96,1560.86,1555.86,1557.89,14255
1579766400,1557.9,1558.13,1553.0,1554.28,17639
1579780800,1554.28,1557.54,1551.87,1556.84,15081
1579795200,1556.84,1567.84,1554.57,1567.24,36921
1579809600,1567.24,1567.9,1560.26,1562.86,15719
1579824000,1562.48,1563.15,1559.54,1561.87,7679
1579838400,1561.89,1562.28,1559.34,1560.5,5176
1579852800,1560.5,1561.52,1557.55,1561.24,12666
1579867200,1561.27,1562.94,1556.52,1561.38,13961
1579881600,1561.38,1575.81,1559.7,1571.63,42861
1579896000,1571.62,1575.75,1569.5,1570.86,25603
1580083200,1579.9,1588.43,1577.31,1581.14,21231
1580097600,1581.11,1583.1,1577.89,1580.52,11275
1580112000,1580.49,1583.55,1575.82,1582.69,21128
1580126400,1582.69,1586.24,1580.24,1581.38,27661
1580140800,1581.38,1585.97,1578.04,1580.12,42212
1580155200,1580.15,1583.32,1577.03,1581.91,19137
1580169600,1581.2,1583.01,1580.07,1580.9,8576
1580184000,1580.87,1582.21,1578.3,1579.15,10194
1580198400,1579.16,1582.27,1576.83,1579.09,21531
1580212800,1579.1,1580.7,1571.59,1575.0,24613
1580227200,1575.0,1577.94,1567.04,1569.82,35169
1580241600,1569.83,1571.74,1565.48,1567.82,14177
1580256000,1566.26,1569.98,1563.29,1565.8,11179
1580270400,1565.79,1567.1,1563.37,1567.02,9698
1580284800,1567.03,1571.65,1566.03,1570.72,15977
1580299200,1570.72,1572.42,1569.12,1569.7,18746
1580313600,1569.76,1574.43,1567.78,1570.9,25905
1580328000,1570.9,1577.9,1568.75,1577.11,19774
1580342400,1575.54,1580.16,1574.54,1577.99,8465
1580356800,1577.99,1580.83,1577.95,1578.14,11915
1580371200,1578.12,1583.02,1576.95,1579.99,24433
1580385600,1579.95,1581.76,1576.81,1578.67,22106
1580400000,1578.68,1585.93,1572.25,1584.79,41751
1580414400,1584.79,1585.66,1572.6,1573.85,30543
1580428800,1574.0,1575.97,1570.92,1573.95,11893
1580443200,1573.95,1574.05,1570.94,1572.39,9183
1580457600,1572.4,1580.0,1572.37,1579.28,13918
1580472000,1579.3,1582.2,1577.86,1579.36,19843
1580486400,1579.38,1589.06,1578.4,1583.53,55308
1580500800,1583.54,1590.45,1582.37,1588.68,33495
1580688000,1592.96,1593.26,1582.12,1582.37,23689
1580702400,1582.38,1583.96,1579.27,1579.71,16515
1580716800,1579.71,1580.8,1573.25,1578.85,24479
1580731200,1578.83,1581.2,1576.06,1578.38,18712
1580745600,1578.39,1580.39,1569.31,1575.51,42999
1580760000,1575.51,1578.5,1575.12,1576.38,15900
1580774400,1576.98,1579.5,1573.78,1575.67,12933
1580788800,1575.68,1577.64,1572.16,1572.63,13122
1580803200,1572.7,1574.6,1565.41,1568.11,21794
1580817600,1568.11,1571.55,1559.8,1559.91,20973
1580832000,1559.89,1562.03,1549.04,1550.64,39846
1580846400,1550.64,1555.36,1549.62,1552.8,15001
1580860800,1551.86,1556.56,1551.86,1553.9,11047
1580875200,1553.9,1560.77,1553.77,1559.47,10134
1580889600,1559.45,1562.35,1547.42,1548.69,29029
1580904000,1548.69,1555.91,1548.59,1554.42,25362
1580918400,1554.44,1559.57,1552.69,1557.69,37067
1580932800,1557.69,1559.07,1556.0,1556.39,11500
1580947200,1555.6,1558.07,1554.37,1556.98,10006
1580961600,1556.92,1556.92,1552.44,1556.12,13681
1580976000,1556.12,1563.95,1554.93,1562.19,20176
1580990400,1562.19,1567.57,1562.19,1563.81,21194
1581004800,1563.8,1568.21,1561.54,1565.25,30747
1581019200,1565.26,1567.37,1564.77,1566.45,8273
1581033600,1565.66,1569.11,1564.81,1567.42,10597
1581048000,1567.42,1568.14,1564.8,1566.02,9866
1581062400,1566.02,1568.5,1562.75,1568.06,20703
1581076800,1568.07,1570.18,1559.77,1568.96,22530
1581091200,1568.98,1574.07,1565.13,1569.08,35029
1581105600,1569.08,1573.2,1569.03,1570.02,14298
1581292800,1571.43,1576.57,1568.99,1571.37,16004
1581307200,1571.38,1572.3,1567.95,1571.0,13109
1581321600,1571.01,1575.19,1569.4,1574.3,20798
1581336000,1574.3,1574.92,1571.34,1572.65,16784
1581350400,1572.66,1577.0,1571.54,1576.39,22346
1581364800,1576.39,1576.72,1571.81,1571.85,9689
1581379200,1571.71,1572.94,1570.21,1570.48,6001
1581393600,1570.48,1570.54,1566.86,1568.35,8586
1581408000,1568.35,1569.97,1565.76,1568.52,16518
1581422400,1568.51,1573.92,1567.24,1571.97,15513
1581436800,1571.92,1573.99,1562.06,1565.74,32808
1581451200,1565.74,1569.48,1565.3,1567.7,12206
1581465600,1567.29,1568.59,1565.68,1567.07,9032
1581480000,1567.07,1568.37,1564.59,1565.4,9673
1581494400,1565.41,1566.31,1561.82,1565.06,17672
1581508800,1565.09,1567.67,1563.93,1566.76,11603
1581523200,1566.77,1570.4,1563.51,1568.21,23743
1581537600,1568.2,1569.26,1564.91,1565.67,9685
1581552000,1566.41,1572.6,1565.52,1569.79,13407
1581566400,1569.79,1574.84,1569.45,1574.1,10072
1581580800,1574.1,1575.82,1572.23,1575.18,17892
1581595200,1575.18,1577.46,1572.14,1575.18,20085
1581609600,1575.18,1578.23,1571.79,1576.46,29195
1581624000,1576.46,1577.14,1575.18,1575.95,13874
1581638400,1575.86,1578.13,1574.67,1576.61,10232
1581652800,1576.61,1576.73,1573.01,1574.96,9815
1581667200,1574.96,1576.94,1573.84,1576.78,12924
1581681600,1576.8,1580.51,1574.87,1580.13,12823
1581696000,1580.13,1583.73,1577.82,1583.61,19505
1581710400,1583.61,1585.02,1582.01,1583.82,10474
1581897600,1582.0,1583.74,1580.39,1582.08,10822
1581912000,1582.08,1583.2,1581.74,1582.49,6642
1581926400,1582.5,1582.77,1578.81,1580.85,7839
1581940800,1580.85,1581.79,1579.99,1581.59,4238
1581955200,1581.59,1582.57,1580.71,1581.5,5122
1581984000,1583.36,1587.09,1582.08,1585.47,12416
1581998400,1585.47,1587.36,1585.28,1585.87,9766
1582012800,1585.87,1589.19,1584.96,1588.67,15192
1582027200,1588.66,1591.88,1586.39,1591.3,14563
1582041600,1591.3,1605.04,1587.93,1601.47,31632
1582056000,1601.48,1603.34,1599.86,1601.33,13592
1582070400,1601.26,1604.77,1599.47,1602.67,9199
1582084800,1602.68,1603.38,1600.14,1602.97,9095
1582099200,1602.97,1609.49,1602.72,1608.9,17613
1582113600,1608.89,1611.25,1603.04,1603.31,17683
1582128000,1603.31,1608.43,1602.3,1607.59,26182
1582142400,1607.59,1612.89,1605.59,1611.33,16966
1582156800,1611.17,1612.82,1605.95,1609.18,17988
1582171200,1609.18,1612.01,1608.45,1609.33,15932
1582185600,1609.36,1610.85,1603.81,1608.97,21057
1582200000,1608.98,1619.09,1608.59,1615.7,25380
1582214400,1615.7,1623.68,1613.64,1616.66,44445
1582228800,1616.67,1621.01,1616.04,1619.27,17178
1582243200,1619.61,1622.69,1618.92,1621.21,14681
1582257600,1621.23,1628.72,1620.93,1628.16,13201
1582272000,1628.18,1636.49,1627.64,1634.98,29810
1582286400,1634.96,1645.51,1632.96,1642.98,22817
1582300800,1643.02,1649.28,1637.87,1643.85,47665
1582315200,1643.86,1648.4,1642.61,1643.78,23679
1582502400,1643.02,1680.86,1643.02,1661.66,33817
1582516800,1661.66,1663.64,1658.87,1661.53,21493
1582531200,1661.52,1689.28,1660.62,1682.62,45155
1582545600,1682.6,1687.71,1672.26,1677.53,42100
1582560000,1677.52,1684.22,1669.62,1674.43,57737
1582574400,1674.43,1676.83,1650.73,1658.52,38855
1582588800,1658.9,1663.68,1642.74,1655.18,27086
1582603200,1655.16,1658.72,1645.85,1649.14,25603
1582617600,1649.15,1655.44,1632.98,1651.13,46500
1582632000,1651.13,1657.19,1641.35,1650.44,39410
1582646400,1650.42,1658.45,1643.03,1648.73,66124
1582660800,1648.75,1653.54,1624.71,1635.26,50882
1582675200,1634.79,1646.19,1634.13,1644.16,24362
1582689600,1644.22,1646.01,1636.82,1643.6,27204
1582704000,1643.57,1654.91,1642.48,1650.73,42759
1582718400,1650.73,1650.74,1631.17,1632.14,38665
1582732800,1632.15,1644.55,1624.77,1640.09,53865
1582747200,1640.09,1649.97,1636.0,1640.49,39546
1582761600,1640.51,1650.32,1638.01,1649.35,26358
1582776000,1649.36,1652.37,1646.39,1652.24,19973
1582790400,1652.19,1652.57,1641.28,1647.16,41227
1582804800,1647.18,1654.19,1644.21,1651.8,35229
1582819200,1651.76,1660.36,1638.07,1640.71,69432
1582833600,1640.76,1647.37,1635.16,1644.16,44116
1582848000,1644.45,1649.43,1639.81,1642.4,28555
1582862400,1642.37,1645.67,1628.43,1630.78,39164
1582876800,1630.77,1641.31,1621.15,1627.66,56883
1582891200,1627.68,1632.79,1617.91,1628.74,47552
1582905600,1628.72,1629.22,1571.06,1583.62,66852
1582920000,1583.59,1592.86,1562.75,1584.46,35636
1583107200,1591.08,1606.49,1575.27,1595.59,35743
1583121600,1595.52,1605.3,1590.85,1603.91,36992
1583136000,1603.94,1610.43,1595.92,1609.02,49286
1583150400,1609.03,1610.92,1592.34,1595.66,49267
1583164800,1595.67,1601.69,1590.92,1598.29,52125
1583179200,1598.29,1598.61,1583.82,1589.69,24569
1583193600,1588.85,1600.19,1584.55,1597.27,17849
1583208000,1597.27,1601.11,1595.14,1598.99,20401
1583222400,1598.99,1599.41,1593.41,1597.06,30996
1583236800,1597.07,1605.85,1596.5,1605.25,31612
1583251200,1605.24,1649.19,1601.81,1645.05,60348
1583265600,1645.15,1647.44,1626.38,1639.44,32449
1583280000,1639.84,1652.42,1637.22,1644.04,26486
1583294400,1644.04,1646.13,1641.23,1643.15,22499
1583308800,1643.17,1644.47,1631.76,1639.67,32615
1583323200,1639.73,1649.29,1636.92,1640.3,29809
1583337600,1640.35,1646.52,1636.82,1641.95,38439
1583352000,1641.99,1643.64,1633.74,1635.69,17700
1583366400,1637.16,1640.75,1634.97,1637.62,14197
1583380800,1637.63,1640.71,1636.65,1638.47,12549
1583395200,1638.47,1644.85,1637.07,1643.99,22955
1583409600,1644.0,1656.47,1643.81,1655.03,32638
1583424000,1655.02,1667.31,1654.28,1666.94,46886
1583438400,1666.97,1674.47,1665.04,1671.55,34103
1583452800,1672.18,1676.41,1667.49,1670.56,18927
1583467200,1670.56,1680.9,1667.58,1679.7,22806
1583481600,1679.69,1685.9,1667.69,1684.3,39348
1583496000,1684.39,1689.85,1668.38,1673.44,44742
1583510400,1673.46,1687.15,1642.13,1665.76,75400
1583524800,1665.74,1692.11,1662.06,1674.04,40605
1583712000,1696.1,1703.19,1679.45,1700.71,37562
1583726400,1700.77,1701.15,1657.26,1663.1,48756
1583740800,1663.09,1685.08,1661.73,1665.19,42480
1583755200,1665.19,1685.75,1662.78,1671.71,41678
1583769600,1671.89,1677.36,1661.76,1672.55,48868
1583784000,1672.58,1681.42,1671.08,1679.58,22055
1583798400,1673.65,1679.65,1661.51,1669.39,26828
1583812800,1669.39,1670.65,1651.21,1651.65,28717
1583827200,1651.71,1667.44,1649.32,1658.5,46682
1583841600,1658.38,1667.53,1651.25,1653.56,46305
1583856000,1653.68,1661.91,1649.9,1657.82,63027
1583870400,1657.83,1659.96,1641.46,1648.96,22779
1583884800,1649.69,1660.1,1649.0,1658.3,22683
1583899200,1658.3,1665.35,1655.65,1661.54,22171
1583913600,1661.54,1666.58,1656.4,1660.44,31321
1583928000,1660.46,1671.22,1658.5,1662.71,42400
1583942400,1662.7,1663.07,1639.79,1643.46,57141
1583956800,1643.46,1646.36,1633.01,1635.06,25472
1583971200,1633.55,1650.27,1633.25,1636.14,26625
1583985600,1636.11,1638.76,1630.66,1633.87,27351
1584000000,1633.88,1645.45,1633.36,1633.96,34320
1584014400,1633.99,1643.03,1586.08,1597.19,49765
1584028800,1597.14,1609.7,1560.61,1594.9,63790
1584043200,1594.9,1595.25,1565.86,1577.5,24860
1584057600,1579.2,1584.26,1552.78,1554.97,25182
1584072000,1555.0,1591.06,1551.21,1586.43,37553
1584086400,1586.44,1594.13,1578.87,1582.5,35677
1584100800,1582.5,1597.86,1566.36,1574.73,48239
1584115200,1574.68,1581.84,1504.32,1522.35,60932
1584129600,1522.35,1537.26,1509.13,1529.08,29781
1584316800,1564.52,1575.32,1523.75,1534.59,41432
1584331200,1534.59,1550.69,1530.45,1540.59,33083
1584345600,1540.62,1547.52,1512.27,1527.08,39218
1584360000,1527.0,1528.21,1451.2,1470.6,66108
1584374400,1470.6,1519.43,1464.3,1492.04,68209
1584388800,1491.97,1517.33,1487.23,1514.48,23619
1584403200,1511.05,1519.32,1490.69,1492.4,25765
1584417600,1492.4,1504.93,1485.28,1492.6,27394
1584432000,1492.63,1493.02,1467.79,1470.81,39394
1584446400,1470.81,1503.6,1465.35,1493.28,46302
1584460800,1493.21,1553.99,1491.46,1534.64,69721
1584475200,1534.62,1537.36,1520.75,1528.19,23984
1584489600,1527.55,1546.23,1527.06,1534.58,23962
1584504000,1534.58,1535.73,1511.51,1518.64,25506
1584518400,1518.67,1519.33,1487.07,1493.86,41085
1584532800,1493.86,1522.81,1492.59,1508.32,54321
1584547200,1508.36,1518.3,1472.57,1488.37,57153
1584561600,1488.37,1502.96,1482.47,1485.85,22509
1584576000,1485.29,1500.71,1473.13,1484.55,22887
1584590400,1484.54,1486.38,1463.03,1471.22,27644
1584604800,1471.2,1496.1,1468.91,1478.77,30783
1584619200,1478.99,1483.6,1464.01,1480.62,42765
1584633600,1481.07,1493.23,1468.64,1472.15,55598
1584648000,1472.14,1480.46,1465.25,1472.22,15858
1584662400,1469.7,1483.32,1454.94,1481.87,19171
1584676800,1481.8,1487.88,1479.24,1486.07,20688
1584691200,1486.09,1515.89,1485.01,1507.97,32624
1584705600,1507.96,1514.09,1485.72,1489.64,37399
1584720000,1489.6,1500.42,1479.89,1483.32,47282
1584734400,1483.33,1499.39,1479.24,1498.17,20235
1584921600,1502.65,1508.29,1482.23,1492.38,27227
1584936000,1492.38,1497.97,1490.03,1494.45,18974
1584950400,1494.47,1494.83,1484.94,1492.28,23042
1584964800,1492.34,1529.03,1490.93,1528.33,44800
1584979200,1528.33,1561.01,1520.54,1559.31,52643
1584993600,1559.31,1559.97,1545.59,1552.8,17546
1585008000,1554.92,1582.12,1552.29,1572.54,17915
1585022400,1572.54,1584.28,1560.03,1564.05,12410
1585036800,1563.75,1594.89,1558.59,1588.91,9684
1585051200,1589.26,1617.38,1579.67,1598.5,11946
1585065600,1598.51,1628.6,1586.34,1625.46,10077
1585080000,1626.35,1631.93,1611.41,1626.87,3719
1585094400,1626.4,1638.42,1610.44,1617.57,5221
1585108800,1617.58,1619.77,1600.75,1611.34,5431
1585123200,1611.46,1625.64,1594.89,1621.53,4634
1585137600,1621.53,1626.97,1594.71,1605.7,11805
1585152000,1605.55,1617.05,1603.83,1611.9,15113
1585166400,1611.92,1616.08,1606.95,1615.78,6077
1585180800,1614.18,1617.04,1596.93,1603.48,6392
1585195200,1603.35,1606.81,1596.86,1600.22,3353
1585209600,1600.41,1610.01,1595.63,1609.79,7217
1585224000,1610.01,1637.48,1609.79,1629.63,15868
1585238400,1629.63,1643.37,1623.24,1636.94,11334
1585252800,1636.95,1637.5,1613.2,1626.63,9846
1585267200,1626.43,1634.61,1619.05,1624.82,12157
1585281600,1624.82,1628.3,1623.36,1626.62,5190
1585296000,1626.65,1627.76,1612.54,1621.85,17626
1585310400,1621.85,1629.39,1613.83,1622.08,17408
1585324800,1622.08,1629.7,1615.17,1623.48,20959
1585339200,1623.48,1631.02,1616.61,1627.85,8085
1585526400,1636.14,1637.29,1612.0,1618.87,9744
1585540800,1618.84,1621.97,1606.04,1614.67,6794
1585555200,1614.68,1624.05,1611.86,1621.9,8813
1585569600,1621.94,1627.12,1615.21,1619.49,11330
1585584000,1619.49,1624.32,1617.22,1620.23,26160
1585598400,1620.31,1622.84,1611.15,1620.21,25918
1585612800,1619.74,1623.5,1609.89,1613.06,6527
1585627200,1613.1,1618.1,1610.61,1613.47,13747
1585641600,1613.5,1618.77,1602.85,1608.75,12970
1585656000,1608.85,1611.84,1594.32,1604.42,20716
1585670400,1604.42,1613.27,1595.84,1597.29,36179
1585684800,1597.29,1597.64,1574.06,1576.53,36322
1585699200,1562.22,1581.89,1562.22,1579.81,7674
1585713600,1579.82,1588.41,1579.14,1586.65,6978
1585728000,1586.63,1599.91,1583.34,1594.83,15571
1585742400,1594.78,1596.6,1579.21,1583.94,19754
1585756800,1583.94,1594.25,1571.91,1582.2,45734
1585771200,1582.15,1592.77,1577.73,1591.94,17094
1585785600,1587.22,1595.76,1585.55,1587.24,19078
1585800000,1587.24,1587.24,1582.41,1584.91,12423
1585814400,1584.72,1599.26,1583.71,1586.53,25613
1585828800,1586.54,1610.73,1585.5,1601.45,26927
1585843200,1601.45,1613.54,1599.55,1612.93,45478
1585857600,1612.99,1619.73,1607.9,1611.18,22368
1585872000,1611.85,1617.28,1608.85,1609.7,7044
1585886400,1609.36,1614.21,1608.25,1611.66,13560
1585900800,1611.72,1617.5,1606.86,1611.62,21355
1585915200,1611.62,1620.88,1605.62,1609.16,20907
1585929600,1609.16,1620.93,1609.11,1618.08,29601
1585944000,1618.05,1625.3,1614.59,1615.12,11925
1586131200,1616.0,1621.58,1608.65,1617.86,8557
1586145600,1617.84,1620.28,1616.29,1618.1,6482
1586160000,1618.07,1636.55,1615.66,1636.35,23327
1586174400,1636.4,1644.87,1631.96,1641.98,28736
1586188800,1641.96,1652.37,1636.61,1651.31,31925
1586203200,1651.31,1668.87,1650.64,1657.56,19358
1586217600,1660.1,1676.59,1656.55,1663.24,9510
1586232000,1663.24,1665.06,1653.39,1657.1,10372
1586246400,1657.1,1668.34,1643.0,1656.83,18645
1586260800,1656.61,1661.94,1648.6,1656.77,24052
1586275200,1656.77,1657.68,1642.16,1651.55,47594
1586289600,1651.55,1657.87,1642.67,1648.11,21272
1586304000,1646.28,1649.18,1640.79,1644.42,2658
1586318400,1644.42,1650.82,1642.86,1649.64,5611
1586332800,1649.64,1654.56,1643.67,1649.13,13896
1586347200,1649.12,1654.77,1641.7,1651.1,18889
1586361600,1651.1,1656.63,1642.5,1649.58,33394
1586376000,1649.43,1652.98,1643.77,1644.95,10556
1586390400,1642.45,1648.32,1641.35,1647.33,3823
1586404800,1647.37,1649.71,1645.8,1647.9,6483
1586419200,1647.9,1661.04,1646.8,1657.95,17360
1586433600,1657.95,1673.8,1654.15,1673.12,28526
1586448000,1673.05,1687.04,1670.17,1682.77,49264
1586462400,1682.83,1689.85,1674.48,1682.3,28067
1586736000,1682.36,1690.72,1672.0,1685.7,9730
1586750400,1685.7,1686.59,1679.28,1683.54,13269
1586764800,1683.59,1692.78,1681.55,1689.97,16536
1586779200,1689.95,1695.3,1686.19,1690.47,15035
1586793600,1690.47,1714.68,1685.98,1714.12,37131
1586808000,1714.04,1722.12,1710.95,1711.76,23316
1586822400,1709.65,1723.64,1709.65,1715.45,9086
1586836800,1715.49,1725.61,1712.94,1716.42,15755
1586851200,1716.45,1727.01,1708.34,1719.36,27023
1586865600,1719.36,1731.24,1716.2,1730.14,26914
1586880000,1730.18,1747.77,1724.36,1733.8,58281
1586894400,1733.69,1738.74,1718.88,1726.43,34758
1586908800,1727.45,1730.27,1721.14,1727.36,5714
1586923200,1727.36,1730.83,1719.31,1723.75,9580
1586937600,1723.71,1727.26,1706.72,1712.41,25420
1586952000,1712.46,1725.24,1709.49,1716.15,32330
1586966400,1716.15,1726.19,1708.51,1713.54,49454
1586980800,1713.54,1723.72,1711.21,1716.39,23852
1586995200,1713.17,1719.4,1712.51,1716.55,6231
1587009600,1716.86,1718.82,1711.75,1714.58,11023
1587024000,1714.44,1725.56,1713.68,1723.33,24470
1587038400,1723.33,1738.7,1718.47,1724.67,45877
1587052800,1724.67,1734.33,1707.7,1712.91,58317
1587067200,1712.93,1719.37,1708.12,1717.87,36527
1587081600,1712.56,1720.04,1700.62,1717.2,9501
1587096000,1717.2,1718.24,1700.83,1707.37,9841
1587110400,1707.37,1708.34,1684.79,1696.71,30895
1587124800,1696.71,1699.37,1683.11,1694.01,48706
1587139200,1694.01,1701.5,1681.81,1686.53,56898
1587153600,1686.53,1687.94,1675.49,1681.13,28859
1587340800,1680.0,1683.9,1670.96,1674.8,7839
1587355200,1674.86,1683.56,1673.4,1681.27,14134
1587369600,1681.27,1684.84,1672.46,1678.81,24147
1587384000,1678.81,1689.59,1673.68,1685.06,27163
1587398400,1685.11,1702.2,1680.11,1693.98,47130
1587412800,1694.07,1697.86,1685.33,1694.17,32264
1587427200,1692.21,1695.34,1688.0,1689.59,4839
1587441600,1689.45,1691.47,1686.03,1686.61,11650
1587456000,1686.49,1697.77,1685.77,1693.26,25387
1587470400,1693.25,1694.16,1659.03,1665.11,36704
1587484800,1665.11,1691.39,1663.07,1672.63,50521
1587499200,1672.51,1687.94,1671.1,1683.18,28681
1587513600,1685.04,1689.68,1681.29,1686.99,8238
1587528000,1686.91,1691.67,1679.95,1684.78,17019
1587542400,1684.78,1699.59,1680.79,1696.11,30480
1587556800,1696.11,1711.38,1693.02,1706.09,24353
1587571200,1706.05,1715.14,1700.86,1713.14,67511
1587585600,1713.14,1718.31,1711.36,1714.61,38279
1587600000,1711.58,1715.57,1709.06,1711.6,6459
1587614400,1711.6,1719.21,1707.21,1713.54,18256
1587628800,1713.54,1727.57,1710.1,1725.57,28106
1587643200,1725.59,1732.2,1721.24,1723.96,28857
1587657600,1723.96,1738.55,1719.93,1725.29,63927
1587672000,1725.35,1734.56,1720.88,1729.72,54220
1587686400,1728.69,1730.39,1721.44,1721.85,4882
1587700800,1721.85,1725.76,1721.46,1723.79,10247
1587715200,1723.79,1731.0,1720.6,1730.14,22326
1587729600,1730.14,1736.16,1727.15,1731.44,40547
1587744000,1731.44,1736.27,1710.46,1718.29,66267
1587758400,1718.26,1728.82,1716.58,1726.2,36699
1587945600,1724.98,1727.27,1718.73,1724.18,8052
1587960000,1724.15,1725.09,1720.09,1720.68,14851
1587974400,1720.68,1723.72,1712.93,1722.29,43256
1587988800,1722.26,1722.66,1712.24,1719.35,45715
1588003200,1719.42,1722.11,1706.02,1711.96,64294
1588017600,1711.96,1718.25,1709.51,1714.78,26841
1588032000,1710.08,1715.77,1704.65,1707.5,8281
1588046400,1707.47,1707.79,1695.67,1697.63,18910
1588060800,1697.58,1704.66,1692.11,1702.15,37651
1588075200,1701.96,1714.54,1701.09,1710.49,61033
1588089600,1710.49,1712.83,1691.31,1705.17,67893
1588104000,1704.99,1711.06,1702.47,1707.72,40589
1588118400,1705.08,1708.74,1702.93,1705.92,5137
1588132800,1706.22,1712.04,1705.92,1710.19,8254
1588147200,1710.19,1712.88,1701.96,1704.42,22776
1588161600,1704.39,1712.15,1700.78,1704.85,41894
1588176000,1704.85,1706.51,1697.83,1699.59,54211
1588190400,1699.86,1717.19,1698.23,1712.29,40842
1588204800,1711.88,1716.01,1708.18,1711.73,6663
1588219200,1711.7,1713.56,1708.64,1712.03,13386
1588233600,1712.03,1721.71,1710.59,1716.61,33330
1588248000,1716.62,1719.57,1693.74,1706.51,49567
1588262400,1706.54,1708.63,1681.07,1687.69,60724
1588276800,1687.62,1691.36,1681.18,1685.92,40351
1588291200,1682.51,1692.6,1677.0,1687.3,8384
1588305600,1687.31,1690.18,1684.62,1687.35,10625
1588320000,1687.33,1687.38,1669.84,1672.41,60553
1588334400,1672.41,1685.28,1671.79,1679.98,92355
1588348800,1679.98,1699.85,1676.95,1697.21,76875
1588363200,1697.14,1705.1,1691.8,1698.95,40283
1588550400,1696.5,1700.52,1691.08,1695.62,9167
1588564800,1695.62,1701.41,1695.62,1697.96,10653
1588579200,1697.96,1706.99,1696.34,1704.94,17183
1588593600,1704.97,1714.88,1695.88,1700.99,20533
1588608000,1701.03,1709.89,1697.28,1705.62,51913
1588622400,1705.75,1709.07,1700.58,1701.07,27599
1588636800,1700.78,1703.78,1695.3,1698.58,3660
1588651200,1698.82,1700.54,1696.36,1699.07,7022
1588665600,1699.07,1708.42,1689.3,1699.75,22374
1588680000,1699.73,1700.59,1694.61,1695.85,22739
1588694400,1695.86,1705.13,1693.17,1702.37,67315
1588708800,1702.36,1711.28,1700.82,1704.76,28275
1588723200,1704.64,1706.07,1700.56,1701.7,6123
1588737600,1701.65,1707.58,1700.73,1702.86,10702
1588752000,1702.85,1707.98,1700.45,1703.9,22587
1588766400,1703.81,1705.25,1693.49,1696.72,24586
1588780800,1696.85,1697.96,1681.66,1686.46,58082
1588795200,1686.46,1690.69,1682.93,1685.43,28890
1588809600,1682.66,1693.54,1682.66,1692.64,9090
1588824000,1692.64,1693.45,1689.48,1691.7,8350
1588838400,1691.68,1693.41,1684.16,1691.17,24098
1588852800,1691.17,1699.21,1690.58,1697.94,24812
1588867200,1697.97,1716.19,1693.7,1715.17,60292
1588881600,1715.13,1721.91,1713.34,1715.69,33625
1588896000,1714.98,1716.47,1710.9,1714.31,7343
1588910400,1714.86,1720.44,1713.43,1715.39,12236
1588924800,1715.39,1721.19,1714.7,1719.53,29548
1588939200,1719.56,1723.32,1705.6,1711.88,40592
1588953600,1711.9,1721.41,1708.16,1709.85,56260
1588968000,1709.85,1711.26,1700.45,1701.21,32236
1589155200,1701.28,1707.86,1698.08,1704.07,8443
1589169600,1704.07,1711.91,1702.22,1705.35,12110
1589184000,1705.35,1709.35,1701.67,1703.76,29923
1589198400,1703.77,1707.97,1693.47,1705.23,46042
1589212800,1705.3,1708.3,1691.87,1697.01,52451
1589227200,1697.01,1699.23,1693.59,1698.0,22859
1589241600,1696.08,1699.12,1692.98,1696.35,6721
1589256000,1696.35,1701.86,1694.85,1699.87,11733
1589270400,1699.86,1706.35,1698.11,1704.98,20439
1589284800,1705.03,1707.16,1698.39,1701.22,38622
1589299200,1701.24,1710.9,1700.26,1702.49,51429
1589313600,1702.49,1704.94,1698.16,1702.21,29505
1589328000,1701.48,1705.96,1699.04,1705.43,9477
1589342400,1705.43,1706.54,1699.9,1703.23,14598
1589356800,1703.23,1705.88,1699.01,1701.92,27030
1589371200,1701.95,1713.54,1699.55,1712.09,33878
1589385600,1712.09,1717.51,1701.95,1711.63,65977
1589400000,1711.63,1717.7,1709.05,1715.04,41277
1589414400,1715.38,1719.57,1713.02,1716.98,5696
1589428800,1717.0,1717.0,1710.79,1711.84,10415
1589443200,1711.84,1719.21,1711.43,1717.58,23391
1589457600,1717.59,1719.63,1711.04,1716.78,36960
1589472000,1716.78,1736.14,1713.52,1731.25,61223
1589486400,1731.0,1734.02,1728.55,1729.95,27967
1589500800,1728.6,1734.13,1727.51,1729.48,7508
1589515200,1729.48,1734.34,1728.58,1730.74,14017
1589529600,1730.74,1738.61,1730.0,1735.37,31698
1589544000,1735.32,1745.11,1729.92,1742.78,50188
1589558400,1742.63,1750.04,1733.59,1748.54,65897
1589572800,1748.56,1751.38,1739.62,1742.38,22950
1589760000,1744.58,1760.53,1741.32,1754.65,16375
1589774400,1754.65,1763.53,1753.66,1759.86,22721
1589788800,1759.77,1765.04,1758.93,1761.58,27922
1589803200,1761.58,1765.03,1748.47,1749.53,39472
1589817600,1749.48,1751.69,1727.26,1731.0,80360
1589832000,1731.02,1735.09,1728.08,1732.42,26299
1589846400,1730.1,1737.62,1729.33,1737.01,7577
1589860800,1737.01,1740.24,1734.86,1735.44,16190
1589875200,1735.44,1738.05,1725.62,1736.63,53904
1589889600,1736.61,1738.79,1730.88,1735.4,46092
1589904000,1735.4,1745.68,1733.15,1742.21,61094
1589918400,1742.19,1747.79,1738.9,1744.42,18978
1589932800,1744.98,1746.54,1742.55,1744.84,4495
1589947200,1744.8,1751.06,1744.78,1746.93,15699
1589961600,1746.93,1753.08,1746.22,1748.4,24413
1589976000,1748.29,1753.39,1741.99,1747.33,45339
1589990400,1747.33,1752.14,1742.76,1747.53,74035
1590004800,1747.53,1753.78,1745.75,1747.38,29003
1590019200,1747.08,1748.52,1744.28,1745.23,5789
1590033600,1745.23,1745.69,1737.69,1742.45,17170
1590048000,1742.45,1743.7,1731.26,1734.25,28196
1590062400,1734.25,1741.66,1731.15,1737.27,36859
1590076800,1737.25,1739.26,1717.2,1723.93,73791
1590091200,1723.93,1727.39,1721.06,1726.81,38605
1590105600,1722.77,1729.09,1722.77,1728.81,6142
1590120000,1728.81,1730.44,1724.28,1726.17,17640
1590134400,1726.18,1740.06,1726.1,1736.63,26927
1590148800,1736.63,1738.45,1724.81,1734.53,27378
1590163200,1734.52,1737.75,1730.08,1735.44,46666
1590177600,1735.43,1736.45,1732.57,1735.38,19147
1590364800,1732.04,1734.81,1727.31,1728.98,6408
1590379200,1728.88,1729.13,1725.82,1726.83,10039
1590393600,1726.81,1730.34,1723.57,1728.86,22656
1590408000,1728.89,1730.82,1726.89,1728.0,15740
1590422400,1728.0,1733.19,1721.25,1728.93,20650
1590451200,1726.48,1731.53,1722.08,1731.46,7066
1590465600,1731.46,1735.37,1730.0,1732.12,17141
1590480000,1732.12,1734.57,1724.82,1725.44,26056
1590494400,1725.44,1729.16,1720.22,1726.03,31318
1590508800,1726.04,1728.45,1709.06,1712.37,57820
1590523200,1712.35,1714.22,1706.72,1710.31,23001
1590537600,1707.04,1713.76,1706.93,1713.37,6786
1590552000,1713.37,1715.95,1702.06,1706.13,17719
1590566400,1706.11,1710.41,1704.84,1705.46,17979
1590580800,1705.46,1708.84,1697.23,1699.57,27646
1590595200,1699.55,1709.95,1693.61,1707.9,54021
1590609600,1707.9,1715.24,1707.82,1709.49,27789
1590624000,1709.81,1712.73,1703.53,1709.91,6010
1590638400,1709.9,1716.5,1709.09,1715.83,9309
1590652800,1715.89,1721.93,1715.17,1720.19,19863
1590667200,1720.2,1726.18,1719.44,1722.35,27086
1590681600,1722.35,1727.35,1717.87,1719.92,52451
1590696000,1719.92,1720.7,1711.13,1718.77,26350
1590710400,1717.04,1722.05,1715.04,1718.72,6412
1590724800,1718.69,1722.34,1712.51,1721.32,10751
1590739200,1721.36,1726.7,1716.69,1726.08,20975
1590753600,1726.09,1733.01,1724.05,1730.64,26565
1590768000,1730.64,1736.0,1726.29,1733.37,46413
1590782400,1733.38,1738.09,1727.24,1730.25,27679
1590969600,1735.28,1743.0,1728.31,1735.03,9684
1590984000,1735.07,1743.16,1731.85,1741.61,18814
1590998400,1741.52,1744.57,1734.62,1736.64,25517
1591012800,1736.6,1738.34,1729.21,1733.01,26964
1591027200,1733.04,1741.44,1726.9,1738.58,48405
1591041600,1738.58,1740.43,1734.66,1739.43,22392
1591056000,1737.15,1743.19,1736.03,1740.1,5883
1591070400,1740.1,1742.04,1735.64,1736.51,11192
1591084800,1736.53,1740.29,1734.83,1738.59,17950
1591099200,1738.59,1741.98,1736.71,1741.18,25456
1591113600,1741.26,1745.05,1721.24,1724.74,65470
1591128000,1724.72,1729.35,1724.03,1727.52,22867
1591142400,1725.9,1731.67,1720.45,1725.14,11603
1591156800,1725.14,1729.53,1724.6,1726.2,13515
1591171200,1726.2,1726.55,1713.01,1717.4,23741
1591185600,1717.34,1726.18,1705.81,1709.09,34693
1591200000,1709.07,1711.25,1689.29,1698.82,90325
1591214400,1698.81,1700.38,1693.94,1698.17,23350
1591228800,1698.64,1701.18,1696.02,1700.02,7917
1591243200,1700.05,1705.2,1697.17,1703.92,14395
1591257600,1703.97,1705.14,1697.93,1704.66,21689
1591272000,1704.64,1718.2,1704.38,1716.91,36087
1591286400,1716.86,1718.0,1700.24,1716.83,62400
1591300800,1716.83,1722.02,1711.78,1712.3,33257
1591315200,1713.08,1716.13,1711.98,1713.88,5350
1591329600,1713.88,1715.71,1706.97,1708.58,10990
1591344000,1708.56,1713.31,1707.08,1711.18,21447
1591358400,1711.18,1711.6,1682.14,1687.27,47690
1591372800,1687.27,1691.27,1670.54,1682.01,93838
1591387200,1682.01,1685.03,1678.85,1683.7,34815
1591574400,1683.04,1684.68,1677.35,1682.24,11824
1591588800,1682.23,1689.84,1681.72,1689.12,17060
1591603200,1689.12,1697.39,1687.06,1693.11,20850
1591617600,1693.21,1696.85,1690.67,1691.09,23164
1591632000,1691.04,1698.67,1686.03,1697.46,65728
1591646400,1697.48,1700.66,1695.96,1697.59,33861
1591660800,1696.75,1701.03,1696.11,1700.22,6520
1591675200,1700.17,1704.69,1693.75,1696.94,18418
1591689600,1696.94,1706.95,1692.08,1705.72,29473
1591704000,1705.72,1717.83,1704.35,1716.37,38938
1591718400,1716.37,1720.75,1712.74,1715.31,61528
1591732800,1715.35,1717.36,1711.76,1713.97,24896
1591747200,1712.44,1717.14,1711.9,1716.5,6996
1591761600,1716.5,1718.6,1714.62,1716.26,12928
1591776000,1716.26,1720.7,1715.66,1719.57,24917
1591790400,1719.53,1725.24,1715.76,1722.59,30675
1591804800,1722.59,1727.23,1713.17,1714.28,52997
1591819200,1714.24,1739.74,1707.71,1737.77,59982
1591833600,1737.06,1739.98,1734.31,1734.88,10343
1591848000,1734.87,1734.93,1729.65,1729.75,15192
1591862400,1729.75,1737.38,1726.82,1733.72,26227
1591876800,1733.68,1734.6,1721.47,1732.31,33856
1591891200,1732.32,1744.63,1726.15,1727.4,77497
1591905600,1727.34,1735.09,1723.07,1728.77,49165
1591920000,1726.98,1730.61,1722.13,1727.23,10709
1591934400,1727.24,1729.4,1723.21,1727.97,20585
1591948800,1727.99,1735.89,1726.22,1734.76,22314
1591963200,1734.76,1740.28,1730.98,1737.4,30692
1591977600,1737.4,1742.99,1730.33,1733.84,64834
1591992000,1733.84,1733.94,1728.92,1730.32,35085
1592179200,1732.86,1733.97,1727.92,1731.99,5872
1592193600,1731.99,1733.85,1726.41,1728.24,9711
1592208000,1728.45,1728.75,1714.89,1720.77,14230
1592222400,1720.86,1722.77,1704.71,1707.11,13443
1592236800,1707.09,1722.8,1704.02,1721.11,20200
1592251200,1721.08,1728.05,1719.48,1725.15,13482
1592265600,1723.22,1728.14,1722.8,1727.21,4340
1592280000,1727.2,1732.7,1725.28,1725.87,10182
1592294400,1725.84,1732.71,1721.45,1729.23,13132
1592308800,1729.31,1731.9,1719.64,1725.95,14051
1592323200,1726.01,1729.94,1716.51,1728.87,20512
1592337600,1728.81,1730.33,1723.99,1726.58,11344
1592352000,1725.3,1728.85,1722.79,1726.39,3845
1592366400,1726.39,1727.35,1722.69,1725.93,8024
1592380800,1725.96,1729.33,1719.21,1719.82,10668
1592395200,1719.83,1720.98,1712.65,1720.88,12977
1592409600,1720.9,1729.11,1720.8,1726.5,15811
1592424000,1726.51,1730.1,1726.12,1726.52,8906
1592438400,1725.56,1729.94,1722.86,1727.86,4883
1592452800,1727.96,1729.29,1723.63,1726.81,7881
1592467200,1726.82,1734.35,1724.53,1732.78,8572
1592481600,1732.86,1737.69,1717.73,1725.16,15650
1592496000,1725.16,1726.99,1717.32,1723.14,15615
1592510400,1723.14,1725.36,1722.14,1722.61,8282
1592524800,1720.04,1724.09,1719.98,1723.48,2735
1592539200,1723.48,1727.25,1722.42,1725.86,7390
1592553600,1725.89,1732.75,1725.73,1729.99,9067
1592568000,1729.99,1736.44,1727.49,1734.85,9516
1592582400,1734.83,1745.05,1731.76,1741.48,17612
1592596800,1741.48,1744.08,1739.33,1741.79,12357
1592784000,1750.78,1751.08,1743.02,1748.31,5524
1592798400,1748.22,1758.37,1746.14,1752.38,9354
1592812800,1752.38,1753.61,1742.25,1749.07,10565
1592827200,1749.05,1758.23,1744.46,1756.4,11347
1592841600,1756.43,1763.01,1749.33,1754.98,19505
1592856000,1754.8,1758.46,1751.57,1754.55,11919
1592870400,1754.13,1756.91,1752.33,1753.18,3720
1592884800,1753.19,1760.38,1747.6,1752.39,11480
1592899200,1752.44,1757.63,1747.26,1756.08,12633
1592913600,1756.13,1761.7,1754.61,1759.18,11459
1592928000,1759.2,1769.03,1757.95,1765.33,18013
1592942400,1765.3,1770.81,1764.64,1766.36,10670
1592956800,1766.85,1773.3,1765.86,1770.2,5548
1592971200,1770.22,1772.96,1766.48,1768.82,8954
1592985600,1768.72,1775.13,1765.25,1774.83,10174
1593000000,1774.84,1779.17,1763.85,1766.51,13782
1593014400,1766.51,1775.83,1760.73,1766.2,21207
1593028800,1766.2,1768.22,1760.44,1761.21,12810
1593043200,1760.39,1765.89,1751.86,1764.23,5834
1593057600,1764.23,1765.21,1758.22,1762.03,7708
1593072000,1762.06,1768.73,1759.37,1762.64,10522
1593086400,1762.8,1765.22,1755.21,1763.99,13468
1593100800,1763.99,1766.46,1757.25,1762.87,17986
1593115200,1762.78,1764.0,1760.84,1763.65,9648
1593129600,1762.16,1766.15,1759.78,1762.87,3603
1593144000,1762.9,1763.31,1759.29,1761.12,4855
1593158400,1761.04,1766.59,1757.74,1763.94,9130
1593172800,1763.94,1764.93,1759.18,1760.7,9998
1593187200,1761.15,1768.91,1747.26,1767.32,20370
1593201600,1767.5,1771.87,1765.49,1769.51,12604
1593388800,1774.49,1775.15,1766.98,1773.98,4813
1593403200,1774.17,1774.58,1767.48,1773.89,9633
1593417600,1773.91,1774.82,1767.0,1770.96,9798
1593432000,1770.95,1773.27,1765.44,1768.84,10327
1593446400,1769.03,1774.0,1767.3,1769.73,15335
1593460800,1769.72,1772.89,1768.51,1772.57,9495
1593475200,1770.33,1773.52,1768.4,1769.09,2799
1593489600,1769.06,1772.04,1768.64,1771.2,5581
1593504000,1771.2,1773.61,1769.03,1771.64,9027
1593518400,1771.65,1771.71,1764.54,1768.98,9339
1593532800,1768.97,1785.83,1766.0,1783.32,18483
1593547200,1783.3,1784.01,1779.13,1780.44,8176
1593561600,1781.86,1784.23,1779.93,1780.46,3737
1593576000,1780.63,1784.47,1780.51,1782.85,7716
1593590400,1782.83,1788.97,1782.66,1785.77,8504
1593604800,1785.75,1788.65,1775.76,1779.27,13533
1593619200,1779.24,1779.44,1759.02,1770.45,20547
1593633600,1770.46,1772.81,1766.31,1769.76,11951
1593648000,1766.62,1771.95,1766.36,1768.52,3553
1593662400,1768.47,1770.21,1765.55,1767.56,5589
1593676800,1767.56,1772.26,1764.02,1772.11,9340
1593691200,1772.09,1774.34,1759.98,1760.08,11887
1593705600,1759.97,1779.39,1757.17,1776.3,19103
1593720000,1776.24,1778.06,1774.35,1774.97,9405
1593734400,1774.4,1776.81,1772.68,1774.77,3280
1593748800,1774.74,1776.88,1772.31,1774.05,5449
1593763200,1774.07,1776.8,1772.47,1776.0,8496
1593777600,1775.99,1776.97,1773.74,1775.45,6340
1593792000,1775.45,1776.04,1772.92,1775.6,6304
1593993600,1773.06,1776.63,1771.16,1775.6,2668
1594008000,1775.6,1776.17,1769.78,1772.44,5952
1594022400,1772.44,1777.78,1772.2,1776.64,8739
1594036800,1776.56,1785.24,1774.0,1783.02,9816
1594051200,1783.06,1786.87,1779.14,1783.12,15854
1594065600,1783.11,1786.82,1782.66,1784.49,9386
1594080000,1782.96,1786.26,1782.82,1785.59,2886
1594094400,1785.55,1786.99,1782.51,1783.65,5992
1594108800,1783.65,1784.99,1774.48,1777.98,9467
1594123200,1777.9,1780.3,1773.36,1778.39,10124
1594137600,1778.25,1796.42,1778.11,1795.77,17780
1594152000,1795.77,1797.24,1794.05,1794.59,10521
1594166400,1794.36,1796.39,1792.41,1793.27,3085
1594180800,1793.27,1795.18,1791.34,1794.79,5956
1594195200,1794.75,1800.67,1792.3,1799.45,8571
1594209600,1799.42,1804.67,1798.32,1803.53,11190
1594224000,1803.56,1817.81,1803.56,1812.31,18820
1594238400,1812.36,1813.87,1806.58,1808.4,10471
1594252800,1808.06,1810.34,1805.78,1806.8,3375
1594267200,1806.76,1812.03,1806.18,1811.49,5800
1594281600,1811.52,1815.81,1809.6,1814.55,9164
1594296000,1814.53,1815.17,1804.75,1811.26,12783
1594310400,1811.3,1815.11,1795.46,1799.76,21078
1594324800,1799.85,1804.88,1798.22,1802.16,10899
1594339200,1799.99,1804.05,1799.99,1802.85,3037
1594353600,1802.8,1803.76,1799.26,1801.12,4813
1594368000,1801.11,1805.37,1795.64,1804.82,9552
1594382400,1804.87,1810.42,1804.48,1807.08,7931
1594396800,1807.08,1809.91,1793.89,1794.32,18561
1594411200,1794.32,1800.46,1794.12,1798.29,10362
1594598400,1799.2,1801.7,1796.86,1800.92,4179
1594612800,1800.92,1804.69,1799.93,1804.18,4911
1594627200,1804.26,1808.3,1803.97,1807.64,7157
1594641600,1807.66,1809.91,1805.83,1807.29,9555
1594656000,1807.29,1813.16,1801.77,1809.49,19334
1594670400,1809.52,1811.38,1800.21,1802.04,13569
1594684800,1802.56,1803.0,1797.36,1797.5,4090
1594699200,1797.2,1799.48,1795.74,1798.12,7197
1594713600,1798.12,1802.16,1796.06,1801.09,9764
1594728000,1801.1,1805.02,1789.16,1801.18,13704
1594742400,1801.29,1809.47,1795.03,1808.76,19592
1594756800,1808.81,1810.7,1806.74,1809.03,10535
1594771200,1807.04,1811.1,1806.81,1807.98,2890
1594785600,1807.93,1810.02,1805.73,1805.74,5038
1594800000,1805.72,1814.79,1805.59,1812.42,9356
1594814400,1812.37,1812.7,1803.42,1807.0,12265
1594828800,1807.0,1813.32,1802.09,1812.33,17643
1594843200,1812.34,1812.55,1810.03,1810.03,7242
1594857600,1809.66,1813.15,1807.18,1810.24,2643
1594872000,1810.24,1811.27,1807.92,1810.99,4497
1594886400,1810.99,1810.99,1804.4,1806.45,9219
1594900800,1806.45,1808.7,1802.83,1805.09,10489
1594915200,1805.09,1808.61,1800.75,1801.05,15342
1594929600,1801.01,1801.3,1794.81,1796.64,11595
1594944000,1796.5,1799.18,1794.66,1797.86,3486
1594958400,1797.85,1799.34,1795.71,1798.39,5760
1594972800,1798.38,1802.7,1798.22,1802.4,7941
1594987200,1802.37,1807.53,1801.13,1805.35,7920
1595001600,1805.35,1811.86,1805.06,1807.75,14262
1595016000,1807.48,1811.32,1807.32,1809.56,6833
1595203200,1808.6,1810.46,1804.44,1807.81,3814
1595217600,1807.79,1808.85,1805.51,1808.85,6036
1595232000,1808.93,1812.03,1807.47,1811.89,9156
1595246400,1811.91,1817.99,1809.49,1813.9,9514
1595260800,1813.99,1820.45,1811.75,1815.96,16785
1595275200,1815.97,1818.55,1815.19,1816.81,8653
1595289600,1817.5,1818.63,1816.34,1816.54,2896
1595304000,1816.54,1820.07,1815.71,1817.64,6912
1595318400,1817.64,1824.41,1817.01,1823.77,11165
1595332800,1823.81,1841.34,1822.23,1839.14,13242
1595347200,1839.18,1841.75,1833.91,1841.71,19556
1595361600,1841.67,1843.36,1838.8,1841.34,10274
1595376000,1835.41,1847.36,1835.41,1843.34,8033
1595390400,1843.31,1865.57,1842.55,1856.3,12633
1595404800,1856.3,1860.98,1846.34,1846.36,15432
1595419200,1846.4,1862.97,1846.2,1854.93,17558
1595433600,1854.86,1870.16,1847.27,1864.98,22459
1595448000,1864.97,1871.88,1862.72,1871.19,13304
1595462400,1873.31,1876.38,1867.42,1872.75,7876
1595476800,1872.75,1872.75,1863.57,1868.3,11096
1595491200,1868.27,1888.5,1867.84,1882.18,14779
1595505600,1882.2,1884.27,1871.75,1871.92,17252
1595520000,1871.92,1898.3,1869.7,1893.52,22880
1595534400,1893.52,1894.65,1879.02,1886.01,17253
1595548800,1886.2,1890.3,1881.22,1886.92,5576
1595563200,1886.94,1889.96,1883.25,1886.35,9638
1595577600,1886.35,1897.85,1882.09,1895.31,14926
1595592000,1895.32,1897.13,1887.05,1896.73,14545
1595606400,1896.69,1906.37,1894.8,1900.33,20607
1595620800,1900.3,1902.5,1899.31,1901.4,9638
1595808000,1901.38,1918.38,1897.89,1915.04,10283
1595822400,1915.01,1944.32,1913.24,1931.84,16431
1595836800,1931.9,1942.93,1930.71,1939.92,16780
1595851200,1939.96,1945.07,1931.05,1931.87,18043
1595865600,1931.8,1945.48,1930.88,1934.93,21653
1595880000,1934.87,1942.3,1933.31,1940.85,15360
1595894400,1941.06,1967.07,1937.02,1963.76,12436
1595908800,1963.82,1981.01,1932.3,1944.25,18850
1595923200,1944.32,1945.59,1906.6,1931.01,18691
1595937600,1930.86,1939.5,1922.57,1939.07,17130
1595952000,1939.02,1956.53,1930.8,1946.56,23087
1595966400,1946.51,1960.93,1946.35,1957.87,16351
1595980800,1961.79,1963.91,1949.01,1956.97,6893
1595995200,1956.97,1961.43,1947.6,1951.83,11015
1596009600,1951.83,1960.92,1949.55,1958.83,13287
1596024000,1958.89,1959.9,1952.59,1959.83,13203
1596038400,1959.85,1961.75,1941.26,1960.25,19046
1596052800,1960.23,1980.66,1950.9,1970.63,16657
1596067200,1969.6,1971.4,1964.54,1966.48,5493
1596081600,1966.48,1970.55,1958.97,1962.1,10697
1596096000,1962.09,1962.33,1947.1,1952.81,18398
1596110400,1952.82,1956.45,1944.78,1953.23,16773
1596124800,1953.39,1961.76,1939.43,1949.42,21540
1596139200,1949.38,1957.5,1948.89,1957.33,12609
1596153600,1955.84,1961.35,1951.08,1958.31,6533
1596168000,1958.36,1971.35,1957.96,1967.07,14501
1596182400,1967.07,1982.86,1966.71,1976.76,16256
1596196800,1976.75,1978.23,1970.32,1973.22,13927
1596211200,1973.18,1976.87,1959.73,1973.0,23075
1596225600,1972.87,1975.15,1966.53,1974.41,13439
1596412800,1978.36,1990.6,1972.3,1975.83,9135
1596427200,1976.01,1976.93,1969.64,1973.61,9269
1596441600,1973.6,1977.39,1970.1,1973.18,12206
1596456000,1973.12,1974.26,1965.59,1967.59,13277
1596470400,1967.45,1976.44,1960.37,1970.5,19567
1596484800,1970.51,1977.52,1970.18,1975.79,11385
1596499200,1976.06,1977.66,1971.34,1972.74,3820
1596513600,1972.74,1978.39,1971.23,1974.52,8322
1596528000,1974.47,1978.71,1971.28,1976.43,11160
1596542400,1976.53,1977.51,1967.05,1972.13,12673
1596556800,1972.12,2000.09,1971.23,1999.41,20721
1596571200,1999.41,2019.8,1998.32,2018.31,17075
1596585600,2017.96,2030.81,2012.76,2020.62,9405
1596600000,2020.46,2022.59,2009.32,2022.54,12693
1596614400,2022.65,2039.68,2021.13,2037.52,16854
1596628800,2037.71,2044.68,2030.09,2034.97,16388
1596643200,2034.95,2055.37,2028.5,2031.95,23556
1596657600,2031.93,2044.44,2030.21,2038.89,15266
1596672000,2037.88,2042.07,2034.4,2041.81,5217
1596686400,2041.81,2044.89,2037.27,2044.74,9857
1596700800,2044.6,2053.88,2040.73,2046.4,17702
1596715200,2046.39,2064.77,2046.27,2054.59,17131
1596729600,2054.33,2069.56,2049.23,2060.24,22280
1596744000,2060.52,2066.92,2053.45,2063.12,15051
1596758400,2063.26,2074.67,2061.94,2067.34,9157
1596772800,2067.22,2072.57,2048.52,2059.75,15973
1596787200,2059.75,2064.44,2053.68,2060.37,18243
1596801600,2060.36,2063.53,2041.63,2060.32,17310
1596816000,2060.5,2061.89,2022.39,2024.96,24300
1596830400,2024.78,2036.88,2015.11,2032.9,17080
1597017600,2031.64,2035.17,2019.07,2034.08,8136
1597032000,2034.04,2036.24,2026.81,2028.93,10911
1597046400,2028.94,2034.99,2028.07,2032.98,15406
1597060800,2032.97,2035.53,2027.77,2032.87,12780
1597075200,2032.69,2049.68,2026.99,2030.82,23186
1597089600,2030.87,2032.04,2019.23,2027.43,14367
1597104000,2027.06,2029.9,2015.51,2019.6,6877
1597118400,2019.6,2024.37,2014.51,2018.56,13854
1597132800,2018.56,2018.6,1983.04,1989.19,20075
1597147200,1989.24,1997.45,1953.56,1963.09,19273
1597161600,1963.45,1963.45,1937.29,1941.65,24577
1597176000,1941.85,1944.51,1901.17,1912.51,21559
1597190400,1910.4,1929.01,1905.28,1923.64,11237
1597204800,1923.63,1924.36,1862.31,1881.51,18927
1597219200,1881.38,1949.23,1872.76,1930.54,21280
1597233600,1930.61,1944.13,1921.97,1937.02,18658
1597248000,1937.3,1949.1,1927.24,1946.67,23519
1597262400,1946.69,1948.58,1906.61,1918.86,18505
1597276800,1915.44,1932.91,1912.52,1930.8,8260
1597291200,1930.8,1942.58,1921.36,1925.21,12910
1597305600,1925.32,1936.94,1924.43,1933.68,15460
1597320000,1933.69,1939.27,1920.08,1931.78,16640
1597334400,1931.66,1955.0,1926.55,1953.56,22401
1597348800,1953.65,1966.12,1937.69,1953.5,18658
1597363200,1953.4,1962.03,1946.57,1956.32,7191
1597377600,1956.37,1959.16,1944.67,1952.83,12703
1597392000,1952.76,1956.72,1938.64,1948.67,16687
1597406400,1948.66,1952.24,1940.63,1945.55,14884
1597420800,1945.58,1956.21,1933.14,1933.89,21552
1597435200,1933.73,1946.93,1931.99,1943.33,15160
1597622400,1948.42,1951.22,1929.26,1937.67,8791
1597636800,1937.69,1945.24,1932.55,1943.14,11748
1597651200,1943.1,1956.86,1942.1,1950.67,15687
1597665600,1950.67,1962.28,1947.62,1957.95,13929
1597680000,1957.94,1988.92,1956.98,1987.12,21262
1597694400,1987.21,1990.48,1979.42,1984.29,13752
1597708800,1984.1,1985.74,1979.23,1984.62,6267
1597723200,1984.63,1995.84,1983.1,1990.98,13885
1597737600,1990.99,2009.8,1990.42,2006.54,16690
1597752000,2006.5,2014.69,2001.2,2013.12,15278
1597766400,2013.43,2015.4,1975.79,2006.69,23404
1597780800,2006.63,2007.64,1999.3,2002.14,14620
1597795200,2001.56,2006.32,1993.33,2000.33,6581
1597809600,2000.31,2004.59,1989.61,1993.68,14420
1597824000,1993.68,1998.05,1980.15,1995.16,16308
1597838400,1995.09,1996.75,1981.09,1991.9,16825
1597852800,1991.87,1995.32,1953.67,1963.61,24797
1597867200,1963.55,1974.25,1924.61,1927.61,20877
1597881600,1927.2,1942.91,1924.75,1942.69,8880
1597896000,1942.77,1955.18,1933.31,1947.55,15595
1597910400,1947.61,1950.62,1927.03,1935.06,17776
1597924800,1934.98,1947.33,1924.56,1933.94,18409
1597939200,1934.1,1951.42,1926.12,1943.86,23749
1597953600,1943.91,1954.89,1937.12,1946.25,15701
1597968000,1946.4,1955.77,1942.87,1950.78,5626
1597982400,1950.71,1951.8,1940.45,1947.66,11171
1597996800,1947.66,1949.86,1928.21,1934.56,16480
1598011200,1934.54,1940.91,1911.21,1938.47,19030
1598025600,1938.42,1945.6,1921.53,1936.73,23329
1598040000,1936.62,1941.97,1935.39,1938.92,14777
1598227200,1939.3,1940.5,1929.81,1934.62,6582
1598241600,1934.62,1936.68,1930.12,1933.29,10857
1598256000,1933.29,1950.49,1930.95,1946.27,14170
1598270400,1946.26,1961.6,1944.05,1949.0,14504
1598284800,1949.01,1952.11,1927.08,1931.34,22434
1598299200,1931.33,1933.8,1923.58,1928.37,13079
1598313600,1927.68,1931.68,1925.33,1929.85,5360
1598328000,1929.85,1937.33,1928.59,1933.1,9398
1598342400,1933.1,1935.77,1924.71,1925.42,14442
1598356800,1925.4,1931.61,1919.75,1925.81,16301
1598371200,1925.77,1930.77,1914.1,1916.01,22225
1598385600,1916.01,1929.39,1914.85,1926.79,12755
1598400000,1929.74,1930.8,1924.73,1926.27,5349
1598414400,1926.28,1931.33,1922.44,1923.16,9197
1598428800,1923.17,1924.87,1913.64,1923.01,15094
1598443200,1922.93,1923.69,1902.65,1911.48,14780
1598457600,1911.46,1946.07,1910.16,1943.22,22451
1598472000,1943.24,1954.6,1943.24,1953.08,14182
1598486400,1954.3,1954.3,1947.58,1950.0,6002
1598500800,1949.99,1950.06,1938.17,1943.32,12175
1598515200,1943.32,1948.54,1936.74,1942.35,12997
1598529600,1942.34,1943.85,1932.15,1939.66,14030
1598544000,1939.43,1976.32,1909.77,1920.51,25535
1598558400,1920.49,1935.0,1919.02,1928.1,13850
1598572800,1927.72,1931.2,1923.06,1929.3,5311
1598587200,1929.12,1942.89,1928.65,1942.51,11486
1598601600,1942.47,1958.41,1939.96,1955.71,17358
1598616000,1955.71,1964.6,1947.97,1955.19,18036
1598630400,1955.25,1973.69,1950.78,1969.44,22322
1598644800,1969.4,1970.16,1960.28,1964.11,13845
1598832000,1965.04,1976.31,1962.92,1972.74,9341
1598846400,1972.77,1972.99,1967.28,1970.25,9159
1598860800,1970.25,1970.35,1954.09,1959.74,14212
1598875200,1959.74,1968.83,1959.68,1967.43,13668
1598889600,1967.34,1974.99,1961.91,1971.52,20913
1598904000,1971.51,1973.33,1966.05,1968.1,12239
1598918400,1966.32,1970.44,1964.03,1967.98,5096
1598932800,1967.98,1989.37,1967.89,1986.14,13949
1598947200,1986.14,1992.28,1982.03,1989.07,15506
1598961600,1989.1,1991.6,1983.83,1988.95,13940
1598976000,1988.92,1991.02,1964.07,1974.77,21553
1598990400,1974.74,1974.8,1963.12,1970.58,13341
1599004800,1968.22,1973.12,1965.26,1966.86,5748
1599019200,1966.86,1968.85,1958.55,1962.93,10631
1599033600,1962.77,1967.43,1955.83,1965.17,14647
1599048000,1965.21,1971.73,1953.43,1964.68,17055
1599062400,1964.63,1965.35,1932.3,1936.07,23372
1599076800,1936.06,1945.68,1934.0,1942.93,13244
1599091200,1940.32,1946.0,1938.72,1944.26,4872
1599105600,1944.24,1950.93,1937.33,1937.36,10831
1599120000,1937.42,1940.77,1927.03,1935.75,17034
1599134400,1935.78,1937.14,1927.22,1934.12,16078
1599148800,1934.16,1945.72,1921.69,1927.65,24568
1599163200,1927.69,1938.31,1926.5,1930.54,14911
1599177600,1930.02,1936.87,1925.51,1934.68,6525
1599192000,1934.65,1942.1,1934.01,1936.39,12091
1599206400,1936.4,1939.79,1930.6,1939.77,15210
1599220800,1939.73,1946.93,1925.11,1927.13,13325
1599235200,1927.15,1931.69,1916.09,1926.86,23390
1599249600,1926.87,1938.45,1923.48,1932.88,13180
1599436800,1929.84,1937.6,1928.17,1932.77,4844
1599451200,1932.75,1941.19,1931.77,1934.85,10382
1599465600,1934.85,1935.69,1927.4,1931.11,10799
1599480000,1931.14,1931.14,1923.86,1929.17,8623
1599494400,1929.13,1932.48,1924.41,1927.3,10142
1599523200,1928.94,1931.83,1925.27,1928.24,4063
1599537600,1928.26,1929.53,1922.12,1925.86,7067
1599552000,1925.91,1935.35,1923.17,1923.44,12330
1599566400,1923.42,1925.29,1907.58,1913.99,17652
1599580800,1914.12,1938.97,1906.32,1938.68,21905
1599595200,1938.66,1940.68,1927.65,1931.55,13530
1599609600,1931.22,1932.7,1928.01,1928.56,4134
1599624000,1928.56,1930.45,1922.74,1929.34,8442
1599638400,1929.41,1934.45,1923.74,1931.53,13132
1599652800,1931.53,1937.69,1919.85,1935.72,13388
1599667200,1935.53,1948.95,1934.55,1948.09,18702
1599681600,1948.02,1950.66,1944.5,1947.18,9556
1599696000,1944.58,1949.85,1943.86,1946.58,3920
1599710400,1946.5,1950.61,1943.53,1946.41,8227
1599724800,1946.39,1949.1,1942.14,1946.21,11702
1599739200,1946.31,1958.3,1944.63,1956.0,14614
1599753600,1956.05,1966.4,1950.86,1953.81,22001
1599768000,1953.81,1957.72,1941.28,1945.82,15199
1599782400,1941.42,1949.18,1941.22,1948.86,4855
1599796800,1948.74,1949.21,1937.04,1940.02,10847
1599811200,1940.03,1946.22,1937.63,1945.29,13933
1599825600,1945.11,1948.05,1941.42,1945.77,13799
1599840000,1945.69,1954.67,1942.13,1942.52,19307
1599854400,1942.52,1943.91,1938.12,1940.42,12577
1600041600,1939.72,1943.38,1936.22,1940.08,4332
1600056000,1940.0,1951.52,1940.0,1946.43,9303
1600070400,1946.43,1949.07,1943.15,1945.81,10854
1600084800,1945.81,1956.14,1939.84,1955.91,14079
1600099200,1956.01,1962.48,1953.53,1956.18,17135
1600113600,1956.2,1959.05,1953.05,1956.39,9336
1600128000,1956.17,1957.98,1954.98,1956.07,3453
1600142400,1956.07,1966.95,1955.19,1965.75,9728
1600156800,1965.75,1969.14,1960.16,1963.66,12034
1600171200,1963.68,1972.05,1962.59,1967.31,14566
1600185600,1967.11,1969.44,1948.16,1957.9,20111
1600200000,1957.81,1958.79,1951.33,1953.22,10115
1600214400,1952.77,1955.75,1951.38,1952.94,4120
1600228800,1952.89,1961.4,1949.7,1959.54,9085
1600243200,1959.56,1968.6,1956.98,1965.17,12950
1600257600,1965.13,1970.61,1961.53,1967.52,14581
1600272000,1967.56,1973.6,1956.48,1965.19,19281
1600286400,1965.18,1970.09,1952.55,1959.08,18076
1600300800,1958.42,1960.9,1954.14,1957.07,5800
1600315200,1957.11,1959.5,1937.58,1940.38,14217
1600329600,1940.36,1947.05,1939.16,1944.73,14824
1600344000,1944.75,1948.71,1936.83,1942.95,16617
1600358400,1943.42,1949.5,1932.76,1944.79,23030
1600372800,1944.9,1948.84,1942.7,1944.1,12427
1600387200,1942.62,1951.82,1941.07,1950.88,4618
1600401600,1950.88,1955.44,1949.45,1951.89,9562
1600416000,1951.89,1956.01,1950.63,1955.32,12040
1600430400,1955.19,1955.87,1946.8,1951.39,14933
1600444800,1951.56,1959.79,1944.97,1958.69,21585
1600459200,1958.68,1959.97,1948.71,1950.35,11085
1600646400,1949.34,1951.44,1944.87,1950.7,4406
1600660800,1950.72,1955.48,1950.21,1953.22,8626
1600675200,1953.22,1954.67,1934.77,1938.98,15144
1600689600,1938.83,1938.86,1919.26,1921.87,19050
1600704000,1921.94,1923.83,1882.31,1902.62,25305
1600718400,1902.54,1913.35,1901.34,1911.82,14467
1600732800,1911.32,1919.98,1908.57,1917.89,6178
1600747200,1917.89,1918.66,1906.58,1915.76,12053
1600761600,1915.76,1916.02,1894.51,1903.57,18341
1600776000,1903.63,1912.48,1902.59,1912.09,18295
1600790400,1912.22,1917.47,1896.77,1899.17,24321
1600804800,1899.17,1907.02,1899.02,1900.25,12431
1600819200,1899.12,1905.19,1897.55,1902.52,6379
1600833600,1902.51,1905.12,1882.18,1887.44,15126
1600848000,1887.49,1890.07,1873.01,1881.12,19897
1600862400,1880.81,1894.92,1877.44,1881.58,19597
1600876800,1881.69,1888.12,1862.17,1866.31,24624
1600891200,1866.29,1867.78,1855.45,1862.6,16376
1600905600,1862.78,1864.62,1853.56,1861.39,8890
1600920000,1861.41,1868.76,1850.4,1851.56,15445
1600934400,1851.56,1861.2,1848.78,1853.69,19087
1600948800,1853.71,1861.32,1848.61,1855.36,19622
1600963200,1855.46,1873.12,1850.77,1870.39,24420
1600977600,1870.39,1877.03,1861.49,1868.36,16990
1600992000,1866.42,1871.26,1864.78,1867.7,4969
1601006400,1867.75,1873.25,1861.78,1872.83,12275
1601020800,1872.83,1875.02,1865.95,1871.08,16753
1601035200,1871.08,1872.57,1852.74,1860.61,20530
1601049600,1860.56,1865.69,1852.2,1861.94,22298
1601064000,1861.97,1866.68,1859.6,1860.0,13217
1601251200,1859.48,1865.89,1858.77,1859.49,5649
1601265600,1859.45,1863.81,1857.54,1861.48,8834
1601280000,1861.48,1861.82,1848.59,1852.23,15364
1601294400,1852.3,1872.37,1850.01,1867.82,18548
1601308800,1867.85,1876.86,1864.6,1874.38,21362
1601323200,1874.4,1882.9,1874.29,1881.78,11890
1601337600,1879.82,1886.08,1877.68,1883.18,4889
1601352000,1883.18,1887.02,1880.34,1881.31,8465
1601366400,1881.45,1884.73,1875.32,1881.76,15288
1601380800,1881.76,1890.31,1877.23,1883.98,17901
1601395200,1884.08,1895.61,1880.92,1895.44,22123
1601409600,1895.44,1898.99,1893.72,1897.17,12469
1601424000,1896.82,1899.18,1894.23,1894.66,4246
1601438400,1894.8,1897.37,1886.99,1890.22,11367
1601452800,1890.22,1891.86,1882.46,1883.47,15407
1601467200,1883.48,1900.14,1881.27,1895.18,15834
1601481600,1895.35,1902.15,1881.55,1897.74,22925
1601496000,1897.65,1897.71,1884.52,1885.12,16285
1601510400,1884.92,1888.74,1882.46,1884.97,4982
1601524800,1885.01,1895.42,1885.0,1894.3,9127
1601539200,1894.3,1900.18,1892.24,1894.22,12952
1601553600,1894.22,1909.23,1893.09,1903.53,15767
1601568000,1903.61,1911.98,1896.19,1908.48,23682
1601582400,1908.38,1911.56,1903.52,1905.8,21044
1601596800,1904.02,1907.38,1899.69,1900.44,4670
1601611200,1900.39,1901.17,1890.22,1891.11,8666
1601625600,1891.07,1916.92,1889.67,1905.97,17446
1601640000,1905.85,1911.89,1905.27,1911.44,16032
1601654400,1911.44,1911.74,1898.09,1901.29,21619
1601668800,1901.17,1904.45,1898.52,1900.49,11945
1601856000,1905.04,1905.04,1897.27,1900.68,5685
1601870400,1900.63,1901.0,1891.48,1893.03,10962
1601884800,1893.07,1898.32,1886.89,1897.92,15222
1601899200,1897.91,1908.24,1897.35,1906.5,12833
1601913600,1907.08,1918.5,1905.45,1916.27,20376
1601928000,1916.31,1916.47,1910.62,1913.6,9870
1601942400,1911.82,1914.11,1909.64,1914.01,4433
1601956800,1913.94,1914.39,1908.1,1912.11,7236
1601971200,1912.07,1914.56,1906.52,1909.43,11053
1601985600,1909.41,1919.14,1908.95,1915.68,13377
1602000000,1916.02,1920.9,1900.45,1903.75,19614
1602014400,1903.73,1906.37,1876.71,1877.5,16433
1602028800,1875.02,1880.74,1874.61,1878.26,7194
1602043200,1878.39,1883.83,1872.75,1882.56,10224
1602057600,1882.55,1897.9,1881.8,1889.75,12737
1602072000,1889.76,1891.75,1882.35,1889.61,15168
1602086400,1889.61,1890.29,1879.05,1886.33,20217
1602100800,1886.28,1888.68,1884.79,1887.72,10963
1602115200,1885.92,1888.22,1884.11,1886.25,4117
1602129600,1886.2,1889.01,1883.26,1885.46,8737
1602144000,1885.46,1895.1,1885.46,1891.84,12367
1602158400,1891.8,1899.96,1890.09,1898.11,13720
1602172800,1898.13,1900.64,1883.17,1885.19,19200
1602187200,1885.17,1894.76,1881.8,1893.45,11002
1602201600,1892.92,1899.2,1892.13,1899.13,3960
1602216000,1899.05,1912.82,1899.05,1908.9,10766
1602230400,1908.9,1916.45,1905.57,1915.02,12532
1602244800,1915.03,1921.73,1911.68,1920.72,11698
1602259200,1920.7,1929.15,1916.5,1923.31,19341
1602273600,1923.33,1930.36,1920.41,1929.83,10472
1602460800,1927.62,1933.1,1922.18,1924.83,6818
1602475200,1924.83,1930.35,1921.31,1928.55,11395
1602489600,1928.55,1931.8,1922.36,1923.61,13541
1602504000,1923.51,1928.33,1918.09,1925.1,13751
1602518400,1925.04,1925.89,1919.18,1924.95,17745
1602547200,1921.62,1925.32,1918.3,1921.7,4896
1602561600,1921.65,1921.65,1910.12,1911.99,12130
1602576000,1912.04,1924.91,1911.07,1922.6,13998
1602590400,1922.6,1924.02,1909.13,1909.4,15367
1602604800,1909.02,1909.61,1886.28,1891.23,22061
1602619200,1891.23,1895.14,1888.45,1891.05,11280
1602633600,1891.12,1894.3,1889.89,1891.75,4367
1602648000,1891.66,1897.68,1882.25,1894.39,12075
1602662400,1894.36,1899.89,1892.4,1898.87,11621
1602676800,1898.87,1909.15,1894.3,1907.65,14724
1602691200,1907.65,1912.85,1899.64,1901.11,20706
1602705600,1900.97,1904.46,1898.91,1900.37,11756
1602720000,1901.12,1902.49,1894.4,1895.8,5170
1602734400,1895.7,1901.87,1891.83,1901.07,10530
1602748800,1901.07,1903.49,1892.57,1894.68,13788
1602763200,1894.7,1897.46,1889.34,1895.19,16923
1602777600,1895.12,1906.75,1891.6,1903.5,22003
1602792000,1903.49,1908.83,1902.53,1907.77,10664
1602806400,1904.92,1908.72,1904.8,1907.31,3988
1602820800,1907.36,1910.57,1903.81,1905.64,9379
1602835200,1905.72,1912.69,1902.71,1909.8,14014
1602849600,1909.79,1913.81,1904.93,1906.79,13447
1602864000,1906.72,1910.5,1897.71,1902.79,20020
1602878400,1902.78,1904.38,1897.72,1898.67,7737
1603065600,1899.28,1902.84,1898.22,1901.06,4606
1603080000,1901.17,1903.21,1896.9,1902.8,12712
1603094400,1902.8,1912.32,1902.35,1911.14,14258
1603108800,1911.19,1918.36,1908.98,1911.74,12903
1603123200,1911.78,1912.34,1902.74,1909.65,18122
1603137600,1909.58,1910.29,1900.5,1903.4,10932
1603152000,1900.42,1904.54,1900.42,1903.26,3957
1603166400,1903.28,1904.06,1894.54,1901.15,11768
1603180800,1901.14,1903.96,1898.64,1901.54,12591
1603195200,1901.54,1908.06,1900.11,1905.17,14100
1603209600,1905.08,1912.3,1897.39,1908.64,19381
1603224000,1908.79,1913.97,1906.54,1907.42,10933
1603238400,1906.92,1915.55,1906.52,1914.48,5304
1603252800,1914.48,1920.29,1913.35,1918.87,11101
1603267200,1918.87,1922.68,1914.8,1915.47,14052
1603281600,1915.42,1926.26,1914.41,1924.8,14388
1603296000,1924.68,1931.13,1919.59,1924.89,17891
1603310400,1924.88,1926.16,1921.44,1924.55,11167
1603324800,1923.84,1925.9,1919.44,1921.19,5604
1603339200,1921.2,1922.12,1910.6,1913.54,9755
1603353600,1913.48,1920.32,1913.32,1916.9,11814
1603368000,1916.87,1918.71,1902.2,1905.63,14917
1603382400,1905.68,1907.84,1893.09,1900.47,19966
1603396800,1900.47,1905.61,1899.76,1903.6,8724
1603411200,1903.32,1907.36,1901.22,1903.01,5230
1603425600,1903.0,1907.58,1901.54,1905.65,8519
1603440000,1905.66,1912.13,1902.57,1910.86,11922
1603454400,1910.91,1914.14,1908.32,1910.17,12439
1603468800,1910.21,1911.48,1894.27,1900.86,19359
1603483200,1900.86,1905.44,1900.67,1901.34,8487
1603670400,1900.94,1902.28,1891.08,1897.48,10242
1603684800,1897.49,1900.88,1894.75,1896.79,10650
1603699200,1897.01,1902.84,1896.02,1902.75,13865
1603713600,1902.75,1906.64,1899.86,1905.08,15853
1603728000,1904.99,1908.41,1898.78,1902.44,16712
1603742400,1902.44,1903.99,1900.5,1901.47,7471
1603756800,1901.92,1908.49,1901.27,1906.75,7205
1603771200,1906.67,1910.25,1906.67,1907.64,7896
1603785600,1907.67,1910.24,1897.72,1900.9,13609
1603800000,1900.92,1907.48,1898.22,1906.57,13659
1603814400,1906.57,1911.24,1904.56,1908.57,14477
1603828800,1908.54,1909.77,1906.02,1907.22,5364
1603843200,1907.43,1908.37,1902.36,1906.56,8189
1603857600,1906.48,1909.04,1904.34,1908.22,8245
1603872000,1908.29,1910.77,1899.22,1899.78,14410
1603886400,1899.78,1900.74,1873.03,1876.29,20509
1603900800,1876.11,1884.12,1869.26,1880.92,21621
1603915200,1881.09,1881.09,1874.88,1876.52,9252
1603929600,1877.15,1880.05,1875.68,1878.16,8441
1603944000,1878.11,1883.12,1876.74,1882.52,9454
1603958400,1882.57,1884.88,1876.84,1877.26,14270
1603972800,1877.24,1879.35,1859.82,1871.52,19692
1603987200,1871.83,1876.67,1865.47,1867.65,20376
1604001600,1867.62,1871.38,1865.67,1867.32,7915
1604016000,1868.9,1875.46,1864.21,1874.62,8943
1604030400,1874.62,1877.97,1868.38,1868.83,11633
1604044800,1868.64,1876.14,1866.51,1873.7,16510
1604059200,1873.65,1889.7,1871.83,1884.96,17339
1604073600,1885.04,1885.53,1874.61,1879.49,20109
1604088000,1879.54,1881.36,1877.0,1878.52,9130
1604275200,1875.62,1882.34,1873.31,1881.12,8987
1604289600,1881.13,1885.47,1879.71,1884.04,10333
1604304000,1884.07,1890.43,1880.77,1886.83,14836
1604318400,1886.78,1892.93,1886.14,1889.44,14434
1604332800,1889.44,1894.86,1885.66,1893.54,16819
1604347200,1893.57,1895.87,1891.14,1895.04,10712
1604361600,1895.05,1897.76,1891.55,1897.52,5739
1604376000,1897.55,1898.42,1890.53,1891.99,8701
1604390400,1892.0,1900.68,1886.82,1899.11,13344
1604404800,1899.18,1907.93,1896.78,1906.5,13667
1604419200,1906.47,1910.45,1899.7,1908.86,17163
1604433600,1908.85,1910.46,1904.23,1908.8,10836
1604448000,1907.62,1916.35,1880.68,1901.27,12201
1604462400,1901.37,1903.91,1882.76,1896.28,17664
1604476800,1895.91,1901.04,1887.79,1890.29,17510
1604491200,1890.19,1912.15,1886.95,1905.77,17381
1604505600,1905.77,1909.54,1893.08,1894.43,19858
1604520000,1894.43,1905.7,1893.06,1903.28,10464
1604534400,1902.94,1909.6,1901.98,1907.23,7997
1604548800,1907.2,1910.39,1902.99,1909.41,10804
1604563200,1909.39,1919.07,1907.16,1917.08,15823
1604577600,1916.98,1932.79,1914.41,1931.5,17621
1604592000,1931.47,1952.64,1926.86,1947.55,21007
1604606400,1947.79,1952.38,1944.73,1949.04,14111
1604620800,1947.62,1949.15,1938.37,1944.16,9500
1604635200,1944.11,1945.71,1935.48,1938.87,12898
1604649600,1938.89,1950.65,1936.76,1948.19,14093
1604664000,1948.19,1960.25,1946.17,1958.56,16438
1604678400,1958.62,1960.25,1941.06,1951.57,19719
1604692800,1951.55,1955.1,1949.91,1951.52,8249
1604880000,1954.02,1959.88,1950.86,1955.62,10256
1604894400,1955.64,1965.4,1954.58,1961.74,11552
1604908800,1961.71,1963.13,1953.38,1958.45,15357
1604923200,1958.54,1960.39,1868.54,1880.41,19548
1604937600,1880.56,1885.7,1850.33,1862.08,23756
1604952000,1861.93,1869.53,1855.18,1863.01,14503
1604966400,1862.62,1874.92,1859.92,1874.17,10458
1604980800,1874.15,1884.87,1873.91,1881.43,12527
1604995200,1881.43,1890.3,1874.89,1878.55,15686
1605009600,1878.66,1883.37,1867.19,1877.34,17628
1605024000,1877.43,1885.21,1875.86,1881.75,20740
1605038400,1881.82,1882.47,1871.82,1877.22,12736
1605052800,1876.32,1881.48,1872.9,1879.51,7122
1605067200,1879.53,1883.23,1878.14,1881.91,8949
1605081600,1881.89,1884.3,1874.43,1881.15,13120
1605096000,1881.13,1881.85,1858.16,1858.39,15194
1605110400,1858.49,1867.81,1856.21,1862.24,18285
1605124800,1862.23,1865.87,1861.83,1865.38,8425
1605139200,1864.52,1871.36,1862.59,1870.89,7372
1605153600,1870.89,1872.54,1868.18,1869.87,9103
1605168000,1869.9,1872.98,1863.07,1870.72,13996
1605182400,1870.68,1879.69,1867.1,1876.9,12448
1605196800,1876.9,1883.76,1874.56,1877.28,18409
1605211200,1877.27,1877.88,1873.93,1876.59,12054
1605225600,1875.52,1881.89,1873.33,1879.14,6613
1605240000,1879.18,1880.81,1875.83,1879.72,7936
1605254400,1879.76,1880.82,1875.64,1880.16,11920
1605268800,1880.44,1895.37,1877.2,1894.68,14879
1605283200,1894.67,1896.67,1887.69,1890.43,17158
1605297600,1890.41,1890.67,1884.54,1889.12,8560
1605484800,1887.5,1898.17,1886.02,1896.3,7829
1605499200,1896.27,1898.95,1890.95,1891.92,8959
1605513600,1891.95,1895.06,1887.37,1894.15,13700
1605528000,1894.11,1894.32,1863.91,1885.96,17716
1605542400,1885.8,1895.89,1885.07,1889.26,17884
1605556800,1889.27,1889.76,1885.07,1888.54,8406
1605571200,1888.12,1891.45,1885.17,1888.59,6618
1605585600,1888.57,1892.41,1884.73,1886.72,8300
1605600000,1886.71,1892.62,1884.08,1890.17,13432
1605614400,1890.19,1893.32,1885.81,1891.04,13472
1605628800,1890.94,1892.17,1884.49,1886.78,16238
1605643200,1886.8,1887.98,1876.71,1880.1,8339
1605657600,1879.82,1883.18,1876.27,1878.82,6166
1605672000,1878.69,1881.33,1875.57,1879.61,7522
1605686400,1879.61,1884.55,1876.29,1879.33,12018
1605700800,1879.33,1879.87,1863.24,1875.74,15581
1605715200,1875.83,1884.72,1874.47,1875.14,14838
1605729600,1875.14,1876.04,1868.88,1871.73,9987
1605744000,1871.72,1874.04,1868.36,1870.23,7029
1605758400,1870.07,1871.58,1858.06,1862.41,9329
1605772800,1862.41,1865.54,1855.1,1861.31,15306
1605787200,1861.28,1864.91,1852.59,1860.53,14656
1605801600,1860.68,1863.78,1855.7,1862.74,15803
1605816000,1862.74,1867.62,1862.5,1866.82,7685
1605830400,1864.72,1867.66,1860.21,1864.84,6774
1605844800,1864.84,1869.14,1862.06,1868.82,7987
1605859200,1868.82,1869.66,1860.78,1867.02,13423
1605873600,1866.94,1868.59,1863.3,1867.28,12141
1605888000,1867.26,1879.68,1867.23,1872.21,13824
1605902400,1872.22,1874.71,1869.9,1870.82,7720
1606089600,1870.38,1875.93,1868.04,1873.06,5447
1606104000,1872.98,1874.67,1870.31,1873.6,5437
1606118400,1873.57,1876.03,1866.57,1868.88,10605
1606132800,1868.88,1869.68,1862.42,1866.88,12988
1606147200,1866.93,1868.12,1830.82,1839.57,19659
1606161600,1839.67,1841.0,1835.36,1837.4,9791
1606176000,1836.62,1838.84,1825.96,1827.74,9667
1606190400,1827.6,1829.02,1821.21,1826.4,11716
1606204800,1826.61,1832.89,1823.42,1825.46,14150
1606219200,1825.5,1825.92,1804.24,1805.64,17785
1606233600,1805.59,1808.63,1800.2,1804.88,20629
1606248000,1804.89,1808.61,1803.35,1807.63,10608
1606262400,1806.0,1812.08,1805.21,1810.48,6881
1606276800,1810.39,1811.06,1801.52,1804.14,9831
1606291200,1804.13,1815.02,1803.55,1813.18,13124
1606305600,1813.33,1816.57,1806.39,1814.14,14684
1606320000,1814.09,1817.64,1808.43,1808.52,14217
1606334400,1808.52,1809.35,1803.87,1807.01,8568
1606348800,1805.62,1812.61,1805.62,1811.11,5868
1606363200,1811.11,1812.04,1806.69,1808.37,5773
1606377600,1808.42,1818.14,1808.42,1813.97,11594
1606392000,1813.95,1815.1,1810.98,1814.1,8937
1606406400,1814.04,1814.33,1805.68,1809.92,8403
1606435200,1809.32,1813.7,1807.85,1809.62,5934
1606449600,1809.62,1811.0,1802.71,1810.03,7963
1606464000,1810.03,1811.34,1806.78,1808.39,9722
1606478400,1808.4,1809.58,1774.58,1778.41,13985
1606492800,1778.61,1788.59,1774.22,1787.78,18632
1606507200,1787.81,1788.02,1787.71,1787.71,49
1606694400,1786.28,1789.8,1780.76,1782.86,8178
1606708800,1782.89,1782.89,1764.28,1770.45,12752
1606723200,1770.43,1783.66,1768.71,1773.98,14550
1606737600,1773.91,1775.37,1764.5,1772.53,15320
1606752000,1772.37,1784.33,1769.33,1777.92,19236
1606766400,1777.93,1781.41,1775.26,1777.48,7571
1606780800,1776.32,1780.57,1775.55,1778.76,5350
1606795200,1778.8,1788.19,1778.76,1786.94,8335
1606809600,1786.97,1795.08,1784.55,1794.84,12034
1606824000,1794.83,1813.24,1794.65,1812.69,15475
1606838400,1812.74,1815.06,1804.82,1812.84,18401
1606852800,1812.74,1817.21,1812.64,1815.31,7639
1606867200,1814.32,1815.38,1810.41,1812.88,4959
1606881600,1812.93,1814.2,1807.32,1809.89,9398
1606896000,1809.9,1827.12,1809.77,1824.92,12886
1606910400,1824.88,1832.34,1812.64,1815.7,15315
1606924800,1815.75,1829.42,1813.7,1825.87,16936
1606939200,1825.87,1831.59,1825.35,1830.6,6260
1606953600,1828.92,1831.73,1826.06,1826.4,5135
1606968000,1826.36,1837.21,1826.31,1834.21,8184
1606982400,1834.16,1843.38,1830.5,1837.73,13150
1606996800,1837.7,1843.88,1834.62,1836.12,14273
1607011200,1835.81,1843.24,1823.66,1837.85,19567
1607025600,1837.79,1842.21,1835.29,1840.86,9119
1607040000,1840.28,1842.63,1837.91,1839.16,4533
1607054400,1839.24,1844.69,1837.9,1838.47,6806
1607068800,1838.52,1844.14,1837.7,1842.11,11348
1607083200,1842.12,1847.77,1832.9,1837.71,11785
1607097600,1838.09,1848.11,1828.88,1834.07,17525
1607112000,1834.07,1838.89,1833.57,1838.02,5694
1607299200,1837.08,1839.27,1832.96,1837.51,7837
1607313600,1837.53,1842.1,1835.97,1841.93,7659
1607328000,1841.93,1842.32,1821.99,1831.67,13507
1607342400,1831.73,1840.08,1827.4,1839.23,13229
1607356800,1839.2,1868.46,1837.92,1865.36,16197
1607371200,1865.4,1865.53,1857.96,1862.98,8420
1607385600,1863.1,1866.32,1859.2,1863.76,6503
1607400000,1863.77,1871.72,1863.42,1867.31,9283
1607414400,1867.32,1869.56,1861.16,1864.48,12469
1607428800,1864.45,1872.52,1860.15,1864.51,14210
1607443200,1864.68,1875.17,1861.93,1872.72,17405
1607457600,1872.69,1873.18,1869.01,1870.67,6541
1607472000,1870.22,1870.42,1865.22,1867.25,5030
1607486400,1867.25,1868.42,1855.52,1859.03,9964
1607500800,1858.98,1866.06,1857.95,1860.81,13471
1607515200,1860.81,1864.04,1851.38,1858.94,14942
1607529600,1859.01,1859.19,1837.27,1841.74,19469
1607544000,1841.74,1841.84,1825.31,1839.34,13561
1607558400,1838.72,1839.88,1833.61,1839.33,7573
1607572800,1839.29,1842.36,1837.94,1839.28,10617
1607587200,1839.28,1840.0,1828.55,1831.72,13959
1607601600,1831.86,1846.66,1830.7,1845.35,15899
1607616000,1845.36,1850.0,1830.35,1830.52,18112
1607630400,1830.54,1836.81,1830.08,1835.85,9020
1607644800,1836.02,1840.22,1835.32,1840.0,6223
1607659200,1840.0,1840.58,1834.14,1834.63,7999
1607673600,1834.62,1837.56,1831.35,1836.89,11723
1607688000,1836.84,1840.92,1823.8,1839.86,16604
1607702400,1839.61,1847.6,1834.75,1841.88,16925
1607716800,1841.88,1842.51,1837.72,1839.52,7881
1607904000,1840.42,1840.83,1833.87,1835.21,6569
1607918400,1835.23,1837.49,1832.74,1834.36,5782
1607932800,1834.38,1835.01,1825.3,1828.86,11122
1607947200,1828.86,1834.21,1818.19,1832.57,13801
1607961600,1832.67,1838.97,1822.07,1828.75,16602
1607976000,1828.74,1830.19,1824.44,1827.7,7766
1607990400,1826.92,1829.82,1823.94,1829.59,5187
1608004800,1829.51,1840.75,1828.97,1838.48,9393
1608019200,1838.57,1847.41,1837.71,1845.57,12781
1608033600,1845.53,1855.31,1842.3,1852.69,15032
1608048000,1852.64,1854.23,1844.56,1850.33,15341
1608062400,1850.31,1854.65,1850.29,1853.43,9122
1608076800,1852.52,1854.0,1850.8,1851.64,4680
1608091200,1851.65,1858.23,1851.62,1855.31,8856
1608105600,1855.29,1865.34,1852.99,1864.88,15056
1608120000,1864.88,1865.66,1849.18,1851.68,17563
1608134400,1851.65,1858.67,1849.31,1854.77,19253
1608148800,1854.77,1865.61,1844.6,1863.94,15208
1608163200,1860.42,1867.41,1860.42,1864.36,6773
1608177600,1864.39,1870.35,1861.9,1869.42,10571
1608192000,1869.45,1882.98,1868.23,1878.55,16179
1608206400,1878.54,1890.0,1871.77,1887.77,18601
1608220800,1887.82,1896.14,1883.38,1887.28,20232
1608235200,1887.32,1888.86,1882.46,1885.93,11043
1608249600,1885.02,1885.66,1878.37,1879.87,6623
1608264000,1879.9,1886.62,1878.86,1882.62,8421
1608278400,1882.64,1883.24,1877.3,1879.55,12479
1608292800,1879.54,1889.49,1877.92,1885.12,15740
1608307200,1885.12,1888.16,1877.47,1884.05,18963
1608321600,1884.07,1884.73,1878.28,1880.32,10035
1608508800,1881.72,1899.3,1881.65,1896.58,8736
1608523200,1896.58,1903.0,1893.06,1902.63,10277
1608537600,1902.53,1906.65,1879.17,1886.41,17090
1608552000,1886.39,1886.39,1854.92,1882.09,22920
1608566400,1882.33,1885.68,1874.46,1877.87,23452
1608580800,1877.8,1879.73,1873.73,1876.23,13360
1608595200,1876.82,1882.71,1873.42,1881.44,8069
1608609600,1881.44,1884.12,1874.27,1875.83,12246
1608624000,1875.83,1878.67,1866.45,1872.03,15828
1608638400,1871.91,1878.91,1870.02,1878.7,16273
1608652800,1878.78,1881.33,1860.58,1867.49,19491
1608667200,1867.44,1867.73,1858.76,1859.81,11526
1608681600,1859.02,1867.42,1859.02,1865.94,8383
1608696000,1865.94,1867.91,1861.64,1866.4,9091
1608710400,1866.25,1872.3,1863.0,1868.54,13062
1608724800,1868.58,1870.39,1856.83,1868.47,17148
1608739200,1868.19,1878.38,1866.47,1872.91,18049
1608753600,1872.91,1874.31,1869.73,1872.59,7485
1608768000,1872.58,1877.44,1870.91,1876.49,5993
1608782400,1876.49,1879.89,1873.77,1875.71,7558
1608796800,1875.76,1880.41,1874.72,1877.92,10004
1608811200,1877.89,1877.94,1870.98,1873.76,10916
1608825600,1873.56,1879.57,1869.42,1878.87,9864
1609113600,1887.39,1898.86,1883.93,1898.19,8424
1609128000,1898.19,1900.15,1887.32,1890.07,9564
1609142400,1890.22,1890.52,1877.04,1885.41,13387
1609156800,1885.4,1887.91,1869.02,1887.62,15507
1609171200,1887.62,1896.38,1875.58,1876.4,17545
1609185600,1876.39,1878.98,1870.99,1872.84,9486
1609200000,1874.98,1882.51,1874.66,1878.31,6891
1609214400,1878.26,1881.93,1875.01,1876.87,9269
1609228800,1876.87,1883.4,1875.42,1881.82,11409
1609243200,1881.87,1882.87,1874.13,1879.65,13063
1609257600,1879.67,1886.26,1871.58,1878.86,16057
1609272000,1878.89,1879.83,1876.42,1878.0,6879
1609286400,1877.22,1884.24,1876.27,1882.89,6061
1609300800,1882.89,1885.99,1881.25,1881.57,7514
1609315200,1881.53,1882.31,1877.37,1878.15,10315
1609329600,1878.11,1883.7,1875.94,1883.29,10383
1609344000,1883.3,1888.93,1879.0,1888.69,15579
1609358400,1888.71,1893.83,1888.24,1893.72,7998
1609372800,1893.32,1899.91,1892.42,1896.69,6651
1609387200,1896.72,1898.4,1885.28,1890.13,10868
1609401600,1890.06,1895.97,1885.87,1894.53,12977
1609416000,1894.38,1898.71,1891.08,1898.03,8740
1609430400,1898.14,1900.25,1891.63,1894.26,16441
1609444800,1894.24,1894.83,1894.18,1894.32,82
1609718400,1904.48,1918.6,1900.62,1916.57,10102
1609732800,1916.65,1925.15,1915.44,1921.56,13084
1609747200,1921.52,1935.09,1921.34,1932.03,12890
1609761600,1931.95,1942.06,1927.79,1939.75,16038
1609776000,1939.78,1944.33,1929.23,1936.92,22010
1609790400,1937.01,1944.03,1936.13,1943.1,10879
1609804800,1941.22,1945.49,1934.13,1937.35,8786
1609819200,1937.38,1943.8,1936.56,1938.29,11947
1609833600,1938.4,1948.21,1936.84,1945.54,13480
1609848000,1945.56,1951.76,1943.45,1949.31,15932
1609862400,1949.35,1952.48,1938.91,1949.97,20281
1609876800,1950.02,1952.9,1947.56,1949.87,9582
1609891200,1948.82,1955.2,1946.55,1947.79,10206
1609905600,1948.0,1949.86,1941.17,1943.63,13457
1609920000,1943.6,1957.76,1943.08,1957.64,14707
1609934400,1957.71,1959.3,1925.0,1932.84,20051
1609948800,1932.71,1938.03,1900.65,1907.46,22399
1609963200,1907.43,1924.16,1905.94,1918.62,15969
1609977600,1917.82,1924.48,1915.5,1917.98,9310
1609992000,1917.96,1921.02,1914.55,1920.71,12486
1610006400,1920.68,1927.54,1914.89,1915.68,16462
1610020800,1915.73,1920.98,1908.59,1913.14,18875
1610035200,1913.15,1919.7,1906.69,1910.96,21298
1610049600,1911.19,1918.01,1910.23,1913.35,12488
1610064000,1913.52,1917.38,1910.26,1910.75,7541
1610078400,1910.75,1912.59,1906.48,1908.04,10033
1610092800,1908.0,1911.55,1877.19,1891.73,16463
1610107200,1891.82,1894.38,1876.18,1890.8,15314
1610121600,1890.99,1892.67,1839.41,1843.91,23460
1610136000,1843.8,1849.25,1828.05,1848.58,16010
1610323200,1847.12,1856.38,1816.53,1828.7,11392
1610337600,1828.6,1842.03,1826.32,1840.47,13452
1610352000,1840.49,1855.35,1838.86,1848.55,17113
1610366400,1848.26,1852.42,1831.78,1834.42,15839
1610380800,1834.32,1850.61,1828.9,1848.6,18349
1610395200,1848.6,1851.65,1843.47,1844.35,8568
1610409600,1843.02,1848.49,1841.17,1845.82,7651
1610424000,1845.82,1858.12,1845.1,1858.06,10435
1610438400,1857.87,1863.37,1853.71,1862.63,13517
1610452800,1862.63,1863.84,1842.71,1844.25,15073
1610467200,1844.28,1848.1,1836.27,1839.4,18399
1610481600,1839.5,1857.21,1839.3,1855.21,12704
1610496000,1853.62,1862.94,1853.09,1861.99,7263
1610510400,1861.99,1862.36,1857.16,1858.3,6508
1610524800,1858.35,1862.63,1849.2,1855.25,11738
1610539200,1855.2,1859.13,1849.5,1857.86,13321
1610553600,1857.97,1861.09,1851.9,1855.69,15126
1610568000,1855.59,1859.05,1841.84,1844.61,8499
1610582400,1845.38,1852.11,1844.02,1849.05,5756
1610596800,1849.05,1849.16,1828.02,1844.33,11153
1610611200,1844.42,1845.12,1836.02,1841.11,13546
1610625600,1841.21,1844.59,1836.57,1843.72,17163
1610640000,1843.71,1855.92,1841.21,1855.18,22584
1610654400,1855.19,1857.46,1843.67,1846.42,13161
1610668800,1844.6,1855.54,1844.6,1852.03,7839
1610683200,1852.1,1853.94,1847.21,1849.8,9141
1610697600,1849.83,1856.95,1846.57,1855.08,14385
1610712000,1855.04,1855.76,1836.34,1838.45,15550
1610726400,1838.49,1845.48,1823.16,1831.41,22436
1610740800,1831.4,1832.21,1825.03,1827.34,11845
1610928000,1828.07,1829.24,1801.71,1825.16,12144
1610942400,1825.06,1840.09,1824.46,1838.44,15699
1610956800,1838.45,1840.69,1829.87,1831.6,16623
1610971200,1831.69,1838.33,1829.37,1835.09,14065
1610985600,1835.09,1839.17,1832.48,1837.27,14806
1611014400,1837.14,1843.48,1835.9,1840.4,7475
1611028800,1840.43,1841.72,1836.09,1837.63,9328
1611043200,1837.6,1844.91,1836.49,1843.07,12920
1611057600,1843.13,1845.43,1832.87,1839.88,14604
1611072000,1839.86,1843.36,1833.26,1842.62,18033
1611086400,1842.54,1842.69,1836.98,1839.49,8114
1611100800,1839.82,1847.3,1836.88,1846.16,6987
1611115200,1846.18,1851.68,1846.18,1851.31,7946
1611129600,1851.21,1857.24,1850.37,1854.58,12348
1611144000,1854.6,1855.09,1832.26,1848.74,16091
1611158400,1848.65,1870.3,1848.49,1863.02,20800
1611172800,1863.01,1871.57,1863.01,1871.23,9543
1611187200,1869.82,1871.77,1866.78,1868.88,7595
1611201600,1868.87,1874.63,1867.85,1874.1,8794
1611216000,1874.08,1874.97,1866.11,1871.61,13791
1611230400,1871.64,1872.32,1859.67,1860.85,15717
1611244800,1860.77,1867.99,1858.25,1864.73,18725
1611259200,1864.74,1871.38,1864.52,1869.59,8769
1611273600,1869.42,1870.69,1862.7,1864.32,6753
1611288000,1864.3,1865.2,1859.74,1862.33,9270
1611302400,1862.42,1863.72,1856.99,1858.68,13925
1611316800,1858.67,1859.06,1837.15,1843.09,19035
1611331200,1842.98,1858.29,1838.06,1855.49,19533
1611345600,1855.53,1857.93,1852.24,1854.38,8147
1611532800,1853.52,1859.9,1852.67,1854.72,9049
1611547200,1854.78,1856.54,1851.12,1853.09,8789
1611561600,1853.07,1856.43,1849.0,1855.82,13736
1611576000,1855.85,1867.8,1854.41,1864.85,16462
1611590400,1864.83,1866.22,1847.0,1858.17,21586
1611604800,1858.08,1858.77,1853.43,1855.78,9146
1611619200,1854.82,1858.69,1853.12,1858.24,5878
1611633600,1858.25,1861.62,1854.22,1857.14,8417
1611648000,1857.02,1857.25,1849.89,1852.49,13482
1611662400,1852.52,1859.91,1848.25,1856.93,14278
1611676800,1857.03,1858.07,1849.81,1852.46,18773
1611691200,1852.43,1853.58,1849.42,1851.25,8614
1611705600,1850.98,1851.45,1843.15,1846.02,6990
1611720000,1845.92,1851.03,1844.28,1851.02,9657
1611734400,1851.04,1853.02,1844.29,1845.73,13164
1611748800,1845.53,1847.65,1837.37,1842.91,17347
1611763200,1843.05,1850.46,1831.1,1845.38,22604
1611777600,1845.37,1848.93,1839.14,1843.68,14600
1611792000,1842.42,1844.22,1833.93,1836.07,10261
1611806400,1835.91,1839.23,1835.25,1836.86,11656
1611820800,1836.86,1841.6,1834.0,1840.79,16995
1611835200,1840.73,1858.06,1837.43,1856.89,18739
1611849600,1856.84,1863.95,1837.46,1839.17,25022
1611864000,1839.14,1844.91,1834.83,1842.39,15932
1611878400,1841.72,1845.24,1839.47,1843.02,11275
1611892800,1842.98,1846.18,1840.89,1845.78,12590
1611907200,1845.83,1854.18,1842.11,1851.51,20715
1611921600,1851.41,1873.81,1849.49,1871.84,22588
1611936000,1872.06,1875.53,1850.01,1852.1,25147
1611950400,1851.98,1853.53,1841.68,1847.07,16818
1612137600,1862.36,1866.66,1849.06,1852.3,15575
1612152000,1852.1,1863.76,1852.1,1859.67,17297
1612166400,1859.66,1871.75,1859.01,1861.48,22984
1612180800,1861.4,1869.44,1856.22,1863.99,21291
1612195200,1863.99,1869.18,1856.6,1864.73,24502
1612209600,1864.8,1866.58,1857.95,1860.49,16053
1612224000,1856.92,1863.99,1854.01,1862.72,11423
1612238400,1862.68,1863.43,1852.63,1856.22,15075
1612252800,1856.19,1857.13,1844.69,1850.1,20043
1612267200,1850.1,1853.41,1829.7,1837.92,20450
1612281600,1837.86,1840.65,1829.39,1834.98,24478
1612296000,1834.93,1838.67,1831.58,1837.46,13470
1612310400,1836.82,1841.59,1834.98,1841.58,9900
1612324800,1841.65,1844.87,1838.5,1839.11,11704
1612339200,1839.06,1840.19,1833.13,1835.47,16092
1612353600,1835.45,1842.26,1832.41,1838.09,17422
1612368000,1838.11,1840.71,1829.46,1835.73,20872
1612382400,1835.72,1836.05,1831.84,1834.07,10421
1612396800,1832.42,1834.67,1823.12,1826.85,7619
1612411200,1826.92,1827.03,1815.85,1817.55,14664
1612425600,1817.51,1827.11,1810.21,1814.39,18790
1612440000,1814.34,1819.42,1806.25,1808.3,19048
1612454400,1808.35,1808.59,1784.85,1789.32,23695
1612468800,1789.35,1795.77,1788.4,1792.9,12842
1612483200,1793.42,1797.58,1791.9,1796.45,8503
1612497600,1796.44,1799.08,1792.84,1797.62,10680
1612512000,1797.73,1811.26,1796.1,1807.66,15480
1612526400,1807.66,1808.95,1793.33,1799.83,18310
1612540800,1799.74,1815.05,1795.4,1811.65,23365
1612555200,1811.69,1813.35,1809.4,1813.08,10521
1612742400,1816.44,1818.8,1812.44,1815.35,10559
1612756800,1815.4,1815.83,1808.22,1812.88,10114
1612771200,1812.87,1817.7,1807.63,1813.67,14826
1612785600,1813.69,1831.51,1811.72,1829.64,17872
1612800000,1829.72,1839.02,1829.4,1832.61,20525
1612814400,1832.61,1834.54,1829.47,1830.09,10895
1612828800,1830.28,1838.44,1828.05,1836.86,8532
1612843200,1836.83,1843.29,1836.6,1840.02,11829
1612857600,1840.08,1848.48,1837.89,1846.38,16142
1612872000,1846.33,1847.35,1838.93,1846.84,16950
1612886400,1847.09,1847.48,1831.98,1837.78,19881
1612900800,1837.74,1838.54,1834.13,1837.58,9009
1612915200,1836.72,1840.12,1833.95,1839.59,7732
1612929600,1839.57,1845.35,1838.84,1842.71,9172
1612944000,1842.66,1846.88,1839.0,1839.33,14994
1612958400,1839.33,1855.29,1837.6,1851.05,16660
1612972800,1851.13,1853.63,1834.75,1842.14,23084
1612987200,1842.13,1846.31,1840.64,1842.22,12269
1613001600,1842.42,1844.21,1837.13,1838.67,5465
1613016000,1838.62,1838.66,1833.88,1836.93,9041
1613030400,1836.89,1845.78,1836.23,1842.54,14560
1613044800,1842.55,1847.47,1839.45,1843.44,11639
1613059200,1843.5,1844.19,1822.93,1826.43,22812
1613073600,1826.45,1827.35,1821.05,1825.42,12502
1613088000,1824.52,1827.84,1821.67,1823.45,5701
1613102400,1823.45,1824.23,1819.21,1823.85,6986
1613116800,1823.9,1823.91,1812.46,1817.76,14935
1613131200,1817.64,1821.9,1810.38,1815.52,16549
1613145600,1815.54,1830.61,1812.13,1819.38,21900
1613160000,1819.41,1824.08,1817.25,1823.57,11255
1613347200,1825.14,1826.9,1819.97,1826.9,8291
1613361600,1826.91,1826.92,1821.43,1824.84,8922
1613376000,1824.77,1824.97,1816.43,1818.1,14454
1613390400,1817.95,1824.13,1815.97,1817.69,12863
1613404800,1817.75,1820.75,1815.98,1818.35,11057
1613433600,1818.22,1825.51,1817.41,1824.66,8482
1613448000,1824.7,1826.41,1820.35,1821.03,11675
1613462400,1820.98,1825.43,1818.81,1823.97,16417
1613476800,1823.95,1825.54,1796.16,1796.7,19645
1613491200,1796.57,1814.16,1789.27,1796.5,25272
1613505600,1796.49,1800.67,1793.51,1794.25,13251
1613520000,1793.74,1794.18,1786.4,1791.01,11387
1613534400,1790.95,1795.08,1789.22,1791.69,11676
1613548800,1791.84,1793.77,1783.58,1785.88,19081
1613563200,1785.83,1793.34,1773.82,1778.93,19332
1613577600,1778.75,1784.99,1769.33,1775.63,24473
1613592000,1775.56,1777.13,1770.98,1776.5,14951
1613606400,1775.88,1782.9,1775.37,1780.63,10877
1613620800,1780.6,1785.66,1778.21,1783.72,12723
1613635200,1783.76,1788.88,1778.79,1787.35,17859
1613649600,1787.17,1789.54,1778.79,1786.04,19846
1613664000,1785.94,1786.08,1768.27,1775.87,23756
1613678400,1775.76,1776.77,1772.7,1775.39,12051
1613692800,1775.22,1776.88,1760.49,1767.06,12780
1613707200,1767.02,1773.62,1763.92,1772.39,15504
1613721600,1772.34,1777.44,1769.04,1770.98,18478
1613736000,1770.79,1784.09,1767.82,1783.28,19163
1613750400,1783.22,1791.48,1777.86,1783.08,23537
1613764800,1783.0,1783.25,1777.28,1782.58,12382
1613952000,1780.82,1789.65,1780.82,1786.62,12570
1613966400,1786.6,1790.25,1780.54,1789.38,15447
1613980800,1789.4,1799.09,1788.68,1797.36,20658
1613995200,1797.34,1802.33,1793.28,1797.31,19038
1614009600,1797.34,1812.53,1793.73,1809.04,22640
1614024000,1809.13,1810.49,1806.11,1808.96,13213
1614038400,1809.32,1814.1,1806.1,1813.04,10526
1614052800,1813.12,1815.87,1809.66,1812.6,12964
1614067200,1812.56,1814.54,1803.77,1804.19,19415
1614081600,1803.99,1812.76,1803.51,1809.55,19412
1614096000,1809.67,1810.75,1795.49,1806.71,24565
1614110400,1806.63,1807.64,1801.64,1804.93,13713
1614124800,1805.12,1813.49,1804.65,1811.96,9891
1614139200,1811.95,1813.67,1807.13,1809.36,11428
1614153600,1809.37,1810.03,1802.99,1804.23,18290
1614168000,1804.27,1810.28,1787.72,1790.47,19775
1614182400,1790.28,1804.33,1783.43,1798.19,24121
1614196800,1798.16,1805.17,1795.05,1805.15,14061
1614211200,1804.56,1805.18,1796.74,1796.9,9377
1614225600,1796.88,1801.02,1793.84,1800.54,13040
1614240000,1800.71,1801.1,1787.11,1794.33,21263
1614254400,1794.32,1795.16,1779.04,1781.29,23166
1614268800,1781.41,1788.8,1769.76,1773.03,26614
1614283200,1773.08,1779.38,1765.14,1770.15,22743
1614297600,1769.52,1773.04,1765.07,1771.16,14403
1614312000,1771.0,1775.69,1757.94,1760.5,17558
1614326400,1760.43,1770.05,1755.24,1763.07,23213
1614340800,1763.05,1766.93,1757.51,1761.5,23065
1614355200,1761.56,1763.45,1717.07,1726.36,26226
1614369600,1726.3,1735.23,1725.68,1733.37,17525
1614556800,1732.84,1744.96,1732.44,1744.92,12673
1614571200,1744.89,1752.56,1744.44,1750.62,13579
1614585600,1750.58,1759.77,1744.84,1746.76,19092
1614600000,1746.74,1747.56,1730.72,1735.81,18565
1614614400,1735.94,1742.94,1726.13,1726.83,23057
1614628800,1726.85,1727.31,1719.53,1724.67,15658
1614643200,1724.02,1728.4,1710.37,1711.65,11017
1614657600,1711.52,1717.07,1707.07,1714.68,17788
1614672000,1714.76,1725.22,1713.48,1722.77,20170
1614686400,1722.82,1736.05,1722.71,1727.31,20340
1614700800,1727.24,1738.39,1720.24,1736.62,23024
1614715200,1736.67,1738.65,1732.76,1738.63,13782
1614729600,1737.08,1740.39,1729.91,1734.13,9404
1614744000,1734.17,1735.63,1731.37,1733.06,9670
1614758400,1733.06,1735.82,1725.54,1728.02,15978
1614772800,1728.04,1728.11,1708.28,1712.26,17910
1614787200,1712.34,1725.05,1701.76,1717.11,24740
1614801600,1717.07,1720.2,1711.57,1711.57,16693
1614816000,1709.52,1716.59,1708.17,1715.14,9345
1614830400,1715.09,1720.09,1706.45,1718.06,14735
1614844800,1717.95,1721.21,1706.26,1715.13,18897
1614859200,1715.15,1722.99,1708.49,1715.82,19782
1614873600,1715.89,1722.22,1698.34,1700.21,25069
1614888000,1700.33,1704.17,1690.33,1698.45,20329
1614902400,1696.22,1698.63,1687.06,1692.58,12237
1614916800,1692.56,1697.28,1689.51,1696.83,14634
1614931200,1696.84,1700.28,1690.9,1694.49,19108
1614945600,1694.5,1701.05,1687.13,1693.34,19653
1614960000,1693.4,1707.59,1691.74,1702.79,25310
1614974400,1702.71,1705.14,1696.91,1700.08,14461
1615161600,1702.14,1713.89,1701.62,1713.15,12378
1615176000,1713.18,1714.15,1704.2,1707.58,15152
1615190400,1707.54,1709.1,1689.71,1690.49,19423
1615204800,1690.47,1695.93,1684.59,1693.71,19129
1615219200,1693.83,1696.45,1676.7,1680.7,23481
1615233600,1680.63,1685.29,1680.19,1682.36,13433
1615248000,1682.42,1685.68,1680.03,1683.37,9369
1615262400,1683.36,1691.49,1683.32,1688.78,14928
1615276800,1688.73,1703.72,1688.09,1702.5,18017
1615291200,1702.41,1715.1,1700.37,1713.29,19749
1615305600,1713.33,1720.51,1711.67,1716.45,21479
1615320000,1716.47,1719.58,1714.27,1715.34,11650
1615334400,1715.92,1719.43,1712.52,1713.53,9995
1615348800,1713.69,1714.15,1710.78,1712.81,12134
1615363200,1712.82,1716.56,1709.57,1714.21,15241
1615377600,1714.21,1723.58,1708.09,1719.93,16701
1615392000,1720.02,1722.15,1714.28,1719.26,22071
1615406400,1719.26,1726.49,1716.19,1726.25,14660
1615420800,1725.64,1727.87,1723.15,1726.04,8183
1615435200,1726.12,1735.82,1726.12,1735.52,11864
1615449600,1735.5,1739.77,1731.3,1733.65,16318
1615464000,1733.66,1737.11,1727.21,1729.94,17852
1615478400,1729.82,1731.45,1719.09,1723.57,21353
1615492800,1723.67,1728.24,1721.43,1722.24,13461
1615507200,1721.48,1727.84,1721.27,1724.86,7295
1615521600,1724.81,1724.83,1715.99,1717.99,12492
1615536000,1717.99,1718.19,1699.11,1701.32,19642
1615550400,1701.19,1707.31,1699.37,1704.93,17952
1615564800,1705.08,1722.56,1700.51,1719.52,22785
1615579200,1719.55,1726.85,1719.29,1726.53,11540
1615766400,1724.92,1733.95,1724.13,1729.41,11455
1615780800,1729.44,1731.15,1721.57,1723.87,12312
1615795200,1723.89,1732.5,1722.1,1728.95,15918
1615809600,1728.86,1734.41,1727.07,1733.96,17982
1615824000,1733.54,1734.44,1722.75,1729.19,19233
1615838400,1729.19,1732.04,1728.12,1732.04,8020
1615852800,1731.32,1734.05,1729.45,1732.02,8399
1615867200,1732.02,1737.11,1729.99,1736.23,9798
1615881600,1736.16,1736.69,1726.16,1731.11,15359
1615896000,1731.14,1736.07,1730.15,1734.39,18331
1615910400,1734.27,1741.19,1726.68,1729.08,20285
1615924800,1729.05,1733.01,1728.9,1731.73,8694
1615939200,1731.02,1735.06,1729.55,1733.43,9896
1615953600,1733.42,1737.52,1732.07,1735.26,10228
1615968000,1735.28,1737.84,1733.44,1735.95,13554
1615982400,1735.94,1737.03,1727.31,1728.27,18346
1615996800,1728.32,1734.53,1724.04,1729.81,18570
1616011200,1731.64,1751.55,1729.89,1744.43,14860
1616025600,1744.12,1753.83,1743.32,1752.93,11719
1616040000,1753.03,1755.46,1747.32,1749.96,13275
1616054400,1749.96,1752.81,1732.61,1736.62,18083
1616068800,1736.69,1737.63,1719.14,1722.93,21217
1616083200,1722.96,1736.05,1721.41,1734.59,21354
1616097600,1734.58,1737.16,1732.19,1736.37,11260
1616112000,1734.62,1737.63,1728.41,1731.14,11428
1616126400,1731.12,1734.95,1728.41,1734.41,12237
1616140800,1734.48,1745.28,1734.06,1736.83,17314
1616155200,1736.9,1743.6,1733.2,1736.02,18956
1616169600,1735.99,1743.33,1734.31,1742.79,19573
1616184000,1742.86,1746.62,1740.38,1745.0,8508
1616371200,1745.68,1746.77,1732.44,1735.39,12104
1616385600,1735.39,1742.97,1735.17,1736.95,11261
1616400000,1736.92,1737.83,1727.21,1731.42,17451
1616414400,1731.52,1738.97,1730.3,1733.16,18980
1616428800,1733.06,1740.93,1732.8,1740.56,17408
1616443200,1740.44,1740.98,1737.99,1738.6,6871
1616457600,1738.22,1740.41,1733.0,1733.42,8572
1616472000,1733.4,1738.3,1730.8,1737.59,11440
1616486400,1737.58,1740.04,1736.16,1737.91,14906
1616500800,1737.95,1742.52,1727.18,1731.07,18983
1616515200,1730.85,1731.68,1724.58,1727.77,19796
1616529600,1727.82,1728.67,1726.23,1726.66,9398
1616544000,1726.42,1731.32,1723.69,1730.42,9691
1616558400,1730.42,1734.37,1730.3,1731.18,11491
1616572800,1731.19,1734.88,1727.11,1734.62,15485
1616587200,1734.62,1735.82,1728.3,1730.12,16289
1616601600,1730.14,1738.35,1728.23,1735.03,17464
1616616000,1735.03,1735.6,1732.81,1733.72,7877
1616630400,1732.92,1735.32,1731.12,1733.08,8449
1616644800,1733.08,1739.08,1731.86,1733.99,10964
1616659200,1733.82,1735.43,1730.63,1732.01,13096
1616673600,1731.98,1745.44,1724.83,1738.84,18520
1616688000,1738.77,1741.06,1721.7,1727.49,21768
1616702400,1727.43,1731.23,1726.07,1726.91,9573
1616716800,1726.28,1729.16,1725.82,1728.46,9273
1616731200,1728.46,1729.71,1723.21,1727.93,10665
1616745600,1727.89,1731.99,1725.33,1730.06,13499
1616760000,1730.01,1730.32,1721.39,1728.64,17175
1616774400,1728.63,1736.64,1728.19,1731.78,16608
1616788800,1731.77,1732.71,1730.1,1732.65,7097
1616976000,1730.12,1732.78,1727.96,1731.16,5156
1616990400,1731.06,1732.81,1726.27,1727.76,10075
1617004800,1727.75,1729.13,1723.62,1724.74,13861
1617019200,1724.74,1728.1,1721.82,1723.87,12275
1617033600,1723.76,1726.24,1705.64,1713.14,20257
1617048000,1713.16,1714.48,1709.67,1711.67,11039
1617062400,1711.62,1714.14,1710.53,1713.1,5166
1617076800,1713.1,1714.3,1704.59,1707.72,11631
1617091200,1707.73,1708.45,1695.31,1697.93,16948
1617105600,1697.86,1700.85,1678.62,1683.72,17917
1617120000,1683.48,1688.44,1681.52,1685.42,21401
1617134400,1685.43,1686.61,1681.5,1685.02,11939
1617148800,1684.62,1686.35,1682.73,1684.08,6592
1617163200,1684.13,1686.3,1677.82,1679.33,13141
1617177600,1679.31,1688.67,1678.49,1685.99,15635
1617192000,1685.88,1689.46,1682.17,1687.37,15291
1617206400,1687.35,1712.29,1686.74,1711.81,21613
1617220800,1711.79,1715.27,1705.83,1707.62,13366
1617235200,1707.02,1709.16,1705.65,1706.81,6202
1617249600,1706.87,1714.06,1705.66,1711.23,11997
1617264000,1711.06,1719.99,1709.95,1716.13,15920
1617278400,1716.09,1720.01,1710.35,1718.72,14403
1617292800,1718.91,1730.02,1718.9,1725.89,20556
1617307200,1725.9,1730.3,1725.57,1729.46,10116
1617580800,1727.52,1729.77,1725.67,1727.82,5693
1617595200,1727.81,1729.81,1723.58,1724.43,7333
1617609600,1724.43,1728.45,1721.2,1725.32,9511
1617624000,1725.33,1729.59,1721.82,1723.15,11999
1617638400,1723.18,1733.49,1722.33,1728.03,18387
1617652800,1728.06,1728.42,1724.92,1728.29,10955
1617667200,1727.12,1730.74,1727.08,1729.06,5308
1617681600,1729.09,1735.95,1728.4,1735.67,11584
1617696000,1735.67,1738.54,1727.68,1732.48,15627
1617710400,1732.64,1738.99,1730.26,1735.8,14248
1617724800,1735.99,1745.38,1734.02,1743.16,19270
1617739200,1743.06,1744.4,1739.82,1743.02,11109
1617753600,1742.22,1744.25,1740.49,1740.99,4463
1617768000,1741.01,1741.63,1735.74,1739.14,9971
1617782400,1739.09,1742.26,1736.14,1737.88,13413
1617796800,1737.87,1739.16,1730.55,1737.71,15467
1617811200,1737.66,1743.11,1734.55,1740.39,18026
1617825600,1740.27,1742.45,1735.46,1737.45,10512
1617840000,1737.22,1738.14,1735.26,1736.17,4509
1617854400,1736.14,1740.17,1733.06,1739.85,9042
1617868800,1739.85,1747.58,1739.47,1743.1,14570
1617883200,1743.16,1751.13,1742.15,1747.38,14140
1617897600,1747.35,1758.58,1747.32,1756.99,18745
1617912000,1756.98,1757.62,1754.05,1756.1,9330
1617926400,1755.12,1755.89,1753.07,1755.11,4105
1617940800,1755.12,1757.24,1751.32,1752.08,10695
1617955200,1752.05,1752.62,1743.95,1745.38,15029
1617969600,1745.39,1748.85,1735.6,1738.05,15124
1617984000,1738.19,1746.77,1731.05,1744.8,18835
1617998400,1744.96,1745.61,1741.32,1743.38,10395
1618185600,1742.62,1743.83,1740.4,1741.64,4518
1618200000,1741.84,1743.35,1736.66,1738.43,12367
1618214400,1738.41,1742.02,1735.14,1737.81,14005
1618228800,1737.81,1744.93,1737.7,1738.76,13099
1618243200,1738.83,1740.21,1730.41,1732.9,18880
1618257600,1732.89,1733.85,1727.23,1732.26,11378
1618272000,1731.82,1733.55,1729.63,1730.47,4852
1618286400,1730.47,1736.34,1727.95,1729.84,13142
1618300800,1729.84,1730.64,1723.63,1728.27,14391
1618315200,1728.12,1741.99,1724.56,1736.35,16237
1618329600,1736.46,1748.84,1736.31,1742.5,18846
1618344000,1742.5,1747.54,1742.48,1745.28,11387
1618358400,1745.02,1747.18,1744.11,1746.95,5171
1618372800,1746.99,1749.26,1742.68,1742.77,10048
1618387200,1742.75,1748.74,1740.73,1745.62,14817
1618401600,1745.67,1747.01,1741.59,1744.27,14210
1618416000,1744.24,1744.7,1732.47,1736.34,20812
1618430400,1736.32,1737.56,1733.94,1736.09,12043
1618444800,1735.86,1739.42,1735.24,1738.63,4689
1618459200,1738.57,1740.35,1734.27,1739.65,12377
1618473600,1739.68,1747.85,1739.68,1747.77,14898
1618488000,1747.82,1752.13,1744.44,1746.73,15770
1618502400,1746.91,1769.56,1745.73,1767.36,21203
1618516800,1767.39,1768.01,1762.94,1763.36,12500
1618531200,1762.92,1766.0,1762.27,1762.6,5548
1618545600,1762.58,1764.9,1759.75,1764.8,11887
1618560000,1764.8,1767.11,1761.4,1765.93,15477
1618574400,1765.94,1783.78,1765.31,1780.65,17915
1618588800,1780.84,1782.28,1771.83,1779.84,20816
1618603200,1779.84,1780.28,1774.41,1776.64,10271
1618790400,1776.82,1783.54,1774.46,1782.04,6703
1618804800,1782.21,1783.24,1773.02,1777.83,13323
1618819200,1777.82,1788.52,1775.25,1786.96,17870
1618833600,1786.95,1789.96,1774.74,1776.0,17968
1618848000,1775.84,1776.89,1766.58,1771.37,21713
1618862400,1771.39,1772.01,1769.46,1770.75,12030
1618876800,1770.01,1772.67,1768.3,1768.63,5050
1618891200,1768.66,1775.57,1765.53,1772.28,14219
1618905600,1772.27,1774.3,1764.94,1768.09,17312
1618920000,1768.07,1775.54,1763.54,1769.44,18396
1618934400,1769.43,1780.28,1765.96,1777.89,20575
1618948800,1777.91,1779.55,1776.79,1778.59,9727
1618963200,1778.46,1779.9,1775.13,1777.29,4882
1618977600,1777.17,1784.62,1777.07,1781.0,11637
1618992000,1780.94,1788.28,1777.85,1778.51,15126
1619006400,1778.43,1787.67,1777.63,1786.23,14580
1619020800,1786.2,1797.52,1783.27,1790.75,20398
1619035200,1790.77,1795.2,1790.7,1793.83,10905
1619049600,1792.92,1794.94,1792.39,1793.85,3706
1619064000,1793.83,1797.79,1790.22,1793.25,11296
1619078400,1793.23,1794.61,1788.24,1789.66,13744
1619092800,1789.65,1790.56,1782.13,1785.04,15396
1619107200,1785.21,1788.17,1777.31,1781.7,21093
1619121600,1781.65,1784.36,1778.57,1784.23,13707
1619136000,1783.42,1786.07,1782.84,1783.89,4876
1619150400,1783.91,1789.59,1783.16,1784.78,11094
1619164800,1784.8,1786.85,1781.56,1784.48,13937
1619179200,1784.53,1795.05,1783.9,1793.49,14298
1619193600,1793.49,1795.88,1769.92,1777.53,21382
1619208000,1777.53,1779.16,1775.39,1776.34,10189
1619395200,1773.42,1779.06,1772.92,1778.31,5730
1619409600,1778.34,1782.83,1777.94,1780.22,12244
1619424000,1780.22,1783.36,1774.84,1779.55,15870
1619438400,1779.52,1782.15,1768.67,1776.56,16027
1619452800,1776.47,1780.12,1772.65,1778.71,18934
1619467200,1778.75,1782.45,1778.7,1781.32,9905
1619481600,1780.82,1782.34,1778.41,1781.22,4458
1619496000,1781.22,1783.96,1773.64,1781.44,11267
1619510400,1781.45,1783.32,1775.96,1779.14,13410
1619524800,1779.15,1785.51,1778.29,1782.92,15091
1619539200,1782.98,1785.31,1777.54,1778.17,19074
1619553600,1778.2,1779.81,1775.37,1776.58,11931
1619568000,1775.82,1776.94,1769.72,1771.69,5594
1619582400,1771.63,1773.01,1766.35,1770.97,11186
1619596800,1771.0,1771.78,1766.1,1769.75,13574
1619611200,1769.75,1769.98,1762.49,1769.47,14813
1619625600,1769.6,1775.72,1766.88,1774.56,18861
1619640000,1774.55,1782.5,1770.29,1781.33,15846
1619654400,1781.12,1785.59,1780.98,1784.61,4810
1619668800,1784.61,1789.91,1783.59,1785.08,11968
1619683200,1785.09,1785.82,1775.45,1777.24,14602
1619697600,1777.23,1781.3,1772.08,1779.99,16794
1619712000,1779.95,1780.24,1756.18,1768.56,21567
1619726400,1768.54,1774.78,1767.54,1772.16,10558
1619740800,1768.48,1773.55,1768.43,1769.64,5345
1619755200,1769.64,1770.11,1765.32,1768.63,11746
1619769600,1768.65,1773.12,1766.81,1769.43,14099
1619784000,1769.44,1772.4,1765.49,1769.28,14587
1619798400,1769.46,1772.14,1764.14,1767.76,20222
1619812800,1767.74,1770.45,1766.25,1768.9,11450
1620000000,1768.28,1770.79,1765.82,1770.72,5039
1620014400,1770.71,1775.59,1769.99,1774.11,8476
1620028800,1774.11,1781.39,1772.26,1775.56,12547
1620043200,1775.53,1786.92,1775.14,1784.58,15070
1620057600,1784.55,1797.81,1784.53,1792.76,20489
1620072000,1792.84,1793.84,1790.55,1792.9,11334
1620086400,1792.42,1793.1,1788.72,1791.07,4519
1620100800,1791.07,1791.56,1788.37,1788.62,6846
1620115200,1788.65,1790.41,1783.84,1785.74,13288
1620129600,1785.63,1789.02,1780.68,1788.27,16608
1620144000,1788.31,1799.04,1770.84,1775.93,22992
1620158400,1775.86,1780.03,1775.8,1779.15,12208
1620172800,1778.12,1779.37,1776.1,1778.53,4383
1620187200,1778.53,1783.24,1777.9,1780.58,7449
1620201600,1780.58,1780.77,1774.11,1775.04,13599
1620216000,1775.04,1782.57,1770.23,1781.65,14959
1620230400,1781.72,1785.19,1778.51,1784.11,19737
1620244800,1784.08,1787.87,1782.86,1787.59,10659
1620259200,1786.84,1787.45,1783.0,1783.35,5168
1620273600,1783.36,1789.99,1781.88,1788.48,12991
1620288000,1788.48,1795.67,1788.39,1795.04,15450
1620302400,1795.06,1796.4,1788.22,1793.64,16765
1620316800,1793.54,1818.02,1790.65,1815.61,21022
1620331200,1815.67,1816.09,1812.72,1815.05,11852
1620345600,1814.32,1815.51,1813.29,1814.42,3740
1620360000,1814.43,1822.14,1812.7,1819.28,13082
1620374400,1819.28,1822.94,1817.16,1820.63,15210
1620388800,1820.56,1843.22,1817.19,1838.45,15394
1620403200,1838.83,1842.15,1825.48,1832.59,23116
1620417600,1832.52,1832.63,1829.21,1830.75,12587
1620604800,1833.72,1836.75,1830.31,1832.98,7658
1620619200,1833.0,1834.92,1829.9,1834.08,14456
1620633600,1833.98,1839.05,1833.37,1836.1,17425
1620648000,1836.0,1842.85,1834.53,1842.2,16183
1620662400,1841.83,1845.27,1835.37,1837.45,21861
1620676800,1837.49,1838.59,1833.76,1835.39,14242
1620691200,1835.32,1836.62,1832.43,1833.83,6044
1620705600,1833.83,1838.33,1831.23,1836.08,12893
1620720000,1836.07,1837.99,1832.56,1836.02,16044
1620734400,1835.98,1841.71,1825.86,1826.58,16914
1620748800,1826.83,1835.91,1817.92,1835.04,22300
1620763200,1835.01,1838.23,1833.38,1836.64,12959
1620777600,1836.32,1837.42,1833.31,1834.3,5295
1620792000,1834.3,1834.42,1825.87,1829.88,13769
1620806400,1829.81,1835.58,1828.47,1833.29,15551
1620820800,1833.31,1840.64,1821.35,1839.9,15046
1620835200,1839.9,1843.58,1818.92,1820.23,24388
1620849600,1820.25,1825.03,1813.17,1815.94,17280
1620864000,1815.32,1819.0,1813.1,1818.42,6496
1620878400,1818.45,1822.86,1816.37,1819.09,13592
1620892800,1819.07,1822.21,1812.5,1815.05,17613
1620907200,1815.07,1821.2,1808.73,1816.82,17947
1620921600,1816.88,1828.64,1815.61,1826.02,21692
1620936000,1826.14,1828.28,1821.57,1826.79,15361
1620950400,1825.02,1826.87,1823.86,1825.68,5120
1620964800,1825.65,1826.38,1819.73,1823.58,12421
1620979200,1823.56,1836.25,1822.29,1834.75,17253
1620993600,1834.77,1839.41,1832.83,1836.92,16080
1621008000,1837.04,1841.13,1834.18,1839.14,19559
1621022400,1839.15,1844.83,1837.68,1842.39,10339
1621209600,1844.72,1847.93,1838.46,1844.01,5854
1621224000,1843.93,1853.18,1843.44,1852.68,13936
1621238400,1852.66,1855.31,1851.96,1853.05,15380
1621252800,1853.04,1853.15,1844.84,1845.76,16068
1621267200,1845.67,1868.05,1843.95,1867.95,21891
1621281600,1867.96,1868.32,1865.25,1866.5,12941
1621296000,1863.92,1869.79,1863.92,1869.03,5021
1621310400,1869.07,1873.6,1866.62,1867.89,13714
1621324800,1867.89,1871.49,1867.24,1869.4,14805
1621339200,1869.38,1874.92,1865.14,1871.1,14527
1621353600,1871.13,1873.36,1863.1,1867.28,20426
1621368000,1867.24,1869.98,1866.95,1869.48,8195
1621382400,1869.12,1871.28,1868.02,1869.59,4581
1621396800,1869.59,1871.44,1864.5,1867.89,12669
1621411200,1867.88,1873.83,1859.84,1863.13,16657
1621425600,1863.11,1872.49,1852.06,1872.43,19090
1621440000,1872.43,1889.96,1864.63,1881.97,22273
1621454400,1881.89,1882.55,1861.88,1870.05,15315
1621468800,1868.72,1871.97,1863.76,1871.68,6786
1621483200,1871.73,1877.46,1865.14,1875.38,13133
1621497600,1875.35,1878.97,1870.48,1872.12,15588
1621512000,1872.04,1872.76,1865.15,1871.21,16396
1621526400,1871.34,1883.78,1869.62,1882.5,21167
1621540800,1882.49,1883.73,1873.18,1877.15,12719
1621555200,1876.82,1878.23,1873.52,1874.49,5188
1621569600,1874.51,1876.91,1870.26,1876.0,12345
1621584000,1876.03,1877.94,1872.6,1875.97,13698
1621598400,1876.04,1888.01,1875.92,1886.97,15203
1621612800,1886.97,1889.21,1869.98,1872.7,21968
1621627200,1872.76,1881.76,1872.62,1881.7,11445
1621814400,1881.62,1884.25,1880.01,1880.83,6088
1621828800,1880.87,1886.91,1879.72,1884.45,13180
1621843200,1884.47,1886.11,1875.6,1877.49,14575
1621857600,1877.49,1886.13,1876.64,1879.89,14199
1621872000,1879.81,1885.44,1877.8,1883.81,19071
1621886400,1883.78,1884.62,1881.11,1881.21,9003
1621900800,1880.42,1881.41,1876.14,1878.56,5120
1621915200,1878.58,1879.87,1872.67,1879.46,13401
1621929600,1879.46,1887.09,1873.17,1882.45,16358
1621944000,1882.5,1884.69,1879.79,1883.18,14321
1621958400,1883.34,1895.85,1879.78,1895.21,20736
1621972800,1895.21,1900.13,1894.99,1899.1,10884
1621987200,1898.61,1900.06,1896.89,1897.84,4992
1622001600,1897.84,1907.66,1897.84,1906.32,14716
1622016000,1906.32,1910.07,1900.4,1906.31,14756
1622030400,1906.3,1912.65,1903.53,1907.97,14179
1622044800,1907.79,1908.04,1898.94,1902.17,20216
1622059200,1902.23,1902.91,1890.6,1896.31,13591
1622073600,1895.32,1897.61,1893.67,1894.51,4648
1622088000,1894.53,1899.51,1892.02,1899.16,12656
1622102400,1899.14,1903.62,1893.96,1896.27,14591
1622116800,1896.28,1898.62,1889.46,1897.27,15786
1622131200,1897.33,1898.64,1888.15,1891.46,21293
1622145600,1891.57,1898.72,1891.41,1896.32,11335
1622160000,1896.32,1898.44,1895.9,1896.64,5040
1622174400,1896.66,1898.05,1892.47,1892.88,11755
1622188800,1892.89,1894.61,1887.83,1893.42,15366
1622203200,1893.42,1896.15,1882.13,1892.81,15276
1622217600,1893.0,1900.47,1890.08,1899.79,21140
1622232000,1899.83,1905.81,1899.78,1903.11,12395
1622419200,1902.52,1905.6,1902.32,1904.77,5034
1622433600,1904.73,1910.5,1904.6,1906.69,12846
1622448000,1906.68,1907.96,1903.4,1906.34,12398
1622462400,1906.29,1906.97,1902.01,1905.14,10220
1622476800,1905.16,1906.88,1903.54,1906.09,10593
1622505600,1907.12,1908.54,1906.16,1908.06,5010
1622520000,1907.97,1914.29,1906.12,1910.55,12751
1622534400,1910.57,1916.44,1905.06,1911.38,14946
1622548800,1911.43,1911.79,1904.35,1910.07,15658
1622563200,1910.28,1911.88,1892.26,1903.19,21039
1622577600,1903.21,1903.55,1898.73,1899.72,9016
1622592000,1899.92,1900.1,1897.61,1898.81,4728
1622606400,1898.81,1902.11,1895.94,1896.19,11935
1622620800,1896.23,1900.68,1895.05,1896.26,14882
1622635200,1896.27,1906.82,1894.24,1904.47,13904
1622649600,1904.52,1908.63,1900.44,1906.36,18184
1622664000,1906.34,1908.97,1905.35,1908.52,8814
1622678400,1907.42,1909.44,1907.25,1908.22,3402
1622692800,1908.25,1909.51,1903.37,1903.56,10342
1622707200,1903.58,1903.95,1890.51,1894.12,15755
1622721600,1894.02,1897.99,1881.99,1882.1,17064
1622736000,1882.04,1883.59,1865.16,1870.82,21949
1622750400,1870.82,1873.94,1870.12,1870.57,9446
1622764800,1870.12,1871.97,1868.57,1869.29,5222
1622779200,1869.32,1871.89,1852.14,1868.27,12786
1622793600,1868.27,1875.0,1865.49,1869.45,15493
1622808000,1869.46,1885.86,1868.63,1884.44,14436
1622822400,1884.36,1896.07,1884.36,1889.22,19179
1622836800,1889.21,1892.09,1888.15,1891.39,8036
1623024000,1890.92,1891.57,1888.55,1890.65,4498
1623038400,1890.65,1891.72,1884.85,1885.76,11139
1623052800,1885.76,1887.19,1881.41,1884.56,14444
1623067200,1884.48,1888.19,1882.67,1887.08,12874
1623081600,1887.07,1895.52,1885.85,1894.94,17350
1623096000,1894.95,1900.02,1894.64,1898.59,9309
1623110400,1898.12,1901.42,1898.12,1901.42,3873
1623124800,1901.41,1903.2,1895.14,1897.03,10305
1623139200,1897.01,1898.27,1889.57,1892.47,13739
1623153600,1892.47,1903.62,1889.69,1892.95,14733
1623168000,1892.72,1896.11,1883.66,1892.31,19048
1623182400,1892.35,1893.87,1891.46,1892.91,8150
1623196800,1891.82,1894.98,1889.92,1894.97,4133
1623211200,1894.96,1896.18,1891.33,1893.79,9917
1623225600,1893.82,1895.5,1888.2,1889.25,13415
1623240000,1889.27,1895.82,1887.22,1893.63,13725
1623254400,1893.69,1898.8,1887.86,1891.04,18174
1623268800,1891.03,1893.09,1888.45,1888.75,10024
1623283200,1887.92,1889.24,1885.31,1885.92,3765
1623297600,1885.92,1888.69,1884.11,1885.35,10531
1623312000,1885.32,1887.95,1876.48,1882.12,14670
1623326400,1882.08,1891.46,1869.64,1890.63,15243
1623340800,1891.15,1894.59,1884.76,1893.57,20012
1623355200,1893.57,1899.77,1892.57,1899.46,9818
1623369600,1898.02,1899.59,1897.2,1899.44,4259
1623384000,1899.46,1900.8,1897.51,1900.16,10669
1623398400,1900.05,1902.91,1893.62,1895.04,14483
1623412800,1895.04,1895.99,1883.5,1884.1,16338
1623427200,1884.27,1886.61,1875.1,1878.95,19415
1623441600,1878.93,1879.04,1874.35,1875.99,9058
1623628800,1876.44,1877.52,1870.42,1870.76,6631
1623643200,1870.84,1871.59,1860.22,1865.41,11092
1623657600,1865.37,1865.99,1854.79,1857.96,14794
1623672000,1857.99,1861.47,1844.3,1848.08,16735
1623686400,1848.16,1869.64,1846.96,1864.02,18573
1623700800,1864.03,1866.27,1863.05,1866.22,7587
1623715200,1865.82,1867.59,1865.22,1866.28,4253
1623729600,1866.26,1867.7,1858.52,1864.4,12376
1623744000,1864.42,1869.06,1862.07,1864.04,12317
1623758400,1863.94,1867.55,1861.12,1865.48,13508
1623772800,1865.55,1867.99,1851.49,1852.24,19008
1623787200,1852.28,1859.19,1852.09,1858.71,9579
1623801600,1858.52,1860.64,1854.41,1854.43,4700
1623816000,1854.45,1860.34,1853.08,1859.83,10431
1623830400,1859.83,1861.42,1856.83,1859.88,11637
1623844800,1859.85,1860.47,1852.61,1857.64,13368
1623859200,1857.64,1861.49,1854.95,1859.13,17081
1623873600,1859.15,1863.05,1803.14,1810.04,19776
1623888000,1808.62,1819.66,1808.62,1817.61,9813
1623902400,1817.57,1825.15,1815.88,1821.45,13215
1623916800,1821.45,1821.5,1802.7,1804.68,19132
1623931200,1804.71,1808.31,1775.84,1785.45,21139
1623945600,1785.13,1790.36,1767.17,1770.5,24914
1623960000,1770.58,1781.82,1769.49,1772.63,15786
1623974400,1771.32,1779.54,1771.32,1779.02,6852
1623988800,1779.0,1787.04,1777.17,1784.37,13065
1624003200,1784.44,1794.55,1781.98,1791.08,17734
1624017600,1791.1,1797.08,1775.11,1777.19,17062
1624032000,1777.11,1780.74,1768.9,1771.93,23474
1624046400,1771.81,1774.61,1760.75,1764.52,14620
1624233600,1763.94,1773.15,1763.88,1773.1,7406
1624248000,1773.01,1776.7,1770.57,1773.1,16457
1624262400,1773.1,1785.51,1766.37,1784.81,20325
1624276800,1784.83,1785.78,1773.72,1774.96,16934
1624291200,1774.88,1786.4,1773.4,1783.06,20605
1624305600,1783.07,1785.02,1781.96,1783.13,9706
1624320000,1781.82,1787.48,1781.82,1785.85,6507
1624334400,1785.83,1789.98,1782.7,1787.91,11482
1624348800,1787.92,1787.99,1776.33,1778.52,16975
1624363200,1778.34,1787.47,1772.2,1774.6,15770
1624377600,1774.5,1781.31,1772.92,1778.15,19235
1624392000,1778.17,1783.01,1775.04,1778.62,11819
1624406400,1777.92,1779.61,1777.15,1778.58,4910
1624420800,1778.62,1783.8,1777.69,1781.83,11078
1624435200,1781.84,1784.56,1777.45,1782.64,14499
1624449600,1782.66,1786.83,1779.9,1782.46,14887
1624464000,1782.32,1794.83,1781.25,1783.2,19719
1624478400,1783.21,1783.77,1773.19,1778.26,12155
1624492800,1777.82,1780.0,1774.16,1778.66,5087
1624507200,1778.66,1779.95,1772.71,1774.96,10793
1624521600,1774.94,1782.23,1773.85,1779.62,13301
1624536000,1779.62,1787.87,1779.35,1783.28,15030
1624550400,1783.22,1786.68,1775.74,1776.65,18621
1624564800,1776.63,1777.76,1773.5,1774.82,10212
1624579200,1774.72,1777.06,1773.61,1773.94,4288
1624593600,1773.94,1779.52,1773.61,1776.13,10211
1624608000,1776.15,1783.57,1775.56,1782.61,12987
1624622400,1782.59,1790.22,1781.21,1785.33,13690
1624636800,1785.44,1789.55,1776.2,1777.0,19434
1624651200,1776.98,1781.19,1776.54,1781.19,9361
1624838400,1780.92,1782.74,1779.86,1780.51,5087
1624852800,1780.51,1781.55,1770.57,1780.69,13169
1624867200,1780.69,1785.69,1774.03,1779.04,14809
1624881600,1779.04,1779.39,1773.29,1777.52,13584
1624896000,1777.4,1782.83,1776.89,1779.35,18053
1624910400,1779.43,1780.4,1777.58,1778.92,9171
1624924800,1777.72,1778.76,1775.18,1775.69,4047
1624939200,1775.74,1777.53,1773.74,1774.5,10681
1624953600,1774.47,1778.83,1767.48,1769.36,13732
1624968000,1769.31,1775.88,1750.5,1754.66,16115
1624982400,1754.68,1765.81,1751.26,1762.98,20106
1624996800,1762.92,1765.31,1760.07,1760.88,8614
1625011200,1760.72,1762.83,1760.71,1762.42,3070
1625025600,1762.37,1764.57,1757.47,1758.89,10297
1625040000,1758.94,1760.86,1753.27,1756.42,13825
1625054400,1756.4,1761.76,1754.94,1757.03,14180
1625068800,1757.01,1774.3,1754.81,1772.12,20123
1625083200,1772.11,1772.78,1768.05,1769.5,11236
1625097600,1769.32,1770.08,1766.14,1766.14,4288
1625112000,1766.37,1776.58,1765.58,1774.38,10903
1625126400,1774.38,1778.91,1773.03,1774.44,14228
1625140800,1774.44,1779.58,1772.21,1777.68,14852
1625155200,1777.77,1782.72,1768.24,1771.72,19541
1625169600,1771.67,1776.88,1771.59,1776.41,8623
1625184000,1776.32,1778.3,1774.88,1777.22,4272
1625198400,1777.22,1779.71,1776.3,1777.9,8792
1625212800,1777.92,1784.14,1774.19,1781.89,13212
1625227200,1781.75,1793.82,1775.69,1789.52,14824
1625241600,1789.35,1794.96,1777.89,1781.89,18933
1625256000,1781.84,1791.7,1781.62,1787.21,8746
1625443200,1786.42,1787.56,1784.36,1785.84,4149
1625457600,1785.85,1789.79,1784.9,1787.25,9844
1625472000,1787.27,1795.22,1784.59,1792.66,11533
1625486400,1792.65,1793.39,1789.06,1791.74,9588
1625500800,1791.75,1793.09,1789.74,1791.02,8414
1625529600,1792.09,1792.66,1790.71,1791.76,3614
1625544000,1791.77,1800.68,1790.86,1800.68,11913
1625558400,1800.68,1809.06,1800.03,1805.8,14868
1625572800,1805.79,1814.88,1805.48,1809.18,13650
1625587200,1809.16,1812.48,1789.98,1794.19,22166
1625601600,1794.19,1797.58,1792.92,1796.97,9473
1625616000,1796.02,1796.8,1793.81,1795.18,5348
1625630400,1795.18,1802.83,1794.36,1797.83,10879
1625644800,1797.83,1807.56,1797.32,1804.31,13809
1625659200,1804.31,1809.72,1803.23,1804.48,12951
1625673600,1804.45,1807.54,1796.86,1801.66,19893
1625688000,1801.65,1808.13,1800.48,1803.51,11458
1625702400,1802.62,1805.45,1802.62,1804.34,4795
1625716800,1804.32,1804.92,1796.16,1797.78,11253
1625731200,1797.76,1815.1,1796.3,1813.28,17426
1625745600,1813.27,1818.32,1806.42,1813.49,18921
1625760000,1813.43,1816.92,1793.98,1797.46,20725
1625774400,1797.47,1803.62,1796.51,1802.3,9920
1625788800,1802.16,1804.46,1800.58,1800.65,5129
1625803200,1800.64,1807.68,1799.24,1801.18,11999
1625817600,1801.17,1805.9,1796.53,1802.5,15890
1625832000,1802.48,1805.58,1798.17,1802.31,14827
1625846400,1802.31,1811.55,1801.06,1810.29,16817
1625860800,1810.36,1812.32,1807.03,1807.84,8778
1626048000,1806.82,1809.34,1805.48,1808.82,5514
1626062400,1808.83,1810.67,1801.88,1802.85,12311
1626076800,1802.85,1806.12,1798.79,1803.1,13970
1626091200,1803.15,1804.92,1798.18,1802.74,13716
1626105600,1802.69,1807.36,1791.45,1805.63,15818
1626120000,1805.6,1807.44,1803.95,1806.01,8171
1626134400,1805.32,1808.46,1805.32,1807.1,4103
1626148800,1807.14,1812.65,1806.64,1809.62,10039
1626163200,1809.61,1812.2,1805.72,1808.87,12531
1626177600,1808.88,1817.01,1798.53,1800.28,12572
1626192000,1800.26,1815.14,1798.84,1811.44,18685
1626206400,1811.43,1811.54,1805.09,1807.04,12224
1626220800,1807.32,1808.14,1804.43,1807.24,4611
1626235200,1807.24,1813.74,1806.74,1811.67,11014
1626249600,1811.62,1815.27,1809.79,1813.86,12988
1626264000,1813.86,1829.59,1812.54,1828.46,14781
1626278400,1828.52,1829.65,1819.34,1821.79,19274
1626292800,1821.74,1828.15,1821.68,1827.93,8228
1626307200,1827.12,1828.52,1824.69,1824.85,5196
1626321600,1824.93,1829.02,1823.57,1826.16,10985
1626336000,1826.16,1833.75,1825.79,1832.21,13233
1626350400,1832.15,1832.94,1822.4,1823.29,15944
1626364800,1823.23,1827.28,1820.15,1826.96,17754
1626379200,1826.94,1830.12,1826.02,1829.32,9667
1626393600,1828.72,1831.97,1828.72,1829.19,4816
1626408000,1829.23,1831.42,1825.6,1826.34,9958
1626422400,1826.36,1827.16,1820.84,1822.77,13476
1626436800,1822.72,1825.32,1815.39,1822.7,14967
1626451200,1822.72,1826.63,1809.52,1815.17,20585
1626465600,1815.22,1816.34,1808.88,1811.41,10344
1626652800,1811.19,1817.23,1810.3,1814.75,6080
1626667200,1814.81,1816.14,1811.03,1812.22,12566
1626681600,1812.2,1813.17,1802.45,1804.21,16436
1626696000,1804.18,1810.19,1794.9,1808.97,17527
1626710400,1809.04,1815.46,1804.79,1808.79,21654
1626724800,1808.71,1813.09,1806.78,1812.57,11913
1626739200,1812.22,1814.03,1810.66,1813.23,4665
1626753600,1813.21,1819.04,1813.21,1817.66,12758
1626768000,1817.7,1818.08,1811.54,1813.03,14502
1626782400,1813.0,1823.93,1812.48,1822.7,16482
1626796800,1822.69,1824.88,1804.98,1811.9,21216
1626811200,1811.84,1811.91,1808.16,1810.16,9400
1626825600,1810.12,1810.93,1807.99,1808.55,3678
1626840000,1808.55,1809.37,1805.04,1807.9,10665
1626854400,1807.9,1813.68,1803.21,1807.28,15212
1626868800,1807.28,1808.93,1794.54,1798.91,16120
1626883200,1798.85,1805.69,1796.79,1802.95,17572
1626897600,1802.96,1805.26,1801.81,1803.41,8391
1626912000,1801.52,1803.78,1801.5,1802.21,3763
1626926400,1802.27,1802.97,1797.16,1798.99,9824
1626940800,1798.86,1803.23,1792.73,1797.03,13773
1626955200,1797.0,1806.08,1794.03,1802.73,16090
1626969600,1802.87,1807.96,1795.82,1805.09,19365
1626984000,1805.07,1807.8,1804.24,1806.33,8898
1626998400,1806.62,1808.31,1806.59,1806.9,3452
1627012800,1806.9,1808.45,1802.16,1803.23,10151
1627027200,1803.23,1810.25,1801.26,1804.31,14304
1627041600,1804.27,1805.19,1789.88,1802.84,16254
1627056000,1802.85,1804.41,1794.8,1801.96,17381
1627070400,1802.01,1804.54,1800.7,1801.79,7719
1627257600,1802.22,1802.68,1798.32,1799.2,4813
1627272000,1799.22,1807.19,1798.48,1806.27,11926
1627286400,1806.28,1811.36,1804.48,1808.45,15972
1627300800,1808.5,1809.83,1801.07,1803.18,14620
1627315200,1803.19,1804.51,1796.58,1799.35,18710
1627329600,1799.35,1799.88,1796.29,1797.6,8355
1627344000,1797.42,1798.38,1796.5,1798.31,3925
1627358400,1798.31,1799.78,1794.63,1797.91,10577
1627372800,1797.91,1801.14,1793.53,1796.14,15502
1627387200,1796.11,1805.15,1794.93,1802.71,13677
1627401600,1802.71,1804.78,1794.53,1800.0,20532
1627416000,1799.78,1802.01,1798.45,1798.45,9082
1627430400,1797.66,1800.68,1797.66,1798.68,4771
1627444800,1798.69,1807.28,1797.92,1804.84,12634
1627459200,1804.84,1806.95,1799.2,1800.94,13893
1627473600,1800.92,1801.67,1795.26,1798.83,13780
1627488000,1798.85,1802.45,1794.39,1802.2,20602
1627502400,1802.21,1809.73,1792.36,1806.99,23458
1627516800,1806.72,1810.17,1806.31,1809.41,5384
1627531200,1809.39,1817.43,1809.39,1815.61,17635
1627545600,1815.6,1821.97,1815.08,1821.45,21053
1627560000,1821.45,1828.06,1819.41,1825.65,22649
1627574400,1825.67,1832.56,1823.28,1831.07,24442
1627588800,1831.07,1831.59,1827.74,1827.74,9901
1627603200,1827.52,1831.08,1826.92,1827.31,5994
1627617600,1827.29,1830.31,1826.63,1827.5,14150
1627632000,1827.49,1831.24,1825.79,1829.59,16601
1627646400,1829.6,1829.76,1821.76,1822.73,16864
1627660800,1822.74,1827.1,1814.13,1814.28,28052
1627675200,1814.29,1816.38,1810.18,1814.29,12072
1627862400,1813.74,1816.47,1812.0,1816.41,6863
1627876800,1816.42,1816.79,1808.34,1810.55,18289
1627891200,1810.54,1813.42,1806.28,1807.25,20678
1627905600,1807.25,1811.58,1805.68,1806.61,16652
1627920000,1806.57,1818.41,1806.04,1817.73,28841
1627934400,1817.74,1819.42,1812.55,1813.04,11689
1627948800,1812.72,1813.83,1810.92,1811.25,4294
1627963200,1811.27,1813.46,1809.33,1811.76,13987
1627977600,1811.73,1811.97,1808.16,1810.65,16772
1627992000,1810.66,1813.41,1807.03,1812.51,17312
1628006400,1812.71,1814.93,1808.58,1810.66,26163
1628020800,1810.65,1811.46,1809.69,1809.98,6961
1628035200,1810.12,1811.17,1809.55,1810.29,2995
1628049600,1810.31,1814.72,1808.84,1812.3,11726
1628064000,1812.3,1815.09,1810.95,1811.3,14481
1628078400,1811.3,1827.99,1810.7,1827.04,19385
1628092800,1827.02,1831.56,1806.22,1811.75,35007
1628107200,1811.76,1812.93,1810.4,1811.49,8861
1628121600,1811.42,1812.42,1809.49,1809.72,4425
1628136000,1809.71,1811.83,1808.97,1810.9,11864
1628150400,1810.91,1814.52,1808.3,1810.87,17369
1628164800,1810.86,1814.74,1808.46,1809.09,20311
1628179200,1809.08,1811.98,1797.71,1806.87,30688
1628193600,1806.86,1807.16,1803.28,1803.71,9144
1628208000,1804.22,1804.63,1801.4,1801.72,3500
1628222400,1801.71,1802.28,1798.96,1800.5,11419
1628236800,1800.56,1801.94,1796.51,1799.65,15985
1628251200,1799.67,1801.27,1775.44,1776.44,21954
1628265600,1776.4,1776.4,1758.59,1759.48,36198
1628280000,1759.48,1765.67,1759.48,1763.12,13294
1628467200,1762.12,1764.32,1638.76,1727.53,19923
1628481600,1727.48,1741.74,1727.48,1738.42,20984
1628496000,1738.49,1752.49,1737.55,1746.56,24084
1628510400,1746.57,1748.67,1737.8,1738.07,25815
1628524800,1738.08,1745.3,1723.72,1726.04,37209
1628539200,1726.02,1731.58,1724.55,1729.58,14302
1628553600,1728.72,1733.06,1728.27,1732.33,6947
1628568000,1732.26,1737.53,1730.93,1735.66,15019
1628582400,1735.71,1738.22,1728.69,1731.48,19580
1628596800,1731.47,1733.61,1726.21,1727.52,20816
1628611200,1727.52,1732.72,1717.6,1729.29,31035
1628625600,1729.32,1731.96,1728.14,1728.66,9854
1628640000,1728.82,1729.73,1725.09,1726.25,4562
1628654400,1726.18,1735.1,1724.01,1732.54,14658
1628668800,1732.55,1734.52,1728.91,1733.08,16567
1628683200,1733.08,1747.38,1732.35,1744.57,21067
1628697600,1744.61,1751.98,1738.6,1749.73,28696
1628712000,1749.73,1754.31,1748.67,1751.4,14418
1628726400,1748.92,1753.53,1748.92,1751.21,4679
1628740800,1751.23,1752.31,1748.78,1751.65,12617
1628755200,1751.66,1758.04,1750.45,1755.7,17704
1628769600,1755.71,1756.31,1743.68,1749.26,17580
1628784000,1749.27,1753.91,1741.49,1751.27,26952
1628798400,1751.24,1753.8,1749.57,1752.8,10463
1628812800,1751.92,1754.08,1751.83,1753.02,3881
1628827200,1753.02,1756.68,1751.5,1755.25,10871
1628841600,1755.25,1760.17,1754.54,1756.02,15518
1628856000,1756.0,1762.98,1755.85,1762.72,15578
1628870400,1762.7,1779.16,1762.17,1776.51,27866
1628884800,1776.46,1779.98,1775.7,1779.66,9622
1629072000,1778.12,1780.53,1777.43,1780.53,7439
1629086400,1780.53,1782.46,1775.43,1776.98,15138
1629100800,1776.98,1777.38,1771.8,1775.85,19082
1629115200,1775.91,1781.2,1770.71,1778.26,20859
1629129600,1778.07,1789.15,1777.5,1786.58,27805
1629144000,1786.6,1788.29,1785.68,1787.17,8993
1629158400,1784.02,1788.37,1784.02,1786.74,4794
1629172800,1786.76,1788.58,1784.32,1786.0,14251
1629187200,1786.0,1795.28,1785.95,1794.48,21065
1629201600,1794.48,1795.39,1787.88,1789.41,19444
1629216000,1789.35,1792.94,1780.45,1782.34,27523
1629230400,1782.33,1786.18,1782.13,1785.74,10568
1629244800,1785.02,1786.78,1785.02,1785.86,5620
1629259200,1785.86,1792.15,1785.37,1789.32,13157
1629273600,1789.31,1793.69,1786.27,1787.69,16792
1629288000,1787.71,1791.12,1782.76,1788.15,16935
1629302400,1788.17,1790.52,1777.26,1782.91,26987
1629316800,1782.92,1790.26,1780.34,1787.64,16976
1629331200,1787.12,1788.78,1784.06,1784.37,6769
1629345600,1784.39,1785.33,1773.3,1777.37,15670
1629360000,1777.38,1787.76,1775.59,1785.23,23051
1629374400,1785.22,1789.91,1783.67,1788.73,20124
1629388800,1788.73,1792.33,1777.06,1782.5,27063
1629403200,1782.57,1782.91,1776.3,1779.94,10735
1629417600,1779.92,1781.72,1778.64,1780.9,5371
1629432000,1780.81,1786.49,1780.8,1785.81,13217
1629446400,1785.81,1788.35,1780.47,1782.45,17907
1629460800,1782.43,1786.56,1779.74,1782.14,15002
1629475200,1782.08,1786.6,1778.28,1783.75,27444
1629489600,1783.75,1784.33,1780.29,1780.88,8157
1629676800,1779.06,1782.26,1777.09,1779.05,7033
1629691200,1779.05,1788.55,1776.38,1787.55,17395
1629705600,1787.53,1788.59,1784.22,1787.83,17792
1629720000,1787.85,1799.94,1786.72,1799.81,17392
1629734400,1799.8,1806.37,1795.45,1802.99,25647
1629748800,1802.99,1805.18,1802.45,1805.15,8242
1629763200,1804.42,1805.84,1801.88,1801.93,4332
1629777600,1801.91,1804.58,1800.64,1801.83,10434
1629792000,1801.84,1805.0,1800.59,1801.92,17650
1629806400,1801.91,1809.38,1801.36,1807.71,17094
1629820800,1807.79,1809.45,1801.35,1806.23,27177
1629835200,1806.23,1806.9,1802.53,1802.78,7040
1629849600,1802.07,1802.96,1793.79,1795.83,5566
1629864000,1795.83,1797.68,1791.7,1794.09,13685
1629878400,1794.1,1797.36,1791.65,1793.68,16700
1629892800,1793.67,1797.58,1790.17,1795.58,18288
1629907200,1795.58,1797.68,1782.36,1789.75,31128
1629921600,1789.77,1792.86,1788.2,1790.21,10092
1629936000,1790.18,1791.92,1789.9,1790.17,3412
1629950400,1790.15,1791.0,1786.65,1786.96,10672
1629964800,1786.94,1788.19,1783.22,1784.39,17094
1629979200,1784.39,1790.82,1780.8,1784.05,18809
1629993600,1784.16,1798.09,1779.85,1792.08,31255
1630008000,1792.1,1794.09,1790.12,1791.5,11160
1630022400,1791.72,1794.43,1791.72,1793.84,4443
1630036800,1793.87,1799.88,1793.42,1799.83,11643
1630051200,1799.82,1805.0,1794.78,1796.99,18851
1630065600,1796.97,1800.53,1792.33,1798.56,16155
1630080000,1798.61,1817.03,1783.73,1816.79,36591
1630094400,1816.79,1819.05,1815.14,1817.77,10549
1630281600,1817.92,1821.17,1816.67,1820.85,6304
1630296000,1820.88,1823.04,1813.26,1816.02,15506
1630310400,1816.04,1817.97,1812.66,1814.83,14982
1630324800,1814.85,1817.72,1814.23,1814.43,13411
1630339200,1814.45,1815.57,1809.01,1810.55,23814
1630353600,1810.55,1811.17,1807.61,1809.99,7107
1630368000,1809.52,1812.76,1809.47,1812.54,3395
1630382400,1812.5,1815.88,1811.56,1814.63,11137
1630396800,1814.62,1819.05,1813.76,1814.96,16250
1630411200,1814.95,1816.9,1808.88,1809.44,17356
1630425600,1809.39,1815.69,1801.51,1813.92,32650
1630440000,1813.88,1816.25,1813.47,1814.06,10957
1630454400,1813.52,1814.9,1811.91,1812.26,3791
1630468800,1812.26,1815.85,1810.26,1814.84,12715
1630483200,1814.84,1816.91,1809.16,1810.66,17742
1630497600,1810.63,1819.89,1810.46,1819.21,17956
1630512000,1819.33,1819.93,1808.57,1813.21,28268
1630526400,1813.25,1815.0,1811.89,1813.63,8303
1630540800,1812.82,1815.12,1812.71,1814.3,3882
1630555200,1814.32,1815.96,1810.56,1810.8,10422
1630569600,1810.81,1815.88,1810.7,1815.49,12506
1630584000,1815.48,1817.03,1809.39,1813.61,14032
1630598400,1813.67,1813.67,1804.82,1809.05,26328
1630612800,1809.05,1810.95,1807.87,1809.52,8049
1630627200,1808.46,1811.0,1808.46,1810.91,3265
1630641600,1810.87,1814.74,1810.5,1811.41,11699
1630656000,1811.42,1814.32,1810.53,1811.43,12442
1630670400,1811.44,1829.48,1811.26,1823.36,18665
1630684800,1823.46,1833.86,1819.08,1829.95,32089
1630699200,1829.92,1832.69,1827.16,1827.42,8832
1630886400,1827.65,1830.09,1825.38,1825.58,5692
1630900800,1825.57,1828.38,1824.99,1826.33,11364
1630915200,1826.35,1828.23,1823.8,1824.86,12291
1630929600,1824.85,1825.52,1822.31,1822.46,9051
1630944000,1822.46,1824.1,1821.29,1822.95,11675
1630972800,1822.72,1826.16,1820.92,1825.87,5151
1630987200,1825.87,1827.18,1821.07,1821.46,14719
1631001600,1821.46,1821.76,1813.02,1814.71,23122
1631016000,1814.71,1814.75,1808.23,1808.66,24900
1631030400,1808.72,1815.01,1792.26,1795.74,37717
1631044800,1795.84,1798.1,1792.98,1793.85,12953
1631059200,1793.92,1798.62,1793.72,1798.26,5113
1631073600,1798.28,1800.95,1796.08,1798.17,14456
1631088000,1798.17,1801.16,1794.19,1798.66,21998
1631102400,1798.66,1802.04,1796.33,1796.61,20209
1631116800,1796.64,1797.78,1782.29,1790.93,36053
1631131200,1790.93,1793.36,1788.46,1789.26,13189
1631145600,1788.72,1790.76,1788.01,1789.52,5966
1631160000,1789.56,1790.42,1786.83,1787.99,13319
1631174400,1788.02,1795.26,1786.56,1794.66,20402
1631188800,1794.64,1800.87,1791.05,1791.73,23509
1631203200,1791.68,1799.13,1783.76,1793.61,33115
1631217600,1793.57,1799.09,1790.87,1794.27,17209
1631232000,1792.92,1796.13,1792.39,1795.8,7473
1631246400,1795.8,1799.84,1792.63,1796.28,17008
1631260800,1796.39,1803.8,1796.11,1801.62,19500
1631275200,1801.59,1802.24,1792.53,1793.42,22059
1631289600,1793.43,1796.73,1789.59,1791.55,34749
1631304000,1791.55,1792.98,1787.1,1787.69,13870
1631491200,1787.14,1789.26,1785.94,1787.05,6798
1631505600,1787.03,1792.5,1783.29,1790.91,16954
1631520000,1790.9,1793.58,1786.88,1790.79,20893
1631534400,1790.78,1791.66,1785.59,1785.84,18134
1631548800,1785.82,1798.25,1785.05,1793.67,32567
1631563200,1793.67,1793.84,1790.95,1793.29,12164
1631577600,1792.82,1793.56,1790.81,1791.19,4132
1631592000,1791.14,1792.78,1789.63,1790.87,13862
1631606400,1790.89,1794.75,1787.97,1788.82,19277
1631620800,1788.78,1798.94,1780.46,1797.08,23379
1631635200,1797.1,1808.53,1790.72,1803.55,36561
1631649600,1803.55,1806.64,1802.85,1804.6,11843
1631664000,1803.82,1804.5,1802.5,1802.75,6081
1631678400,1802.75,1804.57,1801.29,1803.28,13604
1631692800,1803.28,1804.25,1798.79,1800.44,21068
1631707200,1800.44,1806.79,1794.85,1796.48,22125
1631721600,1796.52,1799.97,1791.2,1793.02,31775
1631736000,1793.04,1794.23,1790.58,1793.52,10960
1631750400,1793.52,1795.6,1793.38,1794.84,7321
1631764800,1794.85,1796.1,1789.53,1790.94,15722
1631779200,1790.95,1792.14,1782.69,1784.58,23881
1631793600,1784.58,1784.58,1760.35,1762.58,29065
1631808000,1762.48,1762.86,1745.19,1754.75,33696
1631822400,1754.7,1757.06,1751.45,1752.57,13060
1631836800,1753.42,1756.31,1752.44,1756.31,6010
1631851200,1756.29,1760.4,1754.63,1760.3,16455
1631865600,1760.31,1766.1,1759.79,1765.84,20807
1631880000,1765.8,1767.41,1752.63,1752.95,23940
1631894400,1752.93,1756.93,1747.28,1751.44,36896
1631908800,1751.41,1754.14,1750.0,1753.81,12040
1632096000,1754.04,1755.07,1751.06,1752.49,6725
1632110400,1752.43,1752.88,1741.88,1748.49,15060
1632124800,1748.49,1757.46,1747.66,1757.44,20177
1632139200,1757.44,1761.1,1754.04,1759.95,23351
1632153600,1759.99,1767.0,1754.35,1761.48,33863
1632168000,1761.49,1765.47,1760.71,1764.73,16026
1632182400,1764.22,1765.49,1762.43,1763.29,6669
1632196800,1763.25,1766.01,1760.68,1761.17,10830
1632211200,1761.17,1765.47,1757.83,1764.3,18031
1632225600,1764.3,1774.9,1763.72,1771.75,24740
1632240000,1771.88,1781.63,1769.57,1776.52,36043
1632254400,1776.5,1778.13,1773.75,1773.78,15309
1632268800,1773.22,1775.37,1772.24,1772.57,6429
1632283200,1772.57,1779.06,1772.25,1775.75,20973
1632297600,1775.76,1780.24,1773.63,1775.48,21114
1632312000,1775.56,1776.78,1771.33,1772.75,17917
1632326400,1772.77,1779.26,1772.43,1777.97,30747
1632340800,1777.93,1787.12,1764.46,1767.84,32356
1632355200,1767.72,1769.24,1764.23,1765.71,7879
1632369600,1765.7,1765.7,1760.68,1764.31,17808
1632384000,1764.32,1769.67,1760.05,1768.69,22856
1632398400,1768.73,1776.4,1762.7,1763.67,30299
1632412800,1763.64,1764.4,1745.74,1749.8,37922
1632427200,1749.8,1753.19,1737.47,1742.22,15415
1632441600,1743.12,1748.68,1739.72,1748.31,7297
1632456000,1748.34,1752.76,1746.53,1751.24,16122
1632470400,1751.25,1756.8,1750.14,1755.25,23689
1632484800,1755.24,1757.49,1744.55,1745.12,23521
1632499200,1745.15,1753.82,1740.35,1750.95,34463
1632513600,1750.95,1751.65,1745.83,1749.59,10043
1632700800,1750.46,1754.45,1747.66,1753.86,6884
1632715200,1753.88,1760.74,1753.05,1758.9,14956
1632729600,1758.91,1760.64,1749.98,1750.7,20264
1632744000,1750.7,1754.99,1744.71,1753.81,22673
1632758400,1753.71,1757.77,1748.54,1752.14,28589
1632772800,1752.11,1752.67,1749.73,1750.1,10218
1632787200,1749.72,1751.55,1748.92,1749.46,4620
1632801600,1749.45,1754.39,1747.05,1751.12,14737
1632816000,1751.1,1751.75,1735.74,1742.79,25132
1632830400,1742.82,1743.72,1728.01,1730.27,29371
1632844800,1730.21,1741.14,1728.93,1737.76,42881
1632859200,1737.78,1738.18,1732.71,1733.59,17406
1632873600,1733.52,1735.7,1733.17,1733.97,4592
1632888000,1733.92,1741.26,1733.81,1738.08,16358
1632902400,1738.09,1742.96,1736.6,1742.9,27821
1632916800,1742.87,1745.42,1736.91,1738.2,22698
1632931200,1738.29,1740.33,1724.3,1724.51,34484
1632945600,1724.5,1726.58,1721.57,1726.42,16461
1632960000,1726.16,1730.46,1726.13,1730.01,5871
1632974400,1730.01,1734.77,1728.73,1732.63,13824
1632988800,1732.63,1733.96,1726.16,1732.5,22076
1633003200,1732.5,1737.72,1722.11,1737.01,24175
1633017600,1737.08,1764.07,1734.93,1758.16,40919
1633032000,1758.1,1758.68,1754.46,1757.06,20874
1633046400,1756.02,1756.62,1751.14,1751.41,8112
1633060800,1751.39,1756.8,1750.48,1753.52,14042
1633075200,1753.51,1757.16,1750.82,1752.79,24385
1633089600,1752.81,1759.75,1749.61,1756.44,28034
1633104000,1756.49,1764.19,1752.6,1759.24,36309
1633118400,1759.25,1760.26,1757.16,1760.11,9330
1633305600,1762.16,1765.61,1759.87,1763.94,8891
1633320000,1763.96,1765.25,1757.73,1760.52,12242
1633334400,1760.53,1762.58,1748.69,1751.38,20599
1633348800,1751.42,1758.2,1747.62,1755.01,21563
1633363200,1754.96,1770.42,1748.35,1768.95,39298
1633377600,1768.92,1769.23,1763.48,1769.21,18240
1633392000,1769.12,1769.91,1765.58,1765.77,8539
1633406400,1765.74,1766.58,1757.65,1759.03,15990
1633420800,1759.06,1760.82,1755.12,1755.7,23265
1633435200,1755.63,1761.31,1753.45,1756.4,20437
1633449600,1756.43,1761.18,1748.5,1759.76,36004
1633464000,1759.75,1762.88,1758.93,1759.69,12398
1633478400,1759.12,1760.13,1757.08,1757.51,5900
1633492800,1757.51,1758.44,1751.33,1752.44,16433
1633507200,1752.43,1754.7,1745.75,1746.92,26640
1633521600,1746.87,1761.14,1746.71,1759.08,29700
1633536000,1759.11,1764.22,1754.77,1762.34,35502
1633550400,1762.35,1764.98,1760.32,1762.77,15483
1633564800,1762.22,1764.14,1759.02,1762.66,7015
1633579200,1762.66,1762.93,1757.61,1758.95,11200
1633593600,1758.94,1766.86,1755.92,1760.65,21289
1633608000,1760.64,1764.6,1753.97,1755.05,21457
1633622400,1754.99,1763.08,1751.87,1757.98,31326
1633636800,1758.0,1758.9,1754.19,1754.75,12773
1633651200,1755.82,1756.22,1753.25,1755.79,5939
1633665600,1755.8,1760.43,1755.44,1756.52,15576
1633680000,1756.48,1760.2,1754.26,1755.65,20395
1633694400,1755.65,1776.71,1755.58,1775.74,23420
1633708800,1775.96,1781.24,1755.37,1758.4,41820
1633723200,1758.38,1760.04,1755.82,1756.98,13859
1633910400,1756.92,1758.02,1750.59,1756.71,9971
1633924800,1756.64,1760.89,1754.78,1756.69,17374
1633939200,1756.68,1757.67,1752.71,1752.99,22724
1633953600,1752.99,1757.85,1750.09,1750.65,20940
1633968000,1750.65,1760.07,1750.02,1756.33,26894
1633982400,1756.34,1756.63,1753.08,1753.98,10981
1633996800,1753.02,1754.45,1751.11,1751.9,8559
1634011200,1751.87,1758.91,1750.61,1757.58,17972
1634025600,1757.61,1762.5,1756.33,1757.54,23663
1634040000,1757.49,1764.89,1753.86,1757.56,24450
1634054400,1757.59,1769.25,1756.79,1760.62,37378
1634068800,1760.6,1761.78,1757.78,1760.07,11676
1634083200,1759.62,1761.56,1759.45,1761.25,5210
1634097600,1761.25,1763.23,1759.39,1761.45,14251
1634112000,1761.44,1768.82,1760.62,1766.71,20699
1634126400,1766.73,1777.39,1758.03,1761.53,23854
1634140800,1761.52,1796.03,1757.78,1792.43,39769
1634155200,1792.4,1795.03,1790.6,1792.7,16797
1634169600,1792.02,1793.55,1791.13,1792.74,5615
1634184000,1792.74,1793.69,1786.58,1790.71,11923
1634198400,1790.73,1797.37,1789.72,1795.96,20573
1634212800,1795.98,1800.43,1793.69,1798.94,25974
1634227200,1799.02,1799.54,1793.83,1796.65,29654
1634241600,1796.48,1799.04,1795.58,1795.85,12384
1634256000,1795.76,1796.21,1794.14,1794.54,6907
1634270400,1794.52,1796.34,1793.68,1794.1,13401
1634284800,1794.14,1794.35,1785.39,1785.89,21948
1634299200,1785.88,1787.36,1764.73,1767.23,28414
1634313600,1767.39,1776.26,1765.79,1767.68,32708
1634328000,1767.75,1769.01,1766.55,1767.24,10570
1634515200,1765.92,1771.94,1764.79,1771.19,9996
1634529600,1771.2,1771.96,1766.49,1768.07,17645
1634544000,1768.05,1769.35,1761.01,1762.65,27686
1634558400,1762.63,1768.41,1760.19,1765.01,29177
1634572800,1765.06,1771.1,1762.61,1766.63,33182
1634587200,1766.62,1767.74,1763.8,1764.44,9917
1634601600,1763.82,1767.34,1762.78,1767.33,6096
1634616000,1767.35,1775.69,1766.89,1774.5,14908
1634630400,1774.51,1782.86,1773.61,1781.28,21760
1634644800,1781.26,1784.51,1775.8,1781.51,24087
1634659200,1781.57,1784.99,1767.03,1769.38,35843
1634673600,1769.38,1771.01,1767.98,1768.84,10982
1634688000,1766.92,1769.76,1766.75,1769.02,6340
1634702400,1769.01,1774.51,1767.66,1774.09,15587
1634716800,1774.09,1779.22,1773.32,1778.94,21834
1634731200,1778.92,1788.31,1777.62,1786.53,21772
1634745600,1786.48,1787.34,1774.76,1786.6,30810
1634760000,1786.59,1787.44,1780.71,1781.94,16811
1634774400,1781.02,1784.58,1781.02,1783.78,7996
1634788800,1783.78,1789.37,1782.13,1784.53,20362
1634803200,1784.55,1787.48,1780.75,1785.87,27137
1634817600,1785.85,1787.84,1776.4,1782.68,26693
1634832000,1782.67,1785.75,1778.24,1780.27,36064
1634846400,1780.27,1784.7,1778.43,1783.17,15396
1634860800,1782.12,1786.18,1782.12,1785.09,8182
1634875200,1785.09,1788.02,1784.37,1786.27,16965
1634889600,1786.29,1794.58,1785.89,1790.99,23998
1634904000,1791.0,1806.8,1790.38,1805.69,22419
1634918400,1805.66,1813.67,1782.68,1797.2,42239
1634932800,1797.17,1798.49,1791.1,1792.54,16240
1635120000,1792.42,1797.6,1791.94,1797.03,9066
1635134400,1797.0,1801.0,1792.12,1800.42,18711
1635148800,1800.4,1803.5,1795.92,1803.04,22615
1635163200,1803.05,1804.6,1798.32,1803.02,19517
1635177600,1803.02,1809.91,1801.52,1806.84,29418
1635192000,1806.77,1808.3,1804.99,1807.3,10550
1635206400,1806.52,1808.26,1805.27,1805.28,4966
1635220800,1805.3,1806.74,1801.71,1803.36,14049
1635235200,1803.38,1806.46,1799.86,1802.19,21107
1635249600,1802.19,1804.53,1794.17,1799.31,21987
1635264000,1799.35,1800.82,1782.28,1791.9,35484
1635278400,1791.84,1795.02,1790.33,1792.9,10880
1635292800,1792.78,1794.28,1791.68,1791.79,7048
1635307200,1791.78,1793.08,1787.06,1789.09,15704
1635321600,1789.11,1791.55,1783.4,1786.43,22623
1635336000,1786.44,1795.99,1783.7,1794.0,23015
1635350400,1793.9,1798.1,1784.72,1794.52,38090
1635364800,1794.51,1798.92,1793.79,1796.77,15327
1635379200,1796.52,1797.94,1794.18,1794.66,7419
1635393600,1794.58,1803.12,1794.04,1800.83,19124
1635408000,1800.81,1804.04,1799.69,1800.71,24503
1635422400,1800.71,1806.66,1795.65,1798.96,25767
1635436800,1799.1,1810.31,1792.22,1800.75,40113
1635451200,1800.69,1802.09,1797.56,1798.78,15122
1635465600,1799.02,1801.09,1797.46,1797.94,10056
1635480000,1797.93,1799.54,1793.51,1794.25,19616
1635494400,1794.27,1798.11,1790.78,1792.68,24359
1635508800,1792.86,1799.05,1775.83,1780.25,27028
1635523200,1780.29,1783.18,1771.82,1778.0,39908
1635537600,1777.91,1783.57,1777.85,1782.84,17244
1635724800,1783.28,1784.71,1778.95,1784.45,13166
1635739200,1784.42,1787.18,1783.35,1786.64,13554
1635753600,1786.64,1787.65,1780.88,1785.83,20975
1635768000,1785.8,1792.15,1782.48,1792.1,24492
1635782400,1792.17,1795.71,1789.65,1793.46,25019
1635796800,1793.44,1794.7,1791.01,1793.0,8774
1635811200,1792.7,1793.06,1789.31,1790.09,10209
1635825600,1790.09,1794.8,1789.15,1793.57,13406
1635840000,1793.56,1796.27,1790.72,1794.97,18835
1635854400,1794.97,1795.45,1788.12,1790.61,28490
1635868800,1790.73,1793.14,1786.27,1787.33,27850
1635883200,1787.29,1788.29,1786.28,1787.7,5674
1635897600,1787.57,1788.1,1782.36,1783.19,8151
1635912000,1783.2,1783.68,1779.13,1782.04,11125
1635926400,1782.04,1783.78,1778.13,1782.45,16856
1635940800,1782.41,1785.57,1765.48,1766.94,28881
1635955200,1766.94,1766.94,1758.73,1764.79,28450
1635969600,1764.83,1774.96,1761.3,1769.32,23440
1635984000,1771.33,1778.09,1771.19,1775.46,10998
1635998400,1775.45,1778.18,1774.04,1774.66,10281
1636012800,1774.6,1777.62,1770.69,1777.25,20141
1636027200,1777.26,1795.79,1775.66,1795.64,31720
1636041600,1795.64,1798.82,1790.79,1793.37,31158
1636056000,1793.34,1793.82,1790.98,1791.42,7361
1636070400,1791.05,1795.51,1790.04,1795.46,13486
1636084800,1795.47,1796.83,1792.09,1795.71,12207
1636099200,1795.67,1800.01,1793.89,1795.15,19456
1636113600,1795.15,1803.6,1784.84,1799.17,31489
1636128000,1799.22,1815.35,1795.67,1813.62,34980
1636142400,1813.59,1818.2,1812.27,1817.82,11490
1636329600,1818.22,1821.0,1812.85,1816.54,15304
1636344000,1816.51,1821.17,1816.51,1820.98,15510
1636358400,1820.97,1821.32,1812.32,1815.86,20445
1636372800,1815.84,1824.16,1814.88,1821.57,13311
1636387200,1821.73,1825.94,1818.95,1823.35,17596
1636401600,1823.38,1826.33,1822.71,1823.9,6840
1636416000,1824.12,1827.1,1823.28,1824.72,6136
1636430400,1824.74,1826.52,1821.73,1824.54,8813
1636444800,1824.53,1826.99,1819.05,1825.3,13405
1636459200,1825.3,1830.05,1822.63,1829.8,16502
1636473600,1829.75,1831.18,1820.15,1830.76,22727
1636488000,1830.73,1832.6,1826.76,1831.55,9573
1636502400,1831.72,1832.34,1827.19,1827.59,6533
1636516800,1827.59,1830.08,1824.12,1825.65,7195
1636531200,1825.64,1827.09,1822.73,1825.05,13751
1636545600,1825.04,1851.53,1820.72,1849.61,21865
1636560000,1849.61,1868.41,1848.12,1849.52,40323
1636574400,1849.54,1852.69,1841.37,1848.8,22279
1636588800,1848.92,1852.42,1845.08,1845.39,12597
1636603200,1845.42,1855.33,1842.79,1853.7,18298
1636617600,1853.7,1864.21,1851.71,1861.91,17611
1636632000,1861.93,1865.88,1854.72,1863.35,23540
1636646400,1863.3,1864.32,1858.81,1862.16,25080
1636660800,1862.17,1863.24,1860.29,1861.68,8571
1636675200,1861.32,1862.49,1857.68,1859.1,11652
1636689600,1859.1,1860.22,1855.02,1859.71,14503
1636704000,1859.69,1859.92,1849.34,1852.97,21700
1636718400,1852.95,1858.51,1845.1,1854.32,24228
1636732800,1854.34,1865.92,1853.78,1864.68,30332
1636747200,1864.58,1868.6,1862.46,1864.12,10575
1636934400,1868.84,1868.84,1857.09,1860.3,10867
1636948800,1860.27,1862.19,1856.16,1858.75,8987
1636963200,1858.75,1863.46,1856.2,1862.24,11440
1636977600,1862.26,1870.42,1860.51,1864.14,20742
1636992000,1864.1,1865.02,1858.08,1863.29,24883
1637006400,1863.29,1867.78,1861.89,1862.56,9322
1637020800,1862.32,1865.88,1856.88,1865.78,9663
1637035200,1865.8,1868.71,1863.77,1866.52,16207
1637049600,1866.6,1874.91,1862.09,1873.19,21483
1637064000,1873.11,1877.01,1865.28,1866.93,24369
1637078400,1866.87,1868.96,1851.62,1852.06,33606
1637092800,1852.06,1854.41,1849.55,1849.88,14247
1637107200,1849.52,1855.94,1849.22,1855.56,11346
1637121600,1855.62,1856.0,1851.81,1852.34,17533
1637136000,1852.21,1861.27,1852.21,1859.22,18430
1637150400,1859.24,1865.51,1857.82,1862.04,22618
1637164800,1862.04,1867.93,1860.21,1865.3,23391
1637179200,1865.21,1867.96,1862.61,1867.23,11846
1637193600,1866.98,1870.8,1866.01,1868.09,10777
1637208000,1868.11,1869.84,1864.05,1866.39,16441
1637222400,1866.38,1869.64,1862.51,1864.2,20222
1637236800,1864.18,1866.87,1854.92,1864.3,24800
1637251200,1864.23,1865.42,1857.46,1860.75,28956
1637265600,1860.74,1860.96,1856.71,1858.64,11068
1637280000,1858.52,1861.95,1857.85,1861.29,9390
1637294400,1861.34,1863.66,1860.33,1860.92,12556
1637308800,1860.89,1864.01,1851.47,1863.91,23750
1637323200,1863.9,1864.75,1857.72,1859.98,29453
1637337600,1860.01,1865.64,1842.92,1846.87,36962
1637352000,1846.83,1850.48,1844.39,1845.32,18378
1637539200,1846.54,1848.4,1837.53,1845.64,9503
1637553600,1845.64,1848.94,1844.24,1846.57,8855
1637568000,1846.57,1846.89,1840.08,1844.91,12404
1637582400,1844.91,1845.42,1834.78,1837.84,20603
1637596800,1837.79,1838.42,1806.62,1808.35,43303
1637611200,1808.26,1808.34,1802.14,1804.59,23115
1637625600,1805.32,1812.24,1805.17,1811.26,11521
1637640000,1811.28,1811.28,1806.42,1808.08,13946
1637654400,1808.09,1809.68,1792.6,1797.67,31012
1637668800,1797.68,1799.04,1784.14,1785.95,30528
1637683200,1785.95,1793.13,1781.87,1784.24,39707
1637697600,1784.14,1791.78,1781.86,1789.08,18881
1637712000,1788.72,1796.02,1788.37,1794.96,12004
1637726400,1794.91,1795.78,1792.52,1795.51,13984
1637740800,1795.5,1796.31,1790.28,1791.95,23568
1637755200,1791.93,1792.75,1781.68,1784.37,28422
1637769600,1784.44,1791.32,1778.4,1785.28,36989
1637784000,1785.18,1789.44,1782.42,1788.55,15079
1637798400,1788.82,1793.16,1785.97,1791.77,10334
1637812800,1791.79,1794.2,1791.36,1792.77,8969
1637827200,1792.79,1795.01,1791.89,1792.94,13681
1637841600,1792.93,1792.99,1789.23,1791.06,11497
1637856000,1791.04,1792.03,1787.77,1788.58,10495
1637884800,1788.97,1794.21,1788.97,1792.27,10868
1637899200,1792.28,1799.21,1791.69,1797.3,13493
1637913600,1797.34,1809.76,1797.31,1809.63,27513
1637928000,1809.66,1815.46,1798.85,1805.49,25435
1637942400,1805.49,1807.96,1780.16,1785.49,34361
1637956800,1785.57,1786.25,1783.83,1784.1,178
1638144000,1789.92,1795.88,1773.57,1795.12,16118
1638158400,1795.1,1796.44,1791.01,1795.72,16135
1638172800,1795.7,1799.32,1791.91,1799.16,25648
1638187200,1799.14,1799.29,1786.75,1786.82,25137
1638201600,1786.81,1789.82,1782.37,1784.03,34548
1638216000,1783.99,1785.65,1781.06,1784.89,15931
1638230400,1784.12,1788.98,1783.02,1788.41,11244
1638244800,1788.47,1795.85,1787.69,1795.77,16398
1638259200,1795.75,1798.47,1789.89,1796.9,29161
1638273600,1796.87,1797.74,1789.04,1795.61,25575
1638288000,1795.59,1808.64,1769.76,1774.24,46656
1638302400,1774.26,1777.62,1770.72,1774.4,22167
1638316800,1774.92,1778.37,1772.14,1775.19,14673
1638331200,1775.15,1794.17,1774.96,1790.5,14174
1638345600,1790.46,1791.93,1776.53,1782.77,25750
1638360000,1782.73,1790.35,1781.83,1787.98,18579
1638374400,1788.01,1792.08,1781.27,1784.05,31555
1638388800,1784.01,1784.08,1777.2,1781.78,19285
1638403200,1780.97,1783.19,1779.5,1780.02,9939
1638417600,1780.03,1781.76,1775.01,1775.94,11587
1638432000,1775.92,1778.83,1767.46,1773.01,17023
1638446400,1773.02,1781.13,1772.5,1774.33,20514
1638460800,1774.29,1778.85,1762.26,1763.27,34399
1638475200,1763.27,1769.09,1761.71,1768.18,11912
1638489600,1767.77,1771.77,1767.47,1770.47,9008
1638504000,1770.46,1776.4,1769.72,1775.97,10486
1638518400,1775.97,1776.01,1765.97,1768.84,14469
1638532800,1768.85,1778.44,1766.3,1770.01,19788
1638547200,1770.01,1782.24,1766.0,1780.32,35940
1638561600,1780.3,1785.98,1779.37,1783.72,15170
1638748800,1786.24,1786.51,1780.51,1785.93,7855
1638763200,1786.0,1787.6,1780.84,1783.18,7458
1638777600,1783.13,1785.89,1777.62,1779.57,10271
1638792000,1779.63,1782.84,1776.39,1779.03,10189
1638806400,1778.6,1784.85,1775.58,1780.72,15596
1638820800,1780.65,1781.03,1777.63,1778.2,6083
1638835200,1777.72,1781.81,1777.72,1778.9,3927
1638849600,1778.92,1781.25,1776.67,1780.88,4849
1638864000,1780.83,1784.41,1777.26,1781.05,8890
1638878400,1781.07,1784.58,1772.0,1775.15,10176
1638892800,1775.14,1787.84,1773.54,1782.9,14301
1638907200,1782.93,1786.3,1782.08,1783.96,7010
1638921600,1783.62,1787.21,1783.42,1786.59,4945
1638936000,1786.62,1790.72,1786.59,1790.59,5766
1638950400,1790.59,1791.51,1785.68,1789.56,9052
1638964800,1789.55,1793.0,1781.36,1783.09,15431
1638979200,1783.21,1784.91,1779.44,1784.21,13012
1638993600,1784.22,1786.72,1782.16,1782.34,8814
1639008000,1782.52,1785.25,1782.12,1784.16,5110
1639022400,1784.16,1786.85,1782.01,1785.53,6934
1639036800,1785.53,1787.48,1781.77,1782.74,7327
1639051200,1782.76,1784.01,1773.44,1777.58,12497
1639065600,1777.49,1783.03,1773.76,1776.82,14610
1639080000,1776.82,1778.17,1772.54,1774.98,8859
1639094400,1775.22,1778.89,1774.92,1778.11,5363
1639108800,1778.08,1779.46,1776.78,1776.91,6693
1639123200,1776.91,1777.3,1769.93,1770.67,8979
1639137600,1770.66,1785.25,1770.24,1783.81,11838
1639152000,1784.18,1789.39,1778.57,1783.31,17505
1639166400,1783.31,1784.89,1781.24,1782.66,7634
1639353600,1783.34,1786.75,1781.17,1786.67,5079
1639368000,1786.67,1788.65,1784.31,1784.74,4666
1639382400,1784.74,1787.71,1783.2,1785.24,7448
1639396800,1785.24,1791.65,1781.95,1783.04,10076
1639411200,1782.93,1790.01,1781.65,1788.18,11326
1639425600,1788.18,1788.64,1786.17,1786.81,5854
1639440000,1786.12,1788.72,1783.97,1788.25,5203
1639454400,1788.24,1789.42,1785.23,1787.16,5091
1639468800,1787.12,1788.29,1781.82,1783.66,6639
1639483200,1783.62,1785.56,1771.41,1772.09,11293
1639497600,1772.09,1778.14,1766.1,1772.38,17355
1639512000,1772.37,1773.05,1770.06,1770.21,6605
1639526400,1770.52,1773.77,1770.47,1772.6,4892
1639540800,1772.56,1772.87,1767.23,1769.19,4536
1639555200,1769.18,1771.26,1766.16,1769.42,9794
1639569600,1769.46,1773.55,1767.54,1771.84,13800
1639584000,1771.83,1772.36,1764.21,1765.49,20039
1639598400,1765.5,1780.74,1752.42,1777.01,27667
1639612800,1775.62,1782.61,1775.4,1782.54,10030
1639627200,1782.6,1784.06,1780.79,1783.49,8628
1639641600,1783.47,1786.94,1783.33,1785.43,14641
1639656000,1785.41,1789.92,1782.04,1788.94,20226
1639670400,1788.92,1798.77,1786.85,1797.09,26722
1639684800,1797.11,1799.29,1794.86,1798.78,10986
1639699200,1799.32,1802.64,1797.14,1802.14,7699
1639713600,1802.11,1805.3,1801.38,1804.89,12036
1639728000,1804.83,1809.81,1804.53,1806.54,14695
1639742400,1806.56,1814.1,1804.49,1806.6,15663
1639756800,1806.6,1809.59,1802.19,1804.64,18581
1639771200,1804.62,1804.8,1795.68,1797.72,9546
1639958400,1799.42,1802.35,1797.6,1800.87,9263
1639972800,1800.88,1803.57,1800.03,1802.77,8968
1639987200,1802.77,1804.01,1797.24,1799.51,14388
1640001600,1799.51,1800.04,1794.04,1796.15,15024
1640016000,1796.14,1798.07,1791.58,1794.72,22734
1640030400,1794.7,1795.17,1788.19,1790.21,10201
1640044800,1789.82,1792.19,1789.15,1790.02,7723
1640059200,1790.0,1793.35,1789.56,1792.57,7737
1640073600,1792.56,1798.11,1788.7,1797.85,14860
1640088000,1797.85,1800.4,1795.36,1797.84,13309
1640102400,1797.75,1798.23,1784.74,1787.27,21381
1640116800,1787.41,1789.48,1786.46,1788.58,7929
1640131200,1788.42,1791.13,1788.19,1789.4,6197
1640145600,1789.47,1790.59,1787.2,1787.55,6601
1640160000,1787.58,1789.68,1785.73,1788.29,10960
1640174400,1788.31,1794.62,1788.22,1794.42,13216
1640188800,1794.42,1799.75,1788.76,1799.41,17953
1640203200,1799.35,1804.92,1799.14,1803.48,8108
1640217600,1803.82,1807.03,1800.1,1806.96,6038
1640232000,1807.02,1808.31,1804.91,1806.02,7158
1640246400,1806.12,1807.93,1804.67,1806.82,10178
1640260800,1806.81,1809.92,1803.19,1807.15,12409
1640275200,1807.15,1808.84,1798.75,1808.21,17109
1640289600,1808.2,1810.5,1807.28,1807.69,5283
1640563200,1805.94,1811.75,1805.89,1810.66,5547
1640577600,1810.64,1811.2,1808.48,1809.45,6667
1640592000,1809.43,1809.96,1804.93,1806.37,8138
1640606400,1806.36,1809.07,1802.8,1808.45,9995
1640620800,1808.4,1813.31,1807.11,1808.06,16128
1640635200,1808.02,1812.53,1806.55,1811.68,7192
1640649600,1811.12,1812.44,1809.42,1810.04,4491
1640664000,1810.02,1813.44,1808.39,1812.81,4997
1640678400,1812.79,1815.93,1812.4,1815.21,9213
1640692800,1815.14,1820.09,1814.93,1817.73,10321
1640707200,1817.72,1818.3,1809.17,1810.17,17267
1640721600,1810.17,1811.22,1804.87,1806.04,8686
1640736000,1805.42,1806.99,1803.93,1805.69,5941
1640750400,1805.67,1807.5,1804.75,1806.54,5801
1640764800,1806.54,1807.27,1802.01,1802.57,9033
1640779200,1802.59,1802.6,1789.28,1789.77,17037
1640793600,1789.82,1804.56,1789.49,1803.91,19953
1640808000,1803.94,1805.45,1802.09,1803.81,7218
1640822400,1803.92,1805.43,1801.1,1803.21,5828
1640836800,1803.19,1803.44,1798.16,1798.41,6503
1640851200,1798.43,1802.07,1796.08,1799.95,10447
1640865600,1799.89,1804.62,1798.58,1802.72,11153
1640880000,1802.73,1814.0,1800.74,1813.36,17696
1640894400,1813.36,1817.02,1812.64,1814.73,6522
1640908800,1815.32,1818.84,1814.07,1816.4,5369
1640923200,1816.43,1819.08,1814.5,1818.47,6010
1640937600,1818.49,1820.07,1814.99,1817.95,7920
1640952000,1817.96,1827.33,1817.8,1824.17,9906
1640966400,1824.19,1827.18,1820.17,1826.35,19600
1640980800,1826.42,1826.54,1825.88,1825.91,119
1641168000,1828.42,1831.58,1826.88,1828.71,6638
1641182400,1828.68,1828.75,1823.56,1825.35,5758
1641196800,1825.3,1826.55,1820.96,1826.25,10675
1641211200,1826.24,1827.36,1805.56,1806.96,17351
1641225600,1806.86,1810.7,1798.18,1799.54,26020
1641240000,1799.5,1804.45,1798.94,1801.1,8384
1641254400,1800.42,1806.62,1800.22,1804.97,8662
1641268800,1805.02,1806.93,1803.03,1805.24,9992
1641283200,1805.26,1807.3,1801.78,1805.58,13649
1641297600,1805.62,1808.45,1798.38,1807.09,18484
1641312000,1807.1,1816.58,1806.17,1813.44,25112
1641326400,1813.48,1815.29,1813.28,1814.27,8143
1641340800,1813.82,1815.22,1812.63,1815.1,5044
1641355200,1815.08,1816.36,1814.02,1815.67,7356
1641369600,1815.63,1820.05,1812.4,1817.55,11636
1641384000,1817.53,1827.76,1814.81,1825.42,17921
1641398400,1825.4,1829.49,1820.32,1822.71,25183
1641412800,1822.71,1824.82,1808.15,1810.54,26034
1641427200,1808.58,1812.07,1806.96,1810.09,9133
1641441600,1810.11,1810.11,1802.86,1802.86,13438
1641456000,1802.85,1803.71,1793.54,1794.74,23541
1641470400,1794.74,1807.08,1786.71,1788.34,31760
1641484800,1788.32,1795.45,1786.96,1790.92,39508
1641499200,1790.9,1791.37,1786.22,1789.52,11848
1641513600,1790.42,1792.48,1789.62,1790.58,7210
1641528000,1790.58,1793.07,1789.68,1790.58,7501
1641542400,1790.56,1793.75,1787.63,1792.96,13723
1641556800,1792.97,1796.05,1782.41,1789.1,26475
1641571200,1789.08,1796.59,1786.37,1795.85,37033
1641585600,1795.85,1798.52,1794.16,1796.12,11097
1641772800,1794.13,1796.54,1792.12,1794.87,9349
1641787200,1794.84,1796.07,1791.3,1792.94,9375
1641801600,1792.98,1797.81,1791.2,1796.69,16120
1641816000,1796.73,1802.21,1791.26,1792.84,23816
1641830400,1792.87,1799.97,1790.2,1799.22,27687
1641844800,1799.22,1801.75,1798.24,1801.51,11349
1641859200,1800.26,1805.8,1799.87,1804.75,8208
1641873600,1804.73,1808.54,1804.19,1808.32,8293
1641888000,1808.28,1810.09,1805.99,1806.69,17813
1641902400,1806.7,1808.89,1804.15,1805.43,16041
1641916800,1805.43,1817.67,1801.6,1817.42,31727
1641931200,1817.39,1823.12,1817.12,1821.19,10976
1641945600,1820.78,1822.45,1818.31,1818.9,8937
1641960000,1818.91,1821.38,1817.66,1820.37,8282
1641974400,1820.38,1821.29,1814.59,1816.12,13993
1641988800,1816.09,1825.27,1815.89,1821.12,23309
1642003200,1821.1,1826.89,1818.78,1826.02,27687
1642017600,1825.99,1827.96,1825.46,1825.97,9904
1642032000,1825.62,1826.49,1824.0,1825.23,7604
1642046400,1825.22,1828.07,1823.92,1825.81,8026
1642060800,1825.82,1827.48,1818.91,1822.59,18491
1642075200,1822.65,1825.85,1819.02,1821.83,22218
1642089600,1821.86,1823.68,1812.22,1820.45,43036
1642104000,1820.44,1822.71,1819.39,1822.59,10512
1642118400,1821.82,1824.41,1819.49,1822.2,10620
1642132800,1822.26,1827.98,1822.16,1827.65,12499
1642147200,1827.64,1829.04,1821.46,1823.43,19822
1642161600,1823.41,1827.55,1819.45,1825.36,27462
1642176000,1825.33,1826.63,1815.03,1815.73,45052
1642190400,1815.7,1818.84,1814.55,1817.46,15934
1642377600,1816.52,1818.48,1813.03,1815.98,11726
1642392000,1816.01,1820.45,1815.88,1819.44,9210
1642406400,1819.44,1823.09,1818.57,1821.46,11202
1642420800,1821.45,1821.83,1819.09,1820.88,13568
1642435200,1820.85,1821.38,1817.49,1819.42,12646
1642464000,1817.62,1822.27,1816.42,1822.01,8996
1642478400,1822.01,1822.63,1815.17,1816.07,20037
1642492800,1816.07,1817.84,1809.01,1810.3,30901
1642507200,1810.3,1819.74,1805.62,1819.51,32844
1642521600,1819.65,1819.96,1810.49,1812.01,46945
1642536000,1812.02,1815.71,1810.45,1813.63,16244
1642550400,1812.34,1815.05,1810.98,1812.2,12740
1642564800,1812.19,1814.11,1810.08,1813.39,16279
1642579200,1813.39,1817.15,1811.08,1816.81,25560
1642593600,1816.81,1825.42,1816.09,1823.9,25680
1642608000,1823.93,1842.53,1822.39,1840.23,46208
1642622400,1840.22,1843.16,1839.48,1840.51,20526
1642636800,1839.64,1844.02,1837.92,1841.25,16302
1642651200,1841.23,1842.61,1838.36,1839.21,18702
1642665600,1839.2,1841.97,1836.84,1838.34,24574
1642680000,1838.34,1846.82,1835.84,1846.31,25697
1642694400,1846.31,1847.82,1838.46,1842.24,44236
1642708800,1842.25,1842.42,1837.2,1839.49,21587
1642723200,1838.72,1839.75,1836.26,1838.3,17432
1642737600,1838.27,1841.9,1837.67,1841.28,17330
1642752000,1841.25,1842.67,1828.35,1833.93,28025
1642766400,1833.92,1841.89,1830.97,1841.17,27914
1642780800,1841.18,1843.07,1831.07,1832.68,57829
1642795200,1832.53,1833.99,1828.43,1833.87,25460
1642982400,1834.24,1836.94,1831.28,1836.0,13637
1642996800,1835.99,1839.5,1835.21,1838.67,12393
1643011200,1838.67,1844.2,1836.35,1841.03,23258
1643025600,1841.06,1842.9,1834.52,1835.23,31117
1643040000,1835.24,1841.03,1829.57,1838.37,50591
1643054400,1838.36,1843.94,1837.62,1842.95,26262
1643068800,1842.01,1843.47,1839.85,1840.03,11852
1643083200,1840.01,1842.97,1839.31,1841.58,14764
1643097600,1841.54,1843.19,1836.82,1837.94,24971
1643112000,1837.92,1842.96,1834.72,1842.55,25043
1643126400,1842.56,1852.72,1839.25,1849.62,47009
1643140800,1849.63,1853.7,1846.88,1847.6,19889
1643155200,1846.88,1849.96,1846.4,1847.77,8520
1643169600,1847.78,1848.81,1846.51,1847.53,9555
1643184000,1847.51,1848.58,1843.67,1846.73,17062
1643198400,1846.72,1847.93,1842.54,1843.97,22912
1643212800,1843.98,1844.06,1828.86,1830.14,44692
1643227200,1830.07,1833.27,1814.78,1818.65,52306
1643241600,1818.17,1821.97,1815.12,1815.52,14715
1643256000,1815.54,1817.9,1812.13,1812.6,20824
1643270400,1812.57,1816.59,1809.41,1815.92,26689
1643284800,1815.91,1816.78,1797.84,1799.79,35449
1643299200,1799.79,1810.35,1791.66,1792.42,50513
1643313600,1792.4,1796.8,1791.68,1796.44,18994
1643328000,1796.97,1799.25,1794.91,1798.52,13909
1643342400,1798.5,1799.28,1796.94,1797.25,18909
1643356800,1797.27,1798.57,1789.79,1791.24,26482
1643371200,1791.22,1792.46,1780.19,1786.23,40413
1643385600,1786.22,1792.87,1780.54,1783.9,52851
1643400000,1783.92,1791.58,1783.92,1791.32,18916
1643587200,1791.78,1791.78,1786.16,1790.1,10648
1643601600,1790.08,1790.08,1785.43,1789.1,11364
1643616000,1789.08,1792.4,1785.87,1789.41,18376
1643630400,1789.4,1798.13,1788.28,1797.56,26817
1643644800,1797.55,1799.56,1792.99,1796.83,40362
1643659200,1796.83,1799.71,1794.86,1796.72,19385
1643673600,1796.12,1799.25,1796.12,1797.32,7904
1643688000,1797.35,1803.34,1795.64,1802.59,12001
1643702400,1802.58,1806.6,1801.03,1805.31,19058
1643716800,1805.3,1808.63,1802.09,1804.15,18839
1643731200,1804.15,1807.8,1797.65,1802.61,39717
1643745600,1802.6,1802.92,1798.42,1800.68,12996
1643760000,1799.92,1801.52,1799.37,1800.34,4475
1643774400,1800.3,1800.56,1797.02,1798.38,5113
1643788800,1798.43,1802.26,1794.23,1802.06,13182
1643803200,1802.08,1807.88,1800.97,1800.97,19006
1643817600,1801.04,1810.69,1800.43,1809.99,32283
1643832000,1809.97,1810.51,1804.97,1806.78,11098
1643846400,1805.82,1808.49,1805.82,1808.49,4290
1643860800,1808.51,1808.86,1805.35,1806.62,6359
1643875200,1806.59,1806.74,1802.52,1803.18,10465
1643889600,1803.19,1805.05,1799.86,1802.46,26041
1643904000,1802.51,1807.53,1788.5,1803.95,50635
1643918400,1803.95,1806.56,1803.05,1804.71,11947
1643932800,1804.22,1807.25,1804.22,1807.11,5451
1643947200,1807.2,1807.87,1805.71,1806.42,6177
1643961600,1806.44,1811.79,1805.66,1810.84,18588
1643976000,1810.86,1814.75,1794.79,1795.32,29350
1643990400,1795.3,1810.19,1792.03,1806.22,45119
1644004800,1806.2,1808.46,1805.74,1807.62,9256
1644192000,1806.62,1815.19,1805.78,1810.29,13950
1644206400,1810.29,1811.03,1809.13,1810.21,9612
1644220800,1810.19,1814.11,1808.53,1812.28,16902
1644235200,1812.29,1817.06,1810.19,1813.84,18707
1644249600,1813.84,1820.07,1811.71,1819.86,26708
1644264000,1819.86,1823.47,1819.5,1820.39,9609
1644278400,1820.12,1822.17,1820.02,1821.92,6711
1644292800,1821.9,1823.15,1818.79,1820.18,9824
1644307200,1820.18,1820.85,1815.24,1819.75,16572
1644321600,1819.74,1824.6,1817.16,1823.91,18520
1644336000,1823.93,1828.2,1819.97,1827.32,23470
1644350400,1827.31,1828.66,1825.47,1825.88,7980
1644364800,1825.52,1826.69,1824.93,1826.65,4964
1644379200,1826.66,1829.01,1826.25,1827.35,7058
1644393600,1827.34,1828.18,1825.64,1827.59,11396
1644408000,1827.63,1832.43,1825.56,1825.87,17786
1644422400,1825.84,1835.69,1824.56,1833.92,24065
1644436800,1833.9,1835.59,1831.05,1832.76,8924
1644451200,1832.34,1834.32,1831.4,1833.67,5332
1644465600,1833.68,1834.65,1833.3,1834.31,5810
1644480000,1834.29,1835.93,1830.28,1832.4,14645
1644494400,1832.42,1837.1,1821.38,1830.28,24398
1644508800,1830.39,1841.82,1825.21,1835.09,50619
1644523200,1835.11,1837.54,1825.48,1826.66,29992
1644537600,1825.42,1827.86,1823.62,1825.57,10942
1644552000,1825.59,1826.78,1822.98,1824.4,9666
1644566400,1824.43,1827.48,1820.69,1825.87,17950
1644580800,1825.89,1833.19,1824.8,1827.22,18318
1644595200,1827.21,1840.77,1827.07,1840.42,30482
1644609600,1840.42,1865.22,1839.27,1858.88,52503
1644796800,1858.94,1862.0,1854.48,1859.48,17553
1644811200,1859.46,1859.54,1851.37,1854.51,14333
1644825600,1854.51,1858.3,1850.68,1857.2,25083
1644840000,1857.24,1862.75,1851.12,1861.33,31384
1644854400,1861.36,1870.86,1859.89,1864.5,40422
1644868800,1864.49,1873.96,1863.79,1871.53,24910
1644883200,1870.52,1872.11,1870.02,1870.95,7331
1644897600,1870.94,1879.3,1870.35,1877.75,12246
1644912000,1877.73,1879.36,1852.25,1857.57,25143
1644926400,1857.53,1857.62,1844.38,1850.2,27538
1644940800,1850.22,1857.05,1846.3,1852.81,30675
1644955200,1852.81,1856.39,1851.3,1853.12,9427
1644969600,1853.02,1854.52,1850.21,1852.36,6432
1644984000,1852.33,1854.64,1851.32,1854.19,8305
1644998400,1854.18,1858.85,1853.14,1858.37,14624
1645012800,1858.37,1859.48,1851.28,1858.6,20771
1645027200,1858.6,1869.88,1857.42,1868.94,30148
1645041600,1868.9,1872.47,1865.07,1868.9,23485
1645056000,1869.62,1871.65,1868.19,1870.02,9223
1645070400,1870.04,1876.17,1867.67,1874.9,23156
1645084800,1874.88,1893.12,1872.69,1888.28,33727
1645099200,1888.25,1897.58,1882.66,1895.7,27776
1645113600,1895.73,1900.01,1885.79,1897.59,46434
1645128000,1897.58,1900.98,1896.5,1898.07,15389
1645142400,1898.42,1902.35,1888.2,1890.21,13889
1645156800,1890.21,1893.25,1888.43,1891.73,13233
1645171200,1891.73,1895.72,1889.75,1894.59,19277
1645185600,1894.57,1899.87,1886.48,1896.35,26340
1645200000,1896.34,1898.44,1890.25,1896.74,34287
1645214400,1896.73,1899.37,1893.5,1896.94,13379
1645401600,1900.32,1908.11,1891.5,1895.48,18455
1645416000,1895.5,1898.9,1888.94,1891.46,13367
1645430400,1891.44,1898.24,1887.39,1896.23,16446
1645444800,1896.24,1898.54,1892.24,1895.76,20021
1645459200,1895.66,1897.0,1892.33,1896.28,15129
1645488000,1907.32,1913.97,1904.83,1909.21,22260
1645502400,1909.19,1910.25,1906.2,1909.97,15238
1645516800,1909.95,1913.24,1895.69,1900.47,33884
1645531200,1900.47,1905.81,1891.27,1902.05,37637
1645545600,1902.12,1907.06,1893.75,1903.32,40155
1645560000,1903.3,1905.58,1897.54,1898.34,19929
1645574400,1898.02,1901.17,1897.63,1898.16,6646
1645588800,1898.14,1900.19,1894.46,1896.13,9731
1645603200,1896.16,1898.36,1889.45,1893.3,22138
1645617600,1893.26,1904.38,1892.61,1901.1,21687
1645632000,1901.1,1910.37,1899.52,1908.19,34588
1645646400,1908.16,1910.19,1904.48,1907.96,17308
1645660800,1907.42,1913.99,1907.42,1913.32,13661
1645675200,1913.31,1948.96,1912.52,1940.27,43951
1645689600,1940.29,1954.14,1935.57,1953.32,46930
1645704000,1953.32,1974.13,1950.24,1959.14,45443
1645718400,1959.1,1962.96,1913.28,1923.51,54994
1645732800,1923.52,1926.79,1877.72,1903.63,38377
1645747200,1903.52,1921.39,1903.22,1909.29,20326
1645761600,1909.27,1916.85,1907.84,1916.17,17118
1645776000,1916.17,1921.0,1908.34,1910.57,28053
1645790400,1910.58,1913.79,1886.04,1887.33,43242
1645804800,1887.18,1893.5,1882.74,1887.27,52612
1645819200,1887.29,1892.73,1885.61,1887.72,20091
1646006400,1918.52,1930.67,1903.96,1913.14,25560
1646020800,1913.11,1913.32,1904.38,1907.97,18195
1646035200,1907.97,1909.85,1893.03,1899.48,28909
1646049600,1899.45,1918.14,1898.69,1917.08,29107
1646064000,1917.08,1917.17,1890.67,1899.08,54799
1646078400,1899.09,1910.79,1896.9,1908.05,24460
1646092800,1906.54,1908.67,1902.5,1902.79,8843
1646107200,1902.77,1907.49,1901.27,1907.0,10534
1646121600,1906.97,1918.47,1904.53,1916.1,20729
1646136000,1916.11,1926.19,1910.93,1916.64,42552
1646150400,1916.55,1935.28,1915.98,1934.67,56766
1646164800,1934.67,1950.01,1934.23,1945.04,32542
1646179200,1942.22,1945.04,1930.85,1935.54,14805
1646193600,1935.57,1940.49,1933.15,1934.52,18641
1646208000,1934.65,1947.76,1931.24,1932.85,36514
1646222400,1932.83,1935.38,1913.43,1931.73,32704
1646236800,1931.73,1935.4,1914.69,1918.46,50309
1646251200,1918.37,1933.13,1917.1,1927.47,17749
1646265600,1928.42,1930.58,1926.05,1930.47,10669
1646280000,1930.47,1930.68,1921.82,1925.06,14464
1646294400,1925.09,1934.95,1923.49,1929.0,24138
1646308800,1928.98,1938.61,1924.22,1926.01,28832
1646323200,1925.99,1932.45,1923.11,1931.75,46528
1646337600,1931.78,1941.12,1931.1,1936.33,19292
1646352000,1933.92,1950.81,1929.44,1933.76,23634
1646366400,1933.73,1941.1,1933.45,1935.36,18449
1646380800,1935.41,1946.01,1933.86,1945.62,22700
1646395200,1945.69,1949.85,1939.71,1946.77,32812
1646409600,1946.8,1965.56,1942.38,1961.92,47977
1646424000,1961.93,1970.17,1960.64,1969.52,24225
1646611200,1974.58,2000.78,1971.92,1997.69,32103
1646625600,1997.71,1998.15,1983.14,1983.47,28514
1646640000,1983.51,2001.29,1975.98,1997.81,40398
1646654400,1997.8,2002.39,1960.89,1978.96,51018
1646668800,1978.98,1991.46,1967.6,1984.02,54101
1646683200,1984.0,1999.73,1983.41,1996.99,31752
1646697600,1996.42,1999.93,1980.86,1984.88,16762
1646712000,1984.81,1994.1,1984.48,1993.82,17186
1646726400,1993.83,2020.87,1993.15,2006.07,48150
1646740800,2006.05,2020.37,2002.69,2014.87,40846
1646755200,2014.86,2070.41,2013.7,2029.72,99110
1646769600,2029.72,2053.99,2021.93,2050.04,51945
1646784000,2050.02,2051.42,2035.02,2041.75,22163
1646798400,2041.84,2058.94,2040.22,2047.84,31530
1646812800,2047.86,2052.14,2014.5,2017.73,42068
1646827200,2017.71,2021.37,1984.78,1989.63,48806
1646841600,1989.63,2005.39,1975.83,1985.43,65616
1646856000,1985.43,1998.84,1979.41,1992.24,34450
1646870400,1987.52,1993.03,1970.37,1974.59,18334
1646884800,1974.53,1984.02,1970.78,1980.76,18275
1646899200,1980.68,1988.98,1974.18,1985.56,33049
1646913600,1985.61,2009.03,1983.45,1996.23,42047
1646928000,1996.23,2006.82,1981.53,2003.7,55682
1646942400,2003.7,2005.89,1993.2,1995.83,24626
1646956800,1994.42,1998.94,1988.06,1992.27,9736
1646971200,1992.29,1996.29,1980.65,1983.46,11773
1646985600,1983.46,1994.76,1981.18,1989.47,16037
1647000000,1989.51,1993.67,1958.42,1961.91,33836
1647014400,1961.95,1989.8,1959.41,1986.6,37585
1647028800,1986.6,1987.86,1980.13,1984.82,16728
1647216000,1979.88,1983.72,1969.76,1974.12,12770
1647230400,1974.12,1977.87,1970.99,1973.3,9408
1647244800,1973.27,1978.39,1959.55,1963.54,21203
1647259200,1963.56,1967.77,1949.58,1958.75,35551
1647273600,1958.72,1961.8,1952.2,1957.72,36951
1647288000,1957.72,1958.16,1950.41,1951.21,14523
1647302400,1952.65,1954.44,1939.47,1940.98,12936
1647316800,1940.99,1945.39,1925.62,1925.94,17642
1647331200,1925.94,1935.29,1924.73,1931.58,25243
1647345600,1931.6,1933.39,1913.69,1922.73,39805
1647360000,1922.71,1930.87,1906.82,1924.23,45630
1647374400,1924.32,1927.67,1913.69,1917.2,16148
1647388800,1920.1,1924.72,1915.0,1920.04,9964
1647403200,1920.0,1923.26,1915.15,1919.45,13172
1647417600,1919.45,1923.4,1911.41,1921.59,20589
1647432000,1921.59,1926.94,1912.59,1915.47,31941
1647446400,1915.47,1919.72,1903.75,1907.54,42265
1647460800,1907.54,1929.39,1894.93,1924.74,36539
1647475200,1925.78,1933.8,1923.12,1933.58,14397
1647489600,1933.58,1938.13,1932.27,1934.24,15200
1647504000,1934.21,1943.1,1929.93,1941.41,22198
1647518400,1941.39,1946.84,1935.28,1944.85,35626
1647532800,1944.87,1949.59,1940.52,1942.24,35274
1647547200,1942.23,1942.53,1935.29,1942.28,12826
1647561600,1942.35,1945.16,1936.62,1936.67,10073
1647576000,1936.73,1939.18,1926.58,1933.28,13920
1647590400,1933.3,1937.04,1929.76,1933.33,16775
1647604800,1933.31,1940.68,1921.58,1933.31,30636
1647619200,1933.31,1938.13,1926.07,1929.27,29805
1647633600,1929.26,1929.9,1917.79,1920.51,12497
1647820800,1924.85,1928.55,1918.06,1928.01,10936
1647835200,1928.01,1928.76,1924.6,1925.27,9602
1647849600,1925.24,1927.17,1921.79,1925.36,12970
1647864000,1925.35,1930.44,1917.68,1929.62,22787
1647878400,1929.74,1937.38,1926.86,1931.78,33145
1647892800,1931.79,1941.21,1931.06,1934.58,11659
1647907200,1936.21,1936.98,1929.17,1932.69,11055
1647921600,1932.7,1938.17,1931.77,1936.68,11191
1647936000,1936.68,1938.15,1922.59,1925.03,20612
1647950400,1924.89,1930.77,1919.56,1923.3,26489
1647964800,1923.31,1923.76,1910.45,1920.27,29947
1647979200,1920.3,1924.68,1919.94,1921.25,8570
1647993600,1921.24,1921.81,1915.4,1920.14,8802
1648008000,1920.15,1924.3,1919.63,1921.4,8659
1648022400,1921.39,1931.1,1916.77,1929.18,13035
1648036800,1929.21,1935.55,1924.76,1935.07,24235
1648051200,1935.06,1937.67,1925.67,1936.49,24918
1648065600,1936.53,1948.22,1936.48,1944.69,11250
1648080000,1944.6,1948.44,1941.18,1941.87,10581
1648094400,1941.92,1943.27,1937.57,1938.07,8697
1648108800,1938.07,1945.75,1937.21,1940.56,16180
1648123200,1940.56,1957.52,1940.41,1953.26,31735
1648137600,1953.26,1966.06,1950.72,1964.83,32160
1648152000,1964.83,1965.62,1956.04,1956.88,7210
1648166400,1958.91,1963.05,1957.6,1960.21,11370
1648180800,1960.27,1964.2,1956.43,1958.57,12842
1648195200,1958.57,1960.51,1952.99,1955.92,14990
1648209600,1955.94,1958.65,1942.98,1948.59,28546
1648224000,1948.57,1961.64,1948.1,1953.21,30762
1648238400,1953.23,1957.12,1951.62,1957.12,9543
1648425600,1956.32,1958.48,1953.5,1957.48,5716
1648440000,1957.46,1957.46,1941.51,1943.11,19943
1648454400,1943.06,1943.06,1926.93,1927.27,27021
1648468800,1927.25,1945.42,1925.09,1938.2,31409
1648483200,1938.14,1942.47,1930.0,1938.26,33336
1648497600,1938.27,1939.97,1916.87,1921.75,16826
1648512000,1920.12,1924.84,1920.12,1922.31,8604
1648526400,1922.31,1929.24,1921.08,1922.29,16242
1648540800,1922.34,1925.06,1909.91,1913.52,18444
1648555200,1913.49,1916.08,1889.94,1896.97,34765
1648569600,1896.97,1917.63,1892.59,1915.17,38049
1648584000,1915.16,1921.3,1912.68,1919.22,11077
1648598400,1918.42,1921.02,1915.8,1919.13,7266
1648612800,1919.13,1927.13,1918.51,1925.77,17371
1648627200,1925.77,1928.2,1919.08,1919.18,23837
1648641600,1919.18,1932.15,1917.07,1927.1,20104
1648656000,1927.1,1938.38,1922.28,1932.01,28788
1648670400,1931.98,1935.8,1930.41,1932.93,10321
1648684800,1932.12,1934.05,1928.2,1931.58,8229
1648699200,1931.58,1932.07,1920.07,1921.14,15883
1648713600,1921.05,1933.7,1918.94,1925.08,23790
1648728000,1925.02,1935.71,1922.46,1933.96,18957
1648742400,1933.88,1944.91,1932.18,1944.29,27229
1648756800,1944.23,1949.61,1934.8,1936.81,16222
1648771200,1936.12,1937.52,1932.35,1934.05,6835
1648785600,1933.99,1939.41,1933.35,1937.47,13724
1648800000,1937.5,1939.04,1929.25,1932.0,19506
1648814400,1931.96,1936.28,1924.11,1927.22,25214
1648828800,1927.18,1933.56,1918.57,1922.81,40994
1648843200,1922.79,1925.93,1917.84,1924.11,16230
1649030400,1923.88,1926.76,1921.29,1925.56,3576
1649044800,1925.56,1925.56,1915.28,1917.46,8130
1649059200,1917.44,1932.89,1916.92,1931.06,15237
1649073600,1931.04,1935.83,1925.48,1931.51,17418
1649088000,1931.49,1936.76,1924.2,1931.48,27479
1649102400,1931.45,1933.23,1928.66,1932.63,10645
1649116800,1932.58,1933.57,1930.71,1931.86,3259
1649131200,1931.86,1932.44,1926.29,1928.39,7886
1649145600,1928.32,1933.42,1925.33,1931.54,12999
1649160000,1931.58,1935.17,1923.94,1935.1,17770
1649174400,1935.01,1944.47,1917.78,1923.35,30488
1649188800,1923.34,1925.49,1919.25,1923.48,13531
1649203200,1923.62,1924.12,1917.51,1919.57,6292
1649217600,1919.53,1925.18,1916.51,1921.57,13301
1649232000,1921.57,1926.34,1914.17,1926.07,18310
1649246400,1926.11,1933.42,1918.12,1926.51,22670
1649260800,1926.49,1931.74,1923.32,1924.83,29087
1649275200,1924.85,1929.49,1915.35,1925.45,23884
1649289600,1923.58,1927.26,1922.12,1925.3,7333
1649304000,1925.33,1926.02,1920.39,1921.63,13002
1649318400,1921.66,1928.26,1920.6,1925.97,18298
1649332800,1925.93,1934.04,1923.37,1927.55,22608
1649347200,1927.49,1937.66,1926.5,1934.1,29517
1649361600,1934.13,1936.78,1929.46,1931.15,13116
1649376000,1931.22,1935.02,1930.15,1932.95,6241
1649390400,1933.0,1935.39,1927.78,1928.19,10647
1649404800,1928.18,1933.24,1927.6,1931.42,17369
1649419200,1931.42,1938.79,1929.02,1931.19,22045
1649433600,1931.15,1948.03,1930.69,1941.27,34314
1649448000,1941.27,1946.25,1938.88,1946.25,11095
1649635200,1946.02,1949.68,1943.07,1945.03,6782
1649649600,1945.03,1947.69,1940.12,1942.0,15188
1649664000,1942.01,1957.97,1939.81,1957.02,24764
1649678400,1956.97,1969.52,1952.78,1963.2,28758
1649692800,1963.22,1964.9,1940.68,1941.28,43048
1649707200,1941.29,1955.72,1940.69,1954.71,13612
1649721600,1952.92,1954.32,1949.62,1952.23,5910
1649736000,1952.21,1960.33,1950.09,1957.76,13798
1649750400,1957.79,1959.84,1950.76,1951.39,22854
1649764800,1951.33,1971.91,1949.55,1970.31,27081
1649779200,1970.32,1978.44,1960.41,1973.91,41830
1649793600,1973.83,1974.99,1964.45,1966.09,21336
1649808000,1966.22,1967.85,1962.68,1963.96,6841
1649822400,1963.98,1972.12,1963.34,1968.09,16247
1649836800,1968.17,1975.53,1965.51,1973.63,26480
1649851200,1973.6,1980.53,1971.69,1977.37,31657
1649865600,1977.44,1981.4,1973.05,1978.87,42313
1649880000,1978.89,1981.36,1974.65,1977.59,13889
1649894400,1977.12,1979.01,1973.44,1974.81,6962
1649908800,1974.78,1980.18,1972.35,1975.47,15357
1649923200,1975.48,1978.27,1970.54,1971.2,20321
1649937600,1971.23,1979.75,1967.0,1972.29,31936
1649952000,1972.26,1977.74,1960.11,1970.97,52319
1649966400,1970.91,1974.93,1969.88,1973.09,13437
1650240000,1973.22,1988.42,1967.94,1987.44,13813
1650254400,1987.45,1988.43,1982.46,1984.76,21908
1650268800,1984.77,1993.01,1983.47,1992.77,18601
1650283200,1992.8,1998.21,1987.67,1994.88,23301
1650297600,1994.89,1996.29,1982.69,1986.41,48115
1650312000,1986.42,1987.46,1976.11,1978.62,26129
1650326400,1977.22,1978.68,1974.73,1975.62,8738
1650340800,1975.6,1978.6,1973.33,1974.57,22832
1650355200,1974.56,1980.99,1972.67,1977.81,31642
1650369600,1977.8,1981.82,1964.55,1967.02,37578
1650384000,1966.95,1968.14,1950.2,1957.32,61097
1650398400,1957.33,1957.63,1943.6,1948.94,23056
1650412800,1949.42,1951.4,1945.92,1946.64,12788
1650427200,1946.71,1949.24,1940.42,1943.17,39202
1650441600,1943.16,1947.05,1939.21,1946.56,36869
1650456000,1946.55,1954.96,1944.48,1949.77,37591
1650470400,1949.79,1954.45,1943.76,1953.22,48511
1650484800,1953.18,1958.14,1950.85,1957.43,24064
1650499200,1957.02,1957.27,1953.21,1955.85,10834
1650513600,1955.87,1956.59,1950.2,1950.92,24908
1650528000,1950.91,1953.96,1943.39,1947.05,34076
1650542400,1947.02,1948.93,1936.57,1947.57,35973
1650556800,1947.6,1949.5,1937.76,1940.38,60274
1650571200,1940.38,1953.86,1940.03,1951.53,27664
1650585600,1950.32,1952.55,1948.33,1950.09,10447
1650600000,1950.1,1953.44,1945.75,1952.06,30882
1650614400,1952.1,1955.55,1943.33,1943.71,41925
1650628800,1943.66,1944.01,1929.42,1936.93,45605
1650643200,1936.9,1946.37,1926.46,1936.38,67695
1650657600,1936.38,1936.65,1930.91,1931.93,26899
1650844800,1929.96,1934.41,1926.22,1927.7,12430
1650859200,1927.71,1927.87,1915.79,1916.32,35301
1650873600,1916.32,1921.11,1912.23,1916.41,50101
1650888000,1916.4,1919.15,1891.35,1894.62,51189
1650902400,1894.5,1904.07,1891.8,1897.58,74738
1650916800,1897.6,1902.46,1894.45,1897.56,35096
1650931200,1897.56,1903.67,1896.64,1900.75,10626
1650945600,1900.73,1905.14,1897.31,1903.86,36280
1650960000,1903.87,1907.41,1895.54,1902.39,40933
1650974400,1902.4,1909.51,1900.34,1901.59,39925
1650988800,1901.52,1911.15,1900.1,1903.08,69992
1651003200,1903.0,1906.35,1896.43,1905.93,30598
1651017600,1904.52,1906.96,1902.94,1903.75,9467
1651032000,1903.76,1904.4,1895.77,1898.05,28637
1651046400,1897.94,1903.28,1885.67,1893.17,38872
1651060800,1893.19,1906.93,1893.19,1896.38,37371
1651075200,1896.39,1897.28,1881.26,1887.46,69800
1651089600,1887.46,1891.44,1884.81,1885.46,29535
1651104000,1885.46,1886.65,1883.1,1883.75,6128
1651118400,1883.75,1884.4,1875.22,1878.26,28413
1651132800,1878.32,1889.95,1871.9,1886.17,38108
1651147200,1886.09,1895.26,1881.8,1885.51,45610
1651161600,1885.5,1892.87,1883.09,1888.5,59097
1651176000,1888.5,1896.59,1887.53,1894.05,22149
1651190400,1894.36,1897.92,1892.44,1897.21,6177
1651204800,1897.2,1905.9,1896.56,1905.73,30104
1651219200,1905.7,1917.75,1905.43,1913.73,48267
1651233600,1913.61,1919.79,1907.41,1910.65,45974
1651248000,1910.78,1914.48,1902.4,1908.18,63497
1651262400,1908.1,1911.49,1894.37,1896.3,36275
1651449600,1895.72,1899.88,1888.88,1890.6,16806
1651464000,1890.56,1892.55,1883.76,1885.57,22352
1651478400,1885.56,1887.66,1879.4,1879.74,28446
1651492800,1879.71,1882.3,1860.45,1861.48,36899
1651507200,1861.46,1871.97,1854.44,1865.85,63555
1651521600,1865.85,1866.82,1859.81,1863.08,23168
1651536000,1863.26,1867.04,1862.15,1866.76,7531
1651550400,1866.72,1866.72,1857.7,1858.43,18144
1651564800,1858.43,1862.01,1850.34,1853.59,38050
1651579200,1853.59,1865.55,1853.5,1863.24,32041
1651593600,1863.19,1878.04,1861.94,1869.73,55385
1651608000,1869.75,1871.78,1865.15,1867.91,25883
1651622400,1866.76,1869.39,1864.81,1865.9,6896
1651636800,1865.84,1866.09,1861.54,1865.47,14925
1651651200,1865.51,1872.04,1861.41,1868.47,24459
1651665600,1868.34,1871.73,1863.67,1867.49,27052
1651680000,1867.47,1870.85,1861.54,1868.4,42560
1651694400,1868.43,1889.74,1861.6,1881.64,47767
1651708800,1882.81,1896.09,1880.21,1895.71,13375
1651723200,1895.69,1903.28,1895.69,1901.44,31768
1651737600,1901.42,1902.19,1889.44,1893.99,43138
1651752000,1894.07,1909.63,1893.08,1906.85,44790
1651766400,1906.9,1908.28,1872.44,1876.44,84498
1651780800,1876.48,1880.98,1873.25,1877.05,41706
1651795200,1876.36,1878.15,1871.69,1872.39,13988
1651809600,1872.4,1877.33,1865.9,1875.72,37146
1651824000,1875.76,1881.73,1872.95,1881.68,44698
1651838400,1881.71,1889.96,1875.94,1876.46,40690
1651852800,1876.57,1892.39,1874.25,1888.58,73053
1651867200,1888.46,1888.87,1880.33,1882.33,31257
1652054400,1882.86,1885.6,1877.61,1881.21,13589
1652068800,1881.22,1881.22,1872.76,1873.69,29021
1652083200,1873.68,1873.79,1864.09,1865.5,38656
1652097600,1865.47,1868.9,1856.04,1864.28,43701
1652112000,1864.26,1871.41,1857.64,1860.9,61532
1652126400,1860.88,1861.96,1851.61,1854.12,30874
1652140800,1853.56,1855.75,1851.86,1854.19,12519
1652155200,1854.2,1865.21,1852.92,1863.07,25470
1652169600,1863.07,1865.34,1858.65,1862.61,38170
1652184000,1862.52,1864.39,1856.15,1862.16,41109
1652198400,1862.2,1864.43,1841.27,1844.86,74617
1652212800,1844.86,1846.85,1835.29,1838.07,42999
1652227200,1834.96,1840.25,1831.92,1832.43,11346
1652241600,1832.4,1839.99,1832.23,1838.83,26361
1652256000,1838.81,1852.42,1837.06,1851.52,31404
1652270400,1851.57,1854.2,1834.79,1839.27,38092
1652284800,1839.35,1858.06,1837.61,1852.13,86904
1652299200,1852.11,1856.38,1850.59,1852.15,32568
1652313600,1851.62,1857.68,1849.92,1857.19,13320
1652328000,1857.17,1858.73,1849.99,1851.09,28881
1652342400,1851.1,1854.0,1843.88,1847.06,49590
1652356800,1847.11,1851.85,1839.75,1845.1,46143
1652371200,1845.11,1849.02,1824.04,1825.43,76388
1652385600,1825.26,1826.67,1821.44,1821.74,32388
1652400000,1822.06,1823.75,1810.57,1822.29,12010
1652414400,1822.31,1827.46,1822.19,1826.55,27725
1652428800,1826.56,1828.72,1820.18,1822.1,35770
1652443200,1822.07,1824.6,1808.06,1810.21,34175
1652457600,1810.2,1818.3,1798.98,1811.22,61603
1652472000,1811.13,1812.12,1806.78,1811.54,21756
1652659200,1810.82,1816.15,1809.56,1815.6,10070
1652673600,1815.66,1817.51,1807.08,1807.63,25655
1652688000,1807.61,1810.03,1786.63,1798.85,30068
1652702400,1798.68,1810.44,1798.05,1808.0,29648
1652716800,1807.98,1816.45,1804.76,1815.53,43126
1652731200,1815.53,1826.86,1813.66,1824.67,25110
1652745600,1823.82,1829.17,1822.85,1825.45,9316
1652760000,1825.48,1828.21,1821.75,1823.67,25209
1652774400,1823.6,1830.2,1823.23,1827.88,28405
1652788800,1827.88,1835.98,1825.99,1832.29,34591
1652803200,1832.21,1832.9,1817.82,1821.31,58625
1652817600,1821.23,1821.97,1812.8,1814.28,37113
1652832000,1814.06,1817.08,1810.46,1816.21,9858
1652846400,1816.22,1817.11,1807.59,1808.95,26111
1652860800,1808.98,1817.15,1808.68,1815.51,32730
1652875200,1815.48,1820.32,1807.19,1811.28,33593
1652889600,1811.18,1824.58,1809.67,1820.8,53413
1652904000,1820.79,1822.03,1815.33,1817.25,30977
1652918400,1815.66,1817.33,1814.21,1815.05,12545
1652932800,1815.04,1817.62,1813.81,1815.34,24823
1652947200,1815.35,1823.18,1810.85,1822.5,40050
1652961600,1822.4,1841.32,1821.29,1838.15,41810
1652976000,1838.2,1849.11,1832.28,1842.92,70199
1652990400,1842.92,1843.97,1839.8,1841.01,28189
1653004800,1840.26,1844.46,1838.96,1841.31,7945
1653019200,1841.29,1843.44,1836.38,1842.6,19841
1653033600,1842.59,1849.32,1841.21,1845.57,32701
1653048000,1845.55,1847.74,1840.97,1842.02,27553
1653062400,1842.03,1846.51,1832.22,1841.47,56992
1653076800,1841.39,1845.94,1840.25,1845.53,23193
1653264000,1844.36,1857.89,1842.97,1852.42,7654
1653278400,1852.4,1855.74,1848.48,1854.23,18393
1653292800,1854.27,1863.05,1851.91,1861.46,30640
1653307200,1861.46,1865.35,1854.96,1855.59,28064
1653321600,1855.44,1858.03,1848.55,1849.89,45800
1653336000,1849.89,1858.74,1846.88,1853.45,13428
1653350400,1852.86,1854.91,1851.77,1851.84,5742
1653364800,1851.83,1856.99,1849.23,1855.81,17282
1653379200,1855.82,1860.62,1850.29,1855.98,26507
1653393600,1855.98,1860.71,1853.94,1860.02,19870
1653408000,1860.04,1869.62,1858.58,1866.98,56324
1653422400,1866.98,1867.07,1862.62,1865.95,20171
1653436800,1865.23,1868.02,1864.09,1865.18,7175
1653451200,1865.16,1865.54,1859.57,1863.08,20767
1653465600,1863.07,1863.29,1855.03,1855.94,22586
1653480000,1855.93,1859.27,1850.92,1852.44,25115
1653494400,1852.46,1854.24,1841.57,1845.0,40705
1653508800,1845.0,1856.18,1843.33,1853.61,21397
1653523200,1852.74,1854.2,1851.57,1852.28,6750
1653537600,1852.25,1853.2,1844.2,1845.0,18740
1653552000,1845.0,1850.71,1842.82,1845.82,26037
1653566400,1845.82,1847.78,1840.22,1843.18,20746
1653580800,1843.2,1853.33,1841.28,1847.57,35498
1653595200,1847.57,1853.61,1847.57,1850.63,12551
1653609600,1850.13,1853.53,1846.91,1849.39,5743
1653624000,1849.36,1856.33,1847.9,1853.15,19136
1653638400,1853.15,1860.41,1851.82,1856.64,19811
1653652800,1856.67,1861.89,1850.37,1855.63,26560
1653667200,1855.63,1861.29,1850.99,1853.14,37344
1653681600,1853.08,1854.84,1851.9,1852.97,11344
1653868800,1852.46,1853.87,1847.79,1850.38,4865
1653883200,1850.29,1861.81,1848.6,1860.97,14193
1653897600,1860.94,1863.82,1856.13,1858.87,15031
1653912000,1858.84,1859.34,1853.9,1855.27,10309
1653926400,1855.26,1860.94,1854.13,1856.35,12518
1653955200,1855.36,1856.68,1846.01,1846.33,8227
1653969600,1846.33,1853.58,1845.78,1851.46,16314
1653984000,1851.46,1857.05,1851.46,1852.47,19239
1653998400,1852.47,1854.04,1844.54,1848.9,25137
1654012800,1848.78,1855.3,1839.4,1845.9,41820
1654027200,1845.92,1846.25,1834.94,1838.07,18814
1654041600,1834.96,1838.38,1834.13,1834.36,6576
1654056000,1834.27,1837.86,1831.71,1833.19,18381
1654070400,1833.19,1837.1,1829.33,1830.03,22012
1654084800,1830.03,1844.7,1828.37,1844.07,24473
1654099200,1844.07,1849.82,1837.87,1847.47,40464
1654113600,1847.46,1849.88,1844.94,1846.52,14136
1654128000,1845.86,1848.9,1845.31,1847.23,4475
1654142400,1847.15,1847.49,1843.99,1844.83,13074
1654156800,1844.83,1853.17,1844.06,1852.02,16733
1654171200,1851.87,1858.65,1850.74,1856.39,22501
1654185600,1856.45,1870.39,1856.45,1867.65,36626
1654200000,1867.63,1870.28,1866.42,1868.13,12019
1654214400,1868.76,1874.0,1868.05,1873.2,5541
1654228800,1873.29,1873.68,1866.69,1867.78,9979
1654243200,1867.82,1869.12,1864.23,1864.72,12318
1654257600,1864.72,1867.83,1856.56,1858.17,22604
1654272000,1858.17,1865.08,1847.97,1850.82,34327
1654286400,1850.87,1851.51,1847.27,1850.98,12442
1654473600,1850.16,1853.41,1848.45,1850.78,6139
1654488000,1850.78,1856.64,1850.44,1855.23,14658
1654502400,1855.23,1856.28,1850.86,1851.49,18433
1654516800,1851.51,1857.71,1850.61,1853.52,18542
1654531200,1853.46,1854.15,1841.41,1842.24,35491
1654545600,1842.21,1843.75,1840.54,1842.04,11373
1654560000,1840.16,1841.86,1837.61,1838.96,6536
1654574400,1838.96,1844.5,1836.89,1842.24,17001
1654588800,1842.24,1848.37,1838.39,1846.53,20616
1654603200,1846.55,1851.87,1842.55,1844.99,20012
1654617600,1844.9,1853.48,1842.25,1850.98,32306
1654632000,1850.91,1855.38,1848.59,1851.84,12442
1654646400,1851.86,1853.65,1849.4,1850.16,5452
1654660800,1850.19,1850.69,1845.65,1847.39,13338
1654675200,1847.39,1851.12,1846.33,1847.28,16945
1654689600,1847.15,1853.26,1844.49,1851.92,20463
1654704000,1851.94,1859.55,1851.11,1855.32,25103
1654718400,1855.35,1855.79,1848.78,1852.74,11947
1654732800,1852.77,1854.37,1851.39,1851.72,4793
1654747200,1851.75,1855.23,1850.79,1853.98,12912
1654761600,1853.98,1854.96,1847.46,1849.58,19248
1654776000,1849.57,1852.5,1843.67,1850.32,31294
1654790400,1850.29,1851.13,1839.93,1848.59,38753
1654804800,1848.55,1850.41,1846.63,1847.79,13276
1654819200,1847.46,1847.9,1845.58,1847.53,4677
1654833600,1847.51,1848.16,1843.13,1843.19,11453
1654848000,1843.19,1847.51,1843.05,1844.61,16839
1654862400,1844.61,1845.74,1824.96,1838.12,33654
1654876800,1838.16,1875.87,1828.16,1871.51,63950
1654891200,1871.49,1875.22,1868.54,1871.42,21244
1655078400,1874.96,1878.93,1872.27,1872.47,10624
1655092800,1872.5,1872.53,1860.06,1863.24,19215
1655107200,1863.2,1867.1,1853.24,1853.24,30268
1655121600,1853.24,1858.89,1842.11,1842.79,35580
1655136000,1842.7,1845.76,1823.25,1828.69,60894
1655150400,1828.67,1830.82,1819.01,1819.05,32483
1655164800,1819.68,1824.25,1808.36,1823.98,10794
1655179200,1823.96,1827.95,1822.95,1824.55,23579
1655193600,1824.59,1831.51,1823.88,1825.79,30695
1655208000,1825.71,1825.71,1815.95,1819.99,37141
1655222400,1819.99,1821.93,1809.26,1812.33,47064
1655236800,1812.28,1813.37,1805.03,1809.16,24758
1655251200,1807.16,1811.8,1806.96,1811.28,9444
1655265600,1811.24,1819.11,1810.43,1814.47,19782
1655280000,1814.49,1823.97,1813.13,1822.14,34040
1655294400,1822.12,1836.41,1820.36,1831.56,34840
1655308800,1831.57,1832.9,1818.59,1819.66,44827
1655323200,1819.7,1841.76,1813.43,1833.6,55304
1655337600,1831.86,1836.34,1831.56,1834.1,9677
1655352000,1834.12,1834.99,1829.67,1830.96,19286
1655366400,1830.98,1833.54,1826.32,1833.42,34740
1655380800,1833.42,1836.04,1815.04,1829.36,47049
1655395200,1829.34,1852.66,1825.17,1850.15,49620
1655409600,1850.22,1857.1,1845.42,1856.29,23570
1655424000,1856.36,1856.76,1845.8,1846.38,7565
1655438400,1846.4,1847.54,1841.49,1845.52,22560
1655452800,1845.54,1851.09,1841.82,1849.97,26731
1655467200,1849.85,1852.88,1844.42,1851.26,30482
1655481600,1851.22,1851.6,1836.55,1839.31,52799
1655496000,1839.17,1841.78,1833.76,1840.16,18573
1655683200,1835.96,1840.32,1834.63,1839.69,8358
1655697600,1839.69,1846.05,1835.06,1843.3,20330
1655712000,1843.3,1844.69,1838.88,1839.61,18569
1655726400,1839.61,1843.69,1836.39,1838.94,14690
1655740800,1838.88,1843.07,1835.94,1837.65,15962
1655769600,1835.86,1841.55,1835.86,1841.0,8108
1655784000,1841.03,1842.29,1837.85,1838.52,11416
1655798400,1838.55,1839.44,1832.48,1834.54,21962
1655812800,1834.51,1839.44,1830.68,1836.0,22039
1655827200,1836.01,1843.53,1832.65,1836.21,25894
1655841600,1836.2,1837.01,1828.5,1833.25,12159
1655856000,1831.66,1832.98,1826.68,1828.35,8764
1655870400,1828.26,1830.28,1825.12,1825.53,16344
1655884800,1825.54,1830.33,1823.23,1823.94,22498
1655899200,1823.94,1846.61,1823.3,1844.57,23804
1655913600,1844.59,1847.74,1835.21,1838.23,38513
1655928000,1838.24,1841.58,1835.84,1838.15,12854
1655942400,1836.36,1838.22,1834.89,1835.57,6148
1655956800,1835.57,1838.55,1831.96,1833.14,14241
1655971200,1833.1,1838.02,1830.93,1832.97,22536
1655985600,1832.97,1834.13,1823.74,1833.93,20951
1656000000,1833.92,1846.1,1829.01,1830.26,40311
1656014400,1830.33,1830.35,1822.45,1823.11,19513
1656028800,1822.36,1825.32,1822.36,1823.91,8540
1656043200,1823.93,1826.39,1821.52,1826.01,20285
1656057600,1825.99,1831.65,1821.09,1826.12,24512
1656072000,1826.12,1829.05,1821.66,1821.94,23800
1656086400,1821.92,1831.22,1816.8,1826.24,41758
1656100800,1826.25,1830.81,1823.52,1827.22,12009
1656288000,1837.46,1839.3,1828.12,1828.93,10081
1656302400,1828.95,1836.68,1828.37,1835.38,15007
1656316800,1835.38,1840.95,1833.75,1839.51,17923
1656331200,1839.51,1840.44,1828.19,1831.81,18539
1656345600,1831.77,1834.41,1820.65,1825.22,33946
1656360000,1825.26,1826.96,1821.86,1822.63,11885
1656374400,1822.06,1824.83,1821.55,1824.74,5602
1656388800,1824.75,1826.81,1822.35,1825.27,12664
1656403200,1825.3,1829.43,1824.65,1826.39,17022
1656417600,1826.39,1827.64,1820.11,1822.38,19562
1656432000,1822.42,1826.14,1818.48,1821.52,32029
1656446400,1821.54,1822.47,1818.25,1820.57,12604
1656460800,1818.46,1820.21,1818.17,1819.82,5190
1656475200,1819.79,1822.85,1818.35,1820.73,13322
1656489600,1820.75,1822.1,1815.54,1816.34,19941
1656504000,1816.3,1832.98,1811.98,1831.21,21110
1656518400,1831.22,1832.59,1814.81,1816.75,36900
1656532800,1816.75,1819.27,1815.58,1818.13,10541
1656547200,1816.66,1820.47,1816.66,1819.64,5251
1656561600,1819.61,1821.75,1814.83,1815.95,10386
1656576000,1815.93,1817.73,1812.04,1815.83,23364
1656590400,1815.81,1824.82,1802.54,1822.55,30157
1656604800,1822.48,1825.02,1804.66,1809.79,43718
1656619200,1809.77,1810.18,1805.37,1807.09,19504
1656633600,1807.16,1807.61,1803.33,1806.28,6826
1656648000,1806.27,1806.83,1800.65,1802.73,21560
1656662400,1802.66,1802.85,1792.29,1794.76,28265
1656676800,1794.76,1796.98,1784.39,1789.73,37323
1656691200,1789.73,1808.77,1788.36,1799.19,61458
1656705600,1799.09,1809.27,1797.82,1808.32,17496
1656892800,1811.76,1811.76,1806.72,1808.13,6021
1656907200,1808.13,1814.14,1805.43,1812.29,15878
1656921600,1812.29,1813.35,1806.36,1807.2,14710
1656936000,1807.18,1809.5,1803.87,1807.55,13634
1656950400,1807.57,1810.86,1805.4,1806.12,13037
1656979200,1807.26,1809.77,1806.38,1807.45,5826
1656993600,1807.45,1812.07,1807.41,1811.34,14198
1657008000,1811.35,1811.78,1800.53,1800.84,19734
1657022400,1800.84,1805.33,1796.22,1800.33,27417
1657036800,1800.36,1800.36,1764.89,1767.22,56872
1657051200,1767.24,1768.97,1763.77,1765.8,18499
1657065600,1764.66,1771.04,1763.97,1770.98,6715
1657080000,1771.0,1772.7,1765.82,1766.46,20793
1657094400,1766.44,1771.77,1762.79,1766.17,27290
1657108800,1766.11,1767.88,1759.41,1765.17,26924
1657123200,1765.04,1767.8,1732.15,1735.04,54234
1657137600,1735.02,1743.77,1733.44,1738.89,23484
1657152000,1738.36,1742.47,1737.46,1741.86,6811
1657166400,1741.84,1746.91,1736.47,1744.23,20401
1657180800,1744.21,1747.6,1739.92,1741.99,20244
1657195200,1742.0,1745.85,1738.28,1739.5,26624
1657209600,1739.53,1748.98,1737.96,1742.57,41411
1657224000,1742.54,1742.95,1738.64,1739.83,12335
1657238400,1739.96,1744.8,1738.74,1744.54,5539
1657252800,1744.54,1746.52,1739.52,1741.95,20459
1657267200,1741.96,1743.81,1733.2,1737.79,21898
1657281600,1737.79,1745.53,1732.74,1738.43,31477
1657296000,1738.44,1752.38,1736.38,1742.27,43214
1657310400,1742.28,1744.22,1741.06,1742.34,11680
1657497600,1741.86,1744.56,1739.71,1741.53,8184
1657512000,1741.53,1743.48,1738.41,1742.27,19468
1657526400,1742.25,1742.38,1735.94,1737.93,22724
1657540800,1737.95,1739.85,1733.58,1736.83,22760
1657555200,1736.82,1742.62,1734.07,1734.96,36595
1657569600,1734.95,1736.74,1731.24,1733.79,13867
1657584000,1732.06,1735.62,1731.95,1732.56,6711
1657598400,1732.54,1744.17,1723.12,1728.85,24244
1657612800,1728.87,1739.09,1725.5,1734.62,26477
1657627200,1734.62,1739.28,1730.75,1732.11,25030
1657641600,1732.05,1733.9,1726.07,1729.44,37202
1657656000,1729.5,1729.79,1724.48,1726.2,14564
1657670400,1724.46,1726.21,1722.75,1724.63,6896
1657684800,1724.61,1728.75,1723.93,1725.71,20789
1657699200,1725.72,1728.48,1722.44,1727.79,23825
1657713600,1727.79,1731.79,1707.09,1712.63,30969
1657728000,1712.64,1745.35,1710.55,1737.9,71849
1657742400,1738.0,1740.0,1731.96,1735.41,27134
1657756800,1735.51,1736.32,1727.31,1728.15,9194
1657771200,1728.2,1733.53,1725.42,1728.02,22032
1657785600,1727.96,1728.83,1715.08,1716.7,37270
1657800000,1716.69,1717.36,1707.74,1709.3,43201
1657814400,1709.2,1714.48,1697.5,1705.8,81195
1657828800,1705.82,1712.28,1705.67,1710.61,31341
1657843200,1709.26,1712.11,1709.26,1710.47,18056
1657857600,1710.47,1716.51,1707.41,1709.27,23610
1657872000,1709.28,1710.76,1700.61,1704.4,32362
1657886400,1704.31,1710.73,1699.83,1707.45,37627
1657900800,1707.46,1714.01,1698.95,1704.6,54570
1657915200,1704.56,1707.13,1703.57,1707.0,13441
1658102400,1707.06,1710.92,1705.41,1708.33,4821
1658116800,1708.33,1717.58,1707.63,1713.98,13256
1658131200,1713.99,1720.53,1711.73,1719.18,15218
1658145600,1719.2,1723.73,1711.29,1717.07,14522
1658160000,1717.06,1721.23,1708.68,1711.95,24570
1658174400,1711.97,1712.73,1706.61,1708.85,15920
1658188800,1708.16,1710.1,1705.21,1707.71,6490
1658203200,1707.73,1709.79,1705.3,1708.42,17565
1658217600,1708.43,1713.27,1707.33,1713.21,25637
1658232000,1713.21,1718.4,1708.51,1708.86,26195
1658246400,1708.85,1715.21,1708.45,1711.48,40832
1658260800,1711.46,1713.05,1709.67,1711.19,13451
1658275200,1711.26,1712.26,1709.02,1711.96,2887
1658289600,1712.0,1713.25,1709.28,1711.45,8148
1658304000,1711.45,1711.83,1705.48,1707.9,12781
1658318400,1707.81,1713.88,1705.98,1708.75,14896
1658332800,1708.58,1714.45,1701.23,1702.9,31492
1658347200,1702.87,1704.16,1692.39,1696.56,20728
1658361600,1695.26,1697.29,1691.86,1694.7,6424
1658376000,1694.71,1694.73,1689.92,1692.51,16363
1658390400,1692.5,1693.78,1684.75,1685.02,22494
1658404800,1685.03,1707.07,1680.81,1706.64,36951
1658419200,1706.65,1718.24,1693.08,1711.61,60373
1658433600,1711.62,1720.16,1710.83,1720.05,18135
1658448000,1717.46,1719.16,1716.29,1717.01,9138
1658462400,1717.0,1718.08,1712.79,1713.42,16783
1658476800,1713.43,1720.4,1713.16,1718.22,24941
1658491200,1718.2,1730.15,1717.73,1724.01,32616
1658505600,1724.05,1739.24,1722.06,1728.84,50674
1658520000,1728.81,1729.55,1720.32,1726.91,21045
1658707200,1727.36,1727.56,1720.49,1720.53,9439
1658721600,1720.52,1728.81,1719.82,1726.63,20584
1658736000,1726.63,1730.25,1723.71,1728.46,27542
1658750400,1728.43,1736.19,1724.09,1724.66,27068
1658764800,1724.67,1725.4,1714.66,1717.95,35450
1658779200,1717.97,1721.32,1716.14,1719.45,11052
1658793600,1718.46,1722.01,1717.97,1721.37,6991
1658808000,1721.36,1728.17,1720.8,1721.59,17769
1658822400,1721.46,1727.84,1720.97,1722.63,22183
1658836800,1722.64,1724.38,1713.57,1719.13,26390
1658851200,1719.15,1721.86,1714.31,1719.08,41607
1658865600,1719.1,1720.15,1716.28,1717.24,14444
1658880000,1717.35,1720.08,1717.31,1718.96,6650
1658894400,1718.97,1719.74,1713.57,1714.93,15814
1658908800,1714.91,1725.1,1714.43,1723.46,22207
1658923200,1723.44,1724.25,1717.75,1718.06,20658
1658937600,1718.06,1721.24,1711.41,1720.69,31928
1658952000,1720.72,1740.21,1719.07,1734.55,36015
1658966400,1732.22,1739.84,1732.22,1736.51,9912
1658980800,1736.54,1741.64,1734.05,1736.29,24535
1658995200,1736.3,1748.47,1735.34,1745.61,29626
1659009600,1745.62,1749.81,1736.07,1744.58,38518
1659024000,1744.53,1756.82,1740.97,1753.94,64074
1659038400,1753.81,1757.04,1750.3,1756.33,17986
1659052800,1755.16,1756.2,1753.79,1755.8,9232
1659067200,1755.79,1763.88,1752.59,1761.39,23065
1659081600,1761.38,1767.86,1760.98,1763.76,30276
1659096000,1763.73,1764.41,1755.66,1757.25,34032
1659110400,1757.25,1767.08,1751.99,1763.45,56552
1659124800,1763.46,1766.5,1760.86,1765.92,20201
1659312000,1764.06,1765.86,1760.45,1762.67,7960
1659326400,1762.68,1765.8,1759.62,1760.25,17755
1659340800,1760.2,1767.36,1758.16,1765.45,20721
1659355200,1765.46,1775.25,1764.73,1769.35,27314
1659369600,1769.31,1774.66,1764.21,1772.93,45552
1659384000,1772.95,1772.95,1766.46,1771.98,14819
1659398400,1771.06,1780.46,1770.41,1780.23,8338
1659412800,1780.29,1780.29,1772.75,1772.88,17430
1659427200,1772.85,1776.05,1768.74,1773.32,21557
1659441600,1773.29,1787.95,1772.54,1784.94,24027
1659456000,1784.95,1786.07,1773.12,1776.12,54778
1659470400,1776.04,1777.06,1760.41,1761.2,25273
1659484800,1761.89,1761.97,1754.82,1756.6,8870
1659499200,1756.49,1769.9,1755.45,1768.8,18095
1659513600,1768.81,1770.58,1764.04,1765.08,20449
1659528000,1765.06,1772.4,1760.16,1771.84,23047
1659542400,1771.85,1772.75,1754.19,1759.34,42002
1659556800,1759.35,1766.22,1758.8,1765.84,13047
1659571200,1764.76,1767.48,1763.15,1767.4,5053
1659585600,1767.4,1771.94,1765.98,1770.91,12751
1659600000,1770.9,1776.86,1769.0,1776.27,17354
1659614400,1776.29,1788.43,1776.0,1780.67,25459
1659628800,1780.72,1791.52,1774.17,1790.46,38377
1659643200,1790.42,1794.9,1789.32,1791.11,13979
1659657600,1790.06,1794.8,1789.52,1793.86,6477
1659672000,1793.88,1794.77,1788.74,1791.84,13334
1659686400,1791.76,1792.71,1785.41,1787.29,18355
1659700800,1787.36,1789.13,1767.39,1768.92,29837
1659715200,1768.93,1779.08,1764.9,1774.25,48336
1659729600,1774.23,1776.03,1771.82,1775.27,14455
1659916800,1773.02,1774.96,1769.6,1774.06,8442
1659931200,1774.14,1775.4,1771.49,1771.83,12694
1659945600,1771.9,1779.11,1771.19,1773.92,19669
1659960000,1773.92,1786.5,1772.88,1781.84,22220
1659974400,1781.83,1789.97,1780.59,1787.58,33328
1659988800,1787.6,1789.53,1786.36,1789.44,11955
1660003200,1787.96,1790.58,1787.42,1789.0,5211
1660017600,1789.0,1789.99,1783.14,1786.13,11112
1660032000,1786.13,1793.33,1783.46,1790.3,17425
1660046400,1790.29,1794.61,1787.92,1793.78,21851
1660060800,1793.8,1800.33,1790.03,1795.11,31644
1660075200,1795.1,1796.53,1793.27,1794.24,10430
1660089600,1793.52,1794.66,1791.61,1792.63,4175
1660104000,1792.63,1794.55,1789.78,1790.31,9844
1660118400,1790.31,1793.03,1787.54,1792.35,16418
1660132800,1792.37,1807.8,1787.35,1797.25,27812
1660147200,1797.27,1802.41,1791.51,1798.09,43782
1660161600,1798.12,1798.43,1788.05,1791.92,17352
1660176000,1791.06,1792.75,1789.46,1790.37,4962
1660190400,1790.38,1790.45,1783.92,1785.2,13149
1660204800,1785.2,1789.76,1783.48,1789.54,18575
1660219200,1789.57,1799.11,1787.77,1796.69,24312
1660233600,1796.68,1799.19,1786.31,1788.81,40248
1660248000,1788.85,1791.91,1784.96,1789.6,14581
1660262400,1789.42,1789.55,1786.65,1788.24,6054
1660276800,1788.24,1792.48,1786.11,1790.6,11386
1660291200,1790.55,1794.07,1785.99,1787.33,16231
1660305600,1787.32,1794.28,1784.83,1793.34,22995
1660320000,1793.36,1798.62,1790.36,1797.11,35547
1660334400,1797.14,1802.07,1796.97,1801.68,12701
1660521600,1801.72,1802.06,1798.69,1801.12,6127
1660536000,1801.17,1801.67,1793.47,1794.33,14018
1660550400,1794.32,1794.62,1781.74,1783.48,20432
1660564800,1783.47,1786.53,1772.91,1779.93,32231
1660579200,1779.9,1782.96,1775.69,1782.67,33471
1660593600,1782.67,1784.04,1777.36,1778.66,12495
1660608000,1778.92,1779.66,1777.48,1777.61,5926
1660622400,1777.62,1783.09,1776.76,1781.9,12347
1660636800,1781.9,1782.07,1773.93,1775.38,17798
1660651200,1775.41,1778.54,1771.36,1771.72,22196
1660665600,1771.74,1778.58,1771.74,1776.2,32197
1660680000,1776.19,1777.49,1773.96,1775.83,11266
1660694400,1775.16,1775.97,1773.76,1774.59,4330
1660708800,1774.62,1779.12,1773.93,1778.59,11753
1660723200,1778.6,1782.24,1771.95,1775.11,21711
1660737600,1775.11,1775.16,1764.71,1771.5,26686
1660752000,1771.49,1773.41,1759.77,1762.47,35775
1660766400,1762.45,1770.16,1761.09,1762.23,21918
1660780800,1762.06,1766.23,1761.5,1765.36,5312
1660795200,1765.38,1767.49,1761.64,1763.24,12535
1660809600,1763.25,1766.23,1760.76,1766.15,20229
1660824000,1766.15,1772.33,1765.33,1767.25,25737
1660838400,1767.26,1769.9,1756.38,1757.21,33776
1660852800,1757.19,1761.19,1755.25,1758.62,13425
1660867200,1758.71,1759.26,1754.74,1755.39,6313
1660881600,1755.39,1757.66,1751.79,1753.05,13009
1660896000,1753.05,1757.35,1751.8,1754.11,20711
1660910400,1754.13,1757.52,1749.74,1756.35,24706
1660924800,1756.45,1758.04,1745.66,1749.71,30379
1660939200,1749.73,1750.19,1745.5,1747.07,10860
1661126400,1746.31,1748.07,1744.88,1745.32,7742
1661140800,1745.32,1749.02,1743.86,1744.69,18317
1661155200,1744.68,1744.97,1732.35,1734.89,28120
1661169600,1734.9,1738.48,1727.72,1730.43,30526
1661184000,1730.45,1740.0,1730.31,1735.07,43792
1661198400,1735.06,1737.72,1733.73,1735.68,14577
1661212800,1735.91,1738.83,1734.14,1738.18,8916
1661227200,1738.17,1740.48,1736.8,1736.86,14600
1661241600,1736.86,1743.87,1734.65,1740.65,26710
1661256000,1740.65,1741.49,1730.79,1735.97,24856
1661270400,1735.99,1754.05,1735.47,1749.71,41940
1661284800,1749.7,1750.16,1745.82,1748.31,12431
1661299200,1747.66,1748.23,1745.29,1746.11,5703
1661313600,1746.14,1747.37,1743.96,1746.84,13722
1661328000,1746.84,1752.41,1744.15,1751.94,19828
1661342400,1751.93,1753.6,1742.39,1745.74,26196
1661356800,1745.73,1755.8,1742.89,1749.52,33554
1661371200,1749.5,1752.69,1747.59,1752.03,10405
1661385600,1750.81,1753.71,1748.98,1752.75,4691
1661400000,1752.73,1757.67,1752.28,1757.15,12881
1661414400,1757.17,1765.18,1755.92,1762.45,20548
1661428800,1762.45,1765.44,1756.89,1760.24,22249
1661443200,1760.23,1761.69,1752.16,1758.14,29462
1661457600,1758.11,1759.83,1754.88,1758.2,10719
1661472000,1757.71,1758.81,1754.85,1755.33,3982
1661486400,1755.34,1757.43,1752.13,1755.66,9757
1661500800,1755.65,1758.73,1750.09,1752.14,19670
1661515200,1752.14,1752.52,1743.65,1745.84,23663
1661529600,1745.84,1756.09,1734.08,1735.94,55597
1661544000,1735.93,1739.44,1735.08,1738.16,13835
1661731200,1735.35,1738.39,1733.11,1734.46,10355
1661745600,1734.45,1734.46,1721.1,1722.83,17883
1661760000,1722.81,1725.8,1720.26,1722.15,21463
1661774400,1722.17,1736.76,1721.51,1736.13,25594
1661788800,1736.13,1745.4,1735.21,1738.03,34399
1661803200,1738.03,1739.59,1735.87,1737.78,11197
1661817600,1736.86,1740.45,1736.32,1739.44,6097
1661832000,1739.46,1740.19,1733.83,1735.74,14656
1661846400,1735.7,1737.85,1729.01,1734.43,22299
1661860800,1734.45,1735.3,1728.06,1730.46,23627
1661875200,1730.53,1732.82,1721.11,1724.15,39048
1661889600,1724.14,1726.22,1722.98,1724.41,13182
1661904000,1722.71,1724.44,1722.26,1722.91,4826
1661918400,1722.91,1725.79,1720.04,1724.7,13224
1661932800,1724.74,1726.5,1713.35,1714.04,22305
1661947200,1714.05,1716.31,1709.57,1711.57,30134
1661961600,1711.55,1723.43,1710.19,1716.07,41384
1661976000,1716.07,1716.27,1709.51,1710.51,16170
1661990400,1710.66,1711.32,1705.49,1705.94,8694
1662004800,1705.93,1707.23,1702.21,1702.95,15312
1662019200,1702.95,1708.53,1700.49,1702.05,22211
1662033600,1702.07,1708.66,1694.88,1701.0,27398
1662048000,1701.0,1701.98,1688.71,1694.91,44985
1662062400,1694.88,1699.14,1694.27,1697.26,13911
1662076800,1695.76,1699.18,1694.93,1697.92,4303
1662091200,1697.92,1700.24,1696.25,1699.19,11984
1662105600,1699.23,1704.58,1698.83,1704.53,16745
1662120000,1704.47,1715.11,1704.06,1708.73,27845
1662134400,1708.72,1717.91,1706.05,1714.02,43317
1662148800,1714.03,1715.55,1708.74,1711.99,16768
1662336000,1712.76,1713.01,1707.67,1708.84,6621
1662350400,1708.84,1714.0,1708.4,1712.79,13412
1662364800,1712.8,1714.01,1708.17,1711.81,17969
1662379200,1711.8,1715.71,1710.41,1712.58,15580
1662393600,1712.6,1713.57,1709.94,1711.51,11510
1662422400,1708.26,1726.69,1708.26,1723.89,7811
1662436800,1723.85,1723.89,1715.26,1715.61,13380
1662451200,1715.58,1720.71,1712.74,1713.41,21934
1662465600,1713.31,1714.91,1706.85,1707.74,24814
1662480000,1707.73,1711.72,1701.01,1701.49,46882
1662494400,1701.47,1703.76,1699.76,1701.5,15888
1662508800,1701.47,1703.83,1692.47,1696.13,9819
1662523200,1696.12,1698.64,1691.3,1693.66,21871
1662537600,1693.74,1705.4,1693.49,1704.0,25202
1662552000,1704.0,1707.11,1698.9,1700.25,25687
1662566400,1700.22,1714.96,1696.97,1714.96,35958
1662580800,1714.96,1719.15,1714.05,1718.94,15500
1662595200,1717.81,1718.81,1715.47,1715.56,7040
1662609600,1715.57,1719.27,1713.46,1714.59,17622
1662624000,1714.57,1722.78,1714.38,1717.97,25242
1662638400,1717.97,1728.13,1713.79,1715.73,33653
1662652800,1715.69,1716.7,1703.89,1706.09,52107
1662667200,1706.11,1711.59,1705.8,1708.76,14634
1662681600,1708.41,1715.18,1708.11,1713.56,5931
1662696000,1713.56,1721.69,1713.23,1721.31,16984
1662710400,1721.3,1729.38,1718.11,1728.5,26269
1662724800,1728.52,1729.3,1718.39,1718.78,29309
1662739200,1718.85,1720.26,1711.28,1720.01,39117
1662753600,1720.03,1720.19,1714.52,1717.43,10864
1662940800,1716.11,1720.15,1716.11,1716.79,6876
1662955200,1716.85,1718.71,1711.87,1712.82,11497
1662969600,1712.82,1726.48,1712.05,1725.75,27306
1662984000,1725.76,1733.86,1723.3,1729.63,31939
1662998400,1729.67,1735.05,1723.62,1731.77,40050
1663012800,1731.78,1731.85,1723.72,1724.65,16464
1663027200,1724.18,1727.52,1723.59,1724.69,7043
1663041600,1724.66,1725.12,1720.26,1721.93,14864
1663056000,1721.95,1726.04,1719.9,1725.32,21712
1663070400,1725.3,1731.73,1703.07,1703.79,37028
1663084800,1703.77,1709.52,1696.98,1705.44,52371
1663099200,1705.39,1707.22,1701.07,1702.25,18013
1663113600,1700.66,1703.1,1698.37,1700.23,9756
1663128000,1700.21,1705.04,1697.17,1703.86,18808
1663142400,1703.87,1706.11,1698.79,1704.37,30861
1663156800,1704.36,1707.03,1699.18,1705.8,31844
1663171200,1705.8,1706.97,1700.97,1701.27,38295
1663185600,1701.23,1701.32,1693.58,1696.99,16857
1663200000,1697.06,1698.19,1695.25,1695.54,5121
1663214400,1695.46,1696.49,1686.72,1687.37,14228
1663228800,1687.39,1689.93,1685.61,1687.24,20949
1663243200,1687.28,1692.25,1682.11,1687.47,31135
1663257600,1687.45,1690.82,1660.24,1664.79,51122
1663272000,1664.79,1669.21,1661.36,1664.1,17322
1663286400,1663.76,1666.37,1661.28,1665.54,7330
1663300800,1665.49,1667.63,1661.2,1664.05,15972
1663315200,1664.04,1664.5,1654.04,1659.02,24068
1663329600,1659.02,1667.79,1658.07,1660.26,26372
1663344000,1660.26,1680.3,1657.08,1673.05,48166
1663358400,1673.06,1677.65,1671.08,1675.7,14585
1663545600,1675.01,1679.87,1672.89,1675.83,6691
1663560000,1675.85,1676.85,1666.73,1668.43,13380
1663574400,1668.44,1669.66,1659.53,1662.51,19952
1663588800,1662.51,1667.54,1660.69,1664.83,24005
1663603200,1664.89,1675.24,1662.22,1670.71,39602
1663617600,1670.69,1675.94,1668.82,1675.48,13778
1663632000,1675.25,1679.36,1674.15,1676.04,7642
1663646400,1676.02,1677.77,1673.12,1673.42,14619
1663660800,1673.43,1675.83,1667.93,1668.81,24500
1663675200,1668.8,1670.23,1665.17,1667.76,24435
1663689600,1667.78,1668.83,1659.89,1663.97,36409
1663704000,1663.97,1666.23,1661.51,1664.78,15762
1663718400,1664.31,1667.4,1663.63,1663.92,5735
1663732800,1663.93,1666.38,1661.62,1661.98,13428
1663747200,1662.0,1676.19,1661.84,1671.11,29205
1663761600,1671.1,1677.44,1670.86,1674.2,22073
1663776000,1674.17,1675.03,1664.9,1665.19,30561
1663790400,1665.2,1687.96,1653.68,1674.01,53305
1663804800,1672.46,1673.71,1660.34,1660.46,7745
1663819200,1660.45,1664.74,1656.59,1660.37,16960
1663833600,1660.38,1678.09,1655.56,1670.91,38725
1663848000,1670.79,1684.78,1664.73,1681.77,39808
1663862400,1681.75,1681.79,1667.86,1673.99,49728
1663876800,1673.98,1674.59,1669.3,1671.54,17532
1663891200,1671.11,1674.73,1670.39,1674.18,4365
1663905600,1674.15,1675.83,1668.2,1668.6,11797
1663920000,1668.59,1674.09,1660.65,1661.52,27273
1663934400,1661.5,1663.08,1641.08,1646.06,47295
1663948800,1646.08,1657.85,1641.49,1646.18,47374
1663963200,1646.19,1648.35,1639.57,1645.08,20491
1664150400,1642.67,1645.55,1626.5,1627.78,10661
1664164800,1627.75,1645.94,1627.46,1635.28,25575
1664179200,1635.23,1649.7,1634.56,1646.46,31815
1664193600,1646.52,1647.65,1636.13,1645.98,34985
1664208000,1645.92,1648.22,1627.75,1631.16,49809
1664222400,1631.14,1631.27,1621.06,1623.72,29167
1664236800,1621.47,1630.97,1620.96,1630.74,7596
1664251200,1630.75,1632.97,1628.47,1631.61,13809
1664265600,1631.61,1640.56,1631.05,1635.68,27003
1664280000,1635.71,1642.37,1632.36,1635.33,29519
1664294400,1635.33,1639.94,1628.24,1629.39,45816
1664308800,1629.36,1632.57,1626.59,1629.35,22366
1664323200,1629.93,1630.5,1625.13,1626.79,6328
1664337600,1626.79,1627.24,1622.83,1623.37,16653
1664352000,1623.46,1625.42,1614.71,1620.03,30973
1664366400,1620.08,1638.17,1615.82,1635.05,51930
1664380800,1635.07,1660.77,1633.71,1659.14,53049
1664395200,1659.11,1662.71,1658.52,1659.96,20841
1664409600,1658.59,1659.41,1652.82,1653.87,6133
1664424000,1653.87,1659.28,1651.85,1652.17,15566
1664438400,1652.17,1652.46,1641.41,1644.1,31479
1664452800,1644.13,1656.02,1644.09,1649.33,38462
1664467200,1649.34,1664.81,1644.44,1658.8,53167
1664481600,1658.73,1662.11,1657.16,1660.34,18717
1664496000,1661.35,1665.18,1661.35,1664.61,6127
1664510400,1664.63,1664.79,1659.16,1662.93,14109
1664524800,1662.95,1674.16,1662.75,1671.89,30193
1664539200,1671.91,1672.35,1662.05,1664.48,34343
1664553600,1664.48,1675.33,1661.92,1664.05,44918
1664568000,1664.04,1665.93,1660.02,1660.8,20384
1664755200,1660.31,1665.26,1659.9,1664.19,7467
1664769600,1664.23,1669.42,1662.02,1662.19,12226
1664784000,1662.2,1668.24,1661.02,1662.97,26288
1664798400,1662.99,1669.94,1659.53,1665.44,29567
1664812800,1665.42,1694.02,1665.22,1691.07,51924
1664827200,1691.08,1701.39,1689.79,1699.03,17848
1664841600,1698.41,1702.52,1697.16,1698.57,6477
1664856000,1698.65,1701.31,1695.11,1699.63,14256
1664870400,1699.65,1710.61,1697.62,1708.79,28285
1664884800,1708.79,1713.12,1700.45,1711.78,32200
1664899200,1711.78,1729.4,1706.25,1723.21,42816
1664913600,1723.2,1726.57,1720.02,1725.9,17889
1664928000,1724.76,1726.06,1721.4,1723.0,5857
1664942400,1722.99,1723.71,1717.46,1718.29,13987
1664956800,1718.27,1727.7,1709.7,1714.66,25294
1664971200,1714.72,1715.11,1703.06,1713.14,30163
1664985600,1713.18,1713.67,1700.41,1708.42,43131
1665000000,1708.42,1718.6,1707.58,1716.36,17243
1665014400,1715.91,1723.44,1714.7,1720.19,6257
1665028800,1720.22,1724.27,1719.18,1723.75,11648
1665043200,1723.77,1725.49,1713.9,1714.05,24138
1665057600,1714.05,1719.51,1710.8,1715.4,27551
1665072000,1715.36,1717.06,1706.75,1711.76,44261
1665086400,1711.78,1715.08,1710.49,1712.6,14970
1665100800,1711.66,1713.4,1710.59,1711.0,4607
1665115200,1711.06,1713.34,1709.13,1709.46,9683
1665129600,1709.46,1713.99,1708.28,1712.25,21239
1665144000,1712.26,1714.75,1690.47,1697.89,31480
1665158400,1697.88,1707.2,1693.85,1699.75,47260
1665172800,1699.78,1702.35,1693.19,1694.66,15093
1665360000,1695.76,1699.76,1692.71,1694.54,6183
1665374400,1694.62,1696.2,1685.02,1686.6,13101
1665388800,1686.58,1689.26,1679.92,1680.16,21132
1665403200,1680.17,1684.51,1673.96,1677.11,24890
1665417600,1677.09,1678.61,1665.62,1667.77,36519
1665432000,1667.76,1671.58,1666.91,1668.2,15782
1665446400,1667.31,1672.87,1667.06,1672.32,5173
1665460800,1672.27,1673.53,1661.23,1663.21,16092
1665475200,1663.19,1669.75,1662.71,1665.64,25536
1665489600,1665.65,1672.84,1660.9,1669.49,28424
1665504000,1669.49,1683.88,1663.36,1680.65,41469
1665518400,1680.62,1681.03,1663.69,1666.22,22557
1665532800,1665.27,1666.53,1661.67,1664.99,6282
1665547200,1664.97,1672.16,1661.29,1668.55,16119
1665561600,1668.55,1675.31,1665.99,1669.98,28618
1665576000,1669.98,1672.97,1664.63,1671.53,27654
1665590400,1671.5,1673.12,1667.13,1669.83,37686
1665604800,1669.8,1678.24,1668.86,1673.01,20040
1665619200,1672.71,1675.31,1672.56,1674.1,4004
1665633600,1674.14,1674.64,1668.91,1670.1,8853
1665648000,1670.13,1675.2,1666.93,1674.86,17299
1665662400,1674.8,1682.36,1644.67,1654.53,38833
1665676800,1654.43,1668.61,1642.32,1665.71,72954
1665691200,1665.68,1672.46,1663.28,1665.87,22627
1665705600,1665.21,1666.36,1661.49,1661.69,5741
1665720000,1661.66,1670.19,1658.88,1667.5,15455
1665734400,1667.48,1671.74,1660.35,1660.64,26504
1665748800,1660.63,1663.23,1650.14,1663.17,35595
1665763200,1663.19,1663.88,1641.23,1643.71,55508
1665777600,1643.74,1645.27,1640.14,1644.36,17914
1665964800,1643.61,1648.95,1641.71,1648.21,7039
1665979200,1648.23,1652.58,1646.6,1649.41,12290
1665993600,1649.43,1657.35,1648.52,1655.3,25694
1666008000,1655.29,1668.09,1654.56,1666.51,28859
1666022400,1666.55,1668.4,1657.18,1657.38,35292
1666036800,1657.23,1659.92,1646.65,1650.52,14778
1666051200,1649.97,1652.26,1649.64,1652.08,5206
1666065600,1652.14,1660.73,1648.81,1659.35,14106
1666080000,1659.33,1660.78,1649.75,1649.88,23511
1666094400,1649.89,1657.27,1648.6,1656.39,28025
1666108800,1656.38,1656.64,1645.77,1650.26,38844
1666123200,1650.22,1652.7,1648.16,1651.38,18622
1666137600,1651.26,1654.33,1650.85,1653.08,4938
1666152000,1653.05,1653.36,1645.48,1646.23,10096
1666166400,1646.23,1647.72,1637.65,1640.77,25360
1666180800,1640.76,1642.11,1630.33,1634.8,28870
1666195200,1634.78,1637.62,1628.23,1629.55,36622
1666209600,1629.61,1630.28,1627.61,1628.8,16337
1666224000,1629.01,1630.23,1625.9,1628.4,5020
1666238400,1628.39,1632.88,1622.37,1632.85,14893
1666252800,1632.79,1634.94,1626.97,1629.13,25457
1666267200,1629.15,1639.92,1629.15,1632.59,33095
1666281600,1632.59,1645.61,1630.34,1636.11,40727
1666296000,1636.09,1636.15,1624.71,1628.0,18560
1666310400,1626.66,1628.3,1625.08,1626.74,4916
1666324800,1626.77,1628.17,1620.16,1621.77,11221
1666339200,1621.72,1627.18,1617.13,1620.56,21970
1666353600,1620.6,1633.45,1619.08,1631.21,32869
1666368000,1631.13,1653.99,1629.18,1651.42,91810
1666382400,1651.43,1657.8,1650.72,1656.89,24327
1666569600,1659.81,1670.62,1656.32,1656.88,20197
1666584000,1656.88,1658.52,1651.83,1658.15,13007
1666598400,1658.11,1658.59,1644.34,1647.7,29252
1666612800,1647.7,1652.3,1645.4,1649.13,35094
1666627200,1649.13,1654.36,1643.89,1650.5,53545
1666641600,1650.51,1652.04,1647.73,1649.42,12959
1666656000,1649.51,1654.02,1649.26,1653.65,6845
1666670400,1653.63,1654.79,1647.11,1650.16,15863
1666684800,1650.17,1651.73,1642.77,1643.83,22371
1666699200,1643.83,1645.94,1638.18,1642.23,24936
1666713600,1642.17,1662.34,1641.97,1653.12,48265
1666728000,1653.1,1656.96,1652.31,1653.11,16583
1666742400,1652.46,1653.87,1649.68,1650.31,6760
1666756800,1650.37,1657.54,1649.67,1655.74,14537
1666771200,1655.73,1673.5,1655.09,1672.93,29409
1666785600,1672.94,1674.93,1660.58,1662.04,30157
1666800000,1662.04,1672.62,1661.44,1666.59,47611
1666814400,1666.57,1667.13,1663.28,1664.18,18038
1666828800,1663.26,1669.33,1663.26,1667.08,6674
1666843200,1667.08,1670.69,1662.23,1665.33,13478
1666857600,1665.34,1669.6,1658.98,1663.4,25489
1666872000,1663.34,1664.95,1654.76,1660.07,35521
1666886400,1660.1,1665.7,1656.25,1657.89,55455
1666900800,1657.87,1663.35,1656.89,1662.73,19782
1666915200,1661.21,1663.11,1660.46,1661.85,5727
1666929600,1661.94,1666.91,1661.04,1664.46,16597
1666944000,1664.42,1665.13,1647.85,1650.51,30402
1666958400,1650.51,1653.01,1640.01,1643.3,37129
1666972800,1643.36,1649.11,1637.98,1642.69,46735
1666987200,1642.68,1645.75,1640.65,1645.26,14696
1667174400,1643.58,1645.34,1640.6,1641.48,11414
1667188800,1641.5,1645.6,1640.71,1641.51,11243
1667203200,1641.47,1644.54,1635.62,1639.31,19966
1667217600,1639.32,1642.01,1633.35,1637.26,31397
1667232000,1637.27,1642.04,1634.98,1635.43,31390
1667246400,1635.42,1636.43,1631.71,1633.49,12994
1667260800,1632.65,1638.45,1630.67,1637.1,10126
1667275200,1637.2,1642.05,1635.63,1641.82,15449
1667289600,1641.82,1650.58,1641.39,1650.33,28685
1667304000,1650.33,1656.99,1649.76,1650.36,37394
1667318400,1650.38,1650.96,1642.06,1649.0,49329
1667332800,1649.02,1651.03,1646.35,1647.71,11111
1667347200,1646.33,1651.29,1645.96,1649.98,10366
1667361600,1649.99,1653.31,1647.27,1650.71,13106
1667376000,1650.74,1656.27,1649.59,1654.54,21187
1667390400,1654.53,1658.83,1652.55,1653.43,29731
1667404800,1653.4,1653.58,1645.62,1649.84,24682
1667419200,1649.64,1669.47,1634.7,1635.01,52496
1667433600,1634.4,1640.92,1631.81,1638.05,12663
1667448000,1638.04,1639.13,1635.86,1636.93,11709
1667462400,1636.94,1636.94,1620.0,1624.02,31152
1667476800,1624.02,1625.05,1616.54,1619.36,45097
1667491200,1619.43,1631.47,1618.96,1629.4,42915
1667505600,1629.37,1632.33,1628.46,1629.31,10574
1667520000,1628.91,1633.96,1628.85,1633.89,9542
1667534400,1633.87,1648.57,1633.0,1647.08,17288
1667548800,1647.09,1652.4,1643.81,1645.93,29890
1667563200,1645.93,1667.86,1641.63,1667.33,57414
1667577600,1667.33,1675.46,1666.14,1674.38,50515
1667592000,1674.37,1681.65,1673.31,1680.91,15657
1667779200,1674.37,1680.3,1670.56,1672.35,15252
1667793600,1672.31,1674.85,1670.29,1672.18,13647
1667808000,1672.19,1680.35,1666.79,1678.56,29001
1667822400,1678.54,1680.1,1673.43,1677.89,30275
1667836800,1677.93,1681.84,1673.85,1676.97,43052
1667851200,1677.01,1677.98,1674.22,1675.22,14560
1667865600,1673.71,1676.63,1672.46,1673.51,8288
1667880000,1673.54,1674.37,1668.24,1668.33,11794
1667894400,1668.33,1671.54,1664.61,1671.45,23269
1667908800,1671.44,1675.12,1669.71,1672.87,23356
1667923200,1672.83,1716.81,1672.76,1714.96,48527
1667937600,1714.94,1716.83,1708.16,1712.38,25210
1667952000,1711.11,1713.36,1706.93,1706.95,10658
1667966400,1706.96,1712.47,1706.96,1709.34,14881
1667980800,1709.33,1715.72,1706.97,1707.89,28167
1667995200,1707.82,1710.01,1702.99,1710.0,32132
1668009600,1709.99,1722.24,1707.36,1712.43,44075
1668024000,1712.44,1712.87,1702.1,1707.08,22761
1668038400,1705.91,1708.82,1703.82,1706.72,8831
1668052800,1706.72,1712.15,1705.68,1712.12,12943
1668067200,1712.14,1712.5,1704.49,1707.0,24090
1668081600,1706.99,1737.07,1703.96,1733.09,39610
1668096000,1733.11,1753.22,1732.47,1748.31,66525
1668110400,1748.51,1757.16,1748.05,1754.79,21979
1668124800,1754.21,1754.45,1747.19,1747.4,11319
1668139200,1747.42,1763.0,1747.42,1760.73,15916
1668153600,1760.62,1766.14,1755.4,1763.83,35229
1668168000,1763.85,1766.55,1755.02,1765.5,39323
1668182400,1765.5,1765.63,1755.51,1764.55,43050
1668196800,1764.52,1772.46,1763.18,1769.86,16082
1668384000,1766.31,1766.66,1760.63,1762.63,14259
1668398400,1762.7,1766.23,1757.86,1758.4,16094
1668412800,1758.39,1766.1,1756.96,1757.1,26295
1668427200,1757.05,1764.07,1753.19,1763.58,26893
1668441600,1763.62,1775.0,1762.32,1770.71,35594
1668456000,1770.72,1774.38,1770.22,1771.58,14134
1668470400,1770.11,1772.3,1767.0,1769.01,9027
1668484800,1769.01,1773.63,1768.09,1770.79,11763
1668499200,1770.73,1784.38,1768.64,1776.17,29850
1668513600,1776.17,1786.46,1773.12,1777.12,39977
1668528000,1777.1,1779.44,1767.93,1772.35,56884
1668542400,1772.26,1785.66,1768.25,1778.31,44621
1668556800,1777.99,1781.37,1773.59,1774.35,12145
1668571200,1774.35,1776.98,1770.26,1774.12,18445
1668585600,1774.09,1783.46,1771.29,1782.78,27927
1668600000,1782.79,1785.04,1774.36,1779.08,34502
1668614400,1779.09,1780.33,1772.84,1774.62,42642
1668628800,1774.65,1776.12,1770.83,1773.35,18729
1668643200,1770.91,1774.72,1769.2,1769.74,7113
1668657600,1769.72,1769.87,1761.34,1762.96,14480
1668672000,1762.95,1770.97,1762.78,1765.51,28421
1668686400,1765.48,1767.56,1756.26,1756.55,39300
1668700800,1756.53,1762.85,1754.4,1760.15,38702
1668715200,1760.17,1762.29,1759.41,1760.62,14641
1668729600,1759.81,1764.38,1759.26,1762.89,8042
1668744000,1762.88,1765.63,1761.02,1763.99,13030
1668758400,1763.97,1767.7,1760.62,1764.12,26199
1668772800,1764.12,1765.63,1758.07,1760.17,26961
1668787200,1760.19,1761.11,1749.84,1751.27,35877
1668801600,1751.28,1752.78,1747.49,1750.06,12375
1668988800,1750.05,1752.92,1744.29,1746.17,9452
1669003200,1746.2,1747.34,1743.74,1746.58,13341
1669017600,1746.62,1746.99,1736.89,1738.42,24666
1669032000,1738.25,1746.88,1737.95,1743.46,23640
1669046400,1743.49,1746.35,1732.48,1736.58,35386
1669060800,1736.58,1739.61,1735.3,1738.37,11600
1669075200,1737.96,1744.89,1737.03,1743.48,7331
1669089600,1743.48,1745.54,1740.78,1741.45,10907
1669104000,1741.45,1748.34,1739.98,1746.96,22738
1669118400,1746.95,1749.73,1742.94,1743.65,22805
1669132800,1743.69,1746.6,1738.48,1739.6,28371
1669147200,1739.54,1740.62,1736.96,1739.86,11933
1669161600,1739.38,1742.88,1738.94,1740.27,6748
1669176000,1740.22,1741.66,1732.83,1736.46,10595
1669190400,1736.44,1745.69,1735.54,1739.49,19910
1669204800,1739.51,1740.08,1719.4,1736.7,25844
1669219200,1736.7,1747.65,1735.53,1743.19,34398
1669233600,1743.25,1753.11,1742.43,1749.24,15079
1669248000,1748.81,1755.94,1748.78,1755.45,8480
1669262400,1755.39,1756.7,1752.98,1753.03,8993
1669276800,1753.04,1758.12,1752.37,1756.18,16202
1669291200,1756.19,1758.53,1754.49,1756.83,16669
1669305600,1756.78,1758.44,1754.76,1755.29,10604
1669320000,1755.29,1755.5,1753.2,1754.71,822
1669334400,1754.61,1757.37,1752.3,1756.5,8293
1669348800,1756.5,1761.03,1755.67,1756.56,9392
1669363200,1756.53,1757.0,1749.17,1750.84,17707
1669377600,1750.85,1754.27,1745.87,1748.25,19708
1669392000,1748.25,1755.47,1746.91,1753.07,20872
1669406400,1753.1,1756.15,1752.73,1754.65,1385
1669593600,1751.59,1753.79,1745.8,1746.75,9517
1669608000,1746.76,1752.13,1746.11,1749.34,10375
1669622400,1749.35,1762.77,1748.96,1760.85,21069
1669636800,1760.84,1763.63,1750.22,1753.35,21524
1669651200,1753.32,1753.32,1741.75,1742.51,31792
1669665600,1742.51,1742.88,1739.5,1740.98,8664
1669680000,1740.01,1746.36,1738.03,1746.2,7631
1669694400,1746.21,1754.94,1744.46,1754.06,12464
1669708800,1754.09,1758.92,1751.4,1754.03,21930
1669723200,1754.01,1757.4,1749.94,1751.49,22447
1669737600,1751.51,1757.95,1746.85,1750.89,29298
1669752000,1750.89,1752.32,1747.78,1749.62,8471
1669766400,1747.74,1754.08,1747.54,1752.74,6523
1669780800,1752.73,1755.65,1751.12,1753.69,8401
1669795200,1753.63,1762.02,1752.79,1761.85,17248
1669809600,1761.87,1764.57,1753.96,1754.99,26939
1669824000,1755.02,1763.19,1749.01,1752.72,35009
1669838400,1752.71,1769.86,1744.78,1768.16,32069
1669852800,1768.81,1779.98,1767.4,1775.72,13179
1669867200,1775.69,1782.56,1771.84,1779.95,14498
1669881600,1779.95,1783.61,1774.55,1778.13,22969
1669896000,1778.11,1792.09,1776.38,1789.33,27438
1669910400,1789.33,1803.96,1789.06,1801.5,43421
1669924800,1801.49,1803.37,1799.12,1802.87,11724
1669939200,1802.41,1804.32,1797.12,1797.88,7005
1669953600,1797.89,1799.0,1795.44,1797.03,9658
1669968000,1797.05,1802.9,1796.94,1801.7,22972
1669982400,1801.71,1801.72,1778.39,1785.59,33692
1669996800,1785.54,1798.42,1780.83,1795.12,52866
1670011200,1795.19,1799.47,1793.41,1798.41,16346
1670198400,1793.29,1808.2,1793.08,1806.45,14334
1670212800,1806.44,1809.85,1805.71,1807.27,14741
1670227200,1807.27,1807.73,1794.94,1796.77,23772
1670241600,1796.77,1798.37,1790.84,1792.47,29022
1670256000,1792.46,1793.27,1768.89,1769.72,54841
1670270400,1769.72,1770.25,1765.69,1768.48,17287
1670284800,1767.71,1776.05,1766.96,1774.49,10932
1670299200,1774.49,1776.14,1768.65,1770.73,15482
1670313600,1770.74,1773.74,1767.12,1771.05,22704
1670328000,1770.97,1780.78,1770.91,1778.21,22995
1670342400,1778.18,1778.67,1770.18,1771.39,35068
1670356800,1771.41,1772.64,1767.17,1770.93,10227
1670371200,1770.41,1773.63,1768.63,1773.29,8662
1670385600,1773.49,1775.12,1770.24,1773.01,11627
1670400000,1773.0,1775.83,1769.51,1772.36,21741
1670414400,1772.33,1779.18,1770.68,1778.14,25534
1670428800,1778.17,1787.78,1775.95,1783.08,52080
1670443200,1783.05,1790.43,1782.67,1786.1,16011
1670457600,1785.61,1788.02,1781.43,1782.22,9214
1670472000,1782.21,1784.6,1781.33,1784.43,12338
1670486400,1784.39,1787.01,1781.57,1783.24,19855
1670500800,1783.25,1791.86,1781.76,1789.45,24534
1670515200,1789.46,1794.8,1784.39,1787.11,36999
1670529600,1787.13,1792.02,1786.54,1789.43,13639
1670544000,1788.44,1795.6,1788.41,1794.12,7410
1670558400,1794.16,1797.67,1792.01,1795.09,13871
1670572800,1795.15,1796.89,1788.83,1792.57,18004
1670587200,1792.58,1804.25,1789.93,1797.93,30980
1670601600,1798.07,1806.05,1790.05,1798.74,44358
1670616000,1798.66,1800.06,1794.65,1796.61,14002
1670803200,1795.81,1797.01,1789.65,1790.63,10828
1670817600,1790.61,1790.81,1785.36,1786.84,13501
1670832000,1786.78,1792.41,1785.95,1792.19,19211
1670846400,1792.2,1795.43,1787.19,1787.53,20308
1670860800,1787.54,1790.13,1781.03,1782.97,35017
1670875200,1782.96,1783.23,1777.48,1781.43,16924
1670889600,1779.61,1784.68,1779.61,1784.16,5138
1670904000,1784.23,1785.98,1781.03,1785.28,10159
1670918400,1785.29,1788.6,1782.87,1784.49,19723
1670932800,1784.49,1811.8,1782.55,1810.97,38336
1670947200,1810.93,1824.4,1805.25,1808.33,76731
1670961600,1808.28,1814.4,1807.53,1810.47,26509
1670976000,1809.91,1812.58,1808.76,1810.63,8336
1670990400,1810.63,1812.1,1808.18,1809.56,9864
1671004800,1809.54,1813.11,1806.4,1807.62,22079
1671019200,1807.6,1810.23,1804.24,1808.55,27925
1671033600,1808.56,1812.98,1807.74,1808.29,37194
1671048000,1808.27,1814.13,1795.12,1807.23,60371
1671062400,1806.61,1808.59,1797.05,1798.42,10931
1671076800,1798.46,1798.63,1789.55,1792.83,17327
1671091200,1792.81,1796.36,1773.73,1777.58,31911
1671105600,1777.59,1781.47,1773.75,1776.38,39085
1671120000,1776.38,1785.97,1774.07,1776.74,61394
1671134400,1776.79,1779.26,1775.9,1776.48,17322
1671148800,1776.01,1778.71,1775.45,1777.35,10014
1671163200,1777.35,1784.1,1777.03,1779.07,13447
1671177600,1779.06,1784.88,1774.18,1778.1,24724
1671192000,1778.09,1786.54,1777.62,1785.38,25387
1671206400,1785.42,1793.82,1782.07,1787.55,45618
1671220800,1787.55,1794.23,1787.32,1792.9,14454
1671408000,1791.07,1795.09,1790.81,1794.08,10071
1671422400,1794.08,1796.84,1790.15,1790.73,12397
1671436800,1790.72,1798.65,1790.58,1795.34,18387
1671451200,1795.34,1797.1,1790.91,1791.4,20648
1671465600,1791.4,1795.92,1783.71,1789.96,32055
1671480000,1789.95,1790.02,1786.23,1787.42,10695
1671494400,1786.51,1788.08,1784.57,1786.55,8968
1671508800,1786.57,1796.14,1785.13,1788.74,37735
1671523200,1788.73,1807.79,1788.21,1807.21,35089
1671537600,1807.15,1809.4,1798.19,1805.6,30832
1671552000,1805.57,1821.07,1802.66,1817.9,47558
1671566400,1817.87,1818.97,1814.13,1817.93,14554
1671580800,1817.85,1819.74,1815.68,1816.44,11191
1671595200,1816.41,1818.64,1812.97,1814.08,12631
1671609600,1814.09,1817.32,1811.75,1813.15,21071
1671624000,1813.15,1819.76,1811.82,1817.5,24727
1671638400,1817.51,1823.76,1814.64,1816.8,33437
1671652800,1816.76,1818.28,1812.79,1814.26,11323
1671667200,1813.71,1819.77,1813.28,1819.4,8440
1671681600,1819.37,1820.35,1817.45,1818.49,11053
1671696000,1818.53,1819.63,1813.59,1816.92,17154
1671710400,1816.91,1819.89,1807.03,1807.73,26912
1671724800,1807.71,1809.96,1792.57,1792.96,36368
1671739200,1792.99,1795.05,1784.73,1792.43,17344
1671753600,1792.46,1795.17,1791.15,1794.97,6864
1671768000,1794.99,1796.17,1792.33,1794.63,9357
1671782400,1794.66,1799.17,1794.44,1798.63,13509
1671796800,1798.61,1800.26,1793.18,1794.22,22346
1671811200,1794.21,1803.15,1791.07,1797.1,32203
1671825600,1797.09,1798.21,1793.48,1798.11,8934
1672099200,1800.58,1804.6,1800.02,1804.5,7634
1672113600,1804.5,1807.42,1803.31,1805.81,7902
1672128000,1805.81,1809.74,1804.87,1808.53,11123
1672142400,1808.56,1811.5,1805.91,1806.38,17704
1672156800,1806.39,1833.25,1802.21,1813.67,36104
1672171200,1813.64,1817.52,1812.15,1813.89,10974
1672185600,1813.31,1814.47,1809.41,1813.01,7022
1672200000,1812.99,1813.07,1809.88,1810.46,7606
1672214400,1810.44,1811.45,1799.73,1800.02,17085
1672228800,1800.02,1807.54,1799.17,1803.71,17068
1672243200,1803.68,1809.4,1796.92,1805.58,31363
1672257600,1805.6,1809.18,1802.74,1804.03,10519
1672272000,1803.56,1808.64,1803.09,1806.49,5640
1672286400,1806.47,1810.01,1805.85,1809.55,7114
1672300800,1809.58,1811.92,1804.76,1808.65,12972
1672315200,1808.67,1812.02,1804.32,1810.29,18166
1672329600,1810.31,1819.77,1808.56,1818.82,28501
1672344000,1818.83,1820.09,1814.18,1814.61,8974
1672358400,1814.3,1818.02,1813.59,1817.46,5203
1672372800,1817.46,1819.09,1815.55,1818.78,7130
1672387200,1818.73,1822.22,1814.67,1815.01,13881
1672401600,1815.01,1821.82,1813.28,1821.59,16471
1672416000,1821.68,1825.12,1814.18,1823.84,31617
1672430400,1823.88,1825.91,1818.41,1824.21,15671
1672704000,1827.36,1832.37,1823.64,1828.47,11060
1672718400,1828.47,1843.03,1828.28,1840.29,13311
1672732800,1840.26,1849.88,1834.41,1838.79,28697
1672747200,1838.74,1840.96,1830.78,1838.85,23036
1672761600,1838.86,1849.79,1827.51,1839.21,41160
1672776000,1839.2,1840.17,1836.44,1839.27,12409
1672790400,1838.41,1844.46,1836.08,1844.22,7533
1672804800,1844.32,1847.12,1843.32,1846.25,9340
1672819200,1846.2,1865.07,1845.72,1860.45,23865
1672833600,1860.47,1862.74,1852.74,1860.04,24041
1672848000,1860.03,1860.87,1848.9,1850.47,45178
1672862400,1850.49,1857.09,1847.04,1854.2,24938
1672876800,1854.06,1858.97,1853.68,1858.8,7298
1672891200,1858.81,1858.81,1850.21,1852.51,10708
1672905600,1852.53,1855.55,1843.74,1848.46,21932
1672920000,1848.5,1851.28,1833.02,1834.76,27968
1672934400,1834.71,1837.83,1825.04,1833.82,42247
1672948800,1833.84,1837.4,1831.84,1832.92,12622
1672963200,1830.31,1836.02,1830.11,1835.39,6238
1672977600,1835.36,1840.79,1835.33,1837.06,10125
1672992000,1837.06,1840.56,1833.22,1835.42,14824
1673006400,1835.43,1852.44,1834.01,1851.77,28761
1673020800,1851.69,1864.92,1840.55,1862.31,45329
1673035200,1862.25,1869.75,1861.73,1866.41,9707
1673222400,1867.57,1875.22,1864.22,1874.37,11631
1673236800,1874.41,1879.4,1874.21,1877.87,11022
1673251200,1877.84,1880.88,1871.17,1873.53,19679
1673265600,1873.57,1878.35,1870.4,1878.18,18864
1673280000,1878.14,1881.44,1869.02,1871.77,31998
1673294400,1871.8,1875.68,1869.11,1871.47,14139
1673308800,1870.86,1875.83,1867.66,1874.38,9104
1673323200,1874.39,1875.54,1870.6,1873.98,11329
1673337600,1873.98,1877.19,1870.57,1876.78,19719
1673352000,1876.8,1877.11,1870.34,1873.29,22760
1673366400,1873.3,1880.69,1871.16,1874.17,42192
1673380800,1874.17,1878.59,1871.89,1877.06,10308
1673395200,1876.16,1878.39,1871.92,1872.98,6530
1673409600,1872.94,1884.58,1872.22,1882.19,10473
1673424000,1882.18,1886.53,1880.19,1884.56,20833
1673438400,1884.54,1885.97,1875.68,1877.5,22753
1673452800,1877.52,1879.04,1867.04,1873.8,35653
1673467200,1873.8,1878.42,1873.04,1875.79,10097
1673481600,1875.01,1881.03,1874.21,1880.49,8253
1673496000,1880.51,1884.95,1880.16,1883.57,9637
1673510400,1883.56,1885.32,1879.84,1884.27,16265
1673524800,1884.26,1901.52,1867.22,1899.63,36402
1673539200,1899.64,1901.27,1879.74,1897.65,61978
1673553600,1897.65,1899.51,1894.02,1897.19,19233
1673568000,1895.21,1900.91,1895.03,1898.69,11944
1673582400,1898.71,1899.76,1892.26,1893.53,13900
1673596800,1893.54,1909.62,1893.38,1904.21,27132
1673611200,1904.21,1906.93,1893.63,1899.99,29873
1673625600,1900.0,1917.76,1899.09,1916.85,43762
1673640000,1916.88,1921.83,1916.71,1920.61,16012
1673827200,1918.82,1924.5,1916.74,1924.14,14116
1673841600,1924.11,1928.92,1916.82,1919.47,14915
1673856000,1919.45,1920.78,1910.79,1917.52,22252
1673870400,1917.53,1919.27,1911.31,1913.28,18246
1673884800,1913.28,1917.03,1912.5,1913.36,13489
1673913600,1915.83,1918.98,1912.77,1912.97,8901
1673928000,1912.97,1916.19,1908.04,1910.96,13151
1673942400,1910.96,1911.88,1905.76,1906.54,21198
1673956800,1906.52,1914.36,1904.14,1912.95,26657
1673971200,1912.97,1916.62,1905.1,1907.07,41790
1673985600,1907.08,1910.76,1903.66,1908.23,14052
1674000000,1907.86,1909.14,1906.3,1908.7,7790
1674014400,1908.69,1910.3,1896.48,1897.83,24214
1674028800,1897.8,1915.89,1897.69,1914.77,29140
1674043200,1914.76,1924.2,1911.18,1921.25,30935
1674057600,1921.24,1925.84,1901.49,1905.25,54447
1674072000,1905.34,1906.46,1902.24,1903.99,15510
1674086400,1904.21,1909.49,1901.3,1901.89,13299
1674100800,1901.88,1910.9,1900.94,1910.02,15067
1674115200,1910.02,1916.72,1906.32,1910.33,23272
1674129600,1910.36,1913.39,1906.62,1913.17,30046
1674144000,1913.18,1923.27,1912.74,1920.03,44045
1674158400,1920.04,1935.11,1919.74,1931.54,20845
1674172800,1931.8,1934.82,1929.34,1931.66,8792
1674187200,1931.67,1932.45,1923.12,1927.86,11482
1674201600,1927.82,1937.49,1926.16,1929.34,21533
1674216000,1929.34,1931.34,1923.85,1924.11,25787
1674230400,1924.1,1930.93,1920.61,1925.16,36039
1674244800,1925.15,1930.97,1924.67,1926.7,14499
1674432000,1925.46,1933.73,1923.71,1932.47,8572
1674446400,1932.44,1935.48,1926.02,1926.18,8883
1674460800,1926.16,1927.46,1918.82,1925.92,21358
1674475200,1925.9,1929.32,1918.63,1921.91,22763
1674489600,1921.89,1926.34,1911.35,1923.86,45317
1674504000,1924.03,1931.75,1923.77,1931.44,14987
1674518400,1930.6,1935.78,1930.54,1935.78,5560
1674532800,1935.78,1936.95,1931.82,1934.05,8139
1674547200,1934.04,1942.47,1933.9,1936.07,21126
1674561600,1936.07,1939.4,1930.31,1932.41,22587
1674576000,1932.41,1936.61,1917.14,1933.84,49457
1674590400,1933.87,1938.23,1933.06,1937.22,13153
1674604800,1936.9,1938.81,1934.95,1937.35,5521
1674619200,1937.41,1939.59,1925.82,1927.49,9348
1674633600,1927.51,1933.64,1926.22,1927.94,17993
1674648000,1927.94,1928.41,1919.85,1922.28,21896
1674662400,1922.27,1940.47,1921.74,1937.29,42128
1674676800,1937.29,1948.02,1937.29,1946.29,14994
1674691200,1946.0,1949.11,1942.52,1945.55,6428
1674705600,1945.56,1948.8,1943.65,1947.53,7527
1674720000,1947.51,1948.95,1933.86,1936.77,20445
1674734400,1936.76,1939.54,1931.08,1937.63,23966
1674748800,1937.68,1942.38,1918.53,1926.58,47345
1674763200,1926.56,1933.13,1926.41,1929.1,12695
1674777600,1927.5,1934.8,1927.5,1930.11,7021
1674792000,1930.09,1931.09,1919.8,1925.03,9619
1674806400,1925.03,1928.19,1922.07,1925.62,16013
1674820800,1925.58,1934.98,1925.12,1928.79,20409
1674835200,1928.81,1932.18,1916.57,1928.52,39947
1674849600,1928.51,1931.98,1926.08,1928.19,9081
1675036800,1928.5,1930.94,1924.73,1927.7,9248
1675051200,1927.7,1934.4,1924.33,1931.33,12272
1675065600,1931.32,1932.11,1920.64,1924.67,20239
1675080000,1924.69,1930.73,1922.02,1929.07,19256
1675094400,1929.09,1929.61,1921.86,1924.28,26916
1675108800,1924.27,1924.68,1920.73,1922.97,11065
1675123200,1922.32,1927.4,1921.03,1925.16,7981
1675137600,1925.18,1926.34,1916.89,1917.28,10225
1675152000,1917.26,1917.27,1902.57,1903.79,21508
1675166400,1903.79,1920.29,1900.74,1919.63,28446
1675180800,1919.64,1930.47,1918.49,1929.57,41465
1675195200,1929.58,1931.13,1927.19,1927.97,10917
1675209600,1927.66,1928.75,1925.58,1927.07,6136
1675224000,1927.07,1928.44,1924.54,1926.06,7952
1675238400,1926.02,1929.24,1923.2,1925.04,16723
1675252800,1925.03,1933.23,1923.72,1929.29,20321
1675267200,1929.3,1932.88,1920.49,1925.61,38905
1675281600,1925.64,1954.51,1921.17,1950.03,46795
1675296000,1950.55,1957.26,1949.25,1952.76,13291
1675310400,1952.75,1954.42,1951.48,1952.58,9006
1675324800,1952.59,1959.66,1951.25,1956.4,21082
1675339200,1956.41,1957.2,1943.27,1944.28,32974
1675353600,1944.29,1947.17,1911.81,1912.12,68054
1675368000,1912.12,1918.55,1911.28,1912.43,26132
1675382400,1911.4,1918.14,1911.4,1917.75,9151
1675396800,1917.77,1918.51,1913.8,1914.94,9602
1675411200,1914.96,1918.22,1910.08,1913.23,19966
1675425600,1913.25,1917.01,1882.75,1886.78,34409
1675440000,1886.78,1886.78,1862.69,1863.45,72024
1675454400,1863.48,1866.96,1861.36,1865.65,19602
1675641600,1860.65,1873.47,1859.76,1872.76,15781
1675656000,1872.76,1878.69,1871.64,1878.07,14104
1675670400,1878.08,1881.35,1870.09,1873.19,21412
1675684800,1873.2,1874.07,1868.18,1871.58,24565
1675699200,1871.59,1875.76,1863.03,1865.97,44480
1675713600,1865.95,1871.29,1864.29,1867.51,17364
1675728000,1867.12,1873.48,1866.8,1873.48,7161
1675742400,1873.49,1875.55,1871.61,1874.91,10764
1675756800,1874.94,1877.94,1871.09,1873.33,21299
1675771200,1873.33,1875.42,1865.66,1869.86,22440
1675785600,1869.84,1884.39,1866.6,1880.59,47415
1675800000,1880.57,1882.76,1864.96,1872.07,40545
1675814400,1872.25,1878.43,1871.4,1876.01,7599
1675828800,1876.04,1878.3,1874.24,1876.91,8208
1675843200,1876.91,1886.36,1873.26,1885.97,21369
1675857600,1885.99,1886.0,1872.59,1877.73,19533
1675872000,1877.71,1883.12,1868.93,1875.7,38528
1675886400,1875.71,1879.88,1873.81,1875.69,16253
1675900800,1875.1,1876.85,1872.03,1876.85,6878
1675915200,1876.85,1881.35,1876.66,1879.03,9147
1675929600,1879.06,1885.43,1876.8,1883.12,18976
1675944000,1883.13,1889.79,1879.71,1889.57,24216
1675958400,1889.58,1890.23,1862.93,1868.44,44545
1675972800,1868.42,1869.64,1858.87,1861.12,20903
1675987200,1861.47,1865.39,1859.01,1862.16,8631
1676001600,1862.16,1863.37,1852.74,1860.07,12939
1676016000,1860.06,1872.14,1857.59,1864.13,32003
1676030400,1864.14,1868.56,1860.36,1866.97,24871
1676044800,1866.98,1868.5,1856.33,1861.72,36410
1676059200,1861.69,1865.68,1861.14,1865.45,12790
1676246400,1863.71,1865.29,1858.09,1861.43,9918
1676260800,1861.38,1862.4,1856.96,1859.62,10788
1676275200,1859.61,1866.49,1854.64,1857.1,19706
1676289600,1857.1,1862.99,1853.8,1856.91,19681
1676304000,1856.88,1859.31,1850.61,1851.49,29570
1676318400,1851.54,1855.7,1850.45,1853.74,12324
1676332800,1852.75,1856.64,1852.75,1856.48,6856
1676347200,1856.47,1859.3,1855.61,1859.26,7826
1676361600,1859.25,1864.92,1857.81,1862.59,17093
1676376000,1862.6,1870.63,1849.99,1862.43,33569
1676390400,1862.44,1866.32,1843.2,1849.77,68514
1676404800,1849.8,1858.79,1849.57,1854.37,16698
1676419200,1853.37,1859.21,1853.3,1858.92,6800
1676433600,1858.91,1860.12,1845.16,1846.36,11408
1676448000,1846.36,1846.56,1831.77,1835.68,26034
1676462400,1835.66,1838.89,1831.72,1834.62,27002
1676476800,1834.62,1838.69,1830.45,1834.93,37032
1676491200,1834.93,1838.59,1833.69,1836.12,12339
1676505600,1835.2,1842.22,1834.45,1841.3,9685
1676520000,1841.28,1842.56,1835.32,1836.95,11871
1676534400,1836.97,1844.78,1834.21,1835.53,18981
1676548800,1835.47,1840.37,1827.64,1830.82,25020
1676563200,1830.84,1843.86,1827.6,1842.39,45092
1676577600,1842.41,1845.28,1835.75,1836.16,19369
1676592000,1836.37,1836.95,1828.88,1828.99,8587
1676606400,1828.97,1830.52,1823.8,1827.53,11537
1676620800,1827.52,1828.08,1818.87,1825.88,21566
1676635200,1825.89,1830.32,1821.78,1827.57,22953
1676649600,1827.56,1842.73,1822.66,1840.82,45425
1676664000,1840.83,1843.54,1840.19,1841.93,13237
1676851200,1840.32,1841.75,1837.3,1840.3,9496
1676865600,1840.19,1844.85,1839.4,1844.45,10902
1676880000,1844.46,1847.49,1841.1,1843.82,17356
1676894400,1843.84,1846.86,1842.5,1846.29,14255
1676908800,1846.29,1846.95,1841.08,1841.31,11634
1676937600,1840.85,1843.75,1840.01,1842.28,8183
1676952000,1842.3,1843.36,1837.06,1839.67,11642
1676966400,1839.7,1839.7,1831.03,1835.49,23209
1676980800,1835.49,1837.09,1830.22,1836.77,22568
1676995200,1836.78,1843.82,1832.12,1836.72,46335
1677009600,1836.77,1837.44,1831.61,1834.86,13696
1677024000,1834.47,1838.42,1834.3,1836.23,9417
1677038400,1836.24,1837.49,1834.57,1836.93,9445
1677052800,1836.99,1841.16,1832.84,1833.96,18395
1677067200,1833.95,1846.01,1832.04,1838.55,24190
1677081600,1838.45,1839.05,1830.67,1833.14,38164
1677096000,1833.2,1834.27,1823.49,1825.17,27845
1677110400,1824.97,1828.76,1823.11,1827.68,7340
1677124800,1827.67,1830.45,1826.28,1828.9,9555
1677139200,1828.93,1833.71,1825.61,1826.23,16953
1677153600,1826.26,1828.47,1817.46,1825.49,25529
1677168000,1825.49,1830.11,1818.48,1821.23,44974
1677182400,1821.2,1824.14,1819.15,1822.12,14969
1677196800,1821.81,1827.11,1821.09,1825.96,11434
1677211200,1825.97,1827.78,1823.97,1824.53,10490
1677225600,1824.55,1826.33,1819.66,1821.53,16940
1677240000,1821.53,1824.1,1811.22,1815.6,30797
1677254400,1815.64,1815.92,1808.91,1809.89,44361
1677268800,1809.91,1813.43,1808.93,1811.17,15477
1677456000,1811.05,1814.17,1809.05,1813.89,10015
1677470400,1813.88,1813.96,1806.61,1808.64,12572
1677484800,1808.64,1813.69,1807.12,1808.32,18082
1677499200,1808.33,1816.31,1808.23,1815.16,21723
1677513600,1815.14,1820.13,1812.59,1818.6,35536
1677528000,1818.61,1820.11,1815.95,1817.12,13204
1677542400,1816.7,1818.13,1815.33,1817.25,5530
1677556800,1817.24,1819.4,1812.16,1813.28,9690
1677571200,1813.28,1816.93,1804.6,1810.3,20660
1677585600,1810.3,1814.22,1807.25,1813.93,19015
1677600000,1813.94,1831.14,1813.02,1829.28,43696
1677614400,1829.26,1830.77,1826.24,1826.99,14512
1677628800,1826.17,1829.42,1823.06,1829.12,8262
1677643200,1829.11,1832.63,1827.29,1831.1,11325
1677657600,1831.15,1837.98,1830.39,1831.71,20992
1677672000,1831.7,1841.67,1830.76,1837.2,24089
1677686400,1837.19,1844.6,1833.42,1837.17,46324
1677700800,1837.16,1839.07,1836.48,1836.7,12684
1677715200,1836.38,1838.43,1831.0,1833.04,8952
1677729600,1833.06,1835.96,1832.21,1833.51,10496
1677744000,1833.52,1835.23,1829.92,1831.93,19868
1677758400,1831.93,1837.57,1830.04,1832.24,27229
1677772800,1832.23,1838.97,1832.01,1833.67,38120
1677787200,1833.69,1838.06,1832.81,1835.88,16217
1677801600,1835.67,1841.47,1834.35,1838.71,8653
1677816000,1838.69,1841.06,1837.85,1839.01,10454
1677830400,1839.05,1847.38,1838.94,1845.78,17506
1677844800,1845.77,1849.22,1844.52,1846.95,20827
1677859200,1846.94,1848.28,1838.99,1847.32,39661
1677873600,1847.32,1856.33,1846.57,1854.79,18410
1678060800,1853.95,1855.39,1850.73,1852.59,9177
1678075200,1852.56,1856.44,1851.01,1854.22,11151
1678089600,1854.22,1858.27,1850.58,1851.39,19433
1678104000,1851.4,1853.19,1847.24,1851.53,19929
1678118400,1851.49,1853.92,1848.42,1850.38,34277
1678132800,1850.38,1850.39,1845.07,1847.0,13743
1678147200,1845.85,1848.45,1844.07,1847.89,7102
1678161600,1847.91,1850.42,1846.51,1847.42,10935
1678176000,1847.42,1851.63,1843.39,1843.73,15397
1678190400,1843.73,1844.29,1833.39,1835.44,21891
1678204800,1835.38,1835.55,1815.63,1817.03,64712
1678219200,1817.05,1818.08,1812.65,1813.44,24011
1678233600,1813.25,1814.39,1811.34,1812.29,9392
1678248000,1812.28,1812.96,1809.35,1812.09,12009
1678262400,1812.09,1815.28,1811.44,1813.72,16241
1678276800,1813.74,1816.61,1812.18,1813.61,24180
1678291200,1813.62,1824.26,1812.97,1815.6,53158
1678305600,1815.61,1816.36,1812.83,1813.52,16182
1678320000,1813.17,1816.48,1812.18,1812.29,7667
1678334400,1812.27,1816.03,1811.87,1815.04,8344
1678348800,1815.04,1819.1,1812.72,1816.96,14469
1678363200,1817.01,1825.28,1815.4,1825.12,19994
1678377600,1825.12,1835.63,1823.92,1829.27,43568
1678392000,1829.25,1835.0,1828.19,1830.86,28034
1678406400,1830.97,1834.84,1829.65,1831.05,11189
1678420800,1831.04,1833.2,1827.69,1830.96,18426
1678435200,1831.0,1837.3,1830.15,1831.53,24759
1678449600,1831.53,1844.98,1830.82,1842.48,37154
1678464000,1842.45,1867.42,1839.95,1864.23,85678
1678478400,1864.19,1869.97,1860.83,1867.39,33749
1678665600,1878.43,1893.92,1872.14,1873.01,34909
1678680000,1873.01,1888.79,1872.45,1877.88,22851
1678694400,1877.86,1893.77,1871.47,1885.96,44649
1678708800,1885.92,1909.75,1880.87,1896.66,86913
1678723200,1896.65,1913.06,1896.3,1909.69,78561
1678737600,1909.74,1914.59,1907.94,1913.76,25019
1678752000,1912.16,1914.12,1905.28,1906.09,15232
1678766400,1906.09,1907.93,1901.46,1904.01,15256
1678780800,1904.15,1913.51,1900.7,1901.13,44545
1678795200,1901.23,1911.89,1895.34,1902.32,63483
1678809600,1902.38,1910.32,1900.12,1906.71,57000
1678824000,1906.72,1909.74,1902.18,1903.58,24949
1678838400,1904.29,1905.16,1899.88,1903.68,12239
1678852800,1903.68,1905.62,1899.1,1900.09,12924
1678867200,1900.07,1902.37,1885.65,1896.28,34240
1678881600,1896.31,1930.29,1896.17,1926.07,79988
1678896000,1926.09,1937.31,1917.48,1924.36,65240
1678910400,1924.37,1926.26,1908.96,1918.0,28334
1678924800,1919.05,1924.35,1907.48,1911.04,23042
1678939200,1911.03,1920.18,1909.38,1919.89,17679
1678953600,1919.83,1922.51,1912.4,1921.79,31414
1678968000,1921.8,1933.46,1918.63,1923.74,54732
1678982400,1923.75,1932.39,1913.3,1916.23,77429
1678996800,1916.23,1921.14,1916.22,1919.69,18397
1679011200,1919.74,1922.74,1918.2,1922.74,10985
1679025600,1922.74,1932.86,1922.06,1929.48,14347
1679040000,1929.46,1934.3,1927.32,1932.18,24482
1679054400,1932.18,1952.15,1929.26,1950.63,43208
1679068800,1950.72,1975.17,1949.73,1972.78,57412
1679083200,1972.78,1987.71,1970.33,1986.13,32917
1679270400,1985.27,1987.99,1968.01,1969.64,20345
1679284800,1969.64,1988.6,1969.19,1987.97,15996
1679299200,1988.01,2009.75,1981.78,1984.91,52406
1679313600,1984.77,1988.59,1972.44,1977.92,57384
1679328000,1977.92,1980.95,1965.8,1977.52,49952
1679342400,1977.52,1984.34,1976.12,1978.75,13920
1679356800,1978.67,1982.86,1975.39,1980.06,11431
1679371200,1980.09,1985.15,1979.15,1982.45,12546
1679385600,1982.44,1983.21,1962.86,1968.93,33056
1679400000,1968.95,1969.39,1951.96,1952.81,43370
1679414400,1952.72,1954.94,1936.6,1941.41,53737
1679428800,1941.43,1942.16,1935.36,1940.35,12049
1679443200,1939.62,1946.25,1939.53,1943.91,11942
1679457600,1943.89,1943.89,1937.91,1939.75,13940
1679472000,1939.71,1945.67,1934.24,1944.06,26482
1679486400,1944.06,1945.3,1937.05,1942.88,34759
1679500800,1942.88,1951.9,1942.56,1946.17,38228
1679515200,1946.3,1978.78,1946.17,1968.05,51179
1679529600,1967.72,1973.74,1964.4,1969.0,17924
1679544000,1968.99,1980.89,1968.82,1977.03,20699
1679558400,1977.06,1983.59,1974.23,1978.03,32541
1679572800,1978.03,1984.98,1966.52,1984.06,41038
1679587200,1984.05,1999.68,1977.66,1999.58,51430
1679601600,1999.58,2003.3,1988.01,1993.03,31581
1679616000,1992.64,1994.78,1989.64,1990.71,15319
1679630400,1990.75,1993.44,1989.31,1990.46,17671
1679644800,1990.44,1994.87,1981.19,1994.35,31045
1679659200,1994.4,2003.08,1988.62,1989.48,60333
1679673600,1989.55,1998.39,1975.57,1979.67,56906
1679688000,1979.71,1979.89,1975.13,1977.53,14638
1679875200,1978.15,1979.47,1969.16,1973.58,10148
1679889600,1973.58,1978.69,1972.1,1973.7,17547
1679904000,1973.7,1973.86,1965.89,1968.34,24811
1679918400,1968.33,1968.66,1944.3,1945.65,34249
1679932800,1945.67,1959.4,1943.93,1955.83,44072
1679947200,1955.7,1958.2,1950.72,1956.07,17164
1679961600,1955.67,1960.76,1954.45,1959.35,6992
1679976000,1959.42,1963.97,1957.29,1957.72,15958
1679990400,1957.68,1960.81,1949.79,1950.19,26866
1680004800,1950.19,1967.35,1949.09,1965.25,27879
1680019200,1965.25,1970.0,1958.94,1969.01,36259
1680033600,1969.04,1975.28,1968.82,1973.7,17288
1680048000,1972.28,1974.35,1969.91,1970.4,4994
1680062400,1970.42,1971.86,1965.76,1966.14,11518
1680076800,1966.15,1967.66,1958.61,1964.3,17384
1680091200,1964.32,1969.14,1962.38,1964.81,19062
1680105600,1964.84,1971.66,1960.56,1965.05,30371
1680120000,1965.03,1969.21,1961.09,1964.53,12493
1680134400,1963.32,1964.85,1960.74,1961.37,5668
1680148800,1961.38,1961.96,1955.31,1960.8,12426
1680163200,1960.82,1971.51,1960.2,1967.91,22880
1680177600,1967.93,1975.28,1966.88,1970.23,21772
1680192000,1970.21,1984.26,1963.92,1983.11,39397
1680206400,1983.11,1983.45,1978.12,1979.88,13219
1680220800,1979.77,1980.48,1977.58,1979.66,6105
1680235200,1979.67,1983.57,1979.06,1980.77,13661
1680249600,1980.77,1985.04,1973.16,1975.11,19160
1680264000,1975.11,1987.52,1975.11,1979.57,22969
1680278400,1979.55,1984.04,1974.75,1977.08,38931
1680292800,1977.1,1977.2,1966.83,1969.22,18322
1680480000,1972.57,1972.57,1956.74,1962.35,11114
1680494400,1962.34,1964.43,1949.7,1952.52,17548
1680508800,1952.54,1966.39,1950.76,1965.72,18183
1680523200,1965.73,1979.93,1963.02,1978.94,21461
1680537600,1978.98,1990.51,1972.28,1986.98,43202
1680552000,1986.96,1986.96,1981.82,1984.04,14148
1680566400,1983.47,1985.5,1982.15,1982.86,4835
1680580800,1982.87,1983.55,1977.76,1979.72,11098
1680595200,1979.72,1984.23,1976.87,1980.61,17734
1680609600,1980.61,1985.59,1978.45,1983.59,17659
1680624000,1983.58,2025.0,1983.35,2020.7,54928
1680638400,2020.72,2022.39,2017.8,2020.44,15590
1680652800,2020.36,2023.58,2019.4,2019.5,6228
1680667200,2019.5,2025.31,2019.5,2023.31,10393
1680681600,2023.29,2028.34,2022.71,2024.0,15271
1680696000,2023.99,2032.02,2021.49,2031.52,21787
1680710400,2031.52,2032.14,2009.89,2021.32,48988
1680724800,2021.33,2023.29,2019.06,2020.23,13299
1680739200,2020.47,2021.28,2016.95,2016.99,4269
1680753600,2017.0,2017.05,2007.98,2013.54,13038
1680768000,2013.56,2019.61,2011.75,2017.36,17210
1680782400,2017.36,2020.9,2011.18,2012.87,21001
1680796800,2012.86,2014.92,2000.81,2011.67,34522
1680811200,2011.65,2012.5,2005.74,2007.47,13617
1681084800,1998.8,2006.34,1994.55,1998.21,6049
1681099200,1998.26,2000.64,1988.82,1992.06,9512
1681113600,1992.05,1999.3,1991.31,1997.28,9014
1681128000,1997.27,2002.87,1989.08,1989.45,16606
1681142400,1989.47,1994.34,1981.56,1989.73,30761
1681156800,1989.66,1992.78,1987.55,1991.26,10500
1681171200,1990.98,1995.32,1990.09,1993.13,4321
1681185600,1993.13,2000.01,1988.78,1999.73,12521
1681200000,1999.73,2007.46,1997.73,2004.59,16897
1681214400,2004.59,2005.4,1998.19,1998.54,18640
1681228800,1998.56,2006.55,1995.55,2006.19,27894
1681243200,2006.19,2006.68,2000.94,2003.28,10554
1681257600,2002.97,2005.47,2001.65,2005.42,3739
1681272000,2005.42,2021.11,2003.92,2020.36,16944
1681286400,2020.3,2020.75,2008.91,2009.04,18248
1681300800,2009.01,2028.25,2006.22,2022.2,26283
1681315200,2022.26,2023.81,2001.31,2007.84,47782
1681329600,2007.83,2018.08,2006.37,2014.69,20319
1681344000,2013.65,2019.75,2013.35,2017.84,5769
1681358400,2017.84,2019.44,2015.65,2018.42,11959
1681372800,2018.46,2029.2,2015.23,2026.56,17576
1681387200,2026.54,2045.81,2024.96,2045.02,25512
1681401600,2045.03,2048.65,2033.61,2040.11,39569
1681416000,2040.14,2044.1,2036.57,2040.75,14103
1681430400,2039.75,2043.61,2038.54,2041.86,5023
1681444800,2041.91,2047.4,2041.06,2043.21,13280
1681459200,2043.22,2044.32,2031.77,2035.74,20014
1681473600,2035.69,2042.2,2017.21,2024.63,33450
1681488000,2024.61,2028.05,1992.36,1999.52,55928
1681502400,1999.52,2007.95,1998.58,2004.55,15669
1681689600,1998.15,2004.97,1997.65,2002.11,7449
1681704000,2002.11,2006.19,1995.3,2004.31,15891
1681718400,2004.32,2014.99,2003.69,2009.89,21206
1681732800,2009.88,2012.06,1999.07,2000.55,21815
1681747200,2000.48,2002.17,1981.08,1991.49,39321
1681761600,1991.49,1997.08,1991.31,1995.03,10086
1681776000,1994.97,1996.08,1993.29,1995.12,3784
1681790400,1995.09,2001.74,1994.41,1998.27,13797
1681804800,1998.26,2005.11,1996.42,2003.14,16265
1681819200,2003.17,2005.78,1999.04,2001.23,17962
1681833600,2001.21,2011.8,1991.22,2007.08,36551
1681848000,2007.12,2008.19,2003.35,2004.64,11163
1681862400,2004.97,2007.38,2003.75,2007.28,5101
1681876800,2007.28,2008.13,2001.93,2003.87,13055
1681891200,2003.88,2004.23,1976.53,1979.93,29613
1681905600,1979.92,1980.52,1969.19,1980.27,29919
1681920000,1980.25,1996.44,1979.28,1995.93,36263
1681934400,1995.93,1996.8,1993.62,1994.92,13835
1681948800,1993.67,1996.64,1993.13,1995.56,6159
1681963200,1995.56,1998.74,1990.45,1992.63,13843
1681977600,1992.65,2001.2,1991.36,1996.64,20777
1681992000,1996.63,2011.3,1992.25,2006.77,27058
1682006400,2006.75,2012.32,1998.85,2005.78,36220
1682020800,2005.8,2008.31,2002.15,2004.66,13001
1682035200,2004.16,2005.5,2001.57,2004.5,6068
1682049600,2004.54,2005.17,2000.24,2000.53,11274
1682064000,2000.52,2001.03,1981.86,1988.22,27723
1682078400,1988.22,1992.41,1982.07,1988.91,23347
1682092800,1988.89,1997.94,1971.5,1977.48,45640
1682107200,1977.41,1983.54,1977.37,1982.64,10908
1682294400,1980.87,1985.34,1979.45,1983.8,5642
1682308800,1983.8,1984.58,1978.14,1979.52,15850
1682323200,1979.52,1985.23,1976.39,1985.04,20474
1682337600,1985.05,1986.89,1980.97,1983.79,19653
1682352000,1983.79,1987.67,1974.05,1986.62,34093
1682366400,1986.62,1990.79,1986.56,1988.88,11886
1682380800,1988.97,2000.9,1987.65,1996.87,6127
1682395200,1996.85,2000.53,1990.93,1991.03,16094
1682409600,1991.02,1997.23,1986.87,1988.44,22448
1682424000,1988.48,1994.51,1976.05,1992.84,30268
1682438400,1992.85,1993.67,1983.34,1990.55,36464
1682452800,1990.55,2003.82,1989.89,1996.53,21703
1682467200,1996.35,2002.43,1995.35,1997.7,8930
1682481600,1997.7,2000.75,1993.07,1995.45,15471
1682496000,1995.45,1999.25,1994.34,1997.66,18527
1682510400,1997.64,2001.69,1991.37,1997.95,26698
1682524800,1997.91,2009.33,1985.44,1986.63,45706
1682539200,1986.59,1991.57,1983.27,1989.14,17230
1682553600,1989.25,1992.16,1987.2,1991.52,5930
1682568000,1991.51,2000.82,1989.45,1999.56,15775
1682582400,1999.58,2003.19,1997.25,1998.14,19663
1682596800,1998.16,2003.38,1981.8,1985.84,26802
1682611200,1985.8,1988.79,1973.98,1984.22,43786
1682625600,1984.23,1991.0,1983.62,1987.6,13961
1682640000,1987.35,1988.11,1985.55,1985.87,5156
1682654400,1985.87,1991.58,1984.85,1987.36,21826
1682668800,1987.35,1989.63,1979.61,1983.39,29505
1682683200,1983.4,1987.57,1975.98,1984.21,26380
1682697600,1984.2,1995.02,1981.99,1991.46,46211
1682712000,1991.46,1992.8,1987.4,1989.66,15253
1682899200,1990.25,1991.75,1983.64,1983.94,6906
1682913600,1983.92,1986.33,1980.57,1984.12,10012
1682928000,1984.12,1984.12,1977.1,1977.28,12683
1682942400,1977.26,2005.25,1977.03,2003.91,24718
1682956800,2003.93,2006.0,1979.82,1981.64,42491
1682971200,1981.64,1983.92,1979.41,1982.46,14630
1682985600,1980.35,1983.6,1980.35,1982.12,5052
1683000000,1982.14,1985.2,1981.21,1982.15,11545
1683014400,1982.17,1985.71,1978.41,1981.3,17625
1683028800,1981.29,1990.15,1980.5,1985.6,18139
1683043200,1985.61,2019.35,1984.39,2015.07,61037
1683057600,2015.07,2018.3,2011.11,2016.62,15713
1683072000,2016.53,2017.02,2014.13,2016.29,4222
1683086400,2016.29,2019.45,2015.75,2015.91,6993
1683100800,2015.91,2018.7,2012.56,2015.59,14507
1683115200,2015.57,2017.44,2005.22,2013.66,20517
1683129600,2013.67,2026.79,2011.77,2024.0,37876
1683144000,2024.1,2039.36,2016.84,2038.94,48210
1683158400,2042.77,2077.89,2040.97,2054.41,16634
1683172800,2054.44,2054.86,2038.32,2044.19,17296
1683187200,2044.25,2045.39,2030.28,2034.45,24648
1683201600,2034.45,2044.87,2033.63,2036.87,31540
1683216000,2036.89,2059.53,2031.97,2050.75,73692
1683230400,2050.73,2050.97,2044.43,2050.44,26869
1683244800,2048.65,2050.06,2047.47,2048.88,4006
1683259200,2048.89,2052.96,2045.43,2048.48,11464
1683273600,2048.49,2049.58,2038.8,2039.8,20007
1683288000,2039.88,2040.18,2007.68,2010.28,30229
1683302400,2010.3,2018.7,1999.44,2017.03,53059
1683316800,2017.04,2018.82,2013.44,2015.84,13525
1683504000,2014.57,2018.6,2014.05,2018.01,5875
1683518400,2018.01,2024.54,2015.1,2023.65,12586
1683532800,2023.69,2024.67,2019.88,2022.48,13517
1683547200,2022.47,2027.0,2021.41,2026.01,16000
1683561600,2026.04,2029.34,2017.81,2027.06,29759
1683576000,2027.05,2027.85,2020.14,2021.34,13745
1683590400,2020.37,2022.35,2019.42,2020.07,4871
1683604800,2020.07,2026.75,2019.77,2025.59,10080
1683619200,2025.56,2028.69,2021.37,2025.24,17331
1683633600,2025.26,2032.8,2024.73,2026.86,18078
1683648000,2026.87,2032.6,2022.85,2030.95,30727
1683662400,2030.97,2037.54,2030.68,2034.4,12709
1683676800,2033.77,2038.2,2032.87,2036.38,4417
1683691200,2036.41,2037.01,2029.7,2030.59,8814
1683705600,2030.58,2032.95,2026.21,2028.42,15678
1683720000,2028.42,2048.14,2024.99,2045.47,24791
1683734400,2045.56,2046.64,2021.46,2027.79,48900
1683748800,2027.78,2034.18,2027.28,2029.98,17092
1683763200,2029.83,2035.38,2029.47,2035.25,4644
1683777600,2035.27,2036.37,2030.03,2031.01,11022
1683792000,2031.02,2033.11,2021.72,2022.46,21111
1683806400,2022.49,2041.16,2021.59,2037.43,33764
1683820800,2037.42,2038.04,2011.08,2015.66,52647
1683835200,2015.66,2017.63,2013.43,2014.97,13064
1683849600,2014.97,2017.46,2014.65,2015.76,5176
1683864000,2015.76,2016.26,2008.66,2011.83,14620
1683878400,2011.82,2012.56,2005.53,2006.55,19970
1683892800,2006.48,2015.8,2000.85,2014.11,21524
1683907200,2014.11,2022.54,2008.3,2013.57,38273
1683921600,2013.57,2016.34,2010.3,2010.81,10999
1684108800,2007.97,2011.97,2007.09,2011.91,6048
1684123200,2011.93,2018.77,2011.93,2014.19,17238
1684137600,2014.17,2020.88,2013.19,2017.39,22742
1684152000,2017.4,2019.25,2011.44,2017.01,22375
1684166400,2017.01,2022.14,2013.28,2020.2,33298
1684180800,2020.21,2021.35,2014.36,2015.96,12062
1684195200,2015.37,2016.63,2013.76,2015.66,4864
1684209600,2015.65,2018.28,2014.74,2016.18,12065
1684224000,2016.2,2017.66,2002.6,2010.09,26467
1684238400,2010.1,2014.9,2001.13,2011.95,25416
1684252800,2011.95,2012.39,1987.44,1987.55,51231
1684267200,1987.51,1991.16,1985.41,1988.68,18839
1684281600,1988.17,1992.98,1988.0,1992.04,5550
1684296000,1992.04,1993.01,1989.81,1991.45,16835
1684310400,1991.44,1991.76,1985.91,1986.09,23647
1684324800,1986.09,1988.87,1981.83,1984.89,23541
1684339200,1984.89,1987.99,1974.95,1983.78,43126
1684353600,1983.78,1984.53,1980.36,1981.81,15553
1684368000,1981.32,1983.69,1981.26,1983.5,4439
1684382400,1983.46,1985.98,1979.44,1979.77,16009
1684396800,1979.86,1981.49,1972.11,1975.34,24231
1684411200,1975.35,1978.91,1966.2,1967.05,25171
1684425600,1967.06,1968.23,1951.93,1955.6,47603
1684440000,1955.61,1958.9,1953.92,1957.29,14706
1684454400,1957.37,1959.69,1957.11,1957.62,5523
1684468800,1957.6,1964.17,1953.99,1962.6,18767
1684483200,1962.62,1968.77,1960.58,1964.74,22547
1684497600,1964.74,1968.22,1960.26,1960.83,24584
1684512000,1960.8,1984.15,1957.15,1978.32,59451
1684526400,1978.34,1983.2,1974.24,1977.56,19416
1684713600,1977.57,1981.47,1977.27,1980.95,7230
1684728000,1980.97,1982.36,1975.93,1976.27,19957
1684742400,1976.25,1980.78,1971.19,1980.71,24564
1684756800,1980.68,1982.53,1969.72,1975.51,25115
1684771200,1975.49,1978.7,1968.82,1974.51,41413
1684785600,1974.43,1978.91,1971.62,1971.66,13421
1684800000,1971.67,1972.6,1966.76,1967.28,6116
1684814400,1967.05,1968.57,1960.19,1963.27,19655
1684828800,1963.31,1964.57,1954.21,1959.8,28005
1684843200,1959.75,1962.64,1954.41,1958.78,23259
1684857600,1958.8,1974.66,1958.8,1973.06,50786
1684872000,1973.09,1977.7,1971.48,1975.21,20322
1684886400,1974.77,1977.27,1974.47,1975.05,5278
1684900800,1975.02,1978.67,1972.7,1977.56,15727
1684915200,1977.61,1980.55,1970.61,1976.29,26639
1684929600,1976.3,1985.24,1973.91,1979.87,24823
1684944000,1979.88,1980.84,1956.67,1959.0,50858
1684958400,1958.99,1965.23,1957.5,1957.59,22357
1684972800,1956.27,1961.84,1956.27,1959.35,8036
1684987200,1959.34,1960.11,1954.99,1957.87,18470
1685001600,1957.87,1964.72,1954.9,1962.02,22419
1685016000,1962.01,1963.94,1939.18,1943.56,31484
1685030400,1943.41,1954.03,1942.89,1943.52,52421
1685044800,1943.52,1944.98,1938.82,1940.49,17221
1685059200,1940.44,1943.22,1936.72,1940.89,7249
1685073600,1940.86,1948.93,1940.33,1947.87,17640
1685088000,1947.88,1957.22,1946.93,1952.51,23486
1685102400,1952.51,1954.16,1944.22,1947.33,23413
1685116800,1947.33,1951.82,1938.74,1944.09,47135
1685131200,1944.09,1947.54,1943.0,1946.5,12493
1685318400,1942.67,1946.11,1940.97,1941.55,5571
1685332800,1941.51,1946.2,1940.18,1945.74,10321
1685347200,1945.78,1948.82,1940.76,1945.27,12035
1685361600,1945.23,1949.67,1944.2,1948.82,9279
1685376000,1948.82,1949.6,1944.11,1944.59,9269
1685404800,1943.87,1944.28,1940.98,1942.68,6672
1685419200,1942.69,1946.64,1937.85,1938.92,18709
1685433600,1938.88,1946.86,1932.0,1944.97,29810
1685448000,1944.95,1962.24,1942.37,1956.43,31743
1685462400,1956.42,1963.48,1950.46,1959.8,37870
1685476800,1959.8,1960.81,1957.7,1959.83,10855
1685491200,1959.33,1960.01,1957.35,1959.6,5057
1685505600,1959.6,1960.47,1953.63,1960.06,18470
1685520000,1960.05,1965.35,1955.21,1955.31,30097
1685534400,1955.2,1963.49,1954.88,1962.7,20297
1685548800,1962.7,1974.73,1960.36,1965.07,50281
1685563200,1965.17,1968.75,1962.4,1963.05,19762
1685577600,1962.37,1967.39,1962.34,1965.85,6406
1685592000,1965.84,1967.46,1961.98,1963.93,18914
1685606400,1963.93,1965.78,1953.35,1955.88,23328
1685620800,1955.88,1968.42,1955.27,1968.34,30515
1685635200,1968.36,1983.06,1966.0,1978.38,50263
1685649600,1978.37,1978.69,1975.63,1977.81,12314
1685664000,1977.63,1977.76,1975.51,1975.82,4853
1685678400,1975.81,1983.39,1974.01,1979.68,16913
1685692800,1979.68,1981.91,1974.97,1979.07,21780
1685707200,1979.08,1981.1,1968.6,1970.9,28975
1685721600,1970.88,1976.6,1952.22,1952.24,50719
1685736000,1952.23,1953.73,1947.93,1948.21,13692
1685923200,1945.95,1950.09,1945.61,1946.45,8006
1685937600,1946.45,1948.28,1943.95,1946.01,19025
1685952000,1945.98,1946.6,1938.49,1942.31,22451
1685966400,1942.29,1945.87,1938.11,1942.91,22039
1685980800,1942.9,1961.9,1942.65,1958.21,40550
1685995200,1958.19,1963.97,1957.25,1961.59,13493
1686009600,1961.6,1963.12,1960.48,1961.09,5307
1686024000,1961.11,1964.59,1959.0,1961.21,16079
1686038400,1961.23,1962.74,1956.79,1960.25,26028
1686052800,1960.26,1966.32,1959.81,1961.87,22681
1686067200,1961.85,1966.28,1954.3,1963.58,36137
1686081600,1963.58,1966.05,1962.26,1963.02,11533
1686096000,1963.08,1965.09,1962.75,1964.84,5042
1686110400,1964.89,1966.65,1962.92,1964.52,15803
1686124800,1964.52,1965.06,1954.91,1961.6,22277
1686139200,1961.6,1966.38,1957.12,1958.52,22668
1686153600,1958.52,1970.15,1940.84,1942.17,58766
1686168000,1942.19,1946.55,1939.79,1940.01,19478
1686182400,1940.17,1946.27,1939.63,1946.17,7521
1686196800,1946.17,1947.28,1944.43,1946.57,17879
1686211200,1946.56,1949.1,1942.72,1948.25,24450
1686225600,1948.27,1959.95,1944.9,1959.26,27554
1686240000,1959.3,1970.56,1957.11,1966.29,46694
1686254400,1966.28,1966.61,1961.75,1965.38,14335
1686268800,1965.47,1966.35,1963.34,1963.35,4965
1686283200,1963.37,1965.73,1962.37,1963.11,14007
1686297600,1963.13,1966.01,1960.61,1962.17,21651
1686312000,1962.15,1973.07,1961.62,1962.9,23878
1686326400,1962.9,1968.08,1956.61,1961.19,42634
1686340800,1961.19,1962.82,1959.65,1960.56,11871
1686528000,1960.0,1960.45,1957.99,1958.29,5709
1686542400,1958.3,1959.49,1954.19,1956.94,15880
1686556800,1956.97,1965.39,1956.54,1964.86,23590
1686571200,1964.87,1966.94,1961.07,1962.77,22995
1686585600,1962.79,1964.02,1949.17,1954.15,42660
1686600000,1954.15,1958.67,1953.16,1956.88,14024
1686614400,1957.37,1960.83,1956.79,1957.91,5073
1686628800,1957.88,1962.19,1955.94,1960.87,16324
1686643200,1960.82,1965.34,1958.22,1964.15,23803
1686657600,1964.12,1971.12,1947.66,1961.35,32974
1686672000,1961.35,1965.92,1942.01,1944.93,57870
1686686400,1944.94,1946.62,1940.01,1942.97,18830
1686700800,1943.57,1945.58,1942.16,1944.37,5789
1686715200,1944.39,1949.52,1944.0,1948.82,14404
1686729600,1948.81,1951.47,1945.18,1949.8,21777
1686744000,1949.8,1960.28,1945.79,1957.08,25619
1686758400,1957.08,1959.23,1954.88,1955.04,29499
1686772800,1955.02,1955.68,1939.86,1939.94,51601
1686787200,1941.32,1945.26,1936.08,1939.18,6945
1686801600,1939.13,1939.2,1932.35,1934.45,21035
1686816000,1934.47,1939.74,1928.85,1931.64,32056
1686830400,1931.64,1936.72,1924.62,1933.45,37660
1686844800,1933.46,1960.14,1933.37,1959.48,50148
1686859200,1959.49,1960.21,1956.87,1957.94,13010
1686873600,1957.68,1959.33,1956.5,1956.78,4352
1686888000,1956.8,1961.95,1954.92,1955.36,16200
1686902400,1955.38,1963.98,1954.59,1963.14,27998
1686916800,1963.11,1967.86,1962.35,1962.55,23391
1686931200,1962.55,1966.07,1953.25,1955.2,51567
1686945600,1955.21,1959.71,1955.12,1957.36,13053
1687132800,1957.42,1958.63,1956.18,1956.63,5074
1687147200,1956.63,1958.22,1953.94,1957.01,13460
1687161600,1957.01,1958.7,1952.7,1956.4,17458
1687176000,1956.4,1956.55,1947.72,1952.12,16290
1687190400,1952.14,1953.42,1950.02,1951.72,15386
1687219200,1950.67,1954.08,1950.45,1951.02,6085
1687233600,1951.03,1951.77,1945.08,1949.84,16296
1687248000,1949.83,1956.73,1946.82,1953.25,24446
1687262400,1953.3,1954.52,1944.18,1944.64,26614
1687276800,1944.63,1945.18,1929.71,1937.54,51341
1687291200,1937.56,1938.63,1935.37,1935.62,15196
1687305600,1935.81,1938.81,1935.81,1936.78,6050
1687320000,1936.78,1939.44,1935.38,1935.8,15270
1687334400,1935.8,1937.34,1931.21,1934.58,25467
1687348800,1934.55,1935.8,1925.93,1929.83,31531
1687363200,1929.86,1934.61,1919.15,1933.27,53564
1687377600,1933.23,1937.55,1931.87,1932.25,18545
1687392000,1931.47,1934.8,1931.4,1932.17,5024
1687406400,1932.18,1934.19,1929.71,1929.71,8287
1687420800,1929.78,1931.44,1924.87,1927.35,22107
1687435200,1927.33,1930.95,1923.43,1923.45,31403
1687449600,1923.44,1927.37,1912.75,1915.48,47240
1687464000,1915.49,1916.76,1912.31,1913.15,17321
1687478400,1913.3,1916.09,1913.3,1915.62,9587
1687492800,1915.58,1917.29,1909.89,1916.59,16577
1687507200,1916.54,1920.03,1912.93,1917.6,30915
1687521600,1917.58,1929.65,1916.57,1928.86,26704
1687536000,1928.9,1937.32,1917.9,1918.66,42826
1687550400,1918.68,1921.38,1918.43,1921.32,11032
1687737600,1925.17,1926.96,1922.34,1926.37,5789
1687752000,1926.41,1928.47,1924.11,1925.05,12100
1687766400,1925.04,1933.25,1922.13,1931.71,20252
1687780800,1931.69,1933.32,1929.26,1931.51,18023
1687795200,1931.46,1931.62,1921.49,1923.69,32018
1687809600,1923.68,1925.22,1922.33,1922.96,10785
1687824000,1922.75,1924.77,1920.82,1922.64,4160
1687838400,1922.67,1930.35,1922.55,1928.45,12558
1687852800,1928.47,1929.71,1924.13,1925.53,16954
1687867200,1925.49,1930.41,1919.64,1926.21,19165
1687881600,1926.14,1930.64,1911.47,1914.56,39306
1687896000,1914.56,1915.83,1910.84,1913.0,11567
1687910400,1913.27,1917.11,1913.27,1916.12,3693
1687924800,1916.15,1916.78,1913.35,1915.19,10964
1687939200,1915.17,1916.76,1908.2,1909.86,17853
1687953600,1909.83,1911.91,1905.56,1906.89,20030
1687968000,1906.9,1913.24,1902.77,1912.19,40029
1687982400,1912.21,1913.35,1906.65,1906.83,11878
1687996800,1907.47,1910.7,1907.07,1909.96,4638
1688011200,1909.95,1912.78,1902.7,1905.24,13102
1688025600,1905.21,1908.07,1902.5,1906.09,18981
1688040000,1906.09,1912.11,1895.51,1896.08,23516
1688054400,1896.13,1913.1,1892.91,1910.26,41010
1688068800,1910.25,1910.72,1906.18,1908.07,10015
1688083200,1907.57,1909.17,1907.08,1908.67,4418
1688097600,1908.67,1909.66,1906.79,1908.16,9277
1688112000,1908.17,1909.92,1900.53,1901.82,16070
1688126400,1901.81,1913.79,1901.43,1911.0,24075
1688140800,1910.99,1920.52,1909.7,1919.98,39616
1688155200,1919.98,1922.69,1917.75,1919.19,11652
1688342400,1919.17,1919.57,1916.77,1917.1,4502
1688356800,1917.09,1920.15,1914.53,1920.03,12148
1688371200,1920.03,1920.54,1909.93,1911.97,17705
1688385600,1911.93,1922.03,1911.6,1921.89,16841
1688400000,1921.87,1930.9,1919.45,1923.52,34271
1688428800,1921.38,1921.98,1919.74,1921.12,2455
1688443200,1921.15,1924.39,1920.01,1924.16,8514
1688457600,1924.13,1928.75,1923.22,1928.47,11233
1688472000,1928.51,1930.63,1926.18,1926.74,11148
1688486400,1926.74,1929.52,1924.52,1924.63,8399
1688515200,1926.09,1927.14,1924.49,1926.65,3398
1688529600,1926.67,1926.76,1923.14,1925.5,7634
1688544000,1925.5,1928.01,1920.8,1926.9,15337
1688558400,1926.89,1930.09,1925.04,1929.27,16851
1688572800,1929.25,1935.0,1919.05,1921.51,39176
1688587200,1921.51,1921.51,1914.76,1914.76,14677
1688601600,1914.55,1917.84,1914.55,1917.31,3644
1688616000,1917.31,1919.67,1916.38,1917.82,10564
1688630400,1917.82,1921.44,1916.03,1918.02,15633
1688644800,1918.02,1927.56,1902.59,1906.26,32190
1688659200,1906.26,1914.97,1902.72,1909.78,46715
1688673600,1909.77,1911.9,1908.88,1910.63,9803
1688688000,1910.47,1912.35,1909.56,1910.65,3782
1688702400,1910.57,1912.24,1909.8,1912.09,8543
1688716800,1912.1,1916.44,1911.89,1915.58,15495
1688731200,1915.56,1928.07,1914.22,1918.79,27314
1688745600,1918.78,1934.82,1915.44,1926.83,45753
1688760000,1926.83,1928.01,1924.17,1925.04,9553
1688947200,1924.77,1928.13,1922.83,1924.13,6244
1688961600,1924.15,1926.89,1920.95,1921.17,12049
1688976000,1921.17,1925.67,1919.29,1925.15,15029
1688990400,1925.17,1926.15,1912.52,1913.94,19123
1689004800,1913.97,1925.91,1913.93,1925.52,31120
1689019200,1925.52,1926.82,1924.79,1925.04,9705
1689033600,1925.17,1927.16,1924.29,1926.28,3864
1689048000,1926.3,1929.4,1924.81,1929.36,13376
1689062400,1929.35,1937.6,1928.09,1936.64,22085
1689076800,1936.65,1938.4,1929.45,1931.99,21529
1689091200,1931.99,1935.37,1929.3,1932.34,26450
1689105600,1932.34,1932.56,1930.46,1932.11,6829
1689120000,1931.5,1936.17,1931.5,1935.65,4567
1689134400,1935.65,1940.95,1935.57,1938.85,12908
1689148800,1938.87,1940.17,1933.69,1934.77,14925
1689163200,1934.77,1950.04,1933.46,1943.18,26188
1689177600,1943.17,1959.42,1940.9,1959.12,45212
1689192000,1959.11,1959.66,1955.67,1957.5,10617
1689206400,1956.64,1958.83,1956.43,1956.97,4515
1689220800,1956.97,1962.18,1956.31,1957.2,14417
1689235200,1957.2,1963.32,1955.2,1960.88,20244
1689249600,1960.88,1963.54,1952.32,1957.55,24909
1689264000,1957.55,1961.8,1954.69,1958.8,37985
1689278400,1958.81,1960.8,1957.55,1960.31,9749
1689292800,1959.27,1961.82,1958.34,1959.34,5513
1689307200,1959.34,1963.69,1958.43,1960.32,13805
1689321600,1960.31,1961.24,1954.28,1956.1,18774
1689336000,1956.07,1962.69,1955.15,1957.48,19130
1689350400,1957.47,1961.99,1950.91,1958.93,44186
1689364800,1958.94,1961.0,1954.24,1955.19,10138
1689552000,1953.75,1955.61,1951.32,1954.57,5080
1689566400,1954.57,1955.93,1950.93,1953.49,10170
1689580800,1953.46,1957.41,1950.56,1955.82,17215
1689595200,1955.8,1959.8,1948.07,1948.58,22449
1689609600,1948.59,1955.58,1945.74,1954.56,29432
1689624000,1954.59,1956.33,1952.4,1954.82,7088
1689638400,1954.37,1956.77,1954.37,1955.36,3520
1689652800,1955.38,1961.04,1955.04,1959.98,12912
1689667200,1959.98,1964.09,1957.77,1961.65,18168
1689681600,1961.65,1972.12,1960.67,1968.65,28477
1689696000,1968.63,1984.29,1963.72,1977.88,49160
1689710400,1977.88,1978.91,1974.94,1978.85,11055
1689724800,1978.35,1979.07,1976.58,1978.39,4710
1689739200,1978.39,1978.47,1974.05,1974.76,12849
1689753600,1974.72,1980.86,1972.94,1977.48,20224
1689768000,1977.47,1979.56,1971.56,1977.5,20794
1689782400,1977.5,1979.78,1969.74,1977.49,32592
1689796800,1977.48,1978.87,1976.17,1976.59,9431
1689811200,1976.67,1979.25,1974.99,1979.03,5188
1689825600,1979.03,1987.39,1978.94,1984.55,15728
1689840000,1984.57,1984.72,1977.82,1981.56,19750
1689854400,1981.56,1983.19,1972.38,1973.93,21415
1689868800,1973.96,1980.14,1965.31,1967.91,38883
1689883200,1967.94,1971.44,1967.92,1969.44,10704
1689897600,1969.57,1973.33,1969.55,1972.87,4579
1689912000,1972.87,1973.71,1968.94,1969.9,11598
1689926400,1969.9,1972.14,1961.16,1961.45,20476
1689940800,1961.45,1968.08,1961.03,1963.07,21805
1689955200,1963.03,1965.33,1956.76,1963.52,32489
1689969600,1963.52,1964.8,1961.46,1961.85,7360
1690156800,1961.57,1962.82,1959.87,1961.72,4406
1690171200,1961.71,1962.62,1958.97,1960.6,10830
1690185600,1960.58,1965.63,1957.83,1959.54,18355
1690200000,1959.56,1967.8,1959.42,1967.37,18416
1690214400,1967.4,1967.53,1957.07,1959.82,37229
1690228800,1959.81,1960.61,1953.37,1954.51,9305
1690243200,1954.65,1955.6,1953.18,1955.25,3893
1690257600,1955.31,1963.52,1955.3,1960.54,12834
1690272000,1960.54,1964.12,1959.33,1962.84,17500
1690286400,1962.95,1963.62,1953.07,1959.28,19108
1690300800,1959.28,1965.65,1951.33,1962.37,28876
1690315200,1962.36,1965.18,1961.24,1964.78,8934
1690329600,1964.37,1966.18,1964.04,1964.91,4127
1690344000,1964.9,1965.55,1961.99,1963.05,9823
1690358400,1963.05,1972.42,1962.36,1972.03,16463
1690372800,1972.03,1974.07,1969.58,1972.23,16444
1690387200,1972.2,1975.01,1963.87,1970.29,32315
1690401600,1970.28,1978.26,1965.21,1972.03,31108
1690416000,1970.71,1974.67,1970.65,1972.34,4538
1690430400,1972.34,1982.08,1972.15,1976.62,14222
1690444800,1976.58,1982.11,1973.92,1975.85,19521
1690459200,1975.84,1979.11,1957.91,1960.14,27106
1690473600,1960.17,1960.35,1942.56,1944.2,43942
1690488000,1944.25,1949.71,1943.36,1944.72,19861
1690502400,1945.67,1948.03,1945.39,1946.94,6146
1690516800,1946.93,1956.73,1946.53,1951.88,27002
1690531200,1951.92,1953.48,1947.8,1949.47,26101
1690545600,1949.47,1961.16,1948.29,1955.6,24549
1690560000,1955.59,1963.46,1952.21,1961.09,29921
1690574400,1961.09,1962.37,1957.44,1959.03,7415
1690761600,1958.97,1960.43,1956.37,1958.16,5305
1690776000,1958.17,1958.57,1953.39,1954.47,14986
1690790400,1954.43,1957.07,1950.59,1953.51,15285
1690804800,1953.5,1966.96,1953.27,1965.51,19655
1690819200,1965.49,1972.35,1962.79,1970.93,30478
1690833600,1970.93,1972.01,1964.22,1965.63,11010
1690848000,1965.37,1966.03,1962.95,1963.34,4450
1690862400,1963.34,1963.94,1958.85,1959.64,12733
1690876800,1959.63,1960.14,1954.37,1955.82,16554
1690891200,1955.8,1957.73,1945.88,1946.78,23026
1690905600,1946.79,1953.58,1941.22,1943.12,37048
1690920000,1943.12,1945.54,1941.23,1944.14,8185
1690934400,1944.09,1952.9,1941.64,1949.25,10509
1690948800,1949.25,1949.84,1945.22,1946.34,12040
1690963200,1946.34,1951.89,1946.28,1949.79,18025
1690977600,1949.81,1954.77,1943.77,1945.61,24888
1690992000,1945.61,1947.61,1932.9,1935.65,36478
1691006400,1935.66,1939.09,1934.36,1934.62,7686
1691020800,1934.21,1936.96,1934.21,1935.47,3888
1691035200,1935.48,1938.8,1933.69,1933.99,9988
1691049600,1934.0,1938.38,1930.63,1937.77,19553
1691064000,1937.79,1938.37,1929.24,1932.87,27246
1691078400,1932.87,1938.64,1930.33,1935.67,38561
1691092800,1935.65,1935.82,1932.47,1934.18,7042
1691107200,1934.15,1936.96,1933.9,1936.66,4755
1691121600,1936.66,1937.98,1933.18,1934.51,12534
1691136000,1934.53,1937.42,1932.01,1932.31,12887
1691150400,1932.36,1942.89,1922.3,1938.98,25999
1691164800,1938.92,1946.82,1937.5,1941.71,43295
1691179200,1941.7,1943.21,1939.78,1942.71,8339
1691366400,1942.15,1946.65,1941.85,1944.23,5189
1691380800,1944.15,1944.25,1937.32,1938.79,9098
1691395200,1938.78,1938.91,1934.4,1936.17,12857
1691409600,1936.17,1938.19,1933.33,1938.02,14945
1691424000,1938.04,1941.65,1931.44,1934.37,24991
1691438400,1934.37,1937.62,1934.0,1936.2,7297
1691452800,1936.03,1938.06,1935.14,1935.73,4478
1691467200,1935.71,1935.71,1931.06,1934.38,11303
1691481600,1934.39,1935.09,1930.12,1935.06,16296
1691496000,1935.06,1935.56,1923.75,1925.37,25299
1691510400,1925.36,1931.98,1922.65,1925.33,30955
1691524800,1925.4,1926.57,1923.59,1924.68,9156
1691539200,1924.87,1926.49,1924.49,1925.01,2943
1691553600,1924.99,1931.0,1924.19,1930.29,11210
1691568000,1930.31,1932.3,1927.41,1928.02,12306
1691582400,1928.01,1928.31,1922.07,1924.84,16017
1691596800,1924.84,1927.52,1915.47,1916.27,31213
1691611200,1916.26,1917.9,1914.01,1914.49,7780
1691625600,1914.55,1917.4,1914.55,1916.96,3832
1691640000,1916.99,1919.06,1915.31,1916.72,9103
1691654400,1916.75,1921.21,1915.52,1919.34,13153
1691668800,1919.32,1929.89,1919.09,1926.21,24164
1691683200,1926.15,1927.12,1912.57,1920.54,40791
1691697600,1920.53,1920.96,1911.95,1912.26,14947
1691712000,1912.27,1915.09,1910.61,1914.67,3559
1691726400,1914.62,1915.95,1912.58,1913.38,7475
1691740800,1913.37,1919.35,1912.65,1918.96,13053
1691755200,1918.96,1920.89,1913.07,1916.01,17649
1691769600,1916.02,1920.78,1912.84,1914.29,34779
1691784000,1914.31,1915.45,1912.05,1913.72,6852
1691971200,1913.17,1915.13,1910.68,1911.02,5005
1691985600,1910.98,1913.57,1910.06,1912.35,10593
1692000000,1912.36,1916.18,1910.56,1914.22,14370
1692014400,1914.22,1914.92,1905.79,1910.31,18525
1692028800,1910.34,1913.18,1902.63,1911.88,30793
1692043200,1911.88,1913.06,1906.85,1907.15,11527
1692057600,1907.3,1908.0,1904.75,1907.14,3824
1692072000,1907.13,1908.15,1903.66,1906.57,11963
1692086400,1906.56,1907.48,1903.08,1904.19,16162
1692100800,1904.21,1905.74,1896.05,1903.4,25018
1692115200,1903.45,1911.61,1900.01,1903.61,41432
1692129600,1903.61,1905.49,1901.27,1901.56,12720
1692144000,1901.5,1902.46,1900.2,1902.2,4164
1692158400,1902.21,1905.25,1900.46,1903.94,9939
1692172800,1903.95,1906.49,1902.78,1905.36,13703
1692187200,1905.36,1907.17,1899.73,1900.75,16798
1692201600,1900.73,1906.43,1898.82,1899.41,28702
1692216000,1899.42,1899.63,1891.69,1892.44,19848
1692230400,1891.97,1894.92,1890.76,1892.73,6206
1692244800,1892.77,1893.9,1889.48,1893.67,11242
1692259200,1893.63,1897.49,1892.06,1893.96,14425
1692273600,1893.94,1902.37,1893.6,1899.41,25257
1692288000,1899.42,1903.39,1887.64,1888.32,35721
1692302400,1888.32,1890.0,1884.74,1888.89,12979
1692316800,1889.44,1893.83,1888.99,1893.3,4717
1692331200,1893.28,1895.08,1891.15,1892.15,11409
1692345600,1892.13,1894.06,1891.36,1891.99,14471
1692360000,1891.99,1895.5,1888.6,1890.2,15434
1692374400,1890.22,1896.71,1888.6,1889.52,28276
1692388800,1889.51,1890.33,1886.69,1889.56,10093
1692576000,1889.07,1891.1,1888.82,1889.91,6925
1692590400,1889.9,1893.77,1884.81,1892.47,14256
1692604800,1892.45,1894.04,1887.31,1888.62,14124
1692619200,1888.65,1897.59,1886.75,1897.14,21629
1692633600,1897.13,1898.69,1885.23,1892.58,30311
1692648000,1892.65,1895.36,1892.48,1894.55,8075
1692662400,1894.35,1896.0,1893.61,1895.47,3478
1692676800,1895.5,1897.26,1893.82,1893.95,10232
1692691200,1893.95,1902.21,1893.9,1899.97,16440
1692705600,1899.96,1904.45,1896.24,1897.38,19080
1692720000,1897.36,1899.08,1888.87,1897.31,33015
1692734400,1897.31,1898.36,1896.2,1897.24,6625
1692748800,1896.62,1900.32,1896.62,1898.98,2794
1692763200,1898.97,1903.32,1898.76,1903.24,10349
1692777600,1903.21,1905.41,1901.68,1903.74,16482
1692792000,1903.74,1908.59,1901.24,1903.68,19021
1692806400,1903.69,1920.33,1902.79,1919.74,40745
1692820800,1919.76,1919.81,1914.4,1915.35,9969
1692835200,1914.95,1919.28,1914.89,1918.59,4280
1692849600,1918.53,1922.3,1917.52,1920.99,11235
1692864000,1921.01,1922.8,1919.44,1920.28,15888
1692878400,1920.27,1920.96,1911.71,1915.09,17336
1692892800,1915.11,1923.31,1911.86,1918.3,32066
1692907200,1918.3,1919.58,1916.23,1916.95,8590
1692921600,1916.09,1917.23,1915.07,1915.47,3243
1692936000,1915.47,1917.52,1913.11,1913.71,9043
1692950400,1913.71,1916.1,1912.71,1915.38,11736
1692964800,1915.35,1920.23,1915.16,1917.17,14046
1692979200,1917.18,1922.34,1903.7,1910.02,50923
1692993600,1910.0,1914.82,1909.91,1913.93,10484
1693180800,1915.05,1916.6,1914.26,1915.75,4351
1693195200,1915.69,1917.36,1914.66,1915.54,8935
1693209600,1915.55,1917.71,1913.41,1914.59,10593
1693224000,1914.59,1917.3,1913.33,1917.08,12027
1693238400,1917.08,1925.98,1912.59,1920.62,27061
1693252800,1920.62,1920.75,1916.79,1919.96,7425
1693267200,1919.97,1922.04,1919.88,1921.6,2162
1693281600,1921.61,1925.73,1921.27,1923.88,7945
1693296000,1923.89,1925.57,1921.6,1922.81,11934
1693310400,1922.81,1924.44,1914.35,1916.99,17863
1693324800,1916.96,1937.65,1916.67,1936.25,43181
1693339200,1936.25,1938.13,1935.1,1937.53,10753
1693353600,1937.53,1937.54,1935.84,1936.75,3639
1693368000,1936.78,1937.49,1935.36,1936.0,9069
1693382400,1936.02,1936.89,1934.93,1936.57,14742
1693396800,1936.57,1945.64,1935.93,1945.16,24520
1693411200,1945.16,1948.98,1942.77,1944.88,37309
1693425600,1944.9,1945.56,1942.06,1942.38,7265
1693440000,1942.54,1945.48,1941.71,1945.31,3610
1693454400,1945.34,1947.71,1944.64,1945.74,8661
1693468800,1945.74,1946.29,1943.17,1944.38,11374
1693483200,1944.34,1947.72,1942.97,1945.82,19745
1693497600,1945.81,1946.35,1938.85,1941.7,37146
1693512000,1941.69,1942.06,1939.05,1939.93,11221
1693526400,1940.01,1940.28,1938.52,1939.27,3844
1693540800,1939.29,1943.99,1938.19,1939.98,12789
1693555200,1939.97,1943.73,1938.41,1942.95,14374
1693569600,1942.97,1952.87,1942.86,1949.77,25090
1693584000,1949.84,1951.42,1934.34,1938.14,54526
1693598400,1938.12,1941.52,1937.29,1939.93,9410
1693785600,1939.95,1941.67,1939.36,1940.9,3818
1693800000,1940.87,1946.05,1940.43,1944.98,11280
1693814400,1945.01,1946.26,1942.66,1943.86,13064
1693828800,1943.85,1944.22,1939.83,1939.94,10749
1693843200,1939.95,1940.23,1936.68,1938.31,12446
1693872000,1938.35,1938.8,1936.8,1937.84,2905
1693886400,1937.86,1938.91,1934.68,1938.52,10285
1693900800,1938.52,1938.91,1931.98,1933.4,17198
1693915200,1933.39,1934.49,1927.7,1933.73,23373
1693929600,1933.74,1934.21,1925.09,1927.27,38778
1693944000,1927.25,1927.5,1925.35,1925.93,9398
1693958400,1925.73,1926.87,1924.47,1924.77,3902
1693972800,1924.75,1927.37,1924.15,1927.18,11154
1693987200,1927.19,1928.44,1922.52,1924.72,17744
1694001600,1924.69,1927.53,1922.78,1923.2,17145
1694016000,1923.19,1929.17,1915.25,1919.96,44179
1694030400,1919.96,1920.63,1915.92,1916.21,9490
1694044800,1916.21,1918.45,1916.16,1916.82,3901
1694059200,1916.8,1920.62,1916.6,1918.97,10127
1694073600,1918.95,1919.79,1917.04,1918.82,13776
1694088000,1918.82,1923.48,1916.07,1923.2,21550
1694102400,1923.2,1923.45,1917.15,1917.99,32264
1694116800,1917.98,1920.7,1917.39,1919.52,7857
1694131200,1919.47,1924.6,1919.31,1923.66,5556
1694145600,1923.65,1927.16,1922.84,1924.53,14071
1694160000,1924.52,1927.28,1923.37,1924.67,13600
1694174400,1924.71,1925.88,1920.36,1920.38,14324
1694188800,1920.41,1929.57,1917.11,1919.65,29015
1694203200,1919.65,1920.67,1917.83,1919.05,5121
1694390400,1919.53,1920.72,1916.29,1920.03,7121
1694404800,1920.02,1926.66,1919.05,1926.44,14688
1694419200,1926.46,1930.4,1925.36,1927.69,18478
1694433600,1927.69,1928.02,1924.2,1927.24,13949
1694448000,1927.22,1930.05,1921.28,1923.38,25600
1694462400,1923.39,1924.25,1921.35,1922.31,5927
1694476800,1922.75,1923.29,1921.11,1921.53,3163
1694491200,1921.51,1924.31,1920.32,1922.22,11276
1694505600,1922.23,1922.31,1918.59,1919.7,12578
1694520000,1919.7,1920.0,1908.36,1909.69,19596
1694534400,1909.65,1915.03,1907.29,1912.33,24824
1694548800,1912.28,1913.54,1911.7,1913.31,6537
1694563200,1912.39,1913.73,1912.16,1912.53,3286
1694577600,1912.52,1913.79,1908.16,1911.59,12499
1694592000,1911.6,1912.58,1908.08,1912.15,14169
1694606400,1912.15,1914.41,1905.38,1912.29,23561
1694620800,1912.31,1915.72,1908.84,1909.36,33830
1694635200,1909.35,1911.16,1908.07,1908.14,7880
1694649600,1908.14,1912.77,1907.43,1912.59,4600
1694664000,1912.59,1912.84,1908.81,1909.36,14424
1694678400,1909.37,1910.87,1905.11,1907.24,14394
1694692800,1907.28,1910.2,1901.14,1904.42,26515
1694707200,1904.35,1912.07,1900.77,1910.18,47173
1694721600,1910.19,1911.41,1908.04,1910.41,7679
1694736000,1910.62,1911.52,1909.71,1911.23,3700
1694750400,1911.23,1916.8,1910.41,1916.15,13762
1694764800,1916.15,1919.54,1914.88,1917.99,19316
1694779200,1917.98,1920.49,1915.8,1917.08,16402
1694793600,1917.08,1930.39,1916.88,1925.32,39686
1694808000,1925.32,1925.88,1922.33,1923.48,9146
1694995200,1923.75,1924.66,1921.26,1924.59,3525
1695009600,1924.6,1929.43,1923.3,1928.13,13776
1695024000,1928.13,1930.57,1925.06,1926.12,15530
1695038400,1926.13,1928.19,1923.47,1923.98,12719
1695052800,1923.98,1931.09,1922.72,1931.03,26146
1695067200,1931.03,1934.17,1930.77,1933.55,8293
1695081600,1933.72,1934.54,1932.62,1932.7,3309
1695096000,1932.74,1933.41,1931.25,1931.29,7952
1695110400,1931.29,1934.88,1929.74,1933.7,12658
1695124800,1933.7,1937.37,1933.56,1935.84,13398
1695139200,1935.83,1936.34,1930.75,1930.87,24046
1695153600,1930.86,1933.02,1929.75,1931.18,7173
1695168000,1931.49,1932.3,1930.27,1930.69,3015
1695182400,1930.69,1931.39,1928.19,1929.77,8097
1695196800,1929.75,1932.28,1927.69,1929.13,12527
1695211200,1929.11,1933.99,1929.09,1932.16,12458
1695225600,1932.16,1946.7,1931.83,1946.66,30224
1695240000,1946.71,1947.39,1929.16,1929.39,38417
1695254400,1930.82,1931.43,1924.54,1924.92,6616
1695268800,1924.93,1928.64,1924.14,1927.93,11391
1695283200,1927.93,1930.45,1922.76,1923.03,13839
1695297600,1923.02,1926.07,1913.86,1916.42,26810
1695312000,1916.45,1923.73,1913.71,1919.47,38559
1695326400,1919.47,1921.22,1918.65,1919.88,9322
1695340800,1919.88,1923.63,1919.22,1923.38,3586
1695355200,1923.38,1925.48,1921.98,1924.27,10956
1695369600,1924.27,1928.65,1923.68,1926.7,17547
1695384000,1926.68,1927.6,1924.08,1926.09,14694
1695398400,1926.09,1929.06,1924.85,1925.29,25994
1695412800,1925.29,1926.34,1924.26,1925.08,6509
1695600000,1925.13,1926.28,1919.87,1924.85,4656
1695614400,1924.85,1925.29,1922.61,1923.12,7331
1695628800,1923.13,1927.13,1920.78,1921.68,13770
1695643200,1921.65,1926.83,1921.55,1925.88,13899
1695657600,1925.88,1926.28,1914.99,1916.73,29786
1695672000,1916.75,1917.59,1915.15,1915.95,6991
1695686400,1915.9,1916.73,1914.65,1914.83,2663
1695700800,1914.84,1915.76,1913.06,1914.62,7437
1695715200,1914.61,1915.58,1909.62,1913.74,14742
1695729600,1913.74,1913.85,1905.03,1910.19,16755
1695744000,1910.19,1910.28,1900.55,1901.16,32868
1695758400,1901.17,1902.22,1899.02,1900.38,10741
1695772800,1900.61,1902.41,1899.43,1900.65,3628
1695787200,1900.65,1903.72,1896.37,1897.72,9908
1695801600,1897.7,1899.0,1894.85,1896.61,14545
1695816000,1896.61,1896.61,1888.97,1891.73,18545
1695830400,1891.66,1892.15,1875.18,1875.83,37597
1695844800,1875.85,1878.21,1872.2,1875.19,19292
1695859200,1875.02,1877.89,1874.81,1877.03,5295
1695873600,1876.99,1877.47,1873.2,1874.88,10662
1695888000,1874.87,1878.19,1873.62,1874.17,17916
1695902400,1874.16,1879.25,1871.47,1872.34,24154
1695916800,1872.33,1876.8,1857.47,1863.49,48400
1695931200,1863.53,1867.3,1860.71,1865.24,11756
1695945600,1865.23,1867.21,1863.69,1865.32,4214
1695960000,1865.32,1866.95,1862.84,1864.98,7611
1695974400,1864.99,1873.96,1864.43,1871.61,16385
1695988800,1871.84,1874.02,1867.44,1873.83,23823
1696003200,1873.83,1879.74,1852.21,1853.77,50293
1696017600,1853.77,1853.79,1846.26,1849.04,15734
1696204800,1845.39,1848.85,1844.84,1845.39,5869
1696219200,1845.41,1847.36,1842.31,1842.54,7334
1696233600,1842.54,1846.24,1839.04,1839.51,18997
1696248000,1839.51,1840.55,1830.98,1836.27,27867
1696262400,1836.26,1838.43,1827.01,1831.6,48092
1696276800,1831.62,1833.57,1827.43,1828.03,12768
1696291200,1828.26,1829.47,1820.49,1824.69,8723
1696305600,1824.7,1825.08,1815.12,1820.62,12708
1696320000,1820.63,1829.09,1818.07,1826.23,19306
1696334400,1826.25,1829.7,1823.56,1824.78,26174
1696348800,1824.8,1833.09,1819.14,1823.87,65359
1696363200,1823.87,1825.94,1821.84,1823.2,14889
1696377600,1822.29,1824.99,1821.83,1823.25,6073
1696392000,1823.24,1824.34,1819.56,1823.53,13461
1696406400,1823.54,1823.67,1816.52,1822.98,24040
1696420800,1822.99,1830.59,1821.0,1827.27,32081
1696435200,1827.27,1827.37,1817.08,1820.94,51704
1696449600,1820.93,1823.64,1816.54,1820.82,15002
1696464000,1821.55,1825.69,1820.61,1825.59,5072
1696478400,1825.59,1829.14,1825.54,1827.66,9611
1696492800,1827.66,1828.17,1819.57,1819.84,16644
1696507200,1819.84,1823.98,1812.76,1815.65,24146
1696521600,1815.64,1821.79,1814.16,1818.09,42341
1696536000,1818.1,1820.84,1815.81,1820.19,11804
1696550400,1819.44,1823.09,1819.44,1820.67,3861
1696564800,1820.67,1824.53,1819.63,1822.75,7736
1696579200,1822.76,1822.88,1818.53,1821.92,13720
1696593600,1821.91,1825.08,1810.3,1815.04,30045
1696608000,1815.05,1834.85,1813.89,1829.18,64516
1696622400,1829.17,1833.95,1828.76,1831.51,13526
1696809600,1847.58,1855.14,1845.32,1852.23,14232
1696824000,1852.24,1853.24,1847.28,1850.49,14883
1696838400,1850.51,1854.37,1848.02,1850.43,18110
1696852800,1850.41,1852.27,1844.8,1848.0,15370
1696867200,1847.97,1853.2,1844.18,1850.01,28391
1696881600,1850.0,1863.44,1849.92,1861.42,13235
1696896000,1861.25,1865.3,1860.29,1864.08,6803
1696910400,1864.08,1865.24,1860.78,1860.84,13237
1696924800,1860.8,1862.16,1855.15,1858.47,24210
1696939200,1858.48,1859.57,1852.8,1854.49,22710
1696953600,1854.49,1862.4,1853.05,1861.86,36222
1696968000,1861.88,1862.8,1857.89,1860.02,12607
1696982400,1859.62,1862.07,1859.3,1860.92,4143
1696996800,1860.89,1861.98,1859.42,1859.68,9513
1697011200,1859.68,1869.8,1858.62,1869.51,22514
1697025600,1869.52,1874.67,1866.66,1872.77,26782
1697040000,1872.85,1877.14,1868.14,1874.29,39997
1697054400,1874.3,1874.69,1870.8,1873.58,14493
1697068800,1873.58,1876.63,1873.52,1875.41,3427
1697083200,1875.41,1879.07,1874.45,1878.87,9380
1697097600,1878.87,1882.63,1878.41,1880.31,15180
1697112000,1880.32,1884.97,1875.1,1879.01,25939
1697126400,1878.98,1880.03,1870.46,1871.32,41924
1697140800,1871.32,1872.0,1867.87,1868.76,16622
1697155200,1868.71,1872.58,1868.56,1872.54,4396
1697169600,1872.54,1876.76,1871.3,1876.29,9053
1697184000,1876.28,1884.91,1875.68,1883.78,19013
1697198400,1883.75,1919.07,1882.41,1913.26,38083
1697212800,1913.31,1927.45,1905.51,1927.15,55008
1697227200,1927.15,1930.72,1926.77,1930.09,17570
1697414400,1928.06,1929.31,1921.12,1921.63,11019
1697428800,1921.63,1923.45,1918.02,1920.09,10273
1697443200,1920.1,1920.13,1908.05,1911.6,23804
1697457600,1911.56,1924.55,1911.17,1918.66,27500
1697472000,1918.66,1922.29,1914.2,1921.85,35559
1697486400,1921.88,1922.75,1917.72,1919.75,9112
1697500800,1920.06,1921.76,1914.33,1916.54,5380
1697515200,1916.58,1917.59,1912.37,1914.62,10178
1697529600,1914.65,1921.4,1913.94,1919.25,15764
1697544000,1919.26,1928.98,1918.86,1926.01,26264
1697558400,1926.02,1931.54,1920.83,1924.09,41686
1697572800,1924.05,1925.08,1919.13,1922.94,13328
1697587200,1923.67,1928.24,1923.24,1927.37,4786
1697601600,1927.37,1942.75,1926.87,1938.02,18249
1697616000,1938.0,1940.09,1935.09,1938.39,18851
1697630400,1938.38,1950.07,1938.31,1948.83,25418
1697644800,1948.78,1962.62,1938.14,1949.84,51459
1697659200,1949.83,1956.55,1947.59,1947.83,18057
1697673600,1947.63,1953.28,1946.96,1950.21,5721
1697688000,1950.18,1951.66,1945.19,1948.13,12629
1697702400,1948.13,1954.44,1945.53,1949.71,20943
1697716800,1949.69,1957.09,1947.83,1954.8,22746
1697731200,1954.8,1962.07,1949.71,1961.96,55657
1697745600,1961.98,1977.66,1960.79,1974.13,32656
1697760000,1974.45,1982.32,1972.43,1974.93,10600
1697774400,1974.89,1981.91,1971.98,1977.21,16707
1697788800,1977.23,1985.17,1974.12,1983.69,22960
1697803200,1983.7,1985.85,1973.23,1978.22,24469
1697817600,1978.23,1997.23,1976.38,1982.62,52007
1697832000,1982.63,1986.68,1974.22,1980.27,23705
1698019200,1967.07,1978.57,1964.33,1966.22,8736
1698033600,1966.24,1974.76,1964.37,1973.7,15570
1698048000,1973.7,1981.93,1972.71,1981.42,19223
1698062400,1981.44,1982.77,1975.26,1977.54,25295
1698076800,1977.54,1980.04,1970.1,1974.46,45434
1698091200,1974.46,1978.12,1971.12,1972.7,18560
1698105600,1972.52,1975.88,1971.33,1973.81,4274
1698120000,1973.81,1980.83,1973.81,1976.12,13366
1698134400,1976.17,1979.15,1969.87,1972.24,21126
1698148800,1972.2,1972.49,1953.16,1964.85,28255
1698163200,1964.9,1975.93,1958.81,1974.29,46560
1698177600,1974.29,1977.53,1970.81,1971.0,13757
1698192000,1971.09,1975.23,1969.88,1974.5,4997
1698206400,1974.5,1976.97,1970.83,1972.44,11494
1698220800,1972.42,1975.95,1968.28,1971.36,15673
1698235200,1971.39,1976.84,1969.42,1975.03,19630
1698249600,1975.07,1987.18,1962.63,1978.1,45316
1698264000,1978.15,1985.62,1976.49,1979.57,14126
1698278400,1979.57,1984.73,1979.44,1983.45,7276
1698292800,1983.45,1989.37,1983.18,1988.44,10400
1698307200,1988.41,1993.41,1983.96,1992.08,18824
1698321600,1992.09,1992.15,1974.57,1979.5,25895
1698336000,1979.53,1985.81,1971.75,1984.22,42828
1698350400,1984.22,1989.26,1982.29,1984.51,16799
1698364800,1984.42,1986.82,1982.83,1983.46,7832
1698379200,1983.45,1989.93,1983.18,1989.45,11318
1698393600,1989.47,1989.71,1985.36,1986.93,15718
1698408000,1986.95,1987.91,1977.03,1980.37,21926
1698422400,1980.37,1985.67,1976.82,1983.62,35437
1698436800,1983.65,2009.41,1983.01,2005.59,27506
1698624000,2002.98,2006.73,1996.85,2004.67,13428
1698638400,2004.63,2004.71,1999.48,1999.62,8230
1698652800,1999.62,2000.74,1990.84,1996.62,18231
1698667200,1996.6,2002.48,1992.61,1998.51,26925
1698681600,1998.51,2002.51,1991.89,1997.92,30676
1698696000,1997.89,1999.85,1994.7,1996.14,7448
1698710400,1996.25,1997.25,1993.82,1996.37,7850
1698724800,1996.37,1997.12,1990.58,1992.96,12019
1698739200,1992.97,1999.15,1992.3,1997.46,15054
1698753600,1997.48,2004.06,1994.35,2002.46,28726
1698768000,2002.57,2007.74,1983.27,1984.11,42000
1698782400,1984.02,1986.71,1978.67,1983.93,11792
1698796800,1983.66,1986.06,1977.93,1979.56,9055
1698811200,1979.56,1980.81,1975.12,1979.01,8563
1698825600,1979.06,1983.73,1976.46,1982.71,13725
1698840000,1982.76,1988.47,1981.04,1985.69,25927
1698854400,1985.72,1992.0,1974.43,1977.73,32914
1698868800,1977.62,1982.86,1969.82,1982.24,27623
1698883200,1982.03,1988.11,1981.3,1986.2,9350
1698897600,1986.21,1986.63,1983.33,1985.32,8674
1698912000,1985.32,1989.6,1983.62,1988.13,12044
1698926400,1988.15,1990.97,1981.62,1984.31,27203
1698940800,1984.33,1986.56,1978.75,1984.97,27877
1698955200,1984.98,1986.38,1983.66,1985.88,6251
1698969600,1985.95,1986.47,1983.2,1983.91,5766
1698984000,1983.82,1987.83,1983.74,1987.09,5699
1698998400,1987.09,1990.26,1984.18,1989.02,11429
1699012800,1989.03,2003.99,1985.4,1995.4,39073
1699027200,1995.29,1999.06,1988.61,1993.03,36306
1699041600,1993.06,1995.11,1991.49,1992.5,5719
1699228800,1992.14,1993.04,1986.93,1992.04,9638
1699243200,1992.07,1992.92,1981.92,1983.86,10985
1699257600,1983.86,1987.89,1982.21,1986.79,12274
1699272000,1987.01,1989.09,1983.34,1986.26,15570
1699286400,1986.31,1988.2,1979.66,1983.69,23033
1699300800,1983.69,1983.69,1977.32,1978.03,9466
1699315200,1977.66,1978.34,1974.71,1975.69,7790
1699329600,1975.76,1976.08,1970.89,1973.65,7780
1699344000,1973.65,1973.87,1964.14,1966.32,14580
1699358400,1966.34,1968.02,1956.54,1966.51,24090
1699372800,1966.51,1967.21,1960.13,1963.98,27897
1699387200,1964.0,1969.81,1963.62,1968.86,11370
1699401600,1969.03,1969.98,1967.43,1968.58,5720
1699416000,1968.59,1970.97,1964.92,1965.52,6634
1699430400,1965.55,1969.1,1965.07,1965.41,12878
1699444800,1965.45,1966.65,1959.33,1964.83,18878
1699459200,1964.83,1966.32,1950.77,1953.76,30243
1699473600,1953.75,1954.7,1947.36,1950.37,13072
1699488000,1950.97,1954.53,1948.87,1953.31,7903
1699502400,1953.33,1953.33,1947.67,1950.09,12430
1699516800,1950.1,1950.54,1944.38,1946.8,13316
1699531200,1946.78,1951.35,1944.74,1950.55,18401
1699545600,1950.56,1964.86,1948.57,1961.84,29980
1699560000,1961.82,1965.56,1956.07,1958.66,22552
1699574400,1958.47,1960.8,1957.92,1959.04,8988
1699588800,1959.03,1960.42,1956.31,1957.2,9030
1699603200,1957.19,1958.16,1953.43,1953.86,13872
1699617600,1953.8,1954.38,1943.04,1946.08,22648
1699632000,1946.06,1947.62,1936.48,1936.68,31509
1699646400,1936.7,1937.87,1932.96,1937.79,12361
1699833600,1940.58,1941.89,1928.83,1940.35,8634
1699848000,1940.33,1941.26,1933.98,1939.09,10821
1699862400,1939.11,1941.18,1935.9,1938.18,13615
1699876800,1938.13,1939.7,1933.82,1935.92,15238
1699891200,1935.93,1949.16,1931.62,1945.7,24613
1699905600,1945.72,1948.01,1944.75,1946.07,7185
1699920000,1946.13,1948.32,1945.35,1945.63,4197
1699934400,1945.65,1946.64,1943.67,1944.41,5953
1699948800,1944.36,1947.92,1944.11,1947.11,10468
1699963200,1947.12,1959.08,1935.41,1954.3,23378
1699977600,1954.25,1970.91,1953.62,1962.14,32554
1699992000,1962.13,1964.44,1961.62,1963.36,7418
1700006400,1962.58,1963.95,1961.51,1962.63,6771
1700020800,1962.64,1967.87,1962.44,1966.85,9081
1700035200,1966.85,1972.57,1966.78,1971.49,15180
1700049600,1971.46,1975.09,1963.33,1965.52,21363
1700064000,1965.6,1966.67,1955.36,1961.4,31038
1700078400,1961.39,1962.2,1958.96,1959.44,8912
1700092800,1960.01,1961.34,1957.52,1958.33,5946
1700107200,1958.31,1963.84,1956.45,1962.85,7903
1700121600,1962.88,1968.54,1962.75,1966.21,13425
1700136000,1966.11,1972.9,1962.03,1972.07,19125
1700150400,1972.09,1987.94,1971.47,1983.34,33474
1700164800,1983.35,1985.18,1980.53,1981.24,8866
1700179200,1981.12,1986.86,1980.88,1983.41,5837
1700193600,1983.34,1987.02,1983.17,1984.35,7473
1700208000,1984.35,1992.37,1982.64,1991.25,14006
1700222400,1991.25,1993.31,1983.53,1984.77,21282
1700236800,1984.78,1986.63,1978.56,1981.11,28302
1700251200,1981.17,1982.73,1978.94,1980.4,8501
1700438400,1978.19,1982.95,1973.32,1981.0,9786
1700452800,1980.98,1985.11,1979.49,1980.65,12545
1700467200,1980.65,1981.85,1975.82,1979.29,17054
1700481600,1979.28,1979.49,1965.59,1968.21,22111
1700496000,1968.21,1976.21,1965.38,1973.81,24577
1700510400,1973.75,1978.92,1973.46,1977.52,12398
1700524800,1977.86,1990.31,1977.67,1990.01,10253
1700539200,1989.92,1994.23,1988.63,1991.63,11877
1700553600,1991.64,1994.25,1984.27,1985.34,17989
1700568000,1985.34,2000.28,1985.3,1997.57,21690
1700582400,1997.66,2007.55,1997.27,2001.42,30397
1700596800,2001.46,2001.78,1996.24,1998.56,13862
1700611200,1998.98,1999.82,1995.76,1996.1,7353
1700625600,1996.08,2000.33,1995.35,1998.87,9531
1700640000,1998.92,2006.34,1998.19,2002.05,19974
1700654400,2002.09,2003.39,1996.79,1999.13,20336
1700668800,1999.15,2002.37,1988.54,1991.54,31519
1700683200,1991.53,1992.58,1986.81,1990.01,9754
1700697600,1989.86,1994.0,1989.47,1993.46,7078
1700712000,1993.45,1998.15,1993.04,1996.2,8584
1700726400,1996.21,1998.51,1992.13,1994.38,12587
1700740800,1994.37,1994.84,1991.85,1992.71,9444
1700755200,1992.73,1994.86,1989.76,1992.33,9410
1700784000,1992.61,1994.9,1991.42,1992.73,6018
1700798400,1992.73,1994.7,1991.34,1994.29,9344
1700812800,1994.28,1994.91,1992.03,1994.5,11350
1700827200,1994.51,2001.88,1994.29,1999.58,16192
1700841600,1999.6,2003.62,1997.17,2000.92,20520
1700856000,2000.91,2002.87,1999.8,2002.07,1601
1701043200,2000.99,2017.98,2000.45,2011.9,13496
1701057600,2011.91,2013.68,2007.29,2010.61,12619
1701072000,2010.6,2015.51,2008.67,2013.32,14112
1701086400,2013.36,2016.37,2009.66,2011.26,18523
1701100800,2011.3,2014.96,2005.63,2009.88,28440
1701115200,2009.88,2014.58,2009.43,2014.05,7685
1701129600,2014.05,2018.08,2012.2,2015.31,8635
1701144000,2015.33,2017.62,2014.0,2015.14,8632
1701158400,2015.16,2016.77,2011.99,2015.9,14969
1701172800,2015.92,2021.4,2011.53,2021.39,18477
1701187200,2021.4,2042.99,2020.53,2040.65,39685
1701201600,2040.64,2042.5,2038.16,2041.25,11780
1701216000,2040.47,2051.91,2040.47,2048.77,13690
1701230400,2048.74,2049.01,2042.96,2045.87,13072
1701244800,2045.86,2046.18,2035.24,2038.38,17994
1701259200,2038.38,2042.96,2036.72,2039.06,22950
1701273600,2039.06,2046.89,2037.06,2045.02,33724
1701288000,2045.01,2049.52,2042.68,2044.08,10693
1701302400,2045.14,2046.81,2043.01,2043.27,5988
1701316800,2043.26,2047.13,2041.37,2041.67,9601
1701331200,2041.68,2046.9,2038.71,2039.94,14114
1701345600,2039.99,2043.86,2033.9,2036.8,22568
1701360000,2036.81,2041.31,2031.17,2036.99,33505
1701374400,2037.0,2038.64,2033.59,2036.01,8972
1701388800,2037.11,2043.36,2037.06,2041.64,7394
1701403200,2041.6,2042.73,2038.63,2040.88,8329
1701417600,2040.88,2049.8,2039.22,2046.36,15377
1701432000,2046.36,2047.18,2033.89,2037.59,21721
1701446400,2037.58,2067.67,2035.2,2067.26,46670
1701460800,2067.25,2075.31,2065.5,2071.39,18939
1701648000,2072.4,2145.77,2071.72,2087.71,33495
1701662400,2087.71,2090.32,2081.58,2085.99,13379
1701676800,2086.02,2087.87,2057.69,2071.03,25741
1701691200,2071.03,2071.82,2055.88,2057.61,22296
1701705600,2057.64,2057.97,2020.04,2025.9,58413
1701720000,2025.92,2032.25,2022.15,2028.91,17195
1701734400,2029.25,2041.14,2028.31,2035.57,13287
1701748800,2035.56,2038.32,2030.39,2032.12,12727
1701763200,2032.12,2039.55,2028.41,2028.94,20745
1701777600,2028.92,2030.77,2021.48,2029.45,26711
1701792000,2029.47,2030.16,2009.7,2017.14,48525
1701806400,2017.14,2020.82,2016.66,2019.11,8806
1701820800,2018.49,2022.65,2017.19,2020.78,7750
1701835200,2020.75,2025.41,2019.68,2024.79,8531
1701849600,2024.79,2035.82,2020.17,2021.13,19264
1701864000,2021.15,2031.82,2020.14,2030.13,24772
1701878400,2030.11,2033.0,2022.56,2029.51,38366
1701892800,2029.5,2031.21,2024.38,2025.29,10735
1701907200,2025.29,2029.56,2025.27,2026.09,7131
1701921600,2026.11,2029.91,2025.13,2026.74,10984
1701936000,2026.79,2034.8,2026.23,2034.12,19959
1701950400,2034.12,2039.92,2029.54,2037.1,22844
1701964800,2037.09,2037.54,2020.14,2028.77,42529
1701979200,2028.77,2031.96,2027.62,2028.51,14087
1701993600,2028.55,2033.04,2026.84,2032.28,11648
1702008000,2032.27,2033.92,2029.25,2029.98,10181
1702022400,2029.87,2031.33,2026.47,2028.62,15635
1702036800,2028.62,2032.33,2014.4,2018.57,27438
1702051200,2018.57,2019.32,1994.63,1997.15,52169
1702065600,1997.15,2005.07,1996.32,2004.02,15104
1702252800,2004.7,2007.76,2001.69,2002.09,11052
1702267200,2002.09,2002.71,1994.73,1998.77,11055
1702281600,1998.78,2000.59,1991.24,1993.45,18325
1702296000,1993.44,1996.72,1990.12,1993.68,20722
1702310400,1993.84,1994.36,1975.98,1976.64,30798
1702324800,1976.64,1983.05,1975.76,1981.67,12504
1702339200,1982.04,1989.31,1981.72,1983.22,9613
1702353600,1983.2,1987.85,1981.83,1987.46,8733
1702368000,1987.46,1989.06,1982.65,1985.84,13095
1702382400,1985.83,1996.69,1982.54,1984.42,25407
1702396800,1984.38,1989.72,1977.15,1977.64,33664
1702411200,1977.68,1981.09,1977.44,1979.26,9947
1702425600,1978.97,1982.75,1978.97,1980.07,4825
1702440000,1980.06,1980.34,1977.57,1978.67,7129
1702454400,1978.7,1982.6,1972.94,1982.42,16095
1702468800,1982.43,1986.64,1979.6,1984.33,17932
1702483200,1984.36,1986.06,1978.34,1982.08,26157
1702497600,1982.06,2027.4,1979.64,2026.33,43804
1702512000,2026.25,2039.19,2024.43,2032.35,19904
1702526400,2032.37,2035.91,2030.03,2035.17,16598
1702540800,2035.19,2040.31,2029.17,2036.63,27446
1702555200,2036.63,2039.17,2027.51,2037.22,32203
1702569600,2037.22,2047.89,2034.67,2036.11,46459
1702584000,2036.07,2036.65,2029.1,2035.78,17135
1702598400,2036.23,2038.62,2031.2,2032.27,10230
1702612800,2032.19,2037.48,2031.89,2035.24,11303
1702627200,2035.22,2044.21,2034.27,2042.62,17833
1702641600,2042.6,2044.84,2026.82,2031.39,26241
1702656000,2031.35,2038.41,2031.28,2032.73,37204
1702670400,2032.73,2033.75,2015.55,2018.41,21550
1702857600,2019.85,2023.29,2015.84,2019.21,9970
1702872000,2019.21,2024.52,2018.92,2023.11,8370
1702886400,2023.08,2027.37,2021.48,2022.84,16347
1702900800,2022.82,2026.15,2018.75,2025.81,16740
1702915200,2025.81,2033.52,2020.28,2033.52,23281
1702929600,2033.54,2033.61,2024.94,2027.06,9610
1702944000,2027.47,2029.27,2025.6,2026.06,6532
1702958400,2026.06,2026.46,2021.64,2024.06,11456
1702972800,2024.07,2028.41,2022.89,2026.26,16124
1702987200,2026.26,2032.61,2024.21,2030.0,16957
1703001600,2030.01,2046.91,2028.84,2040.36,31228
1703016000,2040.36,2040.84,2036.68,2040.54,9727
1703030400,2040.39,2041.54,2037.62,2038.05,7703
1703044800,2038.05,2041.38,2036.66,2041.26,6583
1703059200,2041.25,2043.42,2039.62,2039.9,13661
1703073600,2039.9,2040.37,2029.54,2036.35,18977
1703088000,2036.37,2039.78,2030.44,2034.7,27970
1703102400,2034.7,2037.11,2027.41,2030.89,15956
1703116800,2031.98,2035.9,2031.42,2035.4,6006
1703131200,2035.4,2038.15,2034.83,2036.12,7771
1703145600,2036.19,2037.34,2033.92,2035.36,11605
1703160000,2035.38,2045.93,2031.59,2041.3,22110
1703174400,2041.36,2045.93,2036.61,2040.95,35319
1703188800,2040.96,2045.91,2037.38,2045.79,11502
1703203200,2048.15,2054.93,2046.66,2048.62,11906
1703217600,2048.63,2051.19,2047.13,2048.25,11002
1703232000,2048.24,2054.49,2047.03,2053.42,12387
1703246400,2053.48,2069.2,2053.46,2067.28,27978
1703260800,2067.25,2070.62,2051.05,2055.41,35940
1703275200,2055.41,2058.0,2051.77,2052.92,13639
1703577600,2064.23,2064.63,2060.6,2061.87,3234
1703592000,2061.86,2064.09,2058.76,2058.81,8574
1703606400,2058.69,2061.86,2054.39,2057.62,16045
1703620800,2057.64,2068.96,2057.26,2067.31,8114
1703635200,2068.03,2068.51,2063.83,2066.67,6553
1703649600,2066.67,2067.18,2064.03,2064.55,6746
1703664000,2064.56,2069.22,2064.3,2068.31,10345
1703678400,2068.48,2070.3,2061.42,2068.3,16246
1703692800,2068.22,2082.45,2066.59,2081.81,28253
1703707200,2081.8,2084.47,2075.92,2077.15,12471
1703721600,2077.15,2087.66,2077.15,2086.98,8006
1703736000,2086.96,2088.39,2084.62,2085.74,11094
1703750400,2085.67,2087.47,2072.62,2076.93,18466
1703764800,2076.92,2079.19,2071.27,2072.86,18274
1703779200,2072.89,2081.08,2072.04,2074.79,26980
1703793600,2074.8,2075.39,2064.53,2065.52,12189
1703808000,2066.03,2071.33,2065.71,2070.66,7670
1703822400,2070.65,2072.33,2067.64,2072.29,8679
1703836800,2072.29,2074.68,2065.31,2065.56,13095
1703851200,2065.52,2068.76,2058.2,2059.17,18389
1703865600,2059.17,2068.03,2058.46,2066.5,30294
1703880000,2066.46,2067.8,2061.08,2062.79,12672
1704182400,2074.17,2078.88,2071.8,2077.03,10849
1704196800,2077.11,2078.04,2064.77,2066.12,26525
1704211200,2066.16,2070.66,2055.79,2062.69,41788
1704225600,2062.69,2064.9,2057.96,2058.95,11399
1704240000,2058.64,2062.51,2058.64,2062.38,7871
1704254400,2062.3,2065.89,2061.54,2064.01,8601
1704268800,2063.98,2065.24,2054.15,2056.72,17197
1704283200,2056.72,2057.03,2038.61,2040.97,30191
1704297600,2040.99,2048.74,2030.28,2033.33,48866
1704312000,2033.36,2042.26,2030.59,2041.04,23136
1704326400,2041.98,2043.82,2040.12,2042.17,7162
1704340800,2042.12,2046.86,2042.1,2043.73,9905
1704355200,2043.75,2050.96,2043.62,2048.0,18877
1704369600,2048.0,2050.85,2038.78,2040.17,22634
1704384000,2040.18,2047.72,2036.24,2043.23,31459
1704398400,2043.23,2044.83,2041.5,2043.49,9973
1704412800,2043.4,2048.23,2042.74,2046.08,8344
1704427200,2046.08,2047.77,2043.13,2044.44,8525
1704441600,2044.45,2046.96,2038.38,2038.8,16168
1704456000,2038.84,2041.92,2024.35,2039.9,29829
1704470400,2039.88,2063.92,2038.74,2041.95,62594
1704484800,2041.91,2050.31,2040.46,2044.96,17333
1704672000,2043.53,2046.51,2042.82,2043.72,8038
1704686400,2043.73,2043.77,2026.93,2030.68,13962
1704700800,2030.66,2033.2,2026.48,2029.02,24125
1704715200,2029.03,2029.46,2016.57,2018.99,29730
1704729600,2019.01,2036.84,2018.54,2027.64,36707
1704744000,2027.61,2029.75,2026.1,2027.91,10305
1704758400,2027.99,2035.55,2027.94,2032.19,8519
1704772800,2032.19,2035.8,2030.25,2032.72,10661
1704787200,2032.73,2038.21,2031.13,2035.38,21272
1704801600,2035.4,2041.94,2031.58,2038.57,25207
1704816000,2038.59,2040.1,2026.07,2027.63,37813
1704830400,2027.63,2031.07,2026.72,2030.03,11672
1704844800,2030.2,2032.45,2027.18,2031.76,8056
1704859200,2031.74,2032.8,2025.46,2026.58,10700
1704873600,2026.55,2036.15,2023.82,2035.63,22842
1704888000,2035.68,2040.17,2029.89,2030.19,25522
1704902400,2030.24,2033.54,2021.81,2023.98,36974
1704916800,2023.96,2025.01,2020.46,2024.06,16833
1704931200,2024.94,2030.3,2024.61,2029.69,6903
1704945600,2029.67,2034.59,2028.75,2032.92,9490
1704960000,2032.94,2035.65,2030.15,2031.28,17819
1704974400,2031.26,2040.33,2025.05,2029.4,35147
1704988800,2029.48,2034.84,2013.21,2014.29,60982
1705003200,2014.25,2029.56,2013.76,2028.67,21428
1705017600,2028.35,2035.5,2028.35,2033.81,11333
1705032000,2033.81,2037.11,2032.76,2035.98,9280
1705046400,2035.96,2040.1,2034.1,2038.08,18153
1705060800,2038.08,2056.58,2038.02,2056.1,35429
1705075200,2056.09,2062.2,2041.46,2043.88,53324
1705089600,2043.89,2049.19,2042.94,2048.69,15416
1705276800,2048.55,2051.35,2045.77,2051.06,9980
1705291200,2051.09,2058.02,2049.79,2054.99,11727
1705305600,2055.02,2058.56,2052.8,2054.99,16103
1705320000,2054.98,2055.17,2051.31,2054.2,14803
1705334400,2054.19,2056.28,2049.14,2055.75,12760
1705363200,2055.36,2055.45,2049.93,2050.84,10046
1705377600,2050.83,2051.62,2047.54,2048.49,10626
1705392000,2048.49,2050.88,2038.61,2041.21,25812
1705406400,2041.34,2044.99,2031.26,2037.58,33477
1705420800,2037.49,2042.56,2024.89,2025.3,52166
1705435200,2025.3,2030.15,2024.21,2028.14,15140
1705449600,2027.15,2030.67,2025.59,2030.18,7759
1705464000,2030.16,2032.89,2019.31,2020.59,11916
1705478400,2020.59,2026.62,2017.51,2023.8,20967
1705492800,2023.77,2028.98,2018.63,2022.4,28379
1705507200,2022.39,2023.07,2003.4,2007.03,41335
1705521600,2007.09,2007.18,2001.74,2006.13,14846
1705536000,2006.75,2011.99,2006.74,2011.57,6714
1705550400,2011.49,2011.79,2005.76,2009.19,8260
1705564800,2009.21,2014.08,2008.11,2010.13,17219
1705579200,2010.13,2017.22,2007.05,2009.03,22906
1705593600,2009.05,2017.68,2009.03,2016.3,33345
1705608000,2016.35,2023.18,2015.49,2022.78,13266
1705622400,2024.15,2025.49,2021.08,2023.93,7615
1705636800,2023.89,2024.98,2020.29,2021.59,6307
1705651200,2021.56,2030.86,2020.79,2029.73,14738
1705665600,2029.73,2039.36,2028.75,2035.25,18027
1705680000,2035.25,2035.69,2023.1,2029.07,36451
1705694400,2029.11,2029.94,2026.38,2029.19,11678
1705881600,2029.75,2032.05,2025.39,2029.01,7935
1705896000,2029.02,2029.97,2021.79,2023.18,10524
1705910400,2023.16,2026.15,2019.08,2021.69,18800
1705924800,2021.67,2030.11,2021.04,2023.15,23382
1705939200,2023.17,2026.49,2016.39,2021.53,27742
1705953600,2021.51,2021.85,2019.12,2021.1,9789
1705968000,2021.14,2023.11,2019.54,2021.63,6570
1705982400,2021.64,2031.61,2020.7,2030.76,13050
1705996800,2030.78,2037.85,2027.03,2028.7,20971
1706011200,2028.7,2030.25,2022.38,2024.9,20715
1706025600,2024.91,2027.72,2021.39,2024.24,30383
1706040000,2024.24,2030.65,2022.95,2029.0,11172
1706054400,2028.71,2029.56,2026.37,2027.13,7169
1706068800,2027.13,2027.43,2022.78,2024.42,8370
1706083200,2024.42,2034.08,2023.63,2030.84,19276
1706097600,2030.84,2036.63,2029.31,2033.94,23756
1706112000,2033.94,2034.68,2011.87,2019.22,41062
1706126400,2019.23,2019.76,2011.16,2014.29,14374
1706140800,2014.61,2017.59,2014.25,2016.35,8444
1706155200,2016.39,2016.87,2014.55,2015.49,7131
1706169600,2015.5,2018.22,2012.59,2017.83,15002
1706184000,2017.93,2022.97,2008.9,2019.32,25737
1706198400,2019.29,2025.31,2012.49,2014.91,39705
1706212800,2014.9,2020.19,2013.31,2019.89,11522
1706227200,2019.76,2024.17,2016.65,2021.79,6689
1706241600,2021.78,2023.84,2020.94,2023.02,5957
1706256000,2023.0,2023.41,2018.19,2020.8,13303
1706270400,2020.83,2026.77,2018.7,2024.62,22023
1706284800,2024.59,2026.06,2015.89,2016.62,28525
1706299200,2016.6,2019.24,2016.02,2018.4,8488
1706486400,2024.32,2028.46,2019.25,2023.18,12684
1706500800,2023.2,2027.55,2021.46,2025.4,8440
1706515200,2025.39,2033.8,2024.81,2028.35,16145
1706529600,2028.31,2037.52,2025.41,2036.84,17802
1706544000,2036.83,2037.21,2020.53,2029.29,28519
1706558400,2029.29,2035.18,2025.02,2031.79,14148
1706572800,2032.14,2034.06,2029.09,2030.98,6606
1706587200,2030.81,2033.26,2029.76,2032.05,5969
1706601600,2032.05,2040.26,2031.99,2035.68,16323
1706616000,2035.68,2037.91,2031.23,2037.73,16829
1706630400,2037.78,2048.56,2028.95,2033.99,41470
1706644800,2033.89,2037.02,2031.48,2036.39,9302
1706659200,2036.95,2038.59,2034.39,2034.52,5637
1706673600,2034.55,2035.04,2032.79,2034.95,6092
1706688000,2034.97,2040.37,2033.56,2038.18,14284
1706702400,2038.18,2043.1,2035.9,2041.9,20711
1706716800,2041.89,2055.95,2040.67,2049.59,44722
1706731200,2049.58,2050.79,2030.81,2038.72,50420
1706745600,2039.7,2042.6,2039.12,2041.32,7021
1706760000,2041.3,2049.39,2041.17,2044.49,9442
1706774400,2044.47,2044.85,2038.94,2041.02,17971
1706788800,2041.07,2042.09,2029.95,2039.99,31609
1706803200,2040.0,2065.45,2039.02,2054.34,55706
1706817600,2054.33,2058.66,2052.07,2054.5,19577
1706832000,2054.06,2056.85,2052.89,2054.61,5763
1706846400,2054.64,2056.49,2051.85,2055.44,6667
1706860800,2055.45,2056.87,2052.67,2052.99,13168
1706875200,2052.99,2057.59,2029.51,2031.59,28297
1706889600,2031.7,2037.5,2027.58,2035.21,48089
1706904000,2035.2,2039.63,2034.38,2039.57,13571
1707091200,2038.51,2042.14,2033.58,2038.06,23718
1707105600,2038.05,2038.78,2028.88,2029.74,24033
1707120000,2029.74,2031.49,2020.61,2022.65,35418
1707134400,2022.64,2028.38,2014.93,2015.88,37717
1707148800,2015.89,2026.4,2014.79,2025.62,58662
1707163200,2025.63,2027.48,2023.95,2024.81,17220
1707177600,2024.36,2028.61,2023.69,2027.19,11628
1707192000,2027.18,2029.85,2023.52,2029.53,18684
1707206400,2029.52,2029.66,2022.82,2023.57,24472
1707220800,2023.57,2030.91,2022.88,2029.21,31579
1707235200,2029.21,2038.83,2026.86,2037.01,57146
1707249600,2037.01,2038.2,2033.81,2035.89,20282
1707264000,2035.29,2036.24,2034.23,2035.04,12295
1707278400,2035.03,2035.56,2033.29,2033.38,13920
1707292800,2033.37,2036.12,2031.22,2034.31,22443
1707307200,2034.3,2036.62,2030.53,2036.09,27267
1707321600,2036.09,2044.52,2032.68,2035.57,58591
1707336000,2035.57,2037.19,2033.56,2034.86,17513
1707350400,2034.85,2038.09,2034.84,2037.23,9881
1707364800,2037.22,2038.68,2031.15,2033.42,14724
1707379200,2033.43,2036.03,2028.84,2035.33,24329
1707393600,2035.34,2038.49,2020.87,2021.14,43040
1707408000,2021.11,2034.02,2020.17,2031.68,52205
1707422400,2031.67,2035.31,2031.1,2034.06,19965
1707436800,2033.94,2035.02,2031.94,2034.19,9449
1707451200,2034.19,2035.11,2032.17,2032.88,8538
1707465600,2032.89,2034.97,2030.49,2031.54,21636
1707480000,2031.53,2037.2,2025.58,2027.04,36109
1707494400,2027.04,2030.57,2020.25,2024.68,49175
1707508800,2024.63,2026.32,2022.77,2023.83,14356
1707696000,2024.75,2026.9,2023.45,2023.53,8184
1707710400,2023.53,2024.16,2021.66,2023.81,9309
1707724800,2023.82,2027.3,2020.35,2020.73,19985
1707739200,2020.74,2027.6,2018.58,2019.11,28790
1707753600,2019.08,2020.37,2011.9,2019.42,47095
1707768000,2019.44,2021.58,2017.75,2019.89,17264
1707782400,2019.7,2021.26,2018.25,2020.34,6568
1707796800,2020.34,2021.65,2016.85,2020.8,9321
1707811200,2020.81,2026.88,2020.73,2026.66,20600
1707825600,2026.67,2029.84,2002.94,2004.35,39317
1707840000,2004.36,2005.84,1990.13,1993.69,69145
1707854400,1993.68,1995.79,1991.15,1992.9,20034
1707868800,1992.93,1993.24,1988.6,1992.82,10697
1707883200,1992.82,1993.64,1991.16,1992.96,9820
1707897600,1992.97,1993.1,1985.75,1991.15,25827
1707912000,1991.14,1993.34,1988.63,1989.12,31152
1707926400,1989.13,1995.24,1984.07,1994.31,55310
1707940800,1994.33,1996.08,1989.63,1992.18,16449
1707955200,1992.05,1994.32,1990.86,1992.55,9969
1707969600,1992.54,1993.47,1990.18,1991.89,9295
1707984000,1991.9,1996.82,1991.36,1996.43,18951
1707998400,1996.43,2004.22,1995.61,2003.86,34956
1708012800,2003.86,2008.24,1998.4,2003.62,58094
1708027200,2003.6,2006.42,2002.75,2004.19,16714
1708041600,2004.11,2005.6,2002.32,2005.49,8312
1708056000,2005.49,2005.62,2003.24,2004.51,11781
1708070400,2004.5,2006.43,2002.72,2005.03,18611
1708084800,2005.04,2008.08,1995.08,2001.4,31885
1708099200,2001.39,2014.39,1995.3,2013.3,62257
1708113600,2013.31,2015.12,2011.07,2012.62,19057
1708300800,2011.76,2020.74,2009.97,2019.77,15060
1708315200,2019.77,2022.82,2018.21,2020.68,13668
1708329600,2020.68,2022.92,2019.09,2020.13,18159
1708344000,2020.14,2020.6,2015.98,2016.87,19976
1708358400,2016.89,2018.49,2013.23,2017.27,15510
1708387200,2017.69,2019.15,2014.97,2016.93,12065
1708401600,2016.92,2019.65,2016.72,2018.57,11206
1708416000,2018.55,2025.21,2017.74,2023.99,24014
1708430400,2023.99,2030.83,2023.49,2030.08,34710
1708444800,2030.05,2030.81,2025.45,2028.65,44457
1708459200,2028.69,2028.89,2023.58,2023.82,14841
1708473600,2024.05,2026.08,2022.74,2025.37,10231
1708488000,2025.37,2032.24,2025.29,2030.89,15557
1708502400,2030.9,2031.23,2025.95,2028.05,22513
1708516800,2028.06,2031.6,2027.35,2028.67,24850
1708531200,2028.67,2030.34,2021.44,2024.21,46490
1708545600,2024.21,2027.01,2020.04,2025.66,29398
1708560000,2024.97,2028.61,2024.94,2026.98,12672
1708574400,2026.98,2030.02,2025.49,2028.41,13819
1708588800,2028.4,2034.83,2028.3,2030.22,28663
1708603200,2030.22,2031.17,2022.81,2025.61,32806
1708617600,2025.62,2026.79,2019.57,2022.93,50563
1708632000,2022.93,2024.95,2019.59,2024.51,17485
1708646400,2023.32,2027.24,2022.75,2026.82,12195
1708660800,2026.8,2027.33,2022.12,2022.36,12236
1708675200,2022.37,2022.63,2015.94,2016.73,26248
1708689600,2016.73,2029.22,2016.53,2025.36,34371
1708704000,2025.36,2039.78,2024.16,2037.85,52067
1708718400,2037.85,2041.31,2035.09,2035.65,16991
1708905600,2031.55,2034.93,2028.82,2031.23,14421
1708920000,2031.22,2034.26,2030.58,2033.03,12390
1708934400,2033.03,2037.04,2031.9,2033.07,23816
1708948800,2033.08,2035.43,2030.71,2032.63,31405
1708963200,2032.62,2032.88,2024.97,2028.69,41593
1708977600,2028.71,2033.6,2028.14,2031.02,15270
1708992000,2030.85,2033.76,2030.54,2033.58,9983
1709006400,2033.57,2034.55,2032.35,2033.59,10142
1709020800,2033.6,2039.44,2033.22,2036.59,21783
1709035200,2036.61,2039.11,2034.53,2035.4,27677
1709049600,2035.41,2036.94,2029.69,2032.23,38451
1709064000,2032.23,2036.05,2028.69,2030.17,16819
1709078400,2030.37,2033.72,2029.09,2033.43,9917
1709092800,2033.41,2033.62,2029.77,2030.93,12395
1709107200,2030.94,2032.01,2024.82,2024.85,22514
1709121600,2024.85,2036.07,2024.29,2035.82,30907
1709136000,2035.82,2037.85,2030.37,2033.79,36801
1709150400,2033.79,2035.23,2030.86,2034.93,14069
1709164800,2033.38,2036.58,2033.34,2036.39,8999
1709179200,2036.4,2037.07,2034.38,2035.58,13652
1709193600,2035.58,2037.82,2033.94,2034.54,21238
1709208000,2034.54,2048.65,2028.08,2047.58,40015
1709222400,2047.59,2050.62,2043.26,2045.65,46616
1709236800,2045.65,2046.81,2042.88,2043.88,15883
1709251200,2042.93,2044.66,2042.63,2044.26,7172
1709265600,2044.25,2046.82,2043.38,2045.0,10838
1709280000,2045.02,2048.75,2039.03,2046.36,26728
1709294400,2046.37,2057.45,2045.88,2051.57,36764
1709308800,2051.6,2085.64,2045.55,2084.8,72703
1709323200,2084.79,2088.3,2081.34,2081.34,23217
1709510400,2081.23,2086.05,2079.46,2080.22,17047
1709524800,2080.2,2083.5,2079.88,2081.54,11925
1709539200,2081.54,2088.21,2081.06,2085.17,25821
1709553600,2085.15,2093.16,2081.12,2091.62,32611
1709568000,2091.61,2119.84,2090.39,2116.51,70575
1709582400,2116.53,2118.48,2113.31,2114.9,20851
1709596800,2112.76,2116.83,2110.45,2112.67,14473
1709611200,2112.65,2119.66,2111.26,2119.24,18379
1709625600,2119.24,2125.41,2113.97,2124.55,33409
1709640000,2124.54,2141.9,2121.15,2127.79,48754
1709654400,2127.81,2139.59,2123.69,2130.89,75204
1709668800,2130.88,2134.73,2127.09,2127.73,22126
1709683200,2127.12,2128.46,2125.11,2125.5,13124
1709697600,2125.49,2127.96,2123.61,2125.22,15001
1709712000,2125.25,2131.53,2124.35,2128.6,28846
1709726400,2128.63,2139.62,2124.69,2139.38,40949
1709740800,2139.39,2149.98,2131.49,2144.76,84707
1709755200,2144.77,2152.21,2139.4,2148.42,33971
1709769600,2147.33,2151.29,2144.25,2146.23,18974
1709784000,2146.24,2161.4,2145.65,2154.43,27196
1709798400,2154.43,2159.87,2151.63,2157.6,33790
1709812800,2157.6,2164.75,2153.3,2159.46,46960
1709827200,2159.45,2159.74,2147.88,2158.2,73134
1709841600,2158.2,2160.86,2156.09,2159.49,17313
1709856000,2158.17,2163.56,2157.68,2157.83,15591
1709870400,2157.82,2159.27,2154.02,2157.7,16578
1709884800,2157.7,2171.1,2156.41,2169.05,36595
1709899200,2169.13,2185.38,2155.41,2171.06,49268
1709913600,2171.06,2195.17,2163.73,2184.99,83283
1709928000,2184.98,2184.98,2168.32,2178.52,34144
1710115200,2178.95,2188.99,2177.15,2180.26,24877
1710129600,2180.25,2181.61,2176.78,2178.11,17965
1710144000,2178.13,2183.1,2175.26,2180.48,33282
1710158400,2180.45,2185.08,2174.62,2181.74,45368
1710172800,2181.76,2185.68,2175.43,2179.6,53910
1710187200,2179.6,2184.13,2177.18,2182.66,14704
1710201600,2182.22,2184.74,2179.98,2182.79,17041
1710216000,2182.77,2182.88,2174.14,2176.15,19390
1710230400,2176.13,2179.07,2173.6,2176.97,27233
1710244800,2176.96,2182.03,2156.17,2160.41,74633
1710259200,2160.41,2166.55,2152.49,2155.02,60324
1710273600,2155.03,2158.97,2150.25,2158.56,17158
1710288000,2157.67,2161.43,2155.76,2158.54,20225
1710302400,2158.53,2161.54,2157.25,2160.05,17919
1710316800,2160.05,2161.52,2157.53,2158.48,31811
1710331200,2158.48,2171.54,2158.07,2166.05,48226
1710345600,2166.05,2179.83,2163.39,2174.55,53488
1710360000,2174.52,2176.48,2171.66,2174.44,13500
1710374400,2173.28,2177.01,2173.04,2174.76,15886
1710388800,2174.76,2175.45,2168.61,2168.81,18210
1710403200,2168.82,2171.96,2167.46,2169.98,28975
1710417600,2169.98,2170.86,2158.56,2162.51,60842
1710432000,2162.51,2164.99,2152.71,2160.24,60504
1710446400,2160.25,2163.84,2160.21,2161.73,12395
1710460800,2161.28,2165.93,2160.62,2162.56,14051
1710475200,2162.57,2169.18,2161.57,2169.04,16523
1710489600,2169.11,2172.76,2165.16,2171.88,32478
1710504000,2171.93,2172.65,2156.49,2160.03,50034
1710518400,2159.46,2166.65,2155.15,2156.79,52407
1710532800,2156.8,2160.31,2155.26,2156.11,10136
1710720000,2154.47,2157.48,2150.09,2152.28,18526
1710734400,2152.26,2153.43,2146.04,2146.99,19391
1710748800,2146.99,2155.87,2146.67,2154.78,29418
1710763200,2154.79,2163.62,2154.58,2156.71,49717
1710777600,2156.69,2161.31,2154.61,2159.93,47202
1710792000,2159.92,2160.97,2159.12,2160.13,10127
1710806400,2159.04,2162.81,2158.58,2160.52,14941
1710820800,2160.51,2162.77,2157.07,2157.64,25099
1710835200,2157.64,2157.8,2147.17,2153.23,45079
1710849600,2153.22,2158.67,2150.12,2151.13,51064
1710864000,2151.17,2157.3,2148.41,2156.87,43831
1710878400,2156.86,2158.46,2155.46,2157.59,10378
1710892800,2156.67,2160.02,2155.17,2158.6,13174
1710907200,2158.6,2160.26,2156.54,2157.43,16742
1710921600,2157.41,2159.48,2153.08,2154.77,27902
1710936000,2154.73,2158.61,2149.57,2157.91,43222
1710950400,2157.91,2164.83,2154.66,2156.87,45483
1710964800,2156.86,2188.8,2156.86,2185.54,63223
1710979200,2186.47,2222.77,2186.35,2204.83,49470
1710993600,2204.83,2206.34,2201.67,2204.91,24908
1711008000,2204.9,2210.16,2196.6,2205.36,49571
1711022400,2205.37,2211.76,2191.64,2191.84,63649
1711036800,2191.76,2191.85,2166.39,2180.83,76294
1711051200,2180.84,2183.94,2180.33,2181.09,13395
1711065600,2181.16,2186.05,2172.66,2173.49,21984
1711080000,2173.52,2177.1,2171.8,2174.23,30855
1711094400,2174.22,2176.3,2162.59,2166.63,44211
1711108800,2166.65,2180.05,2165.19,2178.06,53600
1711123200,2178.07,2179.83,2157.05,2159.17,60888
1711137600,2159.17,2167.19,2158.75,2165.58,16192
1711324800,2164.49,2176.89,2163.97,2175.12,33175
1711339200,2175.13,2178.3,2167.72,2169.78,28423
1711353600,2169.79,2170.51,2163.5,2168.39,35202
1711368000,2168.41,2181.31,2167.58,2177.1,44288
1711382400,2177.17,2180.37,2174.25,2174.73,41772
1711396800,2174.72,2174.73,2170.65,2171.27,10539
1711411200,2171.57,2174.43,2167.55,2169.48,18361
1711425600,2169.42,2173.3,2169.29,2172.99,16261
1711440000,2172.88,2195.2,2169.63,2190.86,34698
1711454400,2190.88,2200.04,2178.32,2182.97,54907
1711468800,2182.86,2186.35,2171.69,2176.71,50192
1711483200,2176.71,2178.54,2173.89,2177.77,10420
1711497600,2177.17,2180.26,2172.27,2175.13,17662
1711512000,2175.13,2181.68,2174.71,2177.01,18206
1711526400,2177.01,2193.94,2176.44,2189.27,33752
1711540800,2189.26,2197.55,2183.43,2193.3,55216
1711555200,2193.3,2195.27,2188.38,2190.37,49075
1711569600,2190.38,2195.23,2189.04,2194.71,13116
1711584000,2190.57,2193.79,2187.35,2189.36,20314
1711598400,2189.35,2200.62,2189.14,2197.24,24167
1711612800,2197.23,2198.94,2190.81,2197.83,34509
1711627200,2197.84,2217.26,2196.83,2206.52,77344
1711641600,2206.52,2225.49,2204.32,2221.9,70771
1711656000,2221.91,2236.2,2217.82,2232.57,16313
1711670400,2232.58,2232.59,2232.53,2232.53,11
1711929600,2243.39,2256.37,2234.76,2250.04,27133
1711944000,2250.04,2265.67,2250.04,2260.33,37965
1711958400,2260.32,2263.32,2255.69,2257.32,27733
1711972800,2257.3,2258.34,2243.6,2252.48,40193
1711987200,2252.49,2257.88,2228.5,2238.07,80379
1712001600,2238.08,2250.43,2234.69,2249.73,23460
1712016000,2248.76,2255.82,2247.62,2250.35,17229
1712030400,2250.34,2259.89,2246.6,2256.7,32605
1712044800,2256.7,2262.76,2251.78,2261.04,37298
1712059200,2261.09,2266.82,2253.24,2257.56,51128
1712073600,2257.56,2277.0,2250.84,2260.28,91634
1712088000,2260.29,2281.12,2259.52,2280.1,37056
1712102400,2278.96,2288.29,2277.8,2283.27,21215
1712116800,2283.27,2287.96,2276.73,2283.66,32730
1712131200,2283.72,2285.96,2267.67,2273.18,44246
1712145600,2273.18,2274.99,2265.33,2274.85,49904
1712160000,2274.84,2295.18,2271.65,2293.91,92207
1712174400,2293.89,2300.13,2288.76,2300.11,31464
1712188800,2298.84,2302.52,2296.22,2302.22,17946
1712203200,2302.27,2304.72,2296.99,2298.88,21425
1712217600,2298.88,2300.71,2291.03,2291.58,31049
1712232000,2291.56,2295.18,2282.74,2288.13,43042
1712246400,2288.13,2299.35,2284.84,2286.86,66678
1712260800,2286.88,2305.57,2279.95,2290.43,54987
1712275200,2290.19,2293.33,2282.81,2283.1,16551
1712289600,2283.09,2284.15,2267.77,2278.04,36057
1712304000,2278.02,2291.79,2276.55,2288.04,41034
1712318400,2288.04,2295.98,2280.28,2290.84,47740
1712332800,2290.9,2329.48,2286.98,2327.15,100980
1712347200,2327.3,2330.53,2320.66,2328.06,34146
1712534400,2321.95,2328.09,2304.0,2306.18,27456
1712548800,2306.19,2353.87,2302.92,2342.24,62697
1712563200,2342.25,2343.72,2331.76,2336.24,52794
1712577600,2336.24,2343.47,2322.5,2328.99,55750
1712592000,2329.01,2335.66,2318.47,2328.54,86187
1712606400,2328.54,2341.98,2327.6,2338.47,33294
1712620800,2337.82,2341.71,2336.59,2340.84,11264
1712635200,2340.84,2348.48,2337.79,2344.1,40709
1712649600,2344.16,2359.29,2343.11,2357.56,52763
1712664000,2357.54,2365.34,2345.75,2349.37,66376
1712678400,2349.37,2364.27,2338.23,2345.0,98236
1712692800,2345.0,2354.58,2341.94,2352.91,33882
1712707200,2351.19,2355.59,2350.41,2351.53,11474
1712721600,2351.56,2356.88,2344.67,2356.28,34359
1712736000,2356.3,2360.02,2352.37,2354.51,43176
1712750400,2354.5,2354.76,2327.75,2338.38,56967
1712764800,2338.42,2352.33,2319.31,2337.25,114731
1712779200,2337.24,2345.12,2325.75,2331.79,51220
1712793600,2333.23,2337.25,2333.01,2335.2,13495
1712808000,2335.18,2346.8,2334.04,2342.92,33334
1712822400,2342.95,2344.61,2325.5,2328.02,54793
1712836800,2328.04,2344.4,2327.9,2341.33,62736
1712851200,2341.33,2350.78,2332.26,2349.79,94618
1712865600,2349.81,2377.69,2347.98,2374.63,50193
1712880000,2370.5,2379.43,2370.45,2378.65,17095
1712894400,2378.65,2395.39,2378.44,2384.12,56145
1712908800,2384.12,2400.62,2382.79,2396.65,55129
1712923200,2396.67,2400.37,2390.47,2395.76,63570
1712937600,2395.77,2431.5,2360.56,2369.26,140355
1712952000,2369.26,2373.05,2333.82,2344.8,64765
1713139200,2355.46,2372.44,2346.7,2353.17,33210
1713153600,2353.15,2364.65,2348.36,2356.6,44271
1713168000,2356.6,2362.49,2344.64,2351.56,62064
1713182400,2351.56,2361.25,2346.33,2357.24,53634
1713196800,2357.24,2361.08,2324.31,2357.14,99724
1713211200,2357.14,2387.49,2354.08,2381.33,56723
1713225600,2381.63,2392.09,2380.13,2383.51,20700
1713240000,2383.42,2389.32,2379.09,2386.07,43031
1713254400,2386.1,2389.03,2362.99,2369.41,56318
1713268800,2369.41,2378.31,2367.51,2376.18,54518
1713283200,2376.17,2398.23,2363.38,2397.45,110262
1713297600,2397.47,2397.61,2378.6,2378.69,60285
1713312000,2381.27,2386.96,2380.77,2384.42,18636
1713326400,2384.46,2386.13,2380.29,2381.94,30122
1713340800,2381.92,2393.55,2372.55,2392.95,51548
1713355200,2392.94,2394.31,2378.41,2383.29,51772
1713369600,2383.27,2395.57,2361.0,2372.38,102747
1713384000,2372.36,2379.11,2354.15,2361.25,46676
1713398400,2364.45,2370.1,2363.11,2369.75,13772
1713412800,2369.75,2376.57,2364.02,2375.11,39450
1713427200,2375.12,2380.99,2373.77,2379.94,45569
1713441600,2379.94,2387.47,2377.23,2385.43,50400
1713456000,2385.42,2392.74,2369.51,2387.96,97566
1713470400,2388.02,2389.3,2376.9,2376.96,38349
1713484800,2377.71,2381.5,2373.72,2379.46,12330
1713499200,2379.42,2417.89,2378.74,2383.46,100914
1713513600,2383.48,2393.86,2377.94,2384.28,61961
1713528000,2384.27,2386.15,2372.72,2381.46,54161
1713542400,2381.45,2399.67,2373.06,2399.61,86728
1713556800,2399.6,2402.03,2386.64,2390.24,37520
1713744000,2387.69,2388.32,2380.71,2382.09,19477
1713758400,2382.1,2384.3,2361.44,2369.65,45693
1713772800,2369.7,2370.48,2351.39,2359.63,54513
1713787200,2359.59,2363.63,2332.94,2336.8,54255
1713801600,2336.8,2343.8,2328.67,2329.77,78989
1713816000,2329.79,2334.81,2324.79,2325.63,26228
1713830400,2326.59,2333.91,2326.36,2332.62,15003
1713844800,2332.53,2334.36,2295.51,2305.5,58707
1713859200,2305.49,2314.76,2298.88,2303.28,53911
1713873600,2303.27,2313.5,2291.32,2311.77,57575
1713888000,2311.79,2332.15,2309.53,2330.34,86623
1713902400,2330.33,2331.36,2321.22,2321.42,27199
1713916800,2321.47,2324.28,2320.65,2320.85,9014
1713931200,2320.85,2330.1,2315.72,2326.64,36005
1713945600,2326.66,2331.34,2316.1,2319.16,41309
1713960000,2319.19,2323.43,2311.71,2323.25,46328
1713974400,2323.24,2337.29,2315.51,2325.21,83308
1713988800,2325.21,2330.45,2313.47,2314.92,30971
1714003200,2314.8,2319.41,2314.19,2319.15,10635
1714017600,2319.12,2322.1,2304.99,2315.47,31598
1714032000,2315.47,2328.81,2314.53,2326.88,37022
1714046400,2326.86,2334.72,2323.14,2330.67,45921
1714060800,2330.73,2344.86,2312.51,2328.76,102078
1714075200,2328.74,2336.42,2326.23,2331.12,31215
1714089600,2331.0,2333.29,2328.7,2329.88,7568
1714104000,2329.89,2338.09,2326.15,2335.84,26903
1714118400,2335.83,2350.12,2333.97,2347.02,45308
1714132800,2347.0,2352.56,2340.43,2344.73,45417
1714147200,2344.77,2350.37,2328.57,2333.61,85423
1714161600,2333.6,2341.37,2332.67,2337.25,23486
1714348800,2336.02,2336.83,2330.6,2332.07,12937
1714363200,2332.05,2333.21,2319.62,2332.59,51049
1714377600,2332.58,2341.24,2327.49,2338.08,59177
1714392000,2338.07,2344.43,2328.35,2331.91,37910
1714406400,2331.93,2346.69,2325.41,2342.78,72697
1714420800,2342.9,2346.65,2332.96,2336.2,31389
1714435200,2334.62,2336.2,2331.61,2333.99,11145
1714449600,2334.0,2336.15,2324.89,2326.43,28749
1714464000,2326.42,2326.98,2310.23,2312.86,41110
1714478400,2312.84,2317.93,2303.56,2306.09,48010
1714492800,2306.08,2313.3,2292.6,2294.75,89909
1714507200,2294.77,2297.46,2284.96,2285.45,37558
1714521600,2285.85,2293.26,2285.66,2286.89,14575
1714536000,2286.84,2289.55,2281.56,2283.22,19146
1714550400,2283.21,2289.73,2282.56,2286.28,26307
1714564800,2286.28,2300.01,2285.73,2298.25,43183
1714579200,2298.24,2310.42,2295.17,2303.75,76940
1714593600,2303.76,2328.25,2295.8,2318.19,81026
1714608000,2319.97,2325.96,2318.71,2324.44,15355
1714622400,2324.42,2326.45,2317.31,2318.22,24556
1714636800,2318.22,2319.07,2302.87,2304.06,45343
1714651200,2304.07,2305.41,2293.21,2294.51,50861
1714665600,2294.52,2306.92,2285.48,2299.63,84670
1714680000,2299.6,2309.47,2299.25,2303.01,31536
1714694400,2302.96,2305.44,2300.15,2304.01,11607
1714708800,2303.98,2308.02,2299.87,2307.43,24958
1714723200,2307.46,2308.75,2297.72,2301.4,40581
1714737600,2301.35,2320.74,2294.62,2304.79,54580
1714752000,2304.82,2308.89,2277.08,2299.22,95102
1714766400,2299.21,2303.37,2296.04,2301.04,23854
1714953600,2302.91,2305.73,2291.79,2296.05,17600
1714968000,2296.05,2315.33,2295.73,2309.18,41595
1714982400,2309.19,2324.19,2308.69,2318.29,42100
1714996800,2318.31,2330.28,2314.33,2323.29,45828
1715011200,2323.28,2331.98,2317.3,2325.59,69635
1715025600,2325.6,2328.83,2321.01,2324.28,23341
1715040000,2323.42,2329.49,2322.17,2329.24,13412
1715054400,2329.24,2329.94,2319.63,2322.67,32814
1715068800,2322.66,2323.25,2311.38,2315.7,39719
1715083200,2315.72,2317.3,2309.79,2316.04,40623
1715097600,2316.04,2323.73,2311.51,2312.49,63860
1715112000,2312.5,2317.4,2311.09,2313.65,22022
1715126400,2312.59,2316.74,2312.22,2314.21,9128
1715140800,2314.22,2319.35,2306.74,2319.27,33499
1715155200,2319.26,2321.37,2303.36,2307.27,45223
1715169600,2307.25,2319.04,2306.95,2314.49,48262
1715184000,2314.5,2321.03,2306.61,2316.95,67441
1715198400,2316.95,2317.49,2307.87,2308.64,20791
1715212800,2307.2,2310.86,2307.05,2309.31,8981
1715227200,2309.28,2315.33,2307.88,2314.57,25017
1715241600,2314.57,2319.81,2306.97,2310.35,40468
1715256000,2310.35,2329.47,2306.43,2326.69,47891
1715270400,2326.71,2338.91,2311.95,2329.74,78351
1715284800,2329.73,2347.19,2328.93,2345.02,26704
1715299200,2345.74,2349.06,2345.08,2347.55,9833
1715313600,2347.57,2355.82,2347.12,2353.94,39096
1715328000,2353.94,2372.19,2353.75,2369.47,48986
1715342400,2369.47,2378.47,2360.35,2364.88,52532
1715356800,2364.88,2372.99,2356.42,2368.26,79943
1715371200,2368.29,2370.96,2359.5,2360.61,20658
1715558400,2361.27,2364.54,2359.43,2364.04,11147
1715572800,2364.03,2364.16,2354.09,2354.31,33995
1715587200,2354.31,2355.08,2341.66,2343.31,41584
1715601600,2343.34,2349.82,2338.04,2347.11,47574
1715616000,2347.1,2349.37,2331.52,2336.71,70342
1715630400,2336.73,2338.44,2334.45,2336.46,19122
1715644800,2334.68,2339.62,2334.68,2336.39,8188
1715659200,2336.4,2344.83,2336.34,2344.05,29468
1715673600,2344.04,2345.97,2335.91,2343.81,41628
1715688000,2343.79,2350.14,2336.42,2348.22,52783
1715702400,2348.26,2357.01,2344.91,2354.22,84595
1715716800,2354.21,2359.61,2351.97,2357.75,22316
1715731200,2356.55,2357.64,2354.86,2355.83,9129
1715745600,2355.84,2361.02,2354.87,2356.98,29707
1715760000,2356.99,2374.11,2355.72,2373.11,45425
1715774400,2373.12,2378.72,2357.72,2372.56,58307
1715788800,2372.53,2386.71,2351.8,2383.66,95361
1715803200,2383.66,2390.26,2383.5,2387.09,28050
1715817600,2384.77,2395.02,2384.04,2394.83,15844
1715832000,2394.84,2397.35,2386.55,2391.3,43803
1715846400,2391.33,2394.47,2384.22,2386.08,42383
1715860800,2386.0,2387.74,2377.88,2379.21,42205
1715875200,2379.19,2383.76,2370.57,2381.93,54729
1715889600,2381.95,2382.44,2375.71,2376.06,18481
1715904000,2376.08,2379.67,2376.0,2377.99,8152
1715918400,2377.99,2381.2,2373.94,2378.87,24403
1715932800,2378.84,2387.79,2378.56,2384.2,36056
1715947200,2384.21,2394.04,2381.46,2393.27,42059
1715961600,2393.29,2419.13,2393.29,2407.82,90509
1715976000,2407.83,2422.71,2405.73,2414.19,34532
1716163200,2417.93,2426.57,2416.51,2425.4,22059
1716177600,2425.39,2440.57,2425.39,2437.31,54434
1716192000,2437.31,2450.03,2431.69,2440.1,62895
1716206400,2440.12,2447.16,2406.95,2413.82,73467
1716220800,2413.5,2428.08,2410.34,2426.49,87740
1716235200,2426.49,2437.33,2423.34,2425.03,38460
1716249600,2425.56,2430.6,2424.29,2428.91,11901
1716264000,2428.9,2432.98,2404.41,2412.38,59424
1716278400,2412.41,2422.16,2408.43,2418.75,54540
1716292800,2418.74,2429.95,2412.18,2426.2,46480
1716307200,2426.2,2433.91,2417.99,2422.88,82322
1716321600,2422.88,2425.03,2417.37,2420.68,26490
1716336000,2420.13,2423.17,2420.13,2420.48,8730
1716350400,2420.48,2426.63,2412.07,2412.89,37908
1716364800,2412.89,2418.56,2410.53,2416.87,44796
1716379200,2416.86,2419.34,2404.72,2412.43,49439
1716393600,2412.42,2413.29,2382.15,2391.99,86488
1716408000,2391.98,2394.37,2374.99,2378.04,45877
1716422400,2379.27,2383.65,2378.36,2380.31,12029
1716436800,2380.3,2381.9,2366.75,2372.78,42463
1716451200,2372.77,2373.11,2354.91,2360.51,54871
1716465600,2360.51,2369.45,2358.78,2362.67,45613
1716480000,2362.68,2369.83,2340.0,2340.94,92176
1716494400,2340.95,2343.0,2326.65,2328.58,38842
1716508800,2327.97,2333.6,2327.29,2329.12,11061
1716523200,2329.11,2335.15,2325.4,2335.07,35206
1716537600,2335.05,2341.04,2333.2,2340.19,35067
1716552000,2340.19,2343.91,2334.81,2339.25,35403
1716566400,2339.24,2347.36,2332.31,2334.26,57508
1716580800,2334.26,2336.72,2331.7,2332.89,21095
1716768000,2335.97,2340.8,2331.65,2336.18,10829
1716782400,2336.17,2347.56,2334.61,2342.96,26236
1716796800,2342.95,2346.12,2338.11,2344.18,28887
1716811200,2344.18,2349.72,2342.42,2347.19,27103
1716825600,2347.2,2358.49,2344.62,2354.49,46912
1716854400,2351.29,2353.8,2351.05,2351.74,8407
1716868800,2351.72,2356.35,2349.15,2350.97,28420
1716883200,2350.97,2353.75,2340.24,2344.88,39442
1716897600,2344.9,2357.14,2342.26,2353.25,34500
1716912000,2353.25,2364.14,2347.93,2356.69,78629
1716926400,2356.68,2360.89,2352.78,2360.57,30127
1716940800,2361.6,2361.75,2357.33,2357.85,10456
1716955200,2357.84,2360.89,2354.44,2358.25,32584
1716969600,2358.26,2361.34,2344.72,2345.47,50201
1716984000,2345.48,2347.23,2334.39,2337.63,48012
1716998400,2337.77,2347.11,2335.86,2341.88,64641
1717012800,2341.77,2344.3,2335.83,2338.02,24107
1717027200,2336.35,2339.18,2333.88,2336.91,12903
1717041600,2336.92,2339.87,2328.01,2335.26,41438
1717056000,2335.26,2337.7,2322.44,2335.03,49356
1717070400,2335.04,2345.22,2330.57,2341.35,50549
1717084800,2341.3,2351.79,2339.74,2347.84,68800
1717099200,2347.85,2348.82,2339.84,2342.58,24477
1717113600,2343.32,2347.5,2341.76,2346.31,13468
1717128000,2346.31,2347.74,2336.94,2344.12,37975
1717142400,2344.11,2347.04,2339.66,2343.22,36271
1717156800,2343.21,2356.79,2340.95,2354.8,39817
1717171200,2354.82,2359.78,2327.68,2332.85,90693
1717185600,2332.83,2333.78,2320.42,2326.41,36133
1717372800,2327.73,2329.2,2323.31,2327.11,12940
1717387200,2327.1,2331.03,2319.94,2321.35,33917
1717401600,2321.35,2328.82,2314.7,2325.46,48700
1717416000,2325.46,2334.35,2324.29,2334.01,41905
1717430400,2334.02,2350.14,2329.79,2349.14,74039
1717444800,2349.15,2354.7,2344.67,2350.87,29802
1717459200,2350.79,2352.81,2349.75,2350.58,9477
1717473600,2350.58,2352.37,2343.18,2349.31,30974
1717488000,2349.31,2351.77,2332.24,2333.34,46131
1717502400,2333.36,2335.95,2325.26,2335.07,54949
1717516800,2335.07,2337.94,2315.54,2323.94,83293
1717531200,2323.94,2330.26,2323.74,2326.78,26859
1717545600,2326.17,2329.66,2326.17,2328.2,8518
1717560000,2328.18,2338.25,2325.85,2337.99,29149
1717574400,2337.99,2341.65,2328.05,2332.6,43027
1717588800,2332.64,2344.03,2329.45,2342.13,45381
1717603200,2342.14,2357.36,2334.0,2352.61,79555
1717617600,2352.61,2356.7,2351.68,2354.79,23620
1717632000,2354.28,2357.56,2354.27,2355.7,8669
1717646400,2355.69,2374.92,2355.56,2369.43,40699
1717660800,2369.42,2371.4,2359.7,2362.91,33397
1717675200,2362.9,2365.15,2355.21,2357.53,36588
1717689600,2357.55,2378.46,2353.36,2372.84,74409
1717704000,2372.84,2376.15,2368.96,2375.92,25442
1717718400,2375.5,2379.22,2375.5,2378.39,9582
1717732800,2378.39,2387.43,2369.36,2386.53,38075
1717747200,2386.54,2387.64,2342.55,2347.31,57308
1717761600,2347.3,2347.93,2312.76,2319.25,66843
1717776000,2319.26,2328.07,2302.92,2311.6,81997
1717790400,2311.6,2312.28,2286.45,2292.75,37569
1717977600,2292.21,2300.04,2289.1,2296.98,15902
1717992000,2296.99,2301.31,2292.72,2294.77,22867
1718006400,2294.78,2297.5,2287.69,2292.59,38429
1718020800,2292.59,2308.65,2291.79,2306.14,39667
1718035200,2306.13,2313.75,2300.31,2312.88,51876
1718049600,2312.87,2313.34,2308.49,2310.44,19250
1718064000,2311.45,2312.1,2308.74,2310.8,9142
1718078400,2310.8,2310.8,2298.76,2303.58,43273
1718092800,2303.57,2307.71,2297.68,2306.01,41584
1718107200,2306.01,2319.93,2301.5,2317.95,47221
1718121600,2317.95,2319.57,2305.64,2308.5,64178
1718136000,2308.5,2316.54,2307.86,2316.34,23344
1718150400,2316.64,2317.58,2313.42,2313.74,9178
1718164800,2313.73,2316.73,2310.67,2312.7,27380
1718179200,2312.7,2317.74,2310.77,2312.77,29704
1718193600,2312.74,2337.6,2311.49,2335.87,43833
1718208000,2335.87,2341.62,2320.03,2337.66,77554
1718222400,2337.69,2339.56,2315.8,2324.2,60512
1718236800,2323.87,2324.61,2317.58,2320.76,10678
1718251200,2320.77,2321.53,2308.07,2311.79,37326
1718265600,2311.81,2318.55,2308.87,2315.56,34991
1718280000,2315.56,2326.64,2303.96,2323.3,48425
1718294400,2323.3,2324.73,2295.45,2299.29,74689
1718308800,2299.28,2304.92,2299.08,2303.99,22810
1718323200,2302.43,2305.7,2301.56,2304.93,8076
1718337600,2304.92,2308.6,2303.07,2305.9,29588
1718352000,2305.89,2321.52,2305.55,2317.36,44054
1718366400,2317.37,2336.59,2315.16,2330.31,56287
1718380800,2330.34,2335.5,2324.05,2328.81,62727
1718395200,2328.81,2335.55,2328.45,2332.41,21768
1718582400,2330.56,2332.53,2325.23,2326.41,11111
1718596800,2326.42,2328.96,2321.51,2323.65,29728
1718611200,2323.65,2323.67,2315.46,2321.31,38503
1718625600,2321.3,2322.6,2316.71,2319.6,36149
1718640000,2319.6,2327.62,2309.98,2316.91,53509
1718654400,2316.91,2320.74,2313.26,2318.68,19547
1718668800,2319.54,2325.58,2319.17,2324.12,9167
1718683200,2324.15,2325.68,2319.24,2322.59,28816
1718697600,2322.58,2323.74,2310.64,2311.19,36056
1718712000,2311.19,2324.1,2306.29,2313.9,40238
1718726400,2313.91,2330.72,2313.67,2330.25,64075
1718740800,2330.25,2333.06,2327.45,2329.23,21001
1718755200,2329.58,2329.96,2327.42,2329.49,7130
1718769600,2329.48,2331.74,2326.52,2327.97,20246
1718784000,2327.98,2335.02,2326.8,2332.56,26188
1718798400,2332.56,2332.9,2325.22,2328.31,27940
1718812800,2328.31,2331.42,2323.71,2330.93,27903
1718841600,2329.17,2330.52,2327.76,2329.74,6135
1718856000,2329.75,2340.88,2329.75,2340.43,33126
1718870400,2340.43,2345.66,2332.62,2333.29,39863
1718884800,2333.28,2343.61,2331.59,2338.56,37634
1718899200,2338.56,2365.47,2336.65,2356.36,66281
1718913600,2356.37,2361.03,2354.61,2359.17,21043
1718928000,2359.47,2364.85,2358.15,2364.09,11431
1718942400,2364.1,2364.19,2357.09,2362.94,27148
1718956800,2362.93,2368.22,2355.1,2365.31,41367
1718971200,2365.32,2368.7,2360.43,2360.67,39595
1718985600,2360.66,2363.78,2323.26,2324.71,80625
1719000000,2324.7,2325.1,2316.61,2321.07,28389
1719187200,2321.44,2322.35,2316.89,2320.93,12176
1719201600,2320.94,2326.65,2319.02,2324.46,34202
1719216000,2324.45,2332.78,2321.37,2330.56,39494
1719230400,2330.56,2330.96,2320.67,2327.59,46881
1719244800,2327.59,2333.83,2325.87,2331.65,56145
1719259200,2331.66,2334.65,2330.59,2333.65,21357
1719273600,2333.68,2334.1,2328.19,2330.04,7421
1719288000,2330.05,2330.9,2322.74,2327.44,28926
1719302400,2327.45,2330.52,2322.55,2329.65,35013
1719316800,2329.66,2337.1,2323.97,2324.14,36286
1719331200,2324.1,2328.18,2315.34,2317.77,59853
1719345600,2317.8,2320.66,2316.78,2319.27,19694
1719360000,2318.03,2323.88,2317.77,2318.38,11675
1719374400,2318.37,2321.69,2310.58,2316.79,35432
1719388800,2316.78,2318.17,2309.69,2315.66,40018
1719403200,2315.67,2318.4,2304.32,2310.13,47130
1719417600,2310.15,2311.58,2293.49,2299.69,69181
1719432000,2299.71,2303.02,2296.86,2297.66,24474
1719446400,2297.55,2300.16,2296.71,2299.01,8835
1719460800,2299.02,2301.11,2296.79,2300.48,22842
1719475200,2300.48,2308.4,2296.48,2307.6,33429
1719489600,2307.6,2325.71,2307.31,2322.84,42598
1719504000,2322.83,2330.88,2319.48,2325.48,65398
1719518400,2325.47,2328.51,2322.42,2327.89,23664
1719532800,2326.93,2328.29,2321.4,2321.62,7942
1719547200,2321.61,2324.98,2318.96,2321.22,31290
1719561600,2321.2,2331.89,2320.96,2328.74,32518
1719576000,2328.75,2339.25,2327.26,2335.46,42030
1719590400,2335.45,2339.81,2322.82,2329.99,61792
1719604800,2329.98,2332.69,2322.82,2326.26,23922
1719792000,2325.1,2326.16,2322.14,2324.83,11584
1719806400,2324.81,2328.55,2321.41,2323.64,24646
1719820800,2323.64,2329.0,2318.44,2325.82,39262
1719835200,2325.83,2338.5,2325.43,2327.38,41694
1719849600,2327.37,2334.15,2319.17,2328.14,67113
1719864000,2328.15,2332.41,2326.73,2331.68,20238
1719878400,2331.1,2333.92,2331.01,2333.06,7029
1719892800,2333.05,2334.33,2324.86,2327.27,20808
1719907200,2327.26,2332.44,2323.31,2331.18,34699
1719921600,2331.18,2331.91,2318.93,2327.45,41082
1719936000,2327.44,2336.8,2320.91,2322.83,65730
1719950400,2322.83,2331.32,2322.05,2329.78,18810
1719964800,2328.99,2332.17,2328.9,2330.25,5916
1719979200,2330.26,2335.27,2326.79,2334.45,19489
1719993600,2334.49,2347.55,2331.97,2344.63,41057
1720008000,2344.64,2356.14,2342.12,2350.5,45206
1720022400,2350.46,2364.9,2347.58,2358.98,70251
1720051200,2356.12,2359.62,2355.13,2358.58,6473
1720065600,2358.57,2362.53,2357.13,2358.54,20976
1720080000,2358.53,2359.61,2350.13,2358.82,25543
1720094400,2358.82,2360.4,2355.66,2357.76,18285
1720108800,2357.75,2361.88,2355.23,2357.63,27251
1720137600,2356.54,2359.04,2354.12,2358.84,9390
1720152000,2358.86,2364.67,2356.89,2363.97,27039
1720166400,2363.96,2368.02,2362.24,2366.39,33196
1720180800,2366.4,2375.96,2350.64,2372.09,46794
1720195200,2372.12,2388.38,2370.65,2386.5,78575
1720209600,2386.51,2392.89,2384.57,2390.94,30553
1720396800,2385.33,2390.16,2384.55,2386.67,12481
1720411200,2386.66,2391.09,2380.66,2384.96,30915
1720425600,2384.96,2386.78,2371.92,2372.75,40113
1720440000,2372.75,2377.53,2368.28,2372.73,37266
1720454400,2372.72,2379.53,2350.91,2358.62,67042
1720468800,2358.63,2359.81,2354.85,2358.35,21410
1720483200,2358.5,2363.64,2357.51,2361.85,9883
1720497600,2361.85,2368.75,2360.44,2367.34,31608
1720512000,2367.34,2368.35,2358.23,2361.64,32889
1720526400,2361.64,2365.62,2356.03,2360.15,37081
1720540800,2360.08,2371.44,2349.22,2357.47,81200
1720555200,2357.46,2365.58,2357.45,2363.71,24572
1720569600,2363.24,2366.53,2362.17,2364.72,8397
1720584000,2364.72,2370.2,2363.26,2367.75,33517
1720598400,2367.74,2374.98,2367.13,2372.82,35860
1720612800,2372.82,2381.79,2371.66,2377.71,33292
1720627200,2377.72,2386.58,2373.95,2377.83,57909
1720641600,2377.83,2378.53,2369.8,2371.47,24087
1720656000,2371.12,2374.4,2370.37,2374.21,7813
1720670400,2374.21,2382.47,2373.07,2381.98,29767
1720684800,2381.98,2384.09,2378.46,2381.37,39838
1720699200,2381.35,2409.73,2378.94,2406.29,52991
1720713600,2406.26,2424.53,2395.73,2411.62,101070
1720728000,2411.63,2418.64,2409.88,2414.27,31380
1720742400,2414.9,2416.23,2411.0,2411.98,23598
1720756800,2411.98,2414.26,2406.64,2408.56,36157
1720771200,2408.56,2410.05,2400.32,2407.39,50857
1720785600,2407.38,2408.3,2391.36,2397.89,54110
1720800000,2397.89,2416.89,2396.74,2415.91,77288
1720814400,2415.91,2418.21,2411.03,2411.38,21949
1721001600,2411.51,2414.56,2405.63,2408.44,16043
1721016000,2408.44,2413.37,2404.91,2411.44,33792
1721030400,2411.45,2413.92,2401.29,2412.0,50398
1721044800,2411.96,2420.82,2407.7,2414.83,55947
1721059200,2414.82,2439.72,2411.5,2430.12,87216
1721073600,2430.16,2430.19,2419.63,2421.67,36029
1721088000,2421.05,2422.86,2419.95,2421.18,11886
1721102400,2421.19,2431.51,2421.16,2429.34,39206
1721116800,2429.34,2439.37,2428.01,2436.53,51046
1721131200,2436.54,2443.98,2429.34,2432.55,58148
1721145600,2432.5,2465.12,2430.92,2459.05,87984
1721160000,2459.06,2469.84,2458.67,2468.79,31836
1721174400,2467.57,2473.26,2466.13,2468.73,18179
1721188800,2468.72,2482.4,2463.96,2467.79,58886
1721203200,2467.78,2478.88,2461.8,2474.95,69639
1721217600,2474.94,2476.35,2466.5,2473.37,65346
1721232000,2473.37,2483.71,2452.76,2455.63,103167
1721246400,2455.63,2460.4,2451.42,2459.15,35792
1721260800,2459.28,2461.81,2457.09,2458.8,18358
1721275200,2458.81,2468.87,2457.56,2465.27,43357
1721289600,2465.26,2474.9,2464.6,2465.96,54234
1721304000,2465.96,2468.77,2461.52,2463.98,51625
1721318400,2463.98,2469.84,2455.76,2456.19,82106
1721332800,2456.17,2457.49,2440.24,2445.31,34256
1721347200,2444.37,2445.16,2426.02,2434.32,19272
1721361600,2434.37,2434.6,2420.21,2425.48,53616
1721376000,2425.49,2426.12,2412.84,2420.42,60226
1721390400,2420.4,2421.09,2401.51,2403.66,56602
1721404800,2403.66,2408.41,2393.66,2399.61,85068
1721419200,2399.62,2400.76,2395.63,2400.39,27537
1721606400,2401.11,2411.88,2399.68,2407.87,18829
1721620800,2407.86,2412.13,2403.2,2405.56,44697
1721635200,2405.58,2407.34,2398.9,2400.82,52729
1721649600,2400.82,2408.36,2388.66,2394.28,52577
1721664000,2394.26,2400.11,2383.79,2392.99,70543
1721678400,2393.0,2400.02,2391.74,2395.92,20602
1721692800,2395.93,2400.22,2394.68,2399.9,11972
1721707200,2399.93,2403.95,2395.73,2396.49,49134
1721721600,2396.49,2407.13,2388.23,2404.0,63118
1721736000,2404.0,2412.0,2403.13,2405.42,58897
1721750400,2405.42,2407.66,2399.47,2405.21,69544
1721764800,2405.22,2409.99,2402.61,2409.76,23860
1721779200,2408.3,2410.19,2407.34,2408.28,11088
1721793600,2408.28,2418.32,2404.89,2417.8,57259
1721808000,2417.82,2419.15,2410.7,2411.82,55633
1721822400,2411.83,2421.99,2409.72,2421.43,52885
1721836800,2421.42,2432.01,2413.51,2419.04,83194
1721851200,2419.02,2419.52,2397.03,2398.57,39842
1721865600,2396.96,2401.17,2392.86,2397.04,23010
1721880000,2397.03,2399.98,2366.72,2377.56,78441
1721894400,2377.56,2378.68,2365.76,2374.63,73302
1721908800,2374.61,2382.52,2362.62,2371.06,77384
1721923200,2371.07,2376.3,2357.54,2362.6,92035
1721937600,2362.6,2365.48,2352.99,2364.41,39232
1721952000,2363.27,2365.38,2362.04,2362.7,13708
1721966400,2362.69,2379.33,2355.85,2369.78,53964
1721980800,2369.77,2375.18,2365.22,2372.92,51822
1721995200,2372.92,2379.01,2370.22,2377.52,51243
1722009600,2377.54,2390.75,2373.94,2389.15,78964
1722024000,2389.11,2389.19,2381.07,2388.18,26951
1722211200,2386.53,2403.09,2386.02,2399.99,23173
1722225600,2399.99,2402.45,2388.56,2394.79,51495
1722240000,2394.8,2396.29,2386.95,2390.33,53354
1722254400,2390.34,2395.36,2385.2,2393.78,47360
1722268800,2393.78,2396.75,2369.28,2378.11,73741
1722283200,2378.13,2385.42,2376.91,2384.0,29313
1722297600,2382.75,2384.87,2380.24,2381.84,10507
1722312000,2381.83,2388.28,2376.43,2386.36,48857
1722326400,2386.37,2391.98,2386.04,2389.43,54625
1722340800,2389.38,2392.4,2385.72,2386.48,45751
1722355200,2386.48,2400.29,2383.39,2399.87,86759
1722369600,2399.88,2412.8,2399.8,2410.45,42405
1722384000,2409.6,2410.82,2407.89,2409.02,15899
1722398400,2409.01,2421.37,2403.93,2421.12,57270
1722412800,2421.12,2425.44,2415.43,2421.45,60212
1722427200,2421.42,2423.23,2417.17,2420.42,48761
1722441600,2420.43,2429.01,2417.77,2426.92,70155
1722456000,2426.96,2450.96,2421.35,2446.24,63368
1722470400,2447.6,2449.46,2442.94,2447.6,19784
1722484800,2447.59,2458.31,2437.28,2444.21,67825
1722499200,2444.2,2448.82,2433.18,2433.81,69055
1722513600,2433.82,2454.85,2430.17,2450.64,67140
1722528000,2450.64,2462.27,2442.07,2444.5,100442
1722542400,2444.5,2446.48,2434.92,2446.29,48956
1722556800,2445.5,2452.34,2443.6,2449.07,24734
1722571200,2449.08,2460.31,2434.61,2457.82,59680
1722585600,2457.83,2468.39,2457.55,2462.03,64053
1722600000,2462.03,2477.52,2455.78,2472.75,69482
1722614400,2472.74,2474.36,2410.69,2430.44,132039
1722628800,2430.36,2442.39,2422.94,2441.29,45422
1722816000,2443.96,2446.73,2413.61,2422.03,47002
1722830400,2422.05,2458.79,2420.11,2452.57,87833
1722844800,2452.58,2452.58,2422.01,2424.93,107573
1722859200,2424.93,2428.69,2363.86,2374.38,111153
1722873600,2374.4,2412.07,2374.4,2402.91,115377
1722888000,2402.92,2413.01,2400.15,2409.33,50055
1722902400,2409.11,2418.31,2404.25,2415.83,32676
1722916800,2415.83,2417.65,2405.79,2407.99,67874
1722931200,2407.98,2415.37,2394.74,2411.04,89831
1722945600,2411.03,2416.31,2391.73,2393.09,67451
1722960000,2393.1,2403.13,2381.16,2389.94,100342
1722974400,2389.92,2395.99,2386.26,2387.99,38629
1722988800,2388.47,2390.19,2380.96,2386.49,20056
1723003200,2386.49,2394.64,2378.72,2392.84,58221
1723017600,2392.83,2397.55,2388.04,2393.29,54759
1723032000,2393.3,2407.05,2392.42,2403.78,46013
1723046400,2403.77,2404.83,2391.82,2399.69,68767
1723060800,2399.63,2399.69,2381.5,2382.33,38992
1723075200,2381.07,2388.8,2380.37,2385.56,25005
1723089600,2385.55,2396.38,2384.98,2394.31,50479
1723104000,2394.32,2400.65,2392.37,2394.52,53222
1723118400,2394.55,2415.49,2393.83,2408.01,62454
1723132800,2408.01,2424.31,2402.18,2418.14,82676
1723147200,2418.14,2427.58,2415.77,2427.09,30234
1723161600,2425.94,2427.38,2422.56,2423.96,18779
1723176000,2423.95,2428.96,2419.2,2423.85,48651
1723190400,2423.87,2426.99,2416.8,2424.46,52590
1723204800,2424.47,2432.62,2422.53,2429.62,51321
1723219200,2429.64,2435.98,2420.95,2434.44,80714
1723233600,2434.46,2437.02,2427.18,2430.82,28226
1723420800,2428.05,2433.25,2426.61,2428.51,14122
1723435200,2428.5,2433.53,2423.83,2433.41,32884
1723449600,2433.4,2443.78,2429.12,2441.96,42654
1723464000,2441.97,2445.42,2439.62,2444.37,41896
1723478400,2444.38,2466.09,2442.07,2463.13,78634
1723492800,2463.14,2472.17,2461.67,2472.06,27988
1723507200,2470.68,2476.97,2468.48,2472.13,15328
1723521600,2472.13,2473.68,2460.18,2461.93,44593
1723536000,2461.91,2466.14,2458.46,2460.56,41795
1723550400,2460.6,2472.46,2458.85,2467.6,49179
1723564800,2467.6,2475.58,2458.94,2469.49,68680
1723579200,2469.48,2470.27,2462.21,2465.41,25774
1723593600,2466.51,2467.38,2463.03,2465.64,12576
1723608000,2465.64,2472.51,2455.29,2461.82,49715
1723622400,2461.82,2478.66,2459.26,2474.4,46292
1723636800,2474.38,2479.94,2462.04,2468.81,51254
1723651200,2468.82,2469.53,2438.05,2444.12,87054
1723665600,2444.16,2448.42,2440.29,2447.66,29839
1723680000,2446.85,2454.28,2446.25,2450.16,12127
1723694400,2450.15,2455.46,2448.16,2453.34,38493
1723708800,2453.35,2458.77,2450.31,2455.44,41170
1723723200,2455.45,2470.08,2440.97,2441.14,51289
1723737600,2441.15,2459.9,2432.15,2455.67,86665
1723752000,2455.68,2461.63,2453.43,2456.19,30914
1723766400,2454.92,2459.78,2454.34,2458.38,11349
1723780800,2458.38,2459.97,2450.72,2452.68,37137
1723795200,2452.68,2464.5,2451.11,2462.32,42201
1723809600,2462.32,2492.34,2461.17,2491.49,52178
1723824000,2491.46,2500.08,2477.46,2495.82,84156
1723838400,2495.84,2509.68,2493.12,2506.82,32431
1724025600,2508.45,2509.42,2500.32,2502.03,19490
1724040000,2502.03,2506.04,2494.92,2500.51,53818
1724054400,2500.56,2507.15,2499.09,2503.01,48906
1724068800,2502.93,2503.98,2486.47,2491.15,49220
1724083200,2491.22,2507.48,2485.29,2505.45,71310
1724097600,2505.45,2505.85,2500.65,2504.31,23244
1724112000,2502.74,2506.88,2501.93,2504.95,12551
1724126400,2504.95,2508.28,2498.7,2500.78,42962
1724140800,2500.84,2523.07,2497.31,2519.74,56804
1724155200,2519.74,2529.19,2519.69,2526.73,55104
1724169600,2526.73,2531.71,2500.73,2509.08,85753
1724184000,2509.11,2516.86,2506.73,2513.93,24592
1724198400,2513.01,2516.12,2512.45,2513.49,13149
1724212800,2513.51,2519.89,2510.78,2516.16,41409
1724227200,2516.15,2519.59,2506.74,2507.19,43848
1724241600,2507.21,2513.69,2504.41,2510.54,42718
1724256000,2510.55,2512.85,2493.09,2507.07,85039
1724270400,2507.07,2519.12,2506.92,2511.31,32867
1724284800,2510.75,2514.65,2510.68,2513.73,10425
1724299200,2513.72,2514.1,2499.15,2501.86,40820
1724313600,2501.86,2510.6,2500.61,2503.66,48768
1724328000,2503.65,2509.13,2495.16,2500.59,52796
1724342400,2500.59,2501.51,2470.76,2484.27,80239
1724356800,2484.27,2484.79,2478.52,2484.21,27149
1724371200,2483.27,2492.29,2483.27,2489.97,11564
1724385600,2489.97,2494.47,2486.66,2493.39,38776
1724400000,2493.39,2499.93,2490.51,2498.93,42919
1724414400,2498.93,2502.52,2495.58,2501.36,42824
1724428800,2501.36,2518.27,2494.43,2510.3,100344
1724443200,2510.32,2513.22,2507.87,2511.18,27842
1724630400,2510.82,2516.97,2510.62,2513.69,19154
1724644800,2513.69,2515.5,2508.72,2509.63,40155
1724659200,2509.62,2525.8,2508.63,2524.24,45522
1724673600,2524.23,2526.92,2520.8,2523.83,46367
1724688000,2523.8,2526.47,2510.58,2520.22,70871
1724702400,2520.19,2523.35,2515.52,2517.96,24077
1724716800,2517.11,2517.76,2512.94,2513.18,9669
1724731200,2513.19,2514.12,2505.78,2507.29,35968
1724745600,2507.3,2517.5,2503.5,2511.04,52066
1724760000,2511.03,2514.3,2506.81,2509.81,48298
1724774400,2509.81,2520.35,2503.45,2514.43,68519
1724788800,2514.42,2525.96,2514.13,2524.22,27477
1724803200,2524.18,2529.08,2523.86,2524.45,13258
1724817600,2524.44,2524.46,2510.22,2511.52,40073
1724832000,2511.53,2511.69,2503.1,2508.11,55602
1724846400,2508.1,2511.4,2493.54,2500.55,52048
1724860800,2500.59,2510.63,2496.34,2501.87,74507
1724875200,2501.85,2509.55,2500.46,2504.44,30988
1724889600,2504.07,2515.23,2504.07,2512.28,14139
1724904000,2512.3,2518.17,2511.63,2515.85,33704
1724918400,2515.84,2521.18,2513.73,2517.09,46983
1724932800,2517.09,2524.4,2503.43,2509.13,53826
1724947200,2509.14,2526.64,2508.1,2525.22,77141
1724961600,2525.23,2528.66,2520.62,2521.75,31101
1724976000,2519.64,2521.77,2516.28,2517.6,9397
1724990400,2517.59,2520.06,2512.13,2513.32,36117
1725004800,2513.33,2526.72,2512.47,2522.92,46998
1725019200,2522.92,2526.83,2514.97,2519.63,49061
1725033600,2519.64,2519.85,2496.6,2497.7,92072
1725048000,2497.71,2504.71,2494.0,2503.2,34649
1725235200,2501.87,2504.97,2500.72,2501.52,10265
1725249600,2501.51,2504.65,2489.93,2496.87,38366
1725264000,2496.88,2507.26,2495.14,2506.31,38848
1725278400,2506.31,2506.6,2497.05,2501.25,28459
1725292800,2501.28,2502.45,2497.74,2500.93,28744
1725321600,2499.63,2499.82,2494.96,2495.8,11344
1725336000,2495.81,2496.99,2489.64,2495.91,44840
1725350400,2495.9,2506.21,2492.71,2503.92,50808
1725364800,2503.93,2504.99,2484.63,2493.23,64491
1725379200,2493.23,2497.66,2473.17,2485.99,93849
1725393600,2485.79,2494.38,2485.48,2492.67,27268
1725408000,2491.48,2495.01,2491.23,2492.36,15059
1725422400,2492.35,2496.92,2491.28,2495.88,32419
1725436800,2495.87,2496.57,2472.11,2473.27,52386
1725451200,2473.26,2491.21,2471.84,2486.55,55149
1725465600,2486.55,2500.29,2482.01,2496.71,80415
1725480000,2496.72,2497.34,2491.41,2496.48,23414
1725494400,2494.45,2496.88,2493.62,2495.18,9188
1725508800,2495.19,2499.28,2493.39,2494.22,29745
1725523200,2494.21,2516.6,2493.88,2514.7,51285
1725537600,2514.69,2523.53,2513.3,2517.7,61347
1725552000,2517.7,2520.57,2503.73,2510.35,95827
1725566400,2510.35,2516.91,2509.19,2516.29,26101
1725580800,2515.67,2517.99,2515.55,2515.92,11090
1725595200,2515.93,2519.51,2512.72,2518.44,35409
1725609600,2518.43,2521.84,2515.47,2517.81,46674
1725624000,2517.83,2529.21,2506.19,2522.23,60799
1725638400,2522.23,2523.05,2484.53,2488.94,138587
1725652800,2488.93,2497.79,2485.84,2496.15,47398
1725840000,2496.84,2498.26,2495.47,2495.95,19393
1725854400,2495.99,2500.44,2494.73,2498.14,48787
1725868800,2498.13,2498.23,2485.53,2492.17,71522
1725883200,2492.18,2504.08,2492.05,2500.88,57746
1725897600,2500.89,2505.23,2493.23,2504.28,82032
1725912000,2504.28,2507.16,2499.41,2505.73,30922
1725926400,2505.15,2507.68,2504.78,2505.4,11771
1725940800,2505.39,2506.83,2500.93,2501.75,38054
1725955200,2501.74,2507.72,2500.09,2502.28,53380
1725969600,2502.29,2514.09,2500.16,2513.81,57701
1725984000,2513.83,2518.41,2500.83,2514.4,87926
1725998400,2514.37,2517.47,2512.06,2516.72,28522
1726012800,2515.09,2519.16,2514.99,2516.62,11383
1726027200,2516.58,2522.52,2514.95,2519.58,51795
1726041600,2519.57,2528.98,2519.3,2524.24,60571
1726056000,2524.24,2524.66,2502.1,2508.15,62157
1726070400,2508.09,2520.02,2500.63,2515.21,105131
1726084800,2515.19,2516.86,2509.7,2512.27,32580
1726099200,2511.09,2513.88,2510.65,2512.16,9446
1726113600,2512.14,2517.76,2510.99,2517.02,39100
1726128000,2517.04,2522.28,2514.42,2517.38,51297
1726142400,2517.37,2535.31,2512.99,2528.55,60028
1726156800,2528.48,2555.12,2522.04,2550.66,106345
1726171200,2550.66,2560.11,2550.14,2558.98,39233
1726185600,2557.27,2562.76,2556.72,2561.54,19090
1726200000,2561.56,2570.12,2559.94,2568.89,51107
1726214400,2568.88,2571.11,2562.97,2569.96,61025
1726228800,2569.95,2575.92,2563.69,2575.83,57247
1726243200,2575.81,2585.2,2573.06,2584.25,87295
1726257600,2584.24,2586.09,2578.43,2578.43,30976
1726444800,2578.78,2582.36,2577.55,2581.34,16353
1726459200,2581.34,2588.99,2579.76,2585.79,27960
1726473600,2585.78,2589.61,2579.46,2586.81,56016
1726488000,2586.81,2588.27,2575.02,2583.43,55883
1726502400,2583.39,2589.29,2576.06,2583.63,72756
1726516800,2583.58,2584.12,2579.62,2583.14,20264
1726531200,2581.26,2584.43,2580.15,2580.23,10973
1726545600,2580.23,2586.3,2574.74,2576.94,35178
1726560000,2576.9,2586.97,2574.53,2580.13,49149
1726574400,2580.14,2581.68,2567.35,2577.79,67083
1726588800,2577.76,2582.24,2560.67,2563.1,86758
1726603200,2563.08,2571.65,2560.62,2570.08,29857
1726617600,2568.02,2574.83,2568.02,2573.01,13706
1726632000,2573.02,2576.5,2567.98,2568.63,46470
1726646400,2568.63,2571.99,2565.63,2569.73,51166
1726660800,2569.73,2580.7,2567.92,2576.21,51376
1726675200,2576.22,2578.52,2567.86,2574.9,70789
1726689600,2574.93,2600.05,2546.33,2558.17,104317
1726704000,2557.67,2561.56,2555.05,2558.75,24249
1726718400,2558.74,2566.74,2550.55,2564.04,67311
1726732800,2564.0,2586.54,2563.9,2584.89,73909
1726747200,2584.87,2594.92,2573.13,2576.74,76740
1726761600,2576.67,2592.47,2569.64,2591.74,93574
1726776000,2591.74,2592.53,2585.15,2586.09,28247
1726790400,2585.58,2588.53,2585.58,2588.07,10924
1726804800,2588.09,2594.35,2584.62,2593.78,42514
1726819200,2593.8,2612.73,2592.41,2609.77,62846
1726833600,2609.77,2619.25,2602.46,2615.57,59271
1726848000,2615.57,2625.74,2602.51,2624.94,102765
1726862400,2624.94,2625.45,2617.86,2621.59,39005
1727049600,2620.15,2622.05,2618.14,2618.36,14323
1727064000,2618.33,2631.07,2616.05,2629.41,45375
1727078400,2629.4,2631.36,2613.67,2616.84,66722
1727092800,2616.83,2628.1,2615.32,2626.95,53801
1727107200,2626.98,2634.81,2625.51,2628.14,83551
1727121600,2628.11,2629.1,2625.68,2628.3,25323
1727136000,2627.27,2628.21,2623.73,2625.12,12777
1727150400,2625.13,2638.26,2624.84,2638.08,58163
1727164800,2638.08,2640.11,2622.56,2628.99,77206
1727179200,2628.99,2636.27,2623.37,2633.12,66541
1727193600,2633.12,2655.17,2630.93,2653.47,103537
1727208000,2653.49,2664.34,2649.63,2656.85,39304
1727222400,2656.92,2660.96,2656.6,2660.74,17771
1727236800,2660.75,2670.52,2655.45,2658.92,65787
1727251200,2658.9,2659.87,2651.15,2655.87,66866
1727265600,2655.87,2660.9,2652.69,2659.3,57070
1727280000,2659.29,2667.42,2649.6,2653.57,94552
1727294400,2653.58,2663.05,2653.05,2656.49,30416
1727308800,2656.35,2660.39,2654.8,2658.97,15256
1727323200,2658.99,2662.98,2657.04,2660.66,46305
1727337600,2660.65,2670.52,2657.95,2669.02,67985
1727352000,2669.04,2685.6,2666.86,2677.33,83794
1727366400,2677.32,2679.69,2654.63,2668.17,112763
1727380800,2668.16,2677.93,2667.59,2672.14,34464
1727395200,2671.07,2673.26,2669.33,2669.83,15905
1727409600,2669.84,2673.88,2666.23,2670.51,55215
1727424000,2670.5,2671.36,2660.9,2662.54,85835
1727438400,2662.54,2674.23,2657.89,2669.97,67991
1727452800,2669.95,2671.07,2644.54,2651.78,103608
1727467200,2651.79,2658.85,2643.0,2658.11,38106
1727654400,2656.86,2666.08,2656.86,2661.63,25028
1727668800,2661.66,2664.39,2647.13,2655.86,58893
1727683200,2655.88,2660.58,2650.54,2653.52,58696
1727697600,2653.55,2653.66,2634.37,2638.91,65749
1727712000,2638.93,2642.08,2628.65,2639.09,84527
1727726400,2639.09,2641.81,2624.63,2634.57,47763
1727740800,2632.9,2637.16,2632.25,2636.44,11729
1727755200,2636.44,2640.48,2634.48,2639.49,31938
1727769600,2639.49,2647.42,2639.49,2646.55,58364
1727784000,2646.55,2656.69,2645.33,2651.52,62140
1727798400,2651.51,2673.1,2647.97,2666.35,109338
1727812800,2666.38,2671.76,2657.54,2663.1,44901
1727827200,2661.69,2662.81,2656.85,2657.42,16063
1727841600,2657.42,2662.06,2652.62,2654.05,43828
1727856000,2654.05,2656.21,2644.36,2652.34,67822
1727870400,2652.37,2655.54,2643.68,2649.57,63905
1727884800,2649.64,2663.29,2641.04,2649.72,93896
1727899200,2649.69,2659.88,2647.14,2658.89,28064
1727913600,2657.3,2662.96,2657.3,2657.75,19056
1727928000,2657.75,2658.97,2653.24,2655.01,42977
1727942400,2655.02,2657.44,2641.58,2645.19,71779
1727956800,2645.05,2653.97,2640.88,2642.36,73283
1727971200,2642.35,2661.26,2635.82,2659.97,97647
1727985600,2660.01,2662.1,2655.13,2655.99,33240
1728000000,2655.59,2657.55,2654.26,2657.27,13392
1728014400,2657.27,2665.89,2656.72,2664.05,41489
1728028800,2664.06,2667.86,2658.68,2658.99,57918
1728043200,2658.97,2662.55,2631.93,2638.83,69496
1728057600,2638.8,2670.17,2637.31,2645.33,113935
1728072000,2645.42,2653.32,2642.75,2652.76,41503
1728259200,2649.89,2652.4,2647.75,2649.29,20107
1728273600,2649.29,2651.99,2643.78,2646.78,47377
1728288000,2646.79,2656.38,2639.62,2652.25,69793
1728302400,2652.25,2659.62,2637.71,2640.07,72200
1728316800,2639.98,2653.75,2639.01,2646.79,90509
1728331200,2646.81,2648.7,2639.63,2642.93,30440
1728345600,2641.76,2649.06,2640.89,2643.6,19579
1728360000,2643.54,2648.3,2633.66,2643.07,85227
1728374400,2643.06,2646.44,2628.53,2637.94,86684
1728388800,2637.93,2653.0,2635.71,2645.9,78097
1728403200,2645.9,2647.69,2604.7,2609.01,113954
1728417600,2609.04,2623.59,2605.44,2621.68,39918
1728432000,2620.46,2623.78,2620.46,2621.14,15165
1728446400,2621.14,2624.27,2614.85,2615.95,61368
1728460800,2615.97,2624.36,2609.12,2616.24,78754
1728475200,2616.25,2622.43,2614.56,2618.86,58663
1728489600,2618.87,2620.73,2604.64,2608.67,96336
1728504000,2608.69,2611.03,2605.11,2608.23,33211
1728518400,2606.15,2610.15,2605.83,2609.3,13400
1728532800,2609.29,2616.88,2606.74,2613.87,62534
1728547200,2613.87,2617.3,2610.2,2615.41,63844
1728561600,2615.41,2627.27,2611.29,2625.07,65080
1728576000,2625.09,2629.74,2614.89,2619.21,109818
1728590400,2619.21,2631.5,2615.97,2629.41,40077
1728604800,2629.27,2636.02,2627.97,2633.82,18355
1728619200,2633.85,2646.06,2632.91,2645.64,54370
1728633600,2645.61,2647.23,2637.97,2639.16,54074
1728648000,2639.17,2650.13,2636.12,2642.98,58964
1728662400,2643.0,2661.39,2642.61,2660.5,83472
1728676800,2660.49,2661.23,2654.7,2656.5,28474
1728864000,2655.1,2656.14,2644.69,2646.62,22724
1728878400,2646.61,2660.37,2643.11,2659.21,59155
1728892800,2659.2,2666.8,2657.09,2659.42,56853
1728907200,2659.4,2663.0,2649.15,2651.31,47819
1728921600,2651.32,2661.17,2643.82,2648.46,79298
1728936000,2648.45,2653.3,2646.15,2647.83,23528
1728950400,2646.04,2650.96,2646.04,2648.22,13393
1728964800,2648.21,2652.83,2642.91,2644.29,49849
1728979200,2644.31,2655.71,2637.84,2653.77,74297
1728993600,2653.79,2657.36,2645.6,2648.18,66351
1729008000,2648.2,2668.95,2646.03,2661.77,95783
1729022400,2661.78,2666.47,2658.97,2662.49,37037
1729036800,2661.51,2662.82,2658.7,2660.21,12975
1729051200,2660.2,2670.13,2660.08,2666.73,58939
1729065600,2666.73,2680.11,2666.07,2679.41,65090
1729080000,2679.42,2682.72,2672.92,2681.71,63515
1729094400,2681.72,2685.38,2665.78,2674.18,91343
1729108800,2674.19,2676.7,2672.74,2673.51,24592
1729123200,2673.42,2677.97,2673.03,2677.88,12690
1729137600,2677.87,2684.94,2674.48,2679.03,66787
1729152000,2679.02,2685.74,2678.02,2681.84,69727
1729166400,2681.82,2688.79,2673.11,2680.65,70355
1729180800,2680.64,2696.82,2677.71,2692.25,107705
1729195200,2692.26,2694.2,2688.81,2692.8,26588
1729209600,2691.97,2695.87,2691.62,2692.97,12524
1729224000,2692.91,2711.96,2692.72,2710.17,67443
1729238400,2710.16,2714.06,2701.7,2706.27,73830
1729252800,2706.26,2716.96,2706.19,2709.48,66849
1729267200,2709.49,2720.16,2704.87,2717.58,93383
1729281600,2717.58,2722.58,2713.56,2722.35,36729
1729468800,2720.27,2725.83,2719.28,2721.6,26778
1729483200,2721.6,2732.89,2720.92,2730.33,69332
1729497600,2730.32,2733.11,2723.47,2731.36,73674
1729512000,2731.36,2739.84,2727.72,2738.59,79453
1729526400,2738.6,2740.57,2716.43,2723.42,105903
1729540800,2723.42,2725.63,2714.19,2719.45,35420
1729555200,2718.5,2725.23,2718.28,2724.78,15073
1729569600,2724.77,2736.01,2723.85,2734.69,57973
1729584000,2734.69,2738.38,2728.99,2734.9,59585
1729598400,2734.88,2739.39,2729.45,2736.23,68781
1729612800,2736.22,2745.56,2733.69,2745.34,99805
1729627200,2745.36,2748.85,2743.51,2748.57,38859
1729641600,2746.82,2748.1,2744.7,2745.23,12809
1729656000,2745.23,2750.68,2737.55,2749.98,66252
1729670400,2749.97,2758.48,2748.05,2756.87,64907
1729684800,2756.88,2757.56,2740.71,2743.3,70573
1729699200,2743.33,2744.18,2708.61,2719.33,118237
1729713600,2719.32,2720.66,2711.99,2716.05,45390
1729728000,2714.32,2721.87,2714.32,2721.2,18967
1729742400,2721.2,2727.1,2720.21,2726.52,59083
1729756800,2726.51,2737.89,2725.81,2736.84,71825
1729771200,2736.83,2741.59,2734.28,2739.07,64581
1729785600,2739.06,2743.2,2722.43,2733.5,108937
1729800000,2733.5,2737.68,2732.86,2735.87,37886
1729814400,2735.23,2736.1,2731.27,2732.37,13667
1729828800,2732.42,2735.21,2723.85,2725.97,54798
1729843200,2725.98,2732.59,2718.68,2719.38,62826
1729857600,2719.38,2732.52,2716.92,2731.48,62706
1729872000,2731.49,2742.0,2725.14,2739.18,95427
1729886400,2739.17,2747.64,2738.69,2746.25,33946
1730073600,2733.98,2740.18,2724.67,2732.32,51685
1730088000,2732.31,2738.79,2729.06,2738.42,40712
1730102400,2738.41,2744.53,2728.36,2729.28,56620
1730116800,2729.3,2743.42,2727.53,2740.91,66118
1730131200,2740.84,2745.91,2738.84,2743.31,75854
1730145600,2743.31,2743.49,2740.13,2742.41,20894
1730160000,2739.75,2752.38,2739.75,2752.09,36176
1730174400,2752.09,2757.75,2748.57,2749.96,57019
1730188800,2749.94,2756.64,2746.28,2752.46,66219
1730203200,2752.47,2763.95,2745.83,2759.8,85398
1730217600,2759.8,2772.53,2759.75,2769.77,99557
1730232000,2769.78,2774.74,2768.07,2773.92,24186
1730246400,2772.77,2782.19,2772.41,2781.71,34189
1730260800,2781.72,2784.94,2775.59,2783.1,51922
1730275200,2783.09,2789.8,2779.4,2784.53,66782
1730289600,2784.54,2787.54,2770.75,2777.3,88907
1730304000,2777.19,2789.6,2771.92,2788.58,94938
1730318400,2788.58,2790.03,2784.47,2786.73,26088
1730332800,2786.76,2790.08,2783.52,2784.63,25427
1730347200,2784.63,2789.0,2782.02,2785.06,39106
1730361600,2785.06,2786.01,2776.87,2778.19,58560
1730376000,2778.19,2782.59,2754.29,2755.33,89567
1730390400,2755.33,2756.9,2731.5,2739.6,109888
1730404800,2739.61,2749.65,2739.55,2743.54,36139
1730419200,2742.82,2749.93,2742.82,2749.62,36491
1730433600,2749.63,2755.2,2745.72,2754.97,53976
1730448000,2754.97,2757.65,2747.04,2751.24,71322
1730462400,2751.24,2762.22,2744.75,2755.39,98043
1730476800,2755.37,2759.04,2735.0,2736.29,103933
1730491200,2736.25,2738.04,2733.12,2735.26,30374
1730678400,2735.28,2741.36,2729.29,2739.88,40882
1730692800,2739.86,2743.71,2736.92,2741.51,57921
1730707200,2741.52,2744.8,2731.83,2743.28,72771
1730721600,2743.28,2746.73,2736.08,2746.71,70215
1730736000,2746.72,2748.14,2731.57,2738.41,96642
1730750400,2738.42,2739.65,2735.56,2736.53,38025
1730764800,2735.53,2737.91,2732.91,2734.21,26669
1730779200,2734.22,2737.22,2724.66,2732.54,55955
1730793600,2732.55,2745.0,2731.68,2739.86,64380
1730808000,2739.87,2746.8,2735.56,2744.69,62458
1730822400,2744.68,2749.87,2732.9,2741.97,91241
1730836800,2741.97,2744.94,2739.28,2743.74,30622
1730851200,2741.22,2749.68,2732.62,2747.09,54968
1730865600,2747.09,2748.4,2730.52,2739.03,111693
1730880000,2739.03,2739.32,2701.17,2724.63,112035
1730894400,2724.64,2727.12,2658.72,2664.12,107156
1730908800,2664.13,2678.23,2652.33,2663.22,121140
1730923200,2663.23,2669.55,2659.15,2659.43,49300
1730937600,2659.21,2664.31,2643.26,2649.4,43200
1730952000,2649.39,2661.26,2649.38,2659.2,64211
1730966400,2659.21,2667.61,2652.77,2661.61,76100
1730980800,2661.62,2685.08,2659.81,2684.48,76141
1730995200,2684.49,2700.23,2682.32,2699.28,102463
1731009600,2699.27,2710.18,2687.45,2707.82,70256
1731024000,2705.15,2710.36,2699.03,2699.83,33100
1731038400,2699.84,2701.01,2693.25,2695.1,51969
1731052800,2695.1,2695.72,2680.29,2689.21,79583
1731067200,2689.22,2701.04,2681.99,2697.55,75943
1731081600,2697.55,2704.08,2682.65,2687.87,96423
1731096000,2687.88,2688.76,2682.64,2684.08,33858
1731283200,2684.42,2686.2,2671.82,2672.97,37635
1731297600,2672.97,2675.22,2666.41,2669.23,55703
1731312000,2669.22,2674.04,2663.66,2666.83,67018
1731326400,2666.82,2675.15,2634.19,2635.55,84637
1731340800,2635.49,2635.69,2611.38,2612.53,96362
1731355200,2612.52,2626.18,2610.57,2619.66,34106
1731369600,2618.22,2627.14,2618.22,2624.01,29664
1731384000,2624.01,2625.41,2605.31,2606.88,59110
1731398400,2606.89,2610.13,2590.66,2593.29,80555
1731412800,2593.27,2616.35,2589.61,2611.51,86889
1731427200,2611.55,2616.93,2592.38,2597.44,104802
1731441600,2597.47,2602.05,2595.07,2598.23,44452
1731456000,2597.08,2611.18,2597.07,2607.97,30912
1731470400,2607.97,2613.33,2603.51,2605.77,50990
1731484800,2605.75,2611.6,2600.97,2608.64,59284
1731499200,2608.61,2618.84,2605.81,2612.29,74250
1731513600,2612.28,2616.38,2577.52,2583.34,129657
1731528000,2583.27,2585.46,2572.9,2573.31,48952
1731542400,2572.15,2581.28,2561.48,2562.5,39841
1731556800,2562.47,2565.28,2555.26,2558.64,61345
1731571200,2558.65,2560.49,2536.66,2543.51,86347
1731585600,2543.55,2560.26,2539.0,2557.03,96765
1731600000,2557.06,2577.43,2554.23,2572.91,114289
1731614400,2572.93,2576.92,2563.88,2565.48,64875
1731628800,2563.97,2571.7,2563.07,2564.98,32135
1731643200,2564.98,2571.1,2559.7,2559.96,48023
1731657600,2559.94,2568.93,2554.38,2563.98,74096
1731672000,2563.95,2575.66,2561.17,2565.3,89533
1731686400,2565.29,2576.01,2560.08,2562.9,116797
1731700800,2562.89,2567.99,2559.25,2561.45,48376
1731888000,2562.07,2597.29,2561.99,2586.99,45153
1731902400,2586.99,2595.13,2585.01,2585.54,51571
1731916800,2585.54,2597.26,2580.37,2595.66,72647
1731931200,2595.64,2605.06,2589.51,2603.94,74004
1731945600,2603.93,2615.04,2602.69,2610.42,87361
1731960000,2610.43,2612.59,2607.65,2612.18,35753
1731974400,2610.98,2617.8,2610.17,2615.62,26669
1731988800,2615.6,2625.61,2615.57,2622.54,49595
1732003200,2622.55,2634.43,2617.62,2630.19,79978
1732017600,2630.25,2639.39,2628.58,2635.23,81132
1732032000,2635.18,2636.86,2620.85,2628.12,102492
1732046400,2628.11,2634.56,2626.26,2632.61,33971
1732060800,2630.94,2641.47,2630.89,2639.58,28913
1732075200,2639.58,2641.82,2634.91,2636.81,43529
1732089600,2636.81,2637.03,2618.83,2621.85,72413
1732104000,2621.84,2640.41,2620.92,2636.05,72016
1732118400,2636.05,2655.33,2634.08,2651.83,92777
1732132800,2651.84,2653.07,2645.36,2649.34,44508
1732147200,2650.15,2660.42,2648.8,2653.35,29438
1732161600,2653.37,2658.93,2650.35,2656.85,42527
1732176000,2656.85,2671.63,2656.52,2668.81,66938
1732190400,2668.82,2673.48,2660.37,2665.4,70626
1732204800,2665.42,2672.81,2661.29,2671.8,101240
1732219200,2671.81,2673.4,2667.81,2669.67,40158
1732233600,2668.57,2679.46,2668.15,2677.79,30874
1732248000,2677.78,2692.38,2677.26,2686.58,61775
1732262400,2686.6,2707.42,2685.83,2703.22,85211
1732276800,2703.22,2710.06,2689.29,2692.89,91062
1732291200,2692.9,2707.25,2684.45,2706.8,103012
1732305600,2706.79,2715.27,2705.06,2713.77,44146
1732492800,2714.85,2721.37,2694.71,2701.18,51825
1732507200,2701.23,2704.47,2657.67,2664.7,74168
1732521600,2664.75,2675.18,2661.64,2673.86,80353
1732536000,2673.85,2688.72,2668.83,2678.3,64801
1732550400,2678.27,2678.74,2624.49,2627.79,103657
1732564800,2627.78,2628.74,2615.53,2625.7,43137
1732579200,2624.17,2632.13,2604.82,2628.03,53674
1732593600,2628.03,2631.41,2617.69,2624.34,57515
1732608000,2624.38,2627.07,2610.86,2625.97,72668
1732622400,2625.96,2641.94,2623.91,2629.94,78070
1732636800,2629.94,2633.75,2616.63,2624.99,91995
1732651200,2624.99,2633.52,2619.54,2632.2,44990
1732665600,2630.29,2634.16,2626.98,2631.36,24747
1732680000,2631.36,2645.78,2631.1,2642.02,44097
1732694400,2642.01,2653.92,2638.84,2648.32,60391
1732708800,2648.32,2658.2,2642.9,2656.17,65099
1732723200,2656.17,2656.82,2635.2,2637.28,93172
1732737600,2637.27,2640.74,2633.7,2635.36,35598
1732752000,2634.67,2638.39,2620.8,2628.8,32696
1732766400,2628.77,2634.06,2625.55,2633.39,39638
1732780800,2633.4,2647.93,2631.84,2646.14,47086
1732795200,2646.13,2649.56,2642.7,2647.06,44193
1732809600,2647.06,2647.93,2636.22,2641.26,34474
1732838400,2636.32,2647.19,2633.98,2644.92,33011
1732852800,2644.91,2664.38,2644.75,2662.32,57444
1732867200,2662.33,2666.35,2654.5,2664.17,58298
1732881600,2664.17,2665.84,2656.19,2657.98,62095
1732896000,2657.98,2662.68,2650.58,2660.49,87279
1732910400,2660.5,2660.63,2652.13,2653.04,9593
1733097600,2651.12,2651.92,2622.87,2635.87,49820
1733112000,2635.85,2638.03,2621.84,2623.12,73688
1733126400,2623.1,2636.8,2621.83,2633.6,79726
1733140800,2633.58,2648.76,2633.23,2646.93,84079
1733155200,2646.93,2651.79,2637.3,2638.77,99320
1733169600,2638.77,2644.12,2633.4,2638.43,39719
1733184000,2637.92,2645.26,2634.09,2636.51,37291
1733198400,2636.51,2642.99,2634.43,2641.2,51912
1733212800,2641.23,2650.03,2639.15,2643.97,72995
1733227200,2643.96,2653.69,2637.67,2652.81,64257
1733241600,2652.84,2655.53,2635.02,2646.98,96897
1733256000,2646.98,2649.1,2640.17,2643.73,32411
1733270400,2642.27,2643.56,2637.64,2642.23,30496
1733284800,2642.21,2651.14,2641.95,2649.72,53409
1733299200,2649.72,2651.36,2636.57,2640.86,62904
1733313600,2640.86,2649.18,2632.28,2648.45,71609
1733328000,2648.46,2656.99,2644.98,2651.37,98678
1733342400,2651.36,2655.39,2646.68,2649.82,42335
1733356800,2648.8,2651.65,2646.22,2647.05,27869
1733371200,2647.08,2655.54,2644.59,2653.12,45332
1733385600,2653.12,2654.16,2641.81,2644.8,55794
1733400000,2644.77,2654.49,2644.29,2648.88,63601
1733414400,2648.89,2650.18,2623.64,2627.98,97248
1733428800,2627.99,2632.38,2623.47,2632.21,35908
1733443200,2631.43,2633.84,2612.21,2617.59,34849
1733457600,2617.58,2644.43,2616.89,2637.9,52895
1733472000,2637.87,2645.69,2635.89,2640.66,58216
1733486400,2640.61,2643.34,2630.94,2635.64,75120
1733500800,2635.6,2641.6,2623.95,2634.93,105280
1733515200,2634.84,2638.98,2631.05,2632.79,30392
1733702400,2634.85,2650.52,2627.49,2646.7,51667
1733716800,2646.7,2648.64,2634.51,2638.35,61186
1733731200,2638.35,2657.42,2638.12,2655.62,65843
1733745600,2655.6,2666.27,2653.3,2665.5,72492
1733760000,2665.51,2676.35,2662.51,2664.47,101617
1733774400,2664.45,2664.66,2656.63,2659.62,38340
1733788800,2660.11,2668.64,2657.91,2667.47,36225
1733803200,2667.46,2673.84,2665.41,2668.81,62746
1733817600,2668.84,2670.87,2661.13,2664.99,59818
1733832000,2664.99,2681.96,2664.39,2680.34,74843
1733846400,2680.34,2695.45,2679.41,2694.3,89731
1733860800,2694.32,2695.18,2690.88,2693.54,34029
1733875200,2693.19,2703.66,2692.57,2699.78,42391
1733889600,2699.79,2704.12,2674.43,2687.44,60973
1733904000,2687.82,2697.88,2685.19,2695.79,66260
1733918400,2695.68,2702.27,2690.34,2701.15,110848
1733932800,2701.06,2719.91,2696.31,2717.99,132680
1733947200,2717.96,2721.18,2713.01,2717.59,64965
1733961600,2717.05,2726.27,2698.77,2710.37,37514
1733976000,2710.38,2716.25,2703.41,2713.25,49275
1733990400,2713.25,2720.29,2709.78,2714.86,75764
1734004800,2714.78,2715.69,2697.06,2697.47,35589
1734019200,2697.54,2699.53,2674.97,2686.28,63121
1734033600,2686.26,2687.04,2679.36,2681.2,20741
1734048000,2679.62,2692.7,2678.7,2689.88,13953
1734062400,2689.88,2691.23,2684.36,2688.36,20198
1734076800,2688.36,2690.46,2667.46,2668.88,30269
1734091200,2668.89,2672.92,2659.53,2662.03,35806
1734105600,2662.08,2664.55,2654.51,2656.21,49522
1734120000,2656.21,2657.1,2645.64,2648.89,25974
1734307200,2649.41,2655.6,2643.21,2653.4,25604
1734321600,2653.42,2655.42,2649.53,2652.79,36527
1734336000,2652.77,2661.96,2651.67,2658.14,36087
1734350400,2658.06,2664.41,2657.31,2661.77,23523
1734364800,2662.01,2663.0,2648.53,2652.05,42488
1734379200,2652.05,2655.86,2651.25,2652.39,15241
1734393600,2652.31,2658.51,2651.16,2657.97,10928
1734408000,2657.97,2658.5,2649.01,2653.65,16446
1734422400,2653.62,2656.88,2637.93,2639.74,26989
1734436800,2639.74,2646.88,2634.71,2636.95,30821
1734451200,2637.0,2647.01,2633.01,2645.87,46367
1734465600,2645.87,2649.02,2643.12,2645.32,16999
1734480000,2644.37,2651.8,2644.37,2650.87,9880
1734494400,2650.95,2651.08,2642.7,2647.47,16808
1734508800,2647.51,2649.7,2642.11,2646.86,21822
1734523200,2646.79,2649.46,2640.96,2643.99,25314
1734537600,2644.01,2644.83,2632.91,2636.07,42556
1734552000,2636.07,2638.96,2584.21,2584.67,59096
1734566400,2583.81,2617.97,2582.24,2611.87,22513
1734580800,2611.87,2613.7,2606.27,2607.06,19956
1734595200,2607.03,2622.71,2603.17,2620.32,30960
1734609600,2620.32,2626.4,2595.25,2596.27,42833
1734624000,2596.27,2600.9,2586.94,2592.64,60575
1734638400,2592.69,2601.01,2591.96,2593.73,26156
1734652800,2590.4,2603.82,2589.62,2603.77,13765
1734667200,2603.74,2603.86,2595.42,2600.29,18222
1734681600,2600.27,2607.77,2598.93,2605.09,27068
1734696000,2605.12,2614.1,2600.07,2609.52,31769
1734710400,2609.58,2631.97,2608.43,2625.52,55621
1734724800,2625.41,2629.35,2618.63,2622.57,22856
1734912000,2620.86,2625.2,2617.3,2620.67,13750
1734926400,2620.64,2629.21,2620.45,2626.72,14839
1734940800,2626.72,2633.31,2624.44,2626.29,20927
1734955200,2626.26,2626.87,2612.98,2617.29,26245
1734969600,2617.24,2619.82,2608.11,2611.33,40167
1734984000,2611.29,2613.81,2609.14,2612.88,14838
1734998400,2611.81,2618.06,2610.88,2617.56,8121
1735012800,2617.51,2621.4,2615.52,2619.26,11993
1735027200,2619.34,2621.45,2613.31,2613.46,13507
1735041600,2613.41,2617.79,2611.11,2614.28,16293
1735056000,2614.28,2619.34,2609.68,2617.72,27518
1735200000,2625.33,2628.9,2624.9,2627.3,5590
1735214400,2627.35,2631.06,2621.62,2623.12,19363
1735228800,2623.11,2639.11,2622.43,2629.28,32630
1735243200,2629.28,2636.26,2629.21,2633.54,16038
1735257600,2625.45,2634.3,2623.67,2632.07,6895
1735272000,2632.07,2635.36,2628.71,2631.25,11285
1735286400,2631.25,2638.31,2623.61,2623.99,18120
1735300800,2623.96,2631.61,2617.93,2618.93,23748
1735315200,2618.73,2619.78,2611.58,2615.78,40945
1735329600,2615.8,2621.43,2612.63,2621.11,17124
1735516800,2619.31,2626.79,2618.35,2624.22,9909
1735531200,2624.26,2628.11,2620.48,2623.71,11862
1735545600,2623.75,2624.65,2609.24,2612.91,18296
1735560000,2612.85,2622.58,2606.28,2606.63,26931
1735574400,2606.61,2613.77,2596.12,2605.23,43945
1735588800,2605.26,2609.58,2603.47,2605.96,14648
1735603200,2604.69,2611.62,2603.86,2608.89,6760
1735617600,2608.86,2609.54,2602.51,2604.28,9619
1735632000,2604.28,2617.69,2603.44,2615.21,16602
1735646400,2615.31,2616.32,2605.2,2613.16,20587
1735660800,2613.18,2627.38,2611.16,2624.21,35941
1735804800,2635.93,2639.83,2631.06,2636.06,10958
1735819200,2636.06,2647.23,2632.6,2642.89,33650
1735833600,2642.78,2660.38,2640.29,2656.57,41907
1735848000,2656.57,2660.42,2653.7,2657.25,21511
1735862400,2656.8,2662.51,2656.28,2659.42,9477
1735876800,2659.38,2665.31,2655.89,2658.47,16004
1735891200,2658.57,2660.33,2649.69,2653.62,20026
1735905600,2653.61,2659.27,2643.23,2649.94,23649
1735920000,2649.94,2652.62,2638.91,2641.76,44584
1735934400,2641.79,2642.94,2636.49,2639.71,17579
1736121600,2638.5,2647.42,2638.08,2641.36,13217
1736136000,2641.36,2645.28,2631.51,2633.84,21007
1736150400,2633.84,2635.68,2625.05,2632.63,23213
1736164800,2632.64,2649.49,2621.82,2624.2,46902
1736179200,2624.08,2641.27,2614.45,2636.66,60695
1736193600,2636.66,2638.58,2632.88,2635.62,19437
1736208000,2634.52,2641.24,2632.85,2639.05,11007
1736222400,2638.96,2645.75,2636.87,2644.54,15132
1736236800,2644.52,2646.68,2638.03,2641.33,19837
1736251200,2641.21,2664.34,2641.16,2662.42,29187
1736265600,2662.48,2662.99,2642.01,2652.48,59265
1736280000,2652.48,2652.58,2646.95,2648.14,16529
1736294400,2647.31,2651.54,2647.0,2648.82,9404
1736308800,2648.88,2650.82,2645.2,2650.06,12810
1736323200,2650.01,2655.08,2648.96,2653.44,20266
1736337600,2653.42,2660.46,2645.87,2660.28,33168
1736352000,2660.18,2669.81,2649.43,2655.67,49248
1736366400,2655.67,2664.1,2651.55,2661.54,23900
1736380800,2662.1,2663.09,2657.06,2658.45,8321
1736395200,2658.44,2662.22,2655.46,2658.11,14190
1736409600,2658.1,2667.02,2658.1,2664.97,21400
1736424000,2664.95,2678.42,2664.48,2672.58,27211
1736438400,2672.58,2675.69,2662.64,2665.92,31839
1736452800,2665.93,2672.42,2665.07,2670.27,11652
1736467200,2669.02,2671.81,2668.36,2670.83,7972
1736481600,2670.77,2675.9,2670.4,2674.88,12649
1736496000,2674.88,2682.28,2673.49,2678.48,22894
1736510400,2678.59,2683.87,2663.64,2682.59,39626
1736524800,2682.53,2697.83,2680.31,2696.01,78378
1736539200,2695.99,2697.13,2684.31,2689.37,29539
1736726400,2688.95,2693.18,2679.21,2685.49,18298
1736740800,2685.51,2690.86,2683.11,2686.94,20967
1736755200,2686.94,2691.33,2682.73,2684.62,32639
1736769600,2684.66,2684.93,2663.7,2669.14,48165
1736784000,2669.19,2674.18,2659.17,2660.8,53972
1736798400,2660.81,2663.76,2656.77,2663.43,21609
1736812800,2662.63,2672.14,2660.42,2670.65,15335
1736827200,2670.66,2675.2,2667.3,2668.39,21286
1736841600,2668.4,2674.53,2664.78,2667.3,29722
1736856000,2667.31,2674.34,2660.8,2662.87,40205
1736870400,2662.84,2673.98,2659.76,2669.08,56352
1736884800,2669.06,2678.16,2666.7,2677.56,21912
1736899200,2677.07,2679.52,2669.72,2669.79,8380
1736913600,2669.78,2679.28,2669.28,2679.14,14132
1736928000,2679.11,2688.51,2679.04,2685.92,27138
1736942400,2685.94,2694.02,2682.06,2693.69,47813
1736956800,2693.73,2696.11,2676.5,2692.6,61765
1736971200,2692.65,2697.37,2690.98,2696.26,24251
1736985600,2695.65,2702.07,2692.83,2696.1,17182
1737000000,2696.09,2698.42,2693.74,2694.56,19043
1737014400,2694.63,2706.16,2689.74,2705.33,31330
1737028800,2705.33,2718.28,2699.92,2715.27,42875
1737043200,2715.27,2724.62,2712.54,2721.71,63851
1737057600,2721.81,2723.26,2712.37,2714.14,23623
1737072000,2713.21,2716.05,2709.84,2714.65,12522
1737086400,2714.79,2717.48,2711.1,2711.53,19855
1737100800,2711.57,2714.38,2703.62,2704.61,25961
1737115200,2704.73,2712.13,2702.78,2704.9,41994
1737129600,2705.03,2717.31,2702.48,2712.35,60359
1737144000,2712.41,2713.31,2698.43,2702.21,27922
1737331200,2701.38,2702.92,2689.22,2693.43,21090
1737345600,2693.44,2707.36,2693.27,2707.02,25427
1737360000,2707.03,2713.77,2702.57,2706.09,28078
1737374400,2705.93,2712.34,2700.98,2705.16,48274
1737388800,2705.09,2711.64,2703.03,2707.74,44456
1737417600,2705.41,2719.14,2702.72,2717.97,26379
1737432000,2717.92,2729.1,2717.82,2726.02,36382
1737446400,2725.99,2732.9,2717.55,2721.18,47368
1737460800,2721.18,2730.08,2716.39,2726.15,40218
1737475200,2726.18,2745.82,2725.09,2740.09,49058
1737489600,2740.08,2745.93,2739.73,2745.14,17683
1737504000,2741.78,2749.98,2741.78,2748.06,14663
1737518400,2747.99,2758.63,2746.32,2758.01,18254
1737532800,2758.02,2762.07,2745.46,2758.4,39680
1737547200,2758.4,2763.35,2749.43,2757.62,57999
1737561600,2757.63,2760.37,2750.23,2756.44,94484
1737576000,2756.43,2759.33,2754.44,2756.16,36025
1737590400,2754.28,2756.47,2750.5,2752.77,27311
1737604800,2752.77,2755.18,2749.42,2751.96,42036
1737619200,2751.95,2755.61,2740.65,2745.86,55762
1737633600,2745.84,2754.47,2735.56,2741.51,85360
1737648000,2741.64,2759.03,2740.1,2757.73,104894
1737662400,2757.73,2758.23,2751.25,2754.27,48004
1737676800,2752.95,2762.58,2752.48,2762.25,25734
1737691200,2762.24,2777.51,2762.24,2775.23,69389
1737705600,2775.21,2778.3,2769.98,2772.77,60303
1737720000,2772.8,2784.65,2771.49,2782.35,65075
1737734400,2782.38,2785.98,2769.9,2773.33,99228
1737748800,2773.33,2775.3,2770.3,2771.31,41649
1737936000,2770.41,2772.59,2762.84,2762.93,38038
1737950400,2762.9,2763.6,2752.83,2753.26,60815
1737964800,2753.25,2765.13,2746.83,2763.31,77566
1737979200,2763.29,2771.91,2752.26,2757.39,81833
1737993600,2757.37,2757.99,2730.35,2733.58,99696
1738008000,2733.54,2743.94,2732.9,2740.96,46809
1738022400,2738.73,2745.29,2738.28,2741.47,24443
1738036800,2741.45,2744.94,2737.73,2741.66,43548
1738051200,2741.61,2745.21,2734.58,2743.36,51457
1738065600,2743.35,2749.52,2740.25,2748.67,55582
1738080000,2748.69,2759.99,2748.61,2759.7,82700
1738094400,2759.7,2765.09,2759.02,2763.38,41787
1738108800,2761.66,2766.19,2760.22,2763.77,15882
1738123200,2763.74,2765.68,2759.95,2760.73,35000
1738137600,2760.75,2765.98,2757.29,2762.82,49430
1738152000,2762.82,2763.47,2752.21,2758.68,65492
1738166400,2758.67,2761.07,2748.16,2752.89,83804
1738180800,2752.82,2759.31,2744.68,2759.09,63998
1738195200,2757.04,2762.55,2757.04,2760.12,19100
1738209600,2760.1,2763.45,2758.65,2760.55,31323
1738224000,2760.54,2776.68,2760.17,2774.34,50147
1738238400,2774.34,2786.07,2773.89,2785.73,58145
1738252800,2785.77,2798.42,2780.0,2795.58,112749
1738267200,2795.58,2798.48,2789.69,2794.3,51483
1738281600,2793.46,2799.64,2791.18,2796.25,25937
1738296000,2796.23,2798.29,2793.8,2795.48,42778
1738310400,2795.47,2801.19,2791.62,2793.65,54552
1738324800,2793.63,2808.62,2790.97,2806.41,69114
1738339200,2806.39,2817.25,2802.91,2808.76,103395
1738353600,2808.75,2809.03,2793.83,2800.56,80233
1738540800,2798.55,2804.01,2777.83,2782.25,56623
1738555200,2782.25,2785.11,2772.07,2783.08,85771
1738569600,2783.08,2800.89,2782.79,2796.29,75682
1738584000,2796.29,2811.9,2792.92,2810.99,68889
1738598400,2810.99,2830.39,2810.02,2817.27,114826
1738612800,2817.33,2822.95,2812.09,2813.36,55433
1738627200,2813.19,2824.35,2810.4,2823.32,21980
1738641600,2823.33,2824.71,2813.32,2815.77,63385
1738656000,2815.77,2821.89,2807.1,2820.06,77185
1738670400,2820.04,2837.11,2812.7,2831.69,72883
1738684800,2831.67,2845.46,2828.97,2844.01,106556
1738699200,2843.87,2845.01,2840.62,2841.84,47863
1738713600,2841.52,2849.06,2839.56,2844.44,35647
1738728000,2844.44,2860.6,2843.93,2859.32,40001
1738742400,2859.32,2872.31,2854.83,2870.33,55284
1738756800,2870.33,2877.12,2858.61,2861.64,68448
1738771200,2861.64,2882.54,2860.59,2872.93,101760
1738785600,2872.92,2873.59,2859.87,2866.27,52361
1738800000,2865.45,2871.97,2863.68,2871.5,26236
1738814400,2871.57,2873.32,2864.34,2868.34,44087
1738828800,2868.34,2871.41,2848.8,2859.41,62766
1738843200,2859.41,2870.3,2855.37,2856.7,71246
1738857600,2856.71,2859.81,2834.03,2852.18,98604
1738872000,2852.2,2857.26,2849.83,2856.81,47955
1738886400,2854.37,2868.26,2853.88,2866.25,22749
1738900800,2866.26,2870.62,2861.95,2862.04,35502
1738915200,2861.97,2870.71,2858.97,2868.95,48159
1738929600,2868.95,2870.81,2852.2,2862.38,61949
1738944000,2862.39,2886.67,2853.2,2860.18,104644
1738958400,2860.17,2865.17,2858.91,2861.66,38566
1739145600,2857.28,2876.55,2856.53,2871.87,33231
1739160000,2871.89,2880.09,2871.23,2879.25,37117
1739174400,2879.25,2903.26,2878.88,2902.98,59738
1739188800,2902.98,2911.0,2898.15,2901.02,70124
1739203200,2901.02,2911.76,2896.32,2903.21,75730
1739217600,2903.22,2908.58,2900.9,2907.62,40390
1739232000,2906.49,2936.16,2906.04,2933.94,34971
1739246400,2933.94,2942.59,2903.7,2922.75,70774
1739260800,2922.77,2929.21,2902.85,2903.26,71764
1739275200,2903.27,2907.15,2881.73,2896.36,87531
1739289600,2896.38,2908.64,2890.86,2905.54,89181
1739304000,2905.56,2907.13,2894.03,2899.14,47265
1739318400,2895.87,2900.79,2883.74,2893.32,28654
1739332800,2893.32,2897.7,2883.62,2886.13,47020
1739347200,2886.11,2895.86,2885.43,2886.75,51516
1739361600,2886.75,2889.89,2863.59,2884.74,65116
1739376000,2884.75,2909.2,2881.9,2902.88,86081
1739390400,2902.88,2904.29,2893.52,2904.0,37807
1739404800,2903.48,2909.07,2900.52,2906.04,22514
1739419200,2906.03,2922.71,2905.24,2917.96,36167
1739433600,2917.96,2920.42,2909.35,2915.35,55858
1739448000,2915.35,2921.34,2905.74,2908.54,57112
1739462400,2908.54,2920.95,2906.47,2919.06,74465
1739476800,2919.02,2929.48,2914.07,2928.83,44601
1739491200,2924.41,2933.89,2924.41,2929.86,26203
1739505600,2929.87,2932.4,2923.03,2930.96,43810
1739520000,2930.97,2938.73,2929.78,2935.14,57249
1739534400,2935.14,2940.03,2917.41,2920.52,67178
1739548800,2920.51,2928.57,2885.27,2886.97,114373
1739563200,2886.96,2887.91,2876.93,2882.84,51247
1739750400,2882.83,2896.35,2877.54,2895.24,33891
1739764800,2895.24,2905.17,2893.77,2895.93,36416
1739779200,2895.94,2906.42,2888.05,2902.61,56396
1739793600,2902.6,2903.97,2895.4,2896.69,50350
1739808000,2896.7,2904.14,2896.41,2898.54,46830
1739836800,2898.73,2900.38,2891.93,2895.65,13048
1739851200,2895.65,2915.51,2895.3,2910.6,34538
1739865600,2910.6,2915.46,2908.21,2912.62,30035
1739880000,2912.62,2921.45,2906.72,2918.82,41300
1739894400,2918.83,2933.72,2917.68,2931.14,64244
1739908800,2931.14,2937.02,2928.29,2935.87,32024
1739923200,2933.24,2939.51,2927.59,2938.23,16482
1739937600,2938.25,2939.52,2924.05,2932.72,38941
1739952000,2932.71,2946.63,2930.21,2945.52,44596
1739966400,2945.53,2947.06,2930.96,2936.28,51661
1739980800,2936.27,2940.6,2921.51,2923.75,77810
1739995200,2923.75,2937.5,2918.5,2933.17,47153
1740009600,2931.71,2942.37,2931.6,2937.13,22064
1740024000,2937.12,2946.82,2933.81,2946.79,32068
1740038400,2946.79,2954.94,2943.93,2951.47,37946
1740052800,2951.48,2954.81,2933.7,2933.97,55181
1740067200,2933.93,2946.94,2924.15,2940.54,76603
1740081600,2940.48,2942.45,2933.47,2939.63,38628
1740096000,2937.9,2949.56,2926.74,2928.63,23272
1740110400,2928.64,2940.93,2924.2,2930.16,48599
1740124800,2930.16,2933.01,2916.67,2929.35,41434
1740139200,2929.35,2936.08,2926.79,2930.9,41688
1740153600,2930.91,2941.59,2921.58,2939.82,73984
1740168000,2939.82,2942.7,2931.94,2936.28,40933
1740355200,2934.11,2940.57,2921.22,2927.99,34173
1740369600,2927.93,2944.71,2925.01,2936.31,47311
1740384000,2936.31,2948.73,2935.28,2944.16,36986
1740398400,2944.16,2954.53,2934.84,2954.39,41074
1740412800,2954.38,2956.31,2930.65,2943.37,76160
1740427200,2943.4,2953.01,2942.79,2952.08,31653
1740441600,2951.4,2953.58,2945.22,2949.56,25187
1740456000,2949.56,2952.42,2935.0,2938.03,42648
1740470400,2938.02,2942.41,2929.5,2938.94,46066
1740484800,2938.95,2941.47,2924.04,2937.4,61580
1740499200,2937.35,2944.91,2888.01,2907.48,103959
1740513600,2907.49,2917.34,2905.33,2915.52,42882
1740528000,2913.74,2930.13,2912.85,2917.66,24822
1740542400,2917.66,2923.12,2912.53,2915.38,27720
1740556800,2915.37,2918.91,2905.74,2913.27,41414
1740571200,2913.26,2916.9,2905.42,2905.9,39102
1740585600,2905.87,2916.6,2890.57,2913.73,78284
1740600000,2913.71,2918.73,2912.03,2916.4,30032
1740614400,2915.27,2920.76,2911.01,2912.65,20635
1740628800,2912.65,2914.79,2888.54,2890.97,47454
1740643200,2890.97,2898.43,2876.91,2887.3,60836
1740657600,2887.28,2894.86,2881.1,2888.95,57936
1740672000,2888.93,2892.41,2867.65,2883.19,89279
1740686400,2883.2,2887.71,2871.29,2876.81,47133
1740700800,2877.11,2885.02,2873.87,2874.78,29802
1740715200,2874.78,2877.89,2856.96,2864.11,62075
1740729600,2864.12,2866.67,2851.02,2862.41,56251
1740744000,2862.39,2864.95,2848.23,2848.57,51944
1740758400,2848.57,2853.93,2832.49,2845.04,90905
1740772800,2845.04,2859.29,2838.0,2859.11,46404
1740960000,2855.88,2876.86,2855.5,2870.82,37492
1740974400,2870.82,2871.93,2859.2,2863.81,40956
1740988800,2863.81,2871.54,2858.77,2867.44,51762
1741003200,2867.44,2877.67,2867.2,2872.61,43754
1741017600,2872.61,2893.08,2871.23,2890.81,71469
1741032000,2890.81,2895.25,2878.23,2893.22,52799
1741046400,2890.39,2893.79,2881.91,2888.31,21921
1741060800,2888.29,2894.43,2884.69,2889.68,37295
1741075200,2889.68,2921.33,2884.28,2918.03,47263
1741089600,2918.03,2927.85,2912.07,2922.59,52544
1741104000,2922.58,2923.13,2900.22,2911.61,87773
1741118400,2911.61,2920.53,2908.24,2916.93,40657
1741132800,2916.55,2918.32,2903.46,2907.17,24423
1741147200,2907.18,2918.71,2902.11,2918.64,45297
1741161600,2918.64,2922.51,2913.06,2918.79,59529
1741176000,2918.79,2919.24,2892.75,2899.9,64259
1741190400,2899.91,2929.87,2897.63,2915.92,106796
1741204800,2915.98,2923.11,2910.72,2919.26,49264
1741219200,2917.2,2925.59,2915.91,2924.54,19316
1741233600,2924.57,2926.53,2914.49,2919.75,29075
1741248000,2919.75,2923.04,2891.16,2894.16,60222
1741262400,2894.16,2909.38,2891.84,2904.37,69143
1741276800,2904.36,2922.72,2903.32,2915.54,82180
1741291200,2915.56,2920.57,2908.3,2911.6,41169
1741305600,2910.87,2913.56,2894.72,2906.71,33589
1741320000,2906.71,2912.58,2901.13,2909.51,53528
1741334400,2909.52,2923.01,2907.75,2921.57,50813
1741348800,2921.56,2926.42,2910.27,2913.84,76038
1741363200,2913.81,2930.48,2903.42,2908.2,94754
1741377600,2908.2,2912.39,2901.86,2912.1,52369
1741564800,2910.59,2918.25,2909.61,2912.13,36501
1741579200,2912.13,2914.51,2906.92,2909.89,39702
1741593600,2909.88,2915.4,2896.04,2911.13,60993
1741608000,2911.14,2911.35,2895.66,2903.72,78224
1741622400,2903.67,2910.54,2881.75,2886.03,94773
1741636800,2886.02,2890.97,2880.18,2887.89,38997
1741651200,2887.66,2890.95,2880.2,2890.63,30880
1741665600,2890.63,2900.48,2889.93,2895.78,33224
1741680000,2895.8,2912.42,2893.43,2911.75,45022
1741694400,2911.75,2922.13,2906.7,2917.55,58016
1741708800,2917.65,2920.97,2911.81,2917.75,65095
1741723200,2917.75,2921.32,2915.07,2915.46,23774
1741737600,2913.38,2919.57,2910.79,2914.9,23985
1741752000,2914.9,2919.92,2912.02,2916.0,32704
1741766400,2916.01,2925.45,2908.92,2914.8,54866
1741780800,2914.78,2923.08,2905.96,2915.59,68448
1741795200,2915.59,2940.56,2914.26,2936.02,80769
1741809600,2936.03,2937.42,2930.71,2932.72,29265
1741824000,2932.21,2941.53,2932.21,2937.81,20557
1741838400,2937.85,2947.11,2937.51,2940.01,30343
1741852800,2940.01,2948.82,2932.98,2947.77,39587
1741867200,2947.76,2952.43,2938.84,2950.34,64669
1741881600,2950.35,2985.28,2949.7,2979.46,91537
1741896000,2979.46,2988.56,2979.06,2988.08,28290
1741910400,2988.13,2990.15,2981.68,2987.89,32515
1741924800,2987.88,2993.89,2981.88,2986.28,40003
1741939200,2986.27,2999.44,2980.78,2998.79,47207
1741953600,2998.8,3004.85,2983.2,2985.54,73724
1741968000,2985.43,2993.37,2978.42,2986.55,72037
1741982400,2986.55,2988.75,2981.54,2988.07,21354
1742169600,2984.1,2994.0,2983.15,2990.75,22692
1742184000,2990.74,2991.88,2982.18,2986.03,21629
1742198400,2986.04,2996.84,2983.02,2995.64,26861
1742212800,2995.64,3001.17,2984.72,2988.34,48944
1742227200,2988.32,3000.55,2987.09,2997.74,50144
1742241600,2997.74,3001.97,2996.54,3000.88,19424
1742256000,3000.28,3008.48,2999.47,3005.63,19947
1742270400,3005.63,3017.05,3002.8,3012.01,29383
1742284800,3012.01,3028.47,3010.69,3020.18,41605
1742299200,3020.19,3038.27,3019.46,3033.21,59393
1742313600,3033.21,3036.89,3024.69,3032.58,68379
1742328000,3032.58,3037.86,3032.41,3034.62,21464
1742342400,3033.44,3035.11,3027.35,3029.4,13277
1742356800,3029.39,3045.31,3028.99,3044.28,31211
1742371200,3044.29,3044.72,3022.74,3030.33,47483
1742385600,3030.33,3041.13,3027.65,3033.31,44092
1742400000,3033.29,3038.3,3025.9,3030.53,51221
1742414400,3030.2,3051.9,3029.11,3047.02,43366
1742428800,3046.87,3056.18,3045.78,3049.67,30008
1742443200,3049.66,3057.42,3044.88,3046.68,41159
1742457600,3046.69,3051.43,3038.5,3041.48,47253
1742472000,3041.48,3042.32,3025.56,3032.47,72182
1742486400,3032.43,3043.12,3030.61,3041.71,62117
1742500800,3041.71,3046.05,3040.89,3044.57,24447
1742515200,3044.18,3047.37,3035.93,3035.93,19372
1742529600,3035.92,3037.02,3021.01,3027.99,34637
1742544000,3027.99,3034.71,3027.06,3029.67,40273
1742558400,3029.66,3038.15,3004.11,3006.65,57846
1742572800,3006.65,3018.19,2999.47,3013.68,71830
1742587200,3013.69,3024.21,3013.48,3023.07,23942
1742774400,3020.63,3026.27,3017.07,3020.93,31241
1742788800,3020.93,3024.5,3013.61,3022.08,34414
1742803200,3022.06,3031.01,3017.28,3023.59,50588
1742817600,3023.59,3033.25,3019.14,3022.54,62073
1742832000,3022.52,3024.09,3005.62,3007.06,74075
1742846400,3007.06,3014.53,3002.41,3012.63,23907
1742860800,3010.52,3014.85,3008.99,3011.83,19621
1742875200,3011.84,3021.01,3007.47,3018.26,30394
1742889600,3018.27,3023.51,3010.48,3023.25,34269
1742904000,3023.24,3030.57,3014.11,3028.48,52180
1742918400,3028.41,3035.94,3017.97,3022.68,58861
1742932800,3022.67,3022.85,3017.75,3019.87,16370
1742947200,3018.98,3025.46,3016.35,3024.84,19861
1742961600,3024.85,3027.11,3013.24,3022.82,34370
1742976000,3022.81,3032.04,3017.5,3018.68,42940
1742990400,3018.68,3030.37,3015.96,3016.75,51516
1743004800,3016.75,3021.66,3012.38,3018.71,51313
1743019200,3018.71,3021.75,3015.73,3019.36,20802
1743033600,3018.01,3028.33,3017.58,3023.54,23882
1743048000,3023.53,3038.6,3023.22,3029.69,36994
1743062400,3029.69,3041.01,3026.68,3039.92,50397
1743076800,3039.92,3055.91,3033.04,3040.47,68395
1743091200,3040.47,3059.82,3040.47,3052.85,83258
1743105600,3052.85,3057.83,3052.72,3056.92,24859
1743120000,3055.86,3074.0,3054.12,3073.86,29134
1743134400,3073.87,3081.9,3069.71,3077.79,42711
1743148800,3077.79,3086.01,3066.15,3072.86,47588
1743163200,3072.87,3084.07,3067.13,3083.24,66270
1743177600,3083.2,3086.78,3067.16,3077.39,76988
1743192000,3077.39,3085.93,3073.49,3084.12,24928
1743379200,3085.4,3097.77,3077.35,3079.07,25140
1743393600,3079.06,3115.92,3076.64,3113.29,54920
1743408000,3113.3,3128.08,3107.47,3122.21,57822
1743422400,3122.22,3126.67,3111.84,3124.55,52677
1743436800,3124.54,3127.2,3099.55,3117.52,92658
1743451200,3117.5,3124.7,3115.77,3123.96,39873
1743465600,3122.56,3127.97,3120.08,3127.21,13363
1743480000,3127.21,3147.89,3126.46,3144.66,55286
1743494400,3144.67,3149.02,3124.12,3130.86,67019
1743508800,3130.85,3138.93,3127.73,3133.27,53427
1743523200,3133.27,3137.08,3100.78,3106.63,91439
1743537600,3106.62,3120.89,3105.68,3113.89,32466
1743552000,3113.42,3123.7,3107.61,3122.95,16762
1743566400,3122.93,3135.62,3115.5,3116.17,44649
1743580800,3116.14,3133.82,3108.96,3131.15,48246
1743595200,3131.17,3131.51,3109.97,3122.44,50873
1743609600,3122.43,3134.32,3116.67,3131.43,73236
1743624000,3131.43,3137.09,3104.59,3130.75,50429
1743638400,3139.35,3167.73,3121.65,3151.22,64864
1743652800,3151.24,3162.92,3139.14,3140.27,68255
1743667200,3140.27,3140.9,3116.37,3129.07,80885
1743681600,3129.07,3129.57,3061.01,3076.33,103625
1743696000,3076.31,3135.57,3053.9,3107.56,117991
1743710400,3107.57,3119.83,3099.96,3114.3,47048
1743724800,3113.2,3116.59,3105.98,3110.57,22017
1743739200,3110.56,3115.78,3086.87,3100.09,56341
1743753600,3100.09,3109.86,3078.49,3084.16,61636
1743768000,3084.16,3136.49,3069.02,3071.08,107034
1743782400,3071.12,3087.44,3016.98,3030.91,127095
1743796800,3030.91,3040.87,3015.44,3037.06,73825
1743984000,3035.2,3035.2,2970.28,2978.73,43056
1743998400,2978.73,3055.48,2971.58,3035.38,90817
1744012800,3035.42,3044.41,3013.22,3031.12,94944
1744027200,3031.13,3046.02,3014.68,3031.18,92149
1744041600,3031.17,3037.97,2969.82,2970.46,137419
1744056000,2970.46,2985.56,2956.08,2982.53,82002
1744070400,2980.27,2992.52,2978.47,2985.31,24758
1744084800,2985.31,3004.8,2983.5,3002.14,55146
1744099200,3002.14,3015.68,2999.4,3007.43,55464
1744113600,3007.43,3019.47,2994.74,3002.58,40975
1744128000,3002.57,3022.72,2984.4,2985.97,64082
1744142400,2985.98,2992.33,2974.59,2982.56,36178
1744156800,2983.3,2990.9,2970.09,2980.41,22840
1744171200,2980.4,3014.12,2972.52,3012.38,49785
1744185600,3012.37,3052.46,3005.47,3043.81,52000
1744200000,3043.84,3073.06,3036.32,3047.32,56095
1744214400,3047.34,3094.74,3047.3,3092.35,63698
1744228800,3092.37,3099.56,3048.44,3079.85,56808
1744243200,3083.46,3101.28,3071.41,3097.09,25875
1744257600,3097.08,3131.6,3078.44,3125.25,47516
1744272000,3125.25,3132.55,3104.78,3105.05,43731
1744286400,3105.05,3133.85,3103.07,3123.03,47710
1744300800,3123.03,3174.85,3116.02,3158.55,68550
1744315200,3158.54,3176.41,3151.56,3174.82,33153
1744329600,3175.63,3217.73,3175.57,3205.53,31636
1744344000,3205.51,3220.12,3201.05,3208.51,53900
1744358400,3208.51,3227.47,3187.11,3216.09,60480
1744372800,3216.05,3237.8,3210.11,3233.58,49523
1744387200,3233.59,3245.3,3219.41,3223.3,71908
1744401600,3223.3,3238.25,3223.3,3237.92,31748
1744588800,3229.84,3229.84,3210.0,3220.94,22533
1744603200,3220.95,3245.63,3215.4,3227.35,44292
1744617600,3227.35,3238.06,3216.55,3226.89,40389
1744632000,3226.89,3231.61,3200.49,3206.64,45477
1744646400,3206.66,3215.68,3193.65,3207.51,58437
1744660800,3207.5,3216.49,3201.43,3210.97,23558
1744675200,3210.87,3215.15,3210.45,3211.95,11357
1744689600,3211.91,3232.64,3210.03,3231.9,29907
1744704000,3231.86,3232.11,3217.45,3227.69,33973
1744718400,3227.69,3230.11,3214.23,3221.44,30879
1744732800,3221.43,3226.81,3211.61,3221.38,43352
1744747200,3221.37,3233.55,3220.38,3230.27,20266
1744761600,3231.0,3267.97,3229.98,3264.5,22269
1744776000,3264.47,3287.56,3256.05,3283.68,39029
1744790400,3283.67,3317.84,3283.64,3306.97,50602
1744804800,3306.95,3313.67,3293.14,3307.3,42508
1744819200,3307.32,3332.97,3296.92,3327.14,61304
1744833600,3327.19,3342.41,3324.47,3341.51,31861
1744848000,3342.72,3357.65,3342.02,3345.48,22543
1744862400,3345.45,3356.22,3320.81,3341.47,47784
1744876800,3341.47,3345.38,3312.7,3324.18,45547
1744891200,3324.19,3342.08,3320.64,3328.17,38524
1744905600,3328.19,3331.96,3283.8,3316.07,68828
1744920000,3316.09,3328.69,3311.03,3327.89,25376
1745193600,3333.07,3370.5,3329.13,3368.68,28571
1745208000,3368.7,3385.14,3367.25,3376.28,41843
1745222400,3376.28,3395.9,3375.92,3392.71,40895
1745236800,3392.72,3415.62,3386.43,3414.89,40946
1745251200,3414.87,3430.23,3405.23,3414.55,61092
1745265600,3414.55,3430.44,3406.04,3426.25,30784
1745280000,3423.95,3444.19,3412.34,3425.34,28463
1745294400,3425.37,3494.69,3421.6,3484.32,49205
1745308800,3484.33,3499.97,3443.19,3444.09,63237
1745323200,3444.1,3468.23,3424.37,3431.37,54654
1745337600,3431.43,3449.52,3372.06,3392.86,74327
1745352000,3392.88,3410.24,3366.71,3381.92,41956
1745366400,3329.28,3371.02,3316.02,3367.79,33573
1745380800,3367.85,3386.53,3329.33,3346.65,52046
1745395200,3346.65,3349.23,3291.85,3321.4,55383
1745409600,3321.44,3340.45,3310.69,3310.76,43409
1745424000,3310.74,3313.58,3259.97,3295.05,84287
1745438400,3295.05,3301.44,3277.77,3289.38,35474
1745452800,3288.54,3339.01,3288.5,3331.81,23554
1745467200,3331.77,3367.35,3320.62,3326.08,49893
1745481600,3326.11,3341.46,3314.8,3336.04,44770
1745496000,3336.07,3344.58,3325.47,3335.91,37116
1745510400,3335.91,3336.21,3306.64,3331.5,59664
1745524800,3331.5,3349.76,3330.03,3349.48,24680
1745539200,3350.35,3370.69,3347.09,3357.76,23342
1745553600,3357.74,3363.08,3316.4,3324.75,45005
1745568000,3324.76,3327.08,3287.09,3303.67,54622
1745582400,3303.78,3308.7,3288.02,3292.63,39124
1745596800,3292.64,3292.8,3265.06,3285.32,55430
1745611200,3285.33,3316.32,3281.89,3316.32,27511
1745798400,3324.89,3330.97,3298.67,3314.13,24206
1745812800,3314.12,3315.19,3268.26,3298.9,39122
1745827200,3298.92,3300.89,3277.64,3282.57,35426
1745841600,3282.57,3302.17,3273.27,3295.96,37152
1745856000,3296.0,3339.22,3286.99,3336.62,59287
1745870400,3336.64,3352.96,3333.24,3342.85,27440
1745884800,3344.56,3348.51,3327.85,3329.91,20685
1745899200,3329.91,3339.98,3306.81,3309.31,41308
1745913600,3309.3,3324.84,3305.11,3311.87,33279
1745928000,3311.85,3315.93,3300.42,3312.73,35481
1745942400,3312.72,3329.88,3299.68,3328.66,55147
1745956800,3328.68,3329.57,3313.32,3317.18,24124
1745971200,3314.18,3327.98,3311.04,3313.07,15116
1745985600,3313.07,3322.64,3301.35,3308.01,32345
1746000000,3308.02,3314.63,3280.34,3284.49,36526
1746014400,3284.49,3304.71,3266.99,3298.61,47010
1746028800,3298.63,3319.65,3292.89,3310.71,61817
1746043200,3310.69,3313.47,3283.12,3289.12,29923
1746057600,3287.57,3290.05,3241.15,3246.56,25692
1746072000,3246.55,3251.32,3221.22,3226.7,34758
1746086400,3226.71,3243.17,3223.44,3235.14,34606
1746100800,3235.17,3236.09,3201.93,3226.83,44981
1746115200,3226.71,3233.16,3205.02,3219.44,56417
1746129600,3219.45,3239.81,3209.98,3235.59,26566
1746144000,3238.86,3244.25,3227.53,3231.32,18874
1746158400,3231.33,3258.63,3231.33,3251.77,32458
1746172800,3251.75,3263.19,3246.44,3258.08,32268
1746187200,3258.07,3269.24,3250.22,3250.37,43114
1746201600,3250.32,3264.49,3222.81,3224.85,67262
1746216000,3224.87,3241.14,3223.58,3240.69,32836
1746403200,3238.23,3252.14,3237.55,3246.74,19245
1746417600,3246.74,3272.25,3246.59,3256.51,34032
1746432000,3256.51,3282.86,3254.08,3282.58,35149
1746446400,3282.62,3322.45,3282.18,3319.56,46248
1746460800,3319.54,3328.72,3305.66,3309.75,50529
1746475200,3309.74,3337.49,3309.22,3333.19,27855
1746489600,3336.27,3337.82,3323.18,3329.57,16840
1746504000,3329.57,3386.97,3329.57,3363.13,55290
1746518400,3363.14,3383.04,3350.19,3377.17,45467
1746532800,3377.19,3392.25,3371.41,3390.99,41588
1746547200,3391.01,3411.57,3378.2,3408.82,56475
1746561600,3408.83,3434.7,3407.52,3434.65,31572
1746576000,3438.87,3438.87,3360.98,3379.67,43400
1746590400,3379.67,3393.76,3360.21,3382.11,48585
1746604800,3382.11,3397.38,3378.3,3382.77,39453
1746619200,3382.77,3393.74,3369.28,3390.77,40862
1746633600,3390.79,3398.07,3375.85,3386.83,49921
1746648000,3386.84,3397.99,3363.85,3365.78,43798
1746662400,3365.84,3386.94,3364.75,3380.36,17087
1746676800,3380.39,3414.74,3378.99,3382.11,46597
1746691200,3382.13,3384.18,3320.29,3339.28,57209
1746705600,3339.28,3358.51,3330.44,3356.12,40972
1746720000,3356.12,3369.46,3304.38,3310.33,64024
1746734400,3310.32,3311.13,3288.76,3305.59,35041
1746748800,3304.61,3323.98,3304.02,3322.22,21471
1746763200,3322.18,3327.51,3274.72,3324.63,53708
1746777600,3324.6,3332.13,3312.92,3328.49,42650
1746792000,3328.48,3338.26,3322.0,3333.5,35354
1746806400,3333.48,3347.47,3320.37,3336.92,54558
1746820800,3336.88,3342.97,3325.16,3325.47,25612
1747008000,3321.32,3321.44,3265.96,3279.08,29397
1747022400,3279.11,3284.68,3258.82,3278.86,46224
1747036800,3278.87,3281.48,3216.12,3231.37,65192
1747051200,3231.38,3234.18,3207.74,3233.54,55546
1747065600,3233.52,3248.55,3223.37,3224.16,65988
1747080000,3224.17,3238.79,3220.33,3234.17,30363
1747094400,3236.1,3243.15,3229.77,3239.9,17254
1747108800,3239.9,3253.45,3215.97,3252.51,41706
1747123200,3252.55,3265.56,3247.38,3255.52,38757
1747137600,3255.49,3258.55,3237.38,3241.93,39098
1747152000,3241.89,3257.78,3225.49,3250.98,58136
1747166400,3251.0,3254.79,3242.06,3251.93,23617
1747180800,3249.38,3257.04,3240.62,3243.75,15716
1747195200,3243.76,3251.65,3222.59,3223.94,41717
1747209600,3223.94,3243.81,3221.69,3232.57,43337
1747224000,3232.56,3239.16,3184.15,3184.73,50758
1747238400,3184.74,3198.25,3173.75,3188.5,65414
1747252800,3188.49,3190.44,3168.05,3179.44,29468
1747267200,3177.72,3187.83,3177.41,3187.77,14136
1747281600,3187.75,3192.66,3135.6,3138.57,44644
1747296000,3138.59,3164.25,3120.65,3162.64,52742
1747310400,3162.61,3189.8,3159.37,3188.82,42664
1747324800,3188.82,3222.7,3185.2,3222.38,57703
1747339200,3222.41,3239.82,3216.48,3239.46,26918
1747353600,3239.87,3252.09,3232.08,3243.09,24069
1747368000,3243.11,3244.51,3206.58,3219.64,42815
1747382400,3219.6,3231.26,3195.6,3207.44,39846
1747396800,3207.43,3212.86,3154.28,3177.42,48305
1747411200,3177.44,3189.69,3166.24,3189.27,51724
1747425600,3189.28,3202.86,3183.4,3201.13,25154
1747612800,3218.96,3249.69,3206.88,3246.43,28370
1747627200,3246.41,3246.76,3206.71,3215.86,39257
1747641600,3215.87,3244.91,3214.95,3244.45,38264
1747656000,3244.45,3248.4,3228.89,3229.26,33106
1747670400,3229.27,3241.6,3217.31,3231.82,47692
1747684800,3231.81,3235.75,3225.25,3230.6,21212
1747699200,3229.35,3231.09,3214.13,3222.74,15507
1747713600,3222.77,3232.7,3204.59,3217.27,38828
1747728000,3217.25,3235.8,3207.98,3235.78,37647
1747742400,3235.8,3250.66,3230.55,3242.72,34622
1747756800,3242.73,3285.82,3232.82,3278.87,58115
1747771200,3278.85,3295.68,3278.3,3289.93,26209
1747785600,3289.43,3304.14,3288.57,3303.45,22245
1747800000,3303.44,3314.68,3285.54,3302.09,42734
1747814400,3302.09,3320.72,3298.47,3308.46,42321
1747828800,3308.5,3318.21,3290.81,3302.56,41902
1747843200,3302.61,3315.14,3295.35,3303.05,51076
1747857600,3303.06,3324.8,3302.8,3314.41,32568
1747872000,3314.85,3326.13,3314.76,3323.74,17092
1747886400,3323.74,3345.36,3320.38,3338.57,37297
1747900800,3338.56,3339.45,3310.24,3311.32,42264
1747915200,3311.29,3314.68,3283.04,3304.0,54854
1747929600,3304.03,3315.68,3279.31,3301.54,61827
1747944000,3301.54,3301.7,3289.11,3295.08,26433
1747958400,3294.65,3308.82,3287.01,3300.84,19228
1747972800,3300.88,3316.13,3291.03,3313.57,38315
1747987200,3313.56,3334.42,3312.54,3326.36,42397
1748001600,3326.35,3360.41,3323.4,3356.99,58747
1748016000,3356.96,3364.51,3336.56,3359.0,68960
1748030400,3359.0,3365.83,3356.44,3360.19,28768
1748217600,3355.97,3356.15,3331.51,3341.85,24113
1748232000,3341.9,3356.73,3335.63,3349.82,36462
1748246400,3349.81,3351.79,3331.08,3334.58,35633
1748260800,3334.61,3336.09,3323.53,3334.37,24512
1748275200,3334.37,3342.13,3331.26,3342.13,24741
1748304000,3342.57,3349.89,3342.48,3345.04,14372
1748318400,3345.05,3347.31,3330.7,3330.89,31778
1748332800,3330.9,3332.6,3292.63,3298.5,57243
1748347200,3298.51,3309.61,3287.74,3293.8,48078
1748361600,3293.79,3304.83,3285.06,3297.78,52782
1748376000,3297.79,3307.93,3296.86,3300.56,21876
1748390400,3301.09,3315.72,3298.12,3308.51,14636
1748404800,3308.5,3313.48,3291.68,3296.4,36145
1748419200,3296.41,3323.74,3296.04,3321.57,41288
1748433600,3321.56,3325.47,3305.38,3312.26,34072
1748448000,3312.24,3316.31,3288.61,3293.42,53118
1748462400,3293.44,3302.98,3276.32,3287.29,29596
1748476800,3286.46,3294.92,3250.21,3264.91,39754
1748491200,3264.95,3280.07,3245.47,3269.09,48722
1748505600,3269.11,3289.24,3266.03,3281.67,41009
1748520000,3281.66,3317.45,3276.23,3316.45,47163
1748534400,3316.44,3331.16,3304.79,3322.25,59738
1748548800,3322.25,3325.76,3315.31,3318.19,27852
1748563200,3317.48,3321.02,3309.59,3312.48,16153
1748577600,3312.48,3322.67,3291.25,3296.27,40574
1748592000,3296.27,3304.99,3287.42,3295.73,41598
1748606400,3295.74,3306.75,3282.83,3304.01,43322
1748620800,3304.0,3308.21,3271.48,3293.36,73759
1748635200,3293.33,3295.75,3289.79,3291.05,27045
1748822400,3298.27,3316.56,3295.49,3311.29,21736
1748836800,3311.31,3318.18,3301.43,3313.89,29766
1748851200,3313.9,3358.86,3313.88,3352.08,40410
1748865600,3352.07,3363.6,3344.43,3355.43,40241
1748880000,3355.42,3379.19,3350.3,3371.45,59534
1748894400,3371.41,3382.85,3370.8,3382.45,27863
1748908800,3383.63,3392.19,3373.83,3375.81,19700
1748923200,3375.81,3377.94,3359.25,3362.71,43116
1748937600,3362.71,3367.65,3351.22,3361.1,39858
1748952000,3361.09,3363.06,3349.07,3359.39,34582
1748966400,3359.37,3363.09,3333.1,3348.41,53545
1748980800,3348.41,3355.44,3347.38,3354.04,19671
1748995200,3353.17,3361.6,3349.84,3350.29,14617
1749009600,3350.27,3372.59,3346.5,3354.78,33835
1749024000,3354.78,3365.23,3348.01,3362.75,37107
1749038400,3362.78,3364.93,3343.71,3358.82,40470
1749052800,3358.84,3384.62,3350.83,3375.05,53386
1749067200,3375.03,3382.12,3370.56,3372.65,20088
1749081600,3373.47,3381.69,3372.19,3380.24,14007
1749096000,3380.22,3384.05,3364.01,3368.37,31734
1749110400,3368.4,3376.84,3361.19,3375.19,31226
1749124800,3375.2,3403.43,3374.08,3383.02,53466
1749139200,3383.03,3388.42,3339.44,3354.13,84623
1749153600,3354.12,3361.34,3348.93,3354.42,32244
1749168000,3353.57,3364.06,3353.06,3359.43,15678
1749182400,3359.39,3374.57,3356.19,3373.67,32246
1749196800,3373.65,3375.56,3352.75,3365.29,39064
1749211200,3365.3,3365.37,3343.5,3353.43,42993
1749225600,3353.42,3360.94,3316.32,3322.75,76728
1749240000,3322.75,3326.76,3307.1,3312.05,28313
1749427200,3312.09,3321.07,3298.28,3305.4,21859
1749441600,3305.4,3313.39,3293.53,3311.69,36133
1749456000,3311.69,3328.52,3309.55,3319.79,34503
1749470400,3319.8,3323.44,3312.1,3320.0,31834
1749484800,3320.0,3337.79,3310.72,3337.61,47995
1749499200,3337.61,3338.15,3324.99,3326.22,20933
1749513600,3324.71,3327.86,3314.6,3316.57,15473
1749528000,3316.57,3319.88,3301.93,3307.22,35682
1749542400,3307.24,3334.79,3306.73,3329.32,42532
1749556800,3329.31,3342.46,3327.15,3337.19,32504
1749571200,3337.16,3349.03,3320.03,3321.28,52168
1749585600,3321.3,3334.54,3319.43,3322.62,25076
1749600000,3323.23,3335.21,3320.77,3332.37,13974
1749614400,3332.36,3342.88,3327.13,3341.83,28092
1749628800,3341.83,3348.55,3332.52,3344.53,32813
1749643200,3344.53,3360.7,3326.03,3336.72,46148
1749657600,3336.72,3344.46,3327.77,3330.2,56403
1749672000,3330.23,3355.16,3319.26,3353.24,36940
1749686400,3356.88,3373.42,3356.36,3365.73,25320
1749700800,3365.75,3377.72,3362.46,3370.44,35869
1749715200,3370.44,3375.75,3338.5,3356.76,44790
1749729600,3356.75,3390.28,3355.46,3388.07,47922
1749744000,3388.19,3399.01,3377.88,3383.78,63014
1749758400,3383.75,3389.17,3378.14,3386.59,25319
1749772800,3385.47,3419.89,3379.63,3416.83,33505
1749787200,3416.09,3444.35,3413.88,3425.32,56016
1749801600,3425.33,3428.72,3407.9,3424.31,46629
1749816000,3424.31,3438.1,3411.61,3436.58,46270
1749830400,3436.56,3446.79,3419.25,3429.97,61965
1749844800,3429.96,3439.44,3427.41,3432.8,35308
1750032000,3451.46,3452.66,3431.24,3436.21,29252
1750046400,3436.3,3446.28,3426.88,3427.47,34904
1750060800,3427.5,3430.37,3409.51,3413.84,43959
1750075200,3413.94,3422.6,3410.6,3415.59,35487
1750089600,3415.58,3418.0,3382.62,3399.4,56578
1750104000,3399.39,3400.29,3382.79,3384.49,25450
1750118400,3385.27,3403.19,3385.27,3394.28,21391
1750132800,3394.25,3402.42,3373.34,3394.04,34922
1750147200,3394.04,3395.43,3377.82,3378.92,34339
1750161600,3378.89,3400.02,3375.74,3386.68,43188
1750176000,3386.69,3397.51,3366.11,3382.89,56628
1750190400,3382.89,3392.36,3381.34,3388.08,27932
1750204800,3390.34,3396.09,3382.99,3385.7,14373
1750219200,3385.72,3399.97,3370.57,3395.09,30173
1750233600,3395.13,3395.61,3377.07,3383.54,32461
1750248000,3383.53,3389.84,3375.48,3386.58,32316
1750262400,3386.61,3396.74,3373.87,3390.96,46616
1750276800,3390.95,3395.79,3362.53,3368.44,44729
1750291200,3369.1,3383.25,3369.1,3379.42,15148
1750305600,3379.42,3387.91,3369.72,3374.49,25722
1750320000,3374.49,3375.23,3347.53,3368.65,46355
1750334400,3368.65,3378.94,3363.58,3367.94,33561
1750348800,3367.95,3372.9,3361.56,3368.64,31896
1750377600,3368.87,3370.64,3362.07,3368.1,14896
1750392000,3368.11,3368.27,3344.64,3354.28,32354
1750406400,3354.29,3355.27,3340.32,3350.96,32227
1750420800,3350.96,3359.21,3341.88,3344.48,30174
1750435200,3344.47,3374.47,3343.05,3371.47,43356
1750449600,3371.48,3371.7,3364.61,3368.93,18131
1750636800,3391.41,3396.53,3358.19,3365.66,27964
1750651200,3365.65,3368.04,3351.93,3358.47,30212
1750665600,3358.47,3362.25,3347.01,3361.82,31652
1750680000,3361.83,3381.97,3355.82,3360.42,35458
1750694400,3360.4,3393.49,3359.8,3389.81,54236
1750708800,3389.8,3391.41,3367.27,3368.74,32182
1750723200,3367.83,3369.86,3333.17,3351.06,28401
1750737600,3351.06,3357.96,3342.2,3348.51,31094
1750752000,3348.51,3348.69,3316.03,3327.23,46229
1750766400,3327.26,3328.86,3304.45,3314.68,36613
1750780800,3314.65,3320.42,3295.29,3318.4,53791
1750795200,3318.42,3325.14,3315.69,3322.78,21374
1750809600,3324.24,3329.94,3320.93,3326.93,9892
1750824000,3326.96,3335.17,3325.79,3327.46,22066
1750838400,3327.45,3337.03,3326.47,3327.2,24305
1750852800,3327.2,3329.48,3318.2,3320.6,27640
1750867200,3320.61,3335.07,3311.96,3334.79,39005
1750881600,3334.79,3336.11,3324.82,3332.59,23741
1750896000,3337.86,3340.14,3332.15,3333.94,11302
1750910400,3333.97,3343.14,3329.26,3333.95,24360
1750924800,3333.94,3350.3,3330.99,3348.2,28706
1750939200,3348.17,3348.7,3321.74,3322.02,33438
1750953600,3322.01,3333.27,3309.97,3331.31,52404
1750968000,3331.31,3336.4,3328.32,3328.59,21266
1750982400,3327.05,3328.16,3313.24,3318.81,13500
1750996800,3318.8,3321.97,3291.12,3293.94,34306
1751011200,3293.94,3300.89,3281.81,3289.39,40678
1751025600,3289.36,3290.87,3269.42,3270.04,40248
1751040000,3270.07,3278.51,3255.75,3277.59,56520
1751054400,3277.62,3282.73,3268.4,3274.48,29452
1751241600,3271.56,3281.69,3247.84,3264.58,23706
1751256000,3264.56,3286.29,3259.45,3285.73,30213
1751270400,3285.68,3296.74,3284.69,3289.11,29363
1751284800,3289.11,3289.11,3274.55,3281.95,32642
1751299200,3281.94,3297.41,3277.97,3297.3,40906
1751313600,3297.26,3309.39,3291.98,3303.14,23887
1751328000,3304.02,3314.76,3302.38,3314.68,14418
1751342400,3314.68,3323.05,3313.91,3322.92,26087
1751356800,3322.92,3342.27,3322.9,3339.47,33248
1751371200,3339.49,3357.89,3338.19,3354.59,35086
1751385600,3354.59,3355.51,3336.97,3341.73,50218
1751400000,3341.73,3342.16,3336.73,3339.14,21250
1751414400,3338.52,3344.89,3334.53,3338.92,15716
1751428800,3338.92,3342.87,3328.6,3340.08,25422
1751443200,3340.07,3343.85,3327.59,3333.57,28318
1751457600,3333.54,3351.09,3333.07,3346.62,30931
1751472000,3346.63,3349.18,3333.88,3348.65,41334
1751486400,3348.64,3360.07,3347.39,3357.08,19603
1751500800,3356.98,3365.72,3343.52,3344.71,17616
1751515200,3344.72,3351.76,3341.91,3350.76,20765
1751529600,3350.75,3363.69,3350.14,3356.21,28599
1751544000,3356.19,3356.32,3311.56,3324.44,39255
1751558400,3324.45,3338.43,3322.09,3332.4,44537
1751587200,3326.99,3331.98,3323.62,3328.98,11407
1751601600,3328.96,3342.27,3326.15,3340.81,23116
1751616000,3340.81,3345.05,3336.42,3342.81,24696
1751630400,3342.81,3343.05,3331.36,3333.94,21721
1751644800,3333.92,3337.99,3330.86,3335.44,17982
1751846400,3333.66,3342.69,3321.76,3326.51,17846
1751860800,3326.53,3327.68,3305.26,3307.69,35991
1751875200,3307.69,3315.09,3300.66,3310.1,34259
1751889600,3310.09,3312.57,3296.36,3309.55,40495
1751904000,3309.56,3327.99,3306.18,3327.4,40651
1751918400,3327.41,3340.36,3327.39,3337.5,26220
1751932800,3338.35,3345.72,3331.22,3334.2,16171
1751947200,3334.2,3337.98,3327.37,3329.59,25844
1751961600,3329.56,3339.43,3323.28,3323.67,28944
1751976000,3323.67,3329.83,3320.05,3328.19,27458
1751990400,3328.19,3328.62,3287.06,3300.39,58645
1752004800,3300.41,3310.35,3299.34,3300.52,30677
1752019200,3302.27,3307.95,3297.24,3307.04,15058
1752033600,3307.07,3307.25,3284.91,3293.95,30183
1752048000,3293.95,3297.76,3282.69,3284.96,34265
1752062400,3284.99,3297.47,3283.22,3296.38,28761
1752076800,3296.39,3313.24,3291.87,3311.88,43032
1752091200,3311.87,3316.77,3308.02,3313.88,23481
1752105600,3314.27,3321.92,3313.31,3317.66,12830
1752120000,3317.65,3326.34,3314.82,3322.2,21342
1752134400,3322.21,3330.08,3319.87,3328.66,25051
1752148800,3328.65,3330.23,3317.96,3323.79,30966
1752163200,3323.78,3329.38,3310.05,3315.09,45279
1752177600,3315.07,3325.9,3314.63,3323.88,22762
1752192000,3323.16,3336.15,3321.77,3330.64,16994
1752206400,3330.58,3335.98,3325.25,3331.96,27885
1752220800,3331.96,3343.8,3331.14,3333.01,41402
1752235200,3333.01,3357.01,3332.56,3355.09,42081
1752249600,3355.09,3368.74,3350.07,3353.78,69847
1752264000,3353.77,3359.69,3349.21,3357.63,29797
1752451200,3363.85,3374.0,3359.62,3367.61,26154
1752465600,3367.63,3370.14,3353.73,3359.74,38920
1752480000,3359.74,3374.96,3353.67,3365.93,39988
1752494400,3365.92,3374.6,3349.36,3350.0,36977
1752508800,3350.03,3358.97,3341.02,3347.75,46585
1752523200,3347.76,3351.64,3341.09,3342.58,23641
1752537600,3341.75,3349.31,3341.23,3347.57,9357
1752552000,3347.59,3361.33,3345.84,3360.22,22681
1752566400,3360.22,3365.68,3356.6,3361.04,29682
1752580800,3361.03,3366.35,3346.38,3348.8,37317
1752595200,3348.79,3352.37,3320.21,3329.23,60232
1752609600,3329.24,3331.86,3324.85,3324.86,24552
1752624000,3323.39,3332.68,3323.39,3330.5,10248
1752638400,3330.49,3338.59,3325.08,3338.28,24788
1752652800,3338.27,3342.82,3335.7,3342.12,24133
1752667200,3342.11,3342.98,3331.01,3334.53,32471
1752681600,3334.55,3377.51,3319.55,3348.99,83560
1752696000,3349.0,3357.28,3346.1,3346.97,29120
1752710400,3347.56,3352.17,3339.61,3340.87,11454
1752724800,3340.87,3344.71,3336.19,3342.62,23210
1752739200,3342.64,3342.85,3325.17,3328.82,31345
1752753600,3328.82,3332.49,3309.86,3313.06,38120
1752768000,3313.06,3339.88,3311.18,3338.83,50633
1752782400,3338.83,3341.01,3335.61,3338.1,19947
1752796800,3340.87,3343.93,3338.03,3339.84,11638
1752811200,3339.85,3344.24,3333.79,3336.96,22863
1752825600,3336.98,3350.35,3331.76,3347.41,27288
1752840000,3347.41,3361.22,3347.41,3359.95,28939
1752854400,3359.96,3360.28,3351.14,3353.62,43902
1752868800,3353.64,3353.71,3347.63,3350.81,19435
1753056000,3349.67,3354.52,3345.0,3352.27,10887
1753070400,3352.25,3358.65,3350.7,3357.77,19331
1753084800,3357.76,3370.74,3357.65,3365.92,30711
1753099200,3365.93,3388.6,3362.76,3387.21,30688
1753113600,3387.23,3401.56,3383.71,3395.62,59214
1753128000,3395.62,3399.69,3391.58,3397.37,27346
1753142400,3396.27,3402.66,3390.54,3394.57,13912
1753156800,3394.57,3395.74,3385.17,3391.09,26201
1753171200,3391.09,3391.87,3383.27,3388.97,28940
1753185600,3388.96,3407.88,3384.53,3407.67,27993
1753200000,3407.58,3432.93,3405.05,3432.2,67076
1753214400,3432.21,3433.49,3426.55,3429.56,33072
1753228800,3431.54,3438.75,3426.25,3428.81,17186
1753243200,3428.82,3430.63,3419.2,3423.47,35980
1753257600,3423.49,3429.62,3416.4,3428.4,35504
1753272000,3428.4,3433.84,3419.87,3419.98,28755
1753286400,3419.97,3420.59,3381.41,3387.35,60888
1753300800,3387.34,3395.86,3385.63,3388.08,27747
1753315200,3388.08,3393.15,3386.43,3391.4,10732
1753329600,3391.41,3393.31,3374.78,3382.66,36944
1753344000,3382.63,3382.98,3365.87,3369.66,32182
1753358400,3369.65,3370.04,3352.56,3353.42,29712
1753372800,3353.43,3377.35,3351.37,3366.98,47992
1753387200,3366.98,3373.4,3366.23,3367.46,17680
1753401600,3368.87,3373.53,3365.27,3372.24,11354
1753416000,3372.25,3372.74,3357.81,3360.98,22011
1753430400,3360.99,3362.35,3344.53,3345.47,23369
1753444800,3345.45,3348.89,3336.29,3340.77,23200
1753459200,3340.78,3347.46,3324.99,3329.65,52538
1753473600,3329.66,3340.2,3329.6,3336.66,18041
1753660800,3317.54,3337.4,3317.54,3333.38,19443
1753675200,3333.37,3343.95,3329.98,3339.61,24477
1753689600,3339.61,3345.21,3332.39,3335.96,25268
1753704000,3335.96,3340.69,3325.49,3328.43,26047
1753718400,3328.42,3330.63,3301.77,3312.21,48973
1753732800,3312.21,3318.81,3308.79,3314.76,20170
1753747200,3314.69,3315.8,3307.89,3311.62,13148
1753761600,3311.61,3320.8,3308.48,3316.55,25094
1753776000,3316.54,3329.83,3311.26,3326.41,30766
1753790400,3326.39,3328.21,3314.95,3323.32,27512
1753804800,3323.3,3334.1,3311.89,3323.11,47893
1753819200,3323.11,3330.84,3322.64,3325.49,22286
1753833600,3326.67,3333.64,3325.95,3330.2,8516
1753848000,3330.15,3333.19,3321.9,3327.18,23634
1753862400,3327.19,3333.38,3323.13,3332.21,23116
1753876800,3332.21,3334.01,3310.59,3313.31,32039
1753891200,3313.33,3316.05,3288.64,3298.06,46765
1753905600,3298.07,3304.72,3268.12,3275.85,53444
1753920000,3275.32,3288.41,3274.05,3286.5,14746
1753934400,3286.5,3298.51,3285.21,3298.14,26697
1753948800,3298.13,3314.77,3294.7,3309.96,27856
1753963200,3309.92,3313.1,3293.81,3307.6,34896
1753977600,3307.59,3310.41,3289.61,3295.02,51003
1753992000,3295.01,3298.39,3290.07,3290.65,25835
1754006400,3289.99,3295.12,3286.44,3290.23,12460
1754020800,3290.24,3297.07,3281.55,3292.06,26677
1754035200,3292.06,3300.34,3285.3,3294.24,27312
1754049600,3294.25,3345.23,3292.78,3341.29,38446
1754064000,3341.26,3355.05,3338.85,3347.27,67891
1754078400,3347.26,3363.41,3345.55,3363.23,28585
1754265600,3363.86,3369.11,3350.16,3352.15,16886
1754280000,3352.15,3362.13,3345.05,3358.97,24185
1754294400,3358.96,3362.62,3351.72,3358.39,26990
1754308800,3358.4,3371.43,3352.99,3367.78,29699
1754323200,3367.79,3385.33,3367.08,3370.97,43155
1754337600,3370.95,3377.05,3370.72,3374.01,17119
1754352000,3374.61,3381.28,3373.66,3379.84,9305
1754366400,3379.85,3382.37,3371.06,3371.13,17661
1754380800,3371.13,3375.44,3365.7,3366.08,24258
1754395200,3366.07,3366.95,3349.96,3366.05,29067
1754409600,3366.17,3390.36,3365.92,3382.04,45753
1754424000,3382.06,3382.74,3378.13,3380.44,16193
1754438400,3380.09,3385.45,3378.16,3383.45,8932
1754452800,3383.45,3383.58,3372.16,3372.35,19142
1754467200,3372.3,3378.66,3364.87,3365.1,22359
1754481600,3365.1,3369.21,3358.15,3367.56,26543
1754496000,3367.56,3379.95,3365.11,3376.02,41642
1754510400,3376.03,3377.54,3367.13,3368.45,23772
1754524800,3367.79,3374.91,3365.29,3372.36,20264
1754539200,3372.35,3384.21,3370.24,3377.53,32502
1754553600,3377.55,3397.43,3371.57,3378.11,53736
1754568000,3378.14,3389.63,3371.72,3380.81,54858
1754582400,3380.8,3393.77,3375.36,3388.8,63442
1754596800,3388.79,3401.78,3384.29,3395.82,40061
1754611200,3404.22,3408.84,3387.82,3389.87,39522
1754625600,3389.91,3399.18,3381.16,3394.33,56383
1754640000,3394.32,3404.22,3388.67,3394.34,60641
1754654400,3394.35,3401.9,3380.4,3391.49,82370
1754668800,3391.54,3401.63,3381.22,3397.52,66331
1754683200,3397.51,3404.2,3376.38,3397.14,55743
1754870400,3397.07,3405.13,3381.57,3381.59,21692
1754884800,3381.58,3383.97,3367.79,3375.86,41319
1754899200,3375.87,3380.04,3357.26,3361.9,45287
1754913600,3361.91,3363.77,3344.42,3356.84,45726
1754928000,3356.84,3362.79,3341.42,3344.12,48199
1754942400,3344.14,3358.81,3341.34,3342.25,31221
1754956800,3343.75,3355.69,3340.97,3354.46,12580
1754971200,3354.47,3357.36,3346.22,3354.37,25659
1754985600,3354.38,3358.1,3342.29,3347.89,30457
1755000000,3347.89,3358.02,3336.04,3349.87,37664
1755014400,3349.86,3359.05,3331.1,3349.44,66452
1755028800,3349.44,3350.77,3345.57,3348.27,21574
1755043200,3346.97,3353.69,3342.71,3343.53,10893
1755057600,3343.54,3354.34,3342.87,3351.83,23654
1755072000,3351.82,3363.39,3345.71,3360.2,28402
1755086400,3360.2,3367.05,3355.52,3358.09,28138
1755100800,3358.08,3370.75,3354.16,3357.89,35169
1755115200,3357.89,3359.34,3349.98,3355.9,13932
1755129600,3356.03,3375.02,3355.99,3369.57,13526
1755144000,3369.55,3370.9,3355.35,3360.42,27670
1755158400,3360.42,3366.34,3341.52,3346.15,34696
1755172800,3346.15,3359.08,3341.95,3350.59,34749
1755187200,3350.55,3355.98,3329.8,3334.37,52181
1755201600,3334.36,3341.0,3331.9,3334.72,16334
1755216000,3336.06,3338.7,3332.2,3337.12,10621
1755230400,3337.12,3346.57,3333.34,3345.45,22167
1755244800,3345.45,3348.64,3338.38,3341.19,25442
1755259200,3341.19,3344.87,3333.54,3342.64,31047
1755273600,3342.65,3345.92,3332.83,3338.16,37869
1755288000,3338.18,3339.58,3334.43,3336.04,16096
1755475200,3336.22,3342.73,3323.56,3340.6,16755
1755489600,3340.58,3358.16,3339.64,3357.49,23767
1755504000,3357.49,3358.36,3344.57,3348.65,27604
1755518400,3348.64,3351.64,3343.13,3344.72,21902
1755532800,3344.74,3344.91,3331.75,3334.29,33825
1755547200,3334.31,3334.83,3330.23,3332.87,12856
1755561600,3332.87,3339.16,3326.03,3335.13,12633
1755576000,3335.14,3341.58,3329.53,3337.69,25797
1755590400,3337.68,3341.72,3334.44,3337.98,22105
1755604800,3337.98,3345.26,3334.3,3334.74,21983
1755619200,3334.77,3339.25,3317.01,3317.44,43392
1755633600,3317.44,3320.21,3314.88,3315.57,18772
1755648000,3315.36,3317.49,3312.77,3315.99,10573
1755662400,3316.0,3320.92,3311.51,3318.67,24551
1755676800,3318.67,3327.53,3318.16,3324.88,23452
1755691200,3324.9,3344.83,3323.5,3342.87,29668
1755705600,3342.85,3350.22,3338.9,3345.09,33844
1755720000,3345.09,3349.21,3344.01,3347.85,16579
1755734400,3349.84,3352.02,3341.44,3342.29,10996
1755748800,3342.29,3346.3,3337.95,3338.23,18807
1755763200,3338.24,3341.45,3334.27,3339.59,20711
1755777600,3339.59,3345.04,3325.17,3341.91,29926
1755792000,3341.89,3348.03,3336.1,3339.7,42087
1755806400,3339.71,3342.05,3336.61,3338.43,12239
1755820800,3338.28,3340.53,3335.05,3339.53,8364
1755835200,3339.56,3340.18,3327.99,3328.41,20149
1755849600,3328.41,3335.0,3325.36,3328.71,23648
1755864000,3328.72,3331.66,3321.42,3323.47,23525
1755878400,3323.46,3378.79,3323.19,3370.57,58575
1755892800,3370.56,3375.5,3368.89,3371.83,17502
1756080000,3369.87,3372.02,3363.26,3364.84,11562
1756094400,3364.85,3368.08,3359.8,3366.05,19028
1756108800,3366.04,3369.78,3363.05,3363.91,16192
1756123200,3363.91,3371.47,3361.97,3364.47,16096
1756137600,3364.47,3376.21,3362.16,3373.77,29839
1756152000,3373.78,3374.8,3364.2,3365.74,14337
1756166400,3365.62,3386.41,3351.26,3383.24,26680
1756180800,3383.27,3384.85,3369.79,3377.35,32978
1756195200,3377.35,3379.81,3367.26,3376.62,30986
1756209600,3376.61,3380.2,3367.26,3371.92,33183
1756224000,3371.91,3389.37,3370.37,3382.97,41710
1756238400,3382.98,3393.28,3380.29,3392.95,17383
1756252800,3392.67,3394.22,3388.75,3389.63,12492
1756267200,3389.62,3389.98,3373.87,3374.96,25350
1756281600,3374.98,3384.98,3373.78,3384.51,26926
1756296000,3384.51,3385.41,3373.82,3381.13,29247
1756310400,3381.16,3398.83,3375.55,3395.44,37972
1756324800,3395.45,3397.42,3392.3,3397.37,16955
1756339200,3398.93,3399.49,3391.34,3391.96,12528
1756353600,3391.96,3392.87,3384.59,3390.12,27462
1756368000,3390.13,3401.03,3387.67,3400.71,28139
1756382400,3400.71,3408.73,3393.95,3397.15,34869
1756396800,3397.15,3417.71,3394.29,3415.5,45320
1756411200,3415.48,3423.14,3414.65,3417.32,25198
1756425600,3417.57,3418.38,3413.08,3413.5,10358
1756440000,3413.5,3413.93,3407.58,3408.88,27494
1756454400,3408.9,3414.81,3406.57,3410.3,25485
1756468800,3410.32,3416.82,3404.36,3416.48,31014
1756483200,3416.49,3449.32,3413.67,3449.17,55950
1756497600,3449.13,3453.84,3440.97,3448.14,32721
1756684800,3448.31,3452.5,3442.5,3444.11,15512
1756699200,3444.08,3486.05,3437.11,3475.06,54768
1756713600,3475.06,3489.88,3467.85,3476.98,46347
1756728000,3476.98,3477.11,3466.37,3469.45,41248
1756742400,3469.45,3481.25,3468.89,3477.31,29387
1756756800,3477.32,3477.44,3476.25,3476.48,334
1756771200,3477.04,3485.06,3474.54,3479.25,21419
1756785600,3479.25,3508.65,3476.94,3496.72,50976
1756800000,3496.71,3497.79,3470.27,3477.59,53872
1756814400,3477.59,3494.06,3474.01,3482.14,59355
1756828800,3482.12,3528.71,3478.29,3527.69,78075
1756843200,3527.69,3540.15,3521.87,3534.32,36686
1756857600,3532.87,3546.8,3526.31,3536.1,22811
1756872000,3536.11,3545.94,3529.35,3536.85,43850
1756886400,3536.85,3541.25,3526.92,3540.04,41317
1756900800,3540.04,3551.44,3532.36,3550.38,47423
1756915200,3550.37,3572.52,3549.42,3572.43,70503
1756929600,3572.44,3578.44,3559.62,3560.59,45107
1756944000,3559.9,3564.19,3552.12,3561.56,28036
1756958400,3561.56,3563.42,3511.43,3533.06,56086
1756972800,3533.06,3545.46,3524.6,3541.23,46627
1756987200,3541.23,3554.0,3536.68,3548.3,50636
1757001600,3548.29,3558.79,3535.06,3552.51,68471
1757016000,3552.5,3555.33,3542.6,3545.4,25997
1757030400,3545.45,3556.44,3539.78,3552.1,20818
1757044800,3552.09,3559.1,3546.11,3558.45,34096
1757059200,3558.46,3561.14,3544.76,3546.02,36273
1757073600,3546.03,3586.78,3545.96,3580.24,50854
1757088000,3580.28,3600.07,3573.03,3595.27,92634
1757102400,3595.28,3597.42,3586.46,3587.36,37321
1757289600,3580.87,3596.64,3578.57,3594.17,36488
1757304000,3594.16,3597.04,3579.63,3581.52,49223
1757318400,3581.55,3617.25,3581.2,3611.32,46523
1757332800,3611.31,3626.12,3608.67,3624.18,42042
1757347200,3624.22,3646.32,3620.47,3640.58,73072
1757361600,3640.57,3641.07,3631.73,3636.75,30245
1757376000,3635.29,3640.86,3628.19,3638.54,21157
1757390400,3638.55,3657.04,3635.94,3655.04,47928
1757404800,3655.02,3659.21,3636.51,3648.17,55240
1757419200,3648.17,3656.57,3643.8,3647.42,44302
1757433600,3647.46,3674.54,3626.81,3644.93,90235
1757448000,3644.93,3646.4,3626.65,3627.61,33572
1757462400,3619.97,3640.74,3618.15,3623.96,28260
1757476800,3623.93,3643.25,3620.22,3642.98,40894
1757491200,3642.97,3648.36,3639.94,3645.82,39198
1757505600,3645.82,3657.49,3640.38,3644.03,50962
1757520000,3644.01,3655.25,3638.39,3642.82,61777
1757534400,3642.8,3649.64,3634.94,3640.92,28508
1757548800,3641.86,3647.09,3638.11,3643.9,16697
1757563200,3643.9,3649.06,3629.65,3630.61,32381
1757577600,3630.63,3637.97,3622.57,3626.17,43510
1757592000,3626.18,3644.03,3612.8,3628.86,52647
1757606400,3628.87,3641.86,3618.38,3636.17,69978
1757620800,3636.18,3637.59,3630.21,3633.61,25909
1757635200,3632.87,3638.19,3630.54,3636.55,13632
1757649600,3636.56,3655.94,3636.56,3654.87,37370
1757664000,3654.87,3656.59,3639.67,3641.07,38146
1757678400,3641.05,3652.12,3637.74,3645.36,45784
1757692800,3645.36,3654.19,3641.97,3649.13,54415
1757707200,3649.12,3650.53,3641.36,3643.38,25704
1757894400,3641.75,3646.36,3632.03,3633.3,17252
1757908800,3633.33,3646.79,3626.67,3645.58,33449
1757923200,3645.6,3646.19,3633.73,3645.43,36898
1757937600,3645.42,3650.96,3635.79,3650.28,44702
1757952000,3650.28,3685.52,3646.72,3679.17,66492
1757966400,3679.17,3682.72,3675.82,3680.47,31160
1757980800,3679.3,3686.77,3676.08,3686.32,17167
1757995200,3686.34,3689.38,3674.67,3684.31,37112
1758009600,3684.3,3697.15,3680.31,3694.28,40105
1758024000,3694.26,3699.45,3686.49,3689.2,49463
1758038400,3689.21,3703.11,3678.86,3689.68,83915
1758052800,3689.67,3693.75,3686.35,3690.23,28161
1758067200,3689.67,3695.3,3689.14,3691.5,14224
1758081600,3691.47,3692.11,3674.28,3680.73,42507
1758096000,3680.74,3685.85,3662.44,3664.82,51492
1758110400,3664.8,3679.3,3659.6,3678.66,52920
1758124800,3678.67,3688.51,3672.85,3684.64,58574
1758139200,3684.67,3707.36,3646.08,3658.94,95943
1758153600,3660.28,3671.98,3655.63,3665.17,25320
1758168000,3665.19,3668.69,3651.99,3653.68,47004
1758182400,3653.68,3665.62,3633.79,3665.52,63180
1758196800,3665.52,3672.92,3662.5,3663.34,45985
1758211200,3663.35,3664.18,3627.76,3646.54,81082
1758225600,3646.54,3647.13,3640.54,3644.27,28714
1758240000,3643.41,3644.21,3636.29,3640.03,13985
1758254400,3640.03,3660.07,3632.15,3658.89,44739
1758268800,3658.89,3661.19,3643.32,3655.66,44041
1758283200,3655.65,3659.13,3644.6,3649.21,36391
1758297600,3649.2,3676.07,3643.73,3668.26,68211
1758312000,3668.26,3685.16,3668.09,3684.9,31611
1758499200,3685.67,3692.35,3683.68,3690.68,20254
1758513600,3690.68,3697.43,3685.5,3692.19,40698
1758528000,3692.18,3722.61,3691.82,3720.42,48126
1758542400,3720.43,3728.22,3711.89,3721.62,46020
1758556800,3721.63,3739.57,3713.76,3737.11,71721
1758571200,3737.12,3748.73,3737.12,3746.98,30299
1758585600,3746.07,3751.3,3738.22,3747.19,20291
1758600000,3747.21,3759.35,3736.85,3744.73,52421
1758614400,3744.74,3775.14,3743.12,3774.25,50967
1758628800,3774.24,3791.14,3774.19,3784.29,58056
1758643200,3784.32,3788.77,3764.82,3779.14,77731
1758657600,3779.14,3785.6,3751.72,3763.55,51193
1758672000,3764.39,3770.24,3758.62,3765.21,20007
1758686400,3765.22,3771.83,3750.69,3768.19,46852
1758700800,3768.18,3779.18,3767.05,3770.11,42305
1758715200,3770.11,3771.68,3759.71,3768.02,44055
1758729600,3768.0,3773.06,3732.2,3735.77,79910
1758744000,3735.72,3738.75,3717.47,3736.68,38717
1758758400,3736.92,3751.62,3736.74,3748.98,21383
1758772800,3748.97,3750.46,3729.22,3738.06,40352
1758787200,3738.07,3761.6,3734.14,3756.25,47873
1758801600,3756.24,3760.97,3730.52,3738.79,57714
1758816000,3738.82,3745.4,3721.83,3733.78,80008
1758830400,3733.8,3758.18,3732.4,3751.29,43927
1758844800,3749.65,3751.58,3737.98,3749.53,22779
1758859200,3749.55,3753.34,3734.5,3747.68,40259
1758873600,3747.67,3755.12,3739.21,3752.93,44898
1758888000,3752.92,3757.47,3742.98,3752.07,44398
1758902400,3752.08,3783.81,3751.35,3774.19,86165
1758916800,3774.2,3783.12,3761.11,3761.19,41200
1759104000,3758.67,3787.41,3755.54,3787.07,27045
1759118400,3787.07,3808.76,3767.84,3805.03,66303
1759132800,3805.01,3819.79,3801.29,3818.77,64920
1759147200,3818.76,3831.36,3806.52,3813.79,59872
1759161600,3813.8,3833.54,3809.12,3830.25,77889
1759176000,3830.25,3833.18,3822.61,3832.84,38141
1759190400,3833.34,3840.42,3825.57,3838.89,20752
1759204800,3838.86,3867.18,3837.95,3867.16,52561
1759219200,3867.14,3871.62,3807.55,3816.28,74145
1759233600,3816.28,3821.61,3793.17,3819.32,68241
1759248000,3819.34,3854.44,3811.43,3845.95,84861
1759262400,3845.97,3860.74,3839.67,3859.65,36578
1759276800,3859.06,3865.31,3854.61,3860.62,19538
1759291200,3860.6,3875.58,3855.46,3864.87,44025
1759305600,3864.85,3895.38,3853.34,3892.98,58285
1759320000,3892.99,3895.21,3864.55,3870.39,60576
1759334400,3870.39,3878.77,3855.85,3870.86,88382
1759348800,3870.87,3871.86,3854.84,3863.95,44357
1759363200,3865.47,3870.34,3855.8,3856.03,22293
1759377600,3856.02,3869.98,3852.6,3864.21,30390
1759392000,3864.21,3878.65,3861.57,3874.61,45744
1759406400,3874.61,3891.96,3873.33,3884.44,47800
1759420800,3884.5,3897.12,3819.22,3844.8,111151
1759435200,3844.79,3859.25,3840.66,3855.4,41859
1759449600,3854.7,3863.78,3852.19,3856.91,18415
1759464000,3856.9,3862.51,3838.06,3843.99,41907
1759478400,3844.01,3865.62,3843.92,3864.76,40453
1759492800,3864.74,3874.9,3854.51,3873.76,48332
1759507200,3873.77,3891.55,3866.33,3883.65,92608
1759521600,3883.66,3889.19,3876.9,3886.69,46461
1759708800,3887.17,3920.97,3884.17,3900.33,45180
1759723200,3900.35,3940.27,3899.65,3938.63,51856
1759737600,3938.64,3949.59,3922.49,3942.47,75480
1759752000,3942.44,3946.88,3926.58,3934.1,67356
1759766400,3934.21,3969.84,3927.19,3953.97,89327
1759780800,3954.03,3964.91,3951.15,3961.29,39490
1759795200,3959.75,3977.46,3958.26,3962.79,38169
1759809600,3962.8,3976.85,3955.79,3975.96,43397
1759824000,3975.93,3976.8,3940.87,3951.29,68549
1759838400,3951.29,3980.04,3951.03,3979.43,53928
1759852800,3979.44,3990.97,3961.85,3976.52,101900
1759867200,3976.54,3987.67,3974.14,3986.35,50248
1759881600,3983.75,3999.2,3983.12,3992.24,24048
1759896000,3992.26,4027.18,3984.59,4026.71,52965
1759910400,4026.71,4040.38,4021.4,4036.31,60196
1759924800,4036.3,4049.58,4030.86,4040.01,60909
1759939200,4039.99,4059.21,4026.46,4056.53,90618
1759953600,4056.55,4058.12,4032.04,4041.22,64310
1759968000,4036.57,4038.24,4001.27,4022.86,43423
1759982400,4022.9,4041.01,4002.38,4039.01,68731
1759996800,4039.01,4043.67,4022.74,4038.12,60756
1760011200,4038.1,4053.74,4033.47,4053.45,56940
1760025600,4053.45,4057.94,3963.91,3968.63,131542
1760040000,3968.67,3982.28,3944.34,3976.05,83378
1760054400,3974.19,3994.37,3958.36,3991.0,30897
1760068800,3990.96,3992.43,3946.76,3966.35,67974
1760083200,3966.36,3994.85,3952.6,3991.99,81864
1760097600,3992.01,4006.73,3980.26,3985.69,76784
1760112000,3985.69,4022.54,3970.63,3983.35,124199
1760126400,3983.35,4021.25,3974.94,4018.86,75945
1760313600,4007.26,4060.32,3992.95,4043.81,53976
1760328000,4043.79,4059.35,4035.83,4056.33,57559
1760342400,4056.34,4079.27,4054.77,4077.73,70370
1760356800,4077.74,4085.63,4070.38,4079.61,60416
1760371200,4079.63,4116.99,4078.21,4105.66,88790
1760385600,4105.69,4115.29,4090.7,4112.11,52699
1760400000,4110.39,4132.08,4106.52,4124.41,35479
1760414400,4124.51,4169.98,4123.03,4168.12,75221
1760428800,4168.09,4179.62,4090.55,4143.9,104025
1760443200,4143.93,4144.25,4103.56,4106.58,77674
1760457600,4106.66,4155.37,4097.65,4140.47,106228
1760472000,4140.44,4152.85,4134.31,4144.57,60161
1760486400,4141.97,4169.62,4140.6,4162.51,31852
1760500800,4162.52,4190.64,4162.03,4179.71,59078
1760515200,4179.71,4218.11,4176.59,4208.1,57064
1760529600,4208.12,4211.97,4164.43,4190.36,68340
1760544000,4190.35,4212.36,4179.57,4198.97,90880
1760558400,4198.98,4213.09,4182.59,4207.15,56430
1760572800,4209.0,4227.19,4199.6,4210.61,32258
1760587200,4210.64,4242.27,4210.64,4233.4,56286
1760601600,4233.43,4235.73,4203.46,4232.85,66753
1760616000,4232.86,4251.17,4222.15,4235.93,58321
1760630400,4235.93,4291.9,4234.77,4282.64,100946
1760644800,4282.63,4330.36,4273.52,4329.33,74548
1760659200,4330.94,4379.56,4327.28,4358.37,56753
1760673600,4358.27,4377.01,4278.65,4376.24,90927
1760688000,4376.23,4378.48,4309.26,4347.76,96984
1760702400,4347.73,4348.46,4283.63,4314.45,94621
1760716800,4314.48,4317.66,4200.84,4204.79,137150
1760731200,4204.79,4250.18,4186.27,4247.22,83686
1760918400,4246.09,4274.37,4219.02,4249.49,46705
1760932800,4249.51,4271.14,4229.79,4266.34,65083
1760947200,4266.33,4266.59,4221.61,4258.64,73745
1760961600,4258.66,4327.06,4245.63,4323.65,73011
1760976000,4323.67,4355.81,4292.55,4347.8,102726
1760990400,4347.83,4381.55,4337.49,4356.37,67144
1761004800,4354.42,4375.38,4352.23,4368.86,35838
1761019200,4368.84,4372.18,4333.03,4341.99,67118
1761033600,4341.98,4344.25,4244.59,4273.86,92615
1761048000,4273.87,4277.98,4205.93,4211.09,88595
1761062400,4211.08,4225.33,4080.27,4113.46,142888
1761076800,4113.49,4130.89,4093.58,4125.72,80028
1761091200,4123.84,4132.55,4004.18,4075.11,54322
1761105600,4075.12,4142.95,4064.57,4128.14,64858
1761120000,4128.15,4161.21,4059.7,4070.51,82096
1761134400,4070.52,4101.77,4015.08,4033.72,94789
1761148800,4033.75,4085.15,4010.89,4059.28,120444
1761163200,4059.26,4113.5,4043.94,4100.4,71059
1761177600,4094.91,4116.44,4065.86,4081.77,43958
1761192000,4081.97,4100.72,4071.83,4089.73,58196
1761206400,4089.71,4137.65,4083.87,4116.1,75580
1761220800,4116.12,4129.39,4100.11,4127.23,70080
1761235200,4126.98,4154.66,4125.52,4132.94,93485
1761249600,4132.95,4143.36,4107.33,4121.65,53124
1761264000,4127.62,4133.63,4105.74,4132.56,26107
1761278400,4132.58,4144.11,4102.87,4111.75,48333
1761292800,4111.76,4118.03,4047.49,4065.25,67593
1761307200,4065.23,4093.94,4043.88,4082.01,68303
1761321600,4082.02,4138.45,4079.14,4129.22,97727
1761336000,4129.24,4134.27,4096.18,4113.01,56127
1761523200,4102.5,4109.16,4058.1,4081.75,65550
1761537600,4081.76,4084.46,4053.67,4079.64,59574
1761552000,4079.63,4084.56,4023.74,4039.67,69196
1761566400,4039.67,4050.0,4013.18,4021.86,83593
1761580800,4021.85,4023.26,3971.26,4006.49,96306
1761595200,4006.46,4010.13,3979.05,3980.13,43090
1761609600,3983.95,4019.72,3972.87,4011.04,48869
1761624000,4011.03,4013.98,3959.04,3966.52,55686
1761638400,3966.52,3968.59,3886.59,3904.76,80814
1761652800,3904.74,3940.43,3899.91,3938.68,87623
1761667200,3938.66,3970.28,3934.67,3962.47,85267
1761681600,3962.44,3964.01,3945.13,3950.02,38696
1761696000,3954.89,3982.11,3915.21,3973.71,55420
1761710400,3973.69,3974.42,3944.47,3962.54,56243
1761724800,3962.51,4029.49,3959.74,4024.05,71765
1761739200,4024.03,4030.29,4002.56,4012.31,78919
1761753600,4012.27,4022.38,3985.43,3994.64,74895
1761768000,3994.59,4007.23,3928.0,3929.46,78608
1761782400,3930.33,3966.37,3915.35,3947.92,56332
1761796800,3947.92,3982.1,3915.09,3963.65,72841
1761811200,3963.65,4011.87,3955.84,3998.54,71898
1761825600,3998.01,4000.97,3959.9,3995.0,85282
1761840000,3995.01,4017.83,3986.53,4004.84,86566
1761854400,4004.89,4027.56,4000.27,4024.71,41420
1761868800,4024.24,4046.3,4013.04,4018.88,55739
1761883200,4018.89,4019.17,3989.17,4005.08,64653
1761897600,4005.1,4026.76,3998.9,4008.46,63866
1761912000,4008.45,4036.34,4001.75,4016.64,72851
1761926400,4016.71,4027.38,3972.43,3997.67,92985
1761940800,3997.67,4010.18,3991.26,4003.51,36946
1762128000,3980.68,4001.69,3962.35,3995.86,45844
1762142400,3995.82,4018.66,3990.36,4014.04,54677
1762156800,4014.05,4027.63,3992.89,4000.74,63558
1762171200,4000.78,4020.63,3994.16,4016.08,62960
1762185600,4016.08,4030.78,3995.07,4006.17,89877
1762200000,4006.17,4014.75,3994.79,4001.71,44804
1762214400,4001.64,4005.77,3977.83,3987.37,41036
1762228800,3987.37,3999.36,3973.01,3973.44,59413
1762243200,3973.43,4000.67,3966.79,3991.15,65844
1762257600,3991.14,4000.23,3971.85,3975.7,59677
1762272000,3975.7,3977.63,3928.73,3955.05,92597
1762286400,3955.03,3956.82,3930.46,3933.09,57943
1762300800,3931.93,3949.46,3928.86,3937.07,42016
1762315200,3937.05,3978.49,3935.44,3964.81,52221
1762329600,3964.82,3987.17,3961.89,3971.75,56840
1762344000,3971.75,3979.67,3955.9,3975.79,55141
1762358400,3975.79,3990.5,3963.6,3982.0,75919
1762372800,3982.02,3990.14,3978.91,3979.25,33916
1762387200,3979.42,3979.47,3964.62,3976.57,32184
1762401600,3976.58,3991.07,3974.17,3987.74,39536
1762416000,3987.79,4016.68,3982.12,4011.0,52805
1762430400,4011.0,4019.54,4003.06,4012.08,50720
1762444800,4012.09,4013.81,3965.72,3986.39,96122
1762459200,3986.38,3995.21,3976.49,3977.22,51007
1762473600,3976.3,4002.75,3974.23,4001.76,27191
1762488000,4001.74,4003.57,3985.4,3995.19,35817
1762502400,3995.18,4014.3,3992.39,4006.47,42621
1762516800,4006.46,4012.31,3991.2,3997.68,55940
1762531200,3997.67,4027.73,3984.12,4005.38,91000
1762545600,4005.4,4008.99,3994.13,4001.42,46168
1762732800,4000.38,4053.29,3997.86,4044.01,42226
1762747200,4043.99,4069.66,4037.54,4069.15,46216
1762761600,4069.16,4086.02,4067.06,4076.63,56097
1762776000,4076.63,4105.76,4075.71,4091.71,60565
1762790400,4091.7,4102.48,4074.64,4102.39,81290
1762804800,4102.38,4116.63,4101.43,4116.06,46190
1762819200,4115.42,4140.98,4114.64,4136.27,39914
1762833600,4136.26,4148.66,4124.16,4130.96,49945
1762848000,4130.94,4146.14,4124.81,4141.89,51510
1762862400,4141.86,4146.59,4133.24,4142.42,48436
1762876800,4142.46,4143.11,4097.11,4114.31,84418
1762891200,4114.32,4132.01,4106.74,4126.85,42825
1762905600,4125.98,4145.37,4125.41,4131.57,39993
1762920000,4131.58,4135.4,4098.98,4104.66,55115
1762934400,4104.66,4133.63,4103.22,4124.63,61822
1762948800,4124.63,4139.74,4118.01,4127.06,66482
1762963200,4127.07,4206.4,4125.15,4199.25,110336
1762977600,4199.25,4211.85,4190.86,4196.45,62128
1762992000,4201.96,4209.33,4179.47,4192.36,49117
1763006400,4192.35,4219.56,4183.61,4212.07,66934
1763020800,4212.07,4239.56,4203.26,4233.13,63818
1763035200,4233.11,4245.34,4219.44,4231.83,68097
1763049600,4231.82,4232.42,4184.69,4201.73,106282
1763064000,4201.81,4203.24,4145.27,4171.49,76448
1763078400,4170.33,4193.68,4170.02,4190.08,46818
1763092800,4190.09,4211.67,4184.0,4189.91,64476
1763107200,4189.91,4193.24,4158.77,4169.24,75970
1763121600,4169.25,4170.91,4040.8,4055.9,96461
1763136000,4055.89,4111.34,4032.08,4099.83,108731
1763150400,4099.81,4103.61,4075.28,4085.08,61653
1763337600,4085.61,4106.83,4074.41,4091.2,46888
1763352000,4091.18,4093.65,4049.65,4058.37,61283
1763366400,4058.36,4095.87,4054.49,4082.07,62683
1763380800,4082.19,4092.17,4060.4,4065.31,63712
1763395200,4065.26,4082.0,4052.19,4073.38,87989
1763409600,4073.41,4076.29,4006.96,4044.97,70152
1763424000,4043.85,4055.5,4022.23,4025.04,45718
1763438400,4025.04,4035.92,4005.14,4018.86,63853
1763452800,4018.88,4047.1,3998.23,4040.16,66329
1763467200,4040.18,4070.28,4028.71,4065.21,66610
1763481600,4065.19,4082.06,4040.41,4071.35,109939
1763496000,4071.44,4082.3,4063.12,4067.16,58258
1763510400,4067.48,4078.5,4056.2,4059.04,35057
1763524800,4059.04,4097.44,4055.45,4095.46,55458
1763539200,4095.48,4116.35,4078.13,4113.34,59737
1763553600,4113.36,4120.06,4100.77,4110.38,70002
1763568000,4110.39,4132.53,4055.57,4078.9,119744
1763582400,4078.87,4091.23,4065.58,4077.64,72136
1763596800,4079.59,4110.41,4078.8,4081.36,43572
1763611200,4081.35,4085.73,4039.81,4066.69,60945
1763625600,4066.68,4077.52,4038.56,4064.16,74543
1763640000,4064.18,4096.51,4051.12,4080.21,71015
1763654400,4080.17,4107.24,4043.72,4066.06,133437
1763668800,4066.07,4087.38,4056.25,4078.25,73856
1763683200,4075.15,4088.77,4060.53,4068.43,38939
1763697600,4068.39,4079.92,4039.98,4058.6,63533
1763712000,4058.61,4064.77,4022.12,4050.58,82703
1763726400,4050.57,4081.25,4031.02,4079.44,98963
1763740800,4079.44,4101.29,4054.93,4085.42,124055
1763755200,4085.43,4092.25,4054.51,4066.06,68169
1763942400,4071.85,4077.68,4042.51,4044.2,39953
1763956800,4044.17,4061.22,4039.51,4046.31,51779
1763971200,4046.33,4074.27,4045.19,4071.89,65668
1763985600,4071.89,4086.07,4063.04,4077.7,61008
1764000000,4077.7,4100.35,4068.42,4092.79,87953
1764014400,4092.79,4139.94,4087.86,4137.61,51820
1764028800,4134.36,4144.59,4122.42,4134.71,39934
1764043200,4134.71,4155.61,4132.85,4150.96,50624
1764057600,4150.99,4151.96,4108.58,4128.42,71578
1764072000,4128.43,4150.88,4115.66,4147.74,72635
1764086400,4147.73,4159.31,4111.12,4146.06,95156
1764100800,4146.07,4150.9,4127.3,4130.97,49395
1764115200,4131.1,4152.85,4129.77,4148.48,27972
1764129600,4148.43,4169.32,4147.29,4162.25,50160
1764144000,4162.21,4168.53,4146.61,4162.71,55671
1764158400,4162.71,4173.59,4148.35,4153.16,68253
1764172800,4153.17,4169.69,4136.22,4167.1,84417
1764187200,4167.16,4171.68,4157.67,4164.32,46787
1764201600,4165.59,4168.89,4148.72,4154.23,27700
1764216000,4154.25,4156.14,4142.57,4147.21,41003
1764230400,4147.21,4167.14,4147.13,4158.68,60287
1764244800,4158.68,4162.41,4148.99,4154.91,48942
1764259200,4154.92,4161.79,4151.15,4157.71,44863
1764273600,4157.71,4158.41,4155.75,4156.99,3400
1764288000,4157.11,4192.98,4157.11,4191.07,34037
1764302400,4191.05,4191.95,4172.51,4182.63,28971
1764316800,4182.52,4188.54,4154.51,4165.36,9206
1764331200,4165.42,4182.81,4160.76,4182.48,42717
1764345600,4182.5,4216.86,4182.5,4216.73,88826
1764360000,4216.73,4217.25,4215.52,4216.6,397
1764547200,4222.97,4255.95,4206.03,4255.12,64403
1764561600,4255.1,4256.32,4215.27,4229.55,78664
1764576000,4229.56,4253.63,4226.12,4249.93,74112
1764590400,4249.95,4264.62,4244.06,4247.07,84667
1764604800,4247.09,4249.45,4219.19,4232.37,120457
1764619200,4232.4,4244.68,4229.22,4233.04,60003
1764633600,4230.7,4236.04,4190.24,4219.64,50132
1764648000,4219.62,4226.1,4213.46,4224.97,56153
1764662400,4225.0,4226.3,4180.15,4191.77,67348
1764676800,4191.73,4215.23,4181.65,4212.27,65505
1764691200,4212.27,4230.74,4163.19,4193.92,115060
1764705600,4193.89,4212.36,4183.08,4206.72,49585
1764720000,4207.12,4221.05,4202.7,4214.02,48225
1764734400,4214.02,4228.83,4203.15,4207.82,58026
1764748800,4207.85,4211.84,4196.76,4202.04,66403
1764763200,4202.03,4238.87,4194.54,4237.04,72684
1764777600,4237.03,4241.61,4195.67,4211.0,110100
1764792000,4211.01,4212.63,4195.14,4203.47,52388
1764806400,4203.19,4216.74,4202.23,4209.12,41285
1764820800,4209.11,4209.11,4174.9,4181.05,68075
1764835200,4181.1,4202.46,4178.54,4199.8,75603
1764849600,4199.8,4206.35,4185.4,4198.15,72186
1764864000,4198.16,4219.35,4191.0,4216.47,103387
1764878400,4216.44,4217.42,4199.52,4209.63,48142
1764892800,4207.12,4210.58,4194.64,4203.05,35845
1764907200,4203.01,4221.32,4196.69,4220.5,54822
1764921600,4220.5,4230.67,4215.46,4223.31,55741
1764936000,4223.31,4238.83,4219.79,4234.52,56782
1764950400,4234.51,4258.87,4198.32,4217.61,112230
1764964800,4217.56,4219.13,4191.82,4196.32,53703
1765152000,4199.24,4211.78,4192.11,4201.15,44958
1765166400,4201.13,4217.17,4198.54,4217.02,56380
1765180800,4217.05,4218.81,4202.83,4207.94,60768
1765195200,4207.92,4215.51,4197.41,4201.57,62789
1765209600,4201.58,4211.51,4176.16,4194.83,94160
1765224000,4194.85,4195.64,4184.17,4189.41,42792
1765238400,4191.01,4197.2,4188.73,4196.11,28592
1765252800,4196.1,4198.73,4178.11,4179.74,47279
1765267200,4179.74,4212.92,4170.16,4202.89,73523
1765281600,4203.02,4208.3,4195.79,4201.21,63487
1765296000,4201.22,4221.47,4189.37,4202.96,111251
1765310400,4202.88,4216.04,4201.28,4208.44,56369
1765324800,4208.2,4218.1,4206.86,4213.8,40140
1765339200,4213.8,4218.77,4201.79,4211.4,55674
1765353600,4211.41,4211.63,4192.44,4194.39,63295
1765368000,4194.39,4205.13,4187.65,4200.78,67506
1765382400,4200.77,4206.98,4188.98,4199.76,86397
1765396800,4199.75,4238.36,4181.65,4227.74,88944
1765411200,4229.57,4247.7,4223.98,4238.25,47870
1765425600,4238.23,4240.84,4206.02,4207.45,68176
1765440000,4207.47,4221.81,4204.29,4218.52,59856
1765454400,4218.54,4225.91,4205.13,4220.96,59185
1765468800,4220.97,4281.73,4217.79,4278.64,105834
1765483200,4278.64,4285.94,4262.91,4282.31,60203
1765497600,4278.68,4283.44,4264.78,4271.06,41630
1765512000,4271.0,4280.49,4266.15,4279.2,50216
1765526400,4279.2,4320.11,4276.57,4318.29,65328
1765540800,4318.33,4346.15,4314.6,4340.98,84329
1765555200,4341.0,4353.57,4256.5,4294.3,140651
1765569600,4294.37,4304.21,4288.52,4300.5,64015
1765756800,4299.2,4324.98,4291.11,4322.43,45502
1765771200,4322.41,4344.36,4319.6,4343.51,61430
1765785600,4343.51,4350.29,4333.83,4342.55,57537
1765800000,4342.56,4348.28,4330.68,4332.03,58234
1765814400,4332.04,4336.64,4285.02,4304.58,114052
1765828800,4304.58,4317.67,4299.39,4304.38,51922
1765843200,4305.18,4317.9,4299.02,4308.78,46748
1765857600,4308.78,4312.21,4271.79,4284.17,72488
1765872000,4284.2,4291.99,4275.41,4280.36,59079
1765886400,4280.38,4313.3,4273.85,4313.03,66500
1765900800,4313.02,4334.95,4290.82,4303.53,108169
1765915200,4303.52,4315.76,4297.22,4302.36,54782
1765929600,4301.88,4326.72,4301.67,4326.56,39956
1765944000,4326.59,4342.37,4311.32,4333.93,70341
1765958400,4333.94,4337.82,4307.76,4316.93,63540
1765972800,4316.93,4343.9,4305.62,4341.95,60844
1765987200,4341.95,4349.23,4320.1,4342.52,114611
1766001600,4342.54,4346.47,4328.97,4339.28,59604
1766016000,4339.77,4343.07,4323.81,4331.53,43347
1766030400,4331.53,4337.63,4328.6,4333.2,57626
1766044800,4333.2,4337.76,4320.61,4323.37,54301
1766059200,4323.35,4342.93,4314.25,4336.5,57027
1766073600,4336.46,4374.37,4308.77,4333.07,124520
1766088000,4333.11,4340.79,4322.56,4332.87,62550
1766102400,4331.9,4336.84,4309.16,4323.31,34885
1766116800,4323.31,4328.99,4312.92,4325.9,53251
1766131200,4325.93,4333.52,4321.16,4329.36,53720
1766145600,4329.31,4335.46,4320.64,4328.43,56759
1766160000,4328.44,4356.19,4319.71,4353.48,90737
1766174400,4353.48,4356.5,4336.59,4338.58,44180
1766361600,4339.16,4384.96,4338.06,4382.96,41431
1766376000,4382.95,4409.38,4378.68,4400.13,50124
1766390400,4400.19,4420.23,4398.9,4411.1,47650
1766404800,4411.1,4427.34,4406.25,4423.51,54911
1766419200,4423.53,4442.23,4411.45,4438.4,84058
1766433600,4438.42,4449.13,4428.67,4444.94,40199
1766448000,4446.49,4490.59,4444.56,4486.76,44694
1766462400,4486.75,4497.7,4474.93,4475.24,60388
1766476800,4475.23,4493.21,4469.43,4480.42,56251
1766491200,4480.41,4497.14,4472.51,4479.1,59316
1766505600,4479.16,4479.79,4430.3,4472.63,102572
1766520000,4472.64,4500.16,4472.64,4487.64,48625
1766534400,4486.03,4525.84,4482.63,4518.58,48608
1766548800,4518.58,4519.23,4468.39,4488.62,65292
1766563200,4488.64,4498.3,4478.04,4494.56,57931
1766577600,4494.58,4499.79,4474.38,4487.79,62659
1766592000,4487.85,4489.2,4448.32,4480.48,101876
1766606400,4480.49,4481.41,4480.38,4481.12,147
1766736000,4511.01,4520.55,4509.13,4512.67,23607
1766750400,4512.67,4527.67,4502.48,4524.99,71334
1766764800,4524.99,4550.34,4509.22,4518.97,109679
1766779200,4518.98,4535.63,4514.48,4531.88,69332
1766966400,4537.88,4549.99,4471.48,4497.27,74609
1766980800,4497.23,4520.56,4496.62,4506.68,64906
1766995200,4506.76,4510.66,4444.36,4472.24,93942
1767009600,4472.27,4474.5,4406.07,4421.39,83598
1767024000,4421.38,4421.38,4300.66,4328.1,120669
1767038400,4328.1,4344.58,4322.98,4331.06,57149
1767052800,4331.69,4360.16,4322.79,4360.16,46553
1767067200,4360.15,4380.03,4348.52,4377.74,60521
1767081600,4377.72,4383.49,4350.23,4372.09,70537
1767096000,4372.06,4404.09,4367.69,4388.22,77675
1767110400,4388.22,4392.19,4354.89,4370.08,98480
1767124800,4369.94,4378.64,4336.59,4338.06,58984
1767139200,4342.41,4373.1,4327.97,4366.11,46021
1767153600,4366.14,4371.31,4275.93,4285.44,78413
1767168000,4285.48,4337.17,4274.0,4325.73,67246
1767182400,4325.73,4348.37,4302.95,4345.88,59945
1767196800,4345.86,4353.49,4317.08,4321.8,84837
1767211200,4321.82,4331.37,4318.71,4323.94,12691
1767340800,4382.71,4397.43,4380.33,4385.51,24476
1767355200,4385.52,4402.5,4361.09,4365.98,57429
1767369600,4365.96,4373.44,4314.44,4322.94,102131
1767384000,4322.92,4333.32,4309.38,4333.03,53600
1767571200,4349.97,4420.22,4345.81,4401.81,59403
1767585600,4401.84,4414.36,4388.03,4412.36,59144
1767600000,4412.33,4438.09,4411.28,4434.9,56082
1767614400,4434.89,4439.81,4395.31,4416.78,72565
1767628800,4416.79,4455.52,4416.79,4443.54,93570
1767643200,4443.52,4449.45,4434.63,4448.53,46338
1767657600,4452.15,4460.3,4426.8,4450.41,41702
1767672000,4450.33,4474.16,4448.7,4452.66,53668
1767686400,4452.65,4475.69,4444.58,4446.33,57269
1767700800,4446.39,4470.28,4442.14,4467.94,56848
1767715200,4467.95,4491.52,4462.49,4489.5,89532
1767729600,4489.49,4497.37,4476.87,4495.17,49251
1767744000,4494.18,4500.43,4460.8,4465.59,43415
1767758400,4465.58,4480.26,4442.94,4454.19,62554
1767772800,4454.23,4474.53,4440.45,4463.37,58041
1767787200,4463.38,4467.86,4427.2,4453.0,65843
1767801600,4453.0,4468.29,4423.56,4451.87,91980
1767816000,4451.89,4461.61,4445.28,4455.82,49453
1767830400,4460.23,4466.36,4441.19,4448.42,38347
1767844800,4448.43,4449.59,4415.37,4425.47,64460
1767859200,4425.46,4440.02,4415.82,4432.64,66091
1767873600,4432.65,4436.27,4406.82,4423.77,67774
1767888000,4423.77,4465.31,4418.51,4463.44,98415
1767902400,4463.45,4479.55,4444.08,4477.46,53562
1767916800,4478.99,4484.29,4452.85,4468.96,37433
1767931200,4468.94,4476.47,4457.86,4468.11,45482
1767945600,4468.17,4477.63,4463.82,4471.14,45847
1767960000,4471.14,4491.61,4457.93,4482.64,58089
1767974400,4482.67,4517.03,4479.11,4484.43,99829
1767988800,4484.35,4511.34,4482.9,4509.95,45858
1768176000,4519.93,4600.63,4510.81,4570.22,65144
1768190400,4570.21,4585.17,4561.73,4580.94,61022
1768204800,4580.93,4599.24,4569.55,4589.14,59883
1768219200,4589.18,4620.29,4578.35,4615.7,64349
1768233600,4615.7,4630.03,4584.76,4616.41,96639
1768248000,4616.41,4618.95,4589.08,4592.41,54415
1768262400,4594.3,4607.72,4574.94,4577.9,47011
1768276800,4577.89,4602.16,4576.81,4592.2,53788
1768291200,4592.18,4597.04,4572.44,4585.95,53052
1768305600,4585.94,4620.99,4577.83,4611.45,59851
1768320000,4611.43,4634.62,4586.76,4590.31,102009
1768334400,4590.31,4601.99,4569.28,4587.25,66509
1768348800,4587.47,4619.97,4587.47,4619.12,38883
1768363200,4619.14,4640.07,4613.7,4619.88,58854
1768377600,4619.88,4639.74,4618.53,4630.37,60954
1768392000,4630.34,4641.87,4623.58,4635.73,65490
1768406400,4635.76,4638.52,4598.8,4614.12,108046
1768420800,4614.12,4642.66,4612.68,4626.95,71274
1768435200,4630.43,4632.3,4583.66,4600.08,54532
1768449600,4600.07,4614.61,4580.97,4595.2,76080
1768464000,4595.19,4613.55,4593.55,4612.59,58379
1768478400,4612.59,4623.02,4581.45,4588.33,65981
1768492800,4588.37,4624.79,4583.34,4616.45,96239
1768507200,4616.45,4621.63,4600.73,4615.16,53526
1768521600,4615.48,4620.94,4594.0,4600.45,41840
1768536000,4600.44,4616.18,4591.27,4611.46,51612
1768550400,4611.48,4612.29,4593.54,4600.16,53081
1768564800,4600.13,4616.2,4582.51,4601.87,64762
1768579200,4601.89,4620.53,4536.21,4581.33,111238
1768593600,4581.36,4598.17,4579.89,4595.49,53472
1768780800,4626.85,4690.35,4617.3,4657.29,65026
1768795200,4657.26,4674.02,4653.05,4669.95,50877
1768809600,4669.95,4678.95,4661.58,4668.43,47923
1768824000,4668.42,4673.56,4659.39,4666.13,44528
1768838400,4666.14,4676.91,4661.56,4675.23,44501
1768867200,4671.86,4676.9,4659.51,4669.65,33807
1768881600,4669.65,4716.61,4665.59,4714.05,59521
1768896000,4714.06,4737.25,4705.28,4732.4,66978
1768910400,4732.42,4738.39,4714.96,4736.89,66417
1768924800,4736.89,4762.04,4722.15,4759.08,103618
1768939200,4759.09,4766.29,4747.04,4762.18,57148
1768953600,4764.77,4844.21,4757.79,4835.24,47985
1768968000,4835.29,4878.19,4817.06,4869.9,73607
1768982400,4869.9,4888.21,4832.4,4860.15,76973
1768996800,4860.16,4880.19,4854.9,4879.26,64675
1769011200,4879.22,4880.97,4802.71,4826.08,124463
1769025600,4826.08,4854.03,4755.75,4829.56,91187
1769040000,4833.59,4833.9,4772.17,4797.8,50581
1769054400,4797.73,4821.44,4774.96,4821.18,59164
1769068800,4821.18,4838.33,4813.57,4823.01,57708
1769083200,4823.02,4836.5,4810.58,4822.11,60814
1769097600,4822.08,4906.28,4820.06,4904.57,100546
1769112000,4904.54,4940.7,4900.86,4935.59,63478
1769126400,4937.86,4967.35,4930.43,4953.5,50753
1769140800,4953.48,4967.22,4938.31,4960.62,45506
1769155200,4960.61,4962.77,4898.65,4918.59,72173
1769169600,4918.59,4947.8,4911.95,4938.85,68769
1769184000,4938.82,4988.18,4932.58,4966.13,95738
1769198400,4966.12,4989.67,4957.99,4986.13,59997
1769385600,5009.54,5085.37,4988.81,5071.21,72404
1769400000,5071.24,5093.11,5052.2,5074.26,85346
1769414400,5074.27,5110.75,5065.47,5084.01,79302
1769428800,5084.04,5096.73,5054.36,5068.62,77394
1769443200,5068.62,5105.1,5058.35,5100.93,118343
1769457600,5100.95,5103.07,4988.95,5011.8,125680
1769472000,5011.84,5075.61,5011.2,5060.41,61113
1769486400,5060.35,5084.91,5049.59,5082.99,80499
1769500800,5082.99,5100.98,5073.35,5098.75,80068
1769515200,5098.59,5098.59,5066.7,5077.37,83607
1769529600,5077.38,5103.04,5046.4,5081.27,129728
1769544000,5081.28,5190.29,5076.12,5176.34,93723
1769558400,5178.9,5224.96,5157.07,5204.74,67978
1769572800,5204.73,5266.42,5201.68,5261.21,85618
1769587200,5261.23,5311.35,5252.08,5278.0,88884
1769601600,5277.99,5289.17,5237.94,5266.52,90803
1769616000,5266.51,5307.03,5234.87,5298.17,128519
1769630400,5298.16,5411.75,5267.77,5409.0,121141
1769644800,5419.23,5597.35,5419.19,5545.39,96524
1769659200,5545.43,5564.42,5504.55,5562.41,105947
1769673600,5562.4,5595.13,5473.53,5513.98,106576
1769688000,5513.98,5542.96,5470.39,5510.26,97651
1769702400,5510.42,5549.09,5099.07,5335.25,168019
1769716800,5335.03,5425.64,5282.54,5379.49,128533
1769731200,5385.62,5450.87,5290.04,5301.19,106095
1769745600,5301.23,5312.68,5111.26,5184.07,157023
1769760000,5184.13,5204.9,4939.4,5013.3,163458
1769774400,5013.33,5145.63,4991.48,5019.22,148858
1769788800,5019.3,5113.47,4801.01,4849.73,186396
1769803200,4849.72,4947.54,4685.0,4882.64,158311
